fold,row_index,ID,group,time_proxy,model,selected_candidate,actual,prediction
1,340,NH1376,340,1498536981.0,nested_selected,time_d2,2.9502337462116666,2.8595972061157227
1,341,NH1377,341,1498537987.0,nested_selected,time_d2,3.017101999999166,2.8464528719584146
1,308,NH1336,308,1498543128.0,nested_selected,time_d2,2.6871744873736114,2.5766599973042807
1,352,NH1388,352,1498544686.0,nested_selected,time_d2,2.7922012689387503,2.8867292404174805
1,353,NH1389,353,1498544840.5,nested_selected,time_d2,2.744722598485416,2.6116526126861572
1,406,NH1447,406,1498545499.0,nested_selected,time_d2,2.79463993939375,2.756339152654012
1,269,NH1291,269,1498555067.0,nested_selected,time_d2,2.8228221780299996,2.6763660113016763
1,268,NH1290,268,1498555272.5,nested_selected,time_d2,2.6928882613641667,2.614302476247152
1,385,NH1426,385,1498556905.5,nested_selected,time_d2,2.9159720511366674,2.589611212412516
1,267,NH1289,267,1498557415.5,nested_selected,time_d2,2.8609133787891667,2.732798417409261
1,266,NH1288,266,1498557641.0,nested_selected,time_d2,2.745617397727917,2.670971393585205
1,307,NH1335,307,1498564294.0,nested_selected,time_d2,3.0797070101005546,2.7971362272898355
1,393,NH1434,393,1498570353.0,nested_selected,time_d2,2.8610414507566673,2.606256087621053
1,369,NH1407,369,1498572947.5,nested_selected,time_d2,2.3724959797983334,2.5689417521158853
1,368,NH1406,368,1498573072.0,nested_selected,time_d2,2.6985776186861115,2.5687359968821206
1,370,NH1408,370,1498573120.5,nested_selected,time_d2,2.9403473358586107,2.8327473799387612
1,351,NH1387,351,1498575475.0,nested_selected,time_d2,2.6446771856066666,2.513066291809082
1,356,NH1392,356,1498575825.0,nested_selected,time_d2,2.6571546022733328,2.6735045115152993
1,354,NH1390,354,1498575916.0,nested_selected,time_d2,2.601928625,2.5163047313690186
1,355,NH1391,355,1498576163.0,nested_selected,time_d2,3.0596034772720824,2.901987393697103
1,357,NH1393,357,1498576169.5,nested_selected,time_d2,2.7594724431812505,2.5645221869150796
1,396,NH1437,396,1498580643.5,nested_selected,time_d2,2.4572546287883332,2.5732434590657554
1,397,NH1438,397,1498580706.0,nested_selected,time_d2,2.8197956249991667,2.655785242716471
1,394,NH1435,394,1498581117.5,nested_selected,time_d2,2.5875511931825,2.598186413447062
1,395,NH1436,395,1498581200.0,nested_selected,time_d2,2.9314942272737503,2.6930872599283853
1,374,NH1412,374,1498581338.0,nested_selected,time_d2,2.7662135151520832,2.6376174290974936
1,373,NH1411,373,1498581417.0,nested_selected,time_d2,2.836565439392917,2.7025444507598877
1,376,NH1414,376,1498582161.0,nested_selected,time_d2,2.5805085795449996,2.5986514886220298
1,377,NH1415,377,1498582635.0,nested_selected,time_d2,2.6120531174233337,2.579939365386963
1,378,NH1416,378,1498582950.5,nested_selected,time_d2,2.6666781780308337,2.5619287490844727
1,372,NH1410,372,1498583234.0,nested_selected,time_d2,2.5341386022729164,2.62729811668396
1,371,NH1409,371,1498583313.0,nested_selected,time_d2,2.9119232272733337,2.636355400085449
1,381,NH1422,381,1498583329.5,nested_selected,time_d2,2.732614287878125,2.754296620686849
1,382,NH1423,382,1498583392.0,nested_selected,time_d2,2.795841687499792,2.6457746028900146
1,383,NH1424,383,1498583487.5,nested_selected,time_d2,2.603203013257291,2.609472672144572
1,384,NH1425,384,1498584024.0,nested_selected,time_d2,3.090623825757918,2.8656529585520425
1,379,NH1420,379,1498585225.5,nested_selected,time_d2,2.88418860984875,2.699660142262777
1,380,NH1421,380,1498585288.0,nested_selected,time_d2,2.6350029640147916,2.648078997929891
1,309,NH1337,309,1498585683.0,nested_selected,time_d2,2.9226101060613896,2.838134527206421
1,310,NH1338,310,1498586473.0,nested_selected,time_d2,2.9221314431825003,2.8518989086151123
1,400,NH1441,400,1498587262.0,nested_selected,time_d2,2.6845978813138895,2.5657838185628257
1,399,NH1440,399,1498587350.5,nested_selected,time_d2,2.4855075101008333,2.5337613423665366
1,401,NH1442,401,1498587370.0,nested_selected,time_d2,2.690955692424499,2.7796013355255127
1,398,NH1439,398,1498589292.0,nested_selected,time_d2,2.6040388181808334,2.6253954569498696
1,402,NH1443,402,1498589308.0,nested_selected,time_d2,2.6812744053033337,2.6647090911865234
1,365,NH1403,365,1498596283.0,nested_selected,time_d2,2.6668114507575003,2.592925230662028
1,364,NH1402,364,1498596364.0,nested_selected,time_d2,2.7964503750012497,2.523547808329264
1,366,NH1404,366,1498597027.0,nested_selected,time_d2,2.76952707197,2.624543031056722
1,367,NH1405,367,1498597108.0,nested_selected,time_d2,2.5459914393941667,2.604600747426351
1,362,NH1400,362,1498598136.0,nested_selected,time_d2,2.8297341931820834,2.668179750442505
1,390,NH1431,390,1498603234.0,nested_selected,time_d2,2.8693135707070834,2.8279782931009927
1,391,NH1432,391,1498603301.0,nested_selected,time_d2,2.4809344823230552,2.485236883163452
1,392,NH1433,392,1498603537.0,nested_selected,time_d2,2.8484010959591677,2.7460366090138755
1,405,NH1446,405,1498608284.5,nested_selected,time_d2,2.772907863636667,2.854696194330851
1,408,NH1449,408,1498609102.0,nested_selected,time_d2,2.8542932992424994,2.677276929219564
1,407,NH1448,407,1498609164.5,nested_selected,time_d2,2.7518247045458337,2.76170015335083
1,403,NH1444,403,1498610132.0,nested_selected,time_d2,2.7301533333329164,2.5370963414510093
1,404,NH1445,404,1498610214.0,nested_selected,time_d2,2.918158560606666,2.7585134506225586
1,221,NH1237,221,1498612523.0,nested_selected,time_d2,2.6849211477270836,2.753847519556681
1,220,NH1236,220,1498614384.5,nested_selected,time_d2,2.8226209318179167,2.6533613204956055
1,298,NH1324,297,1498614937.0,nested_selected,time_d2,2.9338776060612504,2.8142818609873452
1,296,NH1323,295,1498614992.5,nested_selected,time_d2,2.5266099848475,2.5595716635386148
1,294,NH1322,293,1498615071.5,nested_selected,time_d2,2.8165363030316675,2.6199686527252197
1,517,NH1571,517,1498616800.0,nested_selected,time_d2,2.6675930037875,2.766047239303589
1,518,NH1572,518,1498617353.0,nested_selected,time_d2,2.8438639431825004,2.7915359338124595
1,520,NH1573,519,1498617768.0,nested_selected,time_d2,2.7471295151525,2.827568292617798
1,522,NH1574,521,1498621809.0,nested_selected,time_d2,2.7811293674241666,2.8439534505208335
1,280,NH1302,280,1498637058.5,nested_selected,time_d2,3.014583128788751,2.7874204317728677
1,450,NH1491,450,1498643325.0,nested_selected,time_d2,2.4046029571968743,2.555536429087321
1,452,NH1493,452,1498643373.5,nested_selected,time_d2,2.756723655304167,2.800243695576986
1,451,NH1492,451,1498643617.0,nested_selected,time_d2,2.7699136931808335,2.8267701466878257
1,453,NH1494,453,1498644078.0,nested_selected,time_d2,2.8766519621216666,2.7953527768452964
1,454,NH1495,454,1498644534.0,nested_selected,time_d2,2.5458145189391668,2.6310731569925943
1,455,NH1496,455,1498644867.0,nested_selected,time_d2,2.794155,2.9213340282440186
1,456,NH1497,456,1498645064.0,nested_selected,time_d2,2.7536738371212492,2.757486422856649
1,457,NH1498,457,1498645284.0,nested_selected,time_d2,2.580586496212916,2.6581672032674155
1,521,NH1574,521,1498647951.0,nested_selected,time_d2,2.7811293674241666,2.8198423385620117
1,519,NH1573,519,1498648050.0,nested_selected,time_d2,2.7471295151525,2.8158929347991943
1,523,NH1575,523,1498648396.0,nested_selected,time_d2,2.53008267424125,2.6121912002563477
1,516,NH1570,516,1498649017.0,nested_selected,time_d2,2.5346034412883336,2.6898033618927
1,359,NH1396,359,1498653566.0,nested_selected,time_d2,2.5963870378785012,2.801912466684977
1,360,NH1397,360,1498653680.0,nested_selected,time_d2,2.622993156565277,2.615980625152588
1,361,NH1398,361,1498653781.5,nested_selected,time_d2,2.8257200202024997,2.8837677637736
1,389,NH1430,389,1498660227.0,nested_selected,time_d2,2.598982184847709,2.680136283238729
1,335,NH1365,335,1498660890.5,nested_selected,time_d2,2.4130399090912498,2.5762741565704346
1,336,NH1366,336,1498661007.0,nested_selected,time_d2,2.8110285681816665,2.9226653575897217
1,337,NH1367,337,1498661220.0,nested_selected,time_d2,2.5282417234850003,2.601950168609619
1,338,NH1368,338,1498662841.0,nested_selected,time_d2,2.9217660000004164,2.9286768436431885
1,334,NH1364,334,1498663018.0,nested_selected,time_d2,2.7324893257579177,2.6428376038869223
1,333,NH1363,333,1498663097.0,nested_selected,time_d2,2.8111716136362497,2.753749370574951
1,387,NH1428,387,1498677536.5,nested_selected,time_d2,2.4962147626258337,2.6759122212727866
1,386,NH1427,386,1498677807.5,nested_selected,time_d2,2.572204270201666,2.731372276941935
1,388,NH1429,388,1498678052.0,nested_selected,time_d2,2.7701933131311107,2.837935447692871
1,240,NH1258,240,1498682283.0,nested_selected,time_d2,2.654602325757222,2.567753791809082
1,239,NH1257,239,1498682427.0,nested_selected,time_d2,2.831951083332778,2.7657438119252524
1,241,NH1259,241,1498682470.0,nested_selected,time_d2,3.1357789444447226,2.855389356613159
1,444,NH1485,444,1498730538.0,nested_selected,time_d2,2.8668407803025,2.6116584142049155
1,445,NH1486,445,1498731001.0,nested_selected,time_d2,2.9221965719687497,2.794663906097412
1,446,NH1487,446,1498731620.0,nested_selected,time_d2,2.7554371666662503,2.612999200820923
1,448,NH1489,448,1498731806.5,nested_selected,time_d2,2.961716594697083,2.6220794518788657
1,340,NH1376,340,1498536981.0,fixed_raw_d2,time_d2,2.9502337462116666,2.865234057108561
1,341,NH1377,341,1498537987.0,fixed_raw_d2,time_d2,3.017101999999166,2.877229372660319
1,308,NH1336,308,1498543128.0,fixed_raw_d2,time_d2,2.6871744873736114,2.585129658381144
1,352,NH1388,352,1498544686.0,fixed_raw_d2,time_d2,2.7922012689387503,2.924715042114258
1,353,NH1389,353,1498544840.5,fixed_raw_d2,time_d2,2.744722598485416,2.589470704396566
1,406,NH1447,406,1498545499.0,fixed_raw_d2,time_d2,2.79463993939375,2.7927170594533286
1,269,NH1291,269,1498555067.0,fixed_raw_d2,time_d2,2.8228221780299996,2.6751883029937744
1,268,NH1290,268,1498555272.5,fixed_raw_d2,time_d2,2.6928882613641667,2.594151496887207
1,385,NH1426,385,1498556905.5,fixed_raw_d2,time_d2,2.9159720511366674,2.6114004453023276
1,267,NH1289,267,1498557415.5,fixed_raw_d2,time_d2,2.8609133787891667,2.7284393310546875
1,266,NH1288,266,1498557641.0,fixed_raw_d2,time_d2,2.745617397727917,2.6843775113423667
1,307,NH1335,307,1498564294.0,fixed_raw_d2,time_d2,3.0797070101005546,2.7870167891184487
1,393,NH1434,393,1498570353.0,fixed_raw_d2,time_d2,2.8610414507566673,2.6023078759511313
1,369,NH1407,369,1498572947.5,fixed_raw_d2,time_d2,2.3724959797983334,2.539275805155436
1,368,NH1406,368,1498573072.0,fixed_raw_d2,time_d2,2.6985776186861115,2.548849185307821
1,370,NH1408,370,1498573120.5,fixed_raw_d2,time_d2,2.9403473358586107,2.8631378014882407
1,351,NH1387,351,1498575475.0,fixed_raw_d2,time_d2,2.6446771856066666,2.5121382077534995
1,356,NH1392,356,1498575825.0,fixed_raw_d2,time_d2,2.6571546022733328,2.6679023106892905
1,354,NH1390,354,1498575916.0,fixed_raw_d2,time_d2,2.601928625,2.548461437225342
1,355,NH1391,355,1498576163.0,fixed_raw_d2,time_d2,3.0596034772720824,2.935853878657023
1,357,NH1393,357,1498576169.5,fixed_raw_d2,time_d2,2.7594724431812505,2.5523085594177246
1,396,NH1437,396,1498580643.5,fixed_raw_d2,time_d2,2.4572546287883332,2.55604616800944
1,397,NH1438,397,1498580706.0,fixed_raw_d2,time_d2,2.8197956249991667,2.6346370379130044
1,394,NH1435,394,1498581117.5,fixed_raw_d2,time_d2,2.5875511931825,2.598568598429362
1,395,NH1436,395,1498581200.0,fixed_raw_d2,time_d2,2.9314942272737503,2.715200662612915
1,374,NH1412,374,1498581338.0,fixed_raw_d2,time_d2,2.7662135151520832,2.627063433329264
1,373,NH1411,373,1498581417.0,fixed_raw_d2,time_d2,2.836565439392917,2.7021783192952475
1,376,NH1414,376,1498582161.0,fixed_raw_d2,time_d2,2.5805085795449996,2.622597614924113
1,377,NH1415,377,1498582635.0,fixed_raw_d2,time_d2,2.6120531174233337,2.6134480635325112
1,378,NH1416,378,1498582950.5,fixed_raw_d2,time_d2,2.6666781780308337,2.592350959777832
1,372,NH1410,372,1498583234.0,fixed_raw_d2,time_d2,2.5341386022729164,2.6330032348632812
1,371,NH1409,371,1498583313.0,fixed_raw_d2,time_d2,2.9119232272733337,2.626597801844279
1,381,NH1422,381,1498583329.5,fixed_raw_d2,time_d2,2.732614287878125,2.7549938360850015
1,382,NH1423,382,1498583392.0,fixed_raw_d2,time_d2,2.795841687499792,2.670726458231608
1,383,NH1424,383,1498583487.5,fixed_raw_d2,time_d2,2.603203013257291,2.611384630203247
1,384,NH1425,384,1498584024.0,fixed_raw_d2,time_d2,3.090623825757918,2.9609031677246094
1,379,NH1420,379,1498585225.5,fixed_raw_d2,time_d2,2.88418860984875,2.6943604151407876
1,380,NH1421,380,1498585288.0,fixed_raw_d2,time_d2,2.6350029640147916,2.664691209793091
1,309,NH1337,309,1498585683.0,fixed_raw_d2,time_d2,2.9226101060613896,2.8227193355560303
1,310,NH1338,310,1498586473.0,fixed_raw_d2,time_d2,2.9221314431825003,2.786770979563395
1,400,NH1441,400,1498587262.0,fixed_raw_d2,time_d2,2.6845978813138895,2.592707713445028
1,399,NH1440,399,1498587350.5,fixed_raw_d2,time_d2,2.4855075101008333,2.5736582279205322
1,401,NH1442,401,1498587370.0,fixed_raw_d2,time_d2,2.690955692424499,2.823785384496053
1,398,NH1439,398,1498589292.0,fixed_raw_d2,time_d2,2.6040388181808334,2.637104352315267
1,402,NH1443,402,1498589308.0,fixed_raw_d2,time_d2,2.6812744053033337,2.705528974533081
1,365,NH1403,365,1498596283.0,fixed_raw_d2,time_d2,2.6668114507575003,2.6065118312835693
1,364,NH1402,364,1498596364.0,fixed_raw_d2,time_d2,2.7964503750012497,2.5198961098988852
1,366,NH1404,366,1498597027.0,fixed_raw_d2,time_d2,2.76952707197,2.657667795817057
1,367,NH1405,367,1498597108.0,fixed_raw_d2,time_d2,2.5459914393941667,2.5945103963216147
1,362,NH1400,362,1498598136.0,fixed_raw_d2,time_d2,2.8297341931820834,2.67201034228007
1,390,NH1431,390,1498603234.0,fixed_raw_d2,time_d2,2.8693135707070834,2.8155504862467446
1,391,NH1432,391,1498603301.0,fixed_raw_d2,time_d2,2.4809344823230552,2.4984896183013916
1,392,NH1433,392,1498603537.0,fixed_raw_d2,time_d2,2.8484010959591677,2.775911569595337
1,405,NH1446,405,1498608284.5,fixed_raw_d2,time_d2,2.772907863636667,2.897895654042562
1,408,NH1449,408,1498609102.0,fixed_raw_d2,time_d2,2.8542932992424994,2.675090789794922
1,407,NH1448,407,1498609164.5,fixed_raw_d2,time_d2,2.7518247045458337,2.7851692040761313
1,403,NH1444,403,1498610132.0,fixed_raw_d2,time_d2,2.7301533333329164,2.5587048530578613
1,404,NH1445,404,1498610214.0,fixed_raw_d2,time_d2,2.918158560606666,2.7642327149709067
1,221,NH1237,221,1498612523.0,fixed_raw_d2,time_d2,2.6849211477270836,2.728475014368693
1,220,NH1236,220,1498614384.5,fixed_raw_d2,time_d2,2.8226209318179167,2.6841302712758384
1,298,NH1324,297,1498614937.0,fixed_raw_d2,time_d2,2.9338776060612504,2.8140817483266196
1,296,NH1323,295,1498614992.5,fixed_raw_d2,time_d2,2.5266099848475,2.5663785139719644
1,294,NH1322,293,1498615071.5,fixed_raw_d2,time_d2,2.8165363030316675,2.6453046798706055
1,517,NH1571,517,1498616800.0,fixed_raw_d2,time_d2,2.6675930037875,2.7666521072387695
1,518,NH1572,518,1498617353.0,fixed_raw_d2,time_d2,2.8438639431825004,2.8315773010253906
1,520,NH1573,519,1498617768.0,fixed_raw_d2,time_d2,2.7471295151525,2.827950954437256
1,522,NH1574,521,1498621809.0,fixed_raw_d2,time_d2,2.7811293674241666,2.8719748655954995
1,280,NH1302,280,1498637058.5,fixed_raw_d2,time_d2,3.014583128788751,2.7255899906158447
1,450,NH1491,450,1498643325.0,fixed_raw_d2,time_d2,2.4046029571968743,2.5239035288492837
1,452,NH1493,452,1498643373.5,fixed_raw_d2,time_d2,2.756723655304167,2.7829264799753823
1,451,NH1492,451,1498643617.0,fixed_raw_d2,time_d2,2.7699136931808335,2.8208718299865723
1,453,NH1494,453,1498644078.0,fixed_raw_d2,time_d2,2.8766519621216666,2.771183490753174
1,454,NH1495,454,1498644534.0,fixed_raw_d2,time_d2,2.5458145189391668,2.6291797161102295
1,455,NH1496,455,1498644867.0,fixed_raw_d2,time_d2,2.794155,2.9064153035481772
1,456,NH1497,456,1498645064.0,fixed_raw_d2,time_d2,2.7536738371212492,2.7116966247558594
1,457,NH1498,457,1498645284.0,fixed_raw_d2,time_d2,2.580586496212916,2.6184388796488443
1,521,NH1574,521,1498647951.0,fixed_raw_d2,time_d2,2.7811293674241666,2.8719748655954995
1,519,NH1573,519,1498648050.0,fixed_raw_d2,time_d2,2.7471295151525,2.827950954437256
1,523,NH1575,523,1498648396.0,fixed_raw_d2,time_d2,2.53008267424125,2.636368989944458
1,516,NH1570,516,1498649017.0,fixed_raw_d2,time_d2,2.5346034412883336,2.7170180479685464
1,359,NH1396,359,1498653566.0,fixed_raw_d2,time_d2,2.5963870378785012,2.7767717838287354
1,360,NH1397,360,1498653680.0,fixed_raw_d2,time_d2,2.622993156565277,2.655351003011068
1,361,NH1398,361,1498653781.5,fixed_raw_d2,time_d2,2.8257200202024997,2.8353284200032554
1,389,NH1430,389,1498660227.0,fixed_raw_d2,time_d2,2.598982184847709,2.6547751426696777
1,335,NH1365,335,1498660890.5,fixed_raw_d2,time_d2,2.4130399090912498,2.551812251408895
1,336,NH1366,336,1498661007.0,fixed_raw_d2,time_d2,2.8110285681816665,2.9066229661305747
1,337,NH1367,337,1498661220.0,fixed_raw_d2,time_d2,2.5282417234850003,2.570283571879069
1,338,NH1368,338,1498662841.0,fixed_raw_d2,time_d2,2.9217660000004164,2.886101007461548
1,334,NH1364,334,1498663018.0,fixed_raw_d2,time_d2,2.7324893257579177,2.582535982131958
1,333,NH1363,333,1498663097.0,fixed_raw_d2,time_d2,2.8111716136362497,2.7230989138285318
1,387,NH1428,387,1498677536.5,fixed_raw_d2,time_d2,2.4962147626258337,2.697391986846924
1,386,NH1427,386,1498677807.5,fixed_raw_d2,time_d2,2.572204270201666,2.752967198689779
1,388,NH1429,388,1498678052.0,fixed_raw_d2,time_d2,2.7701933131311107,2.869023084640503
1,240,NH1258,240,1498682283.0,fixed_raw_d2,time_d2,2.654602325757222,2.5172369480133057
1,239,NH1257,239,1498682427.0,fixed_raw_d2,time_d2,2.831951083332778,2.7470640341440835
1,241,NH1259,241,1498682470.0,fixed_raw_d2,time_d2,3.1357789444447226,2.861102342605591
1,444,NH1485,444,1498730538.0,fixed_raw_d2,time_d2,2.8668407803025,2.639199177424113
1,445,NH1486,445,1498731001.0,fixed_raw_d2,time_d2,2.9221965719687497,2.788530111312866
1,446,NH1487,446,1498731620.0,fixed_raw_d2,time_d2,2.7554371666662503,2.6230556964874268
1,448,NH1489,448,1498731806.5,fixed_raw_d2,time_d2,2.961716594697083,2.654930591583252
1,340,NH1376,340,1498536981.0,fixed_full_d2,time_d2,2.9502337462116666,2.9305010636647544
1,341,NH1377,341,1498537987.0,fixed_full_d2,time_d2,3.017101999999166,2.8194580078125
1,308,NH1336,308,1498543128.0,fixed_full_d2,time_d2,2.6871744873736114,2.533962885538737
1,352,NH1388,352,1498544686.0,fixed_full_d2,time_d2,2.7922012689387503,2.909238815307617
1,353,NH1389,353,1498544840.5,fixed_full_d2,time_d2,2.744722598485416,2.6173547903696694
1,406,NH1447,406,1498545499.0,fixed_full_d2,time_d2,2.79463993939375,2.7138192653656006
1,269,NH1291,269,1498555067.0,fixed_full_d2,time_d2,2.8228221780299996,2.646407683690389
1,268,NH1290,268,1498555272.5,fixed_full_d2,time_d2,2.6928882613641667,2.6122050285339355
1,385,NH1426,385,1498556905.5,fixed_full_d2,time_d2,2.9159720511366674,2.637061357498169
1,267,NH1289,267,1498557415.5,fixed_full_d2,time_d2,2.8609133787891667,2.6729048093159995
1,266,NH1288,266,1498557641.0,fixed_full_d2,time_d2,2.745617397727917,2.6643246014912925
1,307,NH1335,307,1498564294.0,fixed_full_d2,time_d2,3.0797070101005546,2.726739009221395
1,393,NH1434,393,1498570353.0,fixed_full_d2,time_d2,2.8610414507566673,2.5669135252634683
1,369,NH1407,369,1498572947.5,fixed_full_d2,time_d2,2.3724959797983334,2.5216418902079263
1,368,NH1406,368,1498573072.0,fixed_full_d2,time_d2,2.6985776186861115,2.587996482849121
1,370,NH1408,370,1498573120.5,fixed_full_d2,time_d2,2.9403473358586107,2.8447192509969077
1,351,NH1387,351,1498575475.0,fixed_full_d2,time_d2,2.6446771856066666,2.5096275806427
1,356,NH1392,356,1498575825.0,fixed_full_d2,time_d2,2.6571546022733328,2.6466683546702066
1,354,NH1390,354,1498575916.0,fixed_full_d2,time_d2,2.601928625,2.5271899700164795
1,355,NH1391,355,1498576163.0,fixed_full_d2,time_d2,3.0596034772720824,2.894347826639811
1,357,NH1393,357,1498576169.5,fixed_full_d2,time_d2,2.7594724431812505,2.552273432413737
1,396,NH1437,396,1498580643.5,fixed_full_d2,time_d2,2.4572546287883332,2.585334618886312
1,397,NH1438,397,1498580706.0,fixed_full_d2,time_d2,2.8197956249991667,2.653130054473877
1,394,NH1435,394,1498581117.5,fixed_full_d2,time_d2,2.5875511931825,2.579496145248413
1,395,NH1436,395,1498581200.0,fixed_full_d2,time_d2,2.9314942272737503,2.7015557289123535
1,374,NH1412,374,1498581338.0,fixed_full_d2,time_d2,2.7662135151520832,2.6644785404205322
1,373,NH1411,373,1498581417.0,fixed_full_d2,time_d2,2.836565439392917,2.7227141857147217
1,376,NH1414,376,1498582161.0,fixed_full_d2,time_d2,2.5805085795449996,2.6517550150553384
1,377,NH1415,377,1498582635.0,fixed_full_d2,time_d2,2.6120531174233337,2.5950234731038413
1,378,NH1416,378,1498582950.5,fixed_full_d2,time_d2,2.6666781780308337,2.5944020748138428
1,372,NH1410,372,1498583234.0,fixed_full_d2,time_d2,2.5341386022729164,2.6810824076334634
1,371,NH1409,371,1498583313.0,fixed_full_d2,time_d2,2.9119232272733337,2.683226982752482
1,381,NH1422,381,1498583329.5,fixed_full_d2,time_d2,2.732614287878125,2.8006906509399414
1,382,NH1423,382,1498583392.0,fixed_full_d2,time_d2,2.795841687499792,2.707477251688639
1,383,NH1424,383,1498583487.5,fixed_full_d2,time_d2,2.603203013257291,2.643752654393514
1,384,NH1425,384,1498584024.0,fixed_full_d2,time_d2,3.090623825757918,2.9205161730448403
1,379,NH1420,379,1498585225.5,fixed_full_d2,time_d2,2.88418860984875,2.723458449045817
1,380,NH1421,380,1498585288.0,fixed_full_d2,time_d2,2.6350029640147916,2.7156358559926352
1,309,NH1337,309,1498585683.0,fixed_full_d2,time_d2,2.9226101060613896,2.890902519226074
1,310,NH1338,310,1498586473.0,fixed_full_d2,time_d2,2.9221314431825003,2.7898405392964682
1,400,NH1441,400,1498587262.0,fixed_full_d2,time_d2,2.6845978813138895,2.6141796112060547
1,399,NH1440,399,1498587350.5,fixed_full_d2,time_d2,2.4855075101008333,2.6112115383148193
1,401,NH1442,401,1498587370.0,fixed_full_d2,time_d2,2.690955692424499,2.880667050679525
1,398,NH1439,398,1498589292.0,fixed_full_d2,time_d2,2.6040388181808334,2.6725881894429526
1,402,NH1443,402,1498589308.0,fixed_full_d2,time_d2,2.6812744053033337,2.687961975733439
1,365,NH1403,365,1498596283.0,fixed_full_d2,time_d2,2.6668114507575003,2.5855268637339273
1,364,NH1402,364,1498596364.0,fixed_full_d2,time_d2,2.7964503750012497,2.4930219650268555
1,366,NH1404,366,1498597027.0,fixed_full_d2,time_d2,2.76952707197,2.5982418060302734
1,367,NH1405,367,1498597108.0,fixed_full_d2,time_d2,2.5459914393941667,2.5732692877451577
1,362,NH1400,362,1498598136.0,fixed_full_d2,time_d2,2.8297341931820834,2.620260794957479
1,390,NH1431,390,1498603234.0,fixed_full_d2,time_d2,2.8693135707070834,2.825265407562256
1,391,NH1432,391,1498603301.0,fixed_full_d2,time_d2,2.4809344823230552,2.517686605453491
1,392,NH1433,392,1498603537.0,fixed_full_d2,time_d2,2.8484010959591677,2.7672990957895913
1,405,NH1446,405,1498608284.5,fixed_full_d2,time_d2,2.772907863636667,2.871671517690023
1,408,NH1449,408,1498609102.0,fixed_full_d2,time_d2,2.8542932992424994,2.6499791940053306
1,407,NH1448,407,1498609164.5,fixed_full_d2,time_d2,2.7518247045458337,2.7364798386891684
1,403,NH1444,403,1498610132.0,fixed_full_d2,time_d2,2.7301533333329164,2.4991068045298257
1,404,NH1445,404,1498610214.0,fixed_full_d2,time_d2,2.918158560606666,2.739335775375366
1,221,NH1237,221,1498612523.0,fixed_full_d2,time_d2,2.6849211477270836,2.748858372370402
1,220,NH1236,220,1498614384.5,fixed_full_d2,time_d2,2.8226209318179167,2.6577375729878745
1,298,NH1324,297,1498614937.0,fixed_full_d2,time_d2,2.9338776060612504,2.792966286341349
1,296,NH1323,295,1498614992.5,fixed_full_d2,time_d2,2.5266099848475,2.586946646372477
1,294,NH1322,293,1498615071.5,fixed_full_d2,time_d2,2.8165363030316675,2.595648924509684
1,517,NH1571,517,1498616800.0,fixed_full_d2,time_d2,2.6675930037875,2.73431388537089
1,518,NH1572,518,1498617353.0,fixed_full_d2,time_d2,2.8438639431825004,2.804840644200643
1,520,NH1573,519,1498617768.0,fixed_full_d2,time_d2,2.7471295151525,2.837028900782267
1,522,NH1574,521,1498621809.0,fixed_full_d2,time_d2,2.7811293674241666,2.7412022749582925
1,280,NH1302,280,1498637058.5,fixed_full_d2,time_d2,3.014583128788751,2.726701100667318
1,450,NH1491,450,1498643325.0,fixed_full_d2,time_d2,2.4046029571968743,2.60478409131368
1,452,NH1493,452,1498643373.5,fixed_full_d2,time_d2,2.756723655304167,2.763250748316447
1,451,NH1492,451,1498643617.0,fixed_full_d2,time_d2,2.7699136931808335,2.8524890740712485
1,453,NH1494,453,1498644078.0,fixed_full_d2,time_d2,2.8766519621216666,2.779489278793335
1,454,NH1495,454,1498644534.0,fixed_full_d2,time_d2,2.5458145189391668,2.6684697469075522
1,455,NH1496,455,1498644867.0,fixed_full_d2,time_d2,2.794155,2.979891379674276
1,456,NH1497,456,1498645064.0,fixed_full_d2,time_d2,2.7536738371212492,2.7748626867930093
1,457,NH1498,457,1498645284.0,fixed_full_d2,time_d2,2.580586496212916,2.6889293988545737
1,521,NH1574,521,1498647951.0,fixed_full_d2,time_d2,2.7811293674241666,2.732074578603109
1,519,NH1573,519,1498648050.0,fixed_full_d2,time_d2,2.7471295151525,2.8317067623138428
1,523,NH1575,523,1498648396.0,fixed_full_d2,time_d2,2.53008267424125,2.589749495188395
1,516,NH1570,516,1498649017.0,fixed_full_d2,time_d2,2.5346034412883336,2.646188418070475
1,359,NH1396,359,1498653566.0,fixed_full_d2,time_d2,2.5963870378785012,2.764537493387858
1,360,NH1397,360,1498653680.0,fixed_full_d2,time_d2,2.622993156565277,2.6228888034820557
1,361,NH1398,361,1498653781.5,fixed_full_d2,time_d2,2.8257200202024997,2.8745145003000894
1,389,NH1430,389,1498660227.0,fixed_full_d2,time_d2,2.598982184847709,2.634823799133301
1,335,NH1365,335,1498660890.5,fixed_full_d2,time_d2,2.4130399090912498,2.548283656438192
1,336,NH1366,336,1498661007.0,fixed_full_d2,time_d2,2.8110285681816665,2.8515806198120117
1,337,NH1367,337,1498661220.0,fixed_full_d2,time_d2,2.5282417234850003,2.58132537206014
1,338,NH1368,338,1498662841.0,fixed_full_d2,time_d2,2.9217660000004164,2.9203783671061196
1,334,NH1364,334,1498663018.0,fixed_full_d2,time_d2,2.7324893257579177,2.6160961786905923
1,333,NH1363,333,1498663097.0,fixed_full_d2,time_d2,2.8111716136362497,2.690272490183512
1,387,NH1428,387,1498677536.5,fixed_full_d2,time_d2,2.4962147626258337,2.6674291292826333
1,386,NH1427,386,1498677807.5,fixed_full_d2,time_d2,2.572204270201666,2.6727426846822104
1,388,NH1429,388,1498678052.0,fixed_full_d2,time_d2,2.7701933131311107,2.8447981675465903
1,240,NH1258,240,1498682283.0,fixed_full_d2,time_d2,2.654602325757222,2.6113643646240234
1,239,NH1257,239,1498682427.0,fixed_full_d2,time_d2,2.831951083332778,2.7686652342478433
1,241,NH1259,241,1498682470.0,fixed_full_d2,time_d2,3.1357789444447226,2.8229563236236572
1,444,NH1485,444,1498730538.0,fixed_full_d2,time_d2,2.8668407803025,2.6358073552449546
1,445,NH1486,445,1498731001.0,fixed_full_d2,time_d2,2.9221965719687497,2.773702621459961
1,446,NH1487,446,1498731620.0,fixed_full_d2,time_d2,2.7554371666662503,2.60178271929423
1,448,NH1489,448,1498731806.5,fixed_full_d2,time_d2,2.961716594697083,2.607102553049723
1,340,NH1376,340,1498536981.0,mean_baseline,time_d2,2.9502337462116666,2.782196858891911
1,341,NH1377,341,1498537987.0,mean_baseline,time_d2,3.017101999999166,2.782196858891911
1,308,NH1336,308,1498543128.0,mean_baseline,time_d2,2.6871744873736114,2.782196858891911
1,352,NH1388,352,1498544686.0,mean_baseline,time_d2,2.7922012689387503,2.782196858891911
1,353,NH1389,353,1498544840.5,mean_baseline,time_d2,2.744722598485416,2.782196858891911
1,406,NH1447,406,1498545499.0,mean_baseline,time_d2,2.79463993939375,2.782196858891911
1,269,NH1291,269,1498555067.0,mean_baseline,time_d2,2.8228221780299996,2.782196858891911
1,268,NH1290,268,1498555272.5,mean_baseline,time_d2,2.6928882613641667,2.782196858891911
1,385,NH1426,385,1498556905.5,mean_baseline,time_d2,2.9159720511366674,2.782196858891911
1,267,NH1289,267,1498557415.5,mean_baseline,time_d2,2.8609133787891667,2.782196858891911
1,266,NH1288,266,1498557641.0,mean_baseline,time_d2,2.745617397727917,2.782196858891911
1,307,NH1335,307,1498564294.0,mean_baseline,time_d2,3.0797070101005546,2.782196858891911
1,393,NH1434,393,1498570353.0,mean_baseline,time_d2,2.8610414507566673,2.782196858891911
1,369,NH1407,369,1498572947.5,mean_baseline,time_d2,2.3724959797983334,2.782196858891911
1,368,NH1406,368,1498573072.0,mean_baseline,time_d2,2.6985776186861115,2.782196858891911
1,370,NH1408,370,1498573120.5,mean_baseline,time_d2,2.9403473358586107,2.782196858891911
1,351,NH1387,351,1498575475.0,mean_baseline,time_d2,2.6446771856066666,2.782196858891911
1,356,NH1392,356,1498575825.0,mean_baseline,time_d2,2.6571546022733328,2.782196858891911
1,354,NH1390,354,1498575916.0,mean_baseline,time_d2,2.601928625,2.782196858891911
1,355,NH1391,355,1498576163.0,mean_baseline,time_d2,3.0596034772720824,2.782196858891911
1,357,NH1393,357,1498576169.5,mean_baseline,time_d2,2.7594724431812505,2.782196858891911
1,396,NH1437,396,1498580643.5,mean_baseline,time_d2,2.4572546287883332,2.782196858891911
1,397,NH1438,397,1498580706.0,mean_baseline,time_d2,2.8197956249991667,2.782196858891911
1,394,NH1435,394,1498581117.5,mean_baseline,time_d2,2.5875511931825,2.782196858891911
1,395,NH1436,395,1498581200.0,mean_baseline,time_d2,2.9314942272737503,2.782196858891911
1,374,NH1412,374,1498581338.0,mean_baseline,time_d2,2.7662135151520832,2.782196858891911
1,373,NH1411,373,1498581417.0,mean_baseline,time_d2,2.836565439392917,2.782196858891911
1,376,NH1414,376,1498582161.0,mean_baseline,time_d2,2.5805085795449996,2.782196858891911
1,377,NH1415,377,1498582635.0,mean_baseline,time_d2,2.6120531174233337,2.782196858891911
1,378,NH1416,378,1498582950.5,mean_baseline,time_d2,2.6666781780308337,2.782196858891911
1,372,NH1410,372,1498583234.0,mean_baseline,time_d2,2.5341386022729164,2.782196858891911
1,371,NH1409,371,1498583313.0,mean_baseline,time_d2,2.9119232272733337,2.782196858891911
1,381,NH1422,381,1498583329.5,mean_baseline,time_d2,2.732614287878125,2.782196858891911
1,382,NH1423,382,1498583392.0,mean_baseline,time_d2,2.795841687499792,2.782196858891911
1,383,NH1424,383,1498583487.5,mean_baseline,time_d2,2.603203013257291,2.782196858891911
1,384,NH1425,384,1498584024.0,mean_baseline,time_d2,3.090623825757918,2.782196858891911
1,379,NH1420,379,1498585225.5,mean_baseline,time_d2,2.88418860984875,2.782196858891911
1,380,NH1421,380,1498585288.0,mean_baseline,time_d2,2.6350029640147916,2.782196858891911
1,309,NH1337,309,1498585683.0,mean_baseline,time_d2,2.9226101060613896,2.782196858891911
1,310,NH1338,310,1498586473.0,mean_baseline,time_d2,2.9221314431825003,2.782196858891911
1,400,NH1441,400,1498587262.0,mean_baseline,time_d2,2.6845978813138895,2.782196858891911
1,399,NH1440,399,1498587350.5,mean_baseline,time_d2,2.4855075101008333,2.782196858891911
1,401,NH1442,401,1498587370.0,mean_baseline,time_d2,2.690955692424499,2.782196858891911
1,398,NH1439,398,1498589292.0,mean_baseline,time_d2,2.6040388181808334,2.782196858891911
1,402,NH1443,402,1498589308.0,mean_baseline,time_d2,2.6812744053033337,2.782196858891911
1,365,NH1403,365,1498596283.0,mean_baseline,time_d2,2.6668114507575003,2.782196858891911
1,364,NH1402,364,1498596364.0,mean_baseline,time_d2,2.7964503750012497,2.782196858891911
1,366,NH1404,366,1498597027.0,mean_baseline,time_d2,2.76952707197,2.782196858891911
1,367,NH1405,367,1498597108.0,mean_baseline,time_d2,2.5459914393941667,2.782196858891911
1,362,NH1400,362,1498598136.0,mean_baseline,time_d2,2.8297341931820834,2.782196858891911
1,390,NH1431,390,1498603234.0,mean_baseline,time_d2,2.8693135707070834,2.782196858891911
1,391,NH1432,391,1498603301.0,mean_baseline,time_d2,2.4809344823230552,2.782196858891911
1,392,NH1433,392,1498603537.0,mean_baseline,time_d2,2.8484010959591677,2.782196858891911
1,405,NH1446,405,1498608284.5,mean_baseline,time_d2,2.772907863636667,2.782196858891911
1,408,NH1449,408,1498609102.0,mean_baseline,time_d2,2.8542932992424994,2.782196858891911
1,407,NH1448,407,1498609164.5,mean_baseline,time_d2,2.7518247045458337,2.782196858891911
1,403,NH1444,403,1498610132.0,mean_baseline,time_d2,2.7301533333329164,2.782196858891911
1,404,NH1445,404,1498610214.0,mean_baseline,time_d2,2.918158560606666,2.782196858891911
1,221,NH1237,221,1498612523.0,mean_baseline,time_d2,2.6849211477270836,2.782196858891911
1,220,NH1236,220,1498614384.5,mean_baseline,time_d2,2.8226209318179167,2.782196858891911
1,298,NH1324,297,1498614937.0,mean_baseline,time_d2,2.9338776060612504,2.782196858891911
1,296,NH1323,295,1498614992.5,mean_baseline,time_d2,2.5266099848475,2.782196858891911
1,294,NH1322,293,1498615071.5,mean_baseline,time_d2,2.8165363030316675,2.782196858891911
1,517,NH1571,517,1498616800.0,mean_baseline,time_d2,2.6675930037875,2.782196858891911
1,518,NH1572,518,1498617353.0,mean_baseline,time_d2,2.8438639431825004,2.782196858891911
1,520,NH1573,519,1498617768.0,mean_baseline,time_d2,2.7471295151525,2.782196858891911
1,522,NH1574,521,1498621809.0,mean_baseline,time_d2,2.7811293674241666,2.782196858891911
1,280,NH1302,280,1498637058.5,mean_baseline,time_d2,3.014583128788751,2.782196858891911
1,450,NH1491,450,1498643325.0,mean_baseline,time_d2,2.4046029571968743,2.782196858891911
1,452,NH1493,452,1498643373.5,mean_baseline,time_d2,2.756723655304167,2.782196858891911
1,451,NH1492,451,1498643617.0,mean_baseline,time_d2,2.7699136931808335,2.782196858891911
1,453,NH1494,453,1498644078.0,mean_baseline,time_d2,2.8766519621216666,2.782196858891911
1,454,NH1495,454,1498644534.0,mean_baseline,time_d2,2.5458145189391668,2.782196858891911
1,455,NH1496,455,1498644867.0,mean_baseline,time_d2,2.794155,2.782196858891911
1,456,NH1497,456,1498645064.0,mean_baseline,time_d2,2.7536738371212492,2.782196858891911
1,457,NH1498,457,1498645284.0,mean_baseline,time_d2,2.580586496212916,2.782196858891911
1,521,NH1574,521,1498647951.0,mean_baseline,time_d2,2.7811293674241666,2.782196858891911
1,519,NH1573,519,1498648050.0,mean_baseline,time_d2,2.7471295151525,2.782196858891911
1,523,NH1575,523,1498648396.0,mean_baseline,time_d2,2.53008267424125,2.782196858891911
1,516,NH1570,516,1498649017.0,mean_baseline,time_d2,2.5346034412883336,2.782196858891911
1,359,NH1396,359,1498653566.0,mean_baseline,time_d2,2.5963870378785012,2.782196858891911
1,360,NH1397,360,1498653680.0,mean_baseline,time_d2,2.622993156565277,2.782196858891911
1,361,NH1398,361,1498653781.5,mean_baseline,time_d2,2.8257200202024997,2.782196858891911
1,389,NH1430,389,1498660227.0,mean_baseline,time_d2,2.598982184847709,2.782196858891911
1,335,NH1365,335,1498660890.5,mean_baseline,time_d2,2.4130399090912498,2.782196858891911
1,336,NH1366,336,1498661007.0,mean_baseline,time_d2,2.8110285681816665,2.782196858891911
1,337,NH1367,337,1498661220.0,mean_baseline,time_d2,2.5282417234850003,2.782196858891911
1,338,NH1368,338,1498662841.0,mean_baseline,time_d2,2.9217660000004164,2.782196858891911
1,334,NH1364,334,1498663018.0,mean_baseline,time_d2,2.7324893257579177,2.782196858891911
1,333,NH1363,333,1498663097.0,mean_baseline,time_d2,2.8111716136362497,2.782196858891911
1,387,NH1428,387,1498677536.5,mean_baseline,time_d2,2.4962147626258337,2.782196858891911
1,386,NH1427,386,1498677807.5,mean_baseline,time_d2,2.572204270201666,2.782196858891911
1,388,NH1429,388,1498678052.0,mean_baseline,time_d2,2.7701933131311107,2.782196858891911
1,240,NH1258,240,1498682283.0,mean_baseline,time_d2,2.654602325757222,2.782196858891911
1,239,NH1257,239,1498682427.0,mean_baseline,time_d2,2.831951083332778,2.782196858891911
1,241,NH1259,241,1498682470.0,mean_baseline,time_d2,3.1357789444447226,2.782196858891911
1,444,NH1485,444,1498730538.0,mean_baseline,time_d2,2.8668407803025,2.782196858891911
1,445,NH1486,445,1498731001.0,mean_baseline,time_d2,2.9221965719687497,2.782196858891911
1,446,NH1487,446,1498731620.0,mean_baseline,time_d2,2.7554371666662503,2.782196858891911
1,448,NH1489,448,1498731806.5,mean_baseline,time_d2,2.961716594697083,2.782196858891911
1,340,NH1376,340,1498536981.0,fixed_raw_d3,time_d2,2.9502337462116666,2.878240982691447
1,341,NH1377,341,1498537987.0,fixed_raw_d3,time_d2,3.017101999999166,2.895047585169474
1,308,NH1336,308,1498543128.0,fixed_raw_d3,time_d2,2.6871744873736114,2.5775359471639
1,352,NH1388,352,1498544686.0,fixed_raw_d3,time_d2,2.7922012689387503,2.9649669329325357
1,353,NH1389,353,1498544840.5,fixed_raw_d3,time_d2,2.744722598485416,2.589998801549276
1,406,NH1447,406,1498545499.0,fixed_raw_d3,time_d2,2.79463993939375,2.7969934145609536
1,269,NH1291,269,1498555067.0,fixed_raw_d3,time_d2,2.8228221780299996,2.6781551043192544
1,268,NH1290,268,1498555272.5,fixed_raw_d3,time_d2,2.6928882613641667,2.570548931757609
1,385,NH1426,385,1498556905.5,fixed_raw_d3,time_d2,2.9159720511366674,2.629667123158773
1,267,NH1289,267,1498557415.5,fixed_raw_d3,time_d2,2.8609133787891667,2.7129578590393066
1,266,NH1288,266,1498557641.0,fixed_raw_d3,time_d2,2.745617397727917,2.678776741027832
1,307,NH1335,307,1498564294.0,fixed_raw_d3,time_d2,3.0797070101005546,2.7836517492930093
1,393,NH1434,393,1498570353.0,fixed_raw_d3,time_d2,2.8610414507566673,2.6163980960845947
1,369,NH1407,369,1498572947.5,fixed_raw_d3,time_d2,2.3724959797983334,2.5583454767862954
1,368,NH1406,368,1498573072.0,fixed_raw_d3,time_d2,2.6985776186861115,2.524110714594523
1,370,NH1408,370,1498573120.5,fixed_raw_d3,time_d2,2.9403473358586107,2.87927254041036
1,351,NH1387,351,1498575475.0,fixed_raw_d3,time_d2,2.6446771856066666,2.538085619608561
1,356,NH1392,356,1498575825.0,fixed_raw_d3,time_d2,2.6571546022733328,2.6729857126871743
1,354,NH1390,354,1498575916.0,fixed_raw_d3,time_d2,2.601928625,2.5682485898335776
1,355,NH1391,355,1498576163.0,fixed_raw_d3,time_d2,3.0596034772720824,2.9449238777160645
1,357,NH1393,357,1498576169.5,fixed_raw_d3,time_d2,2.7594724431812505,2.5527740319569907
1,396,NH1437,396,1498580643.5,fixed_raw_d3,time_d2,2.4572546287883332,2.5552829106648765
1,397,NH1438,397,1498580706.0,fixed_raw_d3,time_d2,2.8197956249991667,2.63854185740153
1,394,NH1435,394,1498581117.5,fixed_raw_d3,time_d2,2.5875511931825,2.594541629155477
1,395,NH1436,395,1498581200.0,fixed_raw_d3,time_d2,2.9314942272737503,2.7323140303293862
1,374,NH1412,374,1498581338.0,fixed_raw_d3,time_d2,2.7662135151520832,2.604685147603353
1,373,NH1411,373,1498581417.0,fixed_raw_d3,time_d2,2.836565439392917,2.760087569554647
1,376,NH1414,376,1498582161.0,fixed_raw_d3,time_d2,2.5805085795449996,2.647897958755493
1,377,NH1415,377,1498582635.0,fixed_raw_d3,time_d2,2.6120531174233337,2.6212502320607505
1,378,NH1416,378,1498582950.5,fixed_raw_d3,time_d2,2.6666781780308337,2.6105078856150308
1,372,NH1410,372,1498583234.0,fixed_raw_d3,time_d2,2.5341386022729164,2.662446896235148
1,371,NH1409,371,1498583313.0,fixed_raw_d3,time_d2,2.9119232272733337,2.620355208714803
1,381,NH1422,381,1498583329.5,fixed_raw_d3,time_d2,2.732614287878125,2.7753204504648843
1,382,NH1423,382,1498583392.0,fixed_raw_d3,time_d2,2.795841687499792,2.682071844736735
1,383,NH1424,383,1498583487.5,fixed_raw_d3,time_d2,2.603203013257291,2.6107383569081626
1,384,NH1425,384,1498584024.0,fixed_raw_d3,time_d2,3.090623825757918,2.987400452295939
1,379,NH1420,379,1498585225.5,fixed_raw_d3,time_d2,2.88418860984875,2.715632518132528
1,380,NH1421,380,1498585288.0,fixed_raw_d3,time_d2,2.6350029640147916,2.676769733428955
1,309,NH1337,309,1498585683.0,fixed_raw_d3,time_d2,2.9226101060613896,2.8367177645365396
1,310,NH1338,310,1498586473.0,fixed_raw_d3,time_d2,2.9221314431825003,2.8061930338541665
1,400,NH1441,400,1498587262.0,fixed_raw_d3,time_d2,2.6845978813138895,2.6256655057271323
1,399,NH1440,399,1498587350.5,fixed_raw_d3,time_d2,2.4855075101008333,2.6045382817586265
1,401,NH1442,401,1498587370.0,fixed_raw_d3,time_d2,2.690955692424499,2.86371382077535
1,398,NH1439,398,1498589292.0,fixed_raw_d3,time_d2,2.6040388181808334,2.6521055698394775
1,402,NH1443,402,1498589308.0,fixed_raw_d3,time_d2,2.6812744053033337,2.7089180946350098
1,365,NH1403,365,1498596283.0,fixed_raw_d3,time_d2,2.6668114507575003,2.6072985331217446
1,364,NH1402,364,1498596364.0,fixed_raw_d3,time_d2,2.7964503750012497,2.5534118016560874
1,366,NH1404,366,1498597027.0,fixed_raw_d3,time_d2,2.76952707197,2.6666718324025473
1,367,NH1405,367,1498597108.0,fixed_raw_d3,time_d2,2.5459914393941667,2.6002184549967446
1,362,NH1400,362,1498598136.0,fixed_raw_d3,time_d2,2.8297341931820834,2.671682675679525
1,390,NH1431,390,1498603234.0,fixed_raw_d3,time_d2,2.8693135707070834,2.8048110802968345
1,391,NH1432,391,1498603301.0,fixed_raw_d3,time_d2,2.4809344823230552,2.4871394634246826
1,392,NH1433,392,1498603537.0,fixed_raw_d3,time_d2,2.8484010959591677,2.777880589167277
1,405,NH1446,405,1498608284.5,fixed_raw_d3,time_d2,2.772907863636667,2.90059757232666
1,408,NH1449,408,1498609102.0,fixed_raw_d3,time_d2,2.8542932992424994,2.6718006134033203
1,407,NH1448,407,1498609164.5,fixed_raw_d3,time_d2,2.7518247045458337,2.778614044189453
1,403,NH1444,403,1498610132.0,fixed_raw_d3,time_d2,2.7301533333329164,2.582709550857544
1,404,NH1445,404,1498610214.0,fixed_raw_d3,time_d2,2.918158560606666,2.7852467695871987
1,221,NH1237,221,1498612523.0,fixed_raw_d3,time_d2,2.6849211477270836,2.7050956090291343
1,220,NH1236,220,1498614384.5,fixed_raw_d3,time_d2,2.8226209318179167,2.6759115060170493
1,298,NH1324,297,1498614937.0,fixed_raw_d3,time_d2,2.9338776060612504,2.857076644897461
1,296,NH1323,295,1498614992.5,fixed_raw_d3,time_d2,2.5266099848475,2.5771365960439048
1,294,NH1322,293,1498615071.5,fixed_raw_d3,time_d2,2.8165363030316675,2.661794821421305
1,517,NH1571,517,1498616800.0,fixed_raw_d3,time_d2,2.6675930037875,2.7737871011098227
1,518,NH1572,518,1498617353.0,fixed_raw_d3,time_d2,2.8438639431825004,2.795186996459961
1,520,NH1573,519,1498617768.0,fixed_raw_d3,time_d2,2.7471295151525,2.804217974344889
1,522,NH1574,521,1498621809.0,fixed_raw_d3,time_d2,2.7811293674241666,2.873250166575114
1,280,NH1302,280,1498637058.5,fixed_raw_d3,time_d2,3.014583128788751,2.737966299057007
1,450,NH1491,450,1498643325.0,fixed_raw_d3,time_d2,2.4046029571968743,2.5164146423339844
1,452,NH1493,452,1498643373.5,fixed_raw_d3,time_d2,2.756723655304167,2.7443461418151855
1,451,NH1492,451,1498643617.0,fixed_raw_d3,time_d2,2.7699136931808335,2.7954813639322915
1,453,NH1494,453,1498644078.0,fixed_raw_d3,time_d2,2.8766519621216666,2.7398430506388345
1,454,NH1495,454,1498644534.0,fixed_raw_d3,time_d2,2.5458145189391668,2.6261253356933594
1,455,NH1496,455,1498644867.0,fixed_raw_d3,time_d2,2.794155,2.9034035205841064
1,456,NH1497,456,1498645064.0,fixed_raw_d3,time_d2,2.7536738371212492,2.701662540435791
1,457,NH1498,457,1498645284.0,fixed_raw_d3,time_d2,2.580586496212916,2.595714489618937
1,521,NH1574,521,1498647951.0,fixed_raw_d3,time_d2,2.7811293674241666,2.873340686162313
1,519,NH1573,519,1498648050.0,fixed_raw_d3,time_d2,2.7471295151525,2.8042498429616294
1,523,NH1575,523,1498648396.0,fixed_raw_d3,time_d2,2.53008267424125,2.627992312113444
1,516,NH1570,516,1498649017.0,fixed_raw_d3,time_d2,2.5346034412883336,2.6996041933695474
1,359,NH1396,359,1498653566.0,fixed_raw_d3,time_d2,2.5963870378785012,2.7525277137756348
1,360,NH1397,360,1498653680.0,fixed_raw_d3,time_d2,2.622993156565277,2.6152005195617676
1,361,NH1398,361,1498653781.5,fixed_raw_d3,time_d2,2.8257200202024997,2.8065977096557617
1,389,NH1430,389,1498660227.0,fixed_raw_d3,time_d2,2.598982184847709,2.6468902428944907
1,335,NH1365,335,1498660890.5,fixed_raw_d3,time_d2,2.4130399090912498,2.5624237060546875
1,336,NH1366,336,1498661007.0,fixed_raw_d3,time_d2,2.8110285681816665,2.922336975733439
1,337,NH1367,337,1498661220.0,fixed_raw_d3,time_d2,2.5282417234850003,2.584641933441162
1,338,NH1368,338,1498662841.0,fixed_raw_d3,time_d2,2.9217660000004164,2.910353899002075
1,334,NH1364,334,1498663018.0,fixed_raw_d3,time_d2,2.7324893257579177,2.6176511446634927
1,333,NH1363,333,1498663097.0,fixed_raw_d3,time_d2,2.8111716136362497,2.6865312258402505
1,387,NH1428,387,1498677536.5,fixed_raw_d3,time_d2,2.4962147626258337,2.656534194946289
1,386,NH1427,386,1498677807.5,fixed_raw_d3,time_d2,2.572204270201666,2.7342836062113443
1,388,NH1429,388,1498678052.0,fixed_raw_d3,time_d2,2.7701933131311107,2.846228043238322
1,240,NH1258,240,1498682283.0,fixed_raw_d3,time_d2,2.654602325757222,2.573233683904012
1,239,NH1257,239,1498682427.0,fixed_raw_d3,time_d2,2.831951083332778,2.6932971477508545
1,241,NH1259,241,1498682470.0,fixed_raw_d3,time_d2,3.1357789444447226,2.8527318636576333
1,444,NH1485,444,1498730538.0,fixed_raw_d3,time_d2,2.8668407803025,2.624570369720459
1,445,NH1486,445,1498731001.0,fixed_raw_d3,time_d2,2.9221965719687497,2.743986129760742
1,446,NH1487,446,1498731620.0,fixed_raw_d3,time_d2,2.7554371666662503,2.623753309249878
1,448,NH1489,448,1498731806.5,fixed_raw_d3,time_d2,2.961716594697083,2.632176081339518
1,340,NH1376,340,1498536981.0,fixed_process_d2,time_d2,2.9502337462116666,2.9788774649302163
1,341,NH1377,341,1498537987.0,fixed_process_d2,time_d2,3.017101999999166,2.862200657526652
1,308,NH1336,308,1498543128.0,fixed_process_d2,time_d2,2.6871744873736114,2.5439459482828775
1,352,NH1388,352,1498544686.0,fixed_process_d2,time_d2,2.7922012689387503,2.936906576156616
1,353,NH1389,353,1498544840.5,fixed_process_d2,time_d2,2.744722598485416,2.596701224644979
1,406,NH1447,406,1498545499.0,fixed_process_d2,time_d2,2.79463993939375,2.7260462443033853
1,269,NH1291,269,1498555067.0,fixed_process_d2,time_d2,2.8228221780299996,2.640408674875895
1,268,NH1290,268,1498555272.5,fixed_process_d2,time_d2,2.6928882613641667,2.5881759325663247
1,385,NH1426,385,1498556905.5,fixed_process_d2,time_d2,2.9159720511366674,2.6470236778259277
1,267,NH1289,267,1498557415.5,fixed_process_d2,time_d2,2.8609133787891667,2.63102920850118
1,266,NH1288,266,1498557641.0,fixed_process_d2,time_d2,2.745617397727917,2.668475866317749
1,307,NH1335,307,1498564294.0,fixed_process_d2,time_d2,3.0797070101005546,2.757789452870687
1,393,NH1434,393,1498570353.0,fixed_process_d2,time_d2,2.8610414507566673,2.5291914145151773
1,369,NH1407,369,1498572947.5,fixed_process_d2,time_d2,2.3724959797983334,2.5190459887186685
1,368,NH1406,368,1498573072.0,fixed_process_d2,time_d2,2.6985776186861115,2.5744711558024087
1,370,NH1408,370,1498573120.5,fixed_process_d2,time_d2,2.9403473358586107,2.844208081563314
1,351,NH1387,351,1498575475.0,fixed_process_d2,time_d2,2.6446771856066666,2.507040500640869
1,356,NH1392,356,1498575825.0,fixed_process_d2,time_d2,2.6571546022733328,2.665407419204712
1,354,NH1390,354,1498575916.0,fixed_process_d2,time_d2,2.601928625,2.539766550064087
1,355,NH1391,355,1498576163.0,fixed_process_d2,time_d2,3.0596034772720824,2.8960846265157065
1,357,NH1393,357,1498576169.5,fixed_process_d2,time_d2,2.7594724431812505,2.530630032221476
1,396,NH1437,396,1498580643.5,fixed_process_d2,time_d2,2.4572546287883332,2.564972162246704
1,397,NH1438,397,1498580706.0,fixed_process_d2,time_d2,2.8197956249991667,2.677831013997396
1,394,NH1435,394,1498581117.5,fixed_process_d2,time_d2,2.5875511931825,2.5845837593078613
1,395,NH1436,395,1498581200.0,fixed_process_d2,time_d2,2.9314942272737503,2.7385267416636148
1,374,NH1412,374,1498581338.0,fixed_process_d2,time_d2,2.7662135151520832,2.6436197757720947
1,373,NH1411,373,1498581417.0,fixed_process_d2,time_d2,2.836565439392917,2.733392318089803
1,376,NH1414,376,1498582161.0,fixed_process_d2,time_d2,2.5805085795449996,2.664283593495687
1,377,NH1415,377,1498582635.0,fixed_process_d2,time_d2,2.6120531174233337,2.6266020139058432
1,378,NH1416,378,1498582950.5,fixed_process_d2,time_d2,2.6666781780308337,2.597562789916992
1,372,NH1410,372,1498583234.0,fixed_process_d2,time_d2,2.5341386022729164,2.6920358339945474
1,371,NH1409,371,1498583313.0,fixed_process_d2,time_d2,2.9119232272733337,2.677006721496582
1,381,NH1422,381,1498583329.5,fixed_process_d2,time_d2,2.732614287878125,2.797992388407389
1,382,NH1423,382,1498583392.0,fixed_process_d2,time_d2,2.795841687499792,2.7212021350860596
1,383,NH1424,383,1498583487.5,fixed_process_d2,time_d2,2.603203013257291,2.6341041723887124
1,384,NH1425,384,1498584024.0,fixed_process_d2,time_d2,3.090623825757918,2.952845255533854
1,379,NH1420,379,1498585225.5,fixed_process_d2,time_d2,2.88418860984875,2.7008405526479087
1,380,NH1421,380,1498585288.0,fixed_process_d2,time_d2,2.6350029640147916,2.7006985346476235
1,309,NH1337,309,1498585683.0,fixed_process_d2,time_d2,2.9226101060613896,2.837137222290039
1,310,NH1338,310,1498586473.0,fixed_process_d2,time_d2,2.9221314431825003,2.7797388235727944
1,400,NH1441,400,1498587262.0,fixed_process_d2,time_d2,2.6845978813138895,2.635363817214966
1,399,NH1440,399,1498587350.5,fixed_process_d2,time_d2,2.4855075101008333,2.6398634910583496
1,401,NH1442,401,1498587370.0,fixed_process_d2,time_d2,2.690955692424499,2.885333776473999
1,398,NH1439,398,1498589292.0,fixed_process_d2,time_d2,2.6040388181808334,2.682109991709391
1,402,NH1443,402,1498589308.0,fixed_process_d2,time_d2,2.6812744053033337,2.721710681915283
1,365,NH1403,365,1498596283.0,fixed_process_d2,time_d2,2.6668114507575003,2.611808697382609
1,364,NH1402,364,1498596364.0,fixed_process_d2,time_d2,2.7964503750012497,2.4809607664744058
1,366,NH1404,366,1498597027.0,fixed_process_d2,time_d2,2.76952707197,2.595144828160604
1,367,NH1405,367,1498597108.0,fixed_process_d2,time_d2,2.5459914393941667,2.5754643281300864
1,362,NH1400,362,1498598136.0,fixed_process_d2,time_d2,2.8297341931820834,2.6169416904449463
1,390,NH1431,390,1498603234.0,fixed_process_d2,time_d2,2.8693135707070834,2.791847070058187
1,391,NH1432,391,1498603301.0,fixed_process_d2,time_d2,2.4809344823230552,2.538530429204305
1,392,NH1433,392,1498603537.0,fixed_process_d2,time_d2,2.8484010959591677,2.7548866271972656
1,405,NH1446,405,1498608284.5,fixed_process_d2,time_d2,2.772907863636667,2.882150173187256
1,408,NH1449,408,1498609102.0,fixed_process_d2,time_d2,2.8542932992424994,2.642860015233358
1,407,NH1448,407,1498609164.5,fixed_process_d2,time_d2,2.7518247045458337,2.748881181081136
1,403,NH1444,403,1498610132.0,fixed_process_d2,time_d2,2.7301533333329164,2.489092747370402
1,404,NH1445,404,1498610214.0,fixed_process_d2,time_d2,2.918158560606666,2.754716157913208
1,221,NH1237,221,1498612523.0,fixed_process_d2,time_d2,2.6849211477270836,2.719726006189982
1,220,NH1236,220,1498614384.5,fixed_process_d2,time_d2,2.8226209318179167,2.6480183601379395
1,298,NH1324,297,1498614937.0,fixed_process_d2,time_d2,2.9338776060612504,2.7842233975728354
1,296,NH1323,295,1498614992.5,fixed_process_d2,time_d2,2.5266099848475,2.570720116297404
1,294,NH1322,293,1498615071.5,fixed_process_d2,time_d2,2.8165363030316675,2.6055448849995932
1,517,NH1571,517,1498616800.0,fixed_process_d2,time_d2,2.6675930037875,2.737241188685099
1,518,NH1572,518,1498617353.0,fixed_process_d2,time_d2,2.8438639431825004,2.8373445669809976
1,520,NH1573,519,1498617768.0,fixed_process_d2,time_d2,2.7471295151525,2.8553632895151773
1,522,NH1574,521,1498621809.0,fixed_process_d2,time_d2,2.7811293674241666,2.7854517300923667
1,280,NH1302,280,1498637058.5,fixed_process_d2,time_d2,3.014583128788751,2.6963175932566323
1,450,NH1491,450,1498643325.0,fixed_process_d2,time_d2,2.4046029571968743,2.6062351067860923
1,452,NH1493,452,1498643373.5,fixed_process_d2,time_d2,2.756723655304167,2.7546632289886475
1,451,NH1492,451,1498643617.0,fixed_process_d2,time_d2,2.7699136931808335,2.8341902097066245
1,453,NH1494,453,1498644078.0,fixed_process_d2,time_d2,2.8766519621216666,2.7937233448028564
1,454,NH1495,454,1498644534.0,fixed_process_d2,time_d2,2.5458145189391668,2.678717533747355
1,455,NH1496,455,1498644867.0,fixed_process_d2,time_d2,2.794155,2.989959160486857
1,456,NH1497,456,1498645064.0,fixed_process_d2,time_d2,2.7536738371212492,2.7577788829803467
1,457,NH1498,457,1498645284.0,fixed_process_d2,time_d2,2.580586496212916,2.6591716607411704
1,521,NH1574,521,1498647951.0,fixed_process_d2,time_d2,2.7811293674241666,2.786623001098633
1,519,NH1573,519,1498648050.0,fixed_process_d2,time_d2,2.7471295151525,2.856083313624064
1,523,NH1575,523,1498648396.0,fixed_process_d2,time_d2,2.53008267424125,2.6317711671193442
1,516,NH1570,516,1498649017.0,fixed_process_d2,time_d2,2.5346034412883336,2.668046315511068
1,359,NH1396,359,1498653566.0,fixed_process_d2,time_d2,2.5963870378785012,2.7548003991444907
1,360,NH1397,360,1498653680.0,fixed_process_d2,time_d2,2.622993156565277,2.6298104921976724
1,361,NH1398,361,1498653781.5,fixed_process_d2,time_d2,2.8257200202024997,2.833260456720988
1,389,NH1430,389,1498660227.0,fixed_process_d2,time_d2,2.598982184847709,2.621830781300863
1,335,NH1365,335,1498660890.5,fixed_process_d2,time_d2,2.4130399090912498,2.519413948059082
1,336,NH1366,336,1498661007.0,fixed_process_d2,time_d2,2.8110285681816665,2.834641933441162
1,337,NH1367,337,1498661220.0,fixed_process_d2,time_d2,2.5282417234850003,2.5459230740865073
1,338,NH1368,338,1498662841.0,fixed_process_d2,time_d2,2.9217660000004164,2.907258907953898
1,334,NH1364,334,1498663018.0,fixed_process_d2,time_d2,2.7324893257579177,2.5658416748046875
1,333,NH1363,333,1498663097.0,fixed_process_d2,time_d2,2.8111716136362497,2.664144198099772
1,387,NH1428,387,1498677536.5,fixed_process_d2,time_d2,2.4962147626258337,2.6570041179656982
1,386,NH1427,386,1498677807.5,fixed_process_d2,time_d2,2.572204270201666,2.692747116088867
1,388,NH1429,388,1498678052.0,fixed_process_d2,time_d2,2.7701933131311107,2.8431917826334634
1,240,NH1258,240,1498682283.0,fixed_process_d2,time_d2,2.654602325757222,2.605633497238159
1,239,NH1257,239,1498682427.0,fixed_process_d2,time_d2,2.831951083332778,2.769249200820923
1,241,NH1259,241,1498682470.0,fixed_process_d2,time_d2,3.1357789444447226,2.7727533976236978
1,444,NH1485,444,1498730538.0,fixed_process_d2,time_d2,2.8668407803025,2.6561919848124185
1,445,NH1486,445,1498731001.0,fixed_process_d2,time_d2,2.9221965719687497,2.797976573308309
1,446,NH1487,446,1498731620.0,fixed_process_d2,time_d2,2.7554371666662503,2.6298789183298745
1,448,NH1489,448,1498731806.5,fixed_process_d2,time_d2,2.961716594697083,2.640093723932902
1,340,NH1376,340,1498536981.0,fixed_process_d3,time_d2,2.9502337462116666,2.9450323581695557
1,341,NH1377,341,1498537987.0,fixed_process_d3,time_d2,3.017101999999166,2.830811103185018
1,308,NH1336,308,1498543128.0,fixed_process_d3,time_d2,2.6871744873736114,2.5905556678771973
1,352,NH1388,352,1498544686.0,fixed_process_d3,time_d2,2.7922012689387503,3.0030224323272705
1,353,NH1389,353,1498544840.5,fixed_process_d3,time_d2,2.744722598485416,2.606773853302002
1,406,NH1447,406,1498545499.0,fixed_process_d3,time_d2,2.79463993939375,2.73399289449056
1,269,NH1291,269,1498555067.0,fixed_process_d3,time_d2,2.8228221780299996,2.634242375691732
1,268,NH1290,268,1498555272.5,fixed_process_d3,time_d2,2.6928882613641667,2.5909398396809897
1,385,NH1426,385,1498556905.5,fixed_process_d3,time_d2,2.9159720511366674,2.656216621398926
1,267,NH1289,267,1498557415.5,fixed_process_d3,time_d2,2.8609133787891667,2.650127649307251
1,266,NH1288,266,1498557641.0,fixed_process_d3,time_d2,2.745617397727917,2.6695961157480874
1,307,NH1335,307,1498564294.0,fixed_process_d3,time_d2,3.0797070101005546,2.745655139287313
1,393,NH1434,393,1498570353.0,fixed_process_d3,time_d2,2.8610414507566673,2.5484076340993247
1,369,NH1407,369,1498572947.5,fixed_process_d3,time_d2,2.3724959797983334,2.542165199915568
1,368,NH1406,368,1498573072.0,fixed_process_d3,time_d2,2.6985776186861115,2.559284528096517
1,370,NH1408,370,1498573120.5,fixed_process_d3,time_d2,2.9403473358586107,2.8680077393849692
1,351,NH1387,351,1498575475.0,fixed_process_d3,time_d2,2.6446771856066666,2.5295523007710776
1,356,NH1392,356,1498575825.0,fixed_process_d3,time_d2,2.6571546022733328,2.6804498036702475
1,354,NH1390,354,1498575916.0,fixed_process_d3,time_d2,2.601928625,2.539721647898356
1,355,NH1391,355,1498576163.0,fixed_process_d3,time_d2,3.0596034772720824,2.9295512040456138
1,357,NH1393,357,1498576169.5,fixed_process_d3,time_d2,2.7594724431812505,2.5561225414276123
1,396,NH1437,396,1498580643.5,fixed_process_d3,time_d2,2.4572546287883332,2.5565454959869385
1,397,NH1438,397,1498580706.0,fixed_process_d3,time_d2,2.8197956249991667,2.666411797205607
1,394,NH1435,394,1498581117.5,fixed_process_d3,time_d2,2.5875511931825,2.577995220820109
1,395,NH1436,395,1498581200.0,fixed_process_d3,time_d2,2.9314942272737503,2.7268855571746826
1,374,NH1412,374,1498581338.0,fixed_process_d3,time_d2,2.7662135151520832,2.6445347468058267
1,373,NH1411,373,1498581417.0,fixed_process_d3,time_d2,2.836565439392917,2.7947208086649575
1,376,NH1414,376,1498582161.0,fixed_process_d3,time_d2,2.5805085795449996,2.662405570348104
1,377,NH1415,377,1498582635.0,fixed_process_d3,time_d2,2.6120531174233337,2.6292456785837808
1,378,NH1416,378,1498582950.5,fixed_process_d3,time_d2,2.6666781780308337,2.6137259801228843
1,372,NH1410,372,1498583234.0,fixed_process_d3,time_d2,2.5341386022729164,2.7200330098470054
1,371,NH1409,371,1498583313.0,fixed_process_d3,time_d2,2.9119232272733337,2.67048716545105
1,381,NH1422,381,1498583329.5,fixed_process_d3,time_d2,2.732614287878125,2.835134585698446
1,382,NH1423,382,1498583392.0,fixed_process_d3,time_d2,2.795841687499792,2.719358762105306
1,383,NH1424,383,1498583487.5,fixed_process_d3,time_d2,2.603203013257291,2.633793910344442
1,384,NH1425,384,1498584024.0,fixed_process_d3,time_d2,3.090623825757918,2.981235980987549
1,379,NH1420,379,1498585225.5,fixed_process_d3,time_d2,2.88418860984875,2.7120584646860757
1,380,NH1421,380,1498585288.0,fixed_process_d3,time_d2,2.6350029640147916,2.726285219192505
1,309,NH1337,309,1498585683.0,fixed_process_d3,time_d2,2.9226101060613896,2.8676461378733316
1,310,NH1338,310,1498586473.0,fixed_process_d3,time_d2,2.9221314431825003,2.7638025283813477
1,400,NH1441,400,1498587262.0,fixed_process_d3,time_d2,2.6845978813138895,2.6310716470082602
1,399,NH1440,399,1498587350.5,fixed_process_d3,time_d2,2.4855075101008333,2.651896874109904
1,401,NH1442,401,1498587370.0,fixed_process_d3,time_d2,2.690955692424499,2.9457133611043296
1,398,NH1439,398,1498589292.0,fixed_process_d3,time_d2,2.6040388181808334,2.700783093770345
1,402,NH1443,402,1498589308.0,fixed_process_d3,time_d2,2.6812744053033337,2.7226548989613852
1,365,NH1403,365,1498596283.0,fixed_process_d3,time_d2,2.6668114507575003,2.6188294887542725
1,364,NH1402,364,1498596364.0,fixed_process_d3,time_d2,2.7964503750012497,2.5461808840433755
1,366,NH1404,366,1498597027.0,fixed_process_d3,time_d2,2.76952707197,2.630911032358805
1,367,NH1405,367,1498597108.0,fixed_process_d3,time_d2,2.5459914393941667,2.5843141078948975
1,362,NH1400,362,1498598136.0,fixed_process_d3,time_d2,2.8297341931820834,2.640045642852783
1,390,NH1431,390,1498603234.0,fixed_process_d3,time_d2,2.8693135707070834,2.820549170176188
1,391,NH1432,391,1498603301.0,fixed_process_d3,time_d2,2.4809344823230552,2.5309695402781167
1,392,NH1433,392,1498603537.0,fixed_process_d3,time_d2,2.8484010959591677,2.780463536580404
1,405,NH1446,405,1498608284.5,fixed_process_d3,time_d2,2.772907863636667,2.8966718514760337
1,408,NH1449,408,1498609102.0,fixed_process_d3,time_d2,2.8542932992424994,2.6616909503936768
1,407,NH1448,407,1498609164.5,fixed_process_d3,time_d2,2.7518247045458337,2.796225388844808
1,403,NH1444,403,1498610132.0,fixed_process_d3,time_d2,2.7301533333329164,2.5219643115997314
1,404,NH1445,404,1498610214.0,fixed_process_d3,time_d2,2.918158560606666,2.7400330702463784
1,221,NH1237,221,1498612523.0,fixed_process_d3,time_d2,2.6849211477270836,2.710578441619873
1,220,NH1236,220,1498614384.5,fixed_process_d3,time_d2,2.8226209318179167,2.6753126780192056
1,298,NH1324,297,1498614937.0,fixed_process_d3,time_d2,2.9338776060612504,2.846982002258301
1,296,NH1323,295,1498614992.5,fixed_process_d3,time_d2,2.5266099848475,2.5936822096506753
1,294,NH1322,293,1498615071.5,fixed_process_d3,time_d2,2.8165363030316675,2.638984441757202
1,517,NH1571,517,1498616800.0,fixed_process_d3,time_d2,2.6675930037875,2.7490556240081787
1,518,NH1572,518,1498617353.0,fixed_process_d3,time_d2,2.8438639431825004,2.8390780289967856
1,520,NH1573,519,1498617768.0,fixed_process_d3,time_d2,2.7471295151525,2.8946797053019204
1,522,NH1574,521,1498621809.0,fixed_process_d3,time_d2,2.7811293674241666,2.787681500116984
1,280,NH1302,280,1498637058.5,fixed_process_d3,time_d2,3.014583128788751,2.7149288654327393
1,450,NH1491,450,1498643325.0,fixed_process_d3,time_d2,2.4046029571968743,2.6106104850769043
1,452,NH1493,452,1498643373.5,fixed_process_d3,time_d2,2.756723655304167,2.7733325958251953
1,451,NH1492,451,1498643617.0,fixed_process_d3,time_d2,2.7699136931808335,2.835679054260254
1,453,NH1494,453,1498644078.0,fixed_process_d3,time_d2,2.8766519621216666,2.7665297190348306
1,454,NH1495,454,1498644534.0,fixed_process_d3,time_d2,2.5458145189391668,2.6702590783437095
1,455,NH1496,455,1498644867.0,fixed_process_d3,time_d2,2.794155,2.985896031061808
1,456,NH1497,456,1498645064.0,fixed_process_d3,time_d2,2.7536738371212492,2.766104539235433
1,457,NH1498,457,1498645284.0,fixed_process_d3,time_d2,2.580586496212916,2.6583000818888345
1,521,NH1574,521,1498647951.0,fixed_process_d3,time_d2,2.7811293674241666,2.7901687622070312
1,519,NH1573,519,1498648050.0,fixed_process_d3,time_d2,2.7471295151525,2.8964054584503174
1,523,NH1575,523,1498648396.0,fixed_process_d3,time_d2,2.53008267424125,2.6157777309417725
1,516,NH1570,516,1498649017.0,fixed_process_d3,time_d2,2.5346034412883336,2.658253828684489
1,359,NH1396,359,1498653566.0,fixed_process_d3,time_d2,2.5963870378785012,2.7391295433044434
1,360,NH1397,360,1498653680.0,fixed_process_d3,time_d2,2.622993156565277,2.631122271219889
1,361,NH1398,361,1498653781.5,fixed_process_d3,time_d2,2.8257200202024997,2.842010498046875
1,389,NH1430,389,1498660227.0,fixed_process_d3,time_d2,2.598982184847709,2.643228610356649
1,335,NH1365,335,1498660890.5,fixed_process_d3,time_d2,2.4130399090912498,2.5466111501057944
1,336,NH1366,336,1498661007.0,fixed_process_d3,time_d2,2.8110285681816665,2.843264182408651
1,337,NH1367,337,1498661220.0,fixed_process_d3,time_d2,2.5282417234850003,2.5803190072377524
1,338,NH1368,338,1498662841.0,fixed_process_d3,time_d2,2.9217660000004164,2.927731196085612
1,334,NH1364,334,1498663018.0,fixed_process_d3,time_d2,2.7324893257579177,2.6167191664377847
1,333,NH1363,333,1498663097.0,fixed_process_d3,time_d2,2.8111716136362497,2.652595599492391
1,387,NH1428,387,1498677536.5,fixed_process_d3,time_d2,2.4962147626258337,2.647507429122925
1,386,NH1427,386,1498677807.5,fixed_process_d3,time_d2,2.572204270201666,2.6802593072255454
1,388,NH1429,388,1498678052.0,fixed_process_d3,time_d2,2.7701933131311107,2.8244752089182534
1,240,NH1258,240,1498682283.0,fixed_process_d3,time_d2,2.654602325757222,2.649129867553711
1,239,NH1257,239,1498682427.0,fixed_process_d3,time_d2,2.831951083332778,2.7849783102671304
1,241,NH1259,241,1498682470.0,fixed_process_d3,time_d2,3.1357789444447226,2.7907228469848633
1,444,NH1485,444,1498730538.0,fixed_process_d3,time_d2,2.8668407803025,2.652414004007975
1,445,NH1486,445,1498731001.0,fixed_process_d3,time_d2,2.9221965719687497,2.777130126953125
1,446,NH1487,446,1498731620.0,fixed_process_d3,time_d2,2.7554371666662503,2.627274672190348
1,448,NH1489,448,1498731806.5,fixed_process_d3,time_d2,2.961716594697083,2.643884261449178
1,340,NH1376,340,1498536981.0,fixed_time_d2,time_d2,2.9502337462116666,2.8595972061157227
1,341,NH1377,341,1498537987.0,fixed_time_d2,time_d2,3.017101999999166,2.8464528719584146
1,308,NH1336,308,1498543128.0,fixed_time_d2,time_d2,2.6871744873736114,2.5766599973042807
1,352,NH1388,352,1498544686.0,fixed_time_d2,time_d2,2.7922012689387503,2.8867292404174805
1,353,NH1389,353,1498544840.5,fixed_time_d2,time_d2,2.744722598485416,2.6116526126861572
1,406,NH1447,406,1498545499.0,fixed_time_d2,time_d2,2.79463993939375,2.756339152654012
1,269,NH1291,269,1498555067.0,fixed_time_d2,time_d2,2.8228221780299996,2.6763660113016763
1,268,NH1290,268,1498555272.5,fixed_time_d2,time_d2,2.6928882613641667,2.614302476247152
1,385,NH1426,385,1498556905.5,fixed_time_d2,time_d2,2.9159720511366674,2.589611212412516
1,267,NH1289,267,1498557415.5,fixed_time_d2,time_d2,2.8609133787891667,2.732798417409261
1,266,NH1288,266,1498557641.0,fixed_time_d2,time_d2,2.745617397727917,2.670971393585205
1,307,NH1335,307,1498564294.0,fixed_time_d2,time_d2,3.0797070101005546,2.7971362272898355
1,393,NH1434,393,1498570353.0,fixed_time_d2,time_d2,2.8610414507566673,2.606256087621053
1,369,NH1407,369,1498572947.5,fixed_time_d2,time_d2,2.3724959797983334,2.5689417521158853
1,368,NH1406,368,1498573072.0,fixed_time_d2,time_d2,2.6985776186861115,2.5687359968821206
1,370,NH1408,370,1498573120.5,fixed_time_d2,time_d2,2.9403473358586107,2.8327473799387612
1,351,NH1387,351,1498575475.0,fixed_time_d2,time_d2,2.6446771856066666,2.513066291809082
1,356,NH1392,356,1498575825.0,fixed_time_d2,time_d2,2.6571546022733328,2.6735045115152993
1,354,NH1390,354,1498575916.0,fixed_time_d2,time_d2,2.601928625,2.5163047313690186
1,355,NH1391,355,1498576163.0,fixed_time_d2,time_d2,3.0596034772720824,2.901987393697103
1,357,NH1393,357,1498576169.5,fixed_time_d2,time_d2,2.7594724431812505,2.5645221869150796
1,396,NH1437,396,1498580643.5,fixed_time_d2,time_d2,2.4572546287883332,2.5732434590657554
1,397,NH1438,397,1498580706.0,fixed_time_d2,time_d2,2.8197956249991667,2.655785242716471
1,394,NH1435,394,1498581117.5,fixed_time_d2,time_d2,2.5875511931825,2.598186413447062
1,395,NH1436,395,1498581200.0,fixed_time_d2,time_d2,2.9314942272737503,2.6930872599283853
1,374,NH1412,374,1498581338.0,fixed_time_d2,time_d2,2.7662135151520832,2.6376174290974936
1,373,NH1411,373,1498581417.0,fixed_time_d2,time_d2,2.836565439392917,2.7025444507598877
1,376,NH1414,376,1498582161.0,fixed_time_d2,time_d2,2.5805085795449996,2.5986514886220298
1,377,NH1415,377,1498582635.0,fixed_time_d2,time_d2,2.6120531174233337,2.579939365386963
1,378,NH1416,378,1498582950.5,fixed_time_d2,time_d2,2.6666781780308337,2.5619287490844727
1,372,NH1410,372,1498583234.0,fixed_time_d2,time_d2,2.5341386022729164,2.62729811668396
1,371,NH1409,371,1498583313.0,fixed_time_d2,time_d2,2.9119232272733337,2.636355400085449
1,381,NH1422,381,1498583329.5,fixed_time_d2,time_d2,2.732614287878125,2.754296620686849
1,382,NH1423,382,1498583392.0,fixed_time_d2,time_d2,2.795841687499792,2.6457746028900146
1,383,NH1424,383,1498583487.5,fixed_time_d2,time_d2,2.603203013257291,2.609472672144572
1,384,NH1425,384,1498584024.0,fixed_time_d2,time_d2,3.090623825757918,2.8656529585520425
1,379,NH1420,379,1498585225.5,fixed_time_d2,time_d2,2.88418860984875,2.699660142262777
1,380,NH1421,380,1498585288.0,fixed_time_d2,time_d2,2.6350029640147916,2.648078997929891
1,309,NH1337,309,1498585683.0,fixed_time_d2,time_d2,2.9226101060613896,2.838134527206421
1,310,NH1338,310,1498586473.0,fixed_time_d2,time_d2,2.9221314431825003,2.8518989086151123
1,400,NH1441,400,1498587262.0,fixed_time_d2,time_d2,2.6845978813138895,2.5657838185628257
1,399,NH1440,399,1498587350.5,fixed_time_d2,time_d2,2.4855075101008333,2.5337613423665366
1,401,NH1442,401,1498587370.0,fixed_time_d2,time_d2,2.690955692424499,2.7796013355255127
1,398,NH1439,398,1498589292.0,fixed_time_d2,time_d2,2.6040388181808334,2.6253954569498696
1,402,NH1443,402,1498589308.0,fixed_time_d2,time_d2,2.6812744053033337,2.6647090911865234
1,365,NH1403,365,1498596283.0,fixed_time_d2,time_d2,2.6668114507575003,2.592925230662028
1,364,NH1402,364,1498596364.0,fixed_time_d2,time_d2,2.7964503750012497,2.523547808329264
1,366,NH1404,366,1498597027.0,fixed_time_d2,time_d2,2.76952707197,2.624543031056722
1,367,NH1405,367,1498597108.0,fixed_time_d2,time_d2,2.5459914393941667,2.604600747426351
1,362,NH1400,362,1498598136.0,fixed_time_d2,time_d2,2.8297341931820834,2.668179750442505
1,390,NH1431,390,1498603234.0,fixed_time_d2,time_d2,2.8693135707070834,2.8279782931009927
1,391,NH1432,391,1498603301.0,fixed_time_d2,time_d2,2.4809344823230552,2.485236883163452
1,392,NH1433,392,1498603537.0,fixed_time_d2,time_d2,2.8484010959591677,2.7460366090138755
1,405,NH1446,405,1498608284.5,fixed_time_d2,time_d2,2.772907863636667,2.854696194330851
1,408,NH1449,408,1498609102.0,fixed_time_d2,time_d2,2.8542932992424994,2.677276929219564
1,407,NH1448,407,1498609164.5,fixed_time_d2,time_d2,2.7518247045458337,2.76170015335083
1,403,NH1444,403,1498610132.0,fixed_time_d2,time_d2,2.7301533333329164,2.5370963414510093
1,404,NH1445,404,1498610214.0,fixed_time_d2,time_d2,2.918158560606666,2.7585134506225586
1,221,NH1237,221,1498612523.0,fixed_time_d2,time_d2,2.6849211477270836,2.753847519556681
1,220,NH1236,220,1498614384.5,fixed_time_d2,time_d2,2.8226209318179167,2.6533613204956055
1,298,NH1324,297,1498614937.0,fixed_time_d2,time_d2,2.9338776060612504,2.8142818609873452
1,296,NH1323,295,1498614992.5,fixed_time_d2,time_d2,2.5266099848475,2.5595716635386148
1,294,NH1322,293,1498615071.5,fixed_time_d2,time_d2,2.8165363030316675,2.6199686527252197
1,517,NH1571,517,1498616800.0,fixed_time_d2,time_d2,2.6675930037875,2.766047239303589
1,518,NH1572,518,1498617353.0,fixed_time_d2,time_d2,2.8438639431825004,2.7915359338124595
1,520,NH1573,519,1498617768.0,fixed_time_d2,time_d2,2.7471295151525,2.827568292617798
1,522,NH1574,521,1498621809.0,fixed_time_d2,time_d2,2.7811293674241666,2.8439534505208335
1,280,NH1302,280,1498637058.5,fixed_time_d2,time_d2,3.014583128788751,2.7874204317728677
1,450,NH1491,450,1498643325.0,fixed_time_d2,time_d2,2.4046029571968743,2.555536429087321
1,452,NH1493,452,1498643373.5,fixed_time_d2,time_d2,2.756723655304167,2.800243695576986
1,451,NH1492,451,1498643617.0,fixed_time_d2,time_d2,2.7699136931808335,2.8267701466878257
1,453,NH1494,453,1498644078.0,fixed_time_d2,time_d2,2.8766519621216666,2.7953527768452964
1,454,NH1495,454,1498644534.0,fixed_time_d2,time_d2,2.5458145189391668,2.6310731569925943
1,455,NH1496,455,1498644867.0,fixed_time_d2,time_d2,2.794155,2.9213340282440186
1,456,NH1497,456,1498645064.0,fixed_time_d2,time_d2,2.7536738371212492,2.757486422856649
1,457,NH1498,457,1498645284.0,fixed_time_d2,time_d2,2.580586496212916,2.6581672032674155
1,521,NH1574,521,1498647951.0,fixed_time_d2,time_d2,2.7811293674241666,2.8198423385620117
1,519,NH1573,519,1498648050.0,fixed_time_d2,time_d2,2.7471295151525,2.8158929347991943
1,523,NH1575,523,1498648396.0,fixed_time_d2,time_d2,2.53008267424125,2.6121912002563477
1,516,NH1570,516,1498649017.0,fixed_time_d2,time_d2,2.5346034412883336,2.6898033618927
1,359,NH1396,359,1498653566.0,fixed_time_d2,time_d2,2.5963870378785012,2.801912466684977
1,360,NH1397,360,1498653680.0,fixed_time_d2,time_d2,2.622993156565277,2.615980625152588
1,361,NH1398,361,1498653781.5,fixed_time_d2,time_d2,2.8257200202024997,2.8837677637736
1,389,NH1430,389,1498660227.0,fixed_time_d2,time_d2,2.598982184847709,2.680136283238729
1,335,NH1365,335,1498660890.5,fixed_time_d2,time_d2,2.4130399090912498,2.5762741565704346
1,336,NH1366,336,1498661007.0,fixed_time_d2,time_d2,2.8110285681816665,2.9226653575897217
1,337,NH1367,337,1498661220.0,fixed_time_d2,time_d2,2.5282417234850003,2.601950168609619
1,338,NH1368,338,1498662841.0,fixed_time_d2,time_d2,2.9217660000004164,2.9286768436431885
1,334,NH1364,334,1498663018.0,fixed_time_d2,time_d2,2.7324893257579177,2.6428376038869223
1,333,NH1363,333,1498663097.0,fixed_time_d2,time_d2,2.8111716136362497,2.753749370574951
1,387,NH1428,387,1498677536.5,fixed_time_d2,time_d2,2.4962147626258337,2.6759122212727866
1,386,NH1427,386,1498677807.5,fixed_time_d2,time_d2,2.572204270201666,2.731372276941935
1,388,NH1429,388,1498678052.0,fixed_time_d2,time_d2,2.7701933131311107,2.837935447692871
1,240,NH1258,240,1498682283.0,fixed_time_d2,time_d2,2.654602325757222,2.567753791809082
1,239,NH1257,239,1498682427.0,fixed_time_d2,time_d2,2.831951083332778,2.7657438119252524
1,241,NH1259,241,1498682470.0,fixed_time_d2,time_d2,3.1357789444447226,2.855389356613159
1,444,NH1485,444,1498730538.0,fixed_time_d2,time_d2,2.8668407803025,2.6116584142049155
1,445,NH1486,445,1498731001.0,fixed_time_d2,time_d2,2.9221965719687497,2.794663906097412
1,446,NH1487,446,1498731620.0,fixed_time_d2,time_d2,2.7554371666662503,2.612999200820923
1,448,NH1489,448,1498731806.5,fixed_time_d2,time_d2,2.961716594697083,2.6220794518788657
1,340,NH1376,340,1498536981.0,fixed_time_d3,time_d2,2.9502337462116666,2.8809184233347573
1,341,NH1377,341,1498537987.0,fixed_time_d3,time_d2,3.017101999999166,2.880039930343628
1,308,NH1336,308,1498543128.0,fixed_time_d3,time_d2,2.6871744873736114,2.5809284845987954
1,352,NH1388,352,1498544686.0,fixed_time_d3,time_d2,2.7922012689387503,2.925222714742025
1,353,NH1389,353,1498544840.5,fixed_time_d3,time_d2,2.744722598485416,2.627169052759806
1,406,NH1447,406,1498545499.0,fixed_time_d3,time_d2,2.79463993939375,2.7269049485524497
1,269,NH1291,269,1498555067.0,fixed_time_d3,time_d2,2.8228221780299996,2.681309461593628
1,268,NH1290,268,1498555272.5,fixed_time_d3,time_d2,2.6928882613641667,2.6149577299753823
1,385,NH1426,385,1498556905.5,fixed_time_d3,time_d2,2.9159720511366674,2.6294755140940347
1,267,NH1289,267,1498557415.5,fixed_time_d3,time_d2,2.8609133787891667,2.729233423868815
1,266,NH1288,266,1498557641.0,fixed_time_d3,time_d2,2.745617397727917,2.6471161047617593
1,307,NH1335,307,1498564294.0,fixed_time_d3,time_d2,3.0797070101005546,2.7999356587727866
1,393,NH1434,393,1498570353.0,fixed_time_d3,time_d2,2.8610414507566673,2.5926401615142822
1,369,NH1407,369,1498572947.5,fixed_time_d3,time_d2,2.3724959797983334,2.5645288626352944
1,368,NH1406,368,1498573072.0,fixed_time_d3,time_d2,2.6985776186861115,2.53934653600057
1,370,NH1408,370,1498573120.5,fixed_time_d3,time_d2,2.9403473358586107,2.8539558251698813
1,351,NH1387,351,1498575475.0,fixed_time_d3,time_d2,2.6446771856066666,2.543690840403239
1,356,NH1392,356,1498575825.0,fixed_time_d3,time_d2,2.6571546022733328,2.6810622215270996
1,354,NH1390,354,1498575916.0,fixed_time_d3,time_d2,2.601928625,2.5345023473103843
1,355,NH1391,355,1498576163.0,fixed_time_d3,time_d2,3.0596034772720824,2.9413512547810874
1,357,NH1393,357,1498576169.5,fixed_time_d3,time_d2,2.7594724431812505,2.581867774327596
1,396,NH1437,396,1498580643.5,fixed_time_d3,time_d2,2.4572546287883332,2.5790415604909263
1,397,NH1438,397,1498580706.0,fixed_time_d3,time_d2,2.8197956249991667,2.633744796117147
1,394,NH1435,394,1498581117.5,fixed_time_d3,time_d2,2.5875511931825,2.61957581837972
1,395,NH1436,395,1498581200.0,fixed_time_d3,time_d2,2.9314942272737503,2.6899876594543457
1,374,NH1412,374,1498581338.0,fixed_time_d3,time_d2,2.7662135151520832,2.645498593648275
1,373,NH1411,373,1498581417.0,fixed_time_d3,time_d2,2.836565439392917,2.754741112391154
1,376,NH1414,376,1498582161.0,fixed_time_d3,time_d2,2.5805085795449996,2.6342857678731284
1,377,NH1415,377,1498582635.0,fixed_time_d3,time_d2,2.6120531174233337,2.59796412785848
1,378,NH1416,378,1498582950.5,fixed_time_d3,time_d2,2.6666781780308337,2.588527282079061
1,372,NH1410,372,1498583234.0,fixed_time_d3,time_d2,2.5341386022729164,2.6611547470092773
1,371,NH1409,371,1498583313.0,fixed_time_d3,time_d2,2.9119232272733337,2.624506632486979
1,381,NH1422,381,1498583329.5,fixed_time_d3,time_d2,2.732614287878125,2.7689215342203775
1,382,NH1423,382,1498583392.0,fixed_time_d3,time_d2,2.795841687499792,2.662755807240804
1,383,NH1424,383,1498583487.5,fixed_time_d3,time_d2,2.603203013257291,2.6136008898417153
1,384,NH1425,384,1498584024.0,fixed_time_d3,time_d2,3.090623825757918,2.9396791458129883
1,379,NH1420,379,1498585225.5,fixed_time_d3,time_d2,2.88418860984875,2.7028636932373047
1,380,NH1421,380,1498585288.0,fixed_time_d3,time_d2,2.6350029640147916,2.6828065713246665
1,309,NH1337,309,1498585683.0,fixed_time_d3,time_d2,2.9226101060613896,2.87628181775411
1,310,NH1338,310,1498586473.0,fixed_time_d3,time_d2,2.9221314431825003,2.8438239097595215
1,400,NH1441,400,1498587262.0,fixed_time_d3,time_d2,2.6845978813138895,2.596303939819336
1,399,NH1440,399,1498587350.5,fixed_time_d3,time_d2,2.4855075101008333,2.557429472605387
1,401,NH1442,401,1498587370.0,fixed_time_d3,time_d2,2.690955692424499,2.8378668626149497
1,398,NH1439,398,1498589292.0,fixed_time_d3,time_d2,2.6040388181808334,2.6352811654408774
1,402,NH1443,402,1498589308.0,fixed_time_d3,time_d2,2.6812744053033337,2.6716363430023193
1,365,NH1403,365,1498596283.0,fixed_time_d3,time_d2,2.6668114507575003,2.601896365483602
1,364,NH1402,364,1498596364.0,fixed_time_d3,time_d2,2.7964503750012497,2.5464094479878745
1,366,NH1404,366,1498597027.0,fixed_time_d3,time_d2,2.76952707197,2.635500510533651
1,367,NH1405,367,1498597108.0,fixed_time_d3,time_d2,2.5459914393941667,2.5915979544321694
1,362,NH1400,362,1498598136.0,fixed_time_d3,time_d2,2.8297341931820834,2.6415391763051352
1,390,NH1431,390,1498603234.0,fixed_time_d3,time_d2,2.8693135707070834,2.8600306510925293
1,391,NH1432,391,1498603301.0,fixed_time_d3,time_d2,2.4809344823230552,2.509856383005778
1,392,NH1433,392,1498603537.0,fixed_time_d3,time_d2,2.8484010959591677,2.7870776653289795
1,405,NH1446,405,1498608284.5,fixed_time_d3,time_d2,2.772907863636667,2.866964022318522
1,408,NH1449,408,1498609102.0,fixed_time_d3,time_d2,2.8542932992424994,2.67234468460083
1,407,NH1448,407,1498609164.5,fixed_time_d3,time_d2,2.7518247045458337,2.7675989468892417
1,403,NH1444,403,1498610132.0,fixed_time_d3,time_d2,2.7301533333329164,2.553435802459717
1,404,NH1445,404,1498610214.0,fixed_time_d3,time_d2,2.918158560606666,2.790349801381429
1,221,NH1237,221,1498612523.0,fixed_time_d3,time_d2,2.6849211477270836,2.7770845095316568
1,220,NH1236,220,1498614384.5,fixed_time_d3,time_d2,2.8226209318179167,2.672074556350708
1,298,NH1324,297,1498614937.0,fixed_time_d3,time_d2,2.9338776060612504,2.8204718430836997
1,296,NH1323,295,1498614992.5,fixed_time_d3,time_d2,2.5266099848475,2.5643605391184487
1,294,NH1322,293,1498615071.5,fixed_time_d3,time_d2,2.8165363030316675,2.6500844955444336
1,517,NH1571,517,1498616800.0,fixed_time_d3,time_d2,2.6675930037875,2.7672200997670493
1,518,NH1572,518,1498617353.0,fixed_time_d3,time_d2,2.8438639431825004,2.8019367853800454
1,520,NH1573,519,1498617768.0,fixed_time_d3,time_d2,2.7471295151525,2.831900119781494
1,522,NH1574,521,1498621809.0,fixed_time_d3,time_d2,2.7811293674241666,2.845704952875773
1,280,NH1302,280,1498637058.5,fixed_time_d3,time_d2,3.014583128788751,2.77022393544515
1,450,NH1491,450,1498643325.0,fixed_time_d3,time_d2,2.4046029571968743,2.542989174524943
1,452,NH1493,452,1498643373.5,fixed_time_d3,time_d2,2.756723655304167,2.7767194906870523
1,451,NH1492,451,1498643617.0,fixed_time_d3,time_d2,2.7699136931808335,2.805436054865519
1,453,NH1494,453,1498644078.0,fixed_time_d3,time_d2,2.8766519621216666,2.782796939214071
1,454,NH1495,454,1498644534.0,fixed_time_d3,time_d2,2.5458145189391668,2.623631318410238
1,455,NH1496,455,1498644867.0,fixed_time_d3,time_d2,2.794155,2.9164249102274575
1,456,NH1497,456,1498645064.0,fixed_time_d3,time_d2,2.7536738371212492,2.720265547434489
1,457,NH1498,457,1498645284.0,fixed_time_d3,time_d2,2.580586496212916,2.6446027755737305
1,521,NH1574,521,1498647951.0,fixed_time_d3,time_d2,2.7811293674241666,2.82666015625
1,519,NH1573,519,1498648050.0,fixed_time_d3,time_d2,2.7471295151525,2.8211326599121094
1,523,NH1575,523,1498648396.0,fixed_time_d3,time_d2,2.53008267424125,2.6081034342447915
1,516,NH1570,516,1498649017.0,fixed_time_d3,time_d2,2.5346034412883336,2.677577495574951
1,359,NH1396,359,1498653566.0,fixed_time_d3,time_d2,2.5963870378785012,2.8397699197133384
1,360,NH1397,360,1498653680.0,fixed_time_d3,time_d2,2.622993156565277,2.62497345606486
1,361,NH1398,361,1498653781.5,fixed_time_d3,time_d2,2.8257200202024997,2.8558589617411294
1,389,NH1430,389,1498660227.0,fixed_time_d3,time_d2,2.598982184847709,2.6888949076334634
1,335,NH1365,335,1498660890.5,fixed_time_d3,time_d2,2.4130399090912498,2.5814778804779053
1,336,NH1366,336,1498661007.0,fixed_time_d3,time_d2,2.8110285681816665,2.958444833755493
1,337,NH1367,337,1498661220.0,fixed_time_d3,time_d2,2.5282417234850003,2.6150995890299478
1,338,NH1368,338,1498662841.0,fixed_time_d3,time_d2,2.9217660000004164,2.949898878733317
1,334,NH1364,334,1498663018.0,fixed_time_d3,time_d2,2.7324893257579177,2.6623913447062173
1,333,NH1363,333,1498663097.0,fixed_time_d3,time_d2,2.8111716136362497,2.734670321146647
1,387,NH1428,387,1498677536.5,fixed_time_d3,time_d2,2.4962147626258337,2.663663705190023
1,386,NH1427,386,1498677807.5,fixed_time_d3,time_d2,2.572204270201666,2.7085417111714682
1,388,NH1429,388,1498678052.0,fixed_time_d3,time_d2,2.7701933131311107,2.845430294672648
1,240,NH1258,240,1498682283.0,fixed_time_d3,time_d2,2.654602325757222,2.603313366572062
1,239,NH1257,239,1498682427.0,fixed_time_d3,time_d2,2.831951083332778,2.76328174273173
1,241,NH1259,241,1498682470.0,fixed_time_d3,time_d2,3.1357789444447226,2.862305482228597
1,444,NH1485,444,1498730538.0,fixed_time_d3,time_d2,2.8668407803025,2.63008721669515
1,445,NH1486,445,1498731001.0,fixed_time_d3,time_d2,2.9221965719687497,2.7549840609232583
1,446,NH1487,446,1498731620.0,fixed_time_d3,time_d2,2.7554371666662503,2.6090166568756104
1,448,NH1489,448,1498731806.5,fixed_time_d3,time_d2,2.961716594697083,2.6240466435750327
1,340,NH1376,340,1498536981.0,fixed_full_d3,time_d2,2.9502337462116666,2.9309514363606772
1,341,NH1377,341,1498537987.0,fixed_full_d3,time_d2,3.017101999999166,2.8527917861938477
1,308,NH1336,308,1498543128.0,fixed_full_d3,time_d2,2.6871744873736114,2.5721508661905923
1,352,NH1388,352,1498544686.0,fixed_full_d3,time_d2,2.7922012689387503,2.957160552342733
1,353,NH1389,353,1498544840.5,fixed_full_d3,time_d2,2.744722598485416,2.6258729298909507
1,406,NH1447,406,1498545499.0,fixed_full_d3,time_d2,2.79463993939375,2.7002381483713784
1,269,NH1291,269,1498555067.0,fixed_full_d3,time_d2,2.8228221780299996,2.6468847592671714
1,268,NH1290,268,1498555272.5,fixed_full_d3,time_d2,2.6928882613641667,2.6278444131215415
1,385,NH1426,385,1498556905.5,fixed_full_d3,time_d2,2.9159720511366674,2.6450074513753257
1,267,NH1289,267,1498557415.5,fixed_full_d3,time_d2,2.8609133787891667,2.7007521788279214
1,266,NH1288,266,1498557641.0,fixed_full_d3,time_d2,2.745617397727917,2.653136889139811
1,307,NH1335,307,1498564294.0,fixed_full_d3,time_d2,3.0797070101005546,2.763906796773275
1,393,NH1434,393,1498570353.0,fixed_full_d3,time_d2,2.8610414507566673,2.5717464288075766
1,369,NH1407,369,1498572947.5,fixed_full_d3,time_d2,2.3724959797983334,2.52372145652771
1,368,NH1406,368,1498573072.0,fixed_full_d3,time_d2,2.6985776186861115,2.565162102381388
1,370,NH1408,370,1498573120.5,fixed_full_d3,time_d2,2.9403473358586107,2.8463364442189536
1,351,NH1387,351,1498575475.0,fixed_full_d3,time_d2,2.6446771856066666,2.5425871213277182
1,356,NH1392,356,1498575825.0,fixed_full_d3,time_d2,2.6571546022733328,2.6749424934387207
1,354,NH1390,354,1498575916.0,fixed_full_d3,time_d2,2.601928625,2.5528367360432944
1,355,NH1391,355,1498576163.0,fixed_full_d3,time_d2,3.0596034772720824,2.9067222277323403
1,357,NH1393,357,1498576169.5,fixed_full_d3,time_d2,2.7594724431812505,2.574971596399943
1,396,NH1437,396,1498580643.5,fixed_full_d3,time_d2,2.4572546287883332,2.5837785402933755
1,397,NH1438,397,1498580706.0,fixed_full_d3,time_d2,2.8197956249991667,2.6784589290618896
1,394,NH1435,394,1498581117.5,fixed_full_d3,time_d2,2.5875511931825,2.592142661412557
1,395,NH1436,395,1498581200.0,fixed_full_d3,time_d2,2.9314942272737503,2.6987223625183105
1,374,NH1412,374,1498581338.0,fixed_full_d3,time_d2,2.7662135151520832,2.6663177808125815
1,373,NH1411,373,1498581417.0,fixed_full_d3,time_d2,2.836565439392917,2.7949944337209067
1,376,NH1414,376,1498582161.0,fixed_full_d3,time_d2,2.5805085795449996,2.6409746011098227
1,377,NH1415,377,1498582635.0,fixed_full_d3,time_d2,2.6120531174233337,2.6099265416463218
1,378,NH1416,378,1498582950.5,fixed_full_d3,time_d2,2.6666781780308337,2.5961290995279946
1,372,NH1410,372,1498583234.0,fixed_full_d3,time_d2,2.5341386022729164,2.722493886947632
1,371,NH1409,371,1498583313.0,fixed_full_d3,time_d2,2.9119232272733337,2.681175867716471
1,381,NH1422,381,1498583329.5,fixed_full_d3,time_d2,2.732614287878125,2.862083355585734
1,382,NH1423,382,1498583392.0,fixed_full_d3,time_d2,2.795841687499792,2.70875612894694
1,383,NH1424,383,1498583487.5,fixed_full_d3,time_d2,2.603203013257291,2.6164782842000327
1,384,NH1425,384,1498584024.0,fixed_full_d3,time_d2,3.090623825757918,2.9652026494344077
1,379,NH1420,379,1498585225.5,fixed_full_d3,time_d2,2.88418860984875,2.727397918701172
1,380,NH1421,380,1498585288.0,fixed_full_d3,time_d2,2.6350029640147916,2.720193942387899
1,309,NH1337,309,1498585683.0,fixed_full_d3,time_d2,2.9226101060613896,2.876428206761678
1,310,NH1338,310,1498586473.0,fixed_full_d3,time_d2,2.9221314431825003,2.813737392425537
1,400,NH1441,400,1498587262.0,fixed_full_d3,time_d2,2.6845978813138895,2.611755847930908
1,399,NH1440,399,1498587350.5,fixed_full_d3,time_d2,2.4855075101008333,2.61232320467631
1,401,NH1442,401,1498587370.0,fixed_full_d3,time_d2,2.690955692424499,2.9231428305308023
1,398,NH1439,398,1498589292.0,fixed_full_d3,time_d2,2.6040388181808334,2.6633965969085693
1,402,NH1443,402,1498589308.0,fixed_full_d3,time_d2,2.6812744053033337,2.6725423336029053
1,365,NH1403,365,1498596283.0,fixed_full_d3,time_d2,2.6668114507575003,2.612052838007609
1,364,NH1402,364,1498596364.0,fixed_full_d3,time_d2,2.7964503750012497,2.5356345971425376
1,366,NH1404,366,1498597027.0,fixed_full_d3,time_d2,2.76952707197,2.6475882530212402
1,367,NH1405,367,1498597108.0,fixed_full_d3,time_d2,2.5459914393941667,2.5850075085957847
1,362,NH1400,362,1498598136.0,fixed_full_d3,time_d2,2.8297341931820834,2.63149356842041
1,390,NH1431,390,1498603234.0,fixed_full_d3,time_d2,2.8693135707070834,2.8510896364847818
1,391,NH1432,391,1498603301.0,fixed_full_d3,time_d2,2.4809344823230552,2.5259599685668945
1,392,NH1433,392,1498603537.0,fixed_full_d3,time_d2,2.8484010959591677,2.795745849609375
1,405,NH1446,405,1498608284.5,fixed_full_d3,time_d2,2.772907863636667,2.8920935789744058
1,408,NH1449,408,1498609102.0,fixed_full_d3,time_d2,2.8542932992424994,2.656124750773112
1,407,NH1448,407,1498609164.5,fixed_full_d3,time_d2,2.7518247045458337,2.7956560452779136
1,403,NH1444,403,1498610132.0,fixed_full_d3,time_d2,2.7301533333329164,2.5258204142252603
1,404,NH1445,404,1498610214.0,fixed_full_d3,time_d2,2.918158560606666,2.7423788706461587
1,221,NH1237,221,1498612523.0,fixed_full_d3,time_d2,2.6849211477270836,2.744229873021444
1,220,NH1236,220,1498614384.5,fixed_full_d3,time_d2,2.8226209318179167,2.6527430216471353
1,298,NH1324,297,1498614937.0,fixed_full_d3,time_d2,2.9338776060612504,2.8452304204305015
1,296,NH1323,295,1498614992.5,fixed_full_d3,time_d2,2.5266099848475,2.580747207005819
1,294,NH1322,293,1498615071.5,fixed_full_d3,time_d2,2.8165363030316675,2.6259100437164307
1,517,NH1571,517,1498616800.0,fixed_full_d3,time_d2,2.6675930037875,2.7595673402150473
1,518,NH1572,518,1498617353.0,fixed_full_d3,time_d2,2.8438639431825004,2.829925060272217
1,520,NH1573,519,1498617768.0,fixed_full_d3,time_d2,2.7471295151525,2.8833096822102866
1,522,NH1574,521,1498621809.0,fixed_full_d3,time_d2,2.7811293674241666,2.7852455774943032
1,280,NH1302,280,1498637058.5,fixed_full_d3,time_d2,3.014583128788751,2.7393983205159507
1,450,NH1491,450,1498643325.0,fixed_full_d3,time_d2,2.4046029571968743,2.5900115966796875
1,452,NH1493,452,1498643373.5,fixed_full_d3,time_d2,2.756723655304167,2.74216898282369
1,451,NH1492,451,1498643617.0,fixed_full_d3,time_d2,2.7699136931808335,2.8267122904459634
1,453,NH1494,453,1498644078.0,fixed_full_d3,time_d2,2.8766519621216666,2.769722064336141
1,454,NH1495,454,1498644534.0,fixed_full_d3,time_d2,2.5458145189391668,2.646796385447184
1,455,NH1496,455,1498644867.0,fixed_full_d3,time_d2,2.794155,2.96028995513916
1,456,NH1497,456,1498645064.0,fixed_full_d3,time_d2,2.7536738371212492,2.740385055541992
1,457,NH1498,457,1498645284.0,fixed_full_d3,time_d2,2.580586496212916,2.656067689259847
1,521,NH1574,521,1498647951.0,fixed_full_d3,time_d2,2.7811293674241666,2.773529291152954
1,519,NH1573,519,1498648050.0,fixed_full_d3,time_d2,2.7471295151525,2.8800694942474365
1,523,NH1575,523,1498648396.0,fixed_full_d3,time_d2,2.53008267424125,2.5904746055603027
1,516,NH1570,516,1498649017.0,fixed_full_d3,time_d2,2.5346034412883336,2.6518717606862388
1,359,NH1396,359,1498653566.0,fixed_full_d3,time_d2,2.5963870378785012,2.7554067770640054
1,360,NH1397,360,1498653680.0,fixed_full_d3,time_d2,2.622993156565277,2.623389720916748
1,361,NH1398,361,1498653781.5,fixed_full_d3,time_d2,2.8257200202024997,2.866898775100708
1,389,NH1430,389,1498660227.0,fixed_full_d3,time_d2,2.598982184847709,2.653228203455607
1,335,NH1365,335,1498660890.5,fixed_full_d3,time_d2,2.4130399090912498,2.567436774571737
1,336,NH1366,336,1498661007.0,fixed_full_d3,time_d2,2.8110285681816665,2.855640093485514
1,337,NH1367,337,1498661220.0,fixed_full_d3,time_d2,2.5282417234850003,2.5947302977244058
1,338,NH1368,338,1498662841.0,fixed_full_d3,time_d2,2.9217660000004164,2.955061117808024
1,334,NH1364,334,1498663018.0,fixed_full_d3,time_d2,2.7324893257579177,2.6324326197306314
1,333,NH1363,333,1498663097.0,fixed_full_d3,time_d2,2.8111716136362497,2.6900712649027505
1,387,NH1428,387,1498677536.5,fixed_full_d3,time_d2,2.4962147626258337,2.6372501055399575
1,386,NH1427,386,1498677807.5,fixed_full_d3,time_d2,2.572204270201666,2.711193323135376
1,388,NH1429,388,1498678052.0,fixed_full_d3,time_d2,2.7701933131311107,2.8234500090281167
1,240,NH1258,240,1498682283.0,fixed_full_d3,time_d2,2.654602325757222,2.621813933054606
1,239,NH1257,239,1498682427.0,fixed_full_d3,time_d2,2.831951083332778,2.7805530230204263
1,241,NH1259,241,1498682470.0,fixed_full_d3,time_d2,3.1357789444447226,2.811131556828817
1,444,NH1485,444,1498730538.0,fixed_full_d3,time_d2,2.8668407803025,2.613888422648112
1,445,NH1486,445,1498731001.0,fixed_full_d3,time_d2,2.9221965719687497,2.783501386642456
1,446,NH1487,446,1498731620.0,fixed_full_d3,time_d2,2.7554371666662503,2.5991143385569253
1,448,NH1489,448,1498731806.5,fixed_full_d3,time_d2,2.961716594697083,2.6166213353474936
2,447,NH1488,447,1498732022.0,nested_selected,time_d3,3.213455666666251,3.0159815152486167
2,449,NH1490,449,1498732951.0,nested_selected,time_d3,3.205263837121666,3.096678892771403
2,443,NH1484,443,1498733098.0,nested_selected,time_d3,3.04554245454625,2.918707529703776
2,442,NH1483,442,1498734414.0,nested_selected,time_d3,3.305119875,3.018821398417155
2,438,NH1479,438,1498736997.5,nested_selected,time_d3,2.7656549090905553,2.658396561940511
2,437,NH1478,437,1498737267.5,nested_selected,time_d3,2.9087390106059994,2.915079196294149
2,439,NH1480,439,1498737459.0,nested_selected,time_d3,2.856577093434167,2.8518643379211426
2,440,NH1481,440,1498737814.0,nested_selected,time_d3,2.5367798143945834,2.547302007675171
2,441,NH1482,441,1498738591.0,nested_selected,time_d3,3.0714249128787503,2.9913852214813232
2,436,NH1477,436,1498739759.0,nested_selected,time_d3,2.8579737840900004,2.6686182022094727
2,421,NH1464,421,1498741055.0,nested_selected,time_d3,2.8710665303020826,2.7729251384735107
2,422,NH1465,422,1498741322.0,nested_selected,time_d3,3.1901213409087497,2.992673317591349
2,423,NH1466,423,1498741937.0,nested_selected,time_d3,2.797970242424584,2.679530620574951
2,469,NH1510,469,1498825160.0,nested_selected,time_d3,2.82887276894,2.747625748316447
2,468,NH1509,468,1498825229.0,nested_selected,time_d3,2.7863670681812502,2.918161233266195
2,470,NH1511,470,1498826279.0,nested_selected,time_d3,2.811349795454166,2.866980791091919
2,471,NH1512,471,1498826374.0,nested_selected,time_d3,2.5712548257574994,2.7126978238423667
2,472,NH1513,472,1498827126.0,nested_selected,time_d3,2.8397837083341666,2.8448684215545654
2,467,NH1508,467,1498827363.0,nested_selected,time_d3,2.7506098939383334,2.857495387395223
2,507,NH1561,507,1498838962.5,nested_selected,time_d3,2.9154196856066665,2.7257494926452637
2,508,NH1562,508,1498838990.0,nested_selected,time_d3,2.9867449545445828,2.606893618901571
2,509,NH1563,509,1498839097.0,nested_selected,time_d3,3.209558715909166,2.9200712045033774
2,510,NH1564,510,1498839854.0,nested_selected,time_d3,3.3299264583341674,2.9686055183410645
2,512,NH1566,512,1498839920.5,nested_selected,time_d3,2.8937555492425004,2.711225907007853
2,511,NH1565,511,1498840185.0,nested_selected,time_d3,3.0193580075754163,2.7254203955332437
2,513,NH1567,513,1498841074.0,nested_selected,time_d3,3.4054379431804156,2.961690902709961
2,506,NH1560,506,1498841096.0,nested_selected,time_d3,2.8437803522733334,2.695972204208374
2,505,NH1559,505,1498841312.0,nested_selected,time_d3,3.026218575757916,2.7666913668314614
2,525,NH1577,525,1498855582.0,nested_selected,time_d3,2.7140443080811116,2.679048776626587
2,526,NH1578,526,1498855650.0,nested_selected,time_d3,2.928948969696666,2.7884560426076255
2,524,NH1576,524,1498855717.0,nested_selected,time_d3,2.7670094217169448,2.6248915990193686
2,493,NH1547,493,1498882998.0,nested_selected,time_d3,2.8696522222222227,2.8477866649627686
2,494,NH1548,494,1498883032.0,nested_selected,time_d3,2.752624828283055,2.807894309361776
2,495,NH1549,495,1498883413.0,nested_selected,time_d3,2.7769003611119447,2.671186923980713
2,482,NH1528,482,1498932471.0,nested_selected,time_d3,2.695868310606111,2.6654106775919595
2,483,NH1529,483,1498932508.0,nested_selected,time_d3,2.8512445277777783,2.7681296666463218
2,484,NH1530,484,1498932605.5,nested_selected,time_d3,3.0451293030302775,2.8850000699361167
2,546,NH1599,546,1498942687.5,nested_selected,time_d3,2.7516804595958333,2.7217798233032227
2,545,NH1598,545,1498942743.0,nested_selected,time_d3,2.583565361110278,2.635990301767985
2,547,NH1600,547,1498942959.5,nested_selected,time_d3,2.8901921085852775,2.9005537827809653
2,542,NH1595,542,1498945670.0,nested_selected,time_d3,2.847530583332917,2.660592555999756
2,541,NH1594,541,1498945775.0,nested_selected,time_d3,2.8696292537883332,2.678314447402954
2,543,NH1596,543,1498946970.0,nested_selected,time_d3,2.9677918446975,2.7129021485646567
2,544,NH1597,544,1498948067.0,nested_selected,time_d3,3.32966174242375,3.035806655883789
2,539,NH1592,539,1498948161.5,nested_selected,time_d3,2.9873053598491666,2.805068333943685
2,540,NH1593,540,1498948271.0,nested_selected,time_d3,3.007452212120417,2.7238447666168213
2,549,NH1602,549,1498948491.0,nested_selected,time_d3,2.6095519949491663,2.64554230372111
2,548,NH1601,548,1498948570.0,nested_selected,time_d3,2.679304651514722,2.9342984358469644
2,550,NH1603,550,1498948597.0,nested_selected,time_d3,2.4643921868686105,2.6388022899627686
2,514,NH1568,514,1498953600.0,nested_selected,time_d3,2.873743284090417,2.711937745412191
2,515,NH1569,515,1498953600.0,nested_selected,time_d3,3.258172492424584,2.9280946254730225
2,552,NH1605,552,1498953600.0,nested_selected,time_d3,2.539839329545001,2.8049020767211914
2,553,NH1606,553,1498953600.0,nested_selected,time_d3,2.7267650037887496,2.906611601511637
2,554,NH1607,554,1498953600.0,nested_selected,time_d3,2.794889651515416,2.7202616532643638
2,555,NH1608,555,1498953600.0,nested_selected,time_d3,2.7100046969695835,2.7676618893941245
2,426,NH1469,426,1498954010.5,nested_selected,time_d3,3.3536392916670836,2.990933895111084
2,427,NH1469,426,1498954010.5,nested_selected,time_d3,3.3536392916670836,2.990981181462606
2,428,NH1470,428,1498954068.0,nested_selected,time_d3,2.9344255719695838,2.819023529688517
2,429,NH1470,428,1498954068.0,nested_selected,time_d3,2.9344255719695838,2.819093704223633
2,430,NH1471,430,1498954145.0,nested_selected,time_d3,2.700038464015417,2.641507148742676
2,431,NH1472,431,1498954226.0,nested_selected,time_d3,2.871240454544792,3.0397842725118003
2,432,NH1473,432,1498954563.5,nested_selected,time_d3,2.8334246988633334,2.7947803338368735
2,433,NH1474,433,1498954901.5,nested_selected,time_d3,2.944900195834292,2.9625301361083984
2,556,NH1609,556,1498961594.5,nested_selected,time_d3,2.808178026515416,2.9371418158213296
2,551,NH1604,551,1498961718.0,nested_selected,time_d3,2.894043181817917,2.824207862218221
2,417,NH1460,417,1498963460.5,nested_selected,time_d3,2.915021795454443,2.7930774688720703
2,418,NH1461,418,1498963483.0,nested_selected,time_d3,2.707362411616389,2.806511561075846
2,419,NH1462,419,1498973496.5,nested_selected,time_d3,2.6863496919191663,2.592806657155355
2,420,NH1463,420,1498974149.0,nested_selected,time_d3,2.520522416666666,2.7052098910013833
2,409,NH1450,409,1498975878.0,nested_selected,time_d3,2.755381289925676,2.7243693669637046
2,410,NH1451,410,1498975989.0,nested_selected,time_d3,3.0433975808080547,2.8170080184936523
2,411,NH1452,411,1498976094.5,nested_selected,time_d3,3.246185393939722,2.9424078464508057
2,434,NH1475,434,1498987965.5,nested_selected,time_d3,2.9112718484852085,2.749164342880249
2,424,NH1467,424,1498988835.5,nested_selected,time_d3,2.779368295454374,2.7439796129862466
2,435,NH1476,435,1498988891.0,nested_selected,time_d3,2.697709937500001,2.7049481868743896
2,425,NH1468,425,1498989163.5,nested_selected,time_d3,2.851153931818126,2.888464371363322
2,558,NH1611,558,1499034494.0,nested_selected,time_d3,2.5755620909088894,2.8025406996409097
2,557,NH1610,557,1499034572.0,nested_selected,time_d3,2.4609179873736116,2.65126625696818
2,559,NH1612,559,1499034745.5,nested_selected,time_d3,2.621274502524444,2.609793504079183
2,479,NH1520,479,1499040000.0,nested_selected,time_d3,2.7224765946977083,2.733970562616984
2,480,NH1521,480,1499040000.0,nested_selected,time_d3,2.683536670454166,2.735077381134033
2,481,NH1522,481,1499040000.0,nested_selected,time_d3,2.93052868939375,2.7991953690846763
2,478,NH1519,478,1499044236.5,nested_selected,time_d3,2.9073547348479165,2.7951924006144204
2,634,NH1757,634,1499044346.0,nested_selected,time_d3,2.8736678383836107,2.8057923316955566
2,635,NH1758,635,1499045010.0,nested_selected,time_d3,2.7538293484841665,2.681162436803182
2,633,NH1755,633,1499051628.0,nested_selected,time_d3,2.868438573232777,2.8868085543314614
2,632,NH1754,632,1499051707.0,nested_selected,time_d3,2.7977523131311104,2.7442654768625894
2,413,NH1455,413,1499060294.0,nested_selected,time_d3,2.7748878939404165,2.7133191426595054
2,415,NH1457,415,1499060343.5,nested_selected,time_d3,2.965334935605833,2.967663367589315
2,412,NH1454,412,1499060373.0,nested_selected,time_d3,2.8213227462112505,2.9995725949605307
2,414,NH1456,414,1499060399.0,nested_selected,time_d3,2.539858378787917,2.7425588766733804
2,416,NH1458,416,1499060952.0,nested_selected,time_d3,2.8149711704537497,2.696427901585897
2,590,NH1671,590,1499087696.5,nested_selected,time_d3,2.7723035265154166,2.5583086013793945
2,591,NH1672,591,1499089211.0,nested_selected,time_d3,2.7109870606066666,2.6535523732503257
2,574,NH1628,574,1499093143.0,nested_selected,time_d3,2.765108738181733,2.709878126780192
2,575,NH1629,575,1499093442.0,nested_selected,time_d3,2.7709344015144453,2.7872798442840576
2,576,NH1630,576,1499093764.0,nested_selected,time_d3,2.9784578535355566,2.984501520792643
2,579,NH1633,579,1499095925.0,nested_selected,time_d3,3.001783654545001,2.7354698181152344
2,572,NH1626,572,1499095930.5,nested_selected,time_d3,2.6289725101013888,2.753874937693278
2,573,NH1627,573,1499096060.0,nested_selected,time_d3,2.64773330808,2.7789546648661294
2,447,NH1488,447,1498732022.0,fixed_raw_d2,time_d3,3.213455666666251,2.9949217637379966
2,449,NH1490,449,1498732951.0,fixed_raw_d2,time_d3,3.205263837121666,3.117262681325277
2,443,NH1484,443,1498733098.0,fixed_raw_d2,time_d3,3.04554245454625,2.9270877043406167
2,442,NH1483,442,1498734414.0,fixed_raw_d2,time_d3,3.305119875,3.0651938120524087
2,438,NH1479,438,1498736997.5,fixed_raw_d2,time_d3,2.7656549090905553,2.622935692469279
2,437,NH1478,437,1498737267.5,fixed_raw_d2,time_d3,2.9087390106059994,2.9272252718607583
2,439,NH1480,439,1498737459.0,fixed_raw_d2,time_d3,2.856577093434167,2.8407065073649087
2,440,NH1481,440,1498737814.0,fixed_raw_d2,time_d3,2.5367798143945834,2.5785272121429443
2,441,NH1482,441,1498738591.0,fixed_raw_d2,time_d3,3.0714249128787503,2.9976563453674316
2,436,NH1477,436,1498739759.0,fixed_raw_d2,time_d3,2.8579737840900004,2.691004753112793
2,421,NH1464,421,1498741055.0,fixed_raw_d2,time_d3,2.8710665303020826,2.780663172403971
2,422,NH1465,422,1498741322.0,fixed_raw_d2,time_d3,3.1901213409087497,3.0359702905019126
2,423,NH1466,423,1498741937.0,fixed_raw_d2,time_d3,2.797970242424584,2.700553019841512
2,469,NH1510,469,1498825160.0,fixed_raw_d2,time_d3,2.82887276894,2.7383905251820884
2,468,NH1509,468,1498825229.0,fixed_raw_d2,time_d3,2.7863670681812502,2.9270095825195312
2,470,NH1511,470,1498826279.0,fixed_raw_d2,time_d3,2.811349795454166,2.8492890993754068
2,471,NH1512,471,1498826374.0,fixed_raw_d2,time_d3,2.5712548257574994,2.6552064418792725
2,472,NH1513,472,1498827126.0,fixed_raw_d2,time_d3,2.8397837083341666,2.810152610143026
2,467,NH1508,467,1498827363.0,fixed_raw_d2,time_d3,2.7506098939383334,2.8370063304901123
2,507,NH1561,507,1498838962.5,fixed_raw_d2,time_d3,2.9154196856066665,2.77135435740153
2,508,NH1562,508,1498838990.0,fixed_raw_d2,time_d3,2.9867449545445828,2.6169958114624023
2,509,NH1563,509,1498839097.0,fixed_raw_d2,time_d3,3.209558715909166,2.9161439736684165
2,510,NH1564,510,1498839854.0,fixed_raw_d2,time_d3,3.3299264583341674,2.996836503346761
2,512,NH1566,512,1498839920.5,fixed_raw_d2,time_d3,2.8937555492425004,2.6785078048706055
2,511,NH1565,511,1498840185.0,fixed_raw_d2,time_d3,3.0193580075754163,2.7139455477396646
2,513,NH1567,513,1498841074.0,fixed_raw_d2,time_d3,3.4054379431804156,2.957142988840739
2,506,NH1560,506,1498841096.0,fixed_raw_d2,time_d3,2.8437803522733334,2.683568557103475
2,505,NH1559,505,1498841312.0,fixed_raw_d2,time_d3,3.026218575757916,2.783515532811483
2,525,NH1577,525,1498855582.0,fixed_raw_d2,time_d3,2.7140443080811116,2.659729798634847
2,526,NH1578,526,1498855650.0,fixed_raw_d2,time_d3,2.928948969696666,2.7760469118754068
2,524,NH1576,524,1498855717.0,fixed_raw_d2,time_d3,2.7670094217169448,2.6153891881306968
2,493,NH1547,493,1498882998.0,fixed_raw_d2,time_d3,2.8696522222222227,2.8258917331695557
2,494,NH1548,494,1498883032.0,fixed_raw_d2,time_d3,2.752624828283055,2.74241042137146
2,495,NH1549,495,1498883413.0,fixed_raw_d2,time_d3,2.7769003611119447,2.6195484002431235
2,482,NH1528,482,1498932471.0,fixed_raw_d2,time_d3,2.695868310606111,2.597720464070638
2,483,NH1529,483,1498932508.0,fixed_raw_d2,time_d3,2.8512445277777783,2.762181123097738
2,484,NH1530,484,1498932605.5,fixed_raw_d2,time_d3,3.0451293030302775,2.8330589135487876
2,546,NH1599,546,1498942687.5,fixed_raw_d2,time_d3,2.7516804595958333,2.715127944946289
2,545,NH1598,545,1498942743.0,fixed_raw_d2,time_d3,2.583565361110278,2.631826162338257
2,547,NH1600,547,1498942959.5,fixed_raw_d2,time_d3,2.8901921085852775,2.9130584398905435
2,542,NH1595,542,1498945670.0,fixed_raw_d2,time_d3,2.847530583332917,2.601865291595459
2,541,NH1594,541,1498945775.0,fixed_raw_d2,time_d3,2.8696292537883332,2.6186527411142984
2,543,NH1596,543,1498946970.0,fixed_raw_d2,time_d3,2.9677918446975,2.6571877797444663
2,544,NH1597,544,1498948067.0,fixed_raw_d2,time_d3,3.32966174242375,3.04099448521932
2,539,NH1592,539,1498948161.5,fixed_raw_d2,time_d3,2.9873053598491666,2.7353382110595703
2,540,NH1593,540,1498948271.0,fixed_raw_d2,time_d3,3.007452212120417,2.6968077023824057
2,549,NH1602,549,1498948491.0,fixed_raw_d2,time_d3,2.6095519949491663,2.630380392074585
2,548,NH1601,548,1498948570.0,fixed_raw_d2,time_d3,2.679304651514722,2.913410266240438
2,550,NH1603,550,1498948597.0,fixed_raw_d2,time_d3,2.4643921868686105,2.623959541320801
2,514,NH1568,514,1498953600.0,fixed_raw_d2,time_d3,2.873743284090417,2.6605844497680664
2,515,NH1569,515,1498953600.0,fixed_raw_d2,time_d3,3.258172492424584,2.8649442195892334
2,552,NH1605,552,1498953600.0,fixed_raw_d2,time_d3,2.539839329545001,2.750648816426595
2,553,NH1606,553,1498953600.0,fixed_raw_d2,time_d3,2.7267650037887496,2.889432668685913
2,554,NH1607,554,1498953600.0,fixed_raw_d2,time_d3,2.794889651515416,2.719121217727661
2,555,NH1608,555,1498953600.0,fixed_raw_d2,time_d3,2.7100046969695835,2.710909605026245
2,426,NH1469,426,1498954010.5,fixed_raw_d2,time_d3,3.3536392916670836,2.979908307393392
2,427,NH1469,426,1498954010.5,fixed_raw_d2,time_d3,3.3536392916670836,2.9779693285624185
2,428,NH1470,428,1498954068.0,fixed_raw_d2,time_d3,2.9344255719695838,2.7911156018575034
2,429,NH1470,428,1498954068.0,fixed_raw_d2,time_d3,2.9344255719695838,2.7887445290883384
2,430,NH1471,430,1498954145.0,fixed_raw_d2,time_d3,2.700038464015417,2.60892120997111
2,431,NH1472,431,1498954226.0,fixed_raw_d2,time_d3,2.871240454544792,3.0590224266052246
2,432,NH1473,432,1498954563.5,fixed_raw_d2,time_d3,2.8334246988633334,2.723745346069336
2,433,NH1474,433,1498954901.5,fixed_raw_d2,time_d3,2.944900195834292,2.952615737915039
2,556,NH1609,556,1498961594.5,fixed_raw_d2,time_d3,2.808178026515416,2.9357380867004395
2,551,NH1604,551,1498961718.0,fixed_raw_d2,time_d3,2.894043181817917,2.79644775390625
2,417,NH1460,417,1498963460.5,fixed_raw_d2,time_d3,2.915021795454443,2.7608052094777427
2,418,NH1461,418,1498963483.0,fixed_raw_d2,time_d3,2.707362411616389,2.7889605363210044
2,419,NH1462,419,1498973496.5,fixed_raw_d2,time_d3,2.6863496919191663,2.560541311899821
2,420,NH1463,420,1498974149.0,fixed_raw_d2,time_d3,2.520522416666666,2.6880878607432046
2,409,NH1450,409,1498975878.0,fixed_raw_d2,time_d3,2.755381289925676,2.705763101577759
2,410,NH1451,410,1498975989.0,fixed_raw_d2,time_d3,3.0433975808080547,2.774984916051229
2,411,NH1452,411,1498976094.5,fixed_raw_d2,time_d3,3.246185393939722,2.888521750768026
2,434,NH1475,434,1498987965.5,fixed_raw_d2,time_d3,2.9112718484852085,2.6820024649302163
2,424,NH1467,424,1498988835.5,fixed_raw_d2,time_d3,2.779368295454374,2.662811279296875
2,435,NH1476,435,1498988891.0,fixed_raw_d2,time_d3,2.697709937500001,2.66111954053243
2,425,NH1468,425,1498989163.5,fixed_raw_d2,time_d3,2.851153931818126,2.841491460800171
2,558,NH1611,558,1499034494.0,fixed_raw_d2,time_d3,2.5755620909088894,2.788557767868042
2,557,NH1610,557,1499034572.0,fixed_raw_d2,time_d3,2.4609179873736116,2.5898664792378745
2,559,NH1612,559,1499034745.5,fixed_raw_d2,time_d3,2.621274502524444,2.5892744859059653
2,479,NH1520,479,1499040000.0,fixed_raw_d2,time_d3,2.7224765946977083,2.7203129132588706
2,480,NH1521,480,1499040000.0,fixed_raw_d2,time_d3,2.683536670454166,2.730773131052653
2,481,NH1522,481,1499040000.0,fixed_raw_d2,time_d3,2.93052868939375,2.783886114756266
2,478,NH1519,478,1499044236.5,fixed_raw_d2,time_d3,2.9073547348479165,2.823663314183553
2,634,NH1757,634,1499044346.0,fixed_raw_d2,time_d3,2.8736678383836107,2.6992873350779214
2,635,NH1758,635,1499045010.0,fixed_raw_d2,time_d3,2.7538293484841665,2.708018143971761
2,633,NH1755,633,1499051628.0,fixed_raw_d2,time_d3,2.868438573232777,2.8486502170562744
2,632,NH1754,632,1499051707.0,fixed_raw_d2,time_d3,2.7977523131311104,2.7319303353627524
2,413,NH1455,413,1499060294.0,fixed_raw_d2,time_d3,2.7748878939404165,2.6293387413024902
2,415,NH1457,415,1499060343.5,fixed_raw_d2,time_d3,2.965334935605833,2.890669902165731
2,412,NH1454,412,1499060373.0,fixed_raw_d2,time_d3,2.8213227462112505,2.927323579788208
2,414,NH1456,414,1499060399.0,fixed_raw_d2,time_d3,2.539858378787917,2.6892075538635254
2,416,NH1458,416,1499060952.0,fixed_raw_d2,time_d3,2.8149711704537497,2.6226471265157065
2,590,NH1671,590,1499087696.5,fixed_raw_d2,time_d3,2.7723035265154166,2.51776917775472
2,591,NH1672,591,1499089211.0,fixed_raw_d2,time_d3,2.7109870606066666,2.6147239208221436
2,574,NH1628,574,1499093143.0,fixed_raw_d2,time_d3,2.765108738181733,2.683165947596232
2,575,NH1629,575,1499093442.0,fixed_raw_d2,time_d3,2.7709344015144453,2.708418687184652
2,576,NH1630,576,1499093764.0,fixed_raw_d2,time_d3,2.9784578535355566,2.9234127203623452
2,579,NH1633,579,1499095925.0,fixed_raw_d2,time_d3,3.001783654545001,2.7116320927937827
2,572,NH1626,572,1499095930.5,fixed_raw_d2,time_d3,2.6289725101013888,2.7243268489837646
2,573,NH1627,573,1499096060.0,fixed_raw_d2,time_d3,2.64773330808,2.721691449483236
2,447,NH1488,447,1498732022.0,fixed_full_d2,time_d3,3.213455666666251,3.0354665915171304
2,449,NH1490,449,1498732951.0,fixed_full_d2,time_d3,3.205263837121666,3.0976738929748535
2,443,NH1484,443,1498733098.0,fixed_full_d2,time_d3,3.04554245454625,2.849722067515055
2,442,NH1483,442,1498734414.0,fixed_full_d2,time_d3,3.305119875,3.048889954884847
2,438,NH1479,438,1498736997.5,fixed_full_d2,time_d3,2.7656549090905553,2.6880789597829184
2,437,NH1478,437,1498737267.5,fixed_full_d2,time_d3,2.9087390106059994,2.955854892730713
2,439,NH1480,439,1498737459.0,fixed_full_d2,time_d3,2.856577093434167,2.8917765617370605
2,440,NH1481,440,1498737814.0,fixed_full_d2,time_d3,2.5367798143945834,2.518440008163452
2,441,NH1482,441,1498738591.0,fixed_full_d2,time_d3,3.0714249128787503,3.023378849029541
2,436,NH1477,436,1498739759.0,fixed_full_d2,time_d3,2.8579737840900004,2.708171526590983
2,421,NH1464,421,1498741055.0,fixed_full_d2,time_d3,2.8710665303020826,2.81769069035848
2,422,NH1465,422,1498741322.0,fixed_full_d2,time_d3,3.1901213409087497,3.048668384552002
2,423,NH1466,423,1498741937.0,fixed_full_d2,time_d3,2.797970242424584,2.7291731039683023
2,469,NH1510,469,1498825160.0,fixed_full_d2,time_d3,2.82887276894,2.7797412077585855
2,468,NH1509,468,1498825229.0,fixed_full_d2,time_d3,2.7863670681812502,2.8765288988749185
2,470,NH1511,470,1498826279.0,fixed_full_d2,time_d3,2.811349795454166,2.8720357418060303
2,471,NH1512,471,1498826374.0,fixed_full_d2,time_d3,2.5712548257574994,2.696164687474569
2,472,NH1513,472,1498827126.0,fixed_full_d2,time_d3,2.8397837083341666,2.7868043581644693
2,467,NH1508,467,1498827363.0,fixed_full_d2,time_d3,2.7506098939383334,2.833712180455526
2,507,NH1561,507,1498838962.5,fixed_full_d2,time_d3,2.9154196856066665,2.717574675877889
2,508,NH1562,508,1498838990.0,fixed_full_d2,time_d3,2.9867449545445828,2.5926413536071777
2,509,NH1563,509,1498839097.0,fixed_full_d2,time_d3,3.209558715909166,2.917022466659546
2,510,NH1564,510,1498839854.0,fixed_full_d2,time_d3,3.3299264583341674,3.0117979049682617
2,512,NH1566,512,1498839920.5,fixed_full_d2,time_d3,2.8937555492425004,2.6881887912750244
2,511,NH1565,511,1498840185.0,fixed_full_d2,time_d3,3.0193580075754163,2.7576345602671304
2,513,NH1567,513,1498841074.0,fixed_full_d2,time_d3,3.4054379431804156,2.948058287302653
2,506,NH1560,506,1498841096.0,fixed_full_d2,time_d3,2.8437803522733334,2.672316312789917
2,505,NH1559,505,1498841312.0,fixed_full_d2,time_d3,3.026218575757916,2.7266778151194253
2,525,NH1577,525,1498855582.0,fixed_full_d2,time_d3,2.7140443080811116,2.6626192728678384
2,526,NH1578,526,1498855650.0,fixed_full_d2,time_d3,2.928948969696666,2.807795524597168
2,524,NH1576,524,1498855717.0,fixed_full_d2,time_d3,2.7670094217169448,2.5981403986612954
2,493,NH1547,493,1498882998.0,fixed_full_d2,time_d3,2.8696522222222227,2.9020110766092935
2,494,NH1548,494,1498883032.0,fixed_full_d2,time_d3,2.752624828283055,2.827950874964396
2,495,NH1549,495,1498883413.0,fixed_full_d2,time_d3,2.7769003611119447,2.623514095942179
2,482,NH1528,482,1498932471.0,fixed_full_d2,time_d3,2.695868310606111,2.6185854276021323
2,483,NH1529,483,1498932508.0,fixed_full_d2,time_d3,2.8512445277777783,2.763716697692871
2,484,NH1530,484,1498932605.5,fixed_full_d2,time_d3,3.0451293030302775,2.8514062563578286
2,546,NH1599,546,1498942687.5,fixed_full_d2,time_d3,2.7516804595958333,2.6569701035817466
2,545,NH1598,545,1498942743.0,fixed_full_d2,time_d3,2.583565361110278,2.576387961705526
2,547,NH1600,547,1498942959.5,fixed_full_d2,time_d3,2.8901921085852775,2.835675080617269
2,542,NH1595,542,1498945670.0,fixed_full_d2,time_d3,2.847530583332917,2.6126293341318765
2,541,NH1594,541,1498945775.0,fixed_full_d2,time_d3,2.8696292537883332,2.6358575026194253
2,543,NH1596,543,1498946970.0,fixed_full_d2,time_d3,2.9677918446975,2.703117529551188
2,544,NH1597,544,1498948067.0,fixed_full_d2,time_d3,3.32966174242375,3.0440852642059326
2,539,NH1592,539,1498948161.5,fixed_full_d2,time_d3,2.9873053598491666,2.8042070070902505
2,540,NH1593,540,1498948271.0,fixed_full_d2,time_d3,3.007452212120417,2.744986375172933
2,549,NH1602,549,1498948491.0,fixed_full_d2,time_d3,2.6095519949491663,2.651378313700358
2,548,NH1601,548,1498948570.0,fixed_full_d2,time_d3,2.679304651514722,2.875682751337687
2,550,NH1603,550,1498948597.0,fixed_full_d2,time_d3,2.4643921868686105,2.6022247473398843
2,514,NH1568,514,1498953600.0,fixed_full_d2,time_d3,2.873743284090417,2.7204304536183677
2,515,NH1569,515,1498953600.0,fixed_full_d2,time_d3,3.258172492424584,2.9651615619659424
2,552,NH1605,552,1498953600.0,fixed_full_d2,time_d3,2.539839329545001,2.765401045481364
2,553,NH1606,553,1498953600.0,fixed_full_d2,time_d3,2.7267650037887496,2.890653610229492
2,554,NH1607,554,1498953600.0,fixed_full_d2,time_d3,2.794889651515416,2.7007420857747397
2,555,NH1608,555,1498953600.0,fixed_full_d2,time_d3,2.7100046969695835,2.730305035909017
2,426,NH1469,426,1498954010.5,fixed_full_d2,time_d3,3.3536392916670836,3.0197017192840576
2,427,NH1469,426,1498954010.5,fixed_full_d2,time_d3,3.3536392916670836,3.02821413675944
2,428,NH1470,428,1498954068.0,fixed_full_d2,time_d3,2.9344255719695838,2.7362520694732666
2,429,NH1470,428,1498954068.0,fixed_full_d2,time_d3,2.9344255719695838,2.7484634717305503
2,430,NH1471,430,1498954145.0,fixed_full_d2,time_d3,2.700038464015417,2.584812800089518
2,431,NH1472,431,1498954226.0,fixed_full_d2,time_d3,2.871240454544792,3.0629755655924478
2,432,NH1473,432,1498954563.5,fixed_full_d2,time_d3,2.8334246988633334,2.7473622957865396
2,433,NH1474,433,1498954901.5,fixed_full_d2,time_d3,2.944900195834292,2.9562062422434487
2,556,NH1609,556,1498961594.5,fixed_full_d2,time_d3,2.808178026515416,2.9366663297017417
2,551,NH1604,551,1498961718.0,fixed_full_d2,time_d3,2.894043181817917,2.8076794147491455
2,417,NH1460,417,1498963460.5,fixed_full_d2,time_d3,2.915021795454443,2.7858313719431558
2,418,NH1461,418,1498963483.0,fixed_full_d2,time_d3,2.707362411616389,2.8003276189168296
2,419,NH1462,419,1498973496.5,fixed_full_d2,time_d3,2.6863496919191663,2.54624350865682
2,420,NH1463,420,1498974149.0,fixed_full_d2,time_d3,2.520522416666666,2.7166014512379966
2,409,NH1450,409,1498975878.0,fixed_full_d2,time_d3,2.755381289925676,2.686828851699829
2,410,NH1451,410,1498975989.0,fixed_full_d2,time_d3,3.0433975808080547,2.7988456090291343
2,411,NH1452,411,1498976094.5,fixed_full_d2,time_d3,3.246185393939722,2.91260560353597
2,434,NH1475,434,1498987965.5,fixed_full_d2,time_d3,2.9112718484852085,2.70365047454834
2,424,NH1467,424,1498988835.5,fixed_full_d2,time_d3,2.779368295454374,2.700249433517456
2,435,NH1476,435,1498988891.0,fixed_full_d2,time_d3,2.697709937500001,2.6378668944040933
2,425,NH1468,425,1498989163.5,fixed_full_d2,time_d3,2.851153931818126,2.8605138460795083
2,558,NH1611,558,1499034494.0,fixed_full_d2,time_d3,2.5755620909088894,2.822661797205607
2,557,NH1610,557,1499034572.0,fixed_full_d2,time_d3,2.4609179873736116,2.667062997817993
2,559,NH1612,559,1499034745.5,fixed_full_d2,time_d3,2.621274502524444,2.6164929072062173
2,479,NH1520,479,1499040000.0,fixed_full_d2,time_d3,2.7224765946977083,2.750433842341105
2,480,NH1521,480,1499040000.0,fixed_full_d2,time_d3,2.683536670454166,2.814040501912435
2,481,NH1522,481,1499040000.0,fixed_full_d2,time_d3,2.93052868939375,2.8260250091552734
2,478,NH1519,478,1499044236.5,fixed_full_d2,time_d3,2.9073547348479165,2.801307280858358
2,634,NH1757,634,1499044346.0,fixed_full_d2,time_d3,2.8736678383836107,2.7923502922058105
2,635,NH1758,635,1499045010.0,fixed_full_d2,time_d3,2.7538293484841665,2.7013771533966064
2,633,NH1755,633,1499051628.0,fixed_full_d2,time_d3,2.868438573232777,2.8858500321706138
2,632,NH1754,632,1499051707.0,fixed_full_d2,time_d3,2.7977523131311104,2.7538166840871177
2,413,NH1455,413,1499060294.0,fixed_full_d2,time_d3,2.7748878939404165,2.6662067572275796
2,415,NH1457,415,1499060343.5,fixed_full_d2,time_d3,2.965334935605833,2.9685701529184976
2,412,NH1454,412,1499060373.0,fixed_full_d2,time_d3,2.8213227462112505,2.9938395023345947
2,414,NH1456,414,1499060399.0,fixed_full_d2,time_d3,2.539858378787917,2.7151502768198648
2,416,NH1458,416,1499060952.0,fixed_full_d2,time_d3,2.8149711704537497,2.678609927495321
2,590,NH1671,590,1499087696.5,fixed_full_d2,time_d3,2.7723035265154166,2.5451451937357583
2,591,NH1672,591,1499089211.0,fixed_full_d2,time_d3,2.7109870606066666,2.6500206788380942
2,574,NH1628,574,1499093143.0,fixed_full_d2,time_d3,2.765108738181733,2.6901734670003257
2,575,NH1629,575,1499093442.0,fixed_full_d2,time_d3,2.7709344015144453,2.734781185785929
2,576,NH1630,576,1499093764.0,fixed_full_d2,time_d3,2.9784578535355566,3.0040953159332275
2,579,NH1633,579,1499095925.0,fixed_full_d2,time_d3,3.001783654545001,2.733241001764933
2,572,NH1626,572,1499095930.5,fixed_full_d2,time_d3,2.6289725101013888,2.755525827407837
2,573,NH1627,573,1499096060.0,fixed_full_d2,time_d3,2.64773330808,2.7502225240071616
2,447,NH1488,447,1498732022.0,mean_baseline,time_d3,3.213455666666251,2.7736830395720364
2,449,NH1490,449,1498732951.0,mean_baseline,time_d3,3.205263837121666,2.7736830395720364
2,443,NH1484,443,1498733098.0,mean_baseline,time_d3,3.04554245454625,2.7736830395720364
2,442,NH1483,442,1498734414.0,mean_baseline,time_d3,3.305119875,2.7736830395720364
2,438,NH1479,438,1498736997.5,mean_baseline,time_d3,2.7656549090905553,2.7736830395720364
2,437,NH1478,437,1498737267.5,mean_baseline,time_d3,2.9087390106059994,2.7736830395720364
2,439,NH1480,439,1498737459.0,mean_baseline,time_d3,2.856577093434167,2.7736830395720364
2,440,NH1481,440,1498737814.0,mean_baseline,time_d3,2.5367798143945834,2.7736830395720364
2,441,NH1482,441,1498738591.0,mean_baseline,time_d3,3.0714249128787503,2.7736830395720364
2,436,NH1477,436,1498739759.0,mean_baseline,time_d3,2.8579737840900004,2.7736830395720364
2,421,NH1464,421,1498741055.0,mean_baseline,time_d3,2.8710665303020826,2.7736830395720364
2,422,NH1465,422,1498741322.0,mean_baseline,time_d3,3.1901213409087497,2.7736830395720364
2,423,NH1466,423,1498741937.0,mean_baseline,time_d3,2.797970242424584,2.7736830395720364
2,469,NH1510,469,1498825160.0,mean_baseline,time_d3,2.82887276894,2.7736830395720364
2,468,NH1509,468,1498825229.0,mean_baseline,time_d3,2.7863670681812502,2.7736830395720364
2,470,NH1511,470,1498826279.0,mean_baseline,time_d3,2.811349795454166,2.7736830395720364
2,471,NH1512,471,1498826374.0,mean_baseline,time_d3,2.5712548257574994,2.7736830395720364
2,472,NH1513,472,1498827126.0,mean_baseline,time_d3,2.8397837083341666,2.7736830395720364
2,467,NH1508,467,1498827363.0,mean_baseline,time_d3,2.7506098939383334,2.7736830395720364
2,507,NH1561,507,1498838962.5,mean_baseline,time_d3,2.9154196856066665,2.7736830395720364
2,508,NH1562,508,1498838990.0,mean_baseline,time_d3,2.9867449545445828,2.7736830395720364
2,509,NH1563,509,1498839097.0,mean_baseline,time_d3,3.209558715909166,2.7736830395720364
2,510,NH1564,510,1498839854.0,mean_baseline,time_d3,3.3299264583341674,2.7736830395720364
2,512,NH1566,512,1498839920.5,mean_baseline,time_d3,2.8937555492425004,2.7736830395720364
2,511,NH1565,511,1498840185.0,mean_baseline,time_d3,3.0193580075754163,2.7736830395720364
2,513,NH1567,513,1498841074.0,mean_baseline,time_d3,3.4054379431804156,2.7736830395720364
2,506,NH1560,506,1498841096.0,mean_baseline,time_d3,2.8437803522733334,2.7736830395720364
2,505,NH1559,505,1498841312.0,mean_baseline,time_d3,3.026218575757916,2.7736830395720364
2,525,NH1577,525,1498855582.0,mean_baseline,time_d3,2.7140443080811116,2.7736830395720364
2,526,NH1578,526,1498855650.0,mean_baseline,time_d3,2.928948969696666,2.7736830395720364
2,524,NH1576,524,1498855717.0,mean_baseline,time_d3,2.7670094217169448,2.7736830395720364
2,493,NH1547,493,1498882998.0,mean_baseline,time_d3,2.8696522222222227,2.7736830395720364
2,494,NH1548,494,1498883032.0,mean_baseline,time_d3,2.752624828283055,2.7736830395720364
2,495,NH1549,495,1498883413.0,mean_baseline,time_d3,2.7769003611119447,2.7736830395720364
2,482,NH1528,482,1498932471.0,mean_baseline,time_d3,2.695868310606111,2.7736830395720364
2,483,NH1529,483,1498932508.0,mean_baseline,time_d3,2.8512445277777783,2.7736830395720364
2,484,NH1530,484,1498932605.5,mean_baseline,time_d3,3.0451293030302775,2.7736830395720364
2,546,NH1599,546,1498942687.5,mean_baseline,time_d3,2.7516804595958333,2.7736830395720364
2,545,NH1598,545,1498942743.0,mean_baseline,time_d3,2.583565361110278,2.7736830395720364
2,547,NH1600,547,1498942959.5,mean_baseline,time_d3,2.8901921085852775,2.7736830395720364
2,542,NH1595,542,1498945670.0,mean_baseline,time_d3,2.847530583332917,2.7736830395720364
2,541,NH1594,541,1498945775.0,mean_baseline,time_d3,2.8696292537883332,2.7736830395720364
2,543,NH1596,543,1498946970.0,mean_baseline,time_d3,2.9677918446975,2.7736830395720364
2,544,NH1597,544,1498948067.0,mean_baseline,time_d3,3.32966174242375,2.7736830395720364
2,539,NH1592,539,1498948161.5,mean_baseline,time_d3,2.9873053598491666,2.7736830395720364
2,540,NH1593,540,1498948271.0,mean_baseline,time_d3,3.007452212120417,2.7736830395720364
2,549,NH1602,549,1498948491.0,mean_baseline,time_d3,2.6095519949491663,2.7736830395720364
2,548,NH1601,548,1498948570.0,mean_baseline,time_d3,2.679304651514722,2.7736830395720364
2,550,NH1603,550,1498948597.0,mean_baseline,time_d3,2.4643921868686105,2.7736830395720364
2,514,NH1568,514,1498953600.0,mean_baseline,time_d3,2.873743284090417,2.7736830395720364
2,515,NH1569,515,1498953600.0,mean_baseline,time_d3,3.258172492424584,2.7736830395720364
2,552,NH1605,552,1498953600.0,mean_baseline,time_d3,2.539839329545001,2.7736830395720364
2,553,NH1606,553,1498953600.0,mean_baseline,time_d3,2.7267650037887496,2.7736830395720364
2,554,NH1607,554,1498953600.0,mean_baseline,time_d3,2.794889651515416,2.7736830395720364
2,555,NH1608,555,1498953600.0,mean_baseline,time_d3,2.7100046969695835,2.7736830395720364
2,426,NH1469,426,1498954010.5,mean_baseline,time_d3,3.3536392916670836,2.7736830395720364
2,427,NH1469,426,1498954010.5,mean_baseline,time_d3,3.3536392916670836,2.7736830395720364
2,428,NH1470,428,1498954068.0,mean_baseline,time_d3,2.9344255719695838,2.7736830395720364
2,429,NH1470,428,1498954068.0,mean_baseline,time_d3,2.9344255719695838,2.7736830395720364
2,430,NH1471,430,1498954145.0,mean_baseline,time_d3,2.700038464015417,2.7736830395720364
2,431,NH1472,431,1498954226.0,mean_baseline,time_d3,2.871240454544792,2.7736830395720364
2,432,NH1473,432,1498954563.5,mean_baseline,time_d3,2.8334246988633334,2.7736830395720364
2,433,NH1474,433,1498954901.5,mean_baseline,time_d3,2.944900195834292,2.7736830395720364
2,556,NH1609,556,1498961594.5,mean_baseline,time_d3,2.808178026515416,2.7736830395720364
2,551,NH1604,551,1498961718.0,mean_baseline,time_d3,2.894043181817917,2.7736830395720364
2,417,NH1460,417,1498963460.5,mean_baseline,time_d3,2.915021795454443,2.7736830395720364
2,418,NH1461,418,1498963483.0,mean_baseline,time_d3,2.707362411616389,2.7736830395720364
2,419,NH1462,419,1498973496.5,mean_baseline,time_d3,2.6863496919191663,2.7736830395720364
2,420,NH1463,420,1498974149.0,mean_baseline,time_d3,2.520522416666666,2.7736830395720364
2,409,NH1450,409,1498975878.0,mean_baseline,time_d3,2.755381289925676,2.7736830395720364
2,410,NH1451,410,1498975989.0,mean_baseline,time_d3,3.0433975808080547,2.7736830395720364
2,411,NH1452,411,1498976094.5,mean_baseline,time_d3,3.246185393939722,2.7736830395720364
2,434,NH1475,434,1498987965.5,mean_baseline,time_d3,2.9112718484852085,2.7736830395720364
2,424,NH1467,424,1498988835.5,mean_baseline,time_d3,2.779368295454374,2.7736830395720364
2,435,NH1476,435,1498988891.0,mean_baseline,time_d3,2.697709937500001,2.7736830395720364
2,425,NH1468,425,1498989163.5,mean_baseline,time_d3,2.851153931818126,2.7736830395720364
2,558,NH1611,558,1499034494.0,mean_baseline,time_d3,2.5755620909088894,2.7736830395720364
2,557,NH1610,557,1499034572.0,mean_baseline,time_d3,2.4609179873736116,2.7736830395720364
2,559,NH1612,559,1499034745.5,mean_baseline,time_d3,2.621274502524444,2.7736830395720364
2,479,NH1520,479,1499040000.0,mean_baseline,time_d3,2.7224765946977083,2.7736830395720364
2,480,NH1521,480,1499040000.0,mean_baseline,time_d3,2.683536670454166,2.7736830395720364
2,481,NH1522,481,1499040000.0,mean_baseline,time_d3,2.93052868939375,2.7736830395720364
2,478,NH1519,478,1499044236.5,mean_baseline,time_d3,2.9073547348479165,2.7736830395720364
2,634,NH1757,634,1499044346.0,mean_baseline,time_d3,2.8736678383836107,2.7736830395720364
2,635,NH1758,635,1499045010.0,mean_baseline,time_d3,2.7538293484841665,2.7736830395720364
2,633,NH1755,633,1499051628.0,mean_baseline,time_d3,2.868438573232777,2.7736830395720364
2,632,NH1754,632,1499051707.0,mean_baseline,time_d3,2.7977523131311104,2.7736830395720364
2,413,NH1455,413,1499060294.0,mean_baseline,time_d3,2.7748878939404165,2.7736830395720364
2,415,NH1457,415,1499060343.5,mean_baseline,time_d3,2.965334935605833,2.7736830395720364
2,412,NH1454,412,1499060373.0,mean_baseline,time_d3,2.8213227462112505,2.7736830395720364
2,414,NH1456,414,1499060399.0,mean_baseline,time_d3,2.539858378787917,2.7736830395720364
2,416,NH1458,416,1499060952.0,mean_baseline,time_d3,2.8149711704537497,2.7736830395720364
2,590,NH1671,590,1499087696.5,mean_baseline,time_d3,2.7723035265154166,2.7736830395720364
2,591,NH1672,591,1499089211.0,mean_baseline,time_d3,2.7109870606066666,2.7736830395720364
2,574,NH1628,574,1499093143.0,mean_baseline,time_d3,2.765108738181733,2.7736830395720364
2,575,NH1629,575,1499093442.0,mean_baseline,time_d3,2.7709344015144453,2.7736830395720364
2,576,NH1630,576,1499093764.0,mean_baseline,time_d3,2.9784578535355566,2.7736830395720364
2,579,NH1633,579,1499095925.0,mean_baseline,time_d3,3.001783654545001,2.7736830395720364
2,572,NH1626,572,1499095930.5,mean_baseline,time_d3,2.6289725101013888,2.7736830395720364
2,573,NH1627,573,1499096060.0,mean_baseline,time_d3,2.64773330808,2.7736830395720364
2,447,NH1488,447,1498732022.0,fixed_raw_d3,time_d3,3.213455666666251,2.979753255844116
2,449,NH1490,449,1498732951.0,fixed_raw_d3,time_d3,3.205263837121666,3.0755417346954346
2,443,NH1484,443,1498733098.0,fixed_raw_d3,time_d3,3.04554245454625,2.9334795475006104
2,442,NH1483,442,1498734414.0,fixed_raw_d3,time_d3,3.305119875,3.019479592641195
2,438,NH1479,438,1498736997.5,fixed_raw_d3,time_d3,2.7656549090905553,2.6314103603363037
2,437,NH1478,437,1498737267.5,fixed_raw_d3,time_d3,2.9087390106059994,2.93878706296285
2,439,NH1480,439,1498737459.0,fixed_raw_d3,time_d3,2.856577093434167,2.8594184716542563
2,440,NH1481,440,1498737814.0,fixed_raw_d3,time_d3,2.5367798143945834,2.599120616912842
2,441,NH1482,441,1498738591.0,fixed_raw_d3,time_d3,3.0714249128787503,2.993326266606649
2,436,NH1477,436,1498739759.0,fixed_raw_d3,time_d3,2.8579737840900004,2.689683755238851
2,421,NH1464,421,1498741055.0,fixed_raw_d3,time_d3,2.8710665303020826,2.7702482541402182
2,422,NH1465,422,1498741322.0,fixed_raw_d3,time_d3,3.1901213409087497,3.041322708129883
2,423,NH1466,423,1498741937.0,fixed_raw_d3,time_d3,2.797970242424584,2.6771746476491294
2,469,NH1510,469,1498825160.0,fixed_raw_d3,time_d3,2.82887276894,2.729806979497274
2,468,NH1509,468,1498825229.0,fixed_raw_d3,time_d3,2.7863670681812502,2.934302488962809
2,470,NH1511,470,1498826279.0,fixed_raw_d3,time_d3,2.811349795454166,2.834070841471354
2,471,NH1512,471,1498826374.0,fixed_raw_d3,time_d3,2.5712548257574994,2.6698074340820312
2,472,NH1513,472,1498827126.0,fixed_raw_d3,time_d3,2.8397837083341666,2.8363184928894043
2,467,NH1508,467,1498827363.0,fixed_raw_d3,time_d3,2.7506098939383334,2.851325432459513
2,507,NH1561,507,1498838962.5,fixed_raw_d3,time_d3,2.9154196856066665,2.7544447580973306
2,508,NH1562,508,1498838990.0,fixed_raw_d3,time_d3,2.9867449545445828,2.6247571309407554
2,509,NH1563,509,1498839097.0,fixed_raw_d3,time_d3,3.209558715909166,2.9194705486297607
2,510,NH1564,510,1498839854.0,fixed_raw_d3,time_d3,3.3299264583341674,2.9727848370869956
2,512,NH1566,512,1498839920.5,fixed_raw_d3,time_d3,2.8937555492425004,2.702737013498942
2,511,NH1565,511,1498840185.0,fixed_raw_d3,time_d3,3.0193580075754163,2.6926773389180503
2,513,NH1567,513,1498841074.0,fixed_raw_d3,time_d3,3.4054379431804156,2.9565347035725913
2,506,NH1560,506,1498841096.0,fixed_raw_d3,time_d3,2.8437803522733334,2.6776797771453857
2,505,NH1559,505,1498841312.0,fixed_raw_d3,time_d3,3.026218575757916,2.771125872929891
2,525,NH1577,525,1498855582.0,fixed_raw_d3,time_d3,2.7140443080811116,2.684525410334269
2,526,NH1578,526,1498855650.0,fixed_raw_d3,time_d3,2.928948969696666,2.7767083644866943
2,524,NH1576,524,1498855717.0,fixed_raw_d3,time_d3,2.7670094217169448,2.6021319230397544
2,493,NH1547,493,1498882998.0,fixed_raw_d3,time_d3,2.8696522222222227,2.831169287363688
2,494,NH1548,494,1498883032.0,fixed_raw_d3,time_d3,2.752624828283055,2.7581209341684976
2,495,NH1549,495,1498883413.0,fixed_raw_d3,time_d3,2.7769003611119447,2.6150388717651367
2,482,NH1528,482,1498932471.0,fixed_raw_d3,time_d3,2.695868310606111,2.593405803044637
2,483,NH1529,483,1498932508.0,fixed_raw_d3,time_d3,2.8512445277777783,2.7692674001057944
2,484,NH1530,484,1498932605.5,fixed_raw_d3,time_d3,3.0451293030302775,2.8536809285481772
2,546,NH1599,546,1498942687.5,fixed_raw_d3,time_d3,2.7516804595958333,2.715116818745931
2,545,NH1598,545,1498942743.0,fixed_raw_d3,time_d3,2.583565361110278,2.6377243200937905
2,547,NH1600,547,1498942959.5,fixed_raw_d3,time_d3,2.8901921085852775,2.888983408610026
2,542,NH1595,542,1498945670.0,fixed_raw_d3,time_d3,2.847530583332917,2.618544816970825
2,541,NH1594,541,1498945775.0,fixed_raw_d3,time_d3,2.8696292537883332,2.6155124505360923
2,543,NH1596,543,1498946970.0,fixed_raw_d3,time_d3,2.9677918446975,2.6740517616271973
2,544,NH1597,544,1498948067.0,fixed_raw_d3,time_d3,3.32966174242375,3.0298970540364585
2,539,NH1592,539,1498948161.5,fixed_raw_d3,time_d3,2.9873053598491666,2.754422903060913
2,540,NH1593,540,1498948271.0,fixed_raw_d3,time_d3,3.007452212120417,2.689258337020874
2,549,NH1602,549,1498948491.0,fixed_raw_d3,time_d3,2.6095519949491663,2.6429492632548013
2,548,NH1601,548,1498948570.0,fixed_raw_d3,time_d3,2.679304651514722,2.927027622858683
2,550,NH1603,550,1498948597.0,fixed_raw_d3,time_d3,2.4643921868686105,2.647474527359009
2,514,NH1568,514,1498953600.0,fixed_raw_d3,time_d3,2.873743284090417,2.694961150487264
2,515,NH1569,515,1498953600.0,fixed_raw_d3,time_d3,3.258172492424584,2.875121831893921
2,552,NH1605,552,1498953600.0,fixed_raw_d3,time_d3,2.539839329545001,2.749266783396403
2,553,NH1606,553,1498953600.0,fixed_raw_d3,time_d3,2.7267650037887496,2.909982204437256
2,554,NH1607,554,1498953600.0,fixed_raw_d3,time_d3,2.794889651515416,2.7176221211751304
2,555,NH1608,555,1498953600.0,fixed_raw_d3,time_d3,2.7100046969695835,2.7334887186686196
2,426,NH1469,426,1498954010.5,fixed_raw_d3,time_d3,3.3536392916670836,2.9888149897257485
2,427,NH1469,426,1498954010.5,fixed_raw_d3,time_d3,3.3536392916670836,2.9880831241607666
2,428,NH1470,428,1498954068.0,fixed_raw_d3,time_d3,2.9344255719695838,2.8001797993977866
2,429,NH1470,428,1498954068.0,fixed_raw_d3,time_d3,2.9344255719695838,2.799489418665568
2,430,NH1471,430,1498954145.0,fixed_raw_d3,time_d3,2.700038464015417,2.6120105584462485
2,431,NH1472,431,1498954226.0,fixed_raw_d3,time_d3,2.871240454544792,3.0559540589650473
2,432,NH1473,432,1498954563.5,fixed_raw_d3,time_d3,2.8334246988633334,2.740060647328695
2,433,NH1474,433,1498954901.5,fixed_raw_d3,time_d3,2.944900195834292,2.9553160667419434
2,556,NH1609,556,1498961594.5,fixed_raw_d3,time_d3,2.808178026515416,2.9158146381378174
2,551,NH1604,551,1498961718.0,fixed_raw_d3,time_d3,2.894043181817917,2.7746731440226235
2,417,NH1460,417,1498963460.5,fixed_raw_d3,time_d3,2.915021795454443,2.7791720231374106
2,418,NH1461,418,1498963483.0,fixed_raw_d3,time_d3,2.707362411616389,2.773001273473104
2,419,NH1462,419,1498973496.5,fixed_raw_d3,time_d3,2.6863496919191663,2.5833831628163657
2,420,NH1463,420,1498974149.0,fixed_raw_d3,time_d3,2.520522416666666,2.694211721420288
2,409,NH1450,409,1498975878.0,fixed_raw_d3,time_d3,2.755381289925676,2.6893324851989746
2,410,NH1451,410,1498975989.0,fixed_raw_d3,time_d3,3.0433975808080547,2.7737303574879966
2,411,NH1452,411,1498976094.5,fixed_raw_d3,time_d3,3.246185393939722,2.8804306189219155
2,434,NH1475,434,1498987965.5,fixed_raw_d3,time_d3,2.9112718484852085,2.706388791402181
2,424,NH1467,424,1498988835.5,fixed_raw_d3,time_d3,2.779368295454374,2.6819053490956626
2,435,NH1476,435,1498988891.0,fixed_raw_d3,time_d3,2.697709937500001,2.689277251561483
2,425,NH1468,425,1498989163.5,fixed_raw_d3,time_d3,2.851153931818126,2.8201540311177573
2,558,NH1611,558,1499034494.0,fixed_raw_d3,time_d3,2.5755620909088894,2.784234364827474
2,557,NH1610,557,1499034572.0,fixed_raw_d3,time_d3,2.4609179873736116,2.61818790435791
2,559,NH1612,559,1499034745.5,fixed_raw_d3,time_d3,2.621274502524444,2.5937360922495523
2,479,NH1520,479,1499040000.0,fixed_raw_d3,time_d3,2.7224765946977083,2.730775992075602
2,480,NH1521,480,1499040000.0,fixed_raw_d3,time_d3,2.683536670454166,2.722574551900228
2,481,NH1522,481,1499040000.0,fixed_raw_d3,time_d3,2.93052868939375,2.7804129123687744
2,478,NH1519,478,1499044236.5,fixed_raw_d3,time_d3,2.9073547348479165,2.796862999598185
2,634,NH1757,634,1499044346.0,fixed_raw_d3,time_d3,2.8736678383836107,2.724173625310262
2,635,NH1758,635,1499045010.0,fixed_raw_d3,time_d3,2.7538293484841665,2.7061577637990317
2,633,NH1755,633,1499051628.0,fixed_raw_d3,time_d3,2.868438573232777,2.828709840774536
2,632,NH1754,632,1499051707.0,fixed_raw_d3,time_d3,2.7977523131311104,2.739607095718384
2,413,NH1455,413,1499060294.0,fixed_raw_d3,time_d3,2.7748878939404165,2.6900697549184165
2,415,NH1457,415,1499060343.5,fixed_raw_d3,time_d3,2.965334935605833,2.927281061808268
2,412,NH1454,412,1499060373.0,fixed_raw_d3,time_d3,2.8213227462112505,2.970792373021444
2,414,NH1456,414,1499060399.0,fixed_raw_d3,time_d3,2.539858378787917,2.7136076291402182
2,416,NH1458,416,1499060952.0,fixed_raw_d3,time_d3,2.8149711704537497,2.6741410891215005
2,590,NH1671,590,1499087696.5,fixed_raw_d3,time_d3,2.7723035265154166,2.526127020517985
2,591,NH1672,591,1499089211.0,fixed_raw_d3,time_d3,2.7109870606066666,2.620853821436564
2,574,NH1628,574,1499093143.0,fixed_raw_d3,time_d3,2.765108738181733,2.6815266609191895
2,575,NH1629,575,1499093442.0,fixed_raw_d3,time_d3,2.7709344015144453,2.7325123151143393
2,576,NH1630,576,1499093764.0,fixed_raw_d3,time_d3,2.9784578535355566,2.9137537479400635
2,579,NH1633,579,1499095925.0,fixed_raw_d3,time_d3,3.001783654545001,2.708369572957357
2,572,NH1626,572,1499095930.5,fixed_raw_d3,time_d3,2.6289725101013888,2.7437729835510254
2,573,NH1627,573,1499096060.0,fixed_raw_d3,time_d3,2.64773330808,2.7470060189565024
2,447,NH1488,447,1498732022.0,fixed_process_d2,time_d3,3.213455666666251,2.9980012575785318
2,449,NH1490,449,1498732951.0,fixed_process_d2,time_d3,3.205263837121666,3.0964268843332925
2,443,NH1484,443,1498733098.0,fixed_process_d2,time_d3,3.04554245454625,2.8551135063171387
2,442,NH1483,442,1498734414.0,fixed_process_d2,time_d3,3.305119875,3.067111015319824
2,438,NH1479,438,1498736997.5,fixed_process_d2,time_d3,2.7656549090905553,2.6819339593251548
2,437,NH1478,437,1498737267.5,fixed_process_d2,time_d3,2.9087390106059994,2.9685237407684326
2,439,NH1480,439,1498737459.0,fixed_process_d2,time_d3,2.856577093434167,2.878563404083252
2,440,NH1481,440,1498737814.0,fixed_process_d2,time_d3,2.5367798143945834,2.5509702364603677
2,441,NH1482,441,1498738591.0,fixed_process_d2,time_d3,3.0714249128787503,2.99026091893514
2,436,NH1477,436,1498739759.0,fixed_process_d2,time_d3,2.8579737840900004,2.716575304667155
2,421,NH1464,421,1498741055.0,fixed_process_d2,time_d3,2.8710665303020826,2.818696975708008
2,422,NH1465,422,1498741322.0,fixed_process_d2,time_d3,3.1901213409087497,3.051565170288086
2,423,NH1466,423,1498741937.0,fixed_process_d2,time_d3,2.797970242424584,2.749605973561605
2,469,NH1510,469,1498825160.0,fixed_process_d2,time_d3,2.82887276894,2.7450347741444907
2,468,NH1509,468,1498825229.0,fixed_process_d2,time_d3,2.7863670681812502,2.8408091068267822
2,470,NH1511,470,1498826279.0,fixed_process_d2,time_d3,2.811349795454166,2.860949436823527
2,471,NH1512,471,1498826374.0,fixed_process_d2,time_d3,2.5712548257574994,2.6653188864390054
2,472,NH1513,472,1498827126.0,fixed_process_d2,time_d3,2.8397837083341666,2.7838993867238364
2,467,NH1508,467,1498827363.0,fixed_process_d2,time_d3,2.7506098939383334,2.789395729700724
2,507,NH1561,507,1498838962.5,fixed_process_d2,time_d3,2.9154196856066665,2.7133442560831704
2,508,NH1562,508,1498838990.0,fixed_process_d2,time_d3,2.9867449545445828,2.5999871095021567
2,509,NH1563,509,1498839097.0,fixed_process_d2,time_d3,3.209558715909166,2.9014827410380044
2,510,NH1564,510,1498839854.0,fixed_process_d2,time_d3,3.3299264583341674,2.99698805809021
2,512,NH1566,512,1498839920.5,fixed_process_d2,time_d3,2.8937555492425004,2.6709818840026855
2,511,NH1565,511,1498840185.0,fixed_process_d2,time_d3,3.0193580075754163,2.7447763284047446
2,513,NH1567,513,1498841074.0,fixed_process_d2,time_d3,3.4054379431804156,2.9246726830800376
2,506,NH1560,506,1498841096.0,fixed_process_d2,time_d3,2.8437803522733334,2.677434047063192
2,505,NH1559,505,1498841312.0,fixed_process_d2,time_d3,3.026218575757916,2.7313993771870932
2,525,NH1577,525,1498855582.0,fixed_process_d2,time_d3,2.7140443080811116,2.678476889928182
2,526,NH1578,526,1498855650.0,fixed_process_d2,time_d3,2.928948969696666,2.7735416094462075
2,524,NH1576,524,1498855717.0,fixed_process_d2,time_d3,2.7670094217169448,2.6089302698771157
2,493,NH1547,493,1498882998.0,fixed_process_d2,time_d3,2.8696522222222227,2.8833808104197183
2,494,NH1548,494,1498883032.0,fixed_process_d2,time_d3,2.752624828283055,2.8131794134775796
2,495,NH1549,495,1498883413.0,fixed_process_d2,time_d3,2.7769003611119447,2.6168721516927085
2,482,NH1528,482,1498932471.0,fixed_process_d2,time_d3,2.695868310606111,2.584375540415446
2,483,NH1529,483,1498932508.0,fixed_process_d2,time_d3,2.8512445277777783,2.726440111796061
2,484,NH1530,484,1498932605.5,fixed_process_d2,time_d3,3.0451293030302775,2.809612194697062
2,546,NH1599,546,1498942687.5,fixed_process_d2,time_d3,2.7516804595958333,2.644217014312744
2,545,NH1598,545,1498942743.0,fixed_process_d2,time_d3,2.583565361110278,2.54906956354777
2,547,NH1600,547,1498942959.5,fixed_process_d2,time_d3,2.8901921085852775,2.7945934931437173
2,542,NH1595,542,1498945670.0,fixed_process_d2,time_d3,2.847530583332917,2.5792628129323325
2,541,NH1594,541,1498945775.0,fixed_process_d2,time_d3,2.8696292537883332,2.615537246068319
2,543,NH1596,543,1498946970.0,fixed_process_d2,time_d3,2.9677918446975,2.677984078725179
2,544,NH1597,544,1498948067.0,fixed_process_d2,time_d3,3.32966174242375,3.0261172453562417
2,539,NH1592,539,1498948161.5,fixed_process_d2,time_d3,2.9873053598491666,2.7971126238505044
2,540,NH1593,540,1498948271.0,fixed_process_d2,time_d3,3.007452212120417,2.730726480484009
2,549,NH1602,549,1498948491.0,fixed_process_d2,time_d3,2.6095519949491663,2.6533799966176352
2,548,NH1601,548,1498948570.0,fixed_process_d2,time_d3,2.679304651514722,2.8639105955759683
2,550,NH1603,550,1498948597.0,fixed_process_d2,time_d3,2.4643921868686105,2.6113171577453613
2,514,NH1568,514,1498953600.0,fixed_process_d2,time_d3,2.873743284090417,2.708549420038859
2,515,NH1569,515,1498953600.0,fixed_process_d2,time_d3,3.258172492424584,2.9052003224690757
2,552,NH1605,552,1498953600.0,fixed_process_d2,time_d3,2.539839329545001,2.7170169353485107
2,553,NH1606,553,1498953600.0,fixed_process_d2,time_d3,2.7267650037887496,2.866839567820231
2,554,NH1607,554,1498953600.0,fixed_process_d2,time_d3,2.794889651515416,2.7218120098114014
2,555,NH1608,555,1498953600.0,fixed_process_d2,time_d3,2.7100046969695835,2.7100565433502197
2,426,NH1469,426,1498954010.5,fixed_process_d2,time_d3,3.3536392916670836,3.027551015218099
2,427,NH1469,426,1498954010.5,fixed_process_d2,time_d3,3.3536392916670836,3.0412205855051675
2,428,NH1470,428,1498954068.0,fixed_process_d2,time_d3,2.9344255719695838,2.738109827041626
2,429,NH1470,428,1498954068.0,fixed_process_d2,time_d3,2.9344255719695838,2.749675989151001
2,430,NH1471,430,1498954145.0,fixed_process_d2,time_d3,2.700038464015417,2.5813000996907554
2,431,NH1472,431,1498954226.0,fixed_process_d2,time_d3,2.871240454544792,3.0186211268107095
2,432,NH1473,432,1498954563.5,fixed_process_d2,time_d3,2.8334246988633334,2.7270970344543457
2,433,NH1474,433,1498954901.5,fixed_process_d2,time_d3,2.944900195834292,2.9356815814971924
2,556,NH1609,556,1498961594.5,fixed_process_d2,time_d3,2.808178026515416,2.9264465967814126
2,551,NH1604,551,1498961718.0,fixed_process_d2,time_d3,2.894043181817917,2.7604193687438965
2,417,NH1460,417,1498963460.5,fixed_process_d2,time_d3,2.915021795454443,2.7839816411336265
2,418,NH1461,418,1498963483.0,fixed_process_d2,time_d3,2.707362411616389,2.77394437789917
2,419,NH1462,419,1498973496.5,fixed_process_d2,time_d3,2.6863496919191663,2.5298561255137124
2,420,NH1463,420,1498974149.0,fixed_process_d2,time_d3,2.520522416666666,2.6842989921569824
2,409,NH1450,409,1498975878.0,fixed_process_d2,time_d3,2.755381289925676,2.657582441965739
2,410,NH1451,410,1498975989.0,fixed_process_d2,time_d3,3.0433975808080547,2.7453372478485107
2,411,NH1452,411,1498976094.5,fixed_process_d2,time_d3,3.246185393939722,2.856208006540934
2,434,NH1475,434,1498987965.5,fixed_process_d2,time_d3,2.9112718484852085,2.683493137359619
2,424,NH1467,424,1498988835.5,fixed_process_d2,time_d3,2.779368295454374,2.6865456104278564
2,435,NH1476,435,1498988891.0,fixed_process_d2,time_d3,2.697709937500001,2.6416588624318442
2,425,NH1468,425,1498989163.5,fixed_process_d2,time_d3,2.851153931818126,2.8066047032674155
2,558,NH1611,558,1499034494.0,fixed_process_d2,time_d3,2.5755620909088894,2.846118688583374
2,557,NH1610,557,1499034572.0,fixed_process_d2,time_d3,2.4609179873736116,2.639432986577352
2,559,NH1612,559,1499034745.5,fixed_process_d2,time_d3,2.621274502524444,2.61828343073527
2,479,NH1520,479,1499040000.0,fixed_process_d2,time_d3,2.7224765946977083,2.7600833574930825
2,480,NH1521,480,1499040000.0,fixed_process_d2,time_d3,2.683536670454166,2.8061838150024414
2,481,NH1522,481,1499040000.0,fixed_process_d2,time_d3,2.93052868939375,2.822068452835083
2,478,NH1519,478,1499044236.5,fixed_process_d2,time_d3,2.9073547348479165,2.803881565729777
2,634,NH1757,634,1499044346.0,fixed_process_d2,time_d3,2.8736678383836107,2.709901809692383
2,635,NH1758,635,1499045010.0,fixed_process_d2,time_d3,2.7538293484841665,2.701531012852987
2,633,NH1755,633,1499051628.0,fixed_process_d2,time_d3,2.868438573232777,2.8456873099009194
2,632,NH1754,632,1499051707.0,fixed_process_d2,time_d3,2.7977523131311104,2.7275407314300537
2,413,NH1455,413,1499060294.0,fixed_process_d2,time_d3,2.7748878939404165,2.661242643992106
2,415,NH1457,415,1499060343.5,fixed_process_d2,time_d3,2.965334935605833,2.910341660181681
2,412,NH1454,412,1499060373.0,fixed_process_d2,time_d3,2.8213227462112505,2.9448258876800537
2,414,NH1456,414,1499060399.0,fixed_process_d2,time_d3,2.539858378787917,2.6862409909566245
2,416,NH1458,416,1499060952.0,fixed_process_d2,time_d3,2.8149711704537497,2.6188971996307373
2,590,NH1671,590,1499087696.5,fixed_process_d2,time_d3,2.7723035265154166,2.5621002515157065
2,591,NH1672,591,1499089211.0,fixed_process_d2,time_d3,2.7109870606066666,2.6413811842600503
2,574,NH1628,574,1499093143.0,fixed_process_d2,time_d3,2.765108738181733,2.677776018778483
2,575,NH1629,575,1499093442.0,fixed_process_d2,time_d3,2.7709344015144453,2.7472547690073648
2,576,NH1630,576,1499093764.0,fixed_process_d2,time_d3,2.9784578535355566,2.9666839440663657
2,579,NH1633,579,1499095925.0,fixed_process_d2,time_d3,3.001783654545001,2.7167158921559653
2,572,NH1626,572,1499095930.5,fixed_process_d2,time_d3,2.6289725101013888,2.762004772822062
2,573,NH1627,573,1499096060.0,fixed_process_d2,time_d3,2.64773330808,2.7505515416463218
2,447,NH1488,447,1498732022.0,fixed_process_d3,time_d3,3.213455666666251,2.9652666250864663
2,449,NH1490,449,1498732951.0,fixed_process_d3,time_d3,3.205263837121666,3.044527451197306
2,443,NH1484,443,1498733098.0,fixed_process_d3,time_d3,3.04554245454625,2.84391196568807
2,442,NH1483,442,1498734414.0,fixed_process_d3,time_d3,3.305119875,3.024472633997599
2,438,NH1479,438,1498736997.5,fixed_process_d3,time_d3,2.7656549090905553,2.6590263843536377
2,437,NH1478,437,1498737267.5,fixed_process_d3,time_d3,2.9087390106059994,2.9534698327382407
2,439,NH1480,439,1498737459.0,fixed_process_d3,time_d3,2.856577093434167,2.8862391312917075
2,440,NH1481,440,1498737814.0,fixed_process_d3,time_d3,2.5367798143945834,2.55612579981486
2,441,NH1482,441,1498738591.0,fixed_process_d3,time_d3,3.0714249128787503,2.980203628540039
2,436,NH1477,436,1498739759.0,fixed_process_d3,time_d3,2.8579737840900004,2.7008237838745117
2,421,NH1464,421,1498741055.0,fixed_process_d3,time_d3,2.8710665303020826,2.7948226928710938
2,422,NH1465,422,1498741322.0,fixed_process_d3,time_d3,3.1901213409087497,3.028298298517863
2,423,NH1466,423,1498741937.0,fixed_process_d3,time_d3,2.797970242424584,2.7097522417704263
2,469,NH1510,469,1498825160.0,fixed_process_d3,time_d3,2.82887276894,2.7551300525665283
2,468,NH1509,468,1498825229.0,fixed_process_d3,time_d3,2.7863670681812502,2.8357064723968506
2,470,NH1511,470,1498826279.0,fixed_process_d3,time_d3,2.811349795454166,2.8457828362782798
2,471,NH1512,471,1498826374.0,fixed_process_d3,time_d3,2.5712548257574994,2.6670374075571694
2,472,NH1513,472,1498827126.0,fixed_process_d3,time_d3,2.8397837083341666,2.8019067446390786
2,467,NH1508,467,1498827363.0,fixed_process_d3,time_d3,2.7506098939383334,2.7891727288564048
2,507,NH1561,507,1498838962.5,fixed_process_d3,time_d3,2.9154196856066665,2.708049217859904
2,508,NH1562,508,1498838990.0,fixed_process_d3,time_d3,2.9867449545445828,2.585914929707845
2,509,NH1563,509,1498839097.0,fixed_process_d3,time_d3,3.209558715909166,2.897142012914022
2,510,NH1564,510,1498839854.0,fixed_process_d3,time_d3,3.3299264583341674,2.9409123261769614
2,512,NH1566,512,1498839920.5,fixed_process_d3,time_d3,2.8937555492425004,2.686428705851237
2,511,NH1565,511,1498840185.0,fixed_process_d3,time_d3,3.0193580075754163,2.720585584640503
2,513,NH1567,513,1498841074.0,fixed_process_d3,time_d3,3.4054379431804156,2.909486452738444
2,506,NH1560,506,1498841096.0,fixed_process_d3,time_d3,2.8437803522733334,2.660778760910034
2,505,NH1559,505,1498841312.0,fixed_process_d3,time_d3,3.026218575757916,2.7129526138305664
2,525,NH1577,525,1498855582.0,fixed_process_d3,time_d3,2.7140443080811116,2.669398864110311
2,526,NH1578,526,1498855650.0,fixed_process_d3,time_d3,2.928948969696666,2.765622615814209
2,524,NH1576,524,1498855717.0,fixed_process_d3,time_d3,2.7670094217169448,2.601682424545288
2,493,NH1547,493,1498882998.0,fixed_process_d3,time_d3,2.8696522222222227,2.8828033606211343
2,494,NH1548,494,1498883032.0,fixed_process_d3,time_d3,2.752624828283055,2.7958136399586997
2,495,NH1549,495,1498883413.0,fixed_process_d3,time_d3,2.7769003611119447,2.6111636956532798
2,482,NH1528,482,1498932471.0,fixed_process_d3,time_d3,2.695868310606111,2.58437442779541
2,483,NH1529,483,1498932508.0,fixed_process_d3,time_d3,2.8512445277777783,2.7128845850626626
2,484,NH1530,484,1498932605.5,fixed_process_d3,time_d3,3.0451293030302775,2.846734126408895
2,546,NH1599,546,1498942687.5,fixed_process_d3,time_d3,2.7516804595958333,2.6264497439066568
2,545,NH1598,545,1498942743.0,fixed_process_d3,time_d3,2.583565361110278,2.5746777057647705
2,547,NH1600,547,1498942959.5,fixed_process_d3,time_d3,2.8901921085852775,2.812764565149943
2,542,NH1595,542,1498945670.0,fixed_process_d3,time_d3,2.847530583332917,2.56656805674235
2,541,NH1594,541,1498945775.0,fixed_process_d3,time_d3,2.8696292537883332,2.6121512254079184
2,543,NH1596,543,1498946970.0,fixed_process_d3,time_d3,2.9677918446975,2.6928060054779053
2,544,NH1597,544,1498948067.0,fixed_process_d3,time_d3,3.32966174242375,2.9953745206197104
2,539,NH1592,539,1498948161.5,fixed_process_d3,time_d3,2.9873053598491666,2.7661544481913247
2,540,NH1593,540,1498948271.0,fixed_process_d3,time_d3,3.007452212120417,2.725935618082682
2,549,NH1602,549,1498948491.0,fixed_process_d3,time_d3,2.6095519949491663,2.6718881924947104
2,548,NH1601,548,1498948570.0,fixed_process_d3,time_d3,2.679304651514722,2.892817656199137
2,550,NH1603,550,1498948597.0,fixed_process_d3,time_d3,2.4643921868686105,2.6054563522338867
2,514,NH1568,514,1498953600.0,fixed_process_d3,time_d3,2.873743284090417,2.690295696258545
2,515,NH1569,515,1498953600.0,fixed_process_d3,time_d3,3.258172492424584,2.8835627237955728
2,552,NH1605,552,1498953600.0,fixed_process_d3,time_d3,2.539839329545001,2.728830575942993
2,553,NH1606,553,1498953600.0,fixed_process_d3,time_d3,2.7267650037887496,2.8952972094217935
2,554,NH1607,554,1498953600.0,fixed_process_d3,time_d3,2.794889651515416,2.7038132349650064
2,555,NH1608,555,1498953600.0,fixed_process_d3,time_d3,2.7100046969695835,2.7171913782755532
2,426,NH1469,426,1498954010.5,fixed_process_d3,time_d3,3.3536392916670836,3.021959145863851
2,427,NH1469,426,1498954010.5,fixed_process_d3,time_d3,3.3536392916670836,3.026195526123047
2,428,NH1470,428,1498954068.0,fixed_process_d3,time_d3,2.9344255719695838,2.7702762285868325
2,429,NH1470,428,1498954068.0,fixed_process_d3,time_d3,2.9344255719695838,2.7758629322052
2,430,NH1471,430,1498954145.0,fixed_process_d3,time_d3,2.700038464015417,2.5925025145212808
2,431,NH1472,431,1498954226.0,fixed_process_d3,time_d3,2.871240454544792,3.028074026107788
2,432,NH1473,432,1498954563.5,fixed_process_d3,time_d3,2.8334246988633334,2.7172815004984536
2,433,NH1474,433,1498954901.5,fixed_process_d3,time_d3,2.944900195834292,2.924598534901937
2,556,NH1609,556,1498961594.5,fixed_process_d3,time_d3,2.808178026515416,2.9225743611653647
2,551,NH1604,551,1498961718.0,fixed_process_d3,time_d3,2.894043181817917,2.7539615631103516
2,417,NH1460,417,1498963460.5,fixed_process_d3,time_d3,2.915021795454443,2.794837315877279
2,418,NH1461,418,1498963483.0,fixed_process_d3,time_d3,2.707362411616389,2.7681946754455566
2,419,NH1462,419,1498973496.5,fixed_process_d3,time_d3,2.6863496919191663,2.5506985187530518
2,420,NH1463,420,1498974149.0,fixed_process_d3,time_d3,2.520522416666666,2.689199606577555
2,409,NH1450,409,1498975878.0,fixed_process_d3,time_d3,2.755381289925676,2.636314789454142
2,410,NH1451,410,1498975989.0,fixed_process_d3,time_d3,3.0433975808080547,2.7056724230448403
2,411,NH1452,411,1498976094.5,fixed_process_d3,time_d3,3.246185393939722,2.859025716781616
2,434,NH1475,434,1498987965.5,fixed_process_d3,time_d3,2.9112718484852085,2.6998511950174966
2,424,NH1467,424,1498988835.5,fixed_process_d3,time_d3,2.779368295454374,2.6768248875935874
2,435,NH1476,435,1498988891.0,fixed_process_d3,time_d3,2.697709937500001,2.6182425816853843
2,425,NH1468,425,1498989163.5,fixed_process_d3,time_d3,2.851153931818126,2.789822578430176
2,558,NH1611,558,1499034494.0,fixed_process_d3,time_d3,2.5755620909088894,2.820481538772583
2,557,NH1610,557,1499034572.0,fixed_process_d3,time_d3,2.4609179873736116,2.654682477315267
2,559,NH1612,559,1499034745.5,fixed_process_d3,time_d3,2.621274502524444,2.6212172508239746
2,479,NH1520,479,1499040000.0,fixed_process_d3,time_d3,2.7224765946977083,2.720526138941447
2,480,NH1521,480,1499040000.0,fixed_process_d3,time_d3,2.683536670454166,2.7647622426350913
2,481,NH1522,481,1499040000.0,fixed_process_d3,time_d3,2.93052868939375,2.8074556986490884
2,478,NH1519,478,1499044236.5,fixed_process_d3,time_d3,2.9073547348479165,2.7981075445810952
2,634,NH1757,634,1499044346.0,fixed_process_d3,time_d3,2.8736678383836107,2.719433307647705
2,635,NH1758,635,1499045010.0,fixed_process_d3,time_d3,2.7538293484841665,2.7201735973358154
2,633,NH1755,633,1499051628.0,fixed_process_d3,time_d3,2.868438573232777,2.844756285349528
2,632,NH1754,632,1499051707.0,fixed_process_d3,time_d3,2.7977523131311104,2.7325688203175864
2,413,NH1455,413,1499060294.0,fixed_process_d3,time_d3,2.7748878939404165,2.6661335627237954
2,415,NH1457,415,1499060343.5,fixed_process_d3,time_d3,2.965334935605833,2.9228761990865073
2,412,NH1454,412,1499060373.0,fixed_process_d3,time_d3,2.8213227462112505,2.9582430521647134
2,414,NH1456,414,1499060399.0,fixed_process_d3,time_d3,2.539858378787917,2.687518278757731
2,416,NH1458,416,1499060952.0,fixed_process_d3,time_d3,2.8149711704537497,2.6468743483225503
2,590,NH1671,590,1499087696.5,fixed_process_d3,time_d3,2.7723035265154166,2.544041315714518
2,591,NH1672,591,1499089211.0,fixed_process_d3,time_d3,2.7109870606066666,2.654719114303589
2,574,NH1628,574,1499093143.0,fixed_process_d3,time_d3,2.765108738181733,2.655680259068807
2,575,NH1629,575,1499093442.0,fixed_process_d3,time_d3,2.7709344015144453,2.7117015520731607
2,576,NH1630,576,1499093764.0,fixed_process_d3,time_d3,2.9784578535355566,2.95060396194458
2,579,NH1633,579,1499095925.0,fixed_process_d3,time_d3,3.001783654545001,2.7194499174753823
2,572,NH1626,572,1499095930.5,fixed_process_d3,time_d3,2.6289725101013888,2.7608084678649902
2,573,NH1627,573,1499096060.0,fixed_process_d3,time_d3,2.64773330808,2.7539788087209067
2,447,NH1488,447,1498732022.0,fixed_time_d2,time_d3,3.213455666666251,3.0306939284006753
2,449,NH1490,449,1498732951.0,fixed_time_d2,time_d3,3.205263837121666,3.118696371714274
2,443,NH1484,443,1498733098.0,fixed_time_d2,time_d3,3.04554245454625,2.9313016732533774
2,442,NH1483,442,1498734414.0,fixed_time_d2,time_d3,3.305119875,3.0323142210642495
2,438,NH1479,438,1498736997.5,fixed_time_d2,time_d3,2.7656549090905553,2.649699608484904
2,437,NH1478,437,1498737267.5,fixed_time_d2,time_d3,2.9087390106059994,2.926405986150106
2,439,NH1480,439,1498737459.0,fixed_time_d2,time_d3,2.856577093434167,2.8485960165659585
2,440,NH1481,440,1498737814.0,fixed_time_d2,time_d3,2.5367798143945834,2.5430661837259927
2,441,NH1482,441,1498738591.0,fixed_time_d2,time_d3,3.0714249128787503,3.0078508059183755
2,436,NH1477,436,1498739759.0,fixed_time_d2,time_d3,2.8579737840900004,2.6916768550872803
2,421,NH1464,421,1498741055.0,fixed_time_d2,time_d3,2.8710665303020826,2.7832438151041665
2,422,NH1465,422,1498741322.0,fixed_time_d2,time_d3,3.1901213409087497,3.0081374645233154
2,423,NH1466,423,1498741937.0,fixed_time_d2,time_d3,2.797970242424584,2.6925877730051675
2,469,NH1510,469,1498825160.0,fixed_time_d2,time_d3,2.82887276894,2.788886467615763
2,468,NH1509,468,1498825229.0,fixed_time_d2,time_d3,2.7863670681812502,2.930081526438395
2,470,NH1511,470,1498826279.0,fixed_time_d2,time_d3,2.811349795454166,2.911518096923828
2,471,NH1512,471,1498826374.0,fixed_time_d2,time_d3,2.5712548257574994,2.719163735707601
2,472,NH1513,472,1498827126.0,fixed_time_d2,time_d3,2.8397837083341666,2.840798775355021
2,467,NH1508,467,1498827363.0,fixed_time_d2,time_d3,2.7506098939383334,2.8873097896575928
2,507,NH1561,507,1498838962.5,fixed_time_d2,time_d3,2.9154196856066665,2.7495914300282798
2,508,NH1562,508,1498838990.0,fixed_time_d2,time_d3,2.9867449545445828,2.6093897819519043
2,509,NH1563,509,1498839097.0,fixed_time_d2,time_d3,3.209558715909166,2.9503014087677
2,510,NH1564,510,1498839854.0,fixed_time_d2,time_d3,3.3299264583341674,3.0352439085642495
2,512,NH1566,512,1498839920.5,fixed_time_d2,time_d3,2.8937555492425004,2.7014759381612143
2,511,NH1565,511,1498840185.0,fixed_time_d2,time_d3,3.0193580075754163,2.7600509325663247
2,513,NH1567,513,1498841074.0,fixed_time_d2,time_d3,3.4054379431804156,3.0018362998962402
2,506,NH1560,506,1498841096.0,fixed_time_d2,time_d3,2.8437803522733334,2.6991070906321206
2,505,NH1559,505,1498841312.0,fixed_time_d2,time_d3,3.026218575757916,2.783249775568644
2,525,NH1577,525,1498855582.0,fixed_time_d2,time_d3,2.7140443080811116,2.670173247655233
2,526,NH1578,526,1498855650.0,fixed_time_d2,time_d3,2.928948969696666,2.823009411493937
2,524,NH1576,524,1498855717.0,fixed_time_d2,time_d3,2.7670094217169448,2.647449016571045
2,493,NH1547,493,1498882998.0,fixed_time_d2,time_d3,2.8696522222222227,2.8692568937937417
2,494,NH1548,494,1498883032.0,fixed_time_d2,time_d3,2.752624828283055,2.8300679524739585
2,495,NH1549,495,1498883413.0,fixed_time_d2,time_d3,2.7769003611119447,2.687673727671305
2,482,NH1528,482,1498932471.0,fixed_time_d2,time_d3,2.695868310606111,2.6611362298329673
2,483,NH1529,483,1498932508.0,fixed_time_d2,time_d3,2.8512445277777783,2.8112130959828696
2,484,NH1530,484,1498932605.5,fixed_time_d2,time_d3,3.0451293030302775,2.9047812620798745
2,546,NH1599,546,1498942687.5,fixed_time_d2,time_d3,2.7516804595958333,2.734829902648926
2,545,NH1598,545,1498942743.0,fixed_time_d2,time_d3,2.583565361110278,2.650564193725586
2,547,NH1600,547,1498942959.5,fixed_time_d2,time_d3,2.8901921085852775,2.9399911562601724
2,542,NH1595,542,1498945670.0,fixed_time_d2,time_d3,2.847530583332917,2.6488187313079834
2,541,NH1594,541,1498945775.0,fixed_time_d2,time_d3,2.8696292537883332,2.6773972511291504
2,543,NH1596,543,1498946970.0,fixed_time_d2,time_d3,2.9677918446975,2.687164386113485
2,544,NH1597,544,1498948067.0,fixed_time_d2,time_d3,3.32966174242375,3.0414440631866455
2,539,NH1592,539,1498948161.5,fixed_time_d2,time_d3,2.9873053598491666,2.7825448513031006
2,540,NH1593,540,1498948271.0,fixed_time_d2,time_d3,3.007452212120417,2.718867381413778
2,549,NH1602,549,1498948491.0,fixed_time_d2,time_d3,2.6095519949491663,2.6331297556559243
2,548,NH1601,548,1498948570.0,fixed_time_d2,time_d3,2.679304651514722,2.930148124694824
2,550,NH1603,550,1498948597.0,fixed_time_d2,time_d3,2.4643921868686105,2.644038995107015
2,514,NH1568,514,1498953600.0,fixed_time_d2,time_d3,2.873743284090417,2.7167625427246094
2,515,NH1569,515,1498953600.0,fixed_time_d2,time_d3,3.258172492424584,2.95959210395813
2,552,NH1605,552,1498953600.0,fixed_time_d2,time_d3,2.539839329545001,2.7977534929911294
2,553,NH1606,553,1498953600.0,fixed_time_d2,time_d3,2.7267650037887496,2.9402620792388916
2,554,NH1607,554,1498953600.0,fixed_time_d2,time_d3,2.794889651515416,2.7583808104197183
2,555,NH1608,555,1498953600.0,fixed_time_d2,time_d3,2.7100046969695835,2.758380572001139
2,426,NH1469,426,1498954010.5,fixed_time_d2,time_d3,3.3536392916670836,3.0261828899383545
2,427,NH1469,426,1498954010.5,fixed_time_d2,time_d3,3.3536392916670836,3.026045083999634
2,428,NH1470,428,1498954068.0,fixed_time_d2,time_d3,2.9344255719695838,2.8418365319569907
2,429,NH1470,428,1498954068.0,fixed_time_d2,time_d3,2.9344255719695838,2.8415717283884683
2,430,NH1471,430,1498954145.0,fixed_time_d2,time_d3,2.700038464015417,2.634949207305908
2,431,NH1472,431,1498954226.0,fixed_time_d2,time_d3,2.871240454544792,3.077706813812256
2,432,NH1473,432,1498954563.5,fixed_time_d2,time_d3,2.8334246988633334,2.7792850335439048
2,433,NH1474,433,1498954901.5,fixed_time_d2,time_d3,2.944900195834292,2.9866331418355307
2,556,NH1609,556,1498961594.5,fixed_time_d2,time_d3,2.808178026515416,2.9601001739501953
2,551,NH1604,551,1498961718.0,fixed_time_d2,time_d3,2.894043181817917,2.8607645829518638
2,417,NH1460,417,1498963460.5,fixed_time_d2,time_d3,2.915021795454443,2.7751502195994058
2,418,NH1461,418,1498963483.0,fixed_time_d2,time_d3,2.707362411616389,2.8143301010131836
2,419,NH1462,419,1498973496.5,fixed_time_d2,time_d3,2.6863496919191663,2.5856986045837402
2,420,NH1463,420,1498974149.0,fixed_time_d2,time_d3,2.520522416666666,2.7171810468037925
2,409,NH1450,409,1498975878.0,fixed_time_d2,time_d3,2.755381289925676,2.7464707692464194
2,410,NH1451,410,1498975989.0,fixed_time_d2,time_d3,3.0433975808080547,2.8484322230021157
2,411,NH1452,411,1498976094.5,fixed_time_d2,time_d3,3.246185393939722,2.9585372606913247
2,434,NH1475,434,1498987965.5,fixed_time_d2,time_d3,2.9112718484852085,2.732532024383545
2,424,NH1467,424,1498988835.5,fixed_time_d2,time_d3,2.779368295454374,2.7133947213490806
2,435,NH1476,435,1498988891.0,fixed_time_d2,time_d3,2.697709937500001,2.703007936477661
2,425,NH1468,425,1498989163.5,fixed_time_d2,time_d3,2.851153931818126,2.915989716847738
2,558,NH1611,558,1499034494.0,fixed_time_d2,time_d3,2.5755620909088894,2.837648391723633
2,557,NH1610,557,1499034572.0,fixed_time_d2,time_d3,2.4609179873736116,2.6712056001027427
2,559,NH1612,559,1499034745.5,fixed_time_d2,time_d3,2.621274502524444,2.6352105935414634
2,479,NH1520,479,1499040000.0,fixed_time_d2,time_d3,2.7224765946977083,2.7594849268595376
2,480,NH1521,480,1499040000.0,fixed_time_d2,time_d3,2.683536670454166,2.7795437971750894
2,481,NH1522,481,1499040000.0,fixed_time_d2,time_d3,2.93052868939375,2.83147923151652
2,478,NH1519,478,1499044236.5,fixed_time_d2,time_d3,2.9073547348479165,2.829021692276001
2,634,NH1757,634,1499044346.0,fixed_time_d2,time_d3,2.8736678383836107,2.817035992940267
2,635,NH1758,635,1499045010.0,fixed_time_d2,time_d3,2.7538293484841665,2.7187832991282144
2,633,NH1755,633,1499051628.0,fixed_time_d2,time_d3,2.868438573232777,2.901552120844523
2,632,NH1754,632,1499051707.0,fixed_time_d2,time_d3,2.7977523131311104,2.7744505405426025
2,413,NH1455,413,1499060294.0,fixed_time_d2,time_d3,2.7748878939404165,2.70821483929952
2,415,NH1457,415,1499060343.5,fixed_time_d2,time_d3,2.965334935605833,2.968226512273153
2,412,NH1454,412,1499060373.0,fixed_time_d2,time_d3,2.8213227462112505,2.98559562365214
2,414,NH1456,414,1499060399.0,fixed_time_d2,time_d3,2.539858378787917,2.7515710989634194
2,416,NH1458,416,1499060952.0,fixed_time_d2,time_d3,2.8149711704537497,2.6997783184051514
2,590,NH1671,590,1499087696.5,fixed_time_d2,time_d3,2.7723035265154166,2.574747641881307
2,591,NH1672,591,1499089211.0,fixed_time_d2,time_d3,2.7109870606066666,2.6645348072052
2,574,NH1628,574,1499093143.0,fixed_time_d2,time_d3,2.765108738181733,2.7491726875305176
2,575,NH1629,575,1499093442.0,fixed_time_d2,time_d3,2.7709344015144453,2.8002024491628013
2,576,NH1630,576,1499093764.0,fixed_time_d2,time_d3,2.9784578535355566,3.0112781524658203
2,579,NH1633,579,1499095925.0,fixed_time_d2,time_d3,3.001783654545001,2.724202315012614
2,572,NH1626,572,1499095930.5,fixed_time_d2,time_d3,2.6289725101013888,2.7859673500061035
2,573,NH1627,573,1499096060.0,fixed_time_d2,time_d3,2.64773330808,2.7931038538614907
2,447,NH1488,447,1498732022.0,fixed_time_d3,time_d3,3.213455666666251,3.0159815152486167
2,449,NH1490,449,1498732951.0,fixed_time_d3,time_d3,3.205263837121666,3.096678892771403
2,443,NH1484,443,1498733098.0,fixed_time_d3,time_d3,3.04554245454625,2.918707529703776
2,442,NH1483,442,1498734414.0,fixed_time_d3,time_d3,3.305119875,3.018821398417155
2,438,NH1479,438,1498736997.5,fixed_time_d3,time_d3,2.7656549090905553,2.658396561940511
2,437,NH1478,437,1498737267.5,fixed_time_d3,time_d3,2.9087390106059994,2.915079196294149
2,439,NH1480,439,1498737459.0,fixed_time_d3,time_d3,2.856577093434167,2.8518643379211426
2,440,NH1481,440,1498737814.0,fixed_time_d3,time_d3,2.5367798143945834,2.547302007675171
2,441,NH1482,441,1498738591.0,fixed_time_d3,time_d3,3.0714249128787503,2.9913852214813232
2,436,NH1477,436,1498739759.0,fixed_time_d3,time_d3,2.8579737840900004,2.6686182022094727
2,421,NH1464,421,1498741055.0,fixed_time_d3,time_d3,2.8710665303020826,2.7729251384735107
2,422,NH1465,422,1498741322.0,fixed_time_d3,time_d3,3.1901213409087497,2.992673317591349
2,423,NH1466,423,1498741937.0,fixed_time_d3,time_d3,2.797970242424584,2.679530620574951
2,469,NH1510,469,1498825160.0,fixed_time_d3,time_d3,2.82887276894,2.747625748316447
2,468,NH1509,468,1498825229.0,fixed_time_d3,time_d3,2.7863670681812502,2.918161233266195
2,470,NH1511,470,1498826279.0,fixed_time_d3,time_d3,2.811349795454166,2.866980791091919
2,471,NH1512,471,1498826374.0,fixed_time_d3,time_d3,2.5712548257574994,2.7126978238423667
2,472,NH1513,472,1498827126.0,fixed_time_d3,time_d3,2.8397837083341666,2.8448684215545654
2,467,NH1508,467,1498827363.0,fixed_time_d3,time_d3,2.7506098939383334,2.857495387395223
2,507,NH1561,507,1498838962.5,fixed_time_d3,time_d3,2.9154196856066665,2.7257494926452637
2,508,NH1562,508,1498838990.0,fixed_time_d3,time_d3,2.9867449545445828,2.606893618901571
2,509,NH1563,509,1498839097.0,fixed_time_d3,time_d3,3.209558715909166,2.9200712045033774
2,510,NH1564,510,1498839854.0,fixed_time_d3,time_d3,3.3299264583341674,2.9686055183410645
2,512,NH1566,512,1498839920.5,fixed_time_d3,time_d3,2.8937555492425004,2.711225907007853
2,511,NH1565,511,1498840185.0,fixed_time_d3,time_d3,3.0193580075754163,2.7254203955332437
2,513,NH1567,513,1498841074.0,fixed_time_d3,time_d3,3.4054379431804156,2.961690902709961
2,506,NH1560,506,1498841096.0,fixed_time_d3,time_d3,2.8437803522733334,2.695972204208374
2,505,NH1559,505,1498841312.0,fixed_time_d3,time_d3,3.026218575757916,2.7666913668314614
2,525,NH1577,525,1498855582.0,fixed_time_d3,time_d3,2.7140443080811116,2.679048776626587
2,526,NH1578,526,1498855650.0,fixed_time_d3,time_d3,2.928948969696666,2.7884560426076255
2,524,NH1576,524,1498855717.0,fixed_time_d3,time_d3,2.7670094217169448,2.6248915990193686
2,493,NH1547,493,1498882998.0,fixed_time_d3,time_d3,2.8696522222222227,2.8477866649627686
2,494,NH1548,494,1498883032.0,fixed_time_d3,time_d3,2.752624828283055,2.807894309361776
2,495,NH1549,495,1498883413.0,fixed_time_d3,time_d3,2.7769003611119447,2.671186923980713
2,482,NH1528,482,1498932471.0,fixed_time_d3,time_d3,2.695868310606111,2.6654106775919595
2,483,NH1529,483,1498932508.0,fixed_time_d3,time_d3,2.8512445277777783,2.7681296666463218
2,484,NH1530,484,1498932605.5,fixed_time_d3,time_d3,3.0451293030302775,2.8850000699361167
2,546,NH1599,546,1498942687.5,fixed_time_d3,time_d3,2.7516804595958333,2.7217798233032227
2,545,NH1598,545,1498942743.0,fixed_time_d3,time_d3,2.583565361110278,2.635990301767985
2,547,NH1600,547,1498942959.5,fixed_time_d3,time_d3,2.8901921085852775,2.9005537827809653
2,542,NH1595,542,1498945670.0,fixed_time_d3,time_d3,2.847530583332917,2.660592555999756
2,541,NH1594,541,1498945775.0,fixed_time_d3,time_d3,2.8696292537883332,2.678314447402954
2,543,NH1596,543,1498946970.0,fixed_time_d3,time_d3,2.9677918446975,2.7129021485646567
2,544,NH1597,544,1498948067.0,fixed_time_d3,time_d3,3.32966174242375,3.035806655883789
2,539,NH1592,539,1498948161.5,fixed_time_d3,time_d3,2.9873053598491666,2.805068333943685
2,540,NH1593,540,1498948271.0,fixed_time_d3,time_d3,3.007452212120417,2.7238447666168213
2,549,NH1602,549,1498948491.0,fixed_time_d3,time_d3,2.6095519949491663,2.64554230372111
2,548,NH1601,548,1498948570.0,fixed_time_d3,time_d3,2.679304651514722,2.9342984358469644
2,550,NH1603,550,1498948597.0,fixed_time_d3,time_d3,2.4643921868686105,2.6388022899627686
2,514,NH1568,514,1498953600.0,fixed_time_d3,time_d3,2.873743284090417,2.711937745412191
2,515,NH1569,515,1498953600.0,fixed_time_d3,time_d3,3.258172492424584,2.9280946254730225
2,552,NH1605,552,1498953600.0,fixed_time_d3,time_d3,2.539839329545001,2.8049020767211914
2,553,NH1606,553,1498953600.0,fixed_time_d3,time_d3,2.7267650037887496,2.906611601511637
2,554,NH1607,554,1498953600.0,fixed_time_d3,time_d3,2.794889651515416,2.7202616532643638
2,555,NH1608,555,1498953600.0,fixed_time_d3,time_d3,2.7100046969695835,2.7676618893941245
2,426,NH1469,426,1498954010.5,fixed_time_d3,time_d3,3.3536392916670836,2.990933895111084
2,427,NH1469,426,1498954010.5,fixed_time_d3,time_d3,3.3536392916670836,2.990981181462606
2,428,NH1470,428,1498954068.0,fixed_time_d3,time_d3,2.9344255719695838,2.819023529688517
2,429,NH1470,428,1498954068.0,fixed_time_d3,time_d3,2.9344255719695838,2.819093704223633
2,430,NH1471,430,1498954145.0,fixed_time_d3,time_d3,2.700038464015417,2.641507148742676
2,431,NH1472,431,1498954226.0,fixed_time_d3,time_d3,2.871240454544792,3.0397842725118003
2,432,NH1473,432,1498954563.5,fixed_time_d3,time_d3,2.8334246988633334,2.7947803338368735
2,433,NH1474,433,1498954901.5,fixed_time_d3,time_d3,2.944900195834292,2.9625301361083984
2,556,NH1609,556,1498961594.5,fixed_time_d3,time_d3,2.808178026515416,2.9371418158213296
2,551,NH1604,551,1498961718.0,fixed_time_d3,time_d3,2.894043181817917,2.824207862218221
2,417,NH1460,417,1498963460.5,fixed_time_d3,time_d3,2.915021795454443,2.7930774688720703
2,418,NH1461,418,1498963483.0,fixed_time_d3,time_d3,2.707362411616389,2.806511561075846
2,419,NH1462,419,1498973496.5,fixed_time_d3,time_d3,2.6863496919191663,2.592806657155355
2,420,NH1463,420,1498974149.0,fixed_time_d3,time_d3,2.520522416666666,2.7052098910013833
2,409,NH1450,409,1498975878.0,fixed_time_d3,time_d3,2.755381289925676,2.7243693669637046
2,410,NH1451,410,1498975989.0,fixed_time_d3,time_d3,3.0433975808080547,2.8170080184936523
2,411,NH1452,411,1498976094.5,fixed_time_d3,time_d3,3.246185393939722,2.9424078464508057
2,434,NH1475,434,1498987965.5,fixed_time_d3,time_d3,2.9112718484852085,2.749164342880249
2,424,NH1467,424,1498988835.5,fixed_time_d3,time_d3,2.779368295454374,2.7439796129862466
2,435,NH1476,435,1498988891.0,fixed_time_d3,time_d3,2.697709937500001,2.7049481868743896
2,425,NH1468,425,1498989163.5,fixed_time_d3,time_d3,2.851153931818126,2.888464371363322
2,558,NH1611,558,1499034494.0,fixed_time_d3,time_d3,2.5755620909088894,2.8025406996409097
2,557,NH1610,557,1499034572.0,fixed_time_d3,time_d3,2.4609179873736116,2.65126625696818
2,559,NH1612,559,1499034745.5,fixed_time_d3,time_d3,2.621274502524444,2.609793504079183
2,479,NH1520,479,1499040000.0,fixed_time_d3,time_d3,2.7224765946977083,2.733970562616984
2,480,NH1521,480,1499040000.0,fixed_time_d3,time_d3,2.683536670454166,2.735077381134033
2,481,NH1522,481,1499040000.0,fixed_time_d3,time_d3,2.93052868939375,2.7991953690846763
2,478,NH1519,478,1499044236.5,fixed_time_d3,time_d3,2.9073547348479165,2.7951924006144204
2,634,NH1757,634,1499044346.0,fixed_time_d3,time_d3,2.8736678383836107,2.8057923316955566
2,635,NH1758,635,1499045010.0,fixed_time_d3,time_d3,2.7538293484841665,2.681162436803182
2,633,NH1755,633,1499051628.0,fixed_time_d3,time_d3,2.868438573232777,2.8868085543314614
2,632,NH1754,632,1499051707.0,fixed_time_d3,time_d3,2.7977523131311104,2.7442654768625894
2,413,NH1455,413,1499060294.0,fixed_time_d3,time_d3,2.7748878939404165,2.7133191426595054
2,415,NH1457,415,1499060343.5,fixed_time_d3,time_d3,2.965334935605833,2.967663367589315
2,412,NH1454,412,1499060373.0,fixed_time_d3,time_d3,2.8213227462112505,2.9995725949605307
2,414,NH1456,414,1499060399.0,fixed_time_d3,time_d3,2.539858378787917,2.7425588766733804
2,416,NH1458,416,1499060952.0,fixed_time_d3,time_d3,2.8149711704537497,2.696427901585897
2,590,NH1671,590,1499087696.5,fixed_time_d3,time_d3,2.7723035265154166,2.5583086013793945
2,591,NH1672,591,1499089211.0,fixed_time_d3,time_d3,2.7109870606066666,2.6535523732503257
2,574,NH1628,574,1499093143.0,fixed_time_d3,time_d3,2.765108738181733,2.709878126780192
2,575,NH1629,575,1499093442.0,fixed_time_d3,time_d3,2.7709344015144453,2.7872798442840576
2,576,NH1630,576,1499093764.0,fixed_time_d3,time_d3,2.9784578535355566,2.984501520792643
2,579,NH1633,579,1499095925.0,fixed_time_d3,time_d3,3.001783654545001,2.7354698181152344
2,572,NH1626,572,1499095930.5,fixed_time_d3,time_d3,2.6289725101013888,2.753874937693278
2,573,NH1627,573,1499096060.0,fixed_time_d3,time_d3,2.64773330808,2.7789546648661294
2,447,NH1488,447,1498732022.0,fixed_full_d3,time_d3,3.213455666666251,2.9878812630971274
2,449,NH1490,449,1498732951.0,fixed_full_d3,time_d3,3.205263837121666,3.0465637842814126
2,443,NH1484,443,1498733098.0,fixed_full_d3,time_d3,3.04554245454625,2.8485132853190103
2,442,NH1483,442,1498734414.0,fixed_full_d3,time_d3,3.305119875,3.0082854429880777
2,438,NH1479,438,1498736997.5,fixed_full_d3,time_d3,2.7656549090905553,2.6861342589060464
2,437,NH1478,437,1498737267.5,fixed_full_d3,time_d3,2.9087390106059994,2.9712241490681968
2,439,NH1480,439,1498737459.0,fixed_full_d3,time_d3,2.856577093434167,2.8932350476582847
2,440,NH1481,440,1498737814.0,fixed_full_d3,time_d3,2.5367798143945834,2.529669682184855
2,441,NH1482,441,1498738591.0,fixed_full_d3,time_d3,3.0714249128787503,3.014352798461914
2,436,NH1477,436,1498739759.0,fixed_full_d3,time_d3,2.8579737840900004,2.697763681411743
2,421,NH1464,421,1498741055.0,fixed_full_d3,time_d3,2.8710665303020826,2.803862969080607
2,422,NH1465,422,1498741322.0,fixed_full_d3,time_d3,3.1901213409087497,3.0285980701446533
2,423,NH1466,423,1498741937.0,fixed_full_d3,time_d3,2.797970242424584,2.7112528483072915
2,469,NH1510,469,1498825160.0,fixed_full_d3,time_d3,2.82887276894,2.763580640157064
2,468,NH1509,468,1498825229.0,fixed_full_d3,time_d3,2.7863670681812502,2.8340375423431396
2,470,NH1511,470,1498826279.0,fixed_full_d3,time_d3,2.811349795454166,2.866631587346395
2,471,NH1512,471,1498826374.0,fixed_full_d3,time_d3,2.5712548257574994,2.711994727452596
2,472,NH1513,472,1498827126.0,fixed_full_d3,time_d3,2.8397837083341666,2.7978052298227944
2,467,NH1508,467,1498827363.0,fixed_full_d3,time_d3,2.7506098939383334,2.8014015356699624
2,507,NH1561,507,1498838962.5,fixed_full_d3,time_d3,2.9154196856066665,2.7018657525380454
2,508,NH1562,508,1498838990.0,fixed_full_d3,time_d3,2.9867449545445828,2.6185201009114585
2,509,NH1563,509,1498839097.0,fixed_full_d3,time_d3,3.209558715909166,2.8909432888031006
2,510,NH1564,510,1498839854.0,fixed_full_d3,time_d3,3.3299264583341674,2.9520453612009683
2,512,NH1566,512,1498839920.5,fixed_full_d3,time_d3,2.8937555492425004,2.707091728846232
2,511,NH1565,511,1498840185.0,fixed_full_d3,time_d3,3.0193580075754163,2.727149407068888
2,513,NH1567,513,1498841074.0,fixed_full_d3,time_d3,3.4054379431804156,2.9040793577829995
2,506,NH1560,506,1498841096.0,fixed_full_d3,time_d3,2.8437803522733334,2.676646629969279
2,505,NH1559,505,1498841312.0,fixed_full_d3,time_d3,3.026218575757916,2.7063093980153403
2,525,NH1577,525,1498855582.0,fixed_full_d3,time_d3,2.7140443080811116,2.6686065991719565
2,526,NH1578,526,1498855650.0,fixed_full_d3,time_d3,2.928948969696666,2.7940985361735025
2,524,NH1576,524,1498855717.0,fixed_full_d3,time_d3,2.7670094217169448,2.621332804361979
2,493,NH1547,493,1498882998.0,fixed_full_d3,time_d3,2.8696522222222227,2.8847885131835938
2,494,NH1548,494,1498883032.0,fixed_full_d3,time_d3,2.752624828283055,2.808927615483602
2,495,NH1549,495,1498883413.0,fixed_full_d3,time_d3,2.7769003611119447,2.627228577931722
2,482,NH1528,482,1498932471.0,fixed_full_d3,time_d3,2.695868310606111,2.624638636906942
2,483,NH1529,483,1498932508.0,fixed_full_d3,time_d3,2.8512445277777783,2.740220387776693
2,484,NH1530,484,1498932605.5,fixed_full_d3,time_d3,3.0451293030302775,2.8551742235819497
2,546,NH1599,546,1498942687.5,fixed_full_d3,time_d3,2.7516804595958333,2.6361629168192544
2,545,NH1598,545,1498942743.0,fixed_full_d3,time_d3,2.583565361110278,2.563166538874308
2,547,NH1600,547,1498942959.5,fixed_full_d3,time_d3,2.8901921085852775,2.812622308731079
2,542,NH1595,542,1498945670.0,fixed_full_d3,time_d3,2.847530583332917,2.6011300086975098
2,541,NH1594,541,1498945775.0,fixed_full_d3,time_d3,2.8696292537883332,2.6456924279530845
2,543,NH1596,543,1498946970.0,fixed_full_d3,time_d3,2.9677918446975,2.691214402516683
2,544,NH1597,544,1498948067.0,fixed_full_d3,time_d3,3.32966174242375,3.022780259450277
2,539,NH1592,539,1498948161.5,fixed_full_d3,time_d3,2.9873053598491666,2.794963995615641
2,540,NH1593,540,1498948271.0,fixed_full_d3,time_d3,3.007452212120417,2.72863499323527
2,549,NH1602,549,1498948491.0,fixed_full_d3,time_d3,2.6095519949491663,2.6571085453033447
2,548,NH1601,548,1498948570.0,fixed_full_d3,time_d3,2.679304651514722,2.881009658177694
2,550,NH1603,550,1498948597.0,fixed_full_d3,time_d3,2.4643921868686105,2.6171003182729087
2,514,NH1568,514,1498953600.0,fixed_full_d3,time_d3,2.873743284090417,2.6972666581471763
2,515,NH1569,515,1498953600.0,fixed_full_d3,time_d3,3.258172492424584,2.9245020548502603
2,552,NH1605,552,1498953600.0,fixed_full_d3,time_d3,2.539839329545001,2.7409247557322183
2,553,NH1606,553,1498953600.0,fixed_full_d3,time_d3,2.7267650037887496,2.8862174352010093
2,554,NH1607,554,1498953600.0,fixed_full_d3,time_d3,2.794889651515416,2.6804627577463784
2,555,NH1608,555,1498953600.0,fixed_full_d3,time_d3,2.7100046969695835,2.7232491175333657
2,426,NH1469,426,1498954010.5,fixed_full_d3,time_d3,3.3536392916670836,3.0096234480539956
2,427,NH1469,426,1498954010.5,fixed_full_d3,time_d3,3.3536392916670836,3.0151541233062744
2,428,NH1470,428,1498954068.0,fixed_full_d3,time_d3,2.9344255719695838,2.7605136235555015
2,429,NH1470,428,1498954068.0,fixed_full_d3,time_d3,2.9344255719695838,2.7737765312194824
2,430,NH1471,430,1498954145.0,fixed_full_d3,time_d3,2.700038464015417,2.5826334158579507
2,431,NH1472,431,1498954226.0,fixed_full_d3,time_d3,2.871240454544792,3.0400502681732178
2,432,NH1473,432,1498954563.5,fixed_full_d3,time_d3,2.8334246988633334,2.7459328174591064
2,433,NH1474,433,1498954901.5,fixed_full_d3,time_d3,2.944900195834292,2.9349211851755777
2,556,NH1609,556,1498961594.5,fixed_full_d3,time_d3,2.808178026515416,2.9170357386271157
2,551,NH1604,551,1498961718.0,fixed_full_d3,time_d3,2.894043181817917,2.7886961301167807
2,417,NH1460,417,1498963460.5,fixed_full_d3,time_d3,2.915021795454443,2.8143120606740317
2,418,NH1461,418,1498963483.0,fixed_full_d3,time_d3,2.707362411616389,2.7735021909077964
2,419,NH1462,419,1498973496.5,fixed_full_d3,time_d3,2.6863496919191663,2.5589635372161865
2,420,NH1463,420,1498974149.0,fixed_full_d3,time_d3,2.520522416666666,2.704617977142334
2,409,NH1450,409,1498975878.0,fixed_full_d3,time_d3,2.755381289925676,2.659899632136027
2,410,NH1451,410,1498975989.0,fixed_full_d3,time_d3,3.0433975808080547,2.744244337081909
2,411,NH1452,411,1498976094.5,fixed_full_d3,time_d3,3.246185393939722,2.8913397789001465
2,434,NH1475,434,1498987965.5,fixed_full_d3,time_d3,2.9112718484852085,2.7076846758524575
2,424,NH1467,424,1498988835.5,fixed_full_d3,time_d3,2.779368295454374,2.6928882598876953
2,435,NH1476,435,1498988891.0,fixed_full_d3,time_d3,2.697709937500001,2.635286887486776
2,425,NH1468,425,1498989163.5,fixed_full_d3,time_d3,2.851153931818126,2.8256423473358154
2,558,NH1611,558,1499034494.0,fixed_full_d3,time_d3,2.5755620909088894,2.8087485631306968
2,557,NH1610,557,1499034572.0,fixed_full_d3,time_d3,2.4609179873736116,2.654594341913859
2,559,NH1612,559,1499034745.5,fixed_full_d3,time_d3,2.621274502524444,2.6172450383504233
2,479,NH1520,479,1499040000.0,fixed_full_d3,time_d3,2.7224765946977083,2.7295080025990806
2,480,NH1521,480,1499040000.0,fixed_full_d3,time_d3,2.683536670454166,2.7860111395517984
2,481,NH1522,481,1499040000.0,fixed_full_d3,time_d3,2.93052868939375,2.8163599173227944
2,478,NH1519,478,1499044236.5,fixed_full_d3,time_d3,2.9073547348479165,2.8087077140808105
2,634,NH1757,634,1499044346.0,fixed_full_d3,time_d3,2.8736678383836107,2.7658520539601645
2,635,NH1758,635,1499045010.0,fixed_full_d3,time_d3,2.7538293484841665,2.6870851516723633
2,633,NH1755,633,1499051628.0,fixed_full_d3,time_d3,2.868438573232777,2.869504451751709
2,632,NH1754,632,1499051707.0,fixed_full_d3,time_d3,2.7977523131311104,2.71676238377889
2,413,NH1455,413,1499060294.0,fixed_full_d3,time_d3,2.7748878939404165,2.693633953730265
2,415,NH1457,415,1499060343.5,fixed_full_d3,time_d3,2.965334935605833,2.964282433191935
2,412,NH1454,412,1499060373.0,fixed_full_d3,time_d3,2.8213227462112505,2.986372788747152
2,414,NH1456,414,1499060399.0,fixed_full_d3,time_d3,2.539858378787917,2.709041436513265
2,416,NH1458,416,1499060952.0,fixed_full_d3,time_d3,2.8149711704537497,2.682398875554403
2,590,NH1671,590,1499087696.5,fixed_full_d3,time_d3,2.7723035265154166,2.5495158036549888
2,591,NH1672,591,1499089211.0,fixed_full_d3,time_d3,2.7109870606066666,2.62690798441569
2,574,NH1628,574,1499093143.0,fixed_full_d3,time_d3,2.765108738181733,2.669691244761149
2,575,NH1629,575,1499093442.0,fixed_full_d3,time_d3,2.7709344015144453,2.725284735361735
2,576,NH1630,576,1499093764.0,fixed_full_d3,time_d3,2.9784578535355566,2.950819174448649
2,579,NH1633,579,1499095925.0,fixed_full_d3,time_d3,3.001783654545001,2.7252197265625
2,572,NH1626,572,1499095930.5,fixed_full_d3,time_d3,2.6289725101013888,2.766572634379069
2,573,NH1627,573,1499096060.0,fixed_full_d3,time_d3,2.64773330808,2.7477964560190835
3,580,NH1634,580,1499096476.0,nested_selected,time_d3,3.1808558661602775,3.080517530441284
3,581,NH1635,581,1499097904.0,nested_selected,time_d3,2.9771905227274993,2.7130658626556396
3,582,NH1636,582,1499098641.0,nested_selected,time_d3,2.9940467095961107,2.84603484471639
3,578,NH1632,578,1499098691.5,nested_selected,time_d3,2.9853468585863894,2.9562435150146484
3,577,NH1631,577,1499098747.0,nested_selected,time_d3,2.9908430984849996,2.751077969868978
3,343,NH1379,343,1499098964.0,nested_selected,time_d3,2.427929627272333,2.7909251848856607
3,344,NH1380,344,1499099075.0,nested_selected,time_d3,2.5106332075753324,2.5092386404673257
3,345,NH1381,345,1499099397.0,nested_selected,time_d3,2.791738484848332,2.699496348698934
3,346,NH1382,346,1499099613.0,nested_selected,time_d3,2.5365751893945836,2.8030569553375244
3,347,NH1383,347,1499099831.0,nested_selected,time_d3,2.715058503788333,2.6484788258870444
3,348,NH1384,348,1499100022.0,nested_selected,time_d3,2.7460927310595826,2.8865787188212075
3,349,NH1385,349,1499100479.0,nested_selected,time_d3,2.677818651515833,2.798693895339966
3,350,NH1386,350,1499101459.0,nested_selected,time_d3,3.0376429507583333,2.940265337626139
3,342,NH1378,342,1499101807.0,nested_selected,time_d3,2.6396423143937504,2.668884833653768
3,500,NH1554,500,1499110948.0,nested_selected,time_d3,3.266245939393751,2.9876726468404136
3,587,NH1667,587,1499111389.0,nested_selected,time_d3,2.7702204938575674,2.7043875058492026
3,528,NH1581,528,1499117894.0,nested_selected,time_d3,2.899883191288333,2.8964406649271646
3,529,NH1582,529,1499117915.0,nested_selected,time_d3,2.8859325037879158,2.9065326849619546
3,530,NH1583,530,1499118028.5,nested_selected,time_d3,3.185311647726667,3.095876693725586
3,531,NH1584,531,1499118063.0,nested_selected,time_d3,2.83940724242375,2.892647663752238
3,532,NH1585,532,1499118631.5,nested_selected,time_d3,3.1895223143949996,3.169230302174886
3,534,NH1587,534,1499118981.0,nested_selected,time_d3,2.9320918768935416,2.9218682448069253
3,535,NH1588,535,1499119044.0,nested_selected,time_d3,3.229330869317708,3.1435054937998452
3,533,NH1586,533,1499119050.0,nested_selected,time_d3,2.8946791931820837,2.855666240056356
3,536,NH1589,536,1499119119.0,nested_selected,time_d3,3.1033055530299998,2.874170939127604
3,538,NH1591,538,1499119821.0,nested_selected,time_d3,3.243477958333125,3.2188841501871743
3,537,NH1590,537,1499120066.0,nested_selected,time_d3,3.10421795833375,2.9144073327382407
3,527,NH1579,527,1499120244.0,nested_selected,time_d3,2.998226829545417,2.931086540222168
3,567,NH1621,567,1499123132.0,nested_selected,time_d3,2.6374142760940753,2.7942614555358887
3,568,NH1622,568,1499123244.0,nested_selected,time_d3,2.78111150505,2.880178451538086
3,569,NH1623,569,1499123539.0,nested_selected,time_d3,2.941981262625833,2.9992443720499673
3,570,NH1624,570,1499125299.5,nested_selected,time_d3,3.112737872727167,2.9855575561523438
3,571,NH1625,571,1499125410.0,nested_selected,time_d3,3.022505628787084,2.8837846914927163
3,566,NH1620,566,1499125843.0,nested_selected,time_d3,2.893701810606112,2.847135623296102
3,640,NH1769,640,1499149063.5,nested_selected,time_d3,2.9994482575762498,2.8346672852834067
3,641,NH1770,641,1499149239.0,nested_selected,time_d3,3.0840344545449994,2.8278187115987143
3,642,NH1771,642,1499149701.0,nested_selected,time_d3,3.0430837992420834,2.8598124186197915
3,643,NH1772,643,1499149787.0,nested_selected,time_d3,3.204778238636667,2.8864503701527915
3,644,NH1773,644,1499150224.0,nested_selected,time_d3,3.0746478371216663,2.8497679233551025
3,645,NH1774,645,1499150337.0,nested_selected,time_d3,3.007947106060417,2.834609111150106
3,616,NH1724,616,1499151510.0,nested_selected,time_d3,2.983917755049999,2.788545290629069
3,617,NH1725,617,1499151621.0,nested_selected,time_d3,3.005704808080278,2.928894599278768
3,618,NH1726,618,1499151726.5,nested_selected,time_d3,2.7433783434338888,2.6271647612253823
3,620,NH1728,620,1499152752.0,nested_selected,time_d3,3.1653335303028323,2.9978319009145102
3,619,NH1727,619,1499152807.5,nested_selected,time_d3,3.033899217172222,2.795499324798584
3,622,NH1730,622,1499152969.0,nested_selected,time_d3,3.09583614015125,2.8389403025309243
3,621,NH1729,621,1499153214.0,nested_selected,time_d3,2.909598431818333,2.7438077131907144
3,623,NH1731,623,1499154023.0,nested_selected,time_d3,2.957467170454167,2.8144663174947104
3,639,NH1768,639,1499154270.5,nested_selected,time_d3,2.818932253787083,2.7217698891957602
3,615,NH1722,615,1499154298.0,nested_selected,time_d3,2.86136358712125,2.705467383066813
3,638,NH1767,638,1499154541.5,nested_selected,time_d3,2.9929210568175,2.8514045079549155
3,637,NH1766,637,1499157052.0,nested_selected,time_d3,2.774261397727083,2.7976595560709634
3,636,NH1765,636,1499157139.0,nested_selected,time_d3,3.146891314395417,3.002669095993042
3,565,NH1619,565,1499161993.5,nested_selected,time_d3,2.9540384015145826,2.723869721094767
3,596,NH1686,596,1499163186.0,nested_selected,time_d3,3.1082548999995008,3.083351214726766
3,597,NH1688,597,1499163406.0,nested_selected,time_d3,2.848719204545,2.752126932144165
3,598,NH1689,598,1499164495.0,nested_selected,time_d3,3.006316,3.1510738531748452
3,595,NH1685,595,1499165894.0,nested_selected,time_d3,2.9339350757569456,2.8893938064575195
3,458,NH1499,458,1499171054.0,nested_selected,time_d3,3.0142012803036105,2.7930849393208823
3,459,NH1500,459,1499171249.5,nested_selected,time_d3,2.7833541388886114,2.716941754023234
3,460,NH1501,460,1499171260.0,nested_selected,time_d3,3.142547452020001,2.901754061381022
3,461,NH1502,461,1499171844.0,nested_selected,time_d3,2.919967611743666,2.9292972087860107
3,462,NH1503,462,1499172128.0,nested_selected,time_d3,2.989936401514583,2.673985401789347
3,463,NH1504,463,1499172863.0,nested_selected,time_d3,2.7883351439399995,2.760442097981771
3,601,NH1704,601,1499176710.5,nested_selected,time_d3,3.0184068282827776,2.9647606213887534
3,600,NH1703,600,1499176766.0,nested_selected,time_d3,2.8691397777783334,2.7408355871836343
3,602,NH1705,602,1499177075.0,nested_selected,time_d3,2.8160141338380558,2.722710688908895
3,599,NH1702,599,1499179309.5,nested_selected,time_d3,3.0610138762624994,2.9725038210550943
3,659,NH1790,659,1499188064.0,nested_selected,time_d3,2.8337587954544445,2.767912228902181
3,658,NH1789,658,1499188124.0,nested_selected,time_d3,2.9286468459597224,2.9376349449157715
3,660,NH1791,660,1499188343.0,nested_selected,time_d3,3.113605141414166,3.1282995541890464
3,628,NH1745,628,1499213488.0,nested_selected,time_d3,2.559162946969445,2.6778247356414795
3,627,NH1744,627,1499213557.0,nested_selected,time_d3,2.7187532601002786,2.6790791352589927
3,629,NH1746,629,1499213595.5,nested_selected,time_d3,2.9451490631305544,2.844125747680664
3,563,NH1616,563,1499226262.0,nested_selected,time_d3,3.038251255681042,2.966184139251709
3,605,NH1709,605,1499251437.0,nested_selected,time_d3,2.7457053522729167,2.7801846663157144
3,606,NH1710,606,1499268693.0,nested_selected,time_d3,2.9376880075758334,2.8286251227060952
3,607,NH1711,607,1499269035.0,nested_selected,time_d3,3.096050136364167,3.037425915400187
3,608,NH1712,608,1499269310.0,nested_selected,time_d3,2.877750958333749,2.7796488602956138
3,604,NH1707,604,1499270402.0,nested_selected,time_d3,2.8687946666664588,2.7544850508371987
3,603,NH1706,603,1499270496.0,nested_selected,time_d3,2.9392557462116664,2.816375970840454
3,609,NH1714,609,1499272386.0,nested_selected,time_d3,2.8468540606070833,2.63887612024943
3,610,NH1716,610,1499274272.0,nested_selected,time_d3,2.9423472500008336,2.821656068166097
3,593,NH1683,593,1499275237.0,nested_selected,time_d3,2.8445862613637503,2.8304266134897866
3,592,NH1682,592,1499275578.0,nested_selected,time_d3,2.9118870189395833,3.0019797484079995
3,594,NH1684,594,1499275807.5,nested_selected,time_d3,2.8141230492429163,2.8083039919535318
3,475,NH1516,475,1499294849.0,nested_selected,time_d3,2.918081704544584,2.714491923650106
3,474,NH1515,474,1499294880.0,nested_selected,time_d3,2.855452022727083,2.6719136238098145
3,476,NH1517,476,1499295965.0,nested_selected,time_d3,2.7876860757570836,2.7147905826568604
3,477,NH1518,477,1499296302.5,nested_selected,time_d3,2.7509270113641673,2.7298829555511475
3,473,NH1514,473,1499296839.0,nested_selected,time_d3,2.848514276515833,2.757402022679647
3,588,NH1668,588,1499299447.5,nested_selected,time_d3,2.9043724090908336,2.8017067909240723
3,589,NH1669,589,1499299686.0,nested_selected,time_d3,2.9228999570700003,3.0584287643432617
3,499,NH1553,499,1499301599.5,nested_selected,time_d3,3.1458612083337503,2.846062660217285
3,498,NH1552,498,1499301660.5,nested_selected,time_d3,2.9805125303024997,2.7785216172536216
3,624,NH1732,624,1499311659.5,nested_selected,time_d3,2.9242628580675003,3.072404464085897
3,703,NH1836,703,1499311843.0,nested_selected,time_d3,2.9368110719699994,2.651072343190511
3,625,NH1733,625,1499315397.0,nested_selected,time_d3,2.632047236741875,2.7975244522094727
3,626,NH1734,626,1499315419.0,nested_selected,time_d3,3.0625282613649993,2.9952234427134194
3,704,NH1837,704,1499316830.0,nested_selected,time_d3,2.8521571136358332,2.745102643966675
3,580,NH1634,580,1499096476.0,fixed_raw_d2,time_d3,3.1808558661602775,3.0830156008402505
3,581,NH1635,581,1499097904.0,fixed_raw_d2,time_d3,2.9771905227274993,2.7165464560190835
3,582,NH1636,582,1499098641.0,fixed_raw_d2,time_d3,2.9940467095961107,2.867744207382202
3,578,NH1632,578,1499098691.5,fixed_raw_d2,time_d3,2.9853468585863894,2.934138059616089
3,577,NH1631,577,1499098747.0,fixed_raw_d2,time_d3,2.9908430984849996,2.745463768641154
3,343,NH1379,343,1499098964.0,fixed_raw_d2,time_d3,2.427929627272333,2.764580488204956
3,344,NH1380,344,1499099075.0,fixed_raw_d2,time_d3,2.5106332075753324,2.433451255162557
3,345,NH1381,345,1499099397.0,fixed_raw_d2,time_d3,2.791738484848332,2.6692002614339194
3,346,NH1382,346,1499099613.0,fixed_raw_d2,time_d3,2.5365751893945836,2.766277631123861
3,347,NH1383,347,1499099831.0,fixed_raw_d2,time_d3,2.715058503788333,2.5872934659322104
3,348,NH1384,348,1499100022.0,fixed_raw_d2,time_d3,2.7460927310595826,2.8508997758229575
3,349,NH1385,349,1499100479.0,fixed_raw_d2,time_d3,2.677818651515833,2.748161792755127
3,350,NH1386,350,1499101459.0,fixed_raw_d2,time_d3,3.0376429507583333,2.8952048619588218
3,342,NH1378,342,1499101807.0,fixed_raw_d2,time_d3,2.6396423143937504,2.5968283812204995
3,500,NH1554,500,1499110948.0,fixed_raw_d2,time_d3,3.266245939393751,3.012409766515096
3,587,NH1667,587,1499111389.0,fixed_raw_d2,time_d3,2.7702204938575674,2.664169947306315
3,528,NH1581,528,1499117894.0,fixed_raw_d2,time_d3,2.899883191288333,2.911792755126953
3,529,NH1582,529,1499117915.0,fixed_raw_d2,time_d3,2.8859325037879158,2.9085253874460855
3,530,NH1583,530,1499118028.5,fixed_raw_d2,time_d3,3.185311647726667,3.052048444747925
3,531,NH1584,531,1499118063.0,fixed_raw_d2,time_d3,2.83940724242375,2.8866659800211587
3,532,NH1585,532,1499118631.5,fixed_raw_d2,time_d3,3.1895223143949996,3.1286176840464273
3,534,NH1587,534,1499118981.0,fixed_raw_d2,time_d3,2.9320918768935416,2.9235740502675376
3,535,NH1588,535,1499119044.0,fixed_raw_d2,time_d3,3.229330869317708,3.1413026650746665
3,533,NH1586,533,1499119050.0,fixed_raw_d2,time_d3,2.8946791931820837,2.8779075145721436
3,536,NH1589,536,1499119119.0,fixed_raw_d2,time_d3,3.1033055530299998,2.8828109900156655
3,538,NH1591,538,1499119821.0,fixed_raw_d2,time_d3,3.243477958333125,3.2036542097727456
3,537,NH1590,537,1499120066.0,fixed_raw_d2,time_d3,3.10421795833375,2.9260098934173584
3,527,NH1579,527,1499120244.0,fixed_raw_d2,time_d3,2.998226829545417,2.943577686945597
3,567,NH1621,567,1499123132.0,fixed_raw_d2,time_d3,2.6374142760940753,2.7788700262705484
3,568,NH1622,568,1499123244.0,fixed_raw_d2,time_d3,2.78111150505,2.8108482360839844
3,569,NH1623,569,1499123539.0,fixed_raw_d2,time_d3,2.941981262625833,2.998598655064901
3,570,NH1624,570,1499125299.5,fixed_raw_d2,time_d3,3.112737872727167,3.036162773768107
3,571,NH1625,571,1499125410.0,fixed_raw_d2,time_d3,3.022505628787084,2.8830503622690835
3,566,NH1620,566,1499125843.0,fixed_raw_d2,time_d3,2.893701810606112,2.881098906199137
3,640,NH1769,640,1499149063.5,fixed_raw_d2,time_d3,2.9994482575762498,2.8060203393300376
3,641,NH1770,641,1499149239.0,fixed_raw_d2,time_d3,3.0840344545449994,2.7903663317362466
3,642,NH1771,642,1499149701.0,fixed_raw_d2,time_d3,3.0430837992420834,2.836368719736735
3,643,NH1772,643,1499149787.0,fixed_raw_d2,time_d3,3.204778238636667,2.872075080871582
3,644,NH1773,644,1499150224.0,fixed_raw_d2,time_d3,3.0746478371216663,2.8172695636749268
3,645,NH1774,645,1499150337.0,fixed_raw_d2,time_d3,3.007947106060417,2.796483357747396
3,616,NH1724,616,1499151510.0,fixed_raw_d2,time_d3,2.983917755049999,2.876995881398519
3,617,NH1725,617,1499151621.0,fixed_raw_d2,time_d3,3.005704808080278,2.980316638946533
3,618,NH1726,618,1499151726.5,fixed_raw_d2,time_d3,2.7433783434338888,2.623269001642863
3,620,NH1728,620,1499152752.0,fixed_raw_d2,time_d3,3.1653335303028323,3.069971720377604
3,619,NH1727,619,1499152807.5,fixed_raw_d2,time_d3,3.033899217172222,2.833715041478475
3,622,NH1730,622,1499152969.0,fixed_raw_d2,time_d3,3.09583614015125,2.9091004530588784
3,621,NH1729,621,1499153214.0,fixed_raw_d2,time_d3,2.909598431818333,2.743628184000651
3,623,NH1731,623,1499154023.0,fixed_raw_d2,time_d3,2.957467170454167,2.814539114634196
3,639,NH1768,639,1499154270.5,fixed_raw_d2,time_d3,2.818932253787083,2.709542910257975
3,615,NH1722,615,1499154298.0,fixed_raw_d2,time_d3,2.86136358712125,2.6835147539774575
3,638,NH1767,638,1499154541.5,fixed_raw_d2,time_d3,2.9929210568175,2.8899947802225747
3,637,NH1766,637,1499157052.0,fixed_raw_d2,time_d3,2.774261397727083,2.769979953765869
3,636,NH1765,636,1499157139.0,fixed_raw_d2,time_d3,3.146891314395417,3.0649824142456055
3,565,NH1619,565,1499161993.5,fixed_raw_d2,time_d3,2.9540384015145826,2.69702140490214
3,596,NH1686,596,1499163186.0,fixed_raw_d2,time_d3,3.1082548999995008,3.0712481339772544
3,597,NH1688,597,1499163406.0,fixed_raw_d2,time_d3,2.848719204545,2.669132630030314
3,598,NH1689,598,1499164495.0,fixed_raw_d2,time_d3,3.006316,3.0703417460123696
3,595,NH1685,595,1499165894.0,fixed_raw_d2,time_d3,2.9339350757569456,2.7825187842051187
3,458,NH1499,458,1499171054.0,fixed_raw_d2,time_d3,3.0142012803036105,2.781731208165487
3,459,NH1500,459,1499171249.5,fixed_raw_d2,time_d3,2.7833541388886114,2.6761209964752197
3,460,NH1501,460,1499171260.0,fixed_raw_d2,time_d3,3.142547452020001,2.9178877671559653
3,461,NH1502,461,1499171844.0,fixed_raw_d2,time_d3,2.919967611743666,2.8947863578796387
3,462,NH1503,462,1499172128.0,fixed_raw_d2,time_d3,2.989936401514583,2.6087578932444253
3,463,NH1504,463,1499172863.0,fixed_raw_d2,time_d3,2.7883351439399995,2.7099631627400718
3,601,NH1704,601,1499176710.5,fixed_raw_d2,time_d3,3.0184068282827776,2.9290718237559
3,600,NH1703,600,1499176766.0,fixed_raw_d2,time_d3,2.8691397777783334,2.716702461242676
3,602,NH1705,602,1499177075.0,fixed_raw_d2,time_d3,2.8160141338380558,2.6790250142415366
3,599,NH1702,599,1499179309.5,fixed_raw_d2,time_d3,3.0610138762624994,2.950950304667155
3,659,NH1790,659,1499188064.0,fixed_raw_d2,time_d3,2.8337587954544445,2.703488349914551
3,658,NH1789,658,1499188124.0,fixed_raw_d2,time_d3,2.9286468459597224,2.888982613881429
3,660,NH1791,660,1499188343.0,fixed_raw_d2,time_d3,3.113605141414166,3.046372572580973
3,628,NH1745,628,1499213488.0,fixed_raw_d2,time_d3,2.559162946969445,2.6390248934427896
3,627,NH1744,627,1499213557.0,fixed_raw_d2,time_d3,2.7187532601002786,2.6644533475240073
3,629,NH1746,629,1499213595.5,fixed_raw_d2,time_d3,2.9451490631305544,2.818246285120646
3,563,NH1616,563,1499226262.0,fixed_raw_d2,time_d3,3.038251255681042,2.973067045211792
3,605,NH1709,605,1499251437.0,fixed_raw_d2,time_d3,2.7457053522729167,2.791315952936808
3,606,NH1710,606,1499268693.0,fixed_raw_d2,time_d3,2.9376880075758334,2.818302551905314
3,607,NH1711,607,1499269035.0,fixed_raw_d2,time_d3,3.096050136364167,3.0933088461558023
3,608,NH1712,608,1499269310.0,fixed_raw_d2,time_d3,2.877750958333749,2.7706636587778726
3,604,NH1707,604,1499270402.0,fixed_raw_d2,time_d3,2.8687946666664588,2.727356274922689
3,603,NH1706,603,1499270496.0,fixed_raw_d2,time_d3,2.9392557462116664,2.7907172044118247
3,609,NH1714,609,1499272386.0,fixed_raw_d2,time_d3,2.8468540606070833,2.6326122283935547
3,610,NH1716,610,1499274272.0,fixed_raw_d2,time_d3,2.9423472500008336,2.826809883117676
3,593,NH1683,593,1499275237.0,fixed_raw_d2,time_d3,2.8445862613637503,2.7431321938832602
3,592,NH1682,592,1499275578.0,fixed_raw_d2,time_d3,2.9118870189395833,2.9481752713521323
3,594,NH1684,594,1499275807.5,fixed_raw_d2,time_d3,2.8141230492429163,2.7873074213663735
3,475,NH1516,475,1499294849.0,fixed_raw_d2,time_d3,2.918081704544584,2.655064582824707
3,474,NH1515,474,1499294880.0,fixed_raw_d2,time_d3,2.855452022727083,2.632999817530314
3,476,NH1517,476,1499295965.0,fixed_raw_d2,time_d3,2.7876860757570836,2.662536382675171
3,477,NH1518,477,1499296302.5,fixed_raw_d2,time_d3,2.7509270113641673,2.7348042329152427
3,473,NH1514,473,1499296839.0,fixed_raw_d2,time_d3,2.848514276515833,2.773443857828776
3,588,NH1668,588,1499299447.5,fixed_raw_d2,time_d3,2.9043724090908336,2.749577363332113
3,589,NH1669,589,1499299686.0,fixed_raw_d2,time_d3,2.9228999570700003,2.973794460296631
3,499,NH1553,499,1499301599.5,fixed_raw_d2,time_d3,3.1458612083337503,2.8849008878072104
3,498,NH1552,498,1499301660.5,fixed_raw_d2,time_d3,2.9805125303024997,2.736541191736857
3,624,NH1732,624,1499311659.5,fixed_raw_d2,time_d3,2.9242628580675003,3.0517467657725015
3,703,NH1836,703,1499311843.0,fixed_raw_d2,time_d3,2.9368110719699994,2.6297848224639893
3,625,NH1733,625,1499315397.0,fixed_raw_d2,time_d3,2.632047236741875,2.7656424840291343
3,626,NH1734,626,1499315419.0,fixed_raw_d2,time_d3,3.0625282613649993,2.997272570927938
3,704,NH1837,704,1499316830.0,fixed_raw_d2,time_d3,2.8521571136358332,2.7762096722920737
3,580,NH1634,580,1499096476.0,fixed_full_d2,time_d3,3.1808558661602775,3.0689028898874917
3,581,NH1635,581,1499097904.0,fixed_full_d2,time_d3,2.9771905227274993,2.7383457819620767
3,582,NH1636,582,1499098641.0,fixed_full_d2,time_d3,2.9940467095961107,2.8532429536183677
3,578,NH1632,578,1499098691.5,fixed_full_d2,time_d3,2.9853468585863894,2.923332691192627
3,577,NH1631,577,1499098747.0,fixed_full_d2,time_d3,2.9908430984849996,2.734589417775472
3,343,NH1379,343,1499098964.0,fixed_full_d2,time_d3,2.427929627272333,2.810560862223307
3,344,NH1380,344,1499099075.0,fixed_full_d2,time_d3,2.5106332075753324,2.4861071904500327
3,345,NH1381,345,1499099397.0,fixed_full_d2,time_d3,2.791738484848332,2.64955735206604
3,346,NH1382,346,1499099613.0,fixed_full_d2,time_d3,2.5365751893945836,2.822199821472168
3,347,NH1383,347,1499099831.0,fixed_full_d2,time_d3,2.715058503788333,2.641855080922445
3,348,NH1384,348,1499100022.0,fixed_full_d2,time_d3,2.7460927310595826,2.860663096110026
3,349,NH1385,349,1499100479.0,fixed_full_d2,time_d3,2.677818651515833,2.7900858720143638
3,350,NH1386,350,1499101459.0,fixed_full_d2,time_d3,3.0376429507583333,2.9522955417633057
3,342,NH1378,342,1499101807.0,fixed_full_d2,time_d3,2.6396423143937504,2.6125086148579917
3,500,NH1554,500,1499110948.0,fixed_full_d2,time_d3,3.266245939393751,3.0394179821014404
3,587,NH1667,587,1499111389.0,fixed_full_d2,time_d3,2.7702204938575674,2.7306853930155435
3,528,NH1581,528,1499117894.0,fixed_full_d2,time_d3,2.899883191288333,2.924326181411743
3,529,NH1582,529,1499117915.0,fixed_full_d2,time_d3,2.8859325037879158,2.9289628664652505
3,530,NH1583,530,1499118028.5,fixed_full_d2,time_d3,3.185311647726667,3.1264808177948
3,531,NH1584,531,1499118063.0,fixed_full_d2,time_d3,2.83940724242375,2.9128568967183432
3,532,NH1585,532,1499118631.5,fixed_full_d2,time_d3,3.1895223143949996,3.1890060106913247
3,534,NH1587,534,1499118981.0,fixed_full_d2,time_d3,2.9320918768935416,2.9527875582377114
3,535,NH1588,535,1499119044.0,fixed_full_d2,time_d3,3.229330869317708,3.176647504170736
3,533,NH1586,533,1499119050.0,fixed_full_d2,time_d3,2.8946791931820837,2.8736019134521484
3,536,NH1589,536,1499119119.0,fixed_full_d2,time_d3,3.1033055530299998,2.9188353220621743
3,538,NH1591,538,1499119821.0,fixed_full_d2,time_d3,3.243477958333125,3.2380998929341636
3,537,NH1590,537,1499120066.0,fixed_full_d2,time_d3,3.10421795833375,2.9206107457478843
3,527,NH1579,527,1499120244.0,fixed_full_d2,time_d3,2.998226829545417,2.9711223443349204
3,567,NH1621,567,1499123132.0,fixed_full_d2,time_d3,2.6374142760940753,2.791030248006185
3,568,NH1622,568,1499123244.0,fixed_full_d2,time_d3,2.78111150505,2.8742345174153647
3,569,NH1623,569,1499123539.0,fixed_full_d2,time_d3,2.941981262625833,3.0178330739339194
3,570,NH1624,570,1499125299.5,fixed_full_d2,time_d3,3.112737872727167,2.9932491779327393
3,571,NH1625,571,1499125410.0,fixed_full_d2,time_d3,3.022505628787084,2.9077003796895347
3,566,NH1620,566,1499125843.0,fixed_full_d2,time_d3,2.893701810606112,2.8633145491282144
3,640,NH1769,640,1499149063.5,fixed_full_d2,time_d3,2.9994482575762498,2.8306995232899985
3,641,NH1770,641,1499149239.0,fixed_full_d2,time_d3,3.0840344545449994,2.8423033555348716
3,642,NH1771,642,1499149701.0,fixed_full_d2,time_d3,3.0430837992420834,2.8425420920054116
3,643,NH1772,643,1499149787.0,fixed_full_d2,time_d3,3.204778238636667,2.9093428452809653
3,644,NH1773,644,1499150224.0,fixed_full_d2,time_d3,3.0746478371216663,2.8699698448181152
3,645,NH1774,645,1499150337.0,fixed_full_d2,time_d3,3.007947106060417,2.8154114882151284
3,616,NH1724,616,1499151510.0,fixed_full_d2,time_d3,2.983917755049999,2.76876433690389
3,617,NH1725,617,1499151621.0,fixed_full_d2,time_d3,3.005704808080278,2.9749197165171304
3,618,NH1726,618,1499151726.5,fixed_full_d2,time_d3,2.7433783434338888,2.6128238836924234
3,620,NH1728,620,1499152752.0,fixed_full_d2,time_d3,3.1653335303028323,3.0191782315572104
3,619,NH1727,619,1499152807.5,fixed_full_d2,time_d3,3.033899217172222,2.7925278345743814
3,622,NH1730,622,1499152969.0,fixed_full_d2,time_d3,3.09583614015125,2.8123950958251953
3,621,NH1729,621,1499153214.0,fixed_full_d2,time_d3,2.909598431818333,2.7332099278767905
3,623,NH1731,623,1499154023.0,fixed_full_d2,time_d3,2.957467170454167,2.839113712310791
3,639,NH1768,639,1499154270.5,fixed_full_d2,time_d3,2.818932253787083,2.743090788523356
3,615,NH1722,615,1499154298.0,fixed_full_d2,time_d3,2.86136358712125,2.6844695409139
3,638,NH1767,638,1499154541.5,fixed_full_d2,time_d3,2.9929210568175,2.8828835487365723
3,637,NH1766,637,1499157052.0,fixed_full_d2,time_d3,2.774261397727083,2.787273645401001
3,636,NH1765,636,1499157139.0,fixed_full_d2,time_d3,3.146891314395417,3.006800969441732
3,565,NH1619,565,1499161993.5,fixed_full_d2,time_d3,2.9540384015145826,2.7056962649027505
3,596,NH1686,596,1499163186.0,fixed_full_d2,time_d3,3.1082548999995008,3.1012114683787027
3,597,NH1688,597,1499163406.0,fixed_full_d2,time_d3,2.848719204545,2.745664119720459
3,598,NH1689,598,1499164495.0,fixed_full_d2,time_d3,3.006316,3.0745464166005454
3,595,NH1685,595,1499165894.0,fixed_full_d2,time_d3,2.9339350757569456,2.858917474746704
3,458,NH1499,458,1499171054.0,fixed_full_d2,time_d3,3.0142012803036105,2.8273162841796875
3,459,NH1500,459,1499171249.5,fixed_full_d2,time_d3,2.7833541388886114,2.722123702367147
3,460,NH1501,460,1499171260.0,fixed_full_d2,time_d3,3.142547452020001,2.920172929763794
3,461,NH1502,461,1499171844.0,fixed_full_d2,time_d3,2.919967611743666,2.934734503428141
3,462,NH1503,462,1499172128.0,fixed_full_d2,time_d3,2.989936401514583,2.6834566593170166
3,463,NH1504,463,1499172863.0,fixed_full_d2,time_d3,2.7883351439399995,2.7482120196024575
3,601,NH1704,601,1499176710.5,fixed_full_d2,time_d3,3.0184068282827776,2.976748784383138
3,600,NH1703,600,1499176766.0,fixed_full_d2,time_d3,2.8691397777783334,2.746469418207804
3,602,NH1705,602,1499177075.0,fixed_full_d2,time_d3,2.8160141338380558,2.736624797185262
3,599,NH1702,599,1499179309.5,fixed_full_d2,time_d3,3.0610138762624994,2.9763848781585693
3,659,NH1790,659,1499188064.0,fixed_full_d2,time_d3,2.8337587954544445,2.820725440979004
3,658,NH1789,658,1499188124.0,fixed_full_d2,time_d3,2.9286468459597224,3.0029804706573486
3,660,NH1791,660,1499188343.0,fixed_full_d2,time_d3,3.113605141414166,3.1233495076497397
3,628,NH1745,628,1499213488.0,fixed_full_d2,time_d3,2.559162946969445,2.642221132914225
3,627,NH1744,627,1499213557.0,fixed_full_d2,time_d3,2.7187532601002786,2.6992765267690024
3,629,NH1746,629,1499213595.5,fixed_full_d2,time_d3,2.9451490631305544,2.878559668858846
3,563,NH1616,563,1499226262.0,fixed_full_d2,time_d3,3.038251255681042,3.0022366841634116
3,605,NH1709,605,1499251437.0,fixed_full_d2,time_d3,2.7457053522729167,2.78963565826416
3,606,NH1710,606,1499268693.0,fixed_full_d2,time_d3,2.9376880075758334,2.8311594327290854
3,607,NH1711,607,1499269035.0,fixed_full_d2,time_d3,3.096050136364167,3.072213570276896
3,608,NH1712,608,1499269310.0,fixed_full_d2,time_d3,2.877750958333749,2.7971524397532144
3,604,NH1707,604,1499270402.0,fixed_full_d2,time_d3,2.8687946666664588,2.7883880933125815
3,603,NH1706,603,1499270496.0,fixed_full_d2,time_d3,2.9392557462116664,2.828519423802694
3,609,NH1714,609,1499272386.0,fixed_full_d2,time_d3,2.8468540606070833,2.6169214248657227
3,610,NH1716,610,1499274272.0,fixed_full_d2,time_d3,2.9423472500008336,2.79534920056661
3,593,NH1683,593,1499275237.0,fixed_full_d2,time_d3,2.8445862613637503,2.8355944951375327
3,592,NH1682,592,1499275578.0,fixed_full_d2,time_d3,2.9118870189395833,3.0118090311686196
3,594,NH1684,594,1499275807.5,fixed_full_d2,time_d3,2.8141230492429163,2.8143823941548667
3,475,NH1516,475,1499294849.0,fixed_full_d2,time_d3,2.918081704544584,2.7034707069396973
3,474,NH1515,474,1499294880.0,fixed_full_d2,time_d3,2.855452022727083,2.696443716684977
3,476,NH1517,476,1499295965.0,fixed_full_d2,time_d3,2.7876860757570836,2.7092893918355307
3,477,NH1518,477,1499296302.5,fixed_full_d2,time_d3,2.7509270113641673,2.7245174249013266
3,473,NH1514,473,1499296839.0,fixed_full_d2,time_d3,2.848514276515833,2.77201239267985
3,588,NH1668,588,1499299447.5,fixed_full_d2,time_d3,2.9043724090908336,2.796605189641317
3,589,NH1669,589,1499299686.0,fixed_full_d2,time_d3,2.9228999570700003,3.061020533243815
3,499,NH1553,499,1499301599.5,fixed_full_d2,time_d3,3.1458612083337503,2.846419890721639
3,498,NH1552,498,1499301660.5,fixed_full_d2,time_d3,2.9805125303024997,2.8224756717681885
3,624,NH1732,624,1499311659.5,fixed_full_d2,time_d3,2.9242628580675003,3.0887603759765625
3,703,NH1836,703,1499311843.0,fixed_full_d2,time_d3,2.9368110719699994,2.663389046986898
3,625,NH1733,625,1499315397.0,fixed_full_d2,time_d3,2.632047236741875,2.819596449534098
3,626,NH1734,626,1499315419.0,fixed_full_d2,time_d3,3.0625282613649993,3.056298812230428
3,704,NH1837,704,1499316830.0,fixed_full_d2,time_d3,2.8521571136358332,2.759829044342041
3,580,NH1634,580,1499096476.0,mean_baseline,time_d3,3.1808558661602775,2.790795334093093
3,581,NH1635,581,1499097904.0,mean_baseline,time_d3,2.9771905227274993,2.790795334093093
3,582,NH1636,582,1499098641.0,mean_baseline,time_d3,2.9940467095961107,2.790795334093093
3,578,NH1632,578,1499098691.5,mean_baseline,time_d3,2.9853468585863894,2.790795334093093
3,577,NH1631,577,1499098747.0,mean_baseline,time_d3,2.9908430984849996,2.790795334093093
3,343,NH1379,343,1499098964.0,mean_baseline,time_d3,2.427929627272333,2.790795334093093
3,344,NH1380,344,1499099075.0,mean_baseline,time_d3,2.5106332075753324,2.790795334093093
3,345,NH1381,345,1499099397.0,mean_baseline,time_d3,2.791738484848332,2.790795334093093
3,346,NH1382,346,1499099613.0,mean_baseline,time_d3,2.5365751893945836,2.790795334093093
3,347,NH1383,347,1499099831.0,mean_baseline,time_d3,2.715058503788333,2.790795334093093
3,348,NH1384,348,1499100022.0,mean_baseline,time_d3,2.7460927310595826,2.790795334093093
3,349,NH1385,349,1499100479.0,mean_baseline,time_d3,2.677818651515833,2.790795334093093
3,350,NH1386,350,1499101459.0,mean_baseline,time_d3,3.0376429507583333,2.790795334093093
3,342,NH1378,342,1499101807.0,mean_baseline,time_d3,2.6396423143937504,2.790795334093093
3,500,NH1554,500,1499110948.0,mean_baseline,time_d3,3.266245939393751,2.790795334093093
3,587,NH1667,587,1499111389.0,mean_baseline,time_d3,2.7702204938575674,2.790795334093093
3,528,NH1581,528,1499117894.0,mean_baseline,time_d3,2.899883191288333,2.790795334093093
3,529,NH1582,529,1499117915.0,mean_baseline,time_d3,2.8859325037879158,2.790795334093093
3,530,NH1583,530,1499118028.5,mean_baseline,time_d3,3.185311647726667,2.790795334093093
3,531,NH1584,531,1499118063.0,mean_baseline,time_d3,2.83940724242375,2.790795334093093
3,532,NH1585,532,1499118631.5,mean_baseline,time_d3,3.1895223143949996,2.790795334093093
3,534,NH1587,534,1499118981.0,mean_baseline,time_d3,2.9320918768935416,2.790795334093093
3,535,NH1588,535,1499119044.0,mean_baseline,time_d3,3.229330869317708,2.790795334093093
3,533,NH1586,533,1499119050.0,mean_baseline,time_d3,2.8946791931820837,2.790795334093093
3,536,NH1589,536,1499119119.0,mean_baseline,time_d3,3.1033055530299998,2.790795334093093
3,538,NH1591,538,1499119821.0,mean_baseline,time_d3,3.243477958333125,2.790795334093093
3,537,NH1590,537,1499120066.0,mean_baseline,time_d3,3.10421795833375,2.790795334093093
3,527,NH1579,527,1499120244.0,mean_baseline,time_d3,2.998226829545417,2.790795334093093
3,567,NH1621,567,1499123132.0,mean_baseline,time_d3,2.6374142760940753,2.790795334093093
3,568,NH1622,568,1499123244.0,mean_baseline,time_d3,2.78111150505,2.790795334093093
3,569,NH1623,569,1499123539.0,mean_baseline,time_d3,2.941981262625833,2.790795334093093
3,570,NH1624,570,1499125299.5,mean_baseline,time_d3,3.112737872727167,2.790795334093093
3,571,NH1625,571,1499125410.0,mean_baseline,time_d3,3.022505628787084,2.790795334093093
3,566,NH1620,566,1499125843.0,mean_baseline,time_d3,2.893701810606112,2.790795334093093
3,640,NH1769,640,1499149063.5,mean_baseline,time_d3,2.9994482575762498,2.790795334093093
3,641,NH1770,641,1499149239.0,mean_baseline,time_d3,3.0840344545449994,2.790795334093093
3,642,NH1771,642,1499149701.0,mean_baseline,time_d3,3.0430837992420834,2.790795334093093
3,643,NH1772,643,1499149787.0,mean_baseline,time_d3,3.204778238636667,2.790795334093093
3,644,NH1773,644,1499150224.0,mean_baseline,time_d3,3.0746478371216663,2.790795334093093
3,645,NH1774,645,1499150337.0,mean_baseline,time_d3,3.007947106060417,2.790795334093093
3,616,NH1724,616,1499151510.0,mean_baseline,time_d3,2.983917755049999,2.790795334093093
3,617,NH1725,617,1499151621.0,mean_baseline,time_d3,3.005704808080278,2.790795334093093
3,618,NH1726,618,1499151726.5,mean_baseline,time_d3,2.7433783434338888,2.790795334093093
3,620,NH1728,620,1499152752.0,mean_baseline,time_d3,3.1653335303028323,2.790795334093093
3,619,NH1727,619,1499152807.5,mean_baseline,time_d3,3.033899217172222,2.790795334093093
3,622,NH1730,622,1499152969.0,mean_baseline,time_d3,3.09583614015125,2.790795334093093
3,621,NH1729,621,1499153214.0,mean_baseline,time_d3,2.909598431818333,2.790795334093093
3,623,NH1731,623,1499154023.0,mean_baseline,time_d3,2.957467170454167,2.790795334093093
3,639,NH1768,639,1499154270.5,mean_baseline,time_d3,2.818932253787083,2.790795334093093
3,615,NH1722,615,1499154298.0,mean_baseline,time_d3,2.86136358712125,2.790795334093093
3,638,NH1767,638,1499154541.5,mean_baseline,time_d3,2.9929210568175,2.790795334093093
3,637,NH1766,637,1499157052.0,mean_baseline,time_d3,2.774261397727083,2.790795334093093
3,636,NH1765,636,1499157139.0,mean_baseline,time_d3,3.146891314395417,2.790795334093093
3,565,NH1619,565,1499161993.5,mean_baseline,time_d3,2.9540384015145826,2.790795334093093
3,596,NH1686,596,1499163186.0,mean_baseline,time_d3,3.1082548999995008,2.790795334093093
3,597,NH1688,597,1499163406.0,mean_baseline,time_d3,2.848719204545,2.790795334093093
3,598,NH1689,598,1499164495.0,mean_baseline,time_d3,3.006316,2.790795334093093
3,595,NH1685,595,1499165894.0,mean_baseline,time_d3,2.9339350757569456,2.790795334093093
3,458,NH1499,458,1499171054.0,mean_baseline,time_d3,3.0142012803036105,2.790795334093093
3,459,NH1500,459,1499171249.5,mean_baseline,time_d3,2.7833541388886114,2.790795334093093
3,460,NH1501,460,1499171260.0,mean_baseline,time_d3,3.142547452020001,2.790795334093093
3,461,NH1502,461,1499171844.0,mean_baseline,time_d3,2.919967611743666,2.790795334093093
3,462,NH1503,462,1499172128.0,mean_baseline,time_d3,2.989936401514583,2.790795334093093
3,463,NH1504,463,1499172863.0,mean_baseline,time_d3,2.7883351439399995,2.790795334093093
3,601,NH1704,601,1499176710.5,mean_baseline,time_d3,3.0184068282827776,2.790795334093093
3,600,NH1703,600,1499176766.0,mean_baseline,time_d3,2.8691397777783334,2.790795334093093
3,602,NH1705,602,1499177075.0,mean_baseline,time_d3,2.8160141338380558,2.790795334093093
3,599,NH1702,599,1499179309.5,mean_baseline,time_d3,3.0610138762624994,2.790795334093093
3,659,NH1790,659,1499188064.0,mean_baseline,time_d3,2.8337587954544445,2.790795334093093
3,658,NH1789,658,1499188124.0,mean_baseline,time_d3,2.9286468459597224,2.790795334093093
3,660,NH1791,660,1499188343.0,mean_baseline,time_d3,3.113605141414166,2.790795334093093
3,628,NH1745,628,1499213488.0,mean_baseline,time_d3,2.559162946969445,2.790795334093093
3,627,NH1744,627,1499213557.0,mean_baseline,time_d3,2.7187532601002786,2.790795334093093
3,629,NH1746,629,1499213595.5,mean_baseline,time_d3,2.9451490631305544,2.790795334093093
3,563,NH1616,563,1499226262.0,mean_baseline,time_d3,3.038251255681042,2.790795334093093
3,605,NH1709,605,1499251437.0,mean_baseline,time_d3,2.7457053522729167,2.790795334093093
3,606,NH1710,606,1499268693.0,mean_baseline,time_d3,2.9376880075758334,2.790795334093093
3,607,NH1711,607,1499269035.0,mean_baseline,time_d3,3.096050136364167,2.790795334093093
3,608,NH1712,608,1499269310.0,mean_baseline,time_d3,2.877750958333749,2.790795334093093
3,604,NH1707,604,1499270402.0,mean_baseline,time_d3,2.8687946666664588,2.790795334093093
3,603,NH1706,603,1499270496.0,mean_baseline,time_d3,2.9392557462116664,2.790795334093093
3,609,NH1714,609,1499272386.0,mean_baseline,time_d3,2.8468540606070833,2.790795334093093
3,610,NH1716,610,1499274272.0,mean_baseline,time_d3,2.9423472500008336,2.790795334093093
3,593,NH1683,593,1499275237.0,mean_baseline,time_d3,2.8445862613637503,2.790795334093093
3,592,NH1682,592,1499275578.0,mean_baseline,time_d3,2.9118870189395833,2.790795334093093
3,594,NH1684,594,1499275807.5,mean_baseline,time_d3,2.8141230492429163,2.790795334093093
3,475,NH1516,475,1499294849.0,mean_baseline,time_d3,2.918081704544584,2.790795334093093
3,474,NH1515,474,1499294880.0,mean_baseline,time_d3,2.855452022727083,2.790795334093093
3,476,NH1517,476,1499295965.0,mean_baseline,time_d3,2.7876860757570836,2.790795334093093
3,477,NH1518,477,1499296302.5,mean_baseline,time_d3,2.7509270113641673,2.790795334093093
3,473,NH1514,473,1499296839.0,mean_baseline,time_d3,2.848514276515833,2.790795334093093
3,588,NH1668,588,1499299447.5,mean_baseline,time_d3,2.9043724090908336,2.790795334093093
3,589,NH1669,589,1499299686.0,mean_baseline,time_d3,2.9228999570700003,2.790795334093093
3,499,NH1553,499,1499301599.5,mean_baseline,time_d3,3.1458612083337503,2.790795334093093
3,498,NH1552,498,1499301660.5,mean_baseline,time_d3,2.9805125303024997,2.790795334093093
3,624,NH1732,624,1499311659.5,mean_baseline,time_d3,2.9242628580675003,2.790795334093093
3,703,NH1836,703,1499311843.0,mean_baseline,time_d3,2.9368110719699994,2.790795334093093
3,625,NH1733,625,1499315397.0,mean_baseline,time_d3,2.632047236741875,2.790795334093093
3,626,NH1734,626,1499315419.0,mean_baseline,time_d3,3.0625282613649993,2.790795334093093
3,704,NH1837,704,1499316830.0,mean_baseline,time_d3,2.8521571136358332,2.790795334093093
3,580,NH1634,580,1499096476.0,fixed_raw_d3,time_d3,3.1808558661602775,3.0672899881998696
3,581,NH1635,581,1499097904.0,fixed_raw_d3,time_d3,2.9771905227274993,2.716693957646688
3,582,NH1636,582,1499098641.0,fixed_raw_d3,time_d3,2.9940467095961107,2.8544350465138755
3,578,NH1632,578,1499098691.5,fixed_raw_d3,time_d3,2.9853468585863894,2.9365005493164062
3,577,NH1631,577,1499098747.0,fixed_raw_d3,time_d3,2.9908430984849996,2.772935708363851
3,343,NH1379,343,1499098964.0,fixed_raw_d3,time_d3,2.427929627272333,2.7798472245534263
3,344,NH1380,344,1499099075.0,fixed_raw_d3,time_d3,2.5106332075753324,2.435375372568766
3,345,NH1381,345,1499099397.0,fixed_raw_d3,time_d3,2.791738484848332,2.6908724308013916
3,346,NH1382,346,1499099613.0,fixed_raw_d3,time_d3,2.5365751893945836,2.7831037044525146
3,347,NH1383,347,1499099831.0,fixed_raw_d3,time_d3,2.715058503788333,2.6233317852020264
3,348,NH1384,348,1499100022.0,fixed_raw_d3,time_d3,2.7460927310595826,2.872513930002848
3,349,NH1385,349,1499100479.0,fixed_raw_d3,time_d3,2.677818651515833,2.770414352416992
3,350,NH1386,350,1499101459.0,fixed_raw_d3,time_d3,3.0376429507583333,2.923544724782308
3,342,NH1378,342,1499101807.0,fixed_raw_d3,time_d3,2.6396423143937504,2.6204492251078286
3,500,NH1554,500,1499110948.0,fixed_raw_d3,time_d3,3.266245939393751,2.989116827646891
3,587,NH1667,587,1499111389.0,fixed_raw_d3,time_d3,2.7702204938575674,2.6688568592071533
3,528,NH1581,528,1499117894.0,fixed_raw_d3,time_d3,2.899883191288333,2.875436464945475
3,529,NH1582,529,1499117915.0,fixed_raw_d3,time_d3,2.8859325037879158,2.905480702718099
3,530,NH1583,530,1499118028.5,fixed_raw_d3,time_d3,3.185311647726667,3.0628185272216797
3,531,NH1584,531,1499118063.0,fixed_raw_d3,time_d3,2.83940724242375,2.886151154836019
3,532,NH1585,532,1499118631.5,fixed_raw_d3,time_d3,3.1895223143949996,3.108001232147217
3,534,NH1587,534,1499118981.0,fixed_raw_d3,time_d3,2.9320918768935416,2.919593413670858
3,535,NH1588,535,1499119044.0,fixed_raw_d3,time_d3,3.229330869317708,3.101733684539795
3,533,NH1586,533,1499119050.0,fixed_raw_d3,time_d3,2.8946791931820837,2.8689218362172446
3,536,NH1589,536,1499119119.0,fixed_raw_d3,time_d3,3.1033055530299998,2.8820486863454184
3,538,NH1591,538,1499119821.0,fixed_raw_d3,time_d3,3.243477958333125,3.194195032119751
3,537,NH1590,537,1499120066.0,fixed_raw_d3,time_d3,3.10421795833375,2.9159395694732666
3,527,NH1579,527,1499120244.0,fixed_raw_d3,time_d3,2.998226829545417,2.936941067377726
3,567,NH1621,567,1499123132.0,fixed_raw_d3,time_d3,2.6374142760940753,2.773038307825724
3,568,NH1622,568,1499123244.0,fixed_raw_d3,time_d3,2.78111150505,2.8063672383626304
3,569,NH1623,569,1499123539.0,fixed_raw_d3,time_d3,2.941981262625833,2.9646987915039062
3,570,NH1624,570,1499125299.5,fixed_raw_d3,time_d3,3.112737872727167,3.0237603187561035
3,571,NH1625,571,1499125410.0,fixed_raw_d3,time_d3,3.022505628787084,2.8898443380991616
3,566,NH1620,566,1499125843.0,fixed_raw_d3,time_d3,2.893701810606112,2.883239189783732
3,640,NH1769,640,1499149063.5,fixed_raw_d3,time_d3,2.9994482575762498,2.7987138430277505
3,641,NH1770,641,1499149239.0,fixed_raw_d3,time_d3,3.0840344545449994,2.793066660563151
3,642,NH1771,642,1499149701.0,fixed_raw_d3,time_d3,3.0430837992420834,2.851210117340088
3,643,NH1772,643,1499149787.0,fixed_raw_d3,time_d3,3.204778238636667,2.8707075119018555
3,644,NH1773,644,1499150224.0,fixed_raw_d3,time_d3,3.0746478371216663,2.8222785790761313
3,645,NH1774,645,1499150337.0,fixed_raw_d3,time_d3,3.007947106060417,2.8135050932566323
3,616,NH1724,616,1499151510.0,fixed_raw_d3,time_d3,2.983917755049999,2.856616497039795
3,617,NH1725,617,1499151621.0,fixed_raw_d3,time_d3,3.005704808080278,2.9591878255208335
3,618,NH1726,618,1499151726.5,fixed_raw_d3,time_d3,2.7433783434338888,2.6796560287475586
3,620,NH1728,620,1499152752.0,fixed_raw_d3,time_d3,3.1653335303028323,3.037917216618856
3,619,NH1727,619,1499152807.5,fixed_raw_d3,time_d3,3.033899217172222,2.8438958326975503
3,622,NH1730,622,1499152969.0,fixed_raw_d3,time_d3,3.09583614015125,2.879307587941488
3,621,NH1729,621,1499153214.0,fixed_raw_d3,time_d3,2.909598431818333,2.764268716176351
3,623,NH1731,623,1499154023.0,fixed_raw_d3,time_d3,2.957467170454167,2.8084508577982583
3,639,NH1768,639,1499154270.5,fixed_raw_d3,time_d3,2.818932253787083,2.706705888112386
3,615,NH1722,615,1499154298.0,fixed_raw_d3,time_d3,2.86136358712125,2.6911962827046714
3,638,NH1767,638,1499154541.5,fixed_raw_d3,time_d3,2.9929210568175,2.8590427239735923
3,637,NH1766,637,1499157052.0,fixed_raw_d3,time_d3,2.774261397727083,2.7602645556131997
3,636,NH1765,636,1499157139.0,fixed_raw_d3,time_d3,3.146891314395417,3.0463868776957193
3,565,NH1619,565,1499161993.5,fixed_raw_d3,time_d3,2.9540384015145826,2.717090368270874
3,596,NH1686,596,1499163186.0,fixed_raw_d3,time_d3,3.1082548999995008,3.0768856207529702
3,597,NH1688,597,1499163406.0,fixed_raw_d3,time_d3,2.848719204545,2.676765203475952
3,598,NH1689,598,1499164495.0,fixed_raw_d3,time_d3,3.006316,3.1032705307006836
3,595,NH1685,595,1499165894.0,fixed_raw_d3,time_d3,2.9339350757569456,2.8057427406311035
3,458,NH1499,458,1499171054.0,fixed_raw_d3,time_d3,3.0142012803036105,2.8023818333943686
3,459,NH1500,459,1499171249.5,fixed_raw_d3,time_d3,2.7833541388886114,2.7262701193491616
3,460,NH1501,460,1499171260.0,fixed_raw_d3,time_d3,3.142547452020001,2.883852402369181
3,461,NH1502,461,1499171844.0,fixed_raw_d3,time_d3,2.919967611743666,2.887756903966268
3,462,NH1503,462,1499172128.0,fixed_raw_d3,time_d3,2.989936401514583,2.6499179204305015
3,463,NH1504,463,1499172863.0,fixed_raw_d3,time_d3,2.7883351439399995,2.754523595174154
3,601,NH1704,601,1499176710.5,fixed_raw_d3,time_d3,3.0184068282827776,2.965585708618164
3,600,NH1703,600,1499176766.0,fixed_raw_d3,time_d3,2.8691397777783334,2.7269420623779297
3,602,NH1705,602,1499177075.0,fixed_raw_d3,time_d3,2.8160141338380558,2.7068772315979004
3,599,NH1702,599,1499179309.5,fixed_raw_d3,time_d3,3.0610138762624994,2.984588384628296
3,659,NH1790,659,1499188064.0,fixed_raw_d3,time_d3,2.8337587954544445,2.7148459752400718
3,658,NH1789,658,1499188124.0,fixed_raw_d3,time_d3,2.9286468459597224,2.8917043209075928
3,660,NH1791,660,1499188343.0,fixed_raw_d3,time_d3,3.113605141414166,3.0519541104634604
3,628,NH1745,628,1499213488.0,fixed_raw_d3,time_d3,2.559162946969445,2.6551264921824136
3,627,NH1744,627,1499213557.0,fixed_raw_d3,time_d3,2.7187532601002786,2.67922035853068
3,629,NH1746,629,1499213595.5,fixed_raw_d3,time_d3,2.9451490631305544,2.825669606526693
3,563,NH1616,563,1499226262.0,fixed_raw_d3,time_d3,3.038251255681042,2.979092836380005
3,605,NH1709,605,1499251437.0,fixed_raw_d3,time_d3,2.7457053522729167,2.763995409011841
3,606,NH1710,606,1499268693.0,fixed_raw_d3,time_d3,2.9376880075758334,2.803142865498861
3,607,NH1711,607,1499269035.0,fixed_raw_d3,time_d3,3.096050136364167,3.0550108750661216
3,608,NH1712,608,1499269310.0,fixed_raw_d3,time_d3,2.877750958333749,2.780566136042277
3,604,NH1707,604,1499270402.0,fixed_raw_d3,time_d3,2.8687946666664588,2.7265352408091226
3,603,NH1706,603,1499270496.0,fixed_raw_d3,time_d3,2.9392557462116664,2.796260118484497
3,609,NH1714,609,1499272386.0,fixed_raw_d3,time_d3,2.8468540606070833,2.6819982528686523
3,610,NH1716,610,1499274272.0,fixed_raw_d3,time_d3,2.9423472500008336,2.8444983959198
3,593,NH1683,593,1499275237.0,fixed_raw_d3,time_d3,2.8445862613637503,2.744723637898763
3,592,NH1682,592,1499275578.0,fixed_raw_d3,time_d3,2.9118870189395833,2.9466563860575357
3,594,NH1684,594,1499275807.5,fixed_raw_d3,time_d3,2.8141230492429163,2.7506344318389893
3,475,NH1516,475,1499294849.0,fixed_raw_d3,time_d3,2.918081704544584,2.675782839457194
3,474,NH1515,474,1499294880.0,fixed_raw_d3,time_d3,2.855452022727083,2.6433425744374595
3,476,NH1517,476,1499295965.0,fixed_raw_d3,time_d3,2.7876860757570836,2.6902945041656494
3,477,NH1518,477,1499296302.5,fixed_raw_d3,time_d3,2.7509270113641673,2.7617201010386148
3,473,NH1514,473,1499296839.0,fixed_raw_d3,time_d3,2.848514276515833,2.779043992360433
3,588,NH1668,588,1499299447.5,fixed_raw_d3,time_d3,2.9043724090908336,2.7350091139475503
3,589,NH1669,589,1499299686.0,fixed_raw_d3,time_d3,2.9228999570700003,3.0282453695933023
3,499,NH1553,499,1499301599.5,fixed_raw_d3,time_d3,3.1458612083337503,2.876765410105387
3,498,NH1552,498,1499301660.5,fixed_raw_d3,time_d3,2.9805125303024997,2.7658678690592446
3,624,NH1732,624,1499311659.5,fixed_raw_d3,time_d3,2.9242628580675003,3.014627377192179
3,703,NH1836,703,1499311843.0,fixed_raw_d3,time_d3,2.9368110719699994,2.6363866329193115
3,625,NH1733,625,1499315397.0,fixed_raw_d3,time_d3,2.632047236741875,2.7498818238576255
3,626,NH1734,626,1499315419.0,fixed_raw_d3,time_d3,3.0625282613649993,2.992650270462036
3,704,NH1837,704,1499316830.0,fixed_raw_d3,time_d3,2.8521571136358332,2.777883609135946
3,580,NH1634,580,1499096476.0,fixed_process_d2,time_d3,3.1808558661602775,3.070382038752238
3,581,NH1635,581,1499097904.0,fixed_process_d2,time_d3,2.9771905227274993,2.7615952491760254
3,582,NH1636,582,1499098641.0,fixed_process_d2,time_d3,2.9940467095961107,2.854546229044596
3,578,NH1632,578,1499098691.5,fixed_process_d2,time_d3,2.9853468585863894,2.9341766834259033
3,577,NH1631,577,1499098747.0,fixed_process_d2,time_d3,2.9908430984849996,2.7428433895111084
3,343,NH1379,343,1499098964.0,fixed_process_d2,time_d3,2.427929627272333,2.7605958779652915
3,344,NH1380,344,1499099075.0,fixed_process_d2,time_d3,2.5106332075753324,2.4451823234558105
3,345,NH1381,345,1499099397.0,fixed_process_d2,time_d3,2.791738484848332,2.6321107546488443
3,346,NH1382,346,1499099613.0,fixed_process_d2,time_d3,2.5365751893945836,2.7963221073150635
3,347,NH1383,347,1499099831.0,fixed_process_d2,time_d3,2.715058503788333,2.609717528025309
3,348,NH1384,348,1499100022.0,fixed_process_d2,time_d3,2.7460927310595826,2.820507844289144
3,349,NH1385,349,1499100479.0,fixed_process_d2,time_d3,2.677818651515833,2.778998613357544
3,350,NH1386,350,1499101459.0,fixed_process_d2,time_d3,3.0376429507583333,2.9402666091918945
3,342,NH1378,342,1499101807.0,fixed_process_d2,time_d3,2.6396423143937504,2.6078983147939048
3,500,NH1554,500,1499110948.0,fixed_process_d2,time_d3,3.266245939393751,3.0552059014638266
3,587,NH1667,587,1499111389.0,fixed_process_d2,time_d3,2.7702204938575674,2.72444216410319
3,528,NH1581,528,1499117894.0,fixed_process_d2,time_d3,2.899883191288333,2.909977992375692
3,529,NH1582,529,1499117915.0,fixed_process_d2,time_d3,2.8859325037879158,2.8994136651357016
3,530,NH1583,530,1499118028.5,fixed_process_d2,time_d3,3.185311647726667,3.0780447324117026
3,531,NH1584,531,1499118063.0,fixed_process_d2,time_d3,2.83940724242375,2.874119679133097
3,532,NH1585,532,1499118631.5,fixed_process_d2,time_d3,3.1895223143949996,3.15270201365153
3,534,NH1587,534,1499118981.0,fixed_process_d2,time_d3,2.9320918768935416,2.920200745264689
3,535,NH1588,535,1499119044.0,fixed_process_d2,time_d3,3.229330869317708,3.1554879347483316
3,533,NH1586,533,1499119050.0,fixed_process_d2,time_d3,2.8946791931820837,2.855891307195028
3,536,NH1589,536,1499119119.0,fixed_process_d2,time_d3,3.1033055530299998,2.893213907877604
3,538,NH1591,538,1499119821.0,fixed_process_d2,time_d3,3.243477958333125,3.1890218257904053
3,537,NH1590,537,1499120066.0,fixed_process_d2,time_d3,3.10421795833375,2.91026242574056
3,527,NH1579,527,1499120244.0,fixed_process_d2,time_d3,2.998226829545417,2.944514830907186
3,567,NH1621,567,1499123132.0,fixed_process_d2,time_d3,2.6374142760940753,2.75360639890035
3,568,NH1622,568,1499123244.0,fixed_process_d2,time_d3,2.78111150505,2.839216629664103
3,569,NH1623,569,1499123539.0,fixed_process_d2,time_d3,2.941981262625833,2.986983855565389
3,570,NH1624,570,1499125299.5,fixed_process_d2,time_d3,3.112737872727167,3.0405261516571045
3,571,NH1625,571,1499125410.0,fixed_process_d2,time_d3,3.022505628787084,2.924957354863485
3,566,NH1620,566,1499125843.0,fixed_process_d2,time_d3,2.893701810606112,2.905975262324015
3,640,NH1769,640,1499149063.5,fixed_process_d2,time_d3,2.9994482575762498,2.822734832763672
3,641,NH1770,641,1499149239.0,fixed_process_d2,time_d3,3.0840344545449994,2.8283331394195557
3,642,NH1771,642,1499149701.0,fixed_process_d2,time_d3,3.0430837992420834,2.82396666208903
3,643,NH1772,643,1499149787.0,fixed_process_d2,time_d3,3.204778238636667,2.8973843256632485
3,644,NH1773,644,1499150224.0,fixed_process_d2,time_d3,3.0746478371216663,2.8499180475870767
3,645,NH1774,645,1499150337.0,fixed_process_d2,time_d3,3.007947106060417,2.795773903528849
3,616,NH1724,616,1499151510.0,fixed_process_d2,time_d3,2.983917755049999,2.822621504465739
3,617,NH1725,617,1499151621.0,fixed_process_d2,time_d3,3.005704808080278,2.988825877507528
3,618,NH1726,618,1499151726.5,fixed_process_d2,time_d3,2.7433783434338888,2.6443281968434653
3,620,NH1728,620,1499152752.0,fixed_process_d2,time_d3,3.1653335303028323,3.0688060919443765
3,619,NH1727,619,1499152807.5,fixed_process_d2,time_d3,3.033899217172222,2.826103369394938
3,622,NH1730,622,1499152969.0,fixed_process_d2,time_d3,3.09583614015125,2.8620315392812095
3,621,NH1729,621,1499153214.0,fixed_process_d2,time_d3,2.909598431818333,2.7699526151021323
3,623,NH1731,623,1499154023.0,fixed_process_d2,time_d3,2.957467170454167,2.8367836475372314
3,639,NH1768,639,1499154270.5,fixed_process_d2,time_d3,2.818932253787083,2.7684613863627114
3,615,NH1722,615,1499154298.0,fixed_process_d2,time_d3,2.86136358712125,2.6857080459594727
3,638,NH1767,638,1499154541.5,fixed_process_d2,time_d3,2.9929210568175,2.9426944255828857
3,637,NH1766,637,1499157052.0,fixed_process_d2,time_d3,2.774261397727083,2.7847551504770913
3,636,NH1765,636,1499157139.0,fixed_process_d2,time_d3,3.146891314395417,3.069240172704061
3,565,NH1619,565,1499161993.5,fixed_process_d2,time_d3,2.9540384015145826,2.7166810830434165
3,596,NH1686,596,1499163186.0,fixed_process_d2,time_d3,3.1082548999995008,3.0689261754353843
3,597,NH1688,597,1499163406.0,fixed_process_d2,time_d3,2.848719204545,2.6548046271006265
3,598,NH1689,598,1499164495.0,fixed_process_d2,time_d3,3.006316,3.033506472905477
3,595,NH1685,595,1499165894.0,fixed_process_d2,time_d3,2.9339350757569456,2.8002235889434814
3,458,NH1499,458,1499171054.0,fixed_process_d2,time_d3,3.0142012803036105,2.823979218800863
3,459,NH1500,459,1499171249.5,fixed_process_d2,time_d3,2.7833541388886114,2.7033790747324624
3,460,NH1501,460,1499171260.0,fixed_process_d2,time_d3,3.142547452020001,2.907358249028524
3,461,NH1502,461,1499171844.0,fixed_process_d2,time_d3,2.919967611743666,2.913158337275187
3,462,NH1503,462,1499172128.0,fixed_process_d2,time_d3,2.989936401514583,2.663126309712728
3,463,NH1504,463,1499172863.0,fixed_process_d2,time_d3,2.7883351439399995,2.7400758266448975
3,601,NH1704,601,1499176710.5,fixed_process_d2,time_d3,3.0184068282827776,2.9795713424682617
3,600,NH1703,600,1499176766.0,fixed_process_d2,time_d3,2.8691397777783334,2.735154390335083
3,602,NH1705,602,1499177075.0,fixed_process_d2,time_d3,2.8160141338380558,2.698186000188192
3,599,NH1702,599,1499179309.5,fixed_process_d2,time_d3,3.0610138762624994,2.9735724925994873
3,659,NH1790,659,1499188064.0,fixed_process_d2,time_d3,2.8337587954544445,2.75859268506368
3,658,NH1789,658,1499188124.0,fixed_process_d2,time_d3,2.9286468459597224,2.93485689163208
3,660,NH1791,660,1499188343.0,fixed_process_d2,time_d3,3.113605141414166,3.0735573768615723
3,628,NH1745,628,1499213488.0,fixed_process_d2,time_d3,2.559162946969445,2.6291556358337402
3,627,NH1744,627,1499213557.0,fixed_process_d2,time_d3,2.7187532601002786,2.6700900395711265
3,629,NH1746,629,1499213595.5,fixed_process_d2,time_d3,2.9451490631305544,2.856106917063395
3,563,NH1616,563,1499226262.0,fixed_process_d2,time_d3,3.038251255681042,3.0479273796081543
3,605,NH1709,605,1499251437.0,fixed_process_d2,time_d3,2.7457053522729167,2.8093780676523843
3,606,NH1710,606,1499268693.0,fixed_process_d2,time_d3,2.9376880075758334,2.8537216981252036
3,607,NH1711,607,1499269035.0,fixed_process_d2,time_d3,3.096050136364167,3.1169563929239907
3,608,NH1712,608,1499269310.0,fixed_process_d2,time_d3,2.877750958333749,2.807088851928711
3,604,NH1707,604,1499270402.0,fixed_process_d2,time_d3,2.8687946666664588,2.7833428382873535
3,603,NH1706,603,1499270496.0,fixed_process_d2,time_d3,2.9392557462116664,2.8146588802337646
3,609,NH1714,609,1499272386.0,fixed_process_d2,time_d3,2.8468540606070833,2.659301996231079
3,610,NH1716,610,1499274272.0,fixed_process_d2,time_d3,2.9423472500008336,2.8145061333974204
3,593,NH1683,593,1499275237.0,fixed_process_d2,time_d3,2.8445862613637503,2.782087961832682
3,592,NH1682,592,1499275578.0,fixed_process_d2,time_d3,2.9118870189395833,2.981553395589193
3,594,NH1684,594,1499275807.5,fixed_process_d2,time_d3,2.8141230492429163,2.77601424853007
3,475,NH1516,475,1499294849.0,fixed_process_d2,time_d3,2.918081704544584,2.701927900314331
3,474,NH1515,474,1499294880.0,fixed_process_d2,time_d3,2.855452022727083,2.6755170027414956
3,476,NH1517,476,1499295965.0,fixed_process_d2,time_d3,2.7876860757570836,2.715789318084717
3,477,NH1518,477,1499296302.5,fixed_process_d2,time_d3,2.7509270113641673,2.709263483683268
3,473,NH1514,473,1499296839.0,fixed_process_d2,time_d3,2.848514276515833,2.7810816764831543
3,588,NH1668,588,1499299447.5,fixed_process_d2,time_d3,2.9043724090908336,2.7627487977345786
3,589,NH1669,589,1499299686.0,fixed_process_d2,time_d3,2.9228999570700003,3.052728811899821
3,499,NH1553,499,1499301599.5,fixed_process_d2,time_d3,3.1458612083337503,2.862115462621053
3,498,NH1552,498,1499301660.5,fixed_process_d2,time_d3,2.9805125303024997,2.8056112925211587
3,624,NH1732,624,1499311659.5,fixed_process_d2,time_d3,2.9242628580675003,3.056105136871338
3,703,NH1836,703,1499311843.0,fixed_process_d2,time_d3,2.9368110719699994,2.6648050944010415
3,625,NH1733,625,1499315397.0,fixed_process_d2,time_d3,2.632047236741875,2.7881486415863037
3,626,NH1734,626,1499315419.0,fixed_process_d2,time_d3,3.0625282613649993,3.0398427645365396
3,704,NH1837,704,1499316830.0,fixed_process_d2,time_d3,2.8521571136358332,2.775504191716512
3,580,NH1634,580,1499096476.0,fixed_process_d3,time_d3,3.1808558661602775,3.030041297276815
3,581,NH1635,581,1499097904.0,fixed_process_d3,time_d3,2.9771905227274993,2.756726106007894
3,582,NH1636,582,1499098641.0,fixed_process_d3,time_d3,2.9940467095961107,2.82577117284139
3,578,NH1632,578,1499098691.5,fixed_process_d3,time_d3,2.9853468585863894,2.9089250564575195
3,577,NH1631,577,1499098747.0,fixed_process_d3,time_d3,2.9908430984849996,2.757821480433146
3,343,NH1379,343,1499098964.0,fixed_process_d3,time_d3,2.427929627272333,2.7575131257375083
3,344,NH1380,344,1499099075.0,fixed_process_d3,time_d3,2.5106332075753324,2.483553330103556
3,345,NH1381,345,1499099397.0,fixed_process_d3,time_d3,2.791738484848332,2.643477439880371
3,346,NH1382,346,1499099613.0,fixed_process_d3,time_d3,2.5365751893945836,2.8064656257629395
3,347,NH1383,347,1499099831.0,fixed_process_d3,time_d3,2.715058503788333,2.628488540649414
3,348,NH1384,348,1499100022.0,fixed_process_d3,time_d3,2.7460927310595826,2.829763333002726
3,349,NH1385,349,1499100479.0,fixed_process_d3,time_d3,2.677818651515833,2.790889024734497
3,350,NH1386,350,1499101459.0,fixed_process_d3,time_d3,3.0376429507583333,2.931441307067871
3,342,NH1378,342,1499101807.0,fixed_process_d3,time_d3,2.6396423143937504,2.618501345316569
3,500,NH1554,500,1499110948.0,fixed_process_d3,time_d3,3.266245939393751,3.0152876377105713
3,587,NH1667,587,1499111389.0,fixed_process_d3,time_d3,2.7702204938575674,2.717930634816488
3,528,NH1581,528,1499117894.0,fixed_process_d3,time_d3,2.899883191288333,2.875779390335083
3,529,NH1582,529,1499117915.0,fixed_process_d3,time_d3,2.8859325037879158,2.9097320238749185
3,530,NH1583,530,1499118028.5,fixed_process_d3,time_d3,3.185311647726667,3.0745720863342285
3,531,NH1584,531,1499118063.0,fixed_process_d3,time_d3,2.83940724242375,2.8644206523895264
3,532,NH1585,532,1499118631.5,fixed_process_d3,time_d3,3.1895223143949996,3.1496009826660156
3,534,NH1587,534,1499118981.0,fixed_process_d3,time_d3,2.9320918768935416,2.936846653620402
3,535,NH1588,535,1499119044.0,fixed_process_d3,time_d3,3.229330869317708,3.11443559328715
3,533,NH1586,533,1499119050.0,fixed_process_d3,time_d3,2.8946791931820837,2.850686947504679
3,536,NH1589,536,1499119119.0,fixed_process_d3,time_d3,3.1033055530299998,2.8728453318277993
3,538,NH1591,538,1499119821.0,fixed_process_d3,time_d3,3.243477958333125,3.1871599356333413
3,537,NH1590,537,1499120066.0,fixed_process_d3,time_d3,3.10421795833375,2.8960588773091636
3,527,NH1579,527,1499120244.0,fixed_process_d3,time_d3,2.998226829545417,2.9300126234690347
3,567,NH1621,567,1499123132.0,fixed_process_d3,time_d3,2.6374142760940753,2.761378447214762
3,568,NH1622,568,1499123244.0,fixed_process_d3,time_d3,2.78111150505,2.825864871342977
3,569,NH1623,569,1499123539.0,fixed_process_d3,time_d3,2.941981262625833,2.979945341746012
3,570,NH1624,570,1499125299.5,fixed_process_d3,time_d3,3.112737872727167,3.0638254483540854
3,571,NH1625,571,1499125410.0,fixed_process_d3,time_d3,3.022505628787084,2.9156792958577475
3,566,NH1620,566,1499125843.0,fixed_process_d3,time_d3,2.893701810606112,2.8904842535654702
3,640,NH1769,640,1499149063.5,fixed_process_d3,time_d3,2.9994482575762498,2.8040688832600913
3,641,NH1770,641,1499149239.0,fixed_process_d3,time_d3,3.0840344545449994,2.8318490187327066
3,642,NH1771,642,1499149701.0,fixed_process_d3,time_d3,3.0430837992420834,2.821545441945394
3,643,NH1772,643,1499149787.0,fixed_process_d3,time_d3,3.204778238636667,2.877650578816732
3,644,NH1773,644,1499150224.0,fixed_process_d3,time_d3,3.0746478371216663,2.8507656256357827
3,645,NH1774,645,1499150337.0,fixed_process_d3,time_d3,3.007947106060417,2.7975905736287436
3,616,NH1724,616,1499151510.0,fixed_process_d3,time_d3,2.983917755049999,2.8331318696339927
3,617,NH1725,617,1499151621.0,fixed_process_d3,time_d3,3.005704808080278,2.9716691970825195
3,618,NH1726,618,1499151726.5,fixed_process_d3,time_d3,2.7433783434338888,2.691269318262736
3,620,NH1728,620,1499152752.0,fixed_process_d3,time_d3,3.1653335303028323,3.0523414611816406
3,619,NH1727,619,1499152807.5,fixed_process_d3,time_d3,3.033899217172222,2.8432074387868247
3,622,NH1730,622,1499152969.0,fixed_process_d3,time_d3,3.09583614015125,2.853822867075602
3,621,NH1729,621,1499153214.0,fixed_process_d3,time_d3,2.909598431818333,2.7859341303507485
3,623,NH1731,623,1499154023.0,fixed_process_d3,time_d3,2.957467170454167,2.8365566730499268
3,639,NH1768,639,1499154270.5,fixed_process_d3,time_d3,2.818932253787083,2.773056983947754
3,615,NH1722,615,1499154298.0,fixed_process_d3,time_d3,2.86136358712125,2.6980906327565513
3,638,NH1767,638,1499154541.5,fixed_process_d3,time_d3,2.9929210568175,2.918558120727539
3,637,NH1766,637,1499157052.0,fixed_process_d3,time_d3,2.774261397727083,2.7951814333597818
3,636,NH1765,636,1499157139.0,fixed_process_d3,time_d3,3.146891314395417,3.0510894457499185
3,565,NH1619,565,1499161993.5,fixed_process_d3,time_d3,2.9540384015145826,2.728278557459513
3,596,NH1686,596,1499163186.0,fixed_process_d3,time_d3,3.1082548999995008,3.0703303019205728
3,597,NH1688,597,1499163406.0,fixed_process_d3,time_d3,2.848719204545,2.6483311653137207
3,598,NH1689,598,1499164495.0,fixed_process_d3,time_d3,3.006316,3.0336727301279702
3,595,NH1685,595,1499165894.0,fixed_process_d3,time_d3,2.9339350757569456,2.802893956502279
3,458,NH1499,458,1499171054.0,fixed_process_d3,time_d3,3.0142012803036105,2.8228793938954673
3,459,NH1500,459,1499171249.5,fixed_process_d3,time_d3,2.7833541388886114,2.718710978825887
3,460,NH1501,460,1499171260.0,fixed_process_d3,time_d3,3.142547452020001,2.9115227858225503
3,461,NH1502,461,1499171844.0,fixed_process_d3,time_d3,2.919967611743666,2.898515462875366
3,462,NH1503,462,1499172128.0,fixed_process_d3,time_d3,2.989936401514583,2.6553683280944824
3,463,NH1504,463,1499172863.0,fixed_process_d3,time_d3,2.7883351439399995,2.747531255086263
3,601,NH1704,601,1499176710.5,fixed_process_d3,time_d3,3.0184068282827776,3.01910662651062
3,600,NH1703,600,1499176766.0,fixed_process_d3,time_d3,2.8691397777783334,2.710036357243856
3,602,NH1705,602,1499177075.0,fixed_process_d3,time_d3,2.8160141338380558,2.687168598175049
3,599,NH1702,599,1499179309.5,fixed_process_d3,time_d3,3.0610138762624994,2.994115193684896
3,659,NH1790,659,1499188064.0,fixed_process_d3,time_d3,2.8337587954544445,2.750572601954142
3,658,NH1789,658,1499188124.0,fixed_process_d3,time_d3,2.9286468459597224,2.9195191860198975
3,660,NH1791,660,1499188343.0,fixed_process_d3,time_d3,3.113605141414166,3.0818769137064614
3,628,NH1745,628,1499213488.0,fixed_process_d3,time_d3,2.559162946969445,2.6658937136332193
3,627,NH1744,627,1499213557.0,fixed_process_d3,time_d3,2.7187532601002786,2.6818695068359375
3,629,NH1746,629,1499213595.5,fixed_process_d3,time_d3,2.9451490631305544,2.8426288763682046
3,563,NH1616,563,1499226262.0,fixed_process_d3,time_d3,3.038251255681042,3.018890142440796
3,605,NH1709,605,1499251437.0,fixed_process_d3,time_d3,2.7457053522729167,2.7915537357330322
3,606,NH1710,606,1499268693.0,fixed_process_d3,time_d3,2.9376880075758334,2.805470069249471
3,607,NH1711,607,1499269035.0,fixed_process_d3,time_d3,3.096050136364167,3.064244270324707
3,608,NH1712,608,1499269310.0,fixed_process_d3,time_d3,2.877750958333749,2.803558588027954
3,604,NH1707,604,1499270402.0,fixed_process_d3,time_d3,2.8687946666664588,2.7885393301645913
3,603,NH1706,603,1499270496.0,fixed_process_d3,time_d3,2.9392557462116664,2.794713099797567
3,609,NH1714,609,1499272386.0,fixed_process_d3,time_d3,2.8468540606070833,2.6566079457600913
3,610,NH1716,610,1499274272.0,fixed_process_d3,time_d3,2.9423472500008336,2.801919460296631
3,593,NH1683,593,1499275237.0,fixed_process_d3,time_d3,2.8445862613637503,2.7656896114349365
3,592,NH1682,592,1499275578.0,fixed_process_d3,time_d3,2.9118870189395833,2.984075943628947
3,594,NH1684,594,1499275807.5,fixed_process_d3,time_d3,2.8141230492429163,2.752610524495443
3,475,NH1516,475,1499294849.0,fixed_process_d3,time_d3,2.918081704544584,2.6912750403086343
3,474,NH1515,474,1499294880.0,fixed_process_d3,time_d3,2.855452022727083,2.6890645821889243
3,476,NH1517,476,1499295965.0,fixed_process_d3,time_d3,2.7876860757570836,2.713303248087565
3,477,NH1518,477,1499296302.5,fixed_process_d3,time_d3,2.7509270113641673,2.724057197570801
3,473,NH1514,473,1499296839.0,fixed_process_d3,time_d3,2.848514276515833,2.775297482808431
3,588,NH1668,588,1499299447.5,fixed_process_d3,time_d3,2.9043724090908336,2.758897145589193
3,589,NH1669,589,1499299686.0,fixed_process_d3,time_d3,2.9228999570700003,3.082088073094686
3,499,NH1553,499,1499301599.5,fixed_process_d3,time_d3,3.1458612083337503,2.83762256304423
3,498,NH1552,498,1499301660.5,fixed_process_d3,time_d3,2.9805125303024997,2.801470994949341
3,624,NH1732,624,1499311659.5,fixed_process_d3,time_d3,2.9242628580675003,3.035141626993815
3,703,NH1836,703,1499311843.0,fixed_process_d3,time_d3,2.9368110719699994,2.67607847849528
3,625,NH1733,625,1499315397.0,fixed_process_d3,time_d3,2.632047236741875,2.778895060221354
3,626,NH1734,626,1499315419.0,fixed_process_d3,time_d3,3.0625282613649993,3.0228471755981445
3,704,NH1837,704,1499316830.0,fixed_process_d3,time_d3,2.8521571136358332,2.7584129174550376
3,580,NH1634,580,1499096476.0,fixed_time_d2,time_d3,3.1808558661602775,3.0765815575917563
3,581,NH1635,581,1499097904.0,fixed_time_d2,time_d3,2.9771905227274993,2.706986745198568
3,582,NH1636,582,1499098641.0,fixed_time_d2,time_d3,2.9940467095961107,2.884943962097168
3,578,NH1632,578,1499098691.5,fixed_time_d2,time_d3,2.9853468585863894,2.9613138834635415
3,577,NH1631,577,1499098747.0,fixed_time_d2,time_d3,2.9908430984849996,2.73954168955485
3,343,NH1379,343,1499098964.0,fixed_time_d2,time_d3,2.427929627272333,2.7985471884409585
3,344,NH1380,344,1499099075.0,fixed_time_d2,time_d3,2.5106332075753324,2.494902769724528
3,345,NH1381,345,1499099397.0,fixed_time_d2,time_d3,2.791738484848332,2.6814690430959067
3,346,NH1382,346,1499099613.0,fixed_time_d2,time_d3,2.5365751893945836,2.802888552347819
3,347,NH1383,347,1499099831.0,fixed_time_d2,time_d3,2.715058503788333,2.6183509826660156
3,348,NH1384,348,1499100022.0,fixed_time_d2,time_d3,2.7460927310595826,2.8590656916300454
3,349,NH1385,349,1499100479.0,fixed_time_d2,time_d3,2.677818651515833,2.775461037953695
3,350,NH1386,350,1499101459.0,fixed_time_d2,time_d3,3.0376429507583333,2.9401610692342124
3,342,NH1378,342,1499101807.0,fixed_time_d2,time_d3,2.6396423143937504,2.6442911624908447
3,500,NH1554,500,1499110948.0,fixed_time_d2,time_d3,3.266245939393751,3.0341556072235107
3,587,NH1667,587,1499111389.0,fixed_time_d2,time_d3,2.7702204938575674,2.7064126332600913
3,528,NH1581,528,1499117894.0,fixed_time_d2,time_d3,2.899883191288333,2.898937702178955
3,529,NH1582,529,1499117915.0,fixed_time_d2,time_d3,2.8859325037879158,2.9265528519948325
3,530,NH1583,530,1499118028.5,fixed_time_d2,time_d3,3.185311647726667,3.1071341832478843
3,531,NH1584,531,1499118063.0,fixed_time_d2,time_d3,2.83940724242375,2.9163637161254883
3,532,NH1585,532,1499118631.5,fixed_time_d2,time_d3,3.1895223143949996,3.1976540883382163
3,534,NH1587,534,1499118981.0,fixed_time_d2,time_d3,2.9320918768935416,2.9722917079925537
3,535,NH1588,535,1499119044.0,fixed_time_d2,time_d3,3.229330869317708,3.1613612174987793
3,533,NH1586,533,1499119050.0,fixed_time_d2,time_d3,2.8946791931820837,2.8998564084370932
3,536,NH1589,536,1499119119.0,fixed_time_d2,time_d3,3.1033055530299998,2.8994932174682617
3,538,NH1591,538,1499119821.0,fixed_time_d2,time_d3,3.243477958333125,3.2584574222564697
3,537,NH1590,537,1499120066.0,fixed_time_d2,time_d3,3.10421795833375,2.9363342920939126
3,527,NH1579,527,1499120244.0,fixed_time_d2,time_d3,2.998226829545417,2.970732847849528
3,567,NH1621,567,1499123132.0,fixed_time_d2,time_d3,2.6374142760940753,2.756140152613322
3,568,NH1622,568,1499123244.0,fixed_time_d2,time_d3,2.78111150505,2.8412152926127114
3,569,NH1623,569,1499123539.0,fixed_time_d2,time_d3,2.941981262625833,2.978597640991211
3,570,NH1624,570,1499125299.5,fixed_time_d2,time_d3,3.112737872727167,2.9778926372528076
3,571,NH1625,571,1499125410.0,fixed_time_d2,time_d3,3.022505628787084,2.8955206076304116
3,566,NH1620,566,1499125843.0,fixed_time_d2,time_d3,2.893701810606112,2.855886459350586
3,640,NH1769,640,1499149063.5,fixed_time_d2,time_d3,2.9994482575762498,2.8467222849527993
3,641,NH1770,641,1499149239.0,fixed_time_d2,time_d3,3.0840344545449994,2.8206281661987305
3,642,NH1771,642,1499149701.0,fixed_time_d2,time_d3,3.0430837992420834,2.885159492492676
3,643,NH1772,643,1499149787.0,fixed_time_d2,time_d3,3.204778238636667,2.9206652641296387
3,644,NH1773,644,1499150224.0,fixed_time_d2,time_d3,3.0746478371216663,2.871056159337362
3,645,NH1774,645,1499150337.0,fixed_time_d2,time_d3,3.007947106060417,2.860046148300171
3,616,NH1724,616,1499151510.0,fixed_time_d2,time_d3,2.983917755049999,2.8005476792653403
3,617,NH1725,617,1499151621.0,fixed_time_d2,time_d3,3.005704808080278,2.974620501200358
3,618,NH1726,618,1499151726.5,fixed_time_d2,time_d3,2.7433783434338888,2.581121842066447
3,620,NH1728,620,1499152752.0,fixed_time_d2,time_d3,3.1653335303028323,3.0478628476460776
3,619,NH1727,619,1499152807.5,fixed_time_d2,time_d3,3.033899217172222,2.80523681640625
3,622,NH1730,622,1499152969.0,fixed_time_d2,time_d3,3.09583614015125,2.85379950205485
3,621,NH1729,621,1499153214.0,fixed_time_d2,time_d3,2.909598431818333,2.7150517304738364
3,623,NH1731,623,1499154023.0,fixed_time_d2,time_d3,2.957467170454167,2.825967788696289
3,639,NH1768,639,1499154270.5,fixed_time_d2,time_d3,2.818932253787083,2.71952756245931
3,615,NH1722,615,1499154298.0,fixed_time_d2,time_d3,2.86136358712125,2.698254346847534
3,638,NH1767,638,1499154541.5,fixed_time_d2,time_d3,2.9929210568175,2.82255482673645
3,637,NH1766,637,1499157052.0,fixed_time_d2,time_d3,2.774261397727083,2.7997440497080484
3,636,NH1765,636,1499157139.0,fixed_time_d2,time_d3,3.146891314395417,2.9990643660227456
3,565,NH1619,565,1499161993.5,fixed_time_d2,time_d3,2.9540384015145826,2.687846581141154
3,596,NH1686,596,1499163186.0,fixed_time_d2,time_d3,3.1082548999995008,3.1339441935221353
3,597,NH1688,597,1499163406.0,fixed_time_d2,time_d3,2.848719204545,2.7723650137583413
3,598,NH1689,598,1499164495.0,fixed_time_d2,time_d3,3.006316,3.152773300806681
3,595,NH1685,595,1499165894.0,fixed_time_d2,time_d3,2.9339350757569456,2.8719565073649087
3,458,NH1499,458,1499171054.0,fixed_time_d2,time_d3,3.0142012803036105,2.8010939757029214
3,459,NH1500,459,1499171249.5,fixed_time_d2,time_d3,2.7833541388886114,2.6994241873423257
3,460,NH1501,460,1499171260.0,fixed_time_d2,time_d3,3.142547452020001,2.921635707219442
3,461,NH1502,461,1499171844.0,fixed_time_d2,time_d3,2.919967611743666,2.936729351679484
3,462,NH1503,462,1499172128.0,fixed_time_d2,time_d3,2.989936401514583,2.666963736216227
3,463,NH1504,463,1499172863.0,fixed_time_d2,time_d3,2.7883351439399995,2.7404589653015137
3,601,NH1704,601,1499176710.5,fixed_time_d2,time_d3,3.0184068282827776,2.950756311416626
3,600,NH1703,600,1499176766.0,fixed_time_d2,time_d3,2.8691397777783334,2.7543373902638755
3,602,NH1705,602,1499177075.0,fixed_time_d2,time_d3,2.8160141338380558,2.7392403284708657
3,599,NH1702,599,1499179309.5,fixed_time_d2,time_d3,3.0610138762624994,2.993683179219564
3,659,NH1790,659,1499188064.0,fixed_time_d2,time_d3,2.8337587954544445,2.800302267074585
3,658,NH1789,658,1499188124.0,fixed_time_d2,time_d3,2.9286468459597224,2.9602503776550293
3,660,NH1791,660,1499188343.0,fixed_time_d2,time_d3,3.113605141414166,3.121856609980265
3,628,NH1745,628,1499213488.0,fixed_time_d2,time_d3,2.559162946969445,2.676626125971476
3,627,NH1744,627,1499213557.0,fixed_time_d2,time_d3,2.7187532601002786,2.6882262229919434
3,629,NH1746,629,1499213595.5,fixed_time_d2,time_d3,2.9451490631305544,2.8479536374409995
3,563,NH1616,563,1499226262.0,fixed_time_d2,time_d3,3.038251255681042,2.9539098739624023
3,605,NH1709,605,1499251437.0,fixed_time_d2,time_d3,2.7457053522729167,2.8000190258026123
3,606,NH1710,606,1499268693.0,fixed_time_d2,time_d3,2.9376880075758334,2.844521443049113
3,607,NH1711,607,1499269035.0,fixed_time_d2,time_d3,3.096050136364167,3.080430189768473
3,608,NH1712,608,1499269310.0,fixed_time_d2,time_d3,2.877750958333749,2.7938129901885986
3,604,NH1707,604,1499270402.0,fixed_time_d2,time_d3,2.8687946666664588,2.76336137453715
3,603,NH1706,603,1499270496.0,fixed_time_d2,time_d3,2.9392557462116664,2.846367279688517
3,609,NH1714,609,1499272386.0,fixed_time_d2,time_d3,2.8468540606070833,2.6188929080963135
3,610,NH1716,610,1499274272.0,fixed_time_d2,time_d3,2.9423472500008336,2.8191365400950112
3,593,NH1683,593,1499275237.0,fixed_time_d2,time_d3,2.8445862613637503,2.8317557175954184
3,592,NH1682,592,1499275578.0,fixed_time_d2,time_d3,2.9118870189395833,2.9901185035705566
3,594,NH1684,594,1499275807.5,fixed_time_d2,time_d3,2.8141230492429163,2.8341705004374185
3,475,NH1516,475,1499294849.0,fixed_time_d2,time_d3,2.918081704544584,2.6997958024342856
3,474,NH1515,474,1499294880.0,fixed_time_d2,time_d3,2.855452022727083,2.684210220972697
3,476,NH1517,476,1499295965.0,fixed_time_d2,time_d3,2.7876860757570836,2.719348986943563
3,477,NH1518,477,1499296302.5,fixed_time_d2,time_d3,2.7509270113641673,2.7373361587524414
3,473,NH1514,473,1499296839.0,fixed_time_d2,time_d3,2.848514276515833,2.7592395146687827
3,588,NH1668,588,1499299447.5,fixed_time_d2,time_d3,2.9043724090908336,2.8199039300282798
3,589,NH1669,589,1499299686.0,fixed_time_d2,time_d3,2.9228999570700003,3.081578572591146
3,499,NH1553,499,1499301599.5,fixed_time_d2,time_d3,3.1458612083337503,2.889230728149414
3,498,NH1552,498,1499301660.5,fixed_time_d2,time_d3,2.9805125303024997,2.7973716259002686
3,624,NH1732,624,1499311659.5,fixed_time_d2,time_d3,2.9242628580675003,3.08968456586202
3,703,NH1836,703,1499311843.0,fixed_time_d2,time_d3,2.9368110719699994,2.635403792063395
3,625,NH1733,625,1499315397.0,fixed_time_d2,time_d3,2.632047236741875,2.7876854737599692
3,626,NH1734,626,1499315419.0,fixed_time_d2,time_d3,3.0625282613649993,3.017319361368815
3,704,NH1837,704,1499316830.0,fixed_time_d2,time_d3,2.8521571136358332,2.7463287512461343
3,580,NH1634,580,1499096476.0,fixed_time_d3,time_d3,3.1808558661602775,3.080517530441284
3,581,NH1635,581,1499097904.0,fixed_time_d3,time_d3,2.9771905227274993,2.7130658626556396
3,582,NH1636,582,1499098641.0,fixed_time_d3,time_d3,2.9940467095961107,2.84603484471639
3,578,NH1632,578,1499098691.5,fixed_time_d3,time_d3,2.9853468585863894,2.9562435150146484
3,577,NH1631,577,1499098747.0,fixed_time_d3,time_d3,2.9908430984849996,2.751077969868978
3,343,NH1379,343,1499098964.0,fixed_time_d3,time_d3,2.427929627272333,2.7909251848856607
3,344,NH1380,344,1499099075.0,fixed_time_d3,time_d3,2.5106332075753324,2.5092386404673257
3,345,NH1381,345,1499099397.0,fixed_time_d3,time_d3,2.791738484848332,2.699496348698934
3,346,NH1382,346,1499099613.0,fixed_time_d3,time_d3,2.5365751893945836,2.8030569553375244
3,347,NH1383,347,1499099831.0,fixed_time_d3,time_d3,2.715058503788333,2.6484788258870444
3,348,NH1384,348,1499100022.0,fixed_time_d3,time_d3,2.7460927310595826,2.8865787188212075
3,349,NH1385,349,1499100479.0,fixed_time_d3,time_d3,2.677818651515833,2.798693895339966
3,350,NH1386,350,1499101459.0,fixed_time_d3,time_d3,3.0376429507583333,2.940265337626139
3,342,NH1378,342,1499101807.0,fixed_time_d3,time_d3,2.6396423143937504,2.668884833653768
3,500,NH1554,500,1499110948.0,fixed_time_d3,time_d3,3.266245939393751,2.9876726468404136
3,587,NH1667,587,1499111389.0,fixed_time_d3,time_d3,2.7702204938575674,2.7043875058492026
3,528,NH1581,528,1499117894.0,fixed_time_d3,time_d3,2.899883191288333,2.8964406649271646
3,529,NH1582,529,1499117915.0,fixed_time_d3,time_d3,2.8859325037879158,2.9065326849619546
3,530,NH1583,530,1499118028.5,fixed_time_d3,time_d3,3.185311647726667,3.095876693725586
3,531,NH1584,531,1499118063.0,fixed_time_d3,time_d3,2.83940724242375,2.892647663752238
3,532,NH1585,532,1499118631.5,fixed_time_d3,time_d3,3.1895223143949996,3.169230302174886
3,534,NH1587,534,1499118981.0,fixed_time_d3,time_d3,2.9320918768935416,2.9218682448069253
3,535,NH1588,535,1499119044.0,fixed_time_d3,time_d3,3.229330869317708,3.1435054937998452
3,533,NH1586,533,1499119050.0,fixed_time_d3,time_d3,2.8946791931820837,2.855666240056356
3,536,NH1589,536,1499119119.0,fixed_time_d3,time_d3,3.1033055530299998,2.874170939127604
3,538,NH1591,538,1499119821.0,fixed_time_d3,time_d3,3.243477958333125,3.2188841501871743
3,537,NH1590,537,1499120066.0,fixed_time_d3,time_d3,3.10421795833375,2.9144073327382407
3,527,NH1579,527,1499120244.0,fixed_time_d3,time_d3,2.998226829545417,2.931086540222168
3,567,NH1621,567,1499123132.0,fixed_time_d3,time_d3,2.6374142760940753,2.7942614555358887
3,568,NH1622,568,1499123244.0,fixed_time_d3,time_d3,2.78111150505,2.880178451538086
3,569,NH1623,569,1499123539.0,fixed_time_d3,time_d3,2.941981262625833,2.9992443720499673
3,570,NH1624,570,1499125299.5,fixed_time_d3,time_d3,3.112737872727167,2.9855575561523438
3,571,NH1625,571,1499125410.0,fixed_time_d3,time_d3,3.022505628787084,2.8837846914927163
3,566,NH1620,566,1499125843.0,fixed_time_d3,time_d3,2.893701810606112,2.847135623296102
3,640,NH1769,640,1499149063.5,fixed_time_d3,time_d3,2.9994482575762498,2.8346672852834067
3,641,NH1770,641,1499149239.0,fixed_time_d3,time_d3,3.0840344545449994,2.8278187115987143
3,642,NH1771,642,1499149701.0,fixed_time_d3,time_d3,3.0430837992420834,2.8598124186197915
3,643,NH1772,643,1499149787.0,fixed_time_d3,time_d3,3.204778238636667,2.8864503701527915
3,644,NH1773,644,1499150224.0,fixed_time_d3,time_d3,3.0746478371216663,2.8497679233551025
3,645,NH1774,645,1499150337.0,fixed_time_d3,time_d3,3.007947106060417,2.834609111150106
3,616,NH1724,616,1499151510.0,fixed_time_d3,time_d3,2.983917755049999,2.788545290629069
3,617,NH1725,617,1499151621.0,fixed_time_d3,time_d3,3.005704808080278,2.928894599278768
3,618,NH1726,618,1499151726.5,fixed_time_d3,time_d3,2.7433783434338888,2.6271647612253823
3,620,NH1728,620,1499152752.0,fixed_time_d3,time_d3,3.1653335303028323,2.9978319009145102
3,619,NH1727,619,1499152807.5,fixed_time_d3,time_d3,3.033899217172222,2.795499324798584
3,622,NH1730,622,1499152969.0,fixed_time_d3,time_d3,3.09583614015125,2.8389403025309243
3,621,NH1729,621,1499153214.0,fixed_time_d3,time_d3,2.909598431818333,2.7438077131907144
3,623,NH1731,623,1499154023.0,fixed_time_d3,time_d3,2.957467170454167,2.8144663174947104
3,639,NH1768,639,1499154270.5,fixed_time_d3,time_d3,2.818932253787083,2.7217698891957602
3,615,NH1722,615,1499154298.0,fixed_time_d3,time_d3,2.86136358712125,2.705467383066813
3,638,NH1767,638,1499154541.5,fixed_time_d3,time_d3,2.9929210568175,2.8514045079549155
3,637,NH1766,637,1499157052.0,fixed_time_d3,time_d3,2.774261397727083,2.7976595560709634
3,636,NH1765,636,1499157139.0,fixed_time_d3,time_d3,3.146891314395417,3.002669095993042
3,565,NH1619,565,1499161993.5,fixed_time_d3,time_d3,2.9540384015145826,2.723869721094767
3,596,NH1686,596,1499163186.0,fixed_time_d3,time_d3,3.1082548999995008,3.083351214726766
3,597,NH1688,597,1499163406.0,fixed_time_d3,time_d3,2.848719204545,2.752126932144165
3,598,NH1689,598,1499164495.0,fixed_time_d3,time_d3,3.006316,3.1510738531748452
3,595,NH1685,595,1499165894.0,fixed_time_d3,time_d3,2.9339350757569456,2.8893938064575195
3,458,NH1499,458,1499171054.0,fixed_time_d3,time_d3,3.0142012803036105,2.7930849393208823
3,459,NH1500,459,1499171249.5,fixed_time_d3,time_d3,2.7833541388886114,2.716941754023234
3,460,NH1501,460,1499171260.0,fixed_time_d3,time_d3,3.142547452020001,2.901754061381022
3,461,NH1502,461,1499171844.0,fixed_time_d3,time_d3,2.919967611743666,2.9292972087860107
3,462,NH1503,462,1499172128.0,fixed_time_d3,time_d3,2.989936401514583,2.673985401789347
3,463,NH1504,463,1499172863.0,fixed_time_d3,time_d3,2.7883351439399995,2.760442097981771
3,601,NH1704,601,1499176710.5,fixed_time_d3,time_d3,3.0184068282827776,2.9647606213887534
3,600,NH1703,600,1499176766.0,fixed_time_d3,time_d3,2.8691397777783334,2.7408355871836343
3,602,NH1705,602,1499177075.0,fixed_time_d3,time_d3,2.8160141338380558,2.722710688908895
3,599,NH1702,599,1499179309.5,fixed_time_d3,time_d3,3.0610138762624994,2.9725038210550943
3,659,NH1790,659,1499188064.0,fixed_time_d3,time_d3,2.8337587954544445,2.767912228902181
3,658,NH1789,658,1499188124.0,fixed_time_d3,time_d3,2.9286468459597224,2.9376349449157715
3,660,NH1791,660,1499188343.0,fixed_time_d3,time_d3,3.113605141414166,3.1282995541890464
3,628,NH1745,628,1499213488.0,fixed_time_d3,time_d3,2.559162946969445,2.6778247356414795
3,627,NH1744,627,1499213557.0,fixed_time_d3,time_d3,2.7187532601002786,2.6790791352589927
3,629,NH1746,629,1499213595.5,fixed_time_d3,time_d3,2.9451490631305544,2.844125747680664
3,563,NH1616,563,1499226262.0,fixed_time_d3,time_d3,3.038251255681042,2.966184139251709
3,605,NH1709,605,1499251437.0,fixed_time_d3,time_d3,2.7457053522729167,2.7801846663157144
3,606,NH1710,606,1499268693.0,fixed_time_d3,time_d3,2.9376880075758334,2.8286251227060952
3,607,NH1711,607,1499269035.0,fixed_time_d3,time_d3,3.096050136364167,3.037425915400187
3,608,NH1712,608,1499269310.0,fixed_time_d3,time_d3,2.877750958333749,2.7796488602956138
3,604,NH1707,604,1499270402.0,fixed_time_d3,time_d3,2.8687946666664588,2.7544850508371987
3,603,NH1706,603,1499270496.0,fixed_time_d3,time_d3,2.9392557462116664,2.816375970840454
3,609,NH1714,609,1499272386.0,fixed_time_d3,time_d3,2.8468540606070833,2.63887612024943
3,610,NH1716,610,1499274272.0,fixed_time_d3,time_d3,2.9423472500008336,2.821656068166097
3,593,NH1683,593,1499275237.0,fixed_time_d3,time_d3,2.8445862613637503,2.8304266134897866
3,592,NH1682,592,1499275578.0,fixed_time_d3,time_d3,2.9118870189395833,3.0019797484079995
3,594,NH1684,594,1499275807.5,fixed_time_d3,time_d3,2.8141230492429163,2.8083039919535318
3,475,NH1516,475,1499294849.0,fixed_time_d3,time_d3,2.918081704544584,2.714491923650106
3,474,NH1515,474,1499294880.0,fixed_time_d3,time_d3,2.855452022727083,2.6719136238098145
3,476,NH1517,476,1499295965.0,fixed_time_d3,time_d3,2.7876860757570836,2.7147905826568604
3,477,NH1518,477,1499296302.5,fixed_time_d3,time_d3,2.7509270113641673,2.7298829555511475
3,473,NH1514,473,1499296839.0,fixed_time_d3,time_d3,2.848514276515833,2.757402022679647
3,588,NH1668,588,1499299447.5,fixed_time_d3,time_d3,2.9043724090908336,2.8017067909240723
3,589,NH1669,589,1499299686.0,fixed_time_d3,time_d3,2.9228999570700003,3.0584287643432617
3,499,NH1553,499,1499301599.5,fixed_time_d3,time_d3,3.1458612083337503,2.846062660217285
3,498,NH1552,498,1499301660.5,fixed_time_d3,time_d3,2.9805125303024997,2.7785216172536216
3,624,NH1732,624,1499311659.5,fixed_time_d3,time_d3,2.9242628580675003,3.072404464085897
3,703,NH1836,703,1499311843.0,fixed_time_d3,time_d3,2.9368110719699994,2.651072343190511
3,625,NH1733,625,1499315397.0,fixed_time_d3,time_d3,2.632047236741875,2.7975244522094727
3,626,NH1734,626,1499315419.0,fixed_time_d3,time_d3,3.0625282613649993,2.9952234427134194
3,704,NH1837,704,1499316830.0,fixed_time_d3,time_d3,2.8521571136358332,2.745102643966675
3,580,NH1634,580,1499096476.0,fixed_full_d3,time_d3,3.1808558661602775,3.030439297358195
3,581,NH1635,581,1499097904.0,fixed_full_d3,time_d3,2.9771905227274993,2.717357953389486
3,582,NH1636,582,1499098641.0,fixed_full_d3,time_d3,2.9940467095961107,2.853487968444824
3,578,NH1632,578,1499098691.5,fixed_full_d3,time_d3,2.9853468585863894,2.925907611846924
3,577,NH1631,577,1499098747.0,fixed_full_d3,time_d3,2.9908430984849996,2.7556033929189048
3,343,NH1379,343,1499098964.0,fixed_full_d3,time_d3,2.427929627272333,2.787778298060099
3,344,NH1380,344,1499099075.0,fixed_full_d3,time_d3,2.5106332075753324,2.500763416290283
3,345,NH1381,345,1499099397.0,fixed_full_d3,time_d3,2.791738484848332,2.6686957677205405
3,346,NH1382,346,1499099613.0,fixed_full_d3,time_d3,2.5365751893945836,2.819464365641276
3,347,NH1383,347,1499099831.0,fixed_full_d3,time_d3,2.715058503788333,2.665557384490967
3,348,NH1384,348,1499100022.0,fixed_full_d3,time_d3,2.7460927310595826,2.853449900945028
3,349,NH1385,349,1499100479.0,fixed_full_d3,time_d3,2.677818651515833,2.7962164084116616
3,350,NH1386,350,1499101459.0,fixed_full_d3,time_d3,3.0376429507583333,2.9518131415049234
3,342,NH1378,342,1499101807.0,fixed_full_d3,time_d3,2.6396423143937504,2.638737996419271
3,500,NH1554,500,1499110948.0,fixed_full_d3,time_d3,3.266245939393751,2.998638391494751
3,587,NH1667,587,1499111389.0,fixed_full_d3,time_d3,2.7702204938575674,2.7176833152770996
3,528,NH1581,528,1499117894.0,fixed_full_d3,time_d3,2.899883191288333,2.8700238863627114
3,529,NH1582,529,1499117915.0,fixed_full_d3,time_d3,2.8859325037879158,2.8980579376220703
3,530,NH1583,530,1499118028.5,fixed_full_d3,time_d3,3.185311647726667,3.0829551219940186
3,531,NH1584,531,1499118063.0,fixed_full_d3,time_d3,2.83940724242375,2.869351387023926
3,532,NH1585,532,1499118631.5,fixed_full_d3,time_d3,3.1895223143949996,3.1546138922373452
3,534,NH1587,534,1499118981.0,fixed_full_d3,time_d3,2.9320918768935416,2.9277637799580893
3,535,NH1588,535,1499119044.0,fixed_full_d3,time_d3,3.229330869317708,3.130112091700236
3,533,NH1586,533,1499119050.0,fixed_full_d3,time_d3,2.8946791931820837,2.8304895559946694
3,536,NH1589,536,1499119119.0,fixed_full_d3,time_d3,3.1033055530299998,2.855375130971273
3,538,NH1591,538,1499119821.0,fixed_full_d3,time_d3,3.243477958333125,3.1966752211252847
3,537,NH1590,537,1499120066.0,fixed_full_d3,time_d3,3.10421795833375,2.8893226782480874
3,527,NH1579,527,1499120244.0,fixed_full_d3,time_d3,2.998226829545417,2.927595615386963
3,567,NH1621,567,1499123132.0,fixed_full_d3,time_d3,2.6374142760940753,2.794896364212036
3,568,NH1622,568,1499123244.0,fixed_full_d3,time_d3,2.78111150505,2.8583670457204184
3,569,NH1623,569,1499123539.0,fixed_full_d3,time_d3,2.941981262625833,3.018991311391195
3,570,NH1624,570,1499125299.5,fixed_full_d3,time_d3,3.112737872727167,3.041683038075765
3,571,NH1625,571,1499125410.0,fixed_full_d3,time_d3,3.022505628787084,2.9054126739501953
3,566,NH1620,566,1499125843.0,fixed_full_d3,time_d3,2.893701810606112,2.885322650273641
3,640,NH1769,640,1499149063.5,fixed_full_d3,time_d3,2.9994482575762498,2.8225224812825522
3,641,NH1770,641,1499149239.0,fixed_full_d3,time_d3,3.0840344545449994,2.836663564046224
3,642,NH1771,642,1499149701.0,fixed_full_d3,time_d3,3.0430837992420834,2.844727118810018
3,643,NH1772,643,1499149787.0,fixed_full_d3,time_d3,3.204778238636667,2.8949244022369385
3,644,NH1773,644,1499150224.0,fixed_full_d3,time_d3,3.0746478371216663,2.8423628012339273
3,645,NH1774,645,1499150337.0,fixed_full_d3,time_d3,3.007947106060417,2.8216108481089273
3,616,NH1724,616,1499151510.0,fixed_full_d3,time_d3,2.983917755049999,2.7827750047047934
3,617,NH1725,617,1499151621.0,fixed_full_d3,time_d3,3.005704808080278,2.9337584177652993
3,618,NH1726,618,1499151726.5,fixed_full_d3,time_d3,2.7433783434338888,2.648782650629679
3,620,NH1728,620,1499152752.0,fixed_full_d3,time_d3,3.1653335303028323,3.009316603342692
3,619,NH1727,619,1499152807.5,fixed_full_d3,time_d3,3.033899217172222,2.8147246837615967
3,622,NH1730,622,1499152969.0,fixed_full_d3,time_d3,3.09583614015125,2.822775443394979
3,621,NH1729,621,1499153214.0,fixed_full_d3,time_d3,2.909598431818333,2.734574635823568
3,623,NH1731,623,1499154023.0,fixed_full_d3,time_d3,2.957467170454167,2.8276479244232178
3,639,NH1768,639,1499154270.5,fixed_full_d3,time_d3,2.818932253787083,2.759068806966146
3,615,NH1722,615,1499154298.0,fixed_full_d3,time_d3,2.86136358712125,2.6932386557261148
3,638,NH1767,638,1499154541.5,fixed_full_d3,time_d3,2.9929210568175,2.859733502070109
3,637,NH1766,637,1499157052.0,fixed_full_d3,time_d3,2.774261397727083,2.7875672976175943
3,636,NH1765,636,1499157139.0,fixed_full_d3,time_d3,3.146891314395417,3.0148515701293945
3,565,NH1619,565,1499161993.5,fixed_full_d3,time_d3,2.9540384015145826,2.734898328781128
3,596,NH1686,596,1499163186.0,fixed_full_d3,time_d3,3.1082548999995008,3.093441963195801
3,597,NH1688,597,1499163406.0,fixed_full_d3,time_d3,2.848719204545,2.7267816066741943
3,598,NH1689,598,1499164495.0,fixed_full_d3,time_d3,3.006316,3.0962624549865723
3,595,NH1685,595,1499165894.0,fixed_full_d3,time_d3,2.9339350757569456,2.859901746114095
3,458,NH1499,458,1499171054.0,fixed_full_d3,time_d3,3.0142012803036105,2.8093064626057944
3,459,NH1500,459,1499171249.5,fixed_full_d3,time_d3,2.7833541388886114,2.7311392625172934
3,460,NH1501,460,1499171260.0,fixed_full_d3,time_d3,3.142547452020001,2.9044060707092285
3,461,NH1502,461,1499171844.0,fixed_full_d3,time_d3,2.919967611743666,2.9179189999898276
3,462,NH1503,462,1499172128.0,fixed_full_d3,time_d3,2.989936401514583,2.670300245285034
3,463,NH1504,463,1499172863.0,fixed_full_d3,time_d3,2.7883351439399995,2.7412798404693604
3,601,NH1704,601,1499176710.5,fixed_full_d3,time_d3,3.0184068282827776,3.0079874197642007
3,600,NH1703,600,1499176766.0,fixed_full_d3,time_d3,2.8691397777783334,2.770951191584269
3,602,NH1705,602,1499177075.0,fixed_full_d3,time_d3,2.8160141338380558,2.7308672269185386
3,599,NH1702,599,1499179309.5,fixed_full_d3,time_d3,3.0610138762624994,2.9918465614318848
3,659,NH1790,659,1499188064.0,fixed_full_d3,time_d3,2.8337587954544445,2.7935686111450195
3,658,NH1789,658,1499188124.0,fixed_full_d3,time_d3,2.9286468459597224,2.9478091398874917
3,660,NH1791,660,1499188343.0,fixed_full_d3,time_d3,3.113605141414166,3.1154630184173584
3,628,NH1745,628,1499213488.0,fixed_full_d3,time_d3,2.559162946969445,2.6726924578348794
3,627,NH1744,627,1499213557.0,fixed_full_d3,time_d3,2.7187532601002786,2.702425956726074
3,629,NH1746,629,1499213595.5,fixed_full_d3,time_d3,2.9451490631305544,2.8723978996276855
3,563,NH1616,563,1499226262.0,fixed_full_d3,time_d3,3.038251255681042,2.98545773824056
3,605,NH1709,605,1499251437.0,fixed_full_d3,time_d3,2.7457053522729167,2.785702705383301
3,606,NH1710,606,1499268693.0,fixed_full_d3,time_d3,2.9376880075758334,2.809242089589437
3,607,NH1711,607,1499269035.0,fixed_full_d3,time_d3,3.096050136364167,3.028069814046224
3,608,NH1712,608,1499269310.0,fixed_full_d3,time_d3,2.877750958333749,2.7881312370300293
3,604,NH1707,604,1499270402.0,fixed_full_d3,time_d3,2.8687946666664588,2.7750693957010903
3,603,NH1706,603,1499270496.0,fixed_full_d3,time_d3,2.9392557462116664,2.8207596143086753
3,609,NH1714,609,1499272386.0,fixed_full_d3,time_d3,2.8468540606070833,2.6298491954803467
3,610,NH1716,610,1499274272.0,fixed_full_d3,time_d3,2.9423472500008336,2.80117400487264
3,593,NH1683,593,1499275237.0,fixed_full_d3,time_d3,2.8445862613637503,2.8279854456583657
3,592,NH1682,592,1499275578.0,fixed_full_d3,time_d3,2.9118870189395833,3.0163700580596924
3,594,NH1684,594,1499275807.5,fixed_full_d3,time_d3,2.8141230492429163,2.7915159861246743
3,475,NH1516,475,1499294849.0,fixed_full_d3,time_d3,2.918081704544584,2.7356180349985757
3,474,NH1515,474,1499294880.0,fixed_full_d3,time_d3,2.855452022727083,2.706194798151652
3,476,NH1517,476,1499295965.0,fixed_full_d3,time_d3,2.7876860757570836,2.7023672262827554
3,477,NH1518,477,1499296302.5,fixed_full_d3,time_d3,2.7509270113641673,2.722451607386271
3,473,NH1514,473,1499296839.0,fixed_full_d3,time_d3,2.848514276515833,2.770851453145345
3,588,NH1668,588,1499299447.5,fixed_full_d3,time_d3,2.9043724090908336,2.775657574335734
3,589,NH1669,589,1499299686.0,fixed_full_d3,time_d3,2.9228999570700003,3.0913585821787515
3,499,NH1553,499,1499301599.5,fixed_full_d3,time_d3,3.1458612083337503,2.8310964107513428
3,498,NH1552,498,1499301660.5,fixed_full_d3,time_d3,2.9805125303024997,2.8037754694620767
3,624,NH1732,624,1499311659.5,fixed_full_d3,time_d3,2.9242628580675003,3.0794068972269693
3,703,NH1836,703,1499311843.0,fixed_full_d3,time_d3,2.9368110719699994,2.6758204301198325
3,625,NH1733,625,1499315397.0,fixed_full_d3,time_d3,2.632047236741875,2.836042881011963
3,626,NH1734,626,1499315419.0,fixed_full_d3,time_d3,3.0625282613649993,3.0370723406473794
3,704,NH1837,704,1499316830.0,fixed_full_d3,time_d3,2.8521571136358332,2.7460528214772544
