Tool,feature,shift_z,abs_shift_z,n,operation
J,210X1,0.32533562302151525,0.32533562302151525,142,210
J,210X2,-0.44013327035065936,0.44013327035065936,142,210
J,210X3,1.301079743206245,1.301079743206245,142,210
J,210X4,-0.8085055043593631,0.8085055043593631,142,210
J,210X5,0.6636166590329143,0.6636166590329143,142,210
J,210X6,0.594495257153558,0.594495257153558,142,210
J,210X7,-0.1289570545379796,0.1289570545379796,142,210
J,210X8,-0.14463898106454712,0.14463898106454712,142,210
J,210X9,-1.0852461385917196,1.0852461385917196,142,210
J,210X10,-0.32165795006693665,0.32165795006693665,142,210
J,210X11,1.335137203884067,1.335137203884067,142,210
J,210X12,-0.33592251189695266,0.33592251189695266,142,210
J,210X13,0.3284530889037866,0.3284530889037866,142,210
J,210X14,0.6150046484299484,0.6150046484299484,142,210
J,210X15,0.2977205271878852,0.2977205271878852,142,210
J,210X16,1.0645111707725334,1.0645111707725334,142,210
J,210X18,0.5346175421724733,0.5346175421724733,142,210
J,210X19,0.24656544210698753,0.24656544210698753,142,210
J,210X20,-0.13860728162191352,0.13860728162191352,142,210
J,210X21,0.07084380157152471,0.07084380157152471,142,210
J,210X23,0.04300196072698257,0.04300196072698257,142,210
J,210X24,0.15001296697060865,0.15001296697060865,142,210
J,210X25,0.20164260190203134,0.20164260190203134,142,210
J,210X26,0.5121872697143385,0.5121872697143385,142,210
J,210X27,-0.9318685128207392,0.9318685128207392,142,210
J,210X28,-1.1853557948425024,1.1853557948425024,142,210
J,210X29,-0.13997503131235953,0.13997503131235953,142,210
J,210X30,-0.8694441457259577,0.8694441457259577,142,210
J,210X32,1.2805752296863198,1.2805752296863198,142,210
J,210X33,0.5883422975619589,0.5883422975619589,142,210
J,210X34,1.2881802107934828,1.2881802107934828,142,210
J,210X35,0.5595755276498566,0.5595755276498566,142,210
J,210X36,0.243367411280488,0.243367411280488,142,210
J,210X39,0.17697491632438986,0.17697491632438986,142,210
J,210X40,0.25769728349787147,0.25769728349787147,142,210
J,210X41,0.5397974531137706,0.5397974531137706,142,210
J,210X42,0.2559858078482535,0.2559858078482535,142,210
J,210X43,0.5374640706532288,0.5374640706532288,142,210
J,210X44,0.2207098966298075,0.2207098966298075,142,210
J,210X45,0.4756624978066404,0.4756624978066404,142,210
J,210X46,0.21964134332736665,0.21964134332736665,142,210
J,210X47,0.4795462415823916,0.4795462415823916,142,210
J,210X48,0.12731706842217547,0.12731706842217547,142,210
J,210X49,0.2813120240973585,0.2813120240973585,142,210
J,210X50,0.12769819360834284,0.12769819360834284,142,210
J,210X51,0.28283907245436063,0.28283907245436063,142,210
J,210X52,-0.5054856368062298,0.5054856368062298,142,210
J,210X53,0.1932467638247365,0.1932467638247365,142,210
J,210X54,0.5606632578780065,0.5606632578780065,142,210
J,210X55,0.1906406283987509,0.1906406283987509,142,210
J,210X56,0.5604376759213939,0.5604376759213939,142,210
J,210X57,-0.2205628950941079,0.2205628950941079,142,210
J,210X58,-0.39498409839276194,0.39498409839276194,142,210
J,210X59,-0.055914055603170296,0.055914055603170296,142,210
J,210X60,0.04745792951568651,0.04745792951568651,142,210
J,210X61,0.07429430908364436,0.07429430908364436,142,210
J,210X62,0.4057358452086776,0.4057358452086776,142,210
J,210X63,0.0790542815856422,0.0790542815856422,142,210
J,210X64,0.4060014820511726,0.4060014820511726,142,210
J,210X65,0.9769446889689695,0.9769446889689695,142,210
J,210X66,0.7369622058356426,0.7369622058356426,142,210
J,210X67,-0.0716397488511855,0.0716397488511855,142,210
J,210X68,-0.011778563005089872,0.011778563005089872,142,210
J,210X69,-0.12217169882658414,0.12217169882658414,142,210
J,210X70,-0.028916163909902762,0.028916163909902762,142,210
J,210X71,-0.12578268688683514,0.12578268688683514,142,210
J,210X72,-0.02025193047737285,0.02025193047737285,142,210
J,210X73,0.3601219017047407,0.3601219017047407,142,210
J,210X74,1.442239517489975,1.442239517489975,142,210
J,210X75,0.45867150674609486,0.45867150674609486,142,210
J,210X76,1.3638017748220768,1.3638017748220768,142,210
J,210X77,0.07084380157152502,0.07084380157152502,142,210
J,210X80,-0.12982510921864532,0.12982510921864532,142,210
J,210X81,-1.478472684317742,1.478472684317742,142,210
J,210X82,-1.6439876396664288,1.6439876396664288,142,210
J,210X83,-1.495687237292621,1.495687237292621,142,210
J,210X84,-1.6618815603334938,1.6618815603334938,142,210
J,210X85,-0.20353482268290607,0.20353482268290607,142,210
J,210X86,-0.160414147392503,0.160414147392503,142,210
J,210X87,-0.4830440552284772,0.4830440552284772,142,210
J,210X88,-0.31141822945135633,0.31141822945135633,142,210
J,210X89,-0.8359225976070797,0.8359225976070797,142,210
J,210X90,0.8145198028845015,0.8145198028845015,142,210
J,210X91,-0.17624645987879303,0.17624645987879303,142,210
J,210X92,0.07116008896311046,0.07116008896311046,142,210
J,210X93,0.06555151637873186,0.06555151637873186,142,210
J,210X94,0.4214165857119655,0.4214165857119655,142,210
J,210X95,0.10423995173242345,0.10423995173242345,142,210
J,210X96,0.09062087074239344,0.09062087074239344,142,210
J,210X97,-0.5496758576449985,0.5496758576449985,142,210
J,210X98,-0.17078783720833776,0.17078783720833776,142,210
J,210X99,-0.29241585150623883,0.29241585150623883,142,210
J,210X100,0.0507138892751992,0.0507138892751992,142,210
J,210X101,0.07136349989916047,0.07136349989916047,142,210
J,210X102,0.08197262181626376,0.08197262181626376,142,210
J,210X104,0.07190480022296421,0.07190480022296421,142,210
J,210X105,0.26582486922582754,0.26582486922582754,142,210
J,210X106,0.06755835528549654,0.06755835528549654,142,210
J,210X107,0.101270390437218,0.101270390437218,142,210
J,210X108,0.07066054117591658,0.07066054117591658,142,210
J,210X109,-0.29967625583390267,0.29967625583390267,142,210
J,210X110,0.07193974283375823,0.07193974283375823,142,210
J,210X111,0.59080447622028,0.59080447622028,142,210
J,210X112,-0.2054861104842953,0.2054861104842953,142,210
J,210X113,-0.19531277892606724,0.19531277892606724,142,210
J,210X114,-0.2465817221444077,0.2465817221444077,142,210
J,210X115,-0.2781978147030195,0.2781978147030195,142,210
J,210X116,0.19381917349818337,0.19381917349818337,142,210
J,210X117,0.5612393506656062,0.5612393506656062,142,210
J,210X118,-1.4657294046759606,1.4657294046759606,142,210
J,210X119,-1.6560444168360655,1.6560444168360655,142,210
J,210X120,-1.4784467513589268,1.4784467513589268,142,210
J,210X121,-1.6749802779582137,1.6749802779582137,142,210
J,210X122,0.1906660218615686,0.1906660218615686,142,210
J,210X123,0.5604763366639844,0.5604763366639844,142,210
J,210X124,-0.07378463569023119,0.07378463569023119,142,210
J,210X125,-0.37934750908409437,0.37934750908409437,142,210
J,210X126,-0.043322380973153815,0.043322380973153815,142,210
J,210X127,0.07084380157152155,0.07084380157152155,142,210
J,210X128,0.1273823192201474,0.1273823192201474,142,210
J,210X129,0.4789384118346731,0.4789384118346731,142,210
J,210X130,0.0977550984772233,0.0977550984772233,142,210
J,210X131,0.4057094454613502,0.4057094454613502,142,210
J,210X132,-1.468503681172532,1.468503681172532,142,210
J,210X133,-1.6662478090076287,1.6662478090076287,142,210
J,210X134,-1.478492035381891,1.478492035381891,142,210
J,210X135,-1.6749937220175128,1.6749937220175128,142,210
J,210X136,0.07896963433620377,0.07896963433620377,142,210
J,210X137,0.40631656411554995,0.40631656411554995,142,210
J,210X138,0.16670784083125734,0.16670784083125734,142,210
J,210X139,0.7687346741400646,0.7687346741400646,142,210
J,210X140,-0.05114355967934737,0.05114355967934737,142,210
J,210X141,-0.02886149375063613,0.02886149375063613,142,210
J,210X142,-1.1707266565180663,1.1707266565180663,142,210
J,210X143,-1.4796519190114121,1.4796519190114121,142,210
J,210X144,-1.5046488816563852,1.5046488816563852,142,210
J,210X145,-1.6517510699305258,1.6517510699305258,142,210
J,210X146,-0.12640685957186087,0.12640685957186087,142,210
J,210X147,-0.017274557414038143,0.017274557414038143,142,210
J,210X148,-1.4300626239230962,1.4300626239230962,142,210
J,210X149,-1.6431777256880797,1.6431777256880797,142,210
J,210X150,-1.441225182029831,1.441225182029831,142,210
J,210X151,-1.6611071022881938,1.6611071022881938,142,210
J,210X152,0.7369570730637757,0.7369570730637757,142,210
J,210X153,-0.15205066849903484,0.15205066849903484,142,210
J,210X154,-1.406517375905466,1.406517375905466,142,210
J,210X155,-0.3787908603579629,0.3787908603579629,142,210
J,210X156,-1.4616019763445047,1.4616019763445047,142,210
J,210X157,-1.6623714705111032,1.6623714705111032,142,210
J,210X158,-1.5011316186634998,1.5011316186634998,142,210
J,210X159,-1.8363123888026969,1.8363123888026969,142,210
J,210X160,-1.1644958979555633,1.1644958979555633,142,210
J,210X161,-1.493545640772268,1.493545640772268,142,210
J,210X162,-1.4652187482062076,1.4652187482062076,142,210
J,210X163,-1.6701406939530477,1.6701406939530477,142,210
J,210X164,-1.411895214869383,1.411895214869383,142,210
J,210X165,-0.42778093860204947,0.42778093860204947,142,210
J,210X166,-1.4741443175138853,1.4741443175138853,142,210
J,210X167,-1.638951957438475,1.638951957438475,142,210
J,210X168,-1.4783620982977626,1.4783620982977626,142,210
J,210X169,-1.6749639644930312,1.6749639644930312,142,210
J,210X170,-0.21448168498020126,0.21448168498020126,142,210
J,210X171,-0.20072283003131358,0.20072283003131358,142,210
J,210X172,-0.4464423294518872,0.4464423294518872,142,210
J,210X173,-0.2547294407238043,0.2547294407238043,142,210
J,210X174,-1.5376067220884457,1.5376067220884457,142,210
J,210X175,-0.49456777561198667,0.49456777561198667,142,210
J,210X176,-1.485185938110874,1.485185938110874,142,210
J,210X177,-1.8317342929746525,1.8317342929746525,142,210
J,210X178,-1.1646600979499062,1.1646600979499062,142,210
J,210X179,-1.493422359061873,1.493422359061873,142,210
J,210X180,0.24613706662389295,0.24613706662389295,142,210
J,210X181,-0.007142779313612521,0.007142779313612521,142,210
J,210X182,0.2611257756528666,0.2611257756528666,142,210
J,210X183,0.01722304944113291,0.01722304944113291,142,210
J,210X184,0.1658387306825923,0.1658387306825923,142,210
J,210X185,0.16336952141285632,0.16336952141285632,142,210
J,210X186,-1.373969740552477,1.373969740552477,142,210
J,210X187,-1.709716314130876,1.709716314130876,142,210
J,210X188,0.39597256273955217,0.39597256273955217,142,210
J,210X189,-0.6589930145444646,0.6589930145444646,142,210
J,210X190,-1.3204500688986904,1.3204500688986904,142,210
J,210X191,1.4200279454272007,1.4200279454272007,142,210
J,210X192,0.7490013187886935,0.7490013187886935,142,210
J,210X193,1.9229220465283758,1.9229220465283758,142,210
J,210X194,-0.4164271274413164,0.4164271274413164,142,210
J,210X195,-0.029034044128407925,0.029034044128407925,142,210
J,210X199,0.07084380157152449,0.07084380157152449,142,210
J,210X200,0.1959953071338591,0.1959953071338591,142,210
J,210X201,0.5129836667803876,0.5129836667803876,142,210
J,210X202,0.20174835778313166,0.20174835778313166,142,210
J,210X203,0.5121212043570476,0.5121212043570476,142,210
J,210X204,0.5770198200215605,0.5770198200215605,142,210
J,210X205,0.575852020835035,0.575852020835035,142,210
J,210X206,-0.927256506489904,0.927256506489904,142,210
J,210X207,-0.8602866231167104,0.8602866231167104,142,210
J,210X209,0.2681583493507253,0.2681583493507253,142,210
J,210X210,-0.2721746266385925,0.2721746266385925,142,210
J,210X211,0.20371438563403266,0.20371438563403266,142,210
J,210X212,0.511440089583329,0.511440089583329,142,210
J,210X213,0.5824543559895106,0.5824543559895106,142,210
J,210X214,0.019041564501204415,0.019041564501204415,142,210
J,210X215,0.5823936333514746,0.5823936333514746,142,210
J,ERROR:#N/A_4,-1.9630479027377334,1.9630479027377334,142,UNKNOWN
J,210X217,-1.9742929869951695,1.9742929869951695,142,210
J,210X218,0.15214211571700528,0.15214211571700528,142,210
J,210X219,0.14875052933273836,0.14875052933273836,142,210
J,210X220,0.15579578727793103,0.15579578727793103,142,210
J,210X221,0.15214211571700528,0.15214211571700528,142,210
J,210X222,0.15214211571700537,0.15214211571700537,142,210
J,210X224,0.15214211571700495,0.15214211571700495,142,210
J,210X225,0.07084380157152538,0.07084380157152538,142,210
J,210X226,-0.2800752028449426,0.2800752028449426,142,210
J,210X228,-0.564572838723217,0.564572838723217,142,210
J,210X229,-0.7092134037905917,0.7092134037905917,142,210
J,210X230,-0.6858363841431496,0.6858363841431496,142,210
J,210X231,-0.27081887711760005,0.27081887711760005,142,210
J,220X2,0.3475346157179893,0.3475346157179893,142,220
J,220X3,0.11317958458402337,0.11317958458402337,142,220
J,220X4,-0.3983301025453895,0.3983301025453895,142,220
J,220X5,-0.1547024706499383,0.1547024706499383,142,220
J,220X6,0.06663538897071829,0.06663538897071829,142,220
J,220X8,0.27067864575212697,0.27067864575212697,142,220
J,220X9,-0.27179932975018917,0.27179932975018917,142,220
J,220X10,0.34816711425263114,0.34816711425263114,142,220
J,220X11,-0.3998488478564528,0.3998488478564528,142,220
J,220X12,-0.13147141386373468,0.13147141386373468,142,220
J,220X13,-0.3127893650454978,0.3127893650454978,142,220
J,220X14,0.1692856189736895,0.1692856189736895,142,220
J,220X15,-0.2760720697828476,0.2760720697828476,142,220
J,220X18,0.36476255439387417,0.36476255439387417,142,220
J,220X19,-0.41132268804544786,0.41132268804544786,142,220
J,220X20,0.3977383231858178,0.3977383231858178,142,220
J,220X21,-0.4053106131832886,0.4053106131832886,142,220
J,220X26,0.026992159957107735,0.026992159957107735,142,220
J,220X27,0.0519033873077433,0.0519033873077433,142,220
J,220X28,0.2094982651639535,0.2094982651639535,142,220
J,220X29,0.031032508484470766,0.031032508484470766,142,220
J,220X30,0.28641598151912673,0.28641598151912673,142,220
J,220X31,0.38506983833015623,0.38506983833015623,142,220
J,220X32,0.3809327118294698,0.3809327118294698,142,220
J,220X33,0.7409120295914494,0.7409120295914494,142,220
J,220X53,-0.295966139663703,0.295966139663703,142,220
J,220X54,-0.4638615354341542,0.4638615354341542,142,220
J,220X55,-0.2196907365652869,0.2196907365652869,142,220
J,220X67,0.7986812280532213,0.7986812280532213,142,220
J,220X70,0.11338667679198461,0.11338667679198461,142,220
J,220X71,0.7975416104319254,0.7975416104319254,142,220
J,220X75,0.7986815428674938,0.7986815428674938,142,220
J,220X79,0.7986802875099129,0.7986802875099129,142,220
J,220X83,0.7986814933873954,0.7986814933873954,142,220
J,220X87,0.7986803820970318,0.7986803820970318,142,220
J,220X91,0.79868157076842,0.79868157076842,142,220
J,220X95,0.7986798245194691,0.7986798245194691,142,220
J,220X107,0.1015478033133223,0.1015478033133223,142,220
J,220X108,-0.05003131851230988,0.05003131851230988,142,220
J,220X110,-0.4065908230910148,0.4065908230910148,142,220
J,220X112,0.42021562549134517,0.42021562549134517,142,220
J,220X114,-0.40707596331086127,0.40707596331086127,142,220
J,220X116,0.4202305339698018,0.4202305339698018,142,220
J,220X118,-0.39913868983622525,0.39913868983622525,142,220
J,220X120,0.4210963710694989,0.4210963710694989,142,220
J,220X122,0.36126808432488283,0.36126808432488283,142,220
J,220X124,0.42251230677216284,0.42251230677216284,142,220
J,220X126,0.38880709107629186,0.38880709107629186,142,220
J,220X128,0.4195476418641803,0.4195476418641803,142,220
J,220X130,0.39544786002917487,0.39544786002917487,142,220
J,220X132,0.4216184104444483,0.4216184104444483,142,220
J,220X141,0.19889186205448453,0.19889186205448453,142,220
J,220X142,0.316086283572839,0.316086283572839,142,220
J,220X143,-0.02335950867261314,0.02335950867261314,142,220
J,220X155,-0.0353553390593329,0.0353553390593329,142,220
J,220X163,0.24266817421024464,0.24266817421024464,142,220
J,220X164,-0.20163796238524484,0.20163796238524484,142,220
J,220X165,-0.3094671627780298,0.3094671627780298,142,220
J,220X166,-0.27740995390992657,0.27740995390992657,142,220
J,220X167,-0.34418556818243307,0.34418556818243307,142,220
J,220X168,-0.277730112860546,0.277730112860546,142,220
J,220X169,-0.2960744794673758,0.2960744794673758,142,220
J,220X170,0.32385923347838014,0.32385923347838014,142,220
J,220X171,-0.2729720388798973,0.2729720388798973,142,220
J,220X172,-0.10487439850615798,0.10487439850615798,142,220
J,220X173,-0.2892503169766817,0.2892503169766817,142,220
J,220X174,0.26550393558847,0.26550393558847,142,220
J,220X175,0.122757948421601,0.122757948421601,142,220
J,220X176,-0.16392767047863357,0.16392767047863357,142,220
J,220X177,-0.19505372736737492,0.19505372736737492,142,220
J,220X178,-0.25688502901937593,0.25688502901937593,142,220
J,220X179,-0.27729243446993246,0.27729243446993246,142,220
J,220X180,0.24666938980659797,0.24666938980659797,142,220
J,220X181,0.27729243447028257,0.27729243447028257,142,220
J,220X182,-0.2772924344699129,0.2772924344699129,142,220
J,220X183,-0.2786231654040413,0.2786231654040413,142,220
J,220X184,0.10033862904083,0.10033862904083,142,220
J,220X185,-0.1437693729231515,0.1437693729231515,142,220
J,220X186,0.19024161779346177,0.19024161779346177,142,220
J,220X187,-0.3124729256400521,0.3124729256400521,142,220
J,220X188,0.1804074368148161,0.1804074368148161,142,220
J,220X189,-0.20718208372520067,0.20718208372520067,142,220
J,220X190,0.2112308375075327,0.2112308375075327,142,220
J,220X191,-0.13105222313589437,0.13105222313589437,142,220
J,220X192,0.16634293442993728,0.16634293442993728,142,220
J,220X193,0.10817177203333112,0.10817177203333112,142,220
J,220X194,0.24350897071611502,0.24350897071611502,142,220
J,220X195,0.29297229118836227,0.29297229118836227,142,220
J,220X196,0.3358093858654502,0.3358093858654502,142,220
J,220X197,0.284034442009714,0.284034442009714,142,220
J,220X204,0.08695229502845975,0.08695229502845975,142,220
J,220X216,0.09243402776251153,0.09243402776251153,142,220
J,220X217,0.05119493023343068,0.05119493023343068,142,220
J,220X218,0.14611175042951474,0.14611175042951474,142,220
J,220X223,0.12450044870758524,0.12450044870758524,142,220
J,220X224,0.26838081047930873,0.26838081047930873,142,220
J,300X1,-0.24324178022022244,0.24324178022022244,142,300
J,300X2,0.7748229349752284,0.7748229349752284,142,300
J,300X3,0.7387694918955753,0.7387694918955753,142,300
J,300X4,0.7024476726640122,0.7024476726640122,142,300
J,300X5,-0.21394171902037898,0.21394171902037898,142,300
J,300X6,0.7621229783184947,0.7621229783184947,142,300
J,300X7,0.7554217155042954,0.7554217155042954,142,300
J,300X8,-0.23906607317774717,0.23906607317774717,142,300
J,300X9,0.7646684835652491,0.7646684835652491,142,300
J,300X10,0.7840320405087702,0.7840320405087702,142,300
J,300X11,-0.20980294503466004,0.20980294503466004,142,300
J,300X12,-0.21448637121515904,0.21448637121515904,142,300
J,300X13,0.7573183820432987,0.7573183820432987,142,300
J,300X14,0.7727915431231902,0.7727915431231902,142,300
J,300X20,0.774858609796918,0.774858609796918,142,300
J,310X2,0.44163850907620933,0.44163850907620933,142,310
J,310X4,0.33475534648444355,0.33475534648444355,142,310
J,310X5,0.09971137489971943,0.09971137489971943,142,310
J,310X6,0.030948544767311004,0.030948544767311004,142,310
J,310X8,0.08810971783467227,0.08810971783467227,142,310
J,310X9,-0.3722958212108715,0.3722958212108715,142,310
J,310X10,0.48398613316032807,0.48398613316032807,142,310
J,310X11,0.34126249197894104,0.34126249197894104,142,310
J,310X12,0.028097083018419323,0.028097083018419323,142,310
J,310X13,-0.07859494367236583,0.07859494367236583,142,310
J,310X14,0.6091424503157262,0.6091424503157262,142,310
J,310X15,-0.6356360519111603,0.6356360519111603,142,310
J,310X19,0.6526261774878481,0.6526261774878481,142,310
J,310X20,0.6433038869986726,0.6433038869986726,142,310
J,310X21,-0.5308612310961565,0.5308612310961565,142,310
J,310X22,-0.678633533628006,0.678633533628006,142,310
J,310X23,-0.01533351925784765,0.01533351925784765,142,310
J,310X24,-0.6887764918086169,0.6887764918086169,142,310
J,310X27,0.585282006152049,0.585282006152049,142,310
J,310X28,0.5811030749697887,0.5811030749697887,142,310
J,310X29,-0.5304927333019548,0.5304927333019548,142,310
J,310X30,0.3597862769718328,0.3597862769718328,142,310
J,310X31,-0.4304478391979104,0.4304478391979104,142,310
J,310X32,-0.43631320212650065,0.43631320212650065,142,310
J,310X33,0.5749503702629385,0.5749503702629385,142,310
J,310X34,0.4346661826200353,0.4346661826200353,142,310
J,310X36,-0.08687475002105717,0.08687475002105717,142,310
J,310X37,-0.08687456121801652,0.08687456121801652,142,310
J,310X38,-0.0868747904696384,0.0868747904696384,142,310
J,310X42,-0.3978860944771768,0.3978860944771768,142,310
J,310X43,0.2010186097161481,0.2010186097161481,142,310
J,310X44,-0.09575948599542172,0.09575948599542172,142,310
J,310X56,0.8518746124832564,0.8518746124832564,142,310
J,310X60,0.851875406515471,0.851875406515471,142,310
J,310X64,0.8518746148688293,0.8518746148688293,142,310
J,310X68,0.8518756230556482,0.8518756230556482,142,310
J,310X72,0.8518746123791829,0.8518746123791829,142,310
J,310X76,0.8518756319745672,0.8518756319745672,142,310
J,310X80,0.8518746101265736,0.8518746101265736,142,310
J,310X84,0.8518756624841132,0.8518756624841132,142,310
J,310X96,0.6239552723040602,0.6239552723040602,142,310
J,310X97,0.09207097038238479,0.09207097038238479,142,310
J,310X99,0.335707336516222,0.335707336516222,142,310
J,310X101,-0.3510291732156851,0.3510291732156851,142,310
J,310X103,0.3194639037818039,0.3194639037818039,142,310
J,310X105,-0.35814266867300704,0.35814266867300704,142,310
J,310X107,0.25894771597624566,0.25894771597624566,142,310
J,310X109,-0.35392025869899274,0.35392025869899274,142,310
J,310X111,-0.33339860500985585,0.33339860500985585,142,310
J,310X113,-0.3368309852422934,0.3368309852422934,142,310
J,310X115,-0.353564036562193,0.353564036562193,142,310
J,310X117,-0.3477775359947145,0.3477775359947145,142,310
J,310X119,-0.34545204502468657,0.34545204502468657,142,310
J,310X121,-0.3371980955782401,0.3371980955782401,142,310
J,310X130,0.3321888749064191,0.3321888749064191,142,310
J,310X131,0.5234205183221391,0.5234205183221391,142,310
J,310X132,-0.1476236379166471,0.1476236379166471,142,310
J,310X138,-0.035355339059320326,0.035355339059320326,142,310
J,310X139,-0.03535533905933289,0.03535533905933289,142,310
J,310X140,-0.035355339059320326,0.035355339059320326,142,310
J,310X147,-0.26115648013258413,0.26115648013258413,142,310
J,310X148,-0.3989902203330857,0.3989902203330857,142,310
J,310X149,-0.4580940842816506,0.4580940842816506,142,310
J,310X150,-0.23913102896461058,0.23913102896461058,142,310
J,310X151,-0.1925861827209741,0.1925861827209741,142,310
J,310X152,-0.11459877666556008,0.11459877666556008,142,310
J,310X153,-0.16202635699780593,0.16202635699780593,142,310
J,310X154,0.1768345024446635,0.1768345024446635,142,310
J,310X155,-0.39030814574334877,0.39030814574334877,142,310
J,310X156,-0.6236687052374978,0.6236687052374978,142,310
J,310X157,-0.5162012543013521,0.5162012543013521,142,310
J,310X158,0.5340170906527635,0.5340170906527635,142,310
J,310X159,-0.6467176315929876,0.6467176315929876,142,310
J,310X160,-0.4984445726509797,0.4984445726509797,142,310
J,310X161,0.5033753333808665,0.5033753333808665,142,310
J,310X162,0.06034786746326874,0.06034786746326874,142,310
J,310X163,0.0699773036239269,0.0699773036239269,142,310
J,310X164,0.544362571377005,0.544362571377005,142,310
J,310X165,-0.15591258338169042,0.15591258338169042,142,310
J,310X166,-0.13728680063299958,0.13728680063299958,142,310
J,310X167,-0.5686911349276554,0.5686911349276554,142,310
J,310X168,0.5782887250719707,0.5782887250719707,142,310
J,310X169,0.5444658393795054,0.5444658393795054,142,310
J,310X170,0.5707198389382301,0.5707198389382301,142,310
J,310X171,0.36730535632761013,0.36730535632761013,142,310
J,310X172,0.49708689492805186,0.49708689492805186,142,310
J,310X173,0.44497331788058797,0.44497331788058797,142,310
J,310X174,0.1441170551368422,0.1441170551368422,142,310
J,310X175,0.09924971486931654,0.09924971486931654,142,310
J,310X176,0.41830213838008823,0.41830213838008823,142,310
J,310X177,0.37921037382818207,0.37921037382818207,142,310
J,310X178,0.25611708795828075,0.25611708795828075,142,310
J,310X179,0.5585886084347128,0.5585886084347128,142,310
J,310X180,0.29971527587969604,0.29971527587969604,142,310
J,310X181,0.3595410341994797,0.3595410341994797,142,310
J,310X188,0.09403981531160081,0.09403981531160081,142,310
J,310X200,-0.14801396453268023,0.14801396453268023,142,310
J,310X201,-0.05161641383449594,0.05161641383449594,142,310
J,310X202,0.13041115748169155,0.13041115748169155,142,310
J,310X206,-0.3743710461961447,0.3743710461961447,142,310
J,310X207,0.2238416253687011,0.2238416253687011,142,310
J,311X1,-0.02696062677389132,0.02696062677389132,142,311
J,311X4,0.19069563197110675,0.19069563197110675,142,311
J,311X5,0.7482112185809632,0.7482112185809632,142,311
J,311X6,0.7991646257790972,0.7991646257790972,142,311
J,311X7,0.8458312263743448,0.8458312263743448,142,311
J,311X8,-0.10330691315631964,0.10330691315631964,142,311
J,311X9,-0.11151306346056133,0.11151306346056133,142,311
J,311X10,-0.11213164830919596,0.11213164830919596,142,311
J,311X11,-0.11685103106096606,0.11685103106096606,142,311
J,311X12,-0.11492921051774051,0.11492921051774051,142,311
J,311X14,-0.038152182178480716,0.038152182178480716,142,311
J,311X15,-0.05250448047808319,0.05250448047808319,142,311
J,311X16,-0.05292210191650336,0.05292210191650336,142,311
J,311X17,0.0015332778610347324,0.0015332778610347324,142,311
J,311X18,-0.043821734975363305,0.043821734975363305,142,311
J,311X20,0.7993491473390754,0.7993491473390754,142,311
J,311X21,-0.056077284726724526,0.056077284726724526,142,311
J,311X22,0.8224698495073146,0.8224698495073146,142,311
J,311X24,0.00818572901460456,0.00818572901460456,142,311
J,311X25,0.29409603037231985,0.29409603037231985,142,311
J,311X26,0.29436170832419756,0.29436170832419756,142,311
J,311X27,0.19071774739161063,0.19071774739161063,142,311
J,311X28,0.1363690326068394,0.1363690326068394,142,311
J,311X29,-0.017114959744650354,0.017114959744650354,142,311
J,311X30,-0.17330321149375702,0.17330321149375702,142,311
J,311X31,-0.009768796388237591,0.009768796388237591,142,311
J,311X32,-0.11268482591643168,0.11268482591643168,142,311
J,311X33,-0.08998655415676456,0.08998655415676456,142,311
J,311X51,-0.05841072611325216,0.05841072611325216,142,311
J,311X52,-0.2177492614364615,0.2177492614364615,142,311
J,311X53,-0.06571047023724351,0.06571047023724351,142,311
J,311X54,0.7978838859759562,0.7978838859759562,142,311
J,311X55,0.7873250617153169,0.7873250617153169,142,311
J,311X56,0.8040222349136162,0.8040222349136162,142,311
J,311X58,0.7538740814850635,0.7538740814850635,142,311
J,311X59,0.8306885200551128,0.8306885200551128,142,311
J,311X60,0.7965614538906941,0.7965614538906941,142,311
J,311X61,-0.07947742389212438,0.07947742389212438,142,311
J,311X62,-0.08614411382079792,0.08614411382079792,142,311
J,311X63,-0.08129263914137326,0.08129263914137326,142,311
J,311X65,-0.08157917702659633,0.08157917702659633,142,311
J,311X66,-0.08657236598582703,0.08657236598582703,142,311
J,311X67,-0.23981170579237904,0.23981170579237904,142,311
J,311X68,-0.2760184434984698,0.2760184434984698,142,311
J,311X69,-0.23761855490637324,0.23761855490637324,142,311
J,311X70,-0.26292380162858037,0.26292380162858037,142,311
J,311X71,-0.254266649800805,0.254266649800805,142,311
J,311X72,-0.21351732852736727,0.21351732852736727,142,311
J,311X73,-0.2326255604718172,0.2326255604718172,142,311
J,311X74,-0.21201595964888034,0.21201595964888034,142,311
J,311X75,-0.2181210394965311,0.2181210394965311,142,311
J,311X76,-0.2200624111168659,0.2200624111168659,142,311
J,311X77,0.7693063981717201,0.7693063981717201,142,311
J,311X80,0.037651453684442525,0.037651453684442525,142,311
J,311X81,0.030908880459016838,0.030908880459016838,142,311
J,311X82,0.021784944427271594,0.021784944427271594,142,311
J,311X83,0.030705669051750886,0.030705669051750886,142,311
J,311X84,0.03562167973796825,0.03562167973796825,142,311
J,311X85,0.025508629718026702,0.025508629718026702,142,311
J,311X86,-0.01454305038370066,0.01454305038370066,142,311
J,311X87,0.012272950775185608,0.012272950775185608,142,311
J,311X88,0.01963440422474314,0.01963440422474314,142,311
J,311X89,0.006133359440597657,0.006133359440597657,142,311
J,311X90,-0.03047367643026104,0.03047367643026104,142,311
J,311X91,-0.20383089499691331,0.20383089499691331,142,311
J,311X92,-0.15409862262587792,0.15409862262587792,142,311
J,311X93,-0.18173401321062801,0.18173401321062801,142,311
J,311X94,-0.15551714064208003,0.15551714064208003,142,311
J,311X95,-0.19046906079181494,0.19046906079181494,142,311
J,311X103,0.06241455091627156,0.06241455091627156,142,311
J,311X104,0.05612699329059264,0.05612699329059264,142,311
J,311X105,-0.030983785981991457,0.030983785981991457,142,311
J,311X106,0.09074102250432566,0.09074102250432566,142,311
J,311X107,0.06241455091627127,0.06241455091627127,142,311
J,311X109,0.06882445963338853,0.06882445963338853,142,311
J,311X110,-0.016555361979428862,0.016555361979428862,142,311
J,311X111,0.058690897482885515,0.058690897482885515,142,311
J,311X112,0.07266605479310687,0.07266605479310687,142,311
J,311X113,-0.0028424989166577885,0.0028424989166577885,142,311
J,311X115,0.07099460697031215,0.07099460697031215,142,311
J,311X116,0.04489429329927125,0.04489429329927125,142,311
J,311X117,0.1214201809252385,0.1214201809252385,142,311
J,311X118,0.09125385498692141,0.09125385498692141,142,311
J,311X119,0.20116444181294404,0.20116444181294404,142,311
J,311X127,0.07167058817770126,0.07167058817770126,142,311
J,311X128,0.11837299944406156,0.11837299944406156,142,311
J,311X129,0.055135143785620684,0.055135143785620684,142,311
J,311X130,0.094178675698179,0.094178675698179,142,311
J,311X131,0.01638587268225663,0.01638587268225663,142,311
J,311X133,-0.09416466626128647,0.09416466626128647,142,311
J,311X134,-0.07140489560947942,0.07140489560947942,142,311
J,311X135,-0.08840447905785374,0.08840447905785374,142,311
J,311X136,-0.06493851113751324,0.06493851113751324,142,311
J,311X137,-0.0686305285093325,0.0686305285093325,142,311
J,311X139,-0.06447667449213676,0.06447667449213676,142,311
J,311X140,-0.05295903430116978,0.05295903430116978,142,311
J,311X141,-0.10356529566041055,0.10356529566041055,142,311
J,311X142,0.011745461370964438,0.011745461370964438,142,311
J,311X143,-0.11149051592468992,0.11149051592468992,142,311
J,311X145,0.031706598506209875,0.031706598506209875,142,311
J,311X146,-0.11553571433263984,0.11553571433263984,142,311
J,311X147,-0.12980054343805586,0.12980054343805586,142,311
J,311X148,0.048473419692835466,0.048473419692835466,142,311
J,311X149,0.12372172494886542,0.12372172494886542,142,311
J,311X151,-0.00651146781496098,0.00651146781496098,142,311
J,311X152,0.042844513271705166,0.042844513271705166,142,311
J,311X153,-0.09854224832277607,0.09854224832277607,142,311
J,311X154,-0.031442307215761627,0.031442307215761627,142,311
J,311X155,0.07232395152510254,0.07232395152510254,142,311
J,311X162,0.7665951206220314,0.7665951206220314,142,311
J,311X163,0.8075422773534957,0.8075422773534957,142,311
J,311X164,0.8078840072924659,0.8078840072924659,142,311
J,311X165,0.7651207618836489,0.7651207618836489,142,311
J,311X169,0.756666847126117,0.756666847126117,142,311
J,311X170,0.8155989752580689,0.8155989752580689,142,311
J,311X171,0.8165029687342479,0.8165029687342479,142,311
J,311X182,-0.13694527958107894,0.13694527958107894,142,311
J,311X183,-0.040741316160665376,0.040741316160665376,142,311
J,311X184,-0.040741316160665376,0.040741316160665376,142,311
J,311X187,0.06767455565051828,0.06767455565051828,142,311
J,311X188,0.06758946749119159,0.06758946749119159,142,311
J,311X189,0.053741191760124964,0.053741191760124964,142,311
J,311X190,0.07110534402361529,0.07110534402361529,142,311
J,311X191,0.06596020270999436,0.06596020270999436,142,311
J,311X192,-0.042514093941623685,0.042514093941623685,142,311
J,311X193,0.002868579818791495,0.002868579818791495,142,311
J,311X194,-0.011721282408068278,0.011721282408068278,142,311
J,311X195,0.22680490506348203,0.22680490506348203,142,311
J,311X196,-0.0015763822195618117,0.0015763822195618117,142,311
J,311X197,0.04027603961543469,0.04027603961543469,142,311
J,311X199,-0.1515818325448876,0.1515818325448876,142,311
J,311X200,0.06478780430172365,0.06478780430172365,142,311
J,311X203,0.04768926939710336,0.04768926939710336,142,311
J,311X204,0.050554976292698964,0.050554976292698964,142,311
J,311X205,0.051114490807018534,0.051114490807018534,142,311
J,311X206,-0.01650387158200568,0.01650387158200568,142,311
J,311X207,0.050280778132686485,0.050280778132686485,142,311
J,311X208,0.0777007456584692,0.0777007456584692,142,311
J,311X209,0.10687483150916774,0.10687483150916774,142,311
J,311X210,0.06691184683846778,0.06691184683846778,142,311
J,311X211,0.18717347088844047,0.18717347088844047,142,311
J,311X212,0.0833194916100725,0.0833194916100725,142,311
J,311X223,0.12283367935257525,0.12283367935257525,142,311
J,Chamber ID,-0.17053212804674958,0.17053212804674958,142,UNKNOWN
J,312X1,-0.1984166760879206,0.1984166760879206,142,312
J,312X2,0.02719516292342574,0.02719516292342574,142,312
J,312X3,0.1894202783186009,0.1894202783186009,142,312
J,312X6,0.01707691869082837,0.01707691869082837,142,312
J,312X7,-0.17357411577834064,0.17357411577834064,142,312
J,312X8,-0.10903208476300741,0.10903208476300741,142,312
J,312X11,-0.19036832666174772,0.19036832666174772,142,312
J,312X12,-0.20214700838838723,0.20214700838838723,142,312
J,312X13,-0.30925466837939514,0.30925466837939514,142,312
J,312X16,0.23586597470728637,0.23586597470728637,142,312
J,312X17,0.34731676292388497,0.34731676292388497,142,312
J,312X18,0.22657423029827609,0.22657423029827609,142,312
J,312X21,0.19224002230033613,0.19224002230033613,142,312
J,312X22,0.058209939585879965,0.058209939585879965,142,312
J,312X23,-0.185744526998816,0.185744526998816,142,312
J,312X26,0.07396959990396491,0.07396959990396491,142,312
J,312X27,-0.07238259527755277,0.07238259527755277,142,312
J,312X28,-0.04012731980636197,0.04012731980636197,142,312
J,312X31,-0.24071497755165938,0.24071497755165938,142,312
J,312X32,-0.32342391195418596,0.32342391195418596,142,312
J,312X33,-0.19806560469082524,0.19806560469082524,142,312
J,312X36,0.12784452883963585,0.12784452883963585,142,312
J,312X37,-0.09560432931990075,0.09560432931990075,142,312
J,312X38,-0.0578155115910513,0.0578155115910513,142,312
J,312X41,0.23825659511966385,0.23825659511966385,142,312
J,312X42,0.1618710337528323,0.1618710337528323,142,312
J,312X43,-0.00969366742018534,0.00969366742018534,142,312
J,312X46,0.1775562891719276,0.1775562891719276,142,312
J,312X47,0.30221375452548804,0.30221375452548804,142,312
J,312X48,0.2503067757236904,0.2503067757236904,142,312
J,312X51,0.04016948178270707,0.04016948178270707,142,312
J,312X52,-0.13905816840019658,0.13905816840019658,142,312
J,312X53,-0.018924854193243305,0.018924854193243305,142,312
J,312X54,-0.1395457804746421,0.1395457804746421,142,312
J,312X55,-0.0397055214100538,0.0397055214100538,142,312
J,312X57,-0.049461278278259566,0.049461278278259566,142,312
J,312X58,-0.050472993881193876,0.050472993881193876,142,312
J,312X59,-0.02118936551133851,0.02118936551133851,142,312
J,312X60,0.14833043346151273,0.14833043346151273,142,312
J,312X61,-0.11584108409215453,0.11584108409215453,142,312
J,312X63,-0.3493245396157365,0.3493245396157365,142,312
J,312X64,0.11523225170952528,0.11523225170952528,142,312
J,312X65,-0.005347059987720131,0.005347059987720131,142,312
J,312X66,-0.185949608834371,0.185949608834371,142,312
J,312X67,-0.032792055296867864,0.032792055296867864,142,312
J,312X69,0.03381583779398776,0.03381583779398776,142,312
J,312X70,0.22848095681550268,0.22848095681550268,142,312
J,312X71,0.23458978685143414,0.23458978685143414,142,312
J,312X72,0.23600573113022286,0.23600573113022286,142,312
J,312X73,0.2150719782451904,0.2150719782451904,142,312
J,312X75,-0.12095019374336637,0.12095019374336637,142,312
J,312X76,0.21448918934694786,0.21448918934694786,142,312
J,312X77,0.23765830069060986,0.23765830069060986,142,312
J,312X78,0.23620857671898324,0.23620857671898324,142,312
J,312X79,0.22483935833164673,0.22483935833164673,142,312
J,312X81,0.15114633254444387,0.15114633254444387,142,312
J,312X82,0.2383952252554389,0.2383952252554389,142,312
J,312X83,0.2371051498890219,0.2371051498890219,142,312
J,312X84,0.23414655413634738,0.23414655413634738,142,312
J,312X85,0.20932854266908374,0.20932854266908374,142,312
J,312X87,0.25391919865455626,0.25391919865455626,142,312
J,312X88,0.2507434246509933,0.2507434246509933,142,312
J,312X89,0.2547177181967841,0.2547177181967841,142,312
J,312X90,0.26950214191543553,0.26950214191543553,142,312
J,312X91,-0.09553805699770399,0.09553805699770399,142,312
J,312X93,-0.04952996779419453,0.04952996779419453,142,312
J,312X94,0.08362450145559489,0.08362450145559489,142,312
J,312X95,0.052484653331136055,0.052484653331136055,142,312
J,312X96,0.21490856161300426,0.21490856161300426,142,312
J,312X97,-0.2112352424203653,0.2112352424203653,142,312
J,312X99,0.19981736545081885,0.19981736545081885,142,312
J,312X100,0.2621855079549516,0.2621855079549516,142,312
J,312X101,0.22532727717324852,0.22532727717324852,142,312
J,312X102,0.20680729537674644,0.20680729537674644,142,312
J,312X111,0.005452798900520727,0.005452798900520727,142,312
J,312X112,0.08416174931644324,0.08416174931644324,142,312
J,312X113,0.13534394282605783,0.13534394282605783,142,312
J,312X114,0.13175908686971946,0.13175908686971946,142,312
J,312X115,0.14920170659565377,0.14920170659565377,142,312
J,312X117,0.002396794931885084,0.002396794931885084,142,312
J,312X118,0.10981245501724661,0.10981245501724661,142,312
J,312X119,0.13472203963009047,0.13472203963009047,142,312
J,312X120,0.1295217108662089,0.1295217108662089,142,312
J,312X121,0.1457667342396209,0.1457667342396209,142,312
J,312X123,0.010999204513881741,0.010999204513881741,142,312
J,312X124,0.05970594014020232,0.05970594014020232,142,312
J,312X125,0.1391456552788527,0.1391456552788527,142,312
J,312X126,0.13943670981153647,0.13943670981153647,142,312
J,312X127,0.15045193483652974,0.15045193483652974,142,312
J,312X129,0.05074132241380177,0.05074132241380177,142,312
J,312X130,0.04781080363726381,0.04781080363726381,142,312
J,312X131,0.07121602875258509,0.07121602875258509,142,312
J,312X132,0.09641923766109979,0.09641923766109979,142,312
J,312X133,0.13134604857382787,0.13134604857382787,142,312
J,312X135,0.05898081728546031,0.05898081728546031,142,312
J,312X136,0.058187634471604,0.058187634471604,142,312
J,312X137,0.07652632962908903,0.07652632962908903,142,312
J,312X138,0.10056255644524738,0.10056255644524738,142,312
J,312X139,0.1310188121353974,0.1310188121353974,142,312
J,312X141,0.044452082807748254,0.044452082807748254,142,312
J,312X142,0.04788155854592906,0.04788155854592906,142,312
J,312X143,0.06316417292250325,0.06316417292250325,142,312
J,312X144,0.09267564319296367,0.09267564319296367,142,312
J,312X145,0.127851107457332,0.127851107457332,142,312
J,312X153,0.40451155534075506,0.40451155534075506,142,312
J,312X154,0.4051309619261166,0.4051309619261166,142,312
J,312X155,0.4049633229208299,0.4049633229208299,142,312
J,312X159,0.13801844063531254,0.13801844063531254,142,312
J,312X160,0.13797763640010896,0.13797763640010896,142,312
J,312X162,0.005407585095779582,0.005407585095779582,142,312
J,312X163,-0.1048807607297243,0.1048807607297243,142,312
J,312X165,0.06306546254731092,0.06306546254731092,142,312
J,312X166,0.05155338989387597,0.05155338989387597,142,312
J,312X167,-0.1707335181923926,0.1707335181923926,142,312
J,312X168,-0.1473308870702725,0.1473308870702725,142,312
J,312X169,-0.30792023927814977,0.30792023927814977,142,312
J,312X171,-0.02402456043138713,0.02402456043138713,142,312
J,312X172,0.13748738821913456,0.13748738821913456,142,312
J,312X173,-0.06712088625933033,0.06712088625933033,142,312
J,312X174,0.06464794291234799,0.06464794291234799,142,312
J,312X175,-0.2323736561641001,0.2323736561641001,142,312
J,312X186,-0.09339744544215357,0.09339744544215357,142,312
J,312X187,-0.20251461985035465,0.20251461985035465,142,312
J,312X189,-0.012878161691899807,0.012878161691899807,142,312
J,312X191,-0.22986975858728115,0.22986975858728115,142,312
J,312X192,-0.0708882878986866,0.0708882878986866,142,312
J,312X193,-0.38447202885377796,0.38447202885377796,142,312
J,312X197,-0.033695038686914355,0.033695038686914355,142,312
J,312X198,-0.3246377194991925,0.3246377194991925,142,312
J,312X199,-0.037620510192802714,0.037620510192802714,142,312
J,312X207,-0.14255774463420468,0.14255774463420468,142,312
J,312X208,-0.14026502417420442,0.14026502417420442,142,312
J,312X209,-0.13748738821869377,0.13748738821869377,142,312
J,312X210,0.01255759889612102,0.01255759889612102,142,312
J,312X211,-0.15550607748923256,0.15550607748923256,142,312
J,312X213,0.05037273824582797,0.05037273824582797,142,312
J,312X214,-0.1431163258318502,0.1431163258318502,142,312
J,312X215,-0.16563595901674535,0.16563595901674535,142,312
J,312X216,-0.03278887850508236,0.03278887850508236,142,312
J,312X217,-0.26833041043354866,0.26833041043354866,142,312
J,312X219,-0.07870936374678278,0.07870936374678278,142,312
J,312X220,-0.0594019284200843,0.0594019284200843,142,312
J,312X221,-0.05007157727448362,0.05007157727448362,142,312
J,312X222,-0.008414719501392678,0.008414719501392678,142,312
J,312X223,-0.171105314217951,0.171105314217951,142,312
J,312X233,0.09183640503243926,0.09183640503243926,142,312
J,312X234,0.3416766547844815,0.3416766547844815,142,312
J,312X235,0.31907271391157255,0.31907271391157255,142,312
J,312X236,-0.06269446922194406,0.06269446922194406,142,312
J,312X238,0.1351618806062941,0.1351618806062941,142,312
J,312X239,0.04442875748290871,0.04442875748290871,142,312
J,312X240,0.256604216501072,0.256604216501072,142,312
J,312X244,0.10975699137089023,0.10975699137089023,142,312
J,312X245,0.2880561006651694,0.2880561006651694,142,312
J,312X246,0.3276447659453887,0.3276447659453887,142,312
J,312X253,0.008846191157496663,0.008846191157496663,142,312
J,312X254,0.03166031981313134,0.03166031981313134,142,312
J,312X255,-0.05000671017768567,0.05000671017768567,142,312
J,312X256,-0.04905864815591903,0.04905864815591903,142,312
J,312X257,-0.11938022306231484,0.11938022306231484,142,312
J,312X259,0.19056826481161135,0.19056826481161135,142,312
J,312X260,0.06222798172994512,0.06222798172994512,142,312
J,312X261,0.06732926246075621,0.06732926246075621,142,312
J,312X262,-0.05321589684092007,0.05321589684092007,142,312
J,312X263,-0.03552953758917099,0.03552953758917099,142,312
J,312X265,-0.11382490456613645,0.11382490456613645,142,312
J,312X266,-0.04189675513936378,0.04189675513936378,142,312
J,312X267,-0.09880936182302787,0.09880936182302787,142,312
J,312X268,-0.009847226645138794,0.009847226645138794,142,312
J,312X269,-0.19161808101626537,0.19161808101626537,142,312
J,312X277,0.13513210911807097,0.13513210911807097,142,312
J,312X278,0.14652730717093723,0.14652730717093723,142,312
J,312X279,0.1691455321996436,0.1691455321996436,142,312
J,312X280,0.18160634402515347,0.18160634402515347,142,312
J,312X281,0.07255994125898077,0.07255994125898077,142,312
J,312X283,0.23160966110213252,0.23160966110213252,142,312
J,312X284,0.06254091183825339,0.06254091183825339,142,312
J,312X285,0.11446068976783128,0.11446068976783128,142,312
J,312X286,0.08059472356461367,0.08059472356461367,142,312
J,312X287,0.10051325748406476,0.10051325748406476,142,312
J,312X289,0.08039365856126084,0.08039365856126084,142,312
J,312X290,-0.021866214266061015,0.021866214266061015,142,312
J,312X291,0.1861624114861146,0.1861624114861146,142,312
J,312X292,0.18825983060327026,0.18825983060327026,142,312
J,312X293,0.15319118425204264,0.15319118425204264,142,312
J,312X303,0.16854174119243032,0.16854174119243032,142,312
J,312X307,-0.22241521332585104,0.22241521332585104,142,312
J,312X308,-0.1932048832138886,0.1932048832138886,142,312
J,312X310,-0.20763720660051135,0.20763720660051135,142,312
J,312X311,-0.20614769081057985,0.20614769081057985,142,312
J,312X315,0.12066290708540833,0.12066290708540833,142,312
J,312X327,0.009941100512933856,0.009941100512933856,142,312
J,312X328,-0.035377456883861264,0.035377456883861264,142,312
J,312X331,-0.15556556262163912,0.15556556262163912,142,312
J,312X332,-0.14610114686864076,0.14610114686864076,142,312
J,312X333,0.09867031342200297,0.09867031342200297,142,312
J,312X334,-0.16383465137398384,0.16383465137398384,142,312
J,312X335,-0.1079765086814591,0.1079765086814591,142,312
J,312X337,-0.25203762481953995,0.25203762481953995,142,312
J,312X338,-0.05594148392535692,0.05594148392535692,142,312
J,312X339,0.134046157930927,0.134046157930927,142,312
J,312X340,-0.07850377687394752,0.07850377687394752,142,312
J,312X341,-0.367464427383128,0.367464427383128,142,312
J,312X349,0.1334848745794778,0.1334848745794778,142,312
J,312X350,0.2883267796998403,0.2883267796998403,142,312
J,312X351,0.2975660681536548,0.2975660681536548,142,312
J,312X352,0.2709492054667064,0.2709492054667064,142,312
J,312X353,0.2515556492454519,0.2515556492454519,142,312
J,312X355,0.03814705839172842,0.03814705839172842,142,312
J,312X356,0.2150492987925825,0.2150492987925825,142,312
J,312X357,0.27286053032701924,0.27286053032701924,142,312
J,312X358,0.2363288847919955,0.2363288847919955,142,312
J,312X359,0.2297211937694352,0.2297211937694352,142,312
J,312X361,-0.006609729870214466,0.006609729870214466,142,312
J,312X362,0.20163483608391347,0.20163483608391347,142,312
J,312X363,0.2173058413462349,0.2173058413462349,142,312
J,312X364,0.22934979279625187,0.22934979279625187,142,312
J,312X365,0.2667725090641909,0.2667725090641909,142,312
J,312X373,-0.05957059322490125,0.05957059322490125,142,312
J,312X374,-0.07039953036625904,0.07039953036625904,142,312
J,312X375,-0.07104287029012983,0.07104287029012983,142,312
J,312X376,-0.07347397235107594,0.07347397235107594,142,312
J,312X377,-0.10324399910000931,0.10324399910000931,142,312
J,312X379,0.058542857564957716,0.058542857564957716,142,312
J,312X380,0.03633225203425731,0.03633225203425731,142,312
J,312X381,0.0511575060827511,0.0511575060827511,142,312
J,312X382,0.06508202160349413,0.06508202160349413,142,312
J,312X383,-0.01004928185486403,0.01004928185486403,142,312
J,312X385,-0.006848489208861296,0.006848489208861296,142,312
J,312X386,0.07359444570753751,0.07359444570753751,142,312
J,312X387,-0.014798125571513603,0.014798125571513603,142,312
J,312X388,0.027946495952229405,0.027946495952229405,142,312
J,312X389,-0.048266447016332224,0.048266447016332224,142,312
J,312X421,-0.05187430514156953,0.05187430514156953,142,312
J,312X423,-0.2787690146716208,0.2787690146716208,142,312
J,312X424,0.10587925390124577,0.10587925390124577,142,312
J,312X425,-0.3281210441209158,0.3281210441209158,142,312
J,312X426,-0.08345781915436988,0.08345781915436988,142,312
J,312X427,0.04475663205326887,0.04475663205326887,142,312
J,312X428,-0.2891310781211149,0.2891310781211149,142,312
J,312X429,0.01941062010119663,0.01941062010119663,142,312
J,312X430,-0.08033778568251139,0.08033778568251139,142,312
J,312X434,0.06135248380958145,0.06135248380958145,142,312
J,312X435,-0.017327955027766496,0.017327955027766496,142,312
J,312X436,-0.008441203666356163,0.008441203666356163,142,312
J,312X438,-0.1785611218177621,0.1785611218177621,142,312
J,312X439,0.2779993479351865,0.2779993479351865,142,312
J,312X440,0.12519978298457782,0.12519978298457782,142,312
J,312X441,0.15734327664728484,0.15734327664728484,142,312
J,312X442,-0.18553225085575256,0.18553225085575256,142,312
J,312X444,0.12905679813815013,0.12905679813815013,142,312
J,312X445,0.21965354903360795,0.21965354903360795,142,312
J,312X446,0.20241844939433046,0.20241844939433046,142,312
J,312X447,-0.17503834241836883,0.17503834241836883,142,312
J,312X448,0.05284094102269539,0.05284094102269539,142,312
J,312X456,0.09008601790347846,0.09008601790347846,142,312
J,312X457,-0.17691847874030076,0.17691847874030076,142,312
J,312X458,-0.17693104828574938,0.17693104828574938,142,312
J,312X459,-0.16368302233225143,0.16368302233225143,142,312
J,312X462,0.21648496216393523,0.21648496216393523,142,312
J,312X463,-0.17695452774274922,0.17695452774274922,142,312
J,312X464,-0.17696310561178644,0.17696310561178644,142,312
J,312X465,-0.10627278064924825,0.10627278064924825,142,312
J,312X468,-0.18255024395992853,0.18255024395992853,142,312
J,312X469,-0.17686265422747915,0.17686265422747915,142,312
J,312X470,-0.1769074631960245,0.1769074631960245,142,312
J,312X471,0.13295605859559995,0.13295605859559995,142,312
J,312X474,0.27638678940127615,0.27638678940127615,142,312
J,312X475,0.27325000279768,0.27325000279768,142,312
J,312X476,0.30187229938773097,0.30187229938773097,142,312
J,312X477,0.3627109328620932,0.3627109328620932,142,312
J,312X478,-0.2057900244177205,0.2057900244177205,142,312
J,312X480,0.24774299219160878,0.24774299219160878,142,312
J,312X481,0.4003253879347687,0.4003253879347687,142,312
J,312X482,0.3997826573712661,0.3997826573712661,142,312
J,312X483,0.36572420136422523,0.36572420136422523,142,312
J,312X486,0.2483260007895539,0.2483260007895539,142,312
J,312X487,0.2581443288519216,0.2581443288519216,142,312
J,312X488,0.3592032112789008,0.3592032112789008,142,312
J,312X489,0.21563058931297346,0.21563058931297346,142,312
J,312X511,-0.17691847874030117,0.17691847874030117,142,312
J,312X516,0.1411481375019689,0.1411481375019689,142,312
J,312X517,0.14956593257325418,0.14956593257325418,142,312
J,312X518,0.1135402301750214,0.1135402301750214,142,312
J,312X519,0.11177293120053267,0.11177293120053267,142,312
J,312X520,0.2057900244177205,0.2057900244177205,142,312
J,312X522,0.17191494682769867,0.17191494682769867,142,312
J,312X523,0.15245523190992938,0.15245523190992938,142,312
J,312X524,-0.04068201968431611,0.04068201968431611,142,312
J,312X525,0.0970628722310883,0.0970628722310883,142,312
J,312X528,-0.26270271457719874,0.26270271457719874,142,312
J,312X529,0.06248076755804173,0.06248076755804173,142,312
J,312X530,0.12892729421170962,0.12892729421170962,142,312
J,312X531,0.12997893195811389,0.12997893195811389,142,312
J,312X552,0.13091917151977658,0.13091917151977658,142,312
J,312X553,0.13114851243062783,0.13114851243062783,142,312
J,312X554,0.021495323995244876,0.021495323995244876,142,312
J,312X555,0.1285557441261627,0.1285557441261627,142,312
J,312X558,0.1413827261598724,0.1413827261598724,142,312
J,312X559,0.11604093704356355,0.11604093704356355,142,312
J,312X560,-0.04844719986307596,0.04844719986307596,142,312
J,312X561,0.12095249280790235,0.12095249280790235,142,312
J,312X564,0.12282119480277354,0.12282119480277354,142,312
J,312X565,0.13829867390370376,0.13829867390370376,142,312
J,312X566,0.050743806182733865,0.050743806182733865,142,312
J,312X567,0.1358250569828756,0.1358250569828756,142,312
J,312X570,-0.14232772790589596,0.14232772790589596,142,312
J,312X574,-0.15524143560405254,0.15524143560405254,142,312
J,312X576,0.17467050654500663,0.17467050654500663,142,312
J,312X577,-0.1769148075607063,0.1769148075607063,142,312
J,312X578,-0.1769371130792251,0.1769371130792251,142,312
J,312X579,-0.17694943819337478,0.17694943819337478,142,312
J,312X580,-0.011429596586742374,0.011429596586742374,142,312
J,312X582,-0.19282875877805236,0.19282875877805236,142,312
J,312X583,-0.17695408869418003,0.17695408869418003,142,312
J,312X584,-0.17689892119192568,0.17689892119192568,142,312
J,312X585,-0.17691674307136884,0.17691674307136884,142,312
J,312X586,0.06782098680525141,0.06782098680525141,142,312
J,312X588,0.3500035725932657,0.3500035725932657,142,312
J,312X589,0.2142294576801171,0.2142294576801171,142,312
J,312X590,0.050243725434374005,0.050243725434374005,142,312
J,312X591,0.22673057894957085,0.22673057894957085,142,312
J,312X592,0.23353927883873546,0.23353927883873546,142,312
J,312X594,0.3398029896725964,0.3398029896725964,142,312
J,312X595,0.21571300935715934,0.21571300935715934,142,312
J,312X596,0.005651695168667818,0.005651695168667818,142,312
J,312X597,0.23739693612705737,0.23739693612705737,142,312
J,312X598,0.2233717189404784,0.2233717189404784,142,312
J,312X600,0.34938947430877676,0.34938947430877676,142,312
J,312X601,0.21571810472768094,0.21571810472768094,142,312
J,312X603,0.22733321384388808,0.22733321384388808,142,312
J,312X630,0.16782232949818243,0.16782232949818243,142,312
J,312X631,-0.30243387544201344,0.30243387544201344,142,312
J,312X632,-0.319092656441689,0.319092656441689,142,312
J,312X633,-0.35790562923082603,0.35790562923082603,142,312
J,312X634,-0.34220093862050516,0.34220093862050516,142,312
J,312X636,0.19318143650706385,0.19318143650706385,142,312
J,312X637,-0.27708445471980625,0.27708445471980625,142,312
J,312X638,-0.3019087227162488,0.3019087227162488,142,312
J,312X639,-0.29883588124836713,0.29883588124836713,142,312
J,312X640,-0.3365990218048448,0.3365990218048448,142,312
J,312X642,0.16915222610871516,0.16915222610871516,142,312
J,312X643,-0.304657026427394,0.304657026427394,142,312
J,312X644,-0.31886756214004625,0.31886756214004625,142,312
J,312X645,-0.4093914282609496,0.4093914282609496,142,312
J,312X666,-0.28713649170890204,0.28713649170890204,142,312
J,312X667,-0.18080049785304866,0.18080049785304866,142,312
J,312X668,-0.14710834887064322,0.14710834887064322,142,312
J,312X669,-0.16277423165738172,0.16277423165738172,142,312
J,312X670,0.050071531125549795,0.050071531125549795,142,312
J,312X672,-0.29353954670777876,0.29353954670777876,142,312
J,312X673,-0.1813343667858304,0.1813343667858304,142,312
J,312X674,-0.14625431075366316,0.14625431075366316,142,312
J,312X675,-0.16056642148248373,0.16056642148248373,142,312
J,312X676,0.07058432480721905,0.07058432480721905,142,312
J,312X678,-0.28228961476592135,0.28228961476592135,142,312
J,312X679,-0.18121935506988857,0.18121935506988857,142,312
J,312X680,-0.14807456178551015,0.14807456178551015,142,312
J,312X681,-0.16343841676151005,0.16343841676151005,142,312
J,312X682,0.03400960284729577,0.03400960284729577,142,312
J,312X690,0.19751260009514857,0.19751260009514857,142,312
J,312X691,0.2232486184874335,0.2232486184874335,142,312
J,312X692,0.048298096081678926,0.048298096081678926,142,312
J,312X693,0.14914926613393448,0.14914926613393448,142,312
J,312X694,0.03199139498728847,0.03199139498728847,142,312
J,312X695,0.09317207911595343,0.09317207911595343,142,312
J,312X696,0.10390257730728499,0.10390257730728499,142,312
J,312X697,-0.0022138959085049436,0.0022138959085049436,142,312
J,312X698,0.1167654188324744,0.1167654188324744,142,312
J,312X699,-0.10011241455110367,0.10011241455110367,142,312
J,312X700,-0.10009394109221252,0.10009394109221252,142,312
J,312X701,0.1286558077642676,0.1286558077642676,142,312
J,312X702,-0.03371184697171929,0.03371184697171929,142,312
J,312X703,-0.06889952059220068,0.06889952059220068,142,312
J,312X704,0.24405286373473709,0.24405286373473709,142,312
J,312X710,-0.0954593190005,0.0954593190005,142,312
J,312X711,-0.08030915824709785,0.08030915824709785,142,312
J,312X712,-0.07071024733366484,0.07071024733366484,142,312
J,312X713,-0.0550191461998132,0.0550191461998132,142,312
J,312X714,-0.05306327341651134,0.05306327341651134,142,312
J,312X716,-0.11179502971104582,0.11179502971104582,142,312
J,312X717,-0.08329434999154212,0.08329434999154212,142,312
J,312X718,-0.06876494459694775,0.06876494459694775,142,312
J,312X719,-0.05223097016737747,0.05223097016737747,142,312
J,312X720,-0.05536491214357126,0.05536491214357126,142,312
J,312X722,-0.07954578602633135,0.07954578602633135,142,312
J,312X723,-0.07851534171378491,0.07851534171378491,142,312
J,312X724,-0.07095321004922982,0.07095321004922982,142,312
J,312X725,-0.05646384484290024,0.05646384484290024,142,312
J,312X726,-0.05432610254348279,0.05432610254348279,142,312
J,312X728,-0.23318926257695258,0.23318926257695258,142,312
J,312X729,-0.25476597631227643,0.25476597631227643,142,312
J,312X730,-0.2660034811286892,0.2660034811286892,142,312
J,312X731,-0.2649090881191723,0.2649090881191723,142,312
J,312X732,-0.3654987270802548,0.3654987270802548,142,312
J,312X734,-0.23942665822564713,0.23942665822564713,142,312
J,312X735,-0.25079759726796974,0.25079759726796974,142,312
J,312X736,-0.264305155861077,0.264305155861077,142,312
J,312X737,-0.2687424766276128,0.2687424766276128,142,312
J,312X738,-0.36384093910944876,0.36384093910944876,142,312
J,312X740,-0.236796772641794,0.236796772641794,142,312
J,312X741,-0.26113764627328306,0.26113764627328306,142,312
J,312X742,-0.26626930620312694,0.26626930620312694,142,312
J,312X743,-0.267903168709795,0.267903168709795,142,312
J,312X744,-0.3633628978483431,0.3633628978483431,142,312
J,312X752,-0.07522440973894508,0.07522440973894508,142,312
J,312X753,0.15135161866208513,0.15135161866208513,142,312
J,312X754,0.14028332807757107,0.14028332807757107,142,312
J,312X755,0.01941062010119663,0.01941062010119663,142,312
J,312X758,-0.06461390413931042,0.06461390413931042,142,312
J,312X759,-0.07212047467995716,0.07212047467995716,142,312
J,312X760,-0.0842666462703837,0.0842666462703837,142,312
J,312X761,-0.08875643338986075,0.08875643338986075,142,312
J,312X762,-0.11323117386197804,0.11323117386197804,142,312
J,312X764,-0.058228873990316364,0.058228873990316364,142,312
J,312X765,-0.06826831101716029,0.06826831101716029,142,312
J,312X766,-0.0802842036950044,0.0802842036950044,142,312
J,312X767,-0.09439127170256445,0.09439127170256445,142,312
J,312X768,-0.1153686226374211,0.1153686226374211,142,312
J,312X770,-0.06699024474178474,0.06699024474178474,142,312
J,312X771,-0.07159788742057537,0.07159788742057537,142,312
J,312X772,-0.08154400328702203,0.08154400328702203,142,312
J,312X773,-0.08759711036221218,0.08759711036221218,142,312
J,312X774,-0.11836564906223423,0.11836564906223423,142,312
J,312X776,0.06941992101507237,0.06941992101507237,142,312
J,312X777,0.04726401592422813,0.04726401592422813,142,312
J,312X778,0.05569131503042715,0.05569131503042715,142,312
J,312X779,0.0449371284697428,0.0449371284697428,142,312
J,312X780,0.01719904323353313,0.01719904323353313,142,312
J,312X782,0.05820438561479939,0.05820438561479939,142,312
J,312X783,0.05224098335618795,0.05224098335618795,142,312
J,312X784,0.04898865056492609,0.04898865056492609,142,312
J,312X785,0.04875036754848342,0.04875036754848342,142,312
J,312X786,0.0025917215228301385,0.0025917215228301385,142,312
J,312X788,0.06592027238693607,0.06592027238693607,142,312
J,312X789,0.045662024455035505,0.045662024455035505,142,312
J,312X790,0.056827373949420605,0.056827373949420605,142,312
J,312X791,0.04769432607765442,0.04769432607765442,142,312
J,312X792,0.005734649640967133,0.005734649640967133,142,312
J,330X1,0.4228565429225605,0.4228565429225605,142,330
J,330X3,-0.44262878565691455,0.44262878565691455,142,330
J,330X6,-0.44241946217252975,0.44241946217252975,142,330
J,330X9,-0.439290405673,0.439290405673,142,330
J,330X11,0.4027125921194965,0.4027125921194965,142,330
J,330X13,0.023913505610207,0.023913505610207,142,330
J,330X16,0.024118304418699436,0.024118304418699436,142,330
J,330X19,0.02289196106989834,0.02289196106989834,142,330
J,330X21,-0.3215182592564506,0.3215182592564506,142,330
J,330X23,-0.1736166877366815,0.1736166877366815,142,330
J,330X26,-0.17320908590095074,0.17320908590095074,142,330
J,330X29,-0.17453713739620802,0.17453713739620802,142,330
J,330X31,-0.03772239741489537,0.03772239741489537,142,330
J,330X41,-0.04061220750832722,0.04061220750832722,142,330
J,330X43,0.5208284355710767,0.5208284355710767,142,330
J,330X46,0.5182962046533127,0.5182962046533127,142,330
J,330X49,0.5252574295884137,0.5252574295884137,142,330
J,330X51,0.03446535383291046,0.03446535383291046,142,330
J,330X53,-0.2090834657417428,0.2090834657417428,142,330
J,330X56,-0.21028280010676964,0.21028280010676964,142,330
J,330X59,-0.2076428573820433,0.2076428573820433,142,330
J,330X61,0.439997624490601,0.439997624490601,142,330
J,330X63,-0.23295977005795115,0.23295977005795115,142,330
J,330X66,-0.23323537985102127,0.23323537985102127,142,330
J,330X69,-0.23205762911272398,0.23205762911272398,142,330
J,330X71,0.038539475427571905,0.038539475427571905,142,330
J,330X73,-0.23695560101266133,0.23695560101266133,142,330
J,330X76,-0.23781748841050943,0.23781748841050943,142,330
J,330X79,-0.23492398527644143,0.23492398527644143,142,330
J,330X81,-0.041879519437462376,0.041879519437462376,142,330
J,330X91,0.02341732479760527,0.02341732479760527,142,330
J,330X98,0.03645316704675403,0.03645316704675403,142,330
J,330X100,0.20232084530809819,0.20232084530809819,142,330
J,330X102,-0.28215530678227857,0.28215530678227857,142,330
J,330X104,-0.1695019705586903,0.1695019705586903,142,330
J,330X105,0.479553672565535,0.479553672565535,142,330
J,330X107,0.09970750928955924,0.09970750928955924,142,330
J,330X109,0.05217434770714146,0.05217434770714146,142,330
J,330X111,0.14987404316599776,0.14987404316599776,142,330
J,330X112,0.47939754775135907,0.47939754775135907,142,330
J,330X114,0.1838914149046096,0.1838914149046096,142,330
J,330X116,0.12914979592316966,0.12914979592316966,142,330
J,330X118,0.21356005813064582,0.21356005813064582,142,330
J,330X119,0.07837329210065797,0.07837329210065797,142,330
J,330X121,0.25153090239050735,0.25153090239050735,142,330
J,330X123,0.19536599087534823,0.19536599087534823,142,330
J,330X125,0.26760309691433276,0.26760309691433276,142,330
J,330X126,0.08090761942663438,0.08090761942663438,142,330
J,330X128,0.2681792926137673,0.2681792926137673,142,330
J,330X130,0.2112935968709654,0.2112935968709654,142,330
J,330X132,0.2756881973610047,0.2756881973610047,142,330
J,330X133,0.07980036529377463,0.07980036529377463,142,330
J,330X135,0.2511019535592536,0.2511019535592536,142,330
J,330X137,0.19771351729264455,0.19771351729264455,142,330
J,330X139,0.2623665354519642,0.2623665354519642,142,330
J,330X140,0.6340436778986612,0.6340436778986612,142,330
J,330X142,0.3141512200898389,0.3141512200898389,142,330
J,330X144,0.2618964844226572,0.2618964844226572,142,330
J,330X146,0.30494708817677874,0.30494708817677874,142,330
J,330X147,0.6341238572863347,0.6341238572863347,142,330
J,330X149,0.3983879318468176,0.3983879318468176,142,330
J,330X152,0.34416140624842295,0.34416140624842295,142,330
J,330X155,0.3839841717047929,0.3839841717047929,142,330
J,330X157,0.6340280002774389,0.6340280002774389,142,330
J,330X159,0.3453536426628945,0.3453536426628945,142,330
J,330X162,0.2713337342024233,0.2713337342024233,142,330
J,330X165,0.3630965807946279,0.3630965807946279,142,330
J,330X167,-0.08668126777717311,0.08668126777717311,142,330
J,330X169,0.18968663770330882,0.18968663770330882,142,330
J,330X172,0.1277339314784016,0.1277339314784016,142,330
J,330X175,0.2436003423165309,0.2436003423165309,142,330
J,330X177,-0.08799127711651199,0.08799127711651199,142,330
J,330X179,0.058689842202356,0.058689842202356,142,330
J,330X182,0.010137924359648031,0.010137924359648031,142,330
J,330X185,0.13002616877383777,0.13002616877383777,142,330
J,330X188,-0.2533736385748049,0.2533736385748049,142,330
J,330X189,0.20182463731018216,0.20182463731018216,142,330
J,330X191,-0.5735489868746181,0.5735489868746181,142,330
J,330X193,-0.5612634651673423,0.5612634651673423,142,330
J,330X195,-0.45668635141519326,0.45668635141519326,142,330
J,330X196,-0.08736349179586844,0.08736349179586844,142,330
J,330X198,0.04037413376670792,0.04037413376670792,142,330
J,330X201,-0.010827102896186469,0.010827102896186469,142,330
J,330X204,0.119532578883818,0.119532578883818,142,330
J,330X206,0.606461422128298,0.606461422128298,142,330
J,330X208,0.06570537763924436,0.06570537763924436,142,330
J,330X211,0.00774754337109215,0.00774754337109215,142,330
J,330X214,0.13467453423377013,0.13467453423377013,142,330
J,330X216,0.6072346529401911,0.6072346529401911,142,330
J,330X218,-0.0809712842258266,0.0809712842258266,142,330
J,330X221,-0.11653914412602188,0.11653914412602188,142,330
J,330X224,0.007363947243666951,0.007363947243666951,142,330
J,330X226,0.6068414326548821,0.6068414326548821,142,330
J,330X228,-0.17238436162142523,0.17238436162142523,142,330
J,330X231,-0.19245768912609237,0.19245768912609237,142,330
J,330X234,-0.08021172010413181,0.08021172010413181,142,330
J,330X236,-0.26623148809522695,0.26623148809522695,142,330
J,330X238,-0.23799961699310057,0.23799961699310057,142,330
J,330X241,-0.24628497943002867,0.24628497943002867,142,330
J,330X244,-0.14724746141533582,0.14724746141533582,142,330
J,330X246,-0.2653079364940169,0.2653079364940169,142,330
J,330X248,-0.264583211284046,0.264583211284046,142,330
J,330X251,-0.2654084189542448,0.2654084189542448,142,330
J,330X254,-0.17416081942114434,0.17416081942114434,142,330
J,330X256,-0.2654753551524978,0.2654753551524978,142,330
J,330X258,-0.28743902950965516,0.28743902950965516,142,330
J,330X261,-0.2830449342606973,0.2830449342606973,142,330
J,330X264,-0.20367250667677403,0.20367250667677403,142,330
J,330X266,0.37442119432573234,0.37442119432573234,142,330
J,330X268,-0.2869438973531602,0.2869438973531602,142,330
J,330X271,-0.27866030769256966,0.27866030769256966,142,330
J,330X274,-0.2129578112290907,0.2129578112290907,142,330
J,330X276,0.37477770689417816,0.37477770689417816,142,330
J,330X278,-0.2934101423455055,0.2934101423455055,142,330
J,330X281,-0.2862494679992647,0.2862494679992647,142,330
J,330X284,-0.20854212050049223,0.20854212050049223,142,330
J,330X286,0.3746775128500158,0.3746775128500158,142,330
J,330X288,-0.3382111763833093,0.3382111763833093,142,330
J,330X291,-0.32280841081161843,0.32280841081161843,142,330
J,330X294,-0.26934371294810006,0.26934371294810006,142,330
J,330X296,0.42340359115099296,0.42340359115099296,142,330
J,330X298,-0.4794597486446084,0.4794597486446084,142,330
J,330X300,-0.4780136589847441,0.4780136589847441,142,330
J,330X302,-0.3439095564346743,0.3439095564346743,142,330
J,330X303,-0.12938580117622167,0.12938580117622167,142,330
J,330X305,-0.3305806546271635,0.3305806546271635,142,330
J,330X308,-0.3155835103890248,0.3155835103890248,142,330
J,330X311,-0.26238365535171077,0.26238365535171077,142,330
J,330X313,-0.12142593210771828,0.12142593210771828,142,330
J,330X315,-0.31965656188830865,0.31965656188830865,142,330
J,330X318,-0.30643417707316556,0.30643417707316556,142,330
J,330X321,-0.2527966447608784,0.2527966447608784,142,330
J,330X323,-0.12610091659469713,0.12610091659469713,142,330
J,330X325,-0.3282702204244368,0.3282702204244368,142,330
J,330X328,-0.31434190717096416,0.31434190717096416,142,330
J,330X331,-0.26709220590186555,0.26709220590186555,142,330
J,330X333,0.6956695918176016,0.6956695918176016,142,330
J,330X335,-0.31280865761406246,0.31280865761406246,142,330
J,330X338,-0.30230262022920573,0.30230262022920573,142,330
J,330X341,-0.24683588879306842,0.24683588879306842,142,330
J,330X343,0.6961601684107774,0.6961601684107774,142,330
J,330X345,-0.34213061075244433,0.34213061075244433,142,330
J,330X348,-0.32939328162318426,0.32939328162318426,142,330
J,330X351,-0.2843905231007384,0.2843905231007384,142,330
J,330X353,0.6958904053615371,0.6958904053615371,142,330
J,330X355,-0.3168225179643905,0.3168225179643905,142,330
J,330X358,-0.30651922305442597,0.30651922305442597,142,330
J,330X361,-0.2524872689826214,0.2524872689826214,142,330
J,330X363,0.15018222750093432,0.15018222750093432,142,330
J,330X365,-0.3433999623205062,0.3433999623205062,142,330
J,330X368,-0.3326278453481881,0.3326278453481881,142,330
J,330X371,-0.2780550046082251,0.2780550046082251,142,330
J,330X373,0.15034827798265482,0.15034827798265482,142,330
J,330X375,-0.29571668380876476,0.29571668380876476,142,330
J,330X378,-0.29006875156109035,0.29006875156109035,142,330
J,330X381,-0.22197672381371913,0.22197672381371913,142,330
J,330X383,0.1502402320276958,0.1502402320276958,142,330
J,330X385,-0.26058752166187943,0.26058752166187943,142,330
J,330X388,-0.2621722881804681,0.2621722881804681,142,330
J,330X391,-0.18547898627042222,0.18547898627042222,142,330
J,330X393,-0.17301227694607657,0.17301227694607657,142,330
J,330X395,-0.17204071317091646,0.17204071317091646,142,330
J,330X398,-0.18816096645766583,0.18816096645766583,142,330
J,330X401,-0.09503228111336785,0.09503228111336785,142,330
J,330X403,0.42375605925094695,0.42375605925094695,142,330
J,330X405,-0.49598892960225693,0.49598892960225693,142,330
J,330X407,-0.4669391409841621,0.4669391409841621,142,330
J,330X409,-0.3691690239357371,0.3691690239357371,142,330
J,330X410,-0.17499100861412273,0.17499100861412273,142,330
J,330X412,-0.0010180106838903063,0.0010180106838903063,142,330
J,330X415,-0.04231508601649503,0.04231508601649503,142,330
J,330X418,0.06685172570811597,0.06685172570811597,142,330
J,330X420,-0.1733214877272265,0.1733214877272265,142,330
J,330X422,0.1650541181884137,0.1650541181884137,142,330
J,330X425,0.10719197459270591,0.10719197459270591,142,330
J,330X428,0.2019170349630817,0.2019170349630817,142,330
J,330X430,0.4560744514820203,0.4560744514820203,142,330
J,330X432,0.2758637609134582,0.2758637609134582,142,330
J,330X435,0.21181465686068365,0.21181465686068365,142,330
J,330X438,0.2849084322797428,0.2849084322797428,142,330
J,330X440,0.45406355669937265,0.45406355669937265,142,330
J,330X442,0.48018529075805777,0.48018529075805777,142,330
J,330X445,0.42647610051146484,0.42647610051146484,142,330
J,330X448,0.42908733883892664,0.42908733883892664,142,330
J,330X450,0.45638760789147886,0.45638760789147886,142,330
J,330X452,0.5454902329766693,0.5454902329766693,142,330
J,330X455,0.5277501015129619,0.5277501015129619,142,330
J,330X458,0.47014174035091155,0.47014174035091155,142,330
J,330X460,-0.5181020098973728,0.5181020098973728,142,330
J,330X462,0.6142498849913443,0.6142498849913443,142,330
J,330X465,0.6206070630383614,0.6206070630383614,142,330
J,330X468,0.5375389664112249,0.5375389664112249,142,330
J,330X470,-0.5151781637411459,0.5151781637411459,142,330
J,330X472,0.6250927623671197,0.6250927623671197,142,330
J,330X475,0.6204898039707294,0.6204898039707294,142,330
J,330X478,0.5570133535250881,0.5570133535250881,142,330
J,330X480,-0.5162919021645876,0.5162919021645876,142,330
J,330X482,0.6150238869947642,0.6150238869947642,142,330
J,330X485,0.6276496690983705,0.6276496690983705,142,330
J,330X488,0.48541924165980316,0.48541924165980316,142,330
J,330X490,-0.38787402923665776,0.38787402923665776,142,330
J,330X492,0.5954814104234666,0.5954814104234666,142,330
J,330X495,0.6068832167310751,0.6068832167310751,142,330
J,330X498,0.47404827113801395,0.47404827113801395,142,330
J,330X500,-0.3862874855382844,0.3862874855382844,142,330
J,330X502,0.555952074218591,0.555952074218591,142,330
J,330X505,0.5636041194096103,0.5636041194096103,142,330
J,330X508,0.4386348156450609,0.4386348156450609,142,330
J,330X510,0.42363677223119484,0.42363677223119484,142,330
J,330X512,-0.447812667411167,0.447812667411167,142,330
J,330X514,-0.416582068997744,0.416582068997744,142,330
J,330X516,-0.32983228041038953,0.32983228041038953,142,330
J,330X517,-0.38741841364540547,0.38741841364540547,142,330
J,330X519,0.45821970084497954,0.45821970084497954,142,330
J,330X522,0.45036929336064213,0.45036929336064213,142,330
J,330X525,0.3606099386691914,0.3606099386691914,142,330
J,330X527,-0.046024562605043,0.046024562605043,142,330
J,330X529,0.41942001898710224,0.41942001898710224,142,330
J,330X532,0.4051609946680242,0.4051609946680242,142,330
J,330X535,0.34285886537029076,0.34285886537029076,142,330
J,330X537,-0.06666104717270355,0.06666104717270355,142,330
J,330X539,0.31155688165561746,0.31155688165561746,142,330
J,330X541,0.2716033758099554,0.2716033758099554,142,330
J,330X544,0.2625642620253577,0.2625642620253577,142,330
J,330X546,-0.0577266124724349,0.0577266124724349,142,330
J,330X548,0.10256693121923416,0.10256693121923416,142,330
J,330X550,0.05297906288204388,0.05297906288204388,142,330
J,330X552,0.12871876746822422,0.12871876746822422,142,330
J,330X553,-0.011674817402460269,0.011674817402460269,142,330
J,330X555,-0.10714912469717411,0.10714912469717411,142,330
J,330X557,-0.1387343380295318,0.1387343380295318,142,330
J,330X559,-0.01805109085889934,0.01805109085889934,142,330
J,330X560,-0.017843657783454734,0.017843657783454734,142,330
J,330X562,-0.2862222127267392,0.2862222127267392,142,330
J,330X564,-0.28715387455642566,0.28715387455642566,142,330
J,330X566,-0.18261489452674468,0.18261489452674468,142,330
J,330X567,-0.01489347713651223,0.01489347713651223,142,330
J,330X569,-0.3832508625654158,0.3832508625654158,142,330
J,330X571,-0.368036880392809,0.368036880392809,142,330
J,330X573,-0.3046434206082812,0.3046434206082812,142,330
J,330X574,0.4064284909019749,0.4064284909019749,142,330
J,330X576,-0.3881584693890954,0.3881584693890954,142,330
J,330X578,-0.37487485657867026,0.37487485657867026,142,330
J,330X580,-0.33725010700818764,0.33725010700818764,142,330
J,330X581,0.40642812491012625,0.40642812491012625,142,330
J,330X583,-0.31988384081932253,0.31988384081932253,142,330
J,330X585,-0.3152499573293771,0.3152499573293771,142,330
J,330X587,-0.2802342976446086,0.2802342976446086,142,330
J,330X588,0.40644976886602024,0.40644976886602024,142,330
J,330X590,-0.3103170527036923,0.3103170527036923,142,330
J,330X592,-0.30611486587873077,0.30611486587873077,142,330
J,330X594,-0.2846464930144167,0.2846464930144167,142,330
J,330X595,0.15292314978547117,0.15292314978547117,142,330
J,330X597,-0.3194395517653225,0.3194395517653225,142,330
J,330X599,-0.3055086888948844,0.3055086888948844,142,330
J,330X601,-0.2069705240867987,0.2069705240867987,142,330
J,330X602,0.1534070345273137,0.1534070345273137,142,330
J,330X604,-0.21758406149397932,0.21758406149397932,142,330
J,330X606,-0.22109334159545624,0.22109334159545624,142,330
J,330X608,-0.11152517611079144,0.11152517611079144,142,330
J,330X609,0.1530306799778996,0.1530306799778996,142,330
J,330X611,-0.10632949841328727,0.10632949841328727,142,330
J,330X613,-0.12804906587189588,0.12804906587189588,142,330
J,330X615,-0.01579884187537068,0.01579884187537068,142,330
J,330X616,0.47924492173021394,0.47924492173021394,142,330
J,330X618,0.04717934556429643,0.04717934556429643,142,330
J,330X620,0.005306615969474233,0.005306615969474233,142,330
J,330X622,0.1072084234105954,0.1072084234105954,142,330
J,330X626,0.2013016208147964,0.2013016208147964,142,330
J,330X628,0.3806026534795003,0.3806026534795003,142,330
J,330X630,0.3771667327871568,0.3771667327871568,142,330
J,330X632,0.3832233728127386,0.3832233728127386,142,330
J,330X633,0.5741983852546567,0.5741983852546567,142,330
J,330X635,-0.40490812424024064,0.40490812424024064,142,330
J,330X637,-0.40490597479434703,0.40490597479434703,142,330
J,330X639,-0.40491450769722254,0.40491450769722254,142,330
J,330X640,0.8123596439092472,0.8123596439092472,142,330
J,330X642,-0.08830078377113261,0.08830078377113261,142,330
J,330X669,-0.38585651729562703,0.38585651729562703,142,330
J,330X671,0.6235988674319344,0.6235988674319344,142,330
J,330X674,0.6235224860558546,0.6235224860558546,142,330
J,330X677,0.6236922570516177,0.6236922570516177,142,330
J,330X689,0.07458720575124572,0.07458720575124572,142,330
J,330X691,0.47183901604787676,0.47183901604787676,142,330
J,330X694,0.4716459415963666,0.4716459415963666,142,330
J,330X697,0.47205640019543244,0.47205640019543244,142,330
J,330X699,0.08207225228795131,0.08207225228795131,142,330
J,330X701,0.65593231518609,0.65593231518609,142,330
J,330X704,0.6560494249823161,0.6560494249823161,142,330
J,330X707,0.655986003772782,0.655986003772782,142,330
J,330X709,-0.42154334851381653,0.42154334851381653,142,330
J,330X714,0.5739655003262576,0.5739655003262576,142,330
J,330X717,0.57442940383156,0.57442940383156,142,330
J,330X719,-0.44428822148856073,0.44428822148856073,142,330
J,330X729,-0.4442409283475036,0.4442409283475036,142,330
J,330X749,0.44424933161545893,0.44424933161545893,142,330
J,330X759,0.44435301842084024,0.44435301842084024,142,330
J,330X769,-0.24270250665683205,0.24270250665683205,142,330
J,330X771,-0.27110839794915337,0.27110839794915337,142,330
J,330X774,-0.27056923864065463,0.27056923864065463,142,330
J,330X777,-0.2732030377028968,0.2732030377028968,142,330
J,330X788,-0.3155931088130999,0.3155931088130999,142,330
J,330X790,-0.32214047286461334,0.32214047286461334,142,330
J,330X793,-0.3226750783040531,0.3226750783040531,142,330
J,330X798,0.1873317479530155,0.1873317479530155,142,330
J,330X800,0.24409775474073653,0.24409775474073653,142,330
J,330X803,0.2406846329858735,0.2406846329858735,142,330
J,330X806,0.2516022595386265,0.2516022595386265,142,330
J,330X808,-0.4191879461503981,0.4191879461503981,142,330
J,330X810,0.2268841005597796,0.2268841005597796,142,330
J,330X813,0.22557176605053564,0.22557176605053564,142,330
J,330X816,0.22851536267155156,0.22851536267155156,142,330
J,330X818,-0.42115093608203646,0.42115093608203646,142,330
J,330X828,-0.4442001665110786,0.4442001665110786,142,330
J,330X858,0.44447042997113967,0.44447042997113967,142,330
J,330X878,0.21093320010877428,0.21093320010877428,142,330
J,330X889,0.21093302577751324,0.21093302577751324,142,330
J,330X890,0.04709808085634298,0.04709808085634298,142,330
J,330X893,-0.05333037709726376,0.05333037709726376,142,330
J,330X895,-0.05089538389945259,0.05089538389945259,142,330
J,330X897,-0.055058799046107984,0.055058799046107984,142,330
J,330X900,-0.3345405033989338,0.3345405033989338,142,330
J,330X902,-0.34243485391389267,0.34243485391389267,142,330
J,330X904,-0.3221745501017581,0.3221745501017581,142,330
J,330X910,-0.32306010389151796,0.32306010389151796,142,330
J,330X913,-0.3219940595181423,0.3219940595181423,142,330
J,330X916,-0.32328310385220593,0.32328310385220593,142,330
J,330X920,-0.25547359820692933,0.25547359820692933,142,330
J,330X923,-0.25939474009334434,0.25939474009334434,142,330
J,330X926,-0.2514929946708031,0.2514929946708031,142,330
J,330X930,-0.19509566392761055,0.19509566392761055,142,330
J,330X933,-0.19637547038773528,0.19637547038773528,142,330
J,330X936,-0.1943127207324914,0.1943127207324914,142,330
J,330X940,0.09286021030499678,0.09286021030499678,142,330
J,330X943,0.1051374595353781,0.1051374595353781,142,330
J,330X946,0.08122908376187392,0.08122908376187392,142,330
J,330X950,-0.06420439479353586,0.06420439479353586,142,330
J,330X953,-0.05626163072487113,0.05626163072487113,142,330
J,330X956,-0.07042998570703371,0.07042998570703371,142,330
J,330X960,0.0905160222985965,0.0905160222985965,142,330
J,330X963,0.10766588290318126,0.10766588290318126,142,330
J,330X966,0.07487586818789756,0.07487586818789756,142,330
J,330X970,-0.06729965042539081,0.06729965042539081,142,330
J,330X973,-0.07178011461715651,0.07178011461715651,142,330
J,330X976,-0.06331502083499511,0.06331502083499511,142,330
J,330X980,-0.05489602626275222,0.05489602626275222,142,330
J,330X983,-0.0454497463879427,0.0454497463879427,142,330
J,330X986,-0.0630446760946467,0.0630446760946467,142,330
J,330X990,-0.11922684432737803,0.11922684432737803,142,330
J,330X993,-0.11542144836663765,0.11542144836663765,142,330
J,330X996,-0.12427196996234621,0.12427196996234621,142,330
J,330X1000,-0.0037894354760638913,0.0037894354760638913,142,330
J,330X1003,0.009526010990997624,0.009526010990997624,142,330
J,330X1006,-0.015808623127150735,0.015808623127150735,142,330
J,330X1010,-0.1833960641763059,0.1833960641763059,142,330
J,330X1013,-0.18746718373330037,0.18746718373330037,142,330
J,330X1016,-0.17911549489873604,0.17911549489873604,142,330
J,330X1020,-0.2825107995406799,0.2825107995406799,142,330
J,330X1030,-0.13934009679976084,0.13934009679976084,142,330
J,330X1032,-0.14022130710354624,0.14022130710354624,142,330
J,330X1034,-0.1382468852152144,0.1382468852152144,142,330
J,330X1037,-0.5021625321649609,0.5021625321649609,142,330
J,330X1039,-0.5017547538710655,0.5017547538710655,142,330
J,330X1041,-0.5050800394562905,0.5050800394562905,142,330
J,330X1042,-0.037103309796783196,0.037103309796783196,142,330
J,330X1053,0.021550794614866906,0.021550794614866906,142,330
J,330X1077,-0.3706295294828353,0.3706295294828353,142,330
J,330X1080,-0.3490077576966424,0.3490077576966424,142,330
J,330X1083,-0.36705866156426126,0.36705866156426126,142,330
J,330X1087,-0.5067592037687344,0.5067592037687344,142,330
J,330X1090,-0.5082823886179074,0.5082823886179074,142,330
J,330X1093,-0.5070491199483704,0.5070491199483704,142,330
J,330X1097,-0.4939527504456573,0.4939527504456573,142,330
J,330X1100,-0.4638487412813601,0.4638487412813601,142,330
J,330X1103,-0.5129824858573003,0.5129824858573003,142,330
J,330X1107,-0.38384008181877605,0.38384008181877605,142,330
J,330X1127,0.47214054892284335,0.47214054892284335,142,330
J,330X1130,0.4721975506665063,0.4721975506665063,142,330
J,330X1133,0.4720415995025673,0.4720415995025673,142,330
J,330X1147,0.010979444935020146,0.010979444935020146,142,330
J,330X1150,0.009983715874155726,0.009983715874155726,142,330
J,330X1153,0.011498826260091305,0.011498826260091305,142,330
J,330X1157,-0.14006274660754073,0.14006274660754073,142,330
J,330X1160,-0.15096872996516358,0.15096872996516358,142,330
J,330X1163,-0.03535533905948046,0.03535533905948046,142,330
J,330X1166,0.1920455099979079,0.1920455099979079,142,330
J,330X1168,0.8125251581894686,0.8125251581894686,142,330
J,330X1173,-0.1876337957734397,0.1876337957734397,142,330
J,330X1175,-0.19024622127933674,0.19024622127933674,142,330
J,330X1177,-0.18513732191711185,0.18513732191711185,142,330
J,330X1180,-0.43115261722028664,0.43115261722028664,142,330
J,330X1182,-0.42781230174159424,0.42781230174159424,142,330
J,330X1184,-0.4388418065209191,0.4388418065209191,142,330
J,330X1187,-0.024669258743114996,0.024669258743114996,142,330
J,330X1189,-0.022067251041991646,0.022067251041991646,142,330
J,330X1191,-0.027736945449723716,0.027736945449723716,142,330
J,330X1194,-0.4210212229197033,0.4210212229197033,142,330
J,330X1196,-0.4283112516035458,0.4283112516035458,142,330
J,330X1198,-0.4074800896899481,0.4074800896899481,142,330
J,330X1201,-0.13312923767011547,0.13312923767011547,142,330
J,330X1203,-0.14002989588832152,0.14002989588832152,142,330
J,330X1205,-0.1242107119254964,0.1242107119254964,142,330
J,330X1208,-0.4532547409706068,0.4532547409706068,142,330
J,330X1210,-0.45613158932849135,0.45613158932849135,142,330
J,330X1212,-0.44401277207083867,0.44401277207083867,142,330
J,330X1218,-0.04043952991569571,0.04043952991569571,142,330
J,330X1221,0.03657792667465905,0.03657792667465905,142,330
J,330X1225,-0.2789114786214822,0.2789114786214822,142,330
J,330X1227,-0.2789427736699831,0.2789427736699831,142,330
J,330X1229,-0.27889379915838636,0.27889379915838636,142,330
J,330X1232,0.27650146439569784,0.27650146439569784,142,330
J,330X1234,0.27680565648736133,0.27680565648736133,142,330
J,330X1236,0.27621072523489504,0.27621072523489504,142,330
J,330X1249,-0.37163845337244517,0.37163845337244517,142,330
J,330X1251,-0.3499581403960216,0.3499581403960216,142,330
J,330X1253,-0.3671469996665487,0.3671469996665487,142,330
J,330X1256,-0.08195393522237218,0.08195393522237218,142,330
J,330X1258,-0.0543033971879069,0.0543033971879069,142,330
J,330X1261,-0.09227344981363911,0.09227344981363911,142,330
J,340X1,0.2812258272392885,0.2812258272392885,142,340
J,340X2,0.13464846795013208,0.13464846795013208,142,340
J,340X3,-0.05768241000266406,0.05768241000266406,142,340
J,340X4,-0.20676767303213228,0.20676767303213228,142,340
J,340X5,0.031889829674613644,0.031889829674613644,142,340
J,340X6,-0.12214687384091193,0.12214687384091193,142,340
J,340X7,-0.18733030410790655,0.18733030410790655,142,340
J,340X8,-0.13101681701556575,0.13101681701556575,142,340
J,340X9,0.19523651312450457,0.19523651312450457,142,340
J,340X10,-0.46382020789906253,0.46382020789906253,142,340
J,340X11,-0.20778355123182662,0.20778355123182662,142,340
J,340X13,-0.21778541889160896,0.21778541889160896,142,340
J,340X15,-0.17645849975800876,0.17645849975800876,142,340
J,340X17,0.16314384650488337,0.16314384650488337,142,340
J,340X18,0.12457757288836041,0.12457757288836041,142,340
J,340X19,0.14926445187804535,0.14926445187804535,142,340
J,340X20,-0.043535136650093294,0.043535136650093294,142,340
J,340X21,0.04476823150432922,0.04476823150432922,142,340
J,340X22,-0.05504608294812918,0.05504608294812918,142,340
J,340X24,0.14311074013062547,0.14311074013062547,142,340
J,340X25,0.14596406921393507,0.14596406921393507,142,340
J,340X26,0.12670526633043638,0.12670526633043638,142,340
J,340X27,-0.080353623748984,0.080353623748984,142,340
J,340X28,-0.09345181755344774,0.09345181755344774,142,340
J,340X29,-0.0806436979959033,0.0806436979959033,142,340
J,ERROR:#N/A (#2),0.06963724357796665,0.06963724357796665,142,UNKNOWN
J,340X31,-0.3640053971503932,0.3640053971503932,142,340
J,340X33,0.1578386000942115,0.1578386000942115,142,340
J,340X34,0.15370292630743454,0.15370292630743454,142,340
J,340X35,0.15764390244204984,0.15764390244204984,142,340
J,340X36,0.1708786251048391,0.1708786251048391,142,340
J,340X37,0.20502404458928647,0.20502404458928647,142,340
J,340X38,0.19134949437547732,0.19134949437547732,142,340
J,340X39,0.2174665863347301,0.2174665863347301,142,340
J,340X40,0.20176284084177779,0.20176284084177779,142,340
J,340X41,-0.28597536874487706,0.28597536874487706,142,340
J,340X42,-0.30976790391740955,0.30976790391740955,142,340
J,340X43,-0.34450527808943393,0.34450527808943393,142,340
J,340X44,-0.2988911679152218,0.2988911679152218,142,340
J,340X45,-0.06109062820951429,0.06109062820951429,142,340
J,340X46,-0.038387214687235875,0.038387214687235875,142,340
J,340X47,-0.0655204239960068,0.0655204239960068,142,340
J,340X48,-0.05204451694048076,0.05204451694048076,142,340
J,340X49,0.10305913199098493,0.10305913199098493,142,340
J,340X51,0.05525282589124423,0.05525282589124423,142,340
J,340X53,-0.0003075233052462931,0.0003075233052462931,142,340
J,340X57,0.1036278184984028,0.1036278184984028,142,340
J,340X59,0.06889685457715052,0.06889685457715052,142,340
J,340X61,0.22950940688444363,0.22950940688444363,142,340
J,340X65,-0.028178198759967774,0.028178198759967774,142,340
J,340X67,-0.036478496838553615,0.036478496838553615,142,340
J,340X69,0.002930632121337895,0.002930632121337895,142,340
J,340X73,-0.01020684605600493,0.01020684605600493,142,340
J,340X75,0.11687377084534314,0.11687377084534314,142,340
J,340X77,-0.1638391375130107,0.1638391375130107,142,340
J,340X81,0.09375738823098906,0.09375738823098906,142,340
J,340X83,0.04775867545957635,0.04775867545957635,142,340
J,340X85,0.07461430951295404,0.07461430951295404,142,340
J,340X97,0.11655048121399744,0.11655048121399744,142,340
J,340X99,0.1234374085861118,0.1234374085861118,142,340
J,340X101,0.10800037633288424,0.10800037633288424,142,340
J,340X105,0.041574231827943106,0.041574231827943106,142,340
J,340X107,0.689958740831747,0.689958740831747,142,340
J,340X108,0.05810684154860398,0.05810684154860398,142,340
J,340X109,0.3177791920920173,0.3177791920920173,142,340
J,340X110,-0.22285292586995878,0.22285292586995878,142,340
J,340X113,-0.2733043329134104,0.2733043329134104,142,340
J,340X115,0.06343662575866474,0.06343662575866474,142,340
J,340X121,-0.0484484487039757,0.0484484487039757,142,340
J,340X123,0.07039104484367513,0.07039104484367513,142,340
J,340X124,-0.05390582454240163,0.05390582454240163,142,340
J,340X125,-0.02313363275485411,0.02313363275485411,142,340
J,340X126,-0.05487052109568447,0.05487052109568447,142,340
J,340X132,0.029371354038102898,0.029371354038102898,142,340
J,340X133,-0.05921341294055795,0.05921341294055795,142,340
J,340X134,0.029887666245677614,0.029887666245677614,142,340
J,340X138,-0.08108752894205794,0.08108752894205794,142,340
J,340X139,-0.08719092069654864,0.08719092069654864,142,340
J,340X140,-0.06222749649491119,0.06222749649491119,142,340
J,340X143,0.3548746835634741,0.3548746835634741,142,340
J,340X145,0.03683511807281847,0.03683511807281847,142,340
J,340X147,-0.2315784540208929,0.2315784540208929,142,340
J,340X149,-0.23308512481654645,0.23308512481654645,142,340
J,340X151,-0.23309226854690357,0.23309226854690357,142,340
J,340X161,-0.06900181963807665,0.06900181963807665,142,340
J,340X163,-0.058345789068121566,0.058345789068121566,142,340
J,340X165,-0.07162500675287409,0.07162500675287409,142,340
J,340X173,-0.043905254976414294,0.043905254976414294,142,340
J,340X175,-0.03787398172312918,0.03787398172312918,142,340
J,340X177,-0.0422794110963122,0.0422794110963122,142,340
J,340X181,-0.05255888842526108,0.05255888842526108,142,340
J,340X182,-0.13156634708465215,0.13156634708465215,142,340
J,340X183,-0.11132528996024167,0.11132528996024167,142,340
J,340X185,-0.055450834316160394,0.055450834316160394,142,340
J,340X186,-0.05330144896822278,0.05330144896822278,142,340
J,340X187,-0.05504961774061618,0.05504961774061618,142,340
J,340X188,-0.11637884753824691,0.11637884753824691,142,340
J,340X189,-0.12355585411360116,0.12355585411360116,142,340
J,340X190,-0.11918509505864505,0.11918509505864505,142,340
J,340X192,-0.3662508199226823,0.3662508199226823,142,340
J,340X193,0.04131723416218748,0.04131723416218748,142,340
J,340X194,0.07834836909207549,0.07834836909207549,142,340
J,340X195,0.133398639216852,0.133398639216852,142,340
J,340X196,-0.15813757936716408,0.15813757936716408,142,340
J,340X197,-0.16558694895500836,0.16558694895500836,142,340
J,340X198,-0.17210537062919368,0.17210537062919368,142,340
J,344X1,-0.08365796378792542,0.08365796378792542,142,344
J,344X5,-0.13430500406956594,0.13430500406956594,142,344
J,344X6,0.19432987254050882,0.19432987254050882,142,344
J,344X10,0.1540945473052769,0.1540945473052769,142,344
J,344X13,0.1406273075532887,0.1406273075532887,142,344
J,344X15,0.17557889079358252,0.17557889079358252,142,344
J,344X16,0.41436042563597925,0.41436042563597925,142,344
J,344X19,0.22060579123690816,0.22060579123690816,142,344
J,344X20,0.127983877207934,0.127983877207934,142,344
J,344X21,0.015401654017779431,0.015401654017779431,142,344
J,344X22,0.046564334670529596,0.046564334670529596,142,344
J,344X25,0.0909753514573449,0.0909753514573449,142,344
J,344X26,0.10428824860528521,0.10428824860528521,142,344
J,344X27,-0.10432844071378547,0.10432844071378547,142,344
J,344X29,0.04928918924489191,0.04928918924489191,142,344
J,344X34,-0.2363183416815068,0.2363183416815068,142,344
J,344X35,-0.3034533609188502,0.3034533609188502,142,344
J,344X36,-0.20933531938522157,0.20933531938522157,142,344
J,344X37,-0.27206956350228056,0.27206956350228056,142,344
J,344X39,0.33487894140882185,0.33487894140882185,142,344
J,344X41,0.34317339134131875,0.34317339134131875,142,344
J,344X43,0.36976851766898544,0.36976851766898544,142,344
J,344X44,0.37267863923011507,0.37267863923011507,142,344
J,344X48,0.15220229499362503,0.15220229499362503,142,344
J,344X49,-0.20852919742045015,0.20852919742045015,142,344
J,344X51,-0.03678559463888504,0.03678559463888504,142,344
J,344X53,0.1578700045168856,0.1578700045168856,142,344
J,344X55,0.16239921562104945,0.16239921562104945,142,344
J,344X56,-0.03082060459393496,0.03082060459393496,142,344
J,344X60,-0.03740983347290828,0.03740983347290828,142,344
J,344X62,-0.17278130264377836,0.17278130264377836,142,344
J,344X64,-0.1722203976355414,0.1722203976355414,142,344
J,344X65,-0.3110787272331216,0.3110787272331216,142,344
J,344X66,-0.17007778505321086,0.17007778505321086,142,344
J,344X69,0.028300938644226812,0.028300938644226812,142,344
J,344X71,0.16062103732105878,0.16062103732105878,142,344
J,344X73,0.16678354558666716,0.16678354558666716,142,344
J,344X74,0.02906143453922627,0.02906143453922627,142,344
J,344X77,-0.06110311565496874,0.06110311565496874,142,344
J,344X78,-0.06737015721564839,0.06737015721564839,142,344
J,344X79,0.2057300198462949,0.2057300198462949,142,344
J,344X81,0.04954861067650783,0.04954861067650783,142,344
J,344X83,-0.06325715386723146,0.06325715386723146,142,344
J,344X85,0.1280720292839145,0.1280720292839145,142,344
J,344X86,0.08803190404842513,0.08803190404842513,142,344
J,344X87,0.12830471650901823,0.12830471650901823,142,344
J,344X88,0.011571110937779697,0.011571110937779697,142,344
J,344X90,-0.018784626242342478,0.018784626242342478,142,344
J,344X92,0.1280162745626086,0.1280162745626086,142,344
J,344X94,0.24603473039322601,0.24603473039322601,142,344
J,344X95,0.2791280470235983,0.2791280470235983,142,344
J,344X96,0.2715138888870907,0.2715138888870907,142,344
J,344X97,0.27082473817600755,0.27082473817600755,142,344
J,344X99,0.2573356453037623,0.2573356453037623,142,344
J,344X103,-0.1274715957113768,0.1274715957113768,142,344
J,344X104,0.05085368202126334,0.05085368202126334,142,344
J,344X105,-0.12679022671530135,0.12679022671530135,142,344
J,344X106,0.165867935343841,0.165867935343841,142,344
J,344X108,0.02181928766378152,0.02181928766378152,142,344
J,344X110,-0.12801627456260825,0.12801627456260825,142,344
J,344X112,-0.12721230255653035,0.12721230255653035,142,344
J,344X113,0.038430749936204864,0.038430749936204864,142,344
J,344X114,-0.12873908268403988,0.12873908268403988,142,344
J,344X115,0.1508271775526917,0.1508271775526917,142,344
J,344X117,0.040373528573402574,0.040373528573402574,142,344
J,344X119,-0.1280162745626086,0.1280162745626086,142,344
J,344X121,-0.05191787995145313,0.05191787995145313,142,344
J,344X122,-0.05867178713897872,0.05867178713897872,142,344
J,344X123,-0.008399044702653674,0.008399044702653674,142,344
J,344X124,-0.009669055314767127,0.009669055314767127,142,344
J,344X126,-0.09088975630587898,0.09088975630587898,142,344
J,344X137,0.2750758256147146,0.2750758256147146,142,344
J,344X138,0.1573934775913468,0.1573934775913468,142,344
J,344X139,0.2127719468460872,0.2127719468460872,142,344
J,344X145,0.6107911056067656,0.6107911056067656,142,344
J,344X146,-0.05040708619392596,0.05040708619392596,142,344
J,344X147,-0.2281431001814581,0.2281431001814581,142,344
J,344X149,0.12093279642891683,0.12093279642891683,142,344
J,344X150,0.1560156229708574,0.1560156229708574,142,344
J,344X151,-0.08688004135173877,0.08688004135173877,142,344
J,344X154,0.1280162745626088,0.1280162745626088,142,344
J,344X156,-0.17724119786444648,0.17724119786444648,142,344
J,344X158,-0.12989293342608618,0.12989293342608618,142,344
J,344X159,-0.12666696080572326,0.12666696080572326,142,344
J,344X160,-0.11102471846022192,0.11102471846022192,142,344
J,344X163,-0.015551977549570304,0.015551977549570304,142,344
J,344X164,-0.2914829439205479,0.2914829439205479,142,344
J,344X165,-0.02768029483814903,0.02768029483814903,142,344
J,344X168,0.11155892687649974,0.11155892687649974,142,344
J,344X169,-0.05471461910929095,0.05471461910929095,142,344
J,344X172,-0.12801627456260892,0.12801627456260892,142,344
J,344X173,-0.2085291974205464,0.2085291974205464,142,344
J,ERROR:#N/A (#3),-0.16175985166468376,0.16175985166468376,142,UNKNOWN
J,344X174,-0.18250163473133602,0.18250163473133602,142,344
J,344X176,-0.09462357067952926,0.09462357067952926,142,344
J,ERROR:#N/A_1 (#2),-0.10559091156627556,0.10559091156627556,142,UNKNOWN
J,344X177,-0.29129916838719366,0.29129916838719366,142,344
J,344X178,0.14410384205563975,0.14410384205563975,142,344
J,ERROR:#N/A_3 (#1),-0.05205796842037884,0.05205796842037884,142,UNKNOWN
J,344X182,-0.06367555902696267,0.06367555902696267,142,344
J,344X185,-0.1359029138675477,0.1359029138675477,142,344
J,ERROR:#N/A_5,-0.30125638632208845,0.30125638632208845,142,UNKNOWN
J,344X186,-0.10317030071567838,0.10317030071567838,142,344
J,344X187,-0.11977012815012197,0.11977012815012197,142,344
J,ERROR:#N/A_6,-0.10636478759698642,0.10636478759698642,142,UNKNOWN
J,ERROR:#N/A_7,-0.011772964181721671,0.011772964181721671,142,UNKNOWN
J,344X190,0.014538791305271814,0.014538791305271814,142,344
J,344X191,-0.18167582563594015,0.18167582563594015,142,344
J,ERROR:#N/A_8,0.01385369138400901,0.01385369138400901,142,UNKNOWN
J,344X192,-0.18181492525883286,0.18181492525883286,142,344
J,344X194,0.015005894718079333,0.015005894718079333,142,344
J,344X195,-0.16010966746918417,0.16010966746918417,142,344
J,344X196,-0.176208577511146,0.176208577511146,142,344
J,344X199,-0.13696529574187083,0.13696529574187083,142,344
J,344X200,-0.11475280368251456,0.11475280368251456,142,344
J,344X201,-0.05984420999882089,0.05984420999882089,142,344
J,ERROR:#N/A_9,0.01457417621655774,0.01457417621655774,142,UNKNOWN
J,ERROR:#N/A_10,-0.20852919742054643,0.20852919742054643,142,UNKNOWN
J,344X208,-0.06837952069866723,0.06837952069866723,142,344
J,344X209,0.0937290794124486,0.0937290794124486,142,344
J,ERROR:#N/A_11,-0.08403139446372875,0.08403139446372875,142,UNKNOWN
J,344X210,0.046720276624478876,0.046720276624478876,142,344
J,344X212,-0.09364603432576198,0.09364603432576198,142,344
J,344X213,0.07958182671871665,0.07958182671871665,142,344
J,344X221,0.0520250160795781,0.0520250160795781,142,344
J,344X222,-0.15441779633985347,0.15441779633985347,142,344
J,ERROR:#N/A_14,0.049417856688880844,0.049417856688880844,142,UNKNOWN
J,ERROR:#N/A_15,-0.13305713744774633,0.13305713744774633,142,UNKNOWN
J,344X225,0.07365772374858005,0.07365772374858005,142,344
J,344X226,-0.1491794614325388,0.1491794614325388,142,344
J,ERROR:#N/A_16,-0.12801627456260847,0.12801627456260847,142,UNKNOWN
J,344X229,-0.13283457756256825,0.13283457756256825,142,344
J,ERROR:#N/A_17,-0.1786354613634465,0.1786354613634465,142,UNKNOWN
J,ERROR:#N/A_18,0.19282440753172192,0.19282440753172192,142,UNKNOWN
J,344X230,-0.049146707020919486,0.049146707020919486,142,344
J,344X231,-0.19926708093882142,0.19926708093882142,142,344
J,344X232,0.12158106767405404,0.12158106767405404,142,344
J,344X234,-0.23221622044527412,0.23221622044527412,142,344
J,344X235,-0.25175045174798355,0.25175045174798355,142,344
J,344X236,-0.2255073820661571,0.2255073820661571,142,344
J,344X237,-0.24354111185884056,0.24354111185884056,142,344
J,ERROR:#N/A_20,-0.24159245978510274,0.24159245978510274,142,UNKNOWN
J,344X239,-0.2544519135077431,0.2544519135077431,142,344
J,344X241,0.09007390055717339,0.09007390055717339,142,344
J,ERROR:#N/A_21,0.06473181182729247,0.06473181182729247,142,UNKNOWN
J,344X243,0.09406305950933226,0.09406305950933226,142,344
J,344X244,0.06218848445279941,0.06218848445279941,142,344
J,344X245,0.078226546950673,0.078226546950673,142,344
J,344X246,0.06622965560957697,0.06622965560957697,142,344
J,344X250,0.11949625041731239,0.11949625041731239,142,344
J,ERROR:#N/A_23,0.19304074110145214,0.19304074110145214,142,UNKNOWN
J,344X252,0.09134697482275407,0.09134697482275407,142,344
J,344X253,0.15041364093238194,0.15041364093238194,142,344
J,344X254,0.0684569446805657,0.0684569446805657,142,344
J,344X255,0.18982253485485523,0.18982253485485523,142,344
J,ERROR:#N/A_24,0.06302728209936823,0.06302728209936823,142,UNKNOWN
J,344X257,0.10244987966294043,0.10244987966294043,142,344
J,344X259,0.28023948685251315,0.28023948685251315,142,344
J,ERROR:#N/A_25,0.34583612172994355,0.34583612172994355,142,UNKNOWN
J,344X261,0.29654887662734214,0.29654887662734214,142,344
J,344X262,0.34785731359285915,0.34785731359285915,142,344
J,344X263,0.2871988471686293,0.2871988471686293,142,344
J,344X264,0.3446248198018548,0.3446248198018548,142,344
J,360X1,0.010554628978191453,0.010554628978191453,142,360
J,360X3,0.022618787025358716,0.022618787025358716,142,360
J,360X14,-0.16860276545010805,0.16860276545010805,142,360
J,360X23,-0.48648473673954834,0.48648473673954834,142,360
J,360X25,-0.14222561104288292,0.14222561104288292,142,360
J,360X34,-0.0349562547249084,0.0349562547249084,142,360
J,360X45,0.04041222614278812,0.04041222614278812,142,360
J,360X47,-0.10829005523013627,0.10829005523013627,142,360
J,360X58,-0.20596013368189933,0.20596013368189933,142,360
J,360X69,-0.015210165020881291,0.015210165020881291,142,360
J,360X80,-0.014167547086129753,0.014167547086129753,142,360
J,360X100,0.052897548841275156,0.052897548841275156,142,360
J,360X109,0.227967299249023,0.227967299249023,142,360
J,360X111,0.22920154685156427,0.22920154685156427,142,360
J,360X115,0.2993073940845749,0.2993073940845749,142,360
J,360X117,0.20439823589626085,0.20439823589626085,142,360
J,360X125,0.2292342949561541,0.2292342949561541,142,360
J,360X131,-0.1239140032172114,0.1239140032172114,142,360
J,360X133,0.23351436666143952,0.23351436666143952,142,360
J,360X141,0.2731904585717113,0.2731904585717113,142,360
J,360X149,0.2390988630418431,0.2390988630418431,142,360
J,360X155,-0.016980114863955006,0.016980114863955006,142,360
J,360X157,0.20577054835620873,0.20577054835620873,142,360
J,360X165,0.20444691870425763,0.20444691870425763,142,360
J,360X176,0.10578823688289272,0.10578823688289272,142,360
J,360X185,-0.37481948824392397,0.37481948824392397,142,360
J,360X187,0.0005248153481692236,0.0005248153481692236,142,360
J,360X198,-0.040026139538938854,0.040026139538938854,142,360
J,360X211,0.03848814530524468,0.03848814530524468,142,360
J,360X219,-0.034829686276539394,0.034829686276539394,142,360
J,360X228,0.14515457743723967,0.14515457743723967,142,360
J,360X230,0.02689580995579252,0.02689580995579252,142,360
J,360X241,-0.0756436191266178,0.0756436191266178,142,360
J,360X252,-0.13674990290827707,0.13674990290827707,142,360
J,360X261,-0.18412223126099994,0.18412223126099994,142,360
J,360X263,-0.1410185366084411,0.1410185366084411,142,360
J,360X274,-0.11397520675301014,0.11397520675301014,142,360
J,360X285,-0.11392679047585359,0.11392679047585359,142,360
J,360X294,-0.04515011665307759,0.04515011665307759,142,360
J,360X296,-0.15591176911732424,0.15591176911732424,142,360
J,360X307,-0.20049787192833288,0.20049787192833288,142,360
J,360X318,-0.16413130707495932,0.16413130707495932,142,360
J,360X327,0.3442017122388024,0.3442017122388024,142,360
J,360X329,0.13756415306929254,0.13756415306929254,142,360
J,360X335,-0.05030073209783845,0.05030073209783845,142,360
J,360X337,-0.06541285777878944,0.06541285777878944,142,360
J,360X348,-0.021588872539431234,0.021588872539431234,142,360
J,360X359,-0.011351559095850014,0.011351559095850014,142,360
J,360X368,0.2436319182078852,0.2436319182078852,142,360
J,360X370,-0.03414877530416569,0.03414877530416569,142,360
J,360X381,-0.06454988733509251,0.06454988733509251,142,360
J,360X392,-0.08898812064710775,0.08898812064710775,142,360
J,360X401,-0.32419531516618216,0.32419531516618216,142,360
J,360X403,-0.11318419659192648,0.11318419659192648,142,360
J,360X414,-0.057708635765838845,0.057708635765838845,142,360
J,360X425,-0.07546302627501593,0.07546302627501593,142,360
J,360X434,-0.24496735271608897,0.24496735271608897,142,360
J,360X436,-0.037511614969139455,0.037511614969139455,142,360
J,360X447,0.10012138852910227,0.10012138852910227,142,360
J,360X455,-0.004425462714388014,0.004425462714388014,142,360
J,360X466,0.06388280983980209,0.06388280983980209,142,360
J,360X475,0.19981767937666095,0.19981767937666095,142,360
J,360X477,0.04858919189360013,0.04858919189360013,142,360
J,360X488,0.12664116866978625,0.12664116866978625,142,360
J,360X499,0.1897859367398594,0.1897859367398594,142,360
J,360X508,0.1368753427793334,0.1368753427793334,142,360
J,360X510,0.13934996068128352,0.13934996068128352,142,360
J,360X521,0.17982057436545476,0.17982057436545476,142,360
J,360X532,0.20278751235238024,0.20278751235238024,142,360
J,360X541,-0.19689742413384978,0.19689742413384978,142,360
J,360X543,0.25103030736003734,0.25103030736003734,142,360
J,360X554,0.21700678545727464,0.21700678545727464,142,360
J,360X565,0.06594476611759574,0.06594476611759574,142,360
J,360X573,0.16714529010037193,0.16714529010037193,142,360
J,360X582,-0.43380860107092917,0.43380860107092917,142,360
J,360X584,0.2765898584843101,0.2765898584843101,142,360
J,360X595,0.1685971970715972,0.1685971970715972,142,360
J,360X605,0.06577886490741898,0.06577886490741898,142,360
J,360X611,-0.4474162329447968,0.4474162329447968,142,360
J,360X613,-0.0814871160399468,0.0814871160399468,142,360
J,360X621,-0.16572069580270327,0.16572069580270327,142,360
J,360X629,-0.19908323449159804,0.19908323449159804,142,360
J,360X635,-0.4622040267126915,0.4622040267126915,142,360
J,360X637,-0.2514683093669951,0.2514683093669951,142,360
J,360X645,-0.16900024437072642,0.16900024437072642,142,360
J,360X653,-0.18306312900794638,0.18306312900794638,142,360
J,360X659,0.06720272384835399,0.06720272384835399,142,360
J,360X661,0.08798203091198357,0.08798203091198357,142,360
J,360X669,0.0943894903905837,0.0943894903905837,142,360
J,360X677,0.13889997713311025,0.13889997713311025,142,360
J,360X685,0.13716056962246512,0.13716056962246512,142,360
J,360X696,0.08821528363746282,0.08821528363746282,142,360
J,360X702,-0.07587536805788507,0.07587536805788507,142,360
J,360X704,-0.1810720364882956,0.1810720364882956,142,360
J,360X710,0.7597828438309353,0.7597828438309353,142,360
J,360X712,0.061945342726523175,0.061945342726523175,142,360
J,360X741,0.3274223868528102,0.3274223868528102,142,360
J,360X743,0.16181197444285098,0.16181197444285098,142,360
J,360X763,0.09526468303796931,0.09526468303796931,142,360
J,360X765,0.07077114885832028,0.07077114885832028,142,360
J,360X776,0.11879945630580305,0.11879945630580305,142,360
J,360X785,-0.13672890996392303,0.13672890996392303,142,360
J,360X796,-0.2006539948835065,0.2006539948835065,142,360
J,360X829,0.2031269590281094,0.2031269590281094,142,360
J,360X853,0.1601015710907717,0.1601015710907717,142,360
J,360X885,-0.1389615232466462,0.1389615232466462,142,360
J,360X896,-0.18771176002939613,0.18771176002939613,142,360
J,360X971,0.1797205791782129,0.1797205791782129,142,360
J,360X984,0.023499731353515477,0.023499731353515477,142,360
J,360X987,0.11680213359459303,0.11680213359459303,142,360
J,360X995,-0.2863782220211033,0.2863782220211033,142,360
J,360X1006,-0.16920916198477778,0.16920916198477778,142,360
J,360X1017,-0.34215733058666287,0.34215733058666287,142,360
J,360X1028,-0.19115349091171832,0.19115349091171832,142,360
J,360X1039,-0.16814129549632756,0.16814129549632756,142,360
J,360X1050,0.14355525823503923,0.14355525823503923,142,360
J,360X1061,-0.07666331618121319,0.07666331618121319,142,360
J,360X1072,0.10842315207351898,0.10842315207351898,142,360
J,360X1083,-0.008392193693861384,0.008392193693861384,142,360
J,360X1094,0.09709559245113081,0.09709559245113081,142,360
J,360X1105,-0.091533554508811,0.091533554508811,142,360
J,360X1116,-0.10375883313122518,0.10375883313122518,142,360
J,360X1127,0.047703803458849364,0.047703803458849364,142,360
J,360X1138,0.19450083784357983,0.19450083784357983,142,360
J,360X1146,-0.2980806633481842,0.2980806633481842,142,360
J,360X1152,-0.03504780257129044,0.03504780257129044,142,360
J,360X1164,0.021550794614866906,0.021550794614866906,142,360
J,360X1190,0.10594319308192458,0.10594319308192458,142,360
J,360X1201,-0.3106441887052512,0.3106441887052512,142,360
J,360X1212,-0.1137771937194579,0.1137771937194579,142,360
J,360X1245,0.03846551546490922,0.03846551546490922,142,360
J,360X1267,-0.15824462428314864,0.15824462428314864,142,360
J,360X1278,0.11177006732091142,0.11177006732091142,142,360
J,360X1288,0.1800770268231704,0.1800770268231704,142,360
J,360X1297,-0.0006709391372261993,0.0006709391372261993,142,360
J,360X1305,-0.004197579273008741,0.004197579273008741,142,360
J,360X1313,0.19881772605765752,0.19881772605765752,142,360
J,360X1321,-0.15020111299094335,0.15020111299094335,142,360
J,360X1329,0.12734928315143748,0.12734928315143748,142,360
J,360X1337,-0.14753170267558716,0.14753170267558716,142,360
J,360X1356,0.07505664899100686,0.07505664899100686,142,360
J,360X1364,-0.07209922727209712,0.07209922727209712,142,360
J,360X1383,-0.4569816667697537,0.4569816667697537,142,360
J,360X1391,0.030998324118513228,0.030998324118513228,142,360
J,400X4,0.04747415746395983,0.04747415746395983,142,400
J,400X5,0.6806748439523489,0.6806748439523489,142,400
J,400X7,0.7326659881860236,0.7326659881860236,142,400
J,400X9,0.7327078789267468,0.7327078789267468,142,400
J,400X12,0.025679942691637304,0.025679942691637304,142,400
J,400X13,-0.03359282072745718,0.03359282072745718,142,400
J,400X14,-0.06774133053963596,0.06774133053963596,142,400
J,400X15,-0.07401120495502983,0.07401120495502983,142,400
J,400X16,0.0008558498411497168,0.0008558498411497168,142,400
J,400X19,0.059519269384030515,0.059519269384030515,142,400
J,400X20,0.04142329890373689,0.04142329890373689,142,400
J,400X21,-0.09834244805251617,0.09834244805251617,142,400
J,400X22,0.09058775943027403,0.09058775943027403,142,400
J,400X23,0.06898581378249657,0.06898581378249657,142,400
J,400X25,0.7324893897520515,0.7324893897520515,142,400
J,400X27,0.7339425877614028,0.7339425877614028,142,400
J,400X29,0.06131403011205684,0.06131403011205684,142,400
J,400X30,0.2653450395288576,0.2653450395288576,142,400
J,400X31,0.21374637217057724,0.21374637217057724,142,400
J,400X32,0.09313454055557359,0.09313454055557359,142,400
J,400X33,0.03583618412593056,0.03583618412593056,142,400
J,400X34,0.047265539679232964,0.047265539679232964,142,400
J,400X35,-0.16026085418755778,0.16026085418755778,142,400
J,400X36,0.030634055806676684,0.030634055806676684,142,400
J,400X37,0.015351179276245165,0.015351179276245165,142,400
J,400X38,0.009305312591232212,0.009305312591232212,142,400
J,400X56,0.12055106958653129,0.12055106958653129,142,400
J,400X57,-0.05410373644595166,0.05410373644595166,142,400
J,400X58,-0.2142681220685976,0.2142681220685976,142,400
J,400X59,0.6838667092058688,0.6838667092058688,142,400
J,400X60,0.7301977454201534,0.7301977454201534,142,400
J,400X61,0.7339511156129144,0.7339511156129144,142,400
J,400X63,0.6833248616183553,0.6833248616183553,142,400
J,400X64,0.7331056726032049,0.7331056726032049,142,400
J,400X65,0.7327592795047191,0.7327592795047191,142,400
J,400X66,0.02411331051597201,0.02411331051597201,142,400
J,400X67,0.01699600320001145,0.01699600320001145,142,400
J,400X68,0.018928064948761533,0.018928064948761533,142,400
J,400X69,0.011618791574909904,0.011618791574909904,142,400
J,400X70,0.023122080282184834,0.023122080282184834,142,400
J,400X71,0.023509883840886314,0.023509883840886314,142,400
J,400X72,0.015968716388902366,0.015968716388902366,142,400
J,400X73,0.03177485274725196,0.03177485274725196,142,400
J,400X74,0.01940065855476698,0.01940065855476698,142,400
J,400X75,0.022412176254207824,0.022412176254207824,142,400
J,400X76,0.02206400883922727,0.02206400883922727,142,400
J,400X77,0.02016913171299736,0.02016913171299736,142,400
J,400X78,0.038835592073178764,0.038835592073178764,142,400
J,400X79,0.031148596283818632,0.031148596283818632,142,400
J,400X80,0.030713057943150487,0.030713057943150487,142,400
J,400X81,0.023357860190819958,0.023357860190819958,142,400
J,400X82,0.6860932985523099,0.6860932985523099,142,400
J,400X84,0.7314258858442407,0.7314258858442407,142,400
J,400X85,-0.0814791559307298,0.0814791559307298,142,400
J,400X86,-0.08661720317752955,0.08661720317752955,142,400
J,400X87,-0.08388618668287955,0.08388618668287955,142,400
J,400X88,-0.08239169785052791,0.08239169785052791,142,400
J,400X89,-0.0806471215659809,0.0806471215659809,142,400
J,400X90,-0.0747670648512661,0.0747670648512661,142,400
J,400X91,0.00936653832910898,0.00936653832910898,142,400
J,400X92,-0.010554264197240102,0.010554264197240102,142,400
J,400X93,-0.043267101153620986,0.043267101153620986,142,400
J,400X94,0.010721607894492736,0.010721607894492736,142,400
J,400X95,0.010398148547584739,0.010398148547584739,142,400
J,400X96,0.04033663257237527,0.04033663257237527,142,400
J,400X97,-0.0007557460846014098,0.0007557460846014098,142,400
J,400X98,-0.015963367955386446,0.015963367955386446,142,400
J,400X99,0.05351133888402837,0.05351133888402837,142,400
J,400X100,0.02832921513209274,0.02832921513209274,142,400
J,400X108,0.06828205593223466,0.06828205593223466,142,400
J,400X109,0.059033829090656,0.059033829090656,142,400
J,400X110,-0.0037526195949462832,0.0037526195949462832,142,400
J,400X111,-0.005734677393736814,0.005734677393736814,142,400
J,400X112,0.044739425477827444,0.044739425477827444,142,400
J,400X114,-0.025654192978939283,0.025654192978939283,142,400
J,400X115,-0.005704414234164506,0.005704414234164506,142,400
J,400X116,0.015513804566851948,0.015513804566851948,142,400
J,400X117,0.01305563024858441,0.01305563024858441,142,400
J,400X118,0.005334767717798047,0.005334767717798047,142,400
J,400X120,-0.03795658407108331,0.03795658407108331,142,400
J,400X121,0.05086317204030862,0.05086317204030862,142,400
J,400X122,0.05252772191216604,0.05252772191216604,142,400
J,400X123,-0.02309697515391022,0.02309697515391022,142,400
J,400X124,0.1113142163144451,0.1113142163144451,142,400
J,400X132,-0.28477352621729385,0.28477352621729385,142,400
J,400X133,-0.044294257065113196,0.044294257065113196,142,400
J,400X134,-0.11248860283083155,0.11248860283083155,142,400
J,400X135,-0.09389464461573674,0.09389464461573674,142,400
J,400X136,-0.18495197991638254,0.18495197991638254,142,400
J,400X138,0.04689554926500524,0.04689554926500524,142,400
J,400X139,0.04689554926500516,0.04689554926500516,142,400
J,400X140,0.0661888160433679,0.0661888160433679,142,400
J,400X141,0.0843703197724763,0.0843703197724763,142,400
J,400X142,0.05311125970040424,0.05311125970040424,142,400
J,400X144,0.0905293840115609,0.0905293840115609,142,400
J,400X145,0.018141720738176548,0.018141720738176548,142,400
J,400X146,0.05092760149305824,0.05092760149305824,142,400
J,400X147,-0.057138958859393775,0.057138958859393775,142,400
J,400X148,-0.020698898745175612,0.020698898745175612,142,400
J,400X150,-0.06131403011204983,0.06131403011204983,142,400
J,400X151,-0.09665557517596764,0.09665557517596764,142,400
J,400X153,0.005302217258712119,0.005302217258712119,142,400
J,400X154,-0.05003131851230435,0.05003131851230435,142,400
J,400X156,0.019988189252721496,0.019988189252721496,142,400
J,400X157,0.028643937816221016,0.028643937816221016,142,400
J,400X158,0.07925557734872984,0.07925557734872984,142,400
J,400X159,0.057615848428480415,0.057615848428480415,142,400
J,400X160,-0.03674378270819232,0.03674378270819232,142,400
J,400X167,0.6819221590498207,0.6819221590498207,142,400
J,400X168,0.7331613842362632,0.7331613842362632,142,400
J,400X169,0.7302181535953568,0.7302181535953568,142,400
J,400X170,0.6875667871358159,0.6875667871358159,142,400
J,400X187,0.03944736754613373,0.03944736754613373,142,400
J,400X188,0.012499508943667947,0.012499508943667947,142,400
J,400X189,0.012499508943659704,0.012499508943659704,142,400
J,400X192,-0.034337746599388305,0.034337746599388305,142,400
J,400X193,-0.03605599982861786,0.03605599982861786,142,400
J,400X194,-0.08546693407515386,0.08546693407515386,142,400
J,400X195,-0.03458315424312756,0.03458315424312756,142,400
J,400X196,-0.03840378485917672,0.03840378485917672,142,400
J,400X197,0.003238217566582389,0.003238217566582389,142,400
J,400X198,-0.018492183354825525,0.018492183354825525,142,400
J,400X199,0.06462550901171857,0.06462550901171857,142,400
J,400X200,0.06370204501922357,0.06370204501922357,142,400
J,400X201,0.00878654968801194,0.00878654968801194,142,400
J,400X202,-0.042912925624980613,0.042912925624980613,142,400
J,400X204,0.08603543523057934,0.08603543523057934,142,400
J,400X205,-0.1266220754833786,0.1266220754833786,142,400
J,400X208,-0.13799564249522134,0.13799564249522134,142,400
J,400X209,-0.14189160290713976,0.14189160290713976,142,400
J,400X210,-0.14360072066054375,0.14360072066054375,142,400
J,400X211,-0.04763221707246832,0.04763221707246832,142,400
J,400X212,-0.14126623781035383,0.14126623781035383,142,400
J,400X213,-0.05014842473522881,0.05014842473522881,142,400
J,400X214,-0.056953736873984265,0.056953736873984265,142,400
J,400X215,-0.04981673328200468,0.04981673328200468,142,400
J,400X216,0.0925816087509264,0.0925816087509264,142,400
J,400X217,-0.04519009914391613,0.04519009914391613,142,400
J,400X218,0.6897036334354203,0.6897036334354203,142,400
J,400X219,0.7327086543159793,0.7327086543159793,142,400
J,400X227,-0.05003131851230987,0.05003131851230987,142,400
J,400X228,-0.05186165509525656,0.05186165509525656,142,400
J,420X1,-0.05595291615186737,0.05595291615186737,142,420
J,420X4,-0.24092220335985595,0.24092220335985595,142,420
J,420X7,0.7018111439935744,0.7018111439935744,142,420
J,420X8,0.5932331410987167,0.5932331410987167,142,420
J,420X9,0.7017785162429442,0.7017785162429442,142,420
J,420X12,0.06258507149735416,0.06258507149735416,142,420
J,420X13,0.11285849104851489,0.11285849104851489,142,420
J,420X14,0.0944402019327465,0.0944402019327465,142,420
J,420X15,0.06061110587208884,0.06061110587208884,142,420
J,420X16,0.14136204091313714,0.14136204091313714,142,420
J,420X19,0.02140827264717718,0.02140827264717718,142,420
J,420X20,0.019729129410439965,0.019729129410439965,142,420
J,420X21,0.04653562484482504,0.04653562484482504,142,420
J,420X22,-0.015150714000934163,0.015150714000934163,142,420
J,420X23,-0.019829410093262643,0.019829410093262643,142,420
J,420X25,0.7017760767736966,0.7017760767736966,142,420
J,420X27,0.7017778320719668,0.7017778320719668,142,420
J,420X28,0.21765151494924848,0.21765151494924848,142,420
J,420X30,-0.2815090999401624,0.2815090999401624,142,420
J,420X31,-0.3175756833680697,0.3175756833680697,142,420
J,420X32,-0.11117363159006399,0.11117363159006399,142,420
J,420X33,-0.21679374902855342,0.21679374902855342,142,420
J,420X34,-0.21237600986020036,0.21237600986020036,142,420
J,420X35,-0.2097262781082987,0.2097262781082987,142,420
J,420X36,-0.2608435910806818,0.2608435910806818,142,420
J,420X37,-0.18607835844003165,0.18607835844003165,142,420
J,420X38,-0.2150163758758363,0.2150163758758363,142,420
J,420X40,0.035474911933844944,0.035474911933844944,142,420
J,420X48,0.5932386649746441,0.5932386649746441,142,420
J,420X50,0.5932501375920127,0.5932501375920127,142,420
J,420X66,0.049566522860030354,0.049566522860030354,142,420
J,420X67,0.050440082980013366,0.050440082980013366,142,420
J,420X68,0.049527708775701285,0.049527708775701285,142,420
J,420X69,0.0451166282927381,0.0451166282927381,142,420
J,420X70,0.04738271934969666,0.04738271934969666,142,420
J,420X71,0.04721313707189525,0.04721313707189525,142,420
J,420X72,0.09901408109268264,0.09901408109268264,142,420
J,420X73,0.19740412797080897,0.19740412797080897,142,420
J,420X74,0.27561528086557896,0.27561528086557896,142,420
J,420X75,0.10337188221891004,0.10337188221891004,142,420
J,420X76,0.11156354966943352,0.11156354966943352,142,420
J,420X77,-0.07973131986100629,0.07973131986100629,142,420
J,420X78,-0.07416340693076869,0.07416340693076869,142,420
J,420X79,0.09195408618013964,0.09195408618013964,142,420
J,420X80,-0.09840356182281546,0.09840356182281546,142,420
J,420X81,-0.0744117809444028,0.0744117809444028,142,420
J,420X85,-0.3603997237923563,0.3603997237923563,142,420
J,420X86,-0.3588070040119282,0.3588070040119282,142,420
J,420X87,-0.3612454578835089,0.3612454578835089,142,420
J,420X88,-0.35389095171636753,0.35389095171636753,142,420
J,420X89,-0.3628329159489709,0.3628329159489709,142,420
J,420X90,-0.35848270956857337,0.35848270956857337,142,420
J,420X91,-0.24004128870455166,0.24004128870455166,142,420
J,420X92,-0.33964339622000045,0.33964339622000045,142,420
J,420X93,-0.3515150557871337,0.3515150557871337,142,420
J,420X94,-0.22646774452011062,0.22646774452011062,142,420
J,420X95,-0.15362618513695395,0.15362618513695395,142,420
J,420X96,-0.16535964530386665,0.16535964530386665,142,420
J,420X97,-0.34106836495719023,0.34106836495719023,142,420
J,420X98,-0.3599034214253997,0.3599034214253997,142,420
J,420X99,-0.1369820944116739,0.1369820944116739,142,420
J,420X100,-0.11534181777626457,0.11534181777626457,142,420
J,420X103,0.0868747904696384,0.0868747904696384,142,420
J,420X108,-0.06121472826764333,0.06121472826764333,142,420
J,420X110,-0.14785723804747566,0.14785723804747566,142,420
J,420X112,-0.09925540828910198,0.09925540828910198,142,420
J,420X114,0.2555464175882428,0.2555464175882428,142,420
J,420X115,0.30763969016844367,0.30763969016844367,142,420
J,420X116,0.24429091039553674,0.24429091039553674,142,420
J,420X117,0.2014247791721449,0.2014247791721449,142,420
J,420X118,0.3376697053313889,0.3376697053313889,142,420
J,420X120,0.03951588305736556,0.03951588305736556,142,420
J,420X121,0.21837782579865808,0.21837782579865808,142,420
J,420X122,-0.1805152330511231,0.1805152330511231,142,420
J,420X123,0.04225541379953785,0.04225541379953785,142,420
J,420X124,0.0042101086810774095,0.0042101086810774095,142,420
J,420X132,-0.016347714172477948,0.016347714172477948,142,420
J,420X133,-0.08835690091792403,0.08835690091792403,142,420
J,420X134,0.012869405274676253,0.012869405274676253,142,420
J,420X135,0.22291341617715538,0.22291341617715538,142,420
J,420X136,0.0869295810095205,0.0869295810095205,142,420
J,420X138,-0.08257859758473242,0.08257859758473242,142,420
J,420X139,0.01669716301854056,0.01669716301854056,142,420
J,420X140,-0.1085695197190252,0.1085695197190252,142,420
J,420X141,0.12051866111591548,0.12051866111591548,142,420
J,420X142,-0.09780977882950304,0.09780977882950304,142,420
J,420X144,-0.06758469007626225,0.06758469007626225,142,420
J,420X145,0.005724499769378996,0.005724499769378996,142,420
J,420X146,-0.08835690091802959,0.08835690091802959,142,420
J,420X147,-0.32141009222415234,0.32141009222415234,142,420
J,420X148,-0.07542188893662109,0.07542188893662109,142,420
J,420X150,0.20649969329338544,0.20649969329338544,142,420
J,420X151,0.11534310784351977,0.11534310784351977,142,420
J,420X152,0.2026504039297794,0.2026504039297794,142,420
J,420X153,0.2569367485335646,0.2569367485335646,142,420
J,420X154,0.2062794517187121,0.2062794517187121,142,420
J,420X156,-0.00499718871302549,0.00499718871302549,142,420
J,420X157,-0.035318065509972636,0.035318065509972636,142,420
J,420X158,0.0501570259371894,0.0501570259371894,142,420
J,420X159,-0.29795494624123475,0.29795494624123475,142,420
J,420X160,-0.0667477234471824,0.0667477234471824,142,420
J,420X164,0.5932386649746434,0.5932386649746434,142,420
J,420X187,0.02482423746825343,0.02482423746825343,142,420
J,420X188,0.2411186046657179,0.2411186046657179,142,420
J,420X189,0.24111860466571264,0.24111860466571264,142,420
J,420X192,0.1262235351475723,0.1262235351475723,142,420
J,420X193,0.12064653649253376,0.12064653649253376,142,420
J,420X194,0.030744536724195717,0.030744536724195717,142,420
J,420X195,0.12560913711027255,0.12560913711027255,142,420
J,420X196,0.12519130374445764,0.12519130374445764,142,420
J,420X197,0.32091561955187464,0.32091561955187464,142,420
J,420X198,0.3393298453718526,0.3393298453718526,142,420
J,420X199,0.32075800713226454,0.32075800713226454,142,420
J,420X200,-0.15609232726705125,0.15609232726705125,142,420
J,420X201,0.32394928483195234,0.32394928483195234,142,420
J,420X202,0.30452008103672745,0.30452008103672745,142,420
J,420X205,-0.07645452876968628,0.07645452876968628,142,420
J,420X208,-0.10133865132553972,0.10133865132553972,142,420
J,420X209,-0.11402719804252669,0.11402719804252669,142,420
J,420X210,-0.11246352725234986,0.11246352725234986,142,420
J,420X211,-0.04235610527362303,0.04235610527362303,142,420
J,420X212,-0.1083230924915918,0.1083230924915918,142,420
J,420X213,-0.21334351214050398,0.21334351214050398,142,420
J,420X214,-0.2231323379567088,0.2231323379567088,142,420
J,420X215,-0.2482885315784746,0.2482885315784746,142,420
J,420X216,-0.1463800573419701,0.1463800573419701,142,420
J,420X217,-0.21346533792876257,0.21346533792876257,142,420
J,420X228,-0.10871157553156088,0.10871157553156088,142,420
J,440AX2,-0.08336409442088263,0.08336409442088263,142,UNKNOWN
J,440AX4,0.25713492460476134,0.25713492460476134,142,UNKNOWN
J,440AX5,0.2550028279234514,0.2550028279234514,142,UNKNOWN
J,440AX6,0.25977035712798097,0.25977035712798097,142,UNKNOWN
J,440AX7,0.24564306087762247,0.24564306087762247,142,UNKNOWN
J,440AX8,0.24293026308799362,0.24293026308799362,142,UNKNOWN
J,440AX9,0.24741312828772793,0.24741312828772793,142,UNKNOWN
J,440AX10,0.24237471832427604,0.24237471832427604,142,UNKNOWN
J,440AX11,0.238208050482196,0.238208050482196,142,UNKNOWN
J,440AX12,0.24775975948514312,0.24775975948514312,142,UNKNOWN
J,440AX13,0.2505459955460343,0.2505459955460343,142,UNKNOWN
J,440AX14,0.25034991668711104,0.25034991668711104,142,UNKNOWN
J,440AX15,0.2512129302114457,0.2512129302114457,142,UNKNOWN
J,440AX16,0.23383061052965237,0.23383061052965237,142,UNKNOWN
J,440AX17,0.2347350263975526,0.2347350263975526,142,UNKNOWN
J,440AX18,0.23579541395410758,0.23579541395410758,142,UNKNOWN
J,440AX19,0.26146567792781716,0.26146567792781716,142,UNKNOWN
J,440AX20,0.26102059857403276,0.26102059857403276,142,UNKNOWN
J,440AX21,0.2628967982332112,0.2628967982332112,142,UNKNOWN
J,440AX22,0.25331021028701095,0.25331021028701095,142,UNKNOWN
J,440AX23,0.2498835451660881,0.2498835451660881,142,UNKNOWN
J,440AX24,0.2592499242107719,0.2592499242107719,142,UNKNOWN
J,440AX25,0.2553703435982772,0.2553703435982772,142,UNKNOWN
J,440AX26,0.25478674719817745,0.25478674719817745,142,UNKNOWN
J,440AX27,0.25623433760075975,0.25623433760075975,142,UNKNOWN
J,440AX28,0.24991249505836183,0.24991249505836183,142,UNKNOWN
J,440AX29,0.2466885819377062,0.2466885819377062,142,UNKNOWN
J,440AX30,0.2514540305354341,0.2514540305354341,142,UNKNOWN
J,440AX31,0.2550783604076434,0.2550783604076434,142,UNKNOWN
J,440AX32,0.25137608535815764,0.25137608535815764,142,UNKNOWN
J,440AX33,0.2565322392994031,0.2565322392994031,142,UNKNOWN
J,440AX34,0.259640338917565,0.259640338917565,142,UNKNOWN
J,440AX35,0.25843921971072187,0.25843921971072187,142,UNKNOWN
J,440AX36,0.2602768491744543,0.2602768491744543,142,UNKNOWN
J,440AX37,0.25471280382070827,0.25471280382070827,142,UNKNOWN
J,440AX38,0.25340426257109494,0.25340426257109494,142,UNKNOWN
J,440AX39,0.25660684654599125,0.25660684654599125,142,UNKNOWN
J,440AX40,0.23302787305997413,0.23302787305997413,142,UNKNOWN
J,440AX41,0.22986507555030145,0.22986507555030145,142,UNKNOWN
J,440AX42,0.23532670991564963,0.23532670991564963,142,UNKNOWN
J,440AX43,0.24473298061667204,0.24473298061667204,142,UNKNOWN
J,440AX44,0.24177461917429208,0.24177461917429208,142,UNKNOWN
J,440AX45,0.24710171713917128,0.24710171713917128,142,UNKNOWN
J,440AX46,0.25082742268567265,0.25082742268567265,142,UNKNOWN
J,440AX47,0.2496378403511994,0.2496378403511994,142,UNKNOWN
J,440AX48,0.2523139152761792,0.2523139152761792,142,UNKNOWN
J,440AX49,0.2526070315222569,0.2526070315222569,142,UNKNOWN
J,440AX50,0.25092188885738875,0.25092188885738875,142,UNKNOWN
J,440AX51,0.2541991845559341,0.2541991845559341,142,UNKNOWN
J,440AX55,0.26410837645521623,0.26410837645521623,142,UNKNOWN
J,440AX56,0.2628538093561433,0.2628538093561433,142,UNKNOWN
J,440AX57,0.26678260306566165,0.26678260306566165,142,UNKNOWN
J,440AX58,0.25019119054012406,0.25019119054012406,142,UNKNOWN
J,440AX59,0.24307202728787308,0.24307202728787308,142,UNKNOWN
J,440AX60,0.2548506232454759,0.2548506232454759,142,UNKNOWN
J,440AX61,0.24586219207232696,0.24586219207232696,142,UNKNOWN
J,440AX62,0.2376381133297302,0.2376381133297302,142,UNKNOWN
J,440AX63,0.251946010346727,0.251946010346727,142,UNKNOWN
J,440AX64,0.2444147820765424,0.2444147820765424,142,UNKNOWN
J,440AX65,0.2419738781676746,0.2419738781676746,142,UNKNOWN
J,440AX66,0.24674043762571052,0.24674043762571052,142,UNKNOWN
J,440AX67,0.25289550362547847,0.25289550362547847,142,UNKNOWN
J,440AX68,0.2506922047151352,0.2506922047151352,142,UNKNOWN
J,440AX69,0.2558496950578353,0.2558496950578353,142,UNKNOWN
J,440AX70,0.25485991198610447,0.25485991198610447,142,UNKNOWN
J,440AX71,0.2502633862663227,0.2502633862663227,142,UNKNOWN
J,440AX72,0.2607078995848885,0.2607078995848885,142,UNKNOWN
J,440AX73,0.2540530447195369,0.2540530447195369,142,UNKNOWN
J,440AX74,0.2496879308050791,0.2496879308050791,142,UNKNOWN
J,440AX75,0.25897580711613044,0.25897580711613044,142,UNKNOWN
J,440AX76,0.24030584731591306,0.24030584731591306,142,UNKNOWN
J,440AX77,0.23733909971172928,0.23733909971172928,142,UNKNOWN
J,440AX78,0.24365608627001054,0.24365608627001054,142,UNKNOWN
J,440AX79,0.2554540595373503,0.2554540595373503,142,UNKNOWN
J,440AX80,0.2498443156150115,0.2498443156150115,142,UNKNOWN
J,440AX81,0.2585093227632005,0.2585093227632005,142,UNKNOWN
J,440AX82,0.2569944969388604,0.2569944969388604,142,UNKNOWN
J,440AX83,0.2514468278615347,0.2514468278615347,142,UNKNOWN
J,440AX84,0.26017917996383005,0.26017917996383005,142,UNKNOWN
J,440AX85,0.2542498788500315,0.2542498788500315,142,UNKNOWN
J,440AX86,0.2519490686932109,0.2519490686932109,142,UNKNOWN
J,440AX87,0.25631700397029933,0.25631700397029933,142,UNKNOWN
J,440AX88,0.2531946807039919,0.2531946807039919,142,UNKNOWN
J,440AX89,0.2511215520950603,0.2511215520950603,142,UNKNOWN
J,440AX90,0.2552336632078755,0.2552336632078755,142,UNKNOWN
J,440AX91,0.24799768442711848,0.24799768442711848,142,UNKNOWN
J,440AX92,0.23928418468447307,0.23928418468447307,142,UNKNOWN
J,440AX93,0.2530547014564934,0.2530547014564934,142,UNKNOWN
J,440AX94,0.2411195957532319,0.2411195957532319,142,UNKNOWN
J,440AX95,0.23008422588652808,0.23008422588652808,142,UNKNOWN
J,440AX96,0.25087174900107106,0.25087174900107106,142,UNKNOWN
J,440AX97,0.24608254277720193,0.24608254277720193,142,UNKNOWN
J,440AX98,0.24411286455120954,0.24411286455120954,142,UNKNOWN
J,440AX99,0.2478345550351551,0.2478345550351551,142,UNKNOWN
J,440AX100,0.2525414644193184,0.2525414644193184,142,UNKNOWN
J,440AX101,0.2507855338863799,0.2507855338863799,142,UNKNOWN
J,440AX102,0.25395140857285836,0.25395140857285836,142,UNKNOWN
J,440AX106,0.05003131851226437,0.05003131851226437,142,UNKNOWN
J,440AX107,-0.31967050136387337,0.31967050136387337,142,UNKNOWN
J,440AX108,-0.3106306844525591,0.3106306844525591,142,UNKNOWN
J,440AX109,-0.27299123336146175,0.27299123336146175,142,UNKNOWN
J,440AX110,-0.18751730955858306,0.18751730955858306,142,UNKNOWN
J,440AX111,-0.26880489417977915,0.26880489417977915,142,UNKNOWN
J,440AX112,0.009750648416278117,0.009750648416278117,142,UNKNOWN
J,440AX113,-0.28064678500719925,0.28064678500719925,142,UNKNOWN
J,440AX114,-0.29878815823575033,0.29878815823575033,142,UNKNOWN
J,440AX115,-0.13136286172638245,0.13136286172638245,142,UNKNOWN
J,440AX116,-0.32279397934421766,0.32279397934421766,142,UNKNOWN
J,440AX117,-0.31251597096264533,0.31251597096264533,142,UNKNOWN
J,440AX118,-0.3322679024535592,0.3322679024535592,142,UNKNOWN
J,440AX119,-0.3382339958104336,0.3382339958104336,142,UNKNOWN
J,440AX120,-0.3259476056647013,0.3259476056647013,142,UNKNOWN
J,440AX121,-0.3616635462463108,0.3616635462463108,142,UNKNOWN
J,440AX122,-0.3229491304936845,0.3229491304936845,142,UNKNOWN
J,440AX123,-0.32268451134685705,0.32268451134685705,142,UNKNOWN
J,440AX124,-0.21031428293629398,0.21031428293629398,142,UNKNOWN
J,440AX125,-0.3435264329354732,0.3435264329354732,142,UNKNOWN
J,440AX126,-0.32535425133348705,0.32535425133348705,142,UNKNOWN
J,440AX127,-0.28099611425869225,0.28099611425869225,142,UNKNOWN
J,440AX128,-0.3642117651382096,0.3642117651382096,142,UNKNOWN
J,440AX129,-0.3484194755837071,0.3484194755837071,142,UNKNOWN
J,440AX130,-0.39849048796097514,0.39849048796097514,142,UNKNOWN
J,440AX131,-0.08426926902878101,0.08426926902878101,142,UNKNOWN
J,440AX132,-0.3126098611464448,0.3126098611464448,142,UNKNOWN
J,440AX133,0.07857887347872942,0.07857887347872942,142,UNKNOWN
J,440AX134,-0.027535269333831217,0.027535269333831217,142,UNKNOWN
J,440AX135,-0.27930455721170055,0.27930455721170055,142,UNKNOWN
J,440AX136,0.05826056818127135,0.05826056818127135,142,UNKNOWN
J,440AX137,-0.39530384798308893,0.39530384798308893,142,UNKNOWN
J,440AX138,-0.36043638789536375,0.36043638789536375,142,UNKNOWN
J,440AX139,-0.4401853801330881,0.4401853801330881,142,UNKNOWN
J,440AX140,-0.31777258642221134,0.31777258642221134,142,UNKNOWN
J,440AX141,-0.3055935340322192,0.3055935340322192,142,UNKNOWN
J,440AX142,-0.32774967081582723,0.32774967081582723,142,UNKNOWN
J,440AX143,-0.26318148191433516,0.26318148191433516,142,UNKNOWN
J,440AX144,-0.27908728754737727,0.27908728754737727,142,UNKNOWN
J,440AX145,-0.20429336509590568,0.20429336509590568,142,UNKNOWN
J,440AX146,-0.29808588069796743,0.29808588069796743,142,UNKNOWN
J,440AX147,-0.3044521760515685,0.3044521760515685,142,UNKNOWN
J,440AX148,-0.08850732037353802,0.08850732037353802,142,UNKNOWN
J,440AX149,-0.3405450364854271,0.3405450364854271,142,UNKNOWN
J,440AX150,-0.3191089413702993,0.3191089413702993,142,UNKNOWN
J,440AX151,-0.357077211395761,0.357077211395761,142,UNKNOWN
J,440AX152,-0.311787096030743,0.311787096030743,142,UNKNOWN
J,440AX153,-0.30286398853240315,0.30286398853240315,142,UNKNOWN
J,440AX154,-0.3206964986960349,0.3206964986960349,142,UNKNOWN
J,440AX158,0.035355339059295214,0.035355339059295214,142,UNKNOWN
J,440AX159,-0.2949206245503852,0.2949206245503852,142,UNKNOWN
J,440AX160,-0.29458817864631104,0.29458817864631104,142,UNKNOWN
J,440AX161,-0.2953055138783998,0.2953055138783998,142,UNKNOWN
J,440AX162,-0.2924164093709873,0.2924164093709873,142,UNKNOWN
J,440AX163,-0.29929588853267264,0.29929588853267264,142,UNKNOWN
J,440AX164,-0.28818587662033207,0.28818587662033207,142,UNKNOWN
J,440AX165,-0.3136758642841908,0.3136758642841908,142,UNKNOWN
J,440AX166,-0.3093692951648945,0.3093692951648945,142,UNKNOWN
J,440AX167,-0.3156946857536237,0.3156946857536237,142,UNKNOWN
J,440AX168,-0.2879787341310847,0.2879787341310847,142,UNKNOWN
J,440AX169,-0.28773434207996884,0.28773434207996884,142,UNKNOWN
J,440AX170,-0.28790975437406824,0.28790975437406824,142,UNKNOWN
J,440AX171,-0.29049290636369635,0.29049290636369635,142,UNKNOWN
J,440AX172,-0.29025677066377625,0.29025677066377625,142,UNKNOWN
J,440AX173,-0.29130147296538655,0.29130147296538655,142,UNKNOWN
J,440AX174,-0.29281628970310775,0.29281628970310775,142,UNKNOWN
J,440AX175,-0.2947062565185469,0.2947062565185469,142,UNKNOWN
J,440AX176,-0.2917387148273965,0.2917387148273965,142,UNKNOWN
J,440AX177,-0.29240019769553355,0.29240019769553355,142,UNKNOWN
J,440AX178,-0.292448481871661,0.292448481871661,142,UNKNOWN
J,440AX179,-0.29208441145407743,0.29208441145407743,142,UNKNOWN
J,440AX180,-0.2905088131027514,0.2905088131027514,142,UNKNOWN
J,440AX181,-0.2901309867284243,0.2901309867284243,142,UNKNOWN
J,440AX182,-0.29156237799125634,0.29156237799125634,142,UNKNOWN
J,440AX183,-0.30207512531587055,0.30207512531587055,142,UNKNOWN
J,440AX184,-0.3002003773283748,0.3002003773283748,142,UNKNOWN
J,440AX185,-0.3027740967219355,0.3027740967219355,142,UNKNOWN
J,440AX186,-0.3096404389816665,0.3096404389816665,142,UNKNOWN
J,440AX187,-0.3031158618153942,0.3031158618153942,142,UNKNOWN
J,440AX188,-0.30925766759326234,0.30925766759326234,142,UNKNOWN
J,440AX189,-0.30118298362004026,0.30118298362004026,142,UNKNOWN
J,440AX190,-0.29971098748267966,0.29971098748267966,142,UNKNOWN
J,440AX191,-0.30196352428166373,0.30196352428166373,142,UNKNOWN
J,440AX192,-0.30463579833177873,0.30463579833177873,142,UNKNOWN
J,440AX193,-0.30548191097569644,0.30548191097569644,142,UNKNOWN
J,440AX194,-0.3046277076969917,0.3046277076969917,142,UNKNOWN
J,440AX195,-0.3137470770064877,0.3137470770064877,142,UNKNOWN
J,440AX196,-0.3105938010798508,0.3105938010798508,142,UNKNOWN
J,440AX197,-0.3147384968295171,0.3147384968295171,142,UNKNOWN
J,440AX198,-0.33348426087248306,0.33348426087248306,142,UNKNOWN
J,440AX199,-0.3198165313927141,0.3198165313927141,142,UNKNOWN
J,440AX200,-0.3389687546933411,0.3389687546933411,142,UNKNOWN
J,440AX201,-0.2934194043357512,0.2934194043357512,142,UNKNOWN
J,440AX202,-0.29255160756692633,0.29255160756692633,142,UNKNOWN
J,440AX203,-0.29365570448248945,0.29365570448248945,142,UNKNOWN
J,440AX204,-0.29959243053773543,0.29959243053773543,142,UNKNOWN
J,440AX205,-0.3003900905867812,0.3003900905867812,142,UNKNOWN
J,440AX206,-0.29883787964351416,0.29883787964351416,142,UNKNOWN
J,440AX207,0.2672371205741029,0.2672371205741029,142,UNKNOWN
J,440AX210,0.22224504924820862,0.22224504924820862,142,UNKNOWN
J,440AX211,0.09654929498957382,0.09654929498957382,142,UNKNOWN
J,440AX212,-0.26403902540426794,0.26403902540426794,142,UNKNOWN
J,Tool (#5),0.49318375712480306,0.49318375712480306,142,UNKNOWN
J,520X1,-0.003595196535501346,0.003595196535501346,142,520
J,520X3,0.01920113365809365,0.01920113365809365,142,520
J,520X6,-0.165031439790974,0.165031439790974,142,520
J,520X7,-0.03433076162566977,0.03433076162566977,142,520
J,520X8,-0.04922517604677617,0.04922517604677617,142,520
J,520X11,0.06527770781838584,0.06527770781838584,142,520
J,520X12,0.06861945785290784,0.06861945785290784,142,520
J,520X13,0.06132481888222637,0.06132481888222637,142,520
J,520X16,0.22323643602379656,0.22323643602379656,142,520
J,520X17,0.2620550766170445,0.2620550766170445,142,520
J,520X18,0.197316368992646,0.197316368992646,142,520
J,520X19,0.06527770781838996,0.06527770781838996,142,520
J,520X21,0.06707243058260894,0.06707243058260894,142,520
J,520X22,0.0580129275819197,0.0580129275819197,142,520
J,520X23,0.07926288223547573,0.07926288223547573,142,520
J,520X24,0.06527770781839545,0.06527770781839545,142,520
J,520X26,0.06527770781839545,0.06527770781839545,142,520
J,520X27,0.040181133887596455,0.040181133887596455,142,520
J,520X28,0.05211360524658473,0.05211360524658473,142,520
J,520X31,0.14927175397679804,0.14927175397679804,142,520
J,520X32,0.13536016211658378,0.13536016211658378,142,520
J,520X33,0.12941402612390265,0.12941402612390265,142,520
J,520X34,0.06527770781838584,0.06527770781838584,142,520
J,520X36,0.06517445791845267,0.06517445791845267,142,520
J,520X37,0.05330957008802506,0.05330957008802506,142,520
J,520X38,0.09960187804838072,0.09960187804838072,142,520
J,520X39,0.06527770781838584,0.06527770781838584,142,520
J,520X41,0.07818365277832602,0.07818365277832602,142,520
J,520X42,0.07200549275558558,0.07200549275558558,142,520
J,520X43,0.010171527987567196,0.010171527987567196,142,520
J,520X44,0.065277707818357,0.065277707818357,142,520
J,520X46,0.02655590645820734,0.02655590645820734,142,520
J,520X47,0.029906011935573722,0.029906011935573722,142,520
J,520X48,0.012210770872786793,0.012210770872786793,142,520
J,520X49,-0.06527770781838584,0.06527770781838584,142,520
J,520X51,0.014677336880792313,0.014677336880792313,142,520
J,520X52,-0.09282885873159105,0.09282885873159105,142,520
J,520X53,0.021027393151367025,0.021027393151367025,142,520
J,520X56,0.06281277741284196,0.06281277741284196,142,520
J,520X57,0.060037416015161466,0.060037416015161466,142,520
J,520X58,0.09722186760441076,0.09722186760441076,142,520
J,520X59,0.06527770781841469,0.06527770781841469,142,520
J,520X61,0.016743631552078458,0.016743631552078458,142,520
J,520X62,0.05558290267160519,0.05558290267160519,142,520
J,520X63,-0.0683444004754999,0.0683444004754999,142,520
J,520X64,-0.065277707818357,0.065277707818357,142,520
J,520X66,0.07380024890973766,0.07380024890973766,142,520
J,520X67,0.09775976807227608,0.09775976807227608,142,520
J,520X68,0.03566290367263513,0.03566290367263513,142,520
J,520X69,0.06527770781841469,0.06527770781841469,142,520
J,520X71,0.0741788899538431,0.0741788899538431,142,520
J,520X72,0.10041657794513782,0.10041657794513782,142,520
J,520X73,0.05114190050489961,0.05114190050489961,142,520
J,520X74,0.06527770781841469,0.06527770781841469,142,520
J,520X76,0.007802819282677897,0.007802819282677897,142,520
J,520X77,0.017004193539833908,0.017004193539833908,142,520
J,520X78,-0.04132344682045423,0.04132344682045423,142,520
J,520X79,-0.06527770781841469,0.06527770781841469,142,520
J,520X81,0.06884945449064862,0.06884945449064862,142,520
J,520X82,0.08285671586737983,0.08285671586737983,142,520
J,520X83,-0.02381705171146873,0.02381705171146873,142,520
J,520X84,0.065277707818357,0.065277707818357,142,520
J,520X86,0.07533937447150697,0.07533937447150697,142,520
J,520X87,0.10979107193756989,0.10979107193756989,142,520
J,520X88,0.07899068814869382,0.07899068814869382,142,520
J,520X89,0.06527770781841469,0.06527770781841469,142,520
J,520X91,0.16420521669644889,0.16420521669644889,142,520
J,520X92,0.11708982615636931,0.11708982615636931,142,520
J,520X93,0.14477657238714156,0.14477657238714156,142,520
J,520X94,0.065277707818357,0.065277707818357,142,520
J,520X96,0.04244286423357633,0.04244286423357633,142,520
J,520X97,0.017300704490750794,0.017300704490750794,142,520
J,520X98,0.06844037868774168,0.06844037868774168,142,520
J,520X99,0.06527770781839545,0.06527770781839545,142,520
J,520X101,0.06224645221877852,0.06224645221877852,142,520
J,520X102,0.08296867649846254,0.08296867649846254,142,520
J,520X103,0.06325224054655725,0.06325224054655725,142,520
J,520X104,0.06527770781838584,0.06527770781838584,142,520
J,520X106,0.025325335286399117,0.025325335286399117,142,520
J,520X107,-0.061592527710152806,0.061592527710152806,142,520
J,520X108,0.0422365748617589,0.0422365748617589,142,520
J,520X109,0.06527770781839545,0.06527770781839545,142,520
J,520X111,0.0643539526686069,0.0643539526686069,142,520
J,520X112,0.06229718999974351,0.06229718999974351,142,520
J,520X113,0.03094776202924055,0.03094776202924055,142,520
J,520X114,0.06527770781839545,0.06527770781839545,142,520
J,520X117,-0.065277707818357,0.065277707818357,142,520
J,520X118,0.005702494034898114,0.005702494034898114,142,520
J,520X119,-0.04489866703106561,0.04489866703106561,142,520
J,520X123,-0.040902434697635826,0.040902434697635826,142,520
J,520X124,-0.025860227617582107,0.025860227617582107,142,520
J,520X128,0.06527770781839545,0.06527770781839545,142,520
J,520X129,0.11884003322507114,0.11884003322507114,142,520
J,520X130,0.02841090883290907,0.02841090883290907,142,520
J,520X134,0.0992707772018812,0.0992707772018812,142,520
J,520X135,0.041241131641953054,0.041241131641953054,142,520
J,520X137,0.005695420841321734,0.005695420841321734,142,520
J,520X140,0.008191277817311349,0.008191277817311349,142,520
J,520X143,0.0697201324865174,0.0697201324865174,142,520
J,520X144,0.0005099067785912561,0.0005099067785912561,142,520
J,520X148,0.47162295604578475,0.47162295604578475,142,520
J,520X152,0.4705598016831541,0.4705598016831541,142,520
J,520X158,-0.09694802980940073,0.09694802980940073,142,520
J,520X159,-0.09177538564492548,0.09177538564492548,142,520
J,520X160,-0.11635901422858091,0.11635901422858091,142,520
J,520X161,-0.09731832207057761,0.09731832207057761,142,520
J,520X162,-0.1012172834045406,0.1012172834045406,142,520
J,520X165,0.056651789677355395,0.056651789677355395,142,520
J,520X166,-0.04017511679016312,0.04017511679016312,142,520
J,520X167,-0.0951937818806365,0.0951937818806365,142,520
J,520X168,0.02502540628500624,0.02502540628500624,142,520
J,520X169,0.04899191799760217,0.04899191799760217,142,520
J,520X171,0.47046257379285106,0.47046257379285106,142,520
J,520X173,0.4716104898756233,0.4716104898756233,142,520
J,520X174,-0.03519392790500024,0.03519392790500024,142,520
J,520X176,0.03368724103103275,0.03368724103103275,142,520
J,520X177,0.15330267457827051,0.15330267457827051,142,520
J,520X178,0.0843849946659824,0.0843849946659824,142,520
J,520X179,0.1565393331996067,0.1565393331996067,142,520
J,520X180,-0.01484522104400264,0.01484522104400264,142,520
J,520X181,0.028146333766553795,0.028146333766553795,142,520
J,520X182,-0.06313491398608036,0.06313491398608036,142,520
J,520X183,-0.06022187677224979,0.06022187677224979,142,520
J,520X184,-0.011468959568527688,0.011468959568527688,142,520
J,520X186,0.36423371396835247,0.36423371396835247,142,520
J,520X230,0.02952762436513803,0.02952762436513803,142,520
J,520X231,0.030260251667072188,0.030260251667072188,142,520
J,520X232,0.03116466418873927,0.03116466418873927,142,520
J,520X233,0.02953827556914842,0.02953827556914842,142,520
J,520X234,0.030330316524944896,0.030330316524944896,142,520
J,520X235,0.029454747155477818,0.029454747155477818,142,520
J,520X236,-0.10402274819270993,0.10402274819270993,142,520
J,520X237,-0.08602747207394992,0.08602747207394992,142,520
J,520X238,-0.07105462931943639,0.07105462931943639,142,520
J,520X239,-0.05451369580619661,0.05451369580619661,142,520
J,520X240,-0.10000216648083551,0.10000216648083551,142,520
J,520X241,-0.15860236015878434,0.15860236015878434,142,520
J,520X242,-0.10809986160620766,0.10809986160620766,142,520
J,520X243,-0.10869755972127121,0.10869755972127121,142,520
J,520X244,-0.15228862812276986,0.15228862812276986,142,520
J,520X245,-0.15289999773271712,0.15289999773271712,142,520
J,520X246,0.0005116713043179876,0.0005116713043179876,142,520
J,520X248,0.47162210031868385,0.47162210031868385,142,520
J,520X250,0.4716401578621694,0.4716401578621694,142,520
J,520X252,0.04275732363184091,0.04275732363184091,142,520
J,520X253,0.03849592614153535,0.03849592614153535,142,520
J,520X254,0.04121634507955543,0.04121634507955543,142,520
J,520X255,0.038860975809493194,0.038860975809493194,142,520
J,520X256,0.04266175315694247,0.04266175315694247,142,520
J,520X257,0.04233294397056651,0.04233294397056651,142,520
J,520X258,0.07903299463727324,0.07903299463727324,142,520
J,520X259,0.026887368988852047,0.026887368988852047,142,520
J,520X260,0.0045212294088001126,0.0045212294088001126,142,520
J,520X261,-0.010438709302768061,0.010438709302768061,142,520
J,520X262,0.002732287170136411,0.002732287170136411,142,520
J,520X263,0.008685152948230457,0.008685152948230457,142,520
J,520X264,0.006008945507534704,0.006008945507534704,142,520
J,520X265,-0.0022670971167146783,0.0022670971167146783,142,520
J,520X266,0.04083125975969645,0.04083125975969645,142,520
J,520X267,0.02472886895140188,0.02472886895140188,142,520
J,520X281,0.0861032739865154,0.0861032739865154,142,520
J,520X282,0.0019949593760100926,0.0019949593760100926,142,520
J,520X283,0.08064469169249329,0.08064469169249329,142,520
J,520X284,0.08982617715014055,0.08982617715014055,142,520
J,520X285,0.07202270964429221,0.07202270964429221,142,520
J,520X287,-0.14786947089270275,0.14786947089270275,142,520
J,520X288,-0.09437596380962304,0.09437596380962304,142,520
J,520X289,-0.17513654698104636,0.17513654698104636,142,520
J,520X290,-0.1888396496493822,0.1888396496493822,142,520
J,520X291,-0.16320167863584809,0.16320167863584809,142,520
J,520X293,-0.16420194554049328,0.16420194554049328,142,520
J,520X294,-0.19044601766825486,0.19044601766825486,142,520
J,520X295,-0.18230956319496736,0.18230956319496736,142,520
J,520X296,-0.20856647602278638,0.20856647602278638,142,520
J,520X297,-0.10616619029021113,0.10616619029021113,142,520
J,520X305,0.08592598487222217,0.08592598487222217,142,520
J,520X306,0.025430535970315502,0.025430535970315502,142,520
J,520X307,-0.029210116944597915,0.029210116944597915,142,520
J,520X308,0.11817232079507836,0.11817232079507836,142,520
J,520X309,0.11962863043628919,0.11962863043628919,142,520
J,520X311,-0.0676146819680033,0.0676146819680033,142,520
J,520X312,-0.08820581109061501,0.08820581109061501,142,520
J,520X313,-0.16286846091068666,0.16286846091068666,142,520
J,520X314,0.02221790037966266,0.02221790037966266,142,520
J,520X315,-0.07612989588397273,0.07612989588397273,142,520
J,520X317,-0.1471884722864771,0.1471884722864771,142,520
J,520X318,-0.17843210275214022,0.17843210275214022,142,520
J,520X319,-0.16035853063123354,0.16035853063123354,142,520
J,520X320,-0.10488053518992749,0.10488053518992749,142,520
J,520X321,-0.16538745866424273,0.16538745866424273,142,520
J,520X323,0.08226264379637006,0.08226264379637006,142,520
J,520X324,0.04714933044821055,0.04714933044821055,142,520
J,520X325,0.04457154254935986,0.04457154254935986,142,520
J,520X326,0.05048233814950931,0.05048233814950931,142,520
J,520X327,0.08390893995923998,0.08390893995923998,142,520
J,520X329,0.02488493056066598,0.02488493056066598,142,520
J,520X330,-0.009198130587060331,0.009198130587060331,142,520
J,520X331,0.047274488510334965,0.047274488510334965,142,520
J,520X332,0.17421351801448898,0.17421351801448898,142,520
J,520X333,0.04732474578080146,0.04732474578080146,142,520
J,520X345,0.0035304735823243243,0.0035304735823243243,142,520
J,520X346,0.47164100153008787,0.47164100153008787,142,520
J,520X348,0.47165960764827053,0.47165960764827053,142,520
J,520X351,0.0034744775034166384,0.0034744775034166384,142,520
J,520X353,0.0005081423435275129,0.0005081423435275129,142,520
J,520X375,0.03535533905932776,0.03535533905932776,142,520
J,520X376,0.124582219731132,0.124582219731132,142,520
J,520X377,0.061314030112057036,0.061314030112057036,142,520
J,Chamber,0.00701364802478911,0.00701364802478911,142,UNKNOWN
J,520X380,0.06375197803828697,0.06375197803828697,142,520
J,520X381,0.06375197803829341,0.06375197803829341,142,520
J,520X387,-0.059625258537037186,0.059625258537037186,142,520
J,520X388,-0.05706969019008177,0.05706969019008177,142,520
J,520X389,0.036982896765945045,0.036982896765945045,142,520
J,520X390,-0.05716330986948845,0.05716330986948845,142,520
J,520X391,-0.058674289401110816,0.058674289401110816,142,520
J,520X392,0.12594323941050814,0.12594323941050814,142,520
J,520X393,0.12190593166633377,0.12190593166633377,142,520
J,520X394,0.1434171450860538,0.1434171450860538,142,520
J,520X395,0.12732061731319297,0.12732061731319297,142,520
J,520X396,0.13425374504071683,0.13425374504071683,142,520
J,520X397,0.1189830370578715,0.1189830370578715,142,520
J,520X399,0.1589105253357594,0.1589105253357594,142,520
J,520X400,0.02317078633041336,0.02317078633041336,142,520
J,520X403,-0.02461216708037365,0.02461216708037365,142,520
J,520X404,-0.031711277021786465,0.031711277021786465,142,520
J,520X405,-0.027650571829404502,0.027650571829404502,142,520
J,520X406,-0.08800909110093724,0.08800909110093724,142,520
J,520X407,-0.02630866275008768,0.02630866275008768,142,520
J,520X408,-0.13883124382586987,0.13883124382586987,142,520
J,520X409,-0.11239807475341478,0.11239807475341478,142,520
J,520X410,-0.0688017568002136,0.0688017568002136,142,520
J,520X411,-0.04780440051570854,0.04780440051570854,142,520
J,520X412,-0.12887593577104878,0.12887593577104878,142,520
J,520X432,0.031293049142567496,0.031293049142567496,142,520
J,750X1,-0.22100202112784098,0.22100202112784098,142,750
J,750X3,-0.215068819864073,0.215068819864073,142,750
J,750X14,0.14276782922366738,0.14276782922366738,142,750
J,750X23,-0.03201373403110008,0.03201373403110008,142,750
J,750X25,-0.01926922918949713,0.01926922918949713,142,750
J,750X34,0.009628033627819213,0.009628033627819213,142,750
J,750X45,-0.020603126281354123,0.020603126281354123,142,750
J,750X47,-0.2416590326956876,0.2416590326956876,142,750
J,750X58,-0.22359155476262396,0.22359155476262396,142,750
J,750X69,0.2270019922074954,0.2270019922074954,142,750
J,750X80,0.04836455194078464,0.04836455194078464,142,750
J,750X91,0.06581934830952138,0.06581934830952138,142,750
J,750X100,0.08928026667222509,0.08928026667222509,142,750
J,750X109,0.42795025797060543,0.42795025797060543,142,750
J,750X111,-0.22300249411220227,0.22300249411220227,142,750
J,750X115,0.1153466899244966,0.1153466899244966,142,750
J,750X117,-0.1982156902173812,0.1982156902173812,142,750
J,750X125,-0.17301626437163414,0.17301626437163414,142,750
J,750X131,0.17287307085752968,0.17287307085752968,142,750
J,750X133,-0.09321606432199628,0.09321606432199628,142,750
J,750X141,-0.0430396650640481,0.0430396650640481,142,750
J,750X149,0.016574624274216427,0.016574624274216427,142,750
J,750X155,0.4255124258755177,0.4255124258755177,142,750
J,750X157,0.1450001444725044,0.1450001444725044,142,750
J,750X165,0.2911013764894143,0.2911013764894143,142,750
J,750X176,0.23555391259708489,0.23555391259708489,142,750
J,750X185,-0.07505743538945936,0.07505743538945936,142,750
J,750X187,0.15233401555686593,0.15233401555686593,142,750
J,750X198,0.13132191822258577,0.13132191822258577,142,750
J,750X211,-0.14383320503028915,0.14383320503028915,142,750
J,750X219,0.1129438726941417,0.1129438726941417,142,750
J,750X228,0.4974007468713932,0.4974007468713932,142,750
J,750X230,0.08913284542360275,0.08913284542360275,142,750
J,750X241,0.09888784079806082,0.09888784079806082,142,750
J,750X252,0.053314298056765935,0.053314298056765935,142,750
J,750X261,0.03464584560896109,0.03464584560896109,142,750
J,750X263,0.0754058322011827,0.0754058322011827,142,750
J,750X274,0.01089741193829895,0.01089741193829895,142,750
J,750X285,-0.04133858631093439,0.04133858631093439,142,750
J,750X294,0.25832577461717854,0.25832577461717854,142,750
J,750X296,-0.09588833296361599,0.09588833296361599,142,750
J,750X307,-0.17520804055879516,0.17520804055879516,142,750
J,750X318,-0.16688005063639447,0.16688005063639447,142,750
J,750X327,0.40915930892908575,0.40915930892908575,142,750
J,750X329,-0.02196205953224863,0.02196205953224863,142,750
J,750X335,0.12980030432437306,0.12980030432437306,142,750
J,750X337,-0.19724742613386245,0.19724742613386245,142,750
J,750X348,-0.21380660375521152,0.21380660375521152,142,750
J,750X359,-0.24369195660627274,0.24369195660627274,142,750
J,750X368,0.19992194688833206,0.19992194688833206,142,750
J,750X370,-0.20651947857907235,0.20651947857907235,142,750
J,750X381,-0.11897137400210123,0.11897137400210123,142,750
J,750X392,-0.054365937038693045,0.054365937038693045,142,750
J,750X401,-0.29368269615518006,0.29368269615518006,142,750
J,750X403,-0.027233633642451738,0.027233633642451738,142,750
J,750X414,0.017257509249591813,0.017257509249591813,142,750
J,750X425,0.07708018098341801,0.07708018098341801,142,750
J,750X434,-0.004884373294977601,0.004884373294977601,142,750
J,750X436,0.12752779737157469,0.12752779737157469,142,750
J,750X447,0.2621892915595237,0.2621892915595237,142,750
J,750X455,0.12111783451538392,0.12111783451538392,142,750
J,750X466,0.0619127957500511,0.0619127957500511,142,750
J,750X475,-0.24109812707338477,0.24109812707338477,142,750
J,750X477,-0.012772203040398961,0.012772203040398961,142,750
J,750X488,-0.012749103428292627,0.012749103428292627,142,750
J,750X499,0.05099519529868781,0.05099519529868781,142,750
J,750X508,-0.4484618835760638,0.4484618835760638,142,750
J,750X510,0.06706574703550379,0.06706574703550379,142,750
J,750X521,0.192311866727422,0.192311866727422,142,750
J,750X532,0.24059040247387622,0.24059040247387622,142,750
J,750X541,0.12404351438469224,0.12404351438469224,142,750
J,750X543,0.2832103743042421,0.2832103743042421,142,750
J,750X554,0.18031161007246957,0.18031161007246957,142,750
J,750X565,0.2501429633666551,0.2501429633666551,142,750
J,750X573,0.10668090754359354,0.10668090754359354,142,750
J,750X582,0.13791371823206539,0.13791371823206539,142,750
J,750X584,0.055524380663316976,0.055524380663316976,142,750
J,750X595,-0.07076298899986938,0.07076298899986938,142,750
J,750X605,-0.287709456575586,0.287709456575586,142,750
J,750X611,0.09438221436795595,0.09438221436795595,142,750
J,750X613,-0.3718286456062518,0.3718286456062518,142,750
J,750X621,-0.37172771419828365,0.37172771419828365,142,750
J,750X629,-0.22573572269766995,0.22573572269766995,142,750
J,750X635,0.4957852086585699,0.4957852086585699,142,750
J,750X637,0.010052621557823611,0.010052621557823611,142,750
J,750X645,0.08971233034270336,0.08971233034270336,142,750
J,750X653,0.09201959289974694,0.09201959289974694,142,750
J,750X659,-0.03839764242561197,0.03839764242561197,142,750
J,750X661,0.05340295524028506,0.05340295524028506,142,750
J,750X669,-0.08792294553388147,0.08792294553388147,142,750
J,750X677,-0.2121151036963143,0.2121151036963143,142,750
J,750X685,-0.24723771816350593,0.24723771816350593,142,750
J,750X696,-0.23218629596131982,0.23218629596131982,142,750
J,750X702,0.4008189845291648,0.4008189845291648,142,750
J,750X704,-0.22631416131186347,0.22631416131186347,142,750
J,750X710,0.8190120943138386,0.8190120943138386,142,750
J,750X741,-0.07072635733593345,0.07072635733593345,142,750
J,750X743,0.47920493184354174,0.47920493184354174,142,750
J,750X763,0.07137261786201794,0.07137261786201794,142,750
J,750X765,0.34205946590425024,0.34205946590425024,142,750
J,750X776,-0.16161934284663385,0.16161934284663385,142,750
J,750X785,0.1714724812112048,0.1714724812112048,142,750
J,750X853,0.13350188834102286,0.13350188834102286,142,750
J,750X885,-0.6877132871685065,0.6877132871685065,142,750
J,750X896,0.18392654269306014,0.18392654269306014,142,750
J,750X971,-0.012680439178541674,0.012680439178541674,142,750
J,750X984,-0.09577988524748313,0.09577988524748313,142,750
J,750X987,-0.4020515988395134,0.4020515988395134,142,750
J,750X995,-0.020442059881852725,0.020442059881852725,142,750
J,750X1006,-0.21983726101129183,0.21983726101129183,142,750
J,750X1017,-0.2748225214544886,0.2748225214544886,142,750
J,750X1028,-0.2747205999619004,0.2747205999619004,142,750
J,750X1039,-0.3712622154026474,0.3712622154026474,142,750
J,750X1050,-0.2838819807470542,0.2838819807470542,142,750
J,750X1061,-0.19421813130165647,0.19421813130165647,142,750
J,750X1072,-0.16563547774357262,0.16563547774357262,142,750
J,750X1083,-0.09107298400821161,0.09107298400821161,142,750
J,750X1094,-0.24320633985630138,0.24320633985630138,142,750
J,750X1105,-0.11416440449412163,0.11416440449412163,142,750
J,750X1116,-0.041288463617388076,0.041288463617388076,142,750
J,750X1127,-0.3938699929741921,0.3938699929741921,142,750
J,750X1138,-0.013178454518698039,0.013178454518698039,142,750
J,750X1146,-0.2191030405437359,0.2191030405437359,142,750
J,750X1152,0.010264159585837549,0.010264159585837549,142,750
J,750X1164,0.02407482245380001,0.02407482245380001,142,750
J,750X1190,-0.0636085065701962,0.0636085065701962,142,750
J,750X1201,0.22126475005414495,0.22126475005414495,142,750
J,750X1212,0.0877503829432892,0.0877503829432892,142,750
J,750X1245,0.4826661808031481,0.4826661808031481,142,750
J,750X1267,-0.20086194605162208,0.20086194605162208,142,750
J,750X1278,0.055668650175658974,0.055668650175658974,142,750
J,750X1288,-0.027668078495633314,0.027668078495633314,142,750
J,750X1291,0.8190485219017359,0.8190485219017359,142,750
J,750X1297,-0.2851742783285262,0.2851742783285262,142,750
J,750X1305,-0.1553570764218233,0.1553570764218233,142,750
J,750X1313,-0.18511681092204738,0.18511681092204738,142,750
J,750X1321,-0.19091172726665123,0.19091172726665123,142,750
J,750X1329,-0.1588965615668624,0.1588965615668624,142,750
J,750X1337,-0.14272948731678703,0.14272948731678703,142,750
J,750X1356,-0.09109906892386456,0.09109906892386456,142,750
J,750X1364,0.08557886211959524,0.08557886211959524,142,750
J,750X1383,0.12982191526615613,0.12982191526615613,142,750
J,750X1391,0.15159304661109696,0.15159304661109696,142,750
L,210X1,0.4872551080535776,0.4872551080535776,178,210
L,210X2,0.35568012304187857,0.35568012304187857,178,210
L,210X3,0.16507135635159736,0.16507135635159736,178,210
L,210X4,0.06629230336093336,0.06629230336093336,178,210
L,210X5,0.23951289585297533,0.23951289585297533,178,210
L,210X6,-0.03584223802410551,0.03584223802410551,178,210
L,210X7,-0.9813876927603161,0.9813876927603161,178,210
L,210X8,0.4917051305216774,0.4917051305216774,178,210
L,210X9,1.3100658213748315,1.3100658213748315,178,210
L,210X10,0.7630517997971403,0.7630517997971403,178,210
L,210X11,0.2326528097448874,0.2326528097448874,178,210
L,210X12,-0.013220734206597896,0.013220734206597896,178,210
L,210X13,-0.091864967152688,0.091864967152688,178,210
L,210X14,-0.18152028701895065,0.18152028701895065,178,210
L,210X15,-0.09108068107326306,0.09108068107326306,178,210
L,210X16,-0.46943081993674224,0.46943081993674224,178,210
L,210X18,-1.8681579282660215,1.8681579282660215,178,210
L,210X19,-0.08062763814722644,0.08062763814722644,178,210
L,210X20,0.4430881464566068,0.4430881464566068,178,210
L,210X21,0.07084380157152471,0.07084380157152471,178,210
L,210X23,0.45235969832173833,0.45235969832173833,178,210
L,210X24,-0.06481568655306202,0.06481568655306202,178,210
L,210X25,0.7526052743514096,0.7526052743514096,178,210
L,210X26,0.8595467230867243,0.8595467230867243,178,210
L,210X27,-0.7802459170087027,0.7802459170087027,178,210
L,210X28,0.5017967898285606,0.5017967898285606,178,210
L,210X29,0.003535033640784508,0.003535033640784508,178,210
L,210X30,0.21693666892576532,0.21693666892576532,178,210
L,210X32,-0.2694181543097938,0.2694181543097938,178,210
L,210X33,0.04354105512165669,0.04354105512165669,178,210
L,210X34,-0.2646017501222401,0.2646017501222401,178,210
L,210X35,0.06430343442020485,0.06430343442020485,178,210
L,210X36,-0.34310862312242163,0.34310862312242163,178,210
L,210X39,0.5503593939407835,0.5503593939407835,178,210
L,210X40,0.9312185013349639,0.9312185013349639,178,210
L,210X41,1.097304461517892,1.097304461517892,178,210
L,210X42,0.9384147656026542,0.9384147656026542,178,210
L,210X43,1.098596393562546,1.098596393562546,178,210
L,210X44,0.5930621296696654,0.5930621296696654,178,210
L,210X45,0.6799797048402183,0.6799797048402183,178,210
L,210X46,0.5938365679072888,0.5938365679072888,178,210
L,210X47,0.686624350334675,0.686624350334675,178,210
L,210X48,0.033787220825294416,0.033787220825294416,178,210
L,210X49,-0.08717702882572749,0.08717702882572749,178,210
L,210X50,0.034249881594981525,0.034249881594981525,178,210
L,210X51,-0.08642600004317434,0.08642600004317434,178,210
L,210X52,0.07524940883192709,0.07524940883192709,178,210
L,210X53,0.9416217353172823,0.9416217353172823,178,210
L,210X54,1.0701782686299948,1.0701782686299948,178,210
L,210X55,0.9419051560653467,0.9419051560653467,178,210
L,210X56,1.0695657228794133,1.0695657228794133,178,210
L,210X57,0.30136213702283576,0.30136213702283576,178,210
L,210X58,0.7631102784389793,0.7631102784389793,178,210
L,210X59,-0.016750555399578003,0.016750555399578003,178,210
L,210X60,0.11855595126204475,0.11855595126204475,178,210
L,210X61,0.6501953423265135,0.6501953423265135,178,210
L,210X62,0.7312939661885005,0.7312939661885005,178,210
L,210X63,0.6599287023165921,0.6599287023165921,178,210
L,210X64,0.7306470648081446,0.7306470648081446,178,210
L,210X65,-0.5507778811987111,0.5507778811987111,178,210
L,210X66,0.15967605745400607,0.15967605745400607,178,210
L,210X67,-0.08968502563989693,0.08968502563989693,178,210
L,210X68,-0.01177856300508783,0.01177856300508783,178,210
L,210X69,0.024323982918973634,0.024323982918973634,178,210
L,210X70,-0.15638297525502343,0.15638297525502343,178,210
L,210X71,0.02348196948606896,0.02348196948606896,178,210
L,210X72,-0.1526623631800628,0.1526623631800628,178,210
L,210X73,0.10367839805458368,0.10367839805458368,178,210
L,210X74,0.02331653959682397,0.02331653959682397,178,210
L,210X75,0.01317301246424802,0.01317301246424802,178,210
L,210X76,-0.28398819902812095,0.28398819902812095,178,210
L,210X77,0.07084380157152502,0.07084380157152502,178,210
L,210X80,-0.17194193297165272,0.17194193297165272,178,210
L,210X81,0.06343226016954943,0.06343226016954943,178,210
L,210X82,-0.25234743980886754,0.25234743980886754,178,210
L,210X83,0.07038710140341142,0.07038710140341142,178,210
L,210X84,-0.24175771974906826,0.24175771974906826,178,210
L,210X85,0.09825932519512214,0.09825932519512214,178,210
L,210X86,-0.10415866071787552,0.10415866071787552,178,210
L,210X87,-0.017141200256753086,0.017141200256753086,178,210
L,210X88,-0.06795108194353199,0.06795108194353199,178,210
L,210X89,1.1556820766229088,1.1556820766229088,178,210
L,210X90,0.2730665588058581,0.2730665588058581,178,210
L,210X91,1.0143158300333428,1.0143158300333428,178,210
L,210X92,0.07116008896311046,0.07116008896311046,178,210
L,210X93,0.07623280213605109,0.07623280213605109,178,210
L,210X94,0.017535346956685946,0.017535346956685946,178,210
L,210X95,0.0026691319954026045,0.0026691319954026045,178,210
L,210X96,-0.1259419997538137,0.1259419997538137,178,210
L,210X97,-0.14369637606197555,0.14369637606197555,178,210
L,210X98,-0.2569079641654889,0.2569079641654889,178,210
L,210X99,-0.22789147971245632,0.22789147971245632,178,210
L,210X100,0.2637116361200386,0.2637116361200386,178,210
L,210X101,0.06874202362261088,0.06874202362261088,178,210
L,210X102,-0.14917423158365725,0.14917423158365725,178,210
L,210X104,0.056273743287757604,0.056273743287757604,178,210
L,210X105,-0.2474138243793503,0.2474138243793503,178,210
L,210X106,0.0728298302365274,0.0728298302365274,178,210
L,210X107,-0.2461692157008873,0.2461692157008873,178,210
L,210X108,0.070864638519078,0.070864638519078,178,210
L,210X109,-0.29967625583390267,0.29967625583390267,178,210
L,210X110,0.07025234648959375,0.07025234648959375,178,210
L,210X111,-0.20016750414421378,0.20016750414421378,178,210
L,210X112,0.020028704289039093,0.020028704289039093,178,210
L,210X113,0.15087522147056917,0.15087522147056917,178,210
L,210X114,0.05287188930144493,0.05287188930144493,178,210
L,210X115,-0.012225664980100066,0.012225664980100066,178,210
L,210X116,0.9433412176227409,0.9433412176227409,178,210
L,210X117,1.0696752622291024,1.0696752622291024,178,210
L,210X118,0.10803419229577568,0.10803419229577568,178,210
L,210X119,-0.18583646708136575,0.18583646708136575,178,210
L,210X120,0.12246058803246493,0.12246058803246493,178,210
L,210X121,-0.16868712139774827,0.16868712139774827,178,210
L,210X122,0.9417941421442731,0.9417941421442731,178,210
L,210X123,1.0696407238217256,1.0696407238217256,178,210
L,210X124,-0.01922695750296314,0.01922695750296314,178,210
L,210X125,0.7816654039469032,0.7816654039469032,178,210
L,210X126,0.04491577242080467,0.04491577242080467,178,210
L,210X127,0.07084380157152462,0.07084380157152462,178,210
L,210X128,0.7843740685519056,0.7843740685519056,178,210
L,210X129,0.8871788683806613,0.8871788683806613,178,210
L,210X130,0.6514067839594062,0.6514067839594062,178,210
L,210X131,0.730554424084098,0.730554424084098,178,210
L,210X132,0.10409738001206889,0.10409738001206889,178,210
L,210X133,-0.1740455305792684,0.1740455305792684,178,210
L,210X134,0.12252334610051957,0.12252334610051957,178,210
L,210X135,-0.1686731665272116,0.1686731665272116,178,210
L,210X136,0.6602403021092119,0.6602403021092119,178,210
L,210X137,0.7304542389857358,0.7304542389857358,178,210
L,210X138,-0.1480668617138416,0.1480668617138416,178,210
L,210X139,0.18328679323007216,0.18328679323007216,178,210
L,210X140,-0.08458438333564292,0.08458438333564292,178,210
L,210X141,-0.02886149375063488,0.02886149375063488,178,210
L,210X142,-0.10294588810336044,0.10294588810336044,178,210
L,210X143,-0.09777808668422638,0.09777808668422638,178,210
L,210X144,0.06702975723121123,0.06702975723121123,178,210
L,210X145,-0.2508722461620732,0.2508722461620732,178,210
L,210X146,0.029757828897270446,0.029757828897270446,178,210
L,210X147,-0.15169692874217644,0.15169692874217644,178,210
L,210X148,0.10232700576192696,0.10232700576192696,178,210
L,210X149,-0.14415003557904543,0.14415003557904543,178,210
L,210X150,0.09740228265534252,0.09740228265534252,178,210
L,210X151,-0.15112006087621843,0.15112006087621843,178,210
L,210X152,-0.8722624262861359,0.8722624262861359,178,210
L,210X153,0.2426779776344831,0.2426779776344831,178,210
L,210X154,0.7728756987621515,0.7728756987621515,178,210
L,210X155,0.8293850089486733,0.8293850089486733,178,210
L,210X156,0.12601959726424508,0.12601959726424508,178,210
L,210X157,-0.16814479559519938,0.16814479559519938,178,210
L,210X158,1.1473697673497172,1.1473697673497172,178,210
L,210X159,0.11089732673392502,0.11089732673392502,178,210
L,210X160,1.6825229224198182,1.6825229224198182,178,210
L,210X161,-0.13919701191733336,0.13919701191733336,178,210
L,210X162,0.11857557525601213,0.11857557525601213,178,210
L,210X163,-0.17289125097165128,0.17289125097165128,178,210
L,210X164,0.8551325347011014,0.8551325347011014,178,210
L,210X165,0.8453723618490313,0.8453723618490313,178,210
L,210X166,0.11720658275352071,0.11720658275352071,178,210
L,210X167,-0.1953511318159819,0.1953511318159819,178,210
L,210X168,0.12244844352150407,0.12244844352150407,178,210
L,210X169,-0.16869821256429354,0.16869821256429354,178,210
L,210X170,0.060446962146448964,0.060446962146448964,178,210
L,210X171,-0.07775311659788198,0.07775311659788198,178,210
L,210X172,-0.052972216146547006,0.052972216146547006,178,210
L,210X173,-0.004739457278125922,0.004739457278125922,178,210
L,210X174,0.9093770821195568,0.9093770821195568,178,210
L,210X175,0.9935018142666334,0.9935018142666334,178,210
L,210X176,1.1359029722938168,1.1359029722938168,178,210
L,210X177,0.11372770973856303,0.11372770973856303,178,210
L,210X178,1.6848856384204431,1.6848856384204431,178,210
L,210X179,-0.13526644643285488,0.13526644643285488,178,210
L,210X180,-0.6308424197679104,0.6308424197679104,178,210
L,210X181,-0.7715933058061799,0.7715933058061799,178,210
L,210X182,-0.6538875691086737,0.6538875691086737,178,210
L,210X183,-0.8007682087698499,0.8007682087698499,178,210
L,210X184,-0.054142315809138905,0.054142315809138905,178,210
L,210X185,-0.05693873838616618,0.05693873838616618,178,210
L,210X186,0.14935474834264043,0.14935474834264043,178,210
L,210X187,0.02830539243686768,0.02830539243686768,178,210
L,210X188,1.1156384555721517,1.1156384555721517,178,210
L,210X189,0.8250164364012644,0.8250164364012644,178,210
L,210X190,-0.2820003561758144,0.2820003561758144,178,210
L,210X191,-0.43222229580873317,0.43222229580873317,178,210
L,210X192,1.338898968168138,1.338898968168138,178,210
L,210X193,-0.36906014325416564,0.36906014325416564,178,210
L,210X194,1.4869387614813543,1.4869387614813543,178,210
L,210X195,1.377384360401689,1.377384360401689,178,210
L,210X199,0.07084380157152449,0.07084380157152449,178,210
L,210X200,0.7588159706228191,0.7588159706228191,178,210
L,210X201,0.8579480353125116,0.8579480353125116,178,210
L,210X202,0.7525181619581769,0.7525181619581769,178,210
L,210X203,0.859594019437075,0.859594019437075,178,210
L,210X204,-0.19863867171409857,0.19863867171409857,178,210
L,210X205,-0.1994700856548104,0.1994700856548104,178,210
L,210X206,-0.9600325200414782,0.9600325200414782,178,210
L,210X207,-1.0980883813200941,1.0980883813200941,178,210
L,210X209,0.45542858666322944,0.45542858666322944,178,210
L,210X210,0.012604367492987597,0.012604367492987597,178,210
L,210X211,0.7516261190641061,0.7516261190641061,178,210
L,210X212,0.8562458047693456,0.8562458047693456,178,210
L,210X213,-0.19457010630000388,0.19457010630000388,178,210
L,210X214,0.019041564501204415,0.019041564501204415,178,210
L,210X215,-0.19449596347344142,0.19449596347344142,178,210
L,ERROR:#N/A_4,0.3194153878212934,0.3194153878212934,178,UNKNOWN
L,210X217,0.3281949216955582,0.3281949216955582,178,210
L,210X218,-0.07494786778230791,0.07494786778230791,178,210
L,210X219,-0.10929373148201338,0.10929373148201338,178,210
L,210X220,-0.07536902806042232,0.07536902806042232,178,210
L,210X221,-0.07494786778230791,0.07494786778230791,178,210
L,210X222,-0.07494786778230798,0.07494786778230798,178,210
L,210X224,-0.07494786778230801,0.07494786778230801,178,210
L,210X225,0.07084380157152538,0.07084380157152538,178,210
L,210X226,0.1797990571357823,0.1797990571357823,178,210
L,210X228,0.9284046849061947,0.9284046849061947,178,210
L,210X229,1.4060454962102673,1.4060454962102673,178,210
L,210X230,0.4299148720123532,0.4299148720123532,178,210
L,210X231,0.05078275503453926,0.05078275503453926,178,210
L,220X2,0.09220178644359275,0.09220178644359275,178,220
L,220X3,-0.07919061185706686,0.07919061185706686,178,220
L,220X4,-0.05298543950793036,0.05298543950793036,178,220
L,220X5,-0.1870686199762865,0.1870686199762865,178,220
L,220X6,-0.12276776162727103,0.12276776162727103,178,220
L,220X8,-0.10136825682730972,0.10136825682730972,178,220
L,220X9,-0.054322510326562046,0.054322510326562046,178,220
L,220X10,0.09367935575670111,0.09367935575670111,178,220
L,220X11,-0.05274890582695027,0.05274890582695027,178,220
L,220X12,-0.21603565975928712,0.21603565975928712,178,220
L,220X13,-0.11560102804452178,0.11560102804452178,178,220
L,220X14,0.1540756526348607,0.1540756526348607,178,220
L,220X15,-0.09711523847524488,0.09711523847524488,178,220
L,220X18,0.06569384987702018,0.06569384987702018,178,220
L,220X19,-0.02725939532055776,0.02725939532055776,178,220
L,220X20,0.043528874489854756,0.043528874489854756,178,220
L,220X21,-0.03567698914851834,0.03567698914851834,178,220
L,220X26,-0.06373179605102035,0.06373179605102035,178,220
L,220X27,0.06715175184906119,0.06715175184906119,178,220
L,220X28,0.08217720692582514,0.08217720692582514,178,220
L,220X29,-0.04100162772326533,0.04100162772326533,178,220
L,220X30,0.12620886441393026,0.12620886441393026,178,220
L,220X31,0.029861309927146484,0.029861309927146484,178,220
L,220X32,0.0860326783553997,0.0860326783553997,178,220
L,220X33,-0.1859643229458152,0.1859643229458152,178,220
L,220X53,-0.11193580913857329,0.11193580913857329,178,220
L,220X54,0.058346731472063186,0.058346731472063186,178,220
L,220X55,0.1119215966297359,0.1119215966297359,178,220
L,220X67,-0.23298158997184998,0.23298158997184998,178,220
L,220X70,-0.07886890281662783,0.07886890281662783,178,220
L,220X71,-0.23380573357387965,0.23380573357387965,178,220
L,220X75,-0.2329825400836212,0.2329825400836212,178,220
L,220X79,-0.2329826782270314,0.2329826782270314,178,220
L,220X83,-0.23298208524473224,0.23298208524473224,178,220
L,220X87,-0.23298235595417932,0.23298235595417932,178,220
L,220X91,-0.23298255325516343,0.23298255325516343,178,220
L,220X95,-0.2329825667280594,0.2329825667280594,178,220
L,220X107,0.017566559484986883,0.017566559484986883,178,220
L,220X108,-0.05003131851230988,0.05003131851230988,178,220
L,220X110,-0.05487421093185736,0.05487421093185736,178,220
L,220X112,0.05276064204988276,0.05276064204988276,178,220
L,220X114,-0.058613740184122284,0.058613740184122284,178,220
L,220X116,0.05235908124718313,0.05235908124718313,178,220
L,220X118,-0.07156677693605612,0.07156677693605612,178,220
L,220X120,0.05199864728527751,0.05199864728527751,178,220
L,220X122,0.031188477406530215,0.031188477406530215,178,220
L,220X124,0.051840723300556446,0.051840723300556446,178,220
L,220X126,0.042278528222194245,0.042278528222194245,178,220
L,220X128,0.05117002276176597,0.05117002276176597,178,220
L,220X130,0.04492228505444016,0.04492228505444016,178,220
L,220X132,0.04772991468391467,0.04772991468391467,178,220
L,220X141,0.07062290631531191,0.07062290631531191,178,220
L,220X142,0.10735615228958087,0.10735615228958087,178,220
L,220X143,0.1482988116604109,0.1482988116604109,178,220
L,220X155,0.1235450612073105,0.1235450612073105,178,220
L,220X163,-0.18852956348286076,0.18852956348286076,178,220
L,220X164,-0.11279679484982283,0.11279679484982283,178,220
L,220X165,-0.1367205044013495,0.1367205044013495,178,220
L,220X166,-0.11952897433421515,0.11952897433421515,178,220
L,220X167,-0.05823009308596877,0.05823009308596877,178,220
L,220X168,-0.11005213805582709,0.11005213805582709,178,220
L,220X169,-0.08050526477808907,0.08050526477808907,178,220
L,220X170,0.07257623085283453,0.07257623085283453,178,220
L,220X171,-0.11484287619491505,0.11484287619491505,178,220
L,220X172,-0.12572490209036277,0.12572490209036277,178,220
L,220X173,-0.07361066595907548,0.07361066595907548,178,220
L,220X174,0.1263314588487914,0.1263314588487914,178,220
L,220X175,-0.026366544571061842,0.026366544571061842,178,220
L,220X176,-0.045242265370268465,0.045242265370268465,178,220
L,220X177,-0.03770759924944148,0.03770759924944148,178,220
L,220X178,-0.1000202872595689,0.1000202872595689,178,220
L,220X179,-0.11721931912751203,0.11721931912751203,178,220
L,220X180,0.12227273345815134,0.12227273345815134,178,220
L,220X181,0.11721931912765893,0.11721931912765893,178,220
L,220X182,-0.11721931912752441,0.11721931912752441,178,220
L,220X183,-0.12094431176052065,0.12094431176052065,178,220
L,220X184,0.10258974989889899,0.10258974989889899,178,220
L,220X185,0.025953572902521753,0.025953572902521753,178,220
L,220X186,0.09919250502245776,0.09919250502245776,178,220
L,220X187,-0.06665892822469466,0.06665892822469466,178,220
L,220X188,0.027091901788531426,0.027091901788531426,178,220
L,220X189,0.03185006670743689,0.03185006670743689,178,220
L,220X190,0.10387290378934451,0.10387290378934451,178,220
L,220X191,-0.092543357563471,0.092543357563471,178,220
L,220X192,0.004621231836084691,0.004621231836084691,178,220
L,220X193,0.034579775085776095,0.034579775085776095,178,220
L,220X194,0.1028289970365317,0.1028289970365317,178,220
L,220X195,0.06382509394497911,0.06382509394497911,178,220
L,220X196,0.024601313243952164,0.024601313243952164,178,220
L,220X197,0.08966791847485309,0.08966791847485309,178,220
L,220X204,0.03647976973109167,0.03647976973109167,178,220
L,220X216,0.018823470737145617,0.018823470737145617,178,220
L,220X217,-0.10240922416478358,0.10240922416478358,178,220
L,220X218,0.08538536043078383,0.08538536043078383,178,220
L,220X223,-0.21337771103845854,0.21337771103845854,178,220
L,220X224,-0.19367666858825944,0.19367666858825944,178,220
L,300X1,-0.03953207256646522,0.03953207256646522,178,300
L,300X2,-0.11085551464612764,0.11085551464612764,178,300
L,300X3,-0.1252278798567214,0.1252278798567214,178,300
L,300X4,-0.09041982899231703,0.09041982899231703,178,300
L,300X5,-0.025182425831228702,0.025182425831228702,178,300
L,300X6,-0.12642220648412297,0.12642220648412297,178,300
L,300X7,-0.10805164765403209,0.10805164765403209,178,300
L,300X8,-0.0215013788531708,0.0215013788531708,178,300
L,300X9,-0.10395116181496615,0.10395116181496615,178,300
L,300X10,-0.11206433911625574,0.11206433911625574,178,300
L,300X11,-0.021293884955586994,0.021293884955586994,178,300
L,300X12,-0.0165619401722183,0.0165619401722183,178,300
L,300X13,-0.11084409041735908,0.11084409041735908,178,300
L,300X14,-0.10482093257711436,0.10482093257711436,178,300
L,300X20,-0.11508667234612092,0.11508667234612092,178,300
L,310X2,0.0785441144488432,0.0785441144488432,178,310
L,310X4,-0.10522985267061809,0.10522985267061809,178,310
L,310X5,-0.11594702639252354,0.11594702639252354,178,310
L,310X6,-0.10179096738789305,0.10179096738789305,178,310
L,310X8,-0.11392024385833383,0.11392024385833383,178,310
L,310X9,-0.1564785951734444,0.1564785951734444,178,310
L,310X10,0.073224957104543,0.073224957104543,178,310
L,310X11,-0.10284144586512532,0.10284144586512532,178,310
L,310X12,-0.1245626864749862,0.1245626864749862,178,310
L,310X13,-0.09648099432604992,0.09648099432604992,178,310
L,310X14,0.00028356439487358683,0.00028356439487358683,178,310
L,310X15,0.030226710441656965,0.030226710441656965,178,310
L,310X19,0.032067065131103176,0.032067065131103176,178,310
L,310X20,0.014195871432883774,0.014195871432883774,178,310
L,310X21,-0.06257456138044261,0.06257456138044261,178,310
L,310X22,0.06447681543884776,0.06447681543884776,178,310
L,310X23,0.08169926464771157,0.08169926464771157,178,310
L,310X24,0.030299993110383554,0.030299993110383554,178,310
L,310X27,-0.011693785925514654,0.011693785925514654,178,310
L,310X28,-0.013474922005986614,0.013474922005986614,178,310
L,310X29,0.03388956348706845,0.03388956348706845,178,310
L,310X30,-0.10152700146457724,0.10152700146457724,178,310
L,310X31,0.09954347731361822,0.09954347731361822,178,310
L,310X32,0.02478899370558474,0.02478899370558474,178,310
L,310X33,0.0726335523005288,0.0726335523005288,178,310
L,310X34,-0.015160574911706765,0.015160574911706765,178,310
L,310X36,-0.021704967001794827,0.021704967001794827,178,310
L,310X37,-0.02173337699878685,0.02173337699878685,178,310
L,310X38,-0.021800041054178924,0.021800041054178924,178,310
L,310X42,-0.12867008558879175,0.12867008558879175,178,310
L,310X43,-0.1758231193194244,0.1758231193194244,178,310
L,310X44,-0.027287120340421127,0.027287120340421127,178,310
L,310X56,-0.1357077179247687,0.1357077179247687,178,310
L,310X60,-0.13570840303161416,0.13570840303161416,178,310
L,310X64,-0.13570773877572934,0.13570773877572934,178,310
L,310X68,-0.13570801729039497,0.13570801729039497,178,310
L,310X72,-0.13570772741845535,0.13570772741845535,178,310
L,310X76,-0.1357088643003022,0.1357088643003022,178,310
L,310X80,-0.13570773188552446,0.13570773188552446,178,310
L,310X84,-0.13570802739717372,0.13570802739717372,178,310
L,310X96,-0.047346275837069525,0.047346275837069525,178,310
L,310X97,-0.05002958372910724,0.05002958372910724,178,310
L,310X99,-0.08665356800944082,0.08665356800944082,178,310
L,310X101,0.08701652872569984,0.08701652872569984,178,310
L,310X103,-0.07720677100111617,0.07720677100111617,178,310
L,310X105,0.07669136796073987,0.07669136796073987,178,310
L,310X107,-0.035857801443454934,0.035857801443454934,178,310
L,310X109,0.0743596116550607,0.0743596116550607,178,310
L,310X111,0.11590677790437133,0.11590677790437133,178,310
L,310X113,0.07950897413072956,0.07950897413072956,178,310
L,310X115,0.11666786740189358,0.11666786740189358,178,310
L,310X117,0.07063636767202025,0.07063636767202025,178,310
L,310X119,0.1112240227673856,0.1112240227673856,178,310
L,310X121,0.06476521315604206,0.06476521315604206,178,310
L,310X130,0.10302616477498328,0.10302616477498328,178,310
L,310X131,0.0924183681819198,0.0924183681819198,178,310
L,310X132,0.2048000141089499,0.2048000141089499,178,310
L,310X138,-0.035355339059320326,0.035355339059320326,178,310
L,310X139,-0.03535533905933289,0.03535533905933289,178,310
L,310X140,-0.035355339059320326,0.035355339059320326,178,310
L,310X147,0.005588439122510837,0.005588439122510837,178,310
L,310X148,-0.02255173104787594,0.02255173104787594,178,310
L,310X149,0.003410530186781101,0.003410530186781101,178,310
L,310X150,-0.017932855313679014,0.017932855313679014,178,310
L,310X151,-0.03559574931445374,0.03559574931445374,178,310
L,310X152,-0.12798426683295605,0.12798426683295605,178,310
L,310X153,-0.031723636879962484,0.031723636879962484,178,310
L,310X154,0.0810560188556111,0.0810560188556111,178,310
L,310X155,-0.02984641940657276,0.02984641940657276,178,310
L,310X156,-0.014262311260058448,0.014262311260058448,178,310
L,310X157,-0.07258738674106922,0.07258738674106922,178,310
L,310X158,0.08218809603888337,0.08218809603888337,178,310
L,310X159,-0.025050033595264296,0.025050033595264296,178,310
L,310X160,-0.10143733203138568,0.10143733203138568,178,310
L,310X161,-0.014106780874219186,0.014106780874219186,178,310
L,310X162,-0.13594686831227404,0.13594686831227404,178,310
L,310X163,0.021033761033849255,0.021033761033849255,178,310
L,310X164,0.030992530200093106,0.030992530200093106,178,310
L,310X165,0.19173231273801639,0.19173231273801639,178,310
L,310X166,0.053111940679914156,0.053111940679914156,178,310
L,310X167,-0.05536116047352488,0.05536116047352488,178,310
L,310X168,0.001985481123294689,0.001985481123294689,178,310
L,310X169,0.061005008579392735,0.061005008579392735,178,310
L,310X170,0.041281954955676485,0.041281954955676485,178,310
L,310X171,-0.0791313314887716,0.0791313314887716,178,310
L,310X172,0.042923708276929366,0.042923708276929366,178,310
L,310X173,-0.019733660550389293,0.019733660550389293,178,310
L,310X174,0.04718591637231054,0.04718591637231054,178,310
L,310X175,0.04405044171123874,0.04405044171123874,178,310
L,310X176,0.05314288214387204,0.05314288214387204,178,310
L,310X177,0.16115895625010698,0.16115895625010698,178,310
L,310X178,0.12995804589580875,0.12995804589580875,178,310
L,310X179,0.04196386492751671,0.04196386492751671,178,310
L,310X180,0.04749989095679807,0.04749989095679807,178,310
L,310X181,0.13806462284613916,0.13806462284613916,178,310
L,310X188,-0.015655078135938652,0.015655078135938652,178,310
L,310X200,0.028754041206401015,0.028754041206401015,178,310
L,310X201,0.05653505051351029,0.05653505051351029,178,310
L,310X202,-0.06037960908204306,0.06037960908204306,178,310
L,310X206,-0.133220304983053,0.133220304983053,178,310
L,310X207,-0.04289567646297206,0.04289567646297206,178,310
L,311X1,-0.06794014494599353,0.06794014494599353,178,311
L,311X4,-0.12679435290542526,0.12679435290542526,178,311
L,311X5,-0.15377893120455827,0.15377893120455827,178,311
L,311X6,-0.15978727710002516,0.15978727710002516,178,311
L,311X7,-0.1786048390333685,0.1786048390333685,178,311
L,311X8,-0.05668765902250321,0.05668765902250321,178,311
L,311X9,-0.04237991346522276,0.04237991346522276,178,311
L,311X10,-0.07809652561499704,0.07809652561499704,178,311
L,311X11,-0.03268680422550634,0.03268680422550634,178,311
L,311X12,-0.010911125704642614,0.010911125704642614,178,311
L,311X14,0.041808180344516895,0.041808180344516895,178,311
L,311X15,0.0012636671572021439,0.0012636671572021439,178,311
L,311X16,0.06349409419805573,0.06349409419805573,178,311
L,311X17,-0.008829037984935423,0.008829037984935423,178,311
L,311X18,0.03933901675967103,0.03933901675967103,178,311
L,311X20,-0.17685999553373252,0.17685999553373252,178,311
L,311X21,-0.056077284726724526,0.056077284726724526,178,311
L,311X22,-0.17254893060479423,0.17254893060479423,178,311
L,311X24,0.10770014536277246,0.10770014536277246,178,311
L,311X25,0.024454772274690114,0.024454772274690114,178,311
L,311X26,0.024408047185489896,0.024408047185489896,178,311
L,311X27,-0.12679601505960347,0.12679601505960347,178,311
L,311X28,-0.007356530444663174,0.007356530444663174,178,311
L,311X29,-0.16522096007129558,0.16522096007129558,178,311
L,311X30,-0.09058766041385813,0.09058766041385813,178,311
L,311X31,0.01680160756773866,0.01680160756773866,178,311
L,311X32,-0.08894597678574241,0.08894597678574241,178,311
L,311X33,-0.07809344606027442,0.07809344606027442,178,311
L,311X51,0.0798266567278901,0.0798266567278901,178,311
L,311X52,0.0021897066542359714,0.0021897066542359714,178,311
L,311X53,-0.07068711712032127,0.07068711712032127,178,311
L,311X54,-0.13409263555395776,0.13409263555395776,178,311
L,311X55,-0.18652743128418484,0.18652743128418484,178,311
L,311X56,-0.20042536488353332,0.20042536488353332,178,311
L,311X58,-0.1848125115719338,0.1848125115719338,178,311
L,311X59,-0.19432484951791004,0.19432484951791004,178,311
L,311X60,-0.16021911274543604,0.16021911274543604,178,311
L,311X61,-0.002931565476431641,0.002931565476431641,178,311
L,311X62,0.0012343140993311113,0.0012343140993311113,178,311
L,311X63,-0.00043776239739928754,0.00043776239739928754,178,311
L,311X65,-0.0023156696658530136,0.0023156696658530136,178,311
L,311X66,0.0015213897677344242,0.0015213897677344242,178,311
L,311X67,-0.020674977393261063,0.020674977393261063,178,311
L,311X68,-0.0020840263999252883,0.0020840263999252883,178,311
L,311X69,0.013596452496994725,0.013596452496994725,178,311
L,311X70,-0.009446187980888258,0.009446187980888258,178,311
L,311X71,0.027140652496487953,0.027140652496487953,178,311
L,311X72,-0.0075864170683714,0.0075864170683714,178,311
L,311X73,0.013914196211938073,0.013914196211938073,178,311
L,311X74,0.02838086014657025,0.02838086014657025,178,311
L,311X75,0.00852167322083381,0.00852167322083381,178,311
L,311X76,0.035580828213601944,0.035580828213601944,178,311
L,311X77,-0.16966580030970974,0.16966580030970974,178,311
L,311X80,0.013308220681621016,0.013308220681621016,178,311
L,311X81,0.012440006847587313,0.012440006847587313,178,311
L,311X82,0.012482642746637037,0.012482642746637037,178,311
L,311X83,0.009318203181111727,0.009318203181111727,178,311
L,311X84,0.016246335635738678,0.016246335635738678,178,311
L,311X85,0.01531246803577657,0.01531246803577657,178,311
L,311X86,0.0861581783811597,0.0861581783811597,178,311
L,311X87,0.05584475890977358,0.05584475890977358,178,311
L,311X88,0.07673438615771176,0.07673438615771176,178,311
L,311X89,0.03691940460752224,0.03691940460752224,178,311
L,311X90,0.06366248802844375,0.06366248802844375,178,311
L,311X91,-0.06694496703395988,0.06694496703395988,178,311
L,311X92,-0.09188061274593567,0.09188061274593567,178,311
L,311X93,-0.04653354290579401,0.04653354290579401,178,311
L,311X94,-0.08223763654872508,0.08223763654872508,178,311
L,311X95,-0.0727759764123673,0.0727759764123673,178,311
L,311X103,0.04585829863496844,0.04585829863496844,178,311
L,311X104,0.06210082782429307,0.06210082782429307,178,311
L,311X105,-0.044768379593594226,0.044768379593594226,178,311
L,311X106,0.011931750491184489,0.011931750491184489,178,311
L,311X107,0.04585829863496843,0.04585829863496843,178,311
L,311X109,0.0671535039024901,0.0671535039024901,178,311
L,311X110,0.04487467277705041,0.04487467277705041,178,311
L,311X111,0.07040211319425285,0.07040211319425285,178,311
L,311X112,0.03505153002670184,0.03505153002670184,178,311
L,311X113,0.04354030773868772,0.04354030773868772,178,311
L,311X115,0.06807040446822461,0.06807040446822461,178,311
L,311X116,-0.027523258486153515,0.027523258486153515,178,311
L,311X117,0.044293598745962205,0.044293598745962205,178,311
L,311X118,0.034496671102987764,0.034496671102987764,178,311
L,311X119,0.045205498269890704,0.045205498269890704,178,311
L,311X127,0.0993847172912023,0.0993847172912023,178,311
L,311X128,0.029499708645708535,0.029499708645708535,178,311
L,311X129,0.11166433368817143,0.11166433368817143,178,311
L,311X130,0.0391923891605933,0.0391923891605933,178,311
L,311X131,0.10327530412388203,0.10327530412388203,178,311
L,311X133,-0.0359959317075411,0.0359959317075411,178,311
L,311X134,-0.06555595511081688,0.06555595511081688,178,311
L,311X135,-0.011880686159905918,0.011880686159905918,178,311
L,311X136,-0.04387975948604006,0.04387975948604006,178,311
L,311X137,-0.027085866722241128,0.027085866722241128,178,311
L,311X139,0.0378930712131617,0.0378930712131617,178,311
L,311X140,-0.0007724892522754757,0.0007724892522754757,178,311
L,311X141,0.008246000388316271,0.008246000388316271,178,311
L,311X142,-0.0019554830577684073,0.0019554830577684073,178,311
L,311X143,0.05843840682491343,0.05843840682491343,178,311
L,311X145,0.005311007808391137,0.005311007808391137,178,311
L,311X146,0.1225983990073706,0.1225983990073706,178,311
L,311X147,0.14760132579028568,0.14760132579028568,178,311
L,311X148,0.0047919207836225304,0.0047919207836225304,178,311
L,311X149,-0.04921205102097288,0.04921205102097288,178,311
L,311X151,0.05981865547347816,0.05981865547347816,178,311
L,311X152,0.025284729452194458,0.025284729452194458,178,311
L,311X153,0.07950567762405794,0.07950567762405794,178,311
L,311X154,0.019398304790741335,0.019398304790741335,178,311
L,311X155,-0.04139574342855815,0.04139574342855815,178,311
L,311X162,-0.1743710919664678,0.1743710919664678,178,311
L,311X163,-0.1930170783218685,0.1930170783218685,178,311
L,311X164,-0.18745569405226364,0.18745569405226364,178,311
L,311X165,-0.16574747472122453,0.16574747472122453,178,311
L,311X169,-0.15052405756604195,0.15052405756604195,178,311
L,311X170,-0.16970994151553387,0.16970994151553387,178,311
L,311X171,-0.20027417264210726,0.20027417264210726,178,311
L,311X182,-0.019769201520756993,0.019769201520756993,178,311
L,311X183,-0.010790916711826547,0.010790916711826547,178,311
L,311X184,-0.010790916711826547,0.010790916711826547,178,311
L,311X187,0.10331441691488041,0.10331441691488041,178,311
L,311X188,0.09873464003448916,0.09873464003448916,178,311
L,311X189,0.05693223334910236,0.05693223334910236,178,311
L,311X190,0.10227260478302087,0.10227260478302087,178,311
L,311X191,0.10169132855527643,0.10169132855527643,178,311
L,311X192,-0.10463651809234444,0.10463651809234444,178,311
L,311X193,-0.1036643764436329,0.1036643764436329,178,311
L,311X194,-0.10756818509736266,0.10756818509736266,178,311
L,311X195,9.231541352625215e-05,9.231541352625215e-05,178,311
L,311X196,-0.06469018079241533,0.06469018079241533,178,311
L,311X197,-0.07134063512467463,0.07134063512467463,178,311
L,311X199,-0.06745497884754599,0.06745497884754599,178,311
L,311X200,-0.0905609189428746,0.0905609189428746,178,311
L,311X203,0.10344849270188759,0.10344849270188759,178,311
L,311X204,0.10623621926944395,0.10623621926944395,178,311
L,311X205,0.10237837564921913,0.10237837564921913,178,311
L,311X206,0.059392652479765454,0.059392652479765454,178,311
L,311X207,0.10206856949015604,0.10206856949015604,178,311
L,311X208,-0.03925324728488803,0.03925324728488803,178,311
L,311X209,-0.029908416888229285,0.029908416888229285,178,311
L,311X210,-0.0370025048196796,0.0370025048196796,178,311
L,311X211,0.0397087001415167,0.0397087001415167,178,311
L,311X212,-0.04108586204040114,0.04108586204040114,178,311
L,311X223,0.08211030798559293,0.08211030798559293,178,311
L,Chamber ID,-0.11093100307545899,0.11093100307545899,178,UNKNOWN
L,312X1,0.031044442226421533,0.031044442226421533,178,312
L,312X2,0.09357591870347677,0.09357591870347677,178,312
L,312X3,0.008738831206016597,0.008738831206016597,178,312
L,312X6,-0.09373816615103571,0.09373816615103571,178,312
L,312X7,-0.06464421188916132,0.06464421188916132,178,312
L,312X8,-0.1444090835977692,0.1444090835977692,178,312
L,312X11,0.039352261791133124,0.039352261791133124,178,312
L,312X12,0.06929842254981389,0.06929842254981389,178,312
L,312X13,-0.089263842392869,0.089263842392869,178,312
L,312X16,-0.03804729726692509,0.03804729726692509,178,312
L,312X17,-0.07840819190076241,0.07840819190076241,178,312
L,312X18,-0.011405417022854367,0.011405417022854367,178,312
L,312X21,-0.0032266882792568005,0.0032266882792568005,178,312
L,312X22,0.04404397353249916,0.04404397353249916,178,312
L,312X23,-0.09342967334787015,0.09342967334787015,178,312
L,312X26,-0.004052410792266416,0.004052410792266416,178,312
L,312X27,0.07511773834547664,0.07511773834547664,178,312
L,312X28,0.1248903852078652,0.1248903852078652,178,312
L,312X31,-0.06425035013415523,0.06425035013415523,178,312
L,312X32,-0.05420961191164063,0.05420961191164063,178,312
L,312X33,-0.10801554581687862,0.10801554581687862,178,312
L,312X36,0.06288483496292202,0.06288483496292202,178,312
L,312X37,0.07962155860522326,0.07962155860522326,178,312
L,312X38,0.10646819191044984,0.10646819191044984,178,312
L,312X41,0.012148582960500243,0.012148582960500243,178,312
L,312X42,0.0036404054113083825,0.0036404054113083825,178,312
L,312X43,-0.1554135346988862,0.1554135346988862,178,312
L,312X46,-0.06229054398946347,0.06229054398946347,178,312
L,312X47,-0.02202721531673134,0.02202721531673134,178,312
L,312X48,0.09253564067394747,0.09253564067394747,178,312
L,312X51,-0.09099536613517627,0.09099536613517627,178,312
L,312X52,-0.08221069650579658,0.08221069650579658,178,312
L,312X53,-0.0005350564012831171,0.0005350564012831171,178,312
L,312X54,-0.07376116048949137,0.07376116048949137,178,312
L,312X55,-0.15854386877349755,0.15854386877349755,178,312
L,312X57,-0.06519645927219757,0.06519645927219757,178,312
L,312X58,-0.08806259699530933,0.08806259699530933,178,312
L,312X59,0.04812584708921528,0.04812584708921528,178,312
L,312X60,-0.05676068422665832,0.05676068422665832,178,312
L,312X61,-0.15038544992680594,0.15038544992680594,178,312
L,312X63,-0.01935133645675348,0.01935133645675348,178,312
L,312X64,-0.05184074900935734,0.05184074900935734,178,312
L,312X65,0.08129383381463756,0.08129383381463756,178,312
L,312X66,-0.032098702159232446,0.032098702159232446,178,312
L,312X67,-0.00408290079456948,0.00408290079456948,178,312
L,312X69,-0.07694512988216616,0.07694512988216616,178,312
L,312X70,-0.0799272431494761,0.0799272431494761,178,312
L,312X71,-0.07013338299219389,0.07013338299219389,178,312
L,312X72,-0.07366110619252,0.07366110619252,178,312
L,312X73,-0.08554850116912292,0.08554850116912292,178,312
L,312X75,-0.07845255885287718,0.07845255885287718,178,312
L,312X76,-0.09737971095996624,0.09737971095996624,178,312
L,312X77,-0.08091255682890655,0.08091255682890655,178,312
L,312X78,-0.07818191513479016,0.07818191513479016,178,312
L,312X79,-0.08619390438951699,0.08619390438951699,178,312
L,312X81,-0.0339781622028505,0.0339781622028505,178,312
L,312X82,-0.06994076995107366,0.06994076995107366,178,312
L,312X83,-0.06391478392921368,0.06391478392921368,178,312
L,312X84,-0.06809022793176414,0.06809022793176414,178,312
L,312X85,-0.07719268503415358,0.07719268503415358,178,312
L,312X87,0.0783707187713108,0.0783707187713108,178,312
L,312X88,0.06947575124771169,0.06947575124771169,178,312
L,312X89,0.08112112077584802,0.08112112077584802,178,312
L,312X90,0.07088327022767112,0.07088327022767112,178,312
L,312X91,0.034569691676800775,0.034569691676800775,178,312
L,312X93,-0.05341199613946392,0.05341199613946392,178,312
L,312X94,0.008126222740383958,0.008126222740383958,178,312
L,312X95,0.17925598032684456,0.17925598032684456,178,312
L,312X96,0.12289604480534068,0.12289604480534068,178,312
L,312X97,0.017935067752672527,0.017935067752672527,178,312
L,312X99,0.02561099113776651,0.02561099113776651,178,312
L,312X100,0.005092860257769413,0.005092860257769413,178,312
L,312X101,0.049519687443079434,0.049519687443079434,178,312
L,312X102,0.08589711891010617,0.08589711891010617,178,312
L,312X111,0.05818123246714017,0.05818123246714017,178,312
L,312X112,0.00043319851664451003,0.00043319851664451003,178,312
L,312X113,-0.028064138695748145,0.028064138695748145,178,312
L,312X114,-0.02281720474696085,0.02281720474696085,178,312
L,312X115,0.034352668896712894,0.034352668896712894,178,312
L,312X117,0.04834391456247381,0.04834391456247381,178,312
L,312X118,-0.008820766544889001,0.008820766544889001,178,312
L,312X119,-0.02629744629525207,0.02629744629525207,178,312
L,312X120,-0.01845968661240574,0.01845968661240574,178,312
L,312X121,0.03439753505397295,0.03439753505397295,178,312
L,312X123,0.06176716934590786,0.06176716934590786,178,312
L,312X124,0.012381794208162844,0.012381794208162844,178,312
L,312X125,-0.029037787763169454,0.029037787763169454,178,312
L,312X126,-0.025701781429021176,0.025701781429021176,178,312
L,312X127,0.03325497311894727,0.03325497311894727,178,312
L,312X129,0.0830297398962159,0.0830297398962159,178,312
L,312X130,0.10916678171513601,0.10916678171513601,178,312
L,312X131,0.09007517575173371,0.09007517575173371,178,312
L,312X132,0.07460257767766756,0.07460257767766756,178,312
L,312X133,0.07232711925871733,0.07232711925871733,178,312
L,312X135,0.0627457846889411,0.0627457846889411,178,312
L,312X136,0.10506044206871691,0.10506044206871691,178,312
L,312X137,0.08495799960244188,0.08495799960244188,178,312
L,312X138,0.06886859539766839,0.06886859539766839,178,312
L,312X139,0.07136243667008375,0.07136243667008375,178,312
L,312X141,0.09817964041112659,0.09817964041112659,178,312
L,312X142,0.10410450871830654,0.10410450871830654,178,312
L,312X143,0.09440622016023761,0.09440622016023761,178,312
L,312X144,0.07605709799892454,0.07605709799892454,178,312
L,312X145,0.07293598415762448,0.07293598415762448,178,312
L,312X153,-0.06845958911487746,0.06845958911487746,178,312
L,312X154,-0.07131182655023491,0.07131182655023491,178,312
L,312X155,-0.07104056649446394,0.07104056649446394,178,312
L,312X159,-0.06825962057691626,0.06825962057691626,178,312
L,312X160,0.10458932175858301,0.10458932175858301,178,312
L,312X162,-0.04387401309138522,0.04387401309138522,178,312
L,312X163,0.003919512965569085,0.003919512965569085,178,312
L,312X165,-0.02821631142450035,0.02821631142450035,178,312
L,312X166,0.058314092565596234,0.058314092565596234,178,312
L,312X167,0.0985619258641898,0.0985619258641898,178,312
L,312X168,0.06607714460420934,0.06607714460420934,178,312
L,312X169,-0.03954938853112748,0.03954938853112748,178,312
L,312X171,0.03639322063157846,0.03639322063157846,178,312
L,312X172,-0.0670050474287622,0.0670050474287622,178,312
L,312X173,0.09853670907942272,0.09853670907942272,178,312
L,312X174,0.11034838862050327,0.11034838862050327,178,312
L,312X175,0.0830262097667208,0.0830262097667208,178,312
L,312X186,-0.05383640332229047,0.05383640332229047,178,312
L,312X187,0.04859741504433407,0.04859741504433407,178,312
L,312X189,0.05099772887423521,0.05099772887423521,178,312
L,312X191,-0.017181548436469653,0.017181548436469653,178,312
L,312X192,0.009111347738575961,0.009111347738575961,178,312
L,312X193,-0.0776718868758713,0.0776718868758713,178,312
L,312X197,-0.011079636085578156,0.011079636085578156,178,312
L,312X198,0.006586491628583918,0.006586491628583918,178,312
L,312X199,0.11689229952718443,0.11689229952718443,178,312
L,312X207,0.08219615093513004,0.08219615093513004,178,312
L,312X208,-0.04050833655114357,0.04050833655114357,178,312
L,312X209,0.0670050474289826,0.0670050474289826,178,312
L,312X210,-0.08442185080459447,0.08442185080459447,178,312
L,312X211,0.03427734867417885,0.03427734867417885,178,312
L,312X213,-0.030947063908929928,0.030947063908929928,178,312
L,312X214,0.10306237748231512,0.10306237748231512,178,312
L,312X215,-0.10474823047268358,0.10474823047268358,178,312
L,312X216,-0.05102290795006619,0.05102290795006619,178,312
L,312X217,0.06493440925603926,0.06493440925603926,178,312
L,312X219,-0.04471972835143717,0.04471972835143717,178,312
L,312X220,-0.029177887822491283,0.029177887822491283,178,312
L,312X221,0.018629601607283268,0.018629601607283268,178,312
L,312X222,0.023492755869457413,0.023492755869457413,178,312
L,312X223,0.07087659419905613,0.07087659419905613,178,312
L,312X233,-0.07709021295466495,0.07709021295466495,178,312
L,312X234,0.06020026826242262,0.06020026826242262,178,312
L,312X235,-0.09565080947018345,0.09565080947018345,178,312
L,312X236,0.11395479524459982,0.11395479524459982,178,312
L,312X238,-0.055342479702919375,0.055342479702919375,178,312
L,312X239,-0.04692131009192408,0.04692131009192408,178,312
L,312X240,-0.10558116213722503,0.10558116213722503,178,312
L,312X244,-0.07792226695584231,0.07792226695584231,178,312
L,312X245,0.09947308758096829,0.09947308758096829,178,312
L,312X246,0.0015401313441029609,0.0015401313441029609,178,312
L,312X253,-0.0824789784889665,0.0824789784889665,178,312
L,312X254,0.1262982208333139,0.1262982208333139,178,312
L,312X255,-0.0008368508546832397,0.0008368508546832397,178,312
L,312X256,-0.11076145703553865,0.11076145703553865,178,312
L,312X257,-0.059646826461156585,0.059646826461156585,178,312
L,312X259,-0.13882841942027566,0.13882841942027566,178,312
L,312X260,-0.08660330550731528,0.08660330550731528,178,312
L,312X261,0.03933761068197442,0.03933761068197442,178,312
L,312X262,-0.05862951606298728,0.05862951606298728,178,312
L,312X263,-0.03956419427205305,0.03956419427205305,178,312
L,312X265,0.06998294379661177,0.06998294379661177,178,312
L,312X266,0.03530842500047338,0.03530842500047338,178,312
L,312X267,0.078910821281639,0.078910821281639,178,312
L,312X268,-0.0642580322472536,0.0642580322472536,178,312
L,312X269,0.03688267348119074,0.03688267348119074,178,312
L,312X277,0.1427715471291647,0.1427715471291647,178,312
L,312X278,0.1650153714837632,0.1650153714837632,178,312
L,312X279,0.13337271633931003,0.13337271633931003,178,312
L,312X280,0.1673323111945813,0.1673323111945813,178,312
L,312X281,0.20059187589893346,0.20059187589893346,178,312
L,312X283,0.0872166086329891,0.0872166086329891,178,312
L,312X284,0.1606292004657484,0.1606292004657484,178,312
L,312X285,0.13106478434945235,0.13106478434945235,178,312
L,312X286,0.1382260617488073,0.1382260617488073,178,312
L,312X287,0.18888500527205354,0.18888500527205354,178,312
L,312X289,0.03331057019491329,0.03331057019491329,178,312
L,312X290,0.08203819968559391,0.08203819968559391,178,312
L,312X291,0.06636079212477117,0.06636079212477117,178,312
L,312X292,0.13463110178111615,0.13463110178111615,178,312
L,312X293,0.1621066630926424,0.1621066630926424,178,312
L,312X303,0.14917484833781194,0.14917484833781194,178,312
L,312X307,-0.17599952920443707,0.17599952920443707,178,312
L,312X308,-0.1529388340090679,0.1529388340090679,178,312
L,312X310,-0.15672170423813603,0.15672170423813603,178,312
L,312X311,-0.15143926517238745,0.15143926517238745,178,312
L,312X315,0.024171068782329382,0.024171068782329382,178,312
L,312X327,-0.0793054085854764,0.0793054085854764,178,312
L,312X328,-0.035377456883861264,0.035377456883861264,178,312
L,312X331,0.07157255152065065,0.07157255152065065,178,312
L,312X332,0.06836885624850739,0.06836885624850739,178,312
L,312X333,0.024382617297118696,0.024382617297118696,178,312
L,312X334,0.08053092186365994,0.08053092186365994,178,312
L,312X335,0.12639557836038323,0.12639557836038323,178,312
L,312X337,-0.07378335162730722,0.07378335162730722,178,312
L,312X338,-0.03180680621627181,0.03180680621627181,178,312
L,312X339,-0.07606562597859075,0.07606562597859075,178,312
L,312X340,0.08100521322684232,0.08100521322684232,178,312
L,312X341,0.031670487838215286,0.031670487838215286,178,312
L,312X349,0.04227795208733562,0.04227795208733562,178,312
L,312X350,0.09200753311673054,0.09200753311673054,178,312
L,312X351,0.11543260573193326,0.11543260573193326,178,312
L,312X352,0.11010742480825984,0.11010742480825984,178,312
L,312X353,0.13212203010091403,0.13212203010091403,178,312
L,312X355,-0.012464735983484429,0.012464735983484429,178,312
L,312X356,0.08017908593226988,0.08017908593226988,178,312
L,312X357,0.07382278310280486,0.07382278310280486,178,312
L,312X358,0.10257892513390357,0.10257892513390357,178,312
L,312X359,0.11803080799847897,0.11803080799847897,178,312
L,312X361,0.08364654342340568,0.08364654342340568,178,312
L,312X362,0.13189785110245475,0.13189785110245475,178,312
L,312X363,0.12039406510701518,0.12039406510701518,178,312
L,312X364,0.13539598207234554,0.13539598207234554,178,312
L,312X365,0.14630586557316233,0.14630586557316233,178,312
L,312X373,0.073221356848978,0.073221356848978,178,312
L,312X374,0.07224349157711879,0.07224349157711879,178,312
L,312X375,0.07216728428828875,0.07216728428828875,178,312
L,312X376,0.07292475648002235,0.07292475648002235,178,312
L,312X377,0.0315828515765402,0.0315828515765402,178,312
L,312X379,0.07509154041051426,0.07509154041051426,178,312
L,312X380,0.06360585518403761,0.06360585518403761,178,312
L,312X381,0.06561957039568228,0.06561957039568228,178,312
L,312X382,0.025353106266730797,0.025353106266730797,178,312
L,312X383,0.021075250353701964,0.021075250353701964,178,312
L,312X385,0.07315807333403458,0.07315807333403458,178,312
L,312X386,0.00883879871895306,0.00883879871895306,178,312
L,312X387,0.05149057074847655,0.05149057074847655,178,312
L,312X388,0.0823983662366392,0.0823983662366392,178,312
L,312X389,0.08006101132074163,0.08006101132074163,178,312
L,312X421,0.12020739195726983,0.12020739195726983,178,312
L,312X423,-0.018759952339197042,0.018759952339197042,178,312
L,312X424,-0.007476205722119061,0.007476205722119061,178,312
L,312X425,-0.019394467113628817,0.019394467113628817,178,312
L,312X426,0.055337844154917555,0.055337844154917555,178,312
L,312X427,0.011552406728683432,0.011552406728683432,178,312
L,312X428,0.037829594516451966,0.037829594516451966,178,312
L,312X429,0.05138988093058625,0.05138988093058625,178,312
L,312X430,0.12050667852376709,0.12050667852376709,178,312
L,312X434,0.06135248380958145,0.06135248380958145,178,312
L,312X435,-0.11136838283037422,0.11136838283037422,178,312
L,312X436,0.016838442730201266,0.016838442730201266,178,312
L,312X438,-0.06984893379053726,0.06984893379053726,178,312
L,312X439,-0.11487000442664881,0.11487000442664881,178,312
L,312X440,0.04949165240125612,0.04949165240125612,178,312
L,312X441,-0.053749778388351634,0.053749778388351634,178,312
L,312X442,0.030238440696870716,0.030238440696870716,178,312
L,312X444,-0.049170027403938645,0.049170027403938645,178,312
L,312X445,0.08341221440537681,0.08341221440537681,178,312
L,312X446,-0.07691201876809875,0.07691201876809875,178,312
L,312X447,0.037654388328490745,0.037654388328490745,178,312
L,312X448,-0.03847571252066103,0.03847571252066103,178,312
L,312X456,-0.030002466745954474,0.030002466745954474,178,312
L,312X457,-0.01404110768155581,0.01404110768155581,178,312
L,312X458,-0.014039931199064708,0.014039931199064708,178,312
L,312X459,0.035377456888751956,0.035377456888751956,178,312
L,312X462,0.006562759125677891,0.006562759125677891,178,312
L,312X463,-0.014021288530524006,0.014021288530524006,178,312
L,312X464,-0.014044904780536544,0.014044904780536544,178,312
L,312X465,-0.0905521144249902,0.0905521144249902,178,312
L,312X468,-0.0324792498314374,0.0324792498314374,178,312
L,312X469,-0.014062540824277152,0.014062540824277152,178,312
L,312X470,-0.014065380482498255,0.014065380482498255,178,312
L,312X471,0.020965917411042864,0.020965917411042864,178,312
L,312X474,-0.06102854545449621,0.06102854545449621,178,312
L,312X475,-0.07149025264269068,0.07149025264269068,178,312
L,312X476,-0.044167075435943566,0.044167075435943566,178,312
L,312X477,-0.04532426139997278,0.04532426139997278,178,312
L,312X478,-0.11240109736650361,0.11240109736650361,178,312
L,312X480,-0.02143499939153175,0.02143499939153175,178,312
L,312X481,-0.028882632634387624,0.028882632634387624,178,312
L,312X482,0.008088845463770372,0.008088845463770372,178,312
L,312X483,0.008376467548574601,0.008376467548574601,178,312
L,312X486,-0.08624290021600238,0.08624290021600238,178,312
L,312X487,0.04616630619184665,0.04616630619184665,178,312
L,312X488,-0.012898341192427595,0.012898341192427595,178,312
L,312X489,-0.07847108700645773,0.07847108700645773,178,312
L,312X511,-0.014041107681556045,0.014041107681556045,178,312
L,312X516,0.01771808374980767,0.01771808374980767,178,312
L,312X517,0.023797572849348116,0.023797572849348116,178,312
L,312X518,0.0326473638716333,0.0326473638716333,178,312
L,312X519,0.04410152092613429,0.04410152092613429,178,312
L,312X520,0.1124010973665032,0.1124010973665032,178,312
L,312X522,0.016971831021813585,0.016971831021813585,178,312
L,312X523,0.02282289980174139,0.02282289980174139,178,312
L,312X524,0.026272496706274167,0.026272496706274167,178,312
L,312X525,0.05205007452327012,0.05205007452327012,178,312
L,312X528,0.015608320334149323,0.015608320334149323,178,312
L,312X529,0.032982673158625575,0.032982673158625575,178,312
L,312X530,-0.010374275789078279,0.010374275789078279,178,312
L,312X531,0.027766284268513932,0.027766284268513932,178,312
L,312X552,-0.012346405963227234,0.012346405963227234,178,312
L,312X553,0.021930160238698152,0.021930160238698152,178,312
L,312X554,0.1097831768899341,0.1097831768899341,178,312
L,312X555,0.035181096726132066,0.035181096726132066,178,312
L,312X558,-0.011514642205903676,0.011514642205903676,178,312
L,312X559,0.020875390077882718,0.020875390077882718,178,312
L,312X560,0.10051915391106889,0.10051915391106889,178,312
L,312X561,0.04151883689976018,0.04151883689976018,178,312
L,312X564,-0.03169393890312086,0.03169393890312086,178,312
L,312X565,0.018892907560468585,0.018892907560468585,178,312
L,312X566,0.11395363880401864,0.11395363880401864,178,312
L,312X567,0.03190975015826897,0.03190975015826897,178,312
L,312X570,-0.05442457568580032,0.05442457568580032,178,312
L,312X574,0.11255004081310142,0.11255004081310142,178,312
L,312X576,0.02148410011911582,0.02148410011911582,178,312
L,312X577,-0.014065579065887223,0.014065579065887223,178,312
L,312X578,-0.014044508291981183,0.014044508291981183,178,312
L,312X579,-0.014011983128741717,0.014011983128741717,178,312
L,312X580,0.045718386346969495,0.045718386346969495,178,312
L,312X582,-0.0023997935919343556,0.0023997935919343556,178,312
L,312X583,-0.014031371209094475,0.014031371209094475,178,312
L,312X584,-0.014053413087208198,0.014053413087208198,178,312
L,312X585,-0.014072628745111015,0.014072628745111015,178,312
L,312X586,-0.12903920927104098,0.12903920927104098,178,312
L,312X588,0.021418098639953222,0.021418098639953222,178,312
L,312X589,0.06435471421064633,0.06435471421064633,178,312
L,312X590,0.09880534576330856,0.09880534576330856,178,312
L,312X591,0.11451330807958171,0.11451330807958171,178,312
L,312X592,0.14063414162255186,0.14063414162255186,178,312
L,312X594,0.008852350352724683,0.008852350352724683,178,312
L,312X595,0.0625046557547582,0.0625046557547582,178,312
L,312X596,0.11166505504895634,0.11166505504895634,178,312
L,312X597,0.09002175276655804,0.09002175276655804,178,312
L,312X598,0.14320117625144677,0.14320117625144677,178,312
L,312X600,0.022184195920957182,0.022184195920957182,178,312
L,312X601,0.06972491418742542,0.06972491418742542,178,312
L,312X603,0.11507663933384393,0.11507663933384393,178,312
L,312X630,-0.03135945138714924,0.03135945138714924,178,312
L,312X631,-0.08588800939352974,0.08588800939352974,178,312
L,312X632,-0.0680891049840694,0.0680891049840694,178,312
L,312X633,-0.04517009189881327,0.04517009189881327,178,312
L,312X634,-0.015290401991766938,0.015290401991766938,178,312
L,312X636,-0.039900080967481204,0.039900080967481204,178,312
L,312X637,-0.07344864064005328,0.07344864064005328,178,312
L,312X638,-0.06059230741006584,0.06059230741006584,178,312
L,312X639,-0.023119751064642976,0.023119751064642976,178,312
L,312X640,-0.016112419867515795,0.016112419867515795,178,312
L,312X642,-0.03263082389490062,0.03263082389490062,178,312
L,312X643,-0.08111736663098175,0.08111736663098175,178,312
L,312X644,-0.06566438160945665,0.06566438160945665,178,312
L,312X645,0.0001546381016596771,0.0001546381016596771,178,312
L,312X666,0.01896105870810151,0.01896105870810151,178,312
L,312X667,-0.014293745022401874,0.014293745022401874,178,312
L,312X668,-0.008095040790793555,0.008095040790793555,178,312
L,312X669,-0.017225504295716856,0.017225504295716856,178,312
L,312X670,0.008775822476176988,0.008775822476176988,178,312
L,312X672,0.021257775840626884,0.021257775840626884,178,312
L,312X673,-0.014464221889454856,0.014464221889454856,178,312
L,312X674,-0.007833377485275404,0.007833377485275404,178,312
L,312X675,-0.01684935682376811,0.01684935682376811,178,312
L,312X676,0.005924564997509915,0.005924564997509915,178,312
L,312X678,0.018637902168474274,0.018637902168474274,178,312
L,312X679,-0.013692574031861604,0.013692574031861604,178,312
L,312X680,-0.008700987025619444,0.008700987025619444,178,312
L,312X681,-0.017169481464284517,0.017169481464284517,178,312
L,312X682,-0.002631982333428833,0.002631982333428833,178,312
L,312X690,-0.007688864084177541,0.007688864084177541,178,312
L,312X691,0.0630533184372884,0.0630533184372884,178,312
L,312X692,0.09288566205118974,0.09288566205118974,178,312
L,312X693,0.024998054699429163,0.024998054699429163,178,312
L,312X694,0.04990865354348077,0.04990865354348077,178,312
L,312X695,0.016515995378499352,0.016515995378499352,178,312
L,312X696,-0.05321576626259547,0.05321576626259547,178,312
L,312X697,-0.03166229708541961,0.03166229708541961,178,312
L,312X698,-0.05207818587769555,0.05207818587769555,178,312
L,312X699,-0.03109453964589526,0.03109453964589526,178,312
L,312X700,0.09001701078158061,0.09001701078158061,178,312
L,312X701,0.013321737988336467,0.013321737988336467,178,312
L,312X702,0.025979654228454847,0.025979654228454847,178,312
L,312X703,0.04068663395455876,0.04068663395455876,178,312
L,312X704,0.07953891690299733,0.07953891690299733,178,312
L,312X710,0.060429548998692684,0.060429548998692684,178,312
L,312X711,0.06311789085789775,0.06311789085789775,178,312
L,312X712,0.04393512530147884,0.04393512530147884,178,312
L,312X713,0.034299021470441754,0.034299021470441754,178,312
L,312X714,0.04621957477102365,0.04621957477102365,178,312
L,312X716,0.07643905076955104,0.07643905076955104,178,312
L,312X717,0.06853483500743297,0.06853483500743297,178,312
L,312X718,0.03831199682879942,0.03831199682879942,178,312
L,312X719,0.030367219142938245,0.030367219142938245,178,312
L,312X720,0.044497267718235776,0.044497267718235776,178,312
L,312X722,0.04225656277336126,0.04225656277336126,178,312
L,312X723,0.05744988772233283,0.05744988772233283,178,312
L,312X724,0.04952100007969648,0.04952100007969648,178,312
L,312X725,0.0371939111877524,0.0371939111877524,178,312
L,312X726,0.04980203470655488,0.04980203470655488,178,312
L,312X728,-0.04508255173418251,0.04508255173418251,178,312
L,312X729,-0.02563693904073951,0.02563693904073951,178,312
L,312X730,-0.012239526643278717,0.012239526643278717,178,312
L,312X731,-0.0026773413761141214,0.0026773413761141214,178,312
L,312X732,0.031714737359836924,0.031714737359836924,178,312
L,312X734,-0.047144232774597325,0.047144232774597325,178,312
L,312X735,-0.03484478312790998,0.03484478312790998,178,312
L,312X736,-0.009502722352989875,0.009502722352989875,178,312
L,312X737,-0.00194858268674189,0.00194858268674189,178,312
L,312X738,0.02905813418903709,0.02905813418903709,178,312
L,312X740,-0.03710859797515802,0.03710859797515802,178,312
L,312X741,-0.018392099486863708,0.018392099486863708,178,312
L,312X742,-0.008583536432988313,0.008583536432988313,178,312
L,312X743,-0.0008248674337790348,0.0008248674337790348,178,312
L,312X744,0.029640760542981464,0.029640760542981464,178,312
L,312X752,-0.06732467643491889,0.06732467643491889,178,312
L,312X753,0.005259850875342397,0.005259850875342397,178,312
L,312X754,0.02518015475481189,0.02518015475481189,178,312
L,312X755,0.05138988093058898,0.05138988093058898,178,312
L,312X758,0.015230593356884764,0.015230593356884764,178,312
L,312X759,0.03951314926669348,0.03951314926669348,178,312
L,312X760,0.07325178767027146,0.07325178767027146,178,312
L,312X761,0.09965389524834575,0.09965389524834575,178,312
L,312X762,0.11291376465567712,0.11291376465567712,178,312
L,312X764,0.00985272789642463,0.00985272789642463,178,312
L,312X765,0.034155175396614015,0.034155175396614015,178,312
L,312X766,0.06693326787142485,0.06693326787142485,178,312
L,312X767,0.0979648654264605,0.0979648654264605,178,312
L,312X768,0.11062309687732295,0.11062309687732295,178,312
L,312X770,0.014050884399680254,0.014050884399680254,178,312
L,312X771,0.04244704625643428,0.04244704625643428,178,312
L,312X772,0.07690462769536237,0.07690462769536237,178,312
L,312X773,0.09935517730294886,0.09935517730294886,178,312
L,312X774,0.11370518546918386,0.11370518546918386,178,312
L,312X776,-0.060779748024197985,0.060779748024197985,178,312
L,312X777,-0.05665693855678257,0.05665693855678257,178,312
L,312X778,-0.057376463622427216,0.057376463622427216,178,312
L,312X779,-0.043227552260657456,0.043227552260657456,178,312
L,312X780,-0.05469665052868061,0.05469665052868061,178,312
L,312X782,-0.06281321417017881,0.06281321417017881,178,312
L,312X783,-0.05583196399373498,0.05583196399373498,178,312
L,312X784,-0.04974511554767657,0.04974511554767657,178,312
L,312X785,-0.0503300871591422,0.0503300871591422,178,312
L,312X786,-0.057381346642540035,0.057381346642540035,178,312
L,312X788,-0.056044364496885504,0.056044364496885504,178,312
L,312X789,-0.049869363001410566,0.049869363001410566,178,312
L,312X790,-0.04530640566942308,0.04530640566942308,178,312
L,312X791,-0.04817362692846184,0.04817362692846184,178,312
L,312X792,-0.04932324805873289,0.04932324805873289,178,312
L,330X1,-0.03810072352049105,0.03810072352049105,178,330
L,330X3,0.09562702896207205,0.09562702896207205,178,330
L,330X6,0.09930518057506026,0.09930518057506026,178,330
L,330X9,0.09380404842793469,0.09380404842793469,178,330
L,330X11,-0.09100822120424608,0.09100822120424608,178,330
L,330X13,0.002223217074464082,0.002223217074464082,178,330
L,330X16,-0.0014114612235458619,0.0014114612235458619,178,330
L,330X19,0.005963143264272134,0.005963143264272134,178,330
L,330X21,0.09082296773285448,0.09082296773285448,178,330
L,330X23,0.08048113313104799,0.08048113313104799,178,330
L,330X26,0.07894769330320107,0.07894769330320107,178,330
L,330X29,0.08200385034778365,0.08200385034778365,178,330
L,330X31,0.09743665513684571,0.09743665513684571,178,330
L,330X41,-0.06957536170777207,0.06957536170777207,178,330
L,330X43,-0.06891216183908437,0.06891216183908437,178,330
L,330X46,-0.06511827984970495,0.06511827984970495,178,330
L,330X49,-0.07405331256724816,0.07405331256724816,178,330
L,330X51,-0.09128232429129318,0.09128232429129318,178,330
L,330X53,0.01376767270179797,0.01376767270179797,178,330
L,330X56,0.016161858045907623,0.016161858045907623,178,330
L,330X59,0.011991319325277403,0.011991319325277403,178,330
L,330X61,-0.07147447692242051,0.07147447692242051,178,330
L,330X63,0.10997018466167581,0.10997018466167581,178,330
L,330X66,0.10944237567820732,0.10944237567820732,178,330
L,330X69,0.11121683055609602,0.11121683055609602,178,330
L,330X71,-0.07977743125449575,0.07977743125449575,178,330
L,330X73,0.11222716736698436,0.11222716736698436,178,330
L,330X76,0.11154057142988161,0.11154057142988161,178,330
L,330X79,0.1134489218181363,0.1134489218181363,178,330
L,330X81,0.08655770006901711,0.08655770006901711,178,330
L,330X91,-0.04115490477017646,0.04115490477017646,178,330
L,330X98,0.07327238129468085,0.07327238129468085,178,330
L,330X100,-0.015793436898250347,0.015793436898250347,178,330
L,330X102,0.1311681272064373,0.1311681272064373,178,330
L,330X104,0.0812774760119183,0.0812774760119183,178,330
L,330X105,-0.10748425032244681,0.10748425032244681,178,330
L,330X107,0.05813296650288713,0.05813296650288713,178,330
L,330X109,0.07774841760700904,0.07774841760700904,178,330
L,330X111,0.029674718591723773,0.029674718591723773,178,330
L,330X112,-0.10737446354657117,0.10737446354657117,178,330
L,330X114,0.0402011963121041,0.0402011963121041,178,330
L,330X116,0.06155971440435002,0.06155971440435002,178,330
L,330X118,0.015559838664156065,0.015559838664156065,178,330
L,330X119,0.009555037382901605,0.009555037382901605,178,330
L,330X121,0.01196388065209633,0.01196388065209633,178,330
L,330X123,0.03413845712533254,0.03413845712533254,178,330
L,330X125,-0.005516989499488865,0.005516989499488865,178,330
L,330X126,0.009655829561582912,0.009655829561582912,178,330
L,330X128,0.0017123725189815528,0.0017123725189815528,178,330
L,330X130,0.024408684907350167,0.024408684907350167,178,330
L,330X132,-0.01336597141580203,0.01336597141580203,178,330
L,330X133,0.009478093449114747,0.009478093449114747,178,330
L,330X135,-0.01069768518633536,0.01069768518633536,178,330
L,330X137,0.009702644438871864,0.009702644438871864,178,330
L,330X139,-0.022576074891185044,0.022576074891185044,178,330
L,330X140,-0.13950686858944436,0.13950686858944436,178,330
L,330X142,-0.0434462945993919,0.0434462945993919,178,330
L,330X144,-0.025241535300379796,0.025241535300379796,178,330
L,330X146,-0.04589880452990306,0.04589880452990306,178,330
L,330X147,-0.1401714587014243,0.1401714587014243,178,330
L,330X149,-0.06949686624750565,0.06949686624750565,178,330
L,330X152,-0.05238728154769957,0.05238728154769957,178,330
L,330X155,-0.06791206419891606,0.06791206419891606,178,330
L,330X157,-0.13994780301248905,0.13994780301248905,178,330
L,330X159,-0.05968481733042491,0.05968481733042491,178,330
L,330X162,-0.03790800965721661,0.03790800965721661,178,330
L,330X165,-0.06327926758539988,0.06327926758539988,178,330
L,330X167,0.0074176208083643,0.0074176208083643,178,330
L,330X169,-0.017637655433550323,0.017637655433550323,178,330
L,330X172,0.0007540697790162295,0.0007540697790162295,178,330
L,330X175,-0.03045551485684558,0.03045551485684558,178,330
L,330X177,0.004906034433634784,0.004906034433634784,178,330
L,330X179,0.012135763739739118,0.012135763739739118,178,330
L,330X182,0.027569412045401337,0.027569412045401337,178,330
L,330X185,-0.0034466818953856975,0.0034466818953856975,178,330
L,330X188,0.10608302546166185,0.10608302546166185,178,330
L,330X189,-0.014985460866433117,0.014985460866433117,178,330
L,330X191,0.1733330549751901,0.1733330549751901,178,330
L,330X193,0.1874679977024441,0.1874679977024441,178,330
L,330X195,0.14182843908524861,0.14182843908524861,178,330
L,330X196,0.006479791136893813,0.006479791136893813,178,330
L,330X198,0.004635903272566599,0.004635903272566599,178,330
L,330X201,0.02220304591315948,0.02220304591315948,178,330
L,330X204,-0.011881879204613305,0.011881879204613305,178,330
L,330X206,-0.12763457134027914,0.12763457134027914,178,330
L,330X208,0.017095014854859005,0.017095014854859005,178,330
L,330X211,0.03736119942497197,0.03736119942497197,178,330
L,330X214,-0.0016126341171718598,0.0016126341171718598,178,330
L,330X216,-0.12833195261068558,0.12833195261068558,178,330
L,330X218,0.049232569295352094,0.049232569295352094,178,330
L,330X221,0.0646023630304876,0.0646023630304876,178,330
L,330X224,0.02715378151507122,0.02715378151507122,178,330
L,330X226,-0.12810900184839544,0.12810900184839544,178,330
L,330X228,0.0720033193998446,0.0720033193998446,178,330
L,330X231,0.08367198817596792,0.08367198817596792,178,330
L,330X234,0.04993060984090162,0.04993060984090162,178,330
L,330X236,0.10874081391970253,0.10874081391970253,178,330
L,330X238,0.08834393039208174,0.08834393039208174,178,330
L,330X241,0.09790839569542495,0.09790839569542495,178,330
L,330X244,0.06582443371243016,0.06582443371243016,178,330
L,330X246,0.10752338953544403,0.10752338953544403,178,330
L,330X248,0.09259346305818156,0.09259346305818156,178,330
L,330X251,0.09920981508199068,0.09920981508199068,178,330
L,330X254,0.06856896221387034,0.06856896221387034,178,330
L,330X256,0.10796053100653563,0.10796053100653563,178,330
L,330X258,0.09607741592902082,0.09607741592902082,178,330
L,330X261,0.10308703120472859,0.10308703120472859,178,330
L,330X264,0.07299624782249269,0.07299624782249269,178,330
L,330X266,-0.07251132252564324,0.07251132252564324,178,330
L,330X268,0.088717178011465,0.088717178011465,178,330
L,330X271,0.09638153199352724,0.09638153199352724,178,330
L,330X274,0.06692712540252677,0.06692712540252677,178,330
L,330X276,-0.07321910994832181,0.07321910994832181,178,330
L,330X278,0.0847349198891355,0.0847349198891355,178,330
L,330X281,0.09387462205709189,0.09387462205709189,178,330
L,330X284,0.060423637486921596,0.060423637486921596,178,330
L,330X286,-0.07293045392345575,0.07293045392345575,178,330
L,330X288,0.09662807739102118,0.09662807739102118,178,330
L,330X291,0.10197546997716903,0.10197546997716903,178,330
L,330X294,0.07481996673123828,0.07481996673123828,178,330
L,330X296,-0.07840953138091755,0.07840953138091755,178,330
L,330X298,0.15220033634614943,0.15220033634614943,178,330
L,330X300,0.16882475840458067,0.16882475840458067,178,330
L,330X302,0.11467132624220008,0.11467132624220008,178,330
L,330X303,0.027168821300524528,0.027168821300524528,178,330
L,330X305,0.09442106951568269,0.09442106951568269,178,330
L,330X308,0.10030238684894678,0.10030238684894678,178,330
L,330X311,0.0728087787061166,0.0728087787061166,178,330
L,330X313,0.024299974705778337,0.024299974705778337,178,330
L,330X315,0.07971213140778698,0.07971213140778698,178,330
L,330X318,0.0860143310966054,0.0860143310966054,178,330
L,330X321,0.05764863726774369,0.05764863726774369,178,330
L,330X323,0.026253221273283257,0.026253221273283257,178,330
L,330X325,0.0750153677640958,0.0750153677640958,178,330
L,330X328,0.08116422553753626,0.08116422553753626,178,330
L,330X331,0.05420406749802627,0.05420406749802627,178,330
L,330X333,-0.1474748689387203,0.1474748689387203,178,330
L,330X335,0.06172399776597839,0.06172399776597839,178,330
L,330X338,0.07042581142163339,0.07042581142163339,178,330
L,330X341,0.039475457381779405,0.039475457381779405,178,330
L,330X343,-0.14819999291668393,0.14819999291668393,178,330
L,330X345,0.07451975249918877,0.07451975249918877,178,330
L,330X348,0.08123780836439658,0.08123780836439658,178,330
L,330X351,0.05352859424238269,0.05352859424238269,178,330
L,330X353,-0.14788136021227277,0.14788136021227277,178,330
L,330X355,0.07463463763454341,0.07463463763454341,178,330
L,330X358,0.08253038483787564,0.08253038483787564,178,330
L,330X361,0.05268212178111483,0.05268212178111483,178,330
L,330X363,-0.00308363273758124,0.00308363273758124,178,330
L,330X365,0.09254976661710508,0.09254976661710508,178,330
L,330X368,0.09822064985826459,0.09822064985826459,178,330
L,330X371,0.07138428502898604,0.07138428502898604,178,330
L,330X373,-0.0032492778952918017,0.0032492778952918017,178,330
L,330X375,0.08370935207675631,0.08370935207675631,178,330
L,330X378,0.0902257751641788,0.0902257751641788,178,330
L,330X381,0.059181562600984165,0.059181562600984165,178,330
L,330X383,-0.0031588182173822445,0.0031588182173822445,178,330
L,330X385,0.07745282219056555,0.07745282219056555,178,330
L,330X388,0.08564185267652427,0.08564185267652427,178,330
L,330X391,0.05313290419390278,0.05313290419390278,178,330
L,330X393,0.10542353214945478,0.10542353214945478,178,330
L,330X395,0.05575183948338993,0.05575183948338993,178,330
L,330X398,0.067182107860381,0.067182107860381,178,330
L,330X401,0.030524157734497025,0.030524157734497025,178,330
L,330X403,-0.07899576303028545,0.07899576303028545,178,330
L,330X405,0.16203632639054136,0.16203632639054136,178,330
L,330X407,0.16814021676550772,0.16814021676550772,178,330
L,330X409,0.1279006108126924,0.1279006108126924,178,330
L,330X410,0.10352801019582433,0.10352801019582433,178,330
L,330X412,0.002622091761468743,0.002622091761468743,178,330
L,330X415,0.0221993517500951,0.0221993517500951,178,330
L,330X418,-0.020349705257406123,0.020349705257406123,178,330
L,330X420,0.10481957407072692,0.10481957407072692,178,330
L,330X422,-0.03801463271984006,0.03801463271984006,178,330
L,330X425,-0.015237330756613045,0.015237330756613045,178,330
L,330X428,-0.05063584115935037,0.05063584115935037,178,330
L,330X430,-0.12921178730675484,0.12921178730675484,178,330
L,330X432,-0.07186580942430235,0.07186580942430235,178,330
L,330X435,-0.04808769611496421,0.04808769611496421,178,330
L,330X438,-0.07675670541775033,0.07675670541775033,178,330
L,330X440,-0.12229860658565789,0.12229860658565789,178,330
L,330X442,-0.13611635805424493,0.13611635805424493,178,330
L,330X445,-0.111321489815584,0.111321489815584,178,330
L,330X448,-0.12406196589962734,0.12406196589962734,178,330
L,330X450,-0.1270530275870052,0.1270530275870052,178,330
L,330X452,-0.17299440892972676,0.17299440892972676,178,330
L,330X455,-0.15892502411028478,0.15892502411028478,178,330
L,330X458,-0.1491714507506832,0.1491714507506832,178,330
L,330X460,0.13753507078896557,0.13753507078896557,178,330
L,330X462,-0.19208692611250655,0.19208692611250655,178,330
L,330X465,-0.19020351704883012,0.19020351704883012,178,330
L,330X468,-0.16761837588455875,0.16761837588455875,178,330
L,330X470,0.1376367106484088,0.1376367106484088,178,330
L,330X472,-0.1790234381392446,0.1790234381392446,178,330
L,330X475,-0.17222052804716828,0.17222052804716828,178,330
L,330X478,-0.16046092406347992,0.16046092406347992,178,330
L,330X480,0.13758477103450972,0.13758477103450972,178,330
L,330X482,-0.15900028205506803,0.15900028205506803,178,330
L,330X485,-0.1629345875482641,0.1629345875482641,178,330
L,330X488,-0.11753865497283746,0.11753865497283746,178,330
L,330X490,0.0939531820993047,0.0939531820993047,178,330
L,330X492,-0.14684370485943635,0.14684370485943635,178,330
L,330X495,-0.14909122177004672,0.14909122177004672,178,330
L,330X498,-0.11043837831398681,0.11043837831398681,178,330
L,330X500,0.0953197305410606,0.0953197305410606,178,330
L,330X502,-0.13018730561969485,0.13018730561969485,178,330
L,330X505,-0.12881188630463788,0.12881188630463788,178,330
L,330X508,-0.097421722847244,0.097421722847244,178,330
L,330X510,-0.07875518201068477,0.07875518201068477,178,330
L,330X512,0.15453943315611085,0.15453943315611085,178,330
L,330X514,0.1573951414436985,0.1573951414436985,178,330
L,330X516,0.12106905625103015,0.12106905625103015,178,330
L,330X517,0.0944208792692232,0.0944208792692232,178,330
L,330X519,-0.08268761655576111,0.08268761655576111,178,330
L,330X522,-0.07317476953517912,0.07317476953517912,178,330
L,330X525,-0.06350002592760928,0.06350002592760928,178,330
L,330X527,-0.08314600674460451,0.08314600674460451,178,330
L,330X529,-0.06189237814580605,0.06189237814580605,178,330
L,330X532,-0.05246342140367087,0.05246342140367087,178,330
L,330X535,-0.05213576461903694,0.05213576461903694,178,330
L,330X537,-0.08128725134468473,0.08128725134468473,178,330
L,330X539,-0.025274690454891877,0.025274690454891877,178,330
L,330X541,-0.007283691865598464,0.007283691865598464,178,330
L,330X544,-0.02883628142562071,0.02883628142562071,178,330
L,330X546,-0.08197440246897743,0.08197440246897743,178,330
L,330X548,0.03898213342961413,0.03898213342961413,178,330
L,330X550,0.05837566939451963,0.05837566939451963,178,330
L,330X552,0.012776089653852624,0.012776089653852624,178,330
L,330X553,-0.17991545341442125,0.17991545341442125,178,330
L,330X555,0.09082046048132067,0.09082046048132067,178,330
L,330X557,0.10438959142983488,0.10438959142983488,178,330
L,330X559,0.048784652664591116,0.048784652664591116,178,330
L,330X560,-0.17657993298624788,0.17657993298624788,178,330
L,330X562,0.11625048351083075,0.11625048351083075,178,330
L,330X564,0.12657983158419991,0.12657983158419991,178,330
L,330X566,0.07792108144091311,0.07792108144091311,178,330
L,330X567,-0.1782187613345463,0.1782187613345463,178,330
L,330X569,0.1334853835109942,0.1334853835109942,178,330
L,330X571,0.13938602277555534,0.13938602277555534,178,330
L,330X573,0.1056228284843977,0.1056228284843977,178,330
L,330X574,-0.12962778527545227,0.12962778527545227,178,330
L,330X576,0.12042183642783262,0.12042183642783262,178,330
L,330X578,0.1287696328465438,0.1287696328465438,178,330
L,330X580,0.0994263979374089,0.0994263979374089,178,330
L,330X581,-0.1296041515317398,0.1296041515317398,178,330
L,330X583,0.09801502069208849,0.09801502069208849,178,330
L,330X585,0.10699137990705869,0.10699137990705869,178,330
L,330X587,0.08211899433951492,0.08211899433951492,178,330
L,330X588,-0.1296177942207197,0.1296177942207197,178,330
L,330X590,0.0748755921914324,0.0748755921914324,178,330
L,330X592,0.08378265707712251,0.08378265707712251,178,330
L,330X594,0.06384920654007577,0.06384920654007577,178,330
L,330X595,-0.04000718967244765,0.04000718967244765,178,330
L,330X597,0.12489206412652167,0.12489206412652167,178,330
L,330X599,0.13023975852900463,0.13023975852900463,178,330
L,330X601,0.09393170767994416,0.09393170767994416,178,330
L,330X602,-0.04060092078623775,0.04060092078623775,178,330
L,330X604,0.11053418227928782,0.11053418227928782,178,330
L,330X606,0.12196362242433093,0.12196362242433093,178,330
L,330X608,0.07556565683974638,0.07556565683974638,178,330
L,330X609,-0.04047002485244917,0.04047002485244917,178,330
L,330X611,0.10168263470714577,0.10168263470714577,178,330
L,330X613,0.1134507935297093,0.1134507935297093,178,330
L,330X615,0.06616688968365593,0.06616688968365593,178,330
L,330X616,-0.10698213210299623,0.10698213210299623,178,330
L,330X618,0.07534958832484674,0.07534958832484674,178,330
L,330X620,0.094014743101685,0.094014743101685,178,330
L,330X622,0.04237766293873242,0.04237766293873242,178,330
L,330X626,-0.014337857962533328,0.014337857962533328,178,330
L,330X628,-0.10128232379956997,0.10128232379956997,178,330
L,330X630,-0.10172320368606529,0.10172320368606529,178,330
L,330X632,-0.10083461433192267,0.10083461433192267,178,330
L,330X633,-0.11524017010595652,0.11524017010595652,178,330
L,330X635,0.09787753316242004,0.09787753316242004,178,330
L,330X637,0.09788037944888654,0.09788037944888654,178,330
L,330X639,0.09788364078354841,0.09788364078354841,178,330
L,330X640,-0.13047838336137885,0.13047838336137885,178,330
L,330X642,-0.02824316052687743,0.02824316052687743,178,330
L,330X669,0.13300507707470993,0.13300507707470993,178,330
L,330X671,-0.14234813433753749,0.14234813433753749,178,330
L,330X674,-0.14200391473989377,0.14200391473989377,178,330
L,330X677,-0.14244791949725974,0.14244791949725974,178,330
L,330X689,-0.059780796802814236,0.059780796802814236,178,330
L,330X691,-0.09396979374346068,0.09396979374346068,178,330
L,330X694,-0.09366496828789356,0.09366496828789356,178,330
L,330X697,-0.0940827196685202,0.0940827196685202,178,330
L,330X699,-0.06263523737174195,0.06263523737174195,178,330
L,330X701,-0.13607798271868657,0.13607798271868657,178,330
L,330X704,-0.13569419145665773,0.13569419145665773,178,330
L,330X707,-0.1362544058233524,0.1362544058233524,178,330
L,330X709,0.13079643405974198,0.13079643405974198,178,330
L,330X714,-0.11485089110567659,0.11485089110567659,178,330
L,330X717,-0.11538980783947747,0.11538980783947747,178,330
L,330X719,0.1084532485619265,0.1084532485619265,178,330
L,330X729,0.1083155786769598,0.1083155786769598,178,330
L,330X749,-0.1081981916926373,0.1081981916926373,178,330
L,330X759,-0.10799283972893753,0.10799283972893753,178,330
L,330X769,0.09209781327844369,0.09209781327844369,178,330
L,330X771,0.15099008644755443,0.15099008644755443,178,330
L,330X774,0.15146228041528767,0.15146228041528767,178,330
L,330X777,0.15207195953356814,0.15207195953356814,178,330
L,330X788,0.11802062724458379,0.11802062724458379,178,330
L,330X790,0.09190649797867431,0.09190649797867431,178,330
L,330X793,0.09297463726034916,0.09297463726034916,178,330
L,330X798,-0.0973421795619565,0.0973421795619565,178,330
L,330X800,-0.07502508586643102,0.07502508586643102,178,330
L,330X803,-0.07301247011693669,0.07301247011693669,178,330
L,330X806,-0.07744879016062796,0.07744879016062796,178,330
L,330X808,0.130866080429165,0.130866080429165,178,330
L,330X810,-0.05397540954477425,0.05397540954477425,178,330
L,330X813,-0.05218662292386483,0.05218662292386483,178,330
L,330X816,-0.055215716743600124,0.055215716743600124,178,330
L,330X818,0.13088858896980762,0.13088858896980762,178,330
L,330X828,0.10823475375488117,0.10823475375488117,178,330
L,330X858,-0.10781527920775504,0.10781527920775504,178,330
L,330X878,-0.12665884529477445,0.12665884529477445,178,330
L,330X889,-0.1266579081908373,0.1266579081908373,178,330
L,330X890,-0.11681294775462209,0.11681294775462209,178,330
L,330X893,0.08013806807079585,0.08013806807079585,178,330
L,330X895,0.08051279156767936,0.08051279156767936,178,330
L,330X897,0.08315227823570526,0.08315227823570526,178,330
L,330X900,0.061655443645350645,0.061655443645350645,178,330
L,330X902,0.06152500937519311,0.06152500937519311,178,330
L,330X904,0.05949269430819366,0.05949269430819366,178,330
L,330X910,0.08368937318645665,0.08368937318645665,178,330
L,330X913,0.08469944581017509,0.08469944581017509,178,330
L,330X916,0.08242404817986893,0.08242404817986893,178,330
L,330X920,-0.010585799875088802,0.010585799875088802,178,330
L,330X923,-0.005260949688331577,0.005260949688331577,178,330
L,330X926,-0.013200171854853147,0.013200171854853147,178,330
L,330X930,0.013112892748605843,0.013112892748605843,178,330
L,330X933,0.013360463594249401,0.013360463594249401,178,330
L,330X936,0.01332824100315632,0.01332824100315632,178,330
L,330X940,-0.08669093412071377,0.08669093412071377,178,330
L,330X943,-0.08751903091486939,0.08751903091486939,178,330
L,330X946,-0.08675827768358295,0.08675827768358295,178,330
L,330X950,0.08430151376016085,0.08430151376016085,178,330
L,330X953,0.0827400617650104,0.0827400617650104,178,330
L,330X956,0.08596120343786205,0.08596120343786205,178,330
L,330X960,-0.07136266361889707,0.07136266361889707,178,330
L,330X963,-0.06965002665416375,0.06965002665416375,178,330
L,330X966,-0.07301667132217443,0.07301667132217443,178,330
L,330X970,0.09253395039951713,0.09253395039951713,178,330
L,330X973,0.0968205331396309,0.0968205331396309,178,330
L,330X976,0.087164115781927,0.087164115781927,178,330
L,330X980,-0.02051071604313164,0.02051071604313164,178,330
L,330X983,-0.014764168523658715,0.014764168523658715,178,330
L,330X986,-0.026158723929080672,0.026158723929080672,178,330
L,330X990,0.09585759053148286,0.09585759053148286,178,330
L,330X993,0.0974088915425032,0.0974088915425032,178,330
L,330X996,0.09380185928555923,0.09380185928555923,178,330
L,330X1000,-0.03477222902770519,0.03477222902770519,178,330
L,330X1003,-0.030795899616969866,0.030795899616969866,178,330
L,330X1006,-0.038056327487869676,0.038056327487869676,178,330
L,330X1010,0.09061774961458074,0.09061774961458074,178,330
L,330X1013,0.08846287092250296,0.08846287092250296,178,330
L,330X1016,0.09008372907523603,0.09008372907523603,178,330
L,330X1020,0.13859440194397307,0.13859440194397307,178,330
L,330X1030,0.11016917270975976,0.11016917270975976,178,330
L,330X1032,0.10915727915879385,0.10915727915879385,178,330
L,330X1034,0.11119024969385638,0.11119024969385638,178,330
L,330X1037,0.08821785839254123,0.08821785839254123,178,330
L,330X1039,0.08724842293355325,0.08724842293355325,178,330
L,330X1041,0.09072962071525474,0.09072962071525474,178,330
L,330X1042,0.09683395188728709,0.09683395188728709,178,330
L,330X1053,0.007691250473135721,0.007691250473135721,178,330
L,330X1077,0.12165779747159222,0.12165779747159222,178,330
L,330X1080,0.1143470825909366,0.1143470825909366,178,330
L,330X1083,0.12299860206545557,0.12299860206545557,178,330
L,330X1087,0.06596787426554003,0.06596787426554003,178,330
L,330X1090,0.07011281103625626,0.07011281103625626,178,330
L,330X1093,0.0594918483431714,0.0594918483431714,178,330
L,330X1097,0.08619311332179436,0.08619311332179436,178,330
L,330X1100,0.08779680240703601,0.08779680240703601,178,330
L,330X1103,0.0813136820351931,0.0813136820351931,178,330
L,330X1107,0.1126303999268884,0.1126303999268884,178,330
L,330X1127,-0.10923706744303245,0.10923706744303245,178,330
L,330X1130,-0.10924316410494758,0.10924316410494758,178,330
L,330X1133,-0.10926146539244147,0.10926146539244147,178,330
L,330X1147,-0.05096291195366562,0.05096291195366562,178,330
L,330X1150,-0.05015966177786384,0.05015966177786384,178,330
L,330X1153,-0.05153512414335892,0.05153512414335892,178,330
L,330X1157,0.008424742205396999,0.008424742205396999,178,330
L,330X1160,0.013855437780454663,0.013855437780454663,178,330
L,330X1163,-0.035355339059323455,0.035355339059323455,178,330
L,330X1166,-0.084349231890716,0.084349231890716,178,330
L,330X1168,-0.1307759587859283,0.1307759587859283,178,330
L,330X1173,0.12422439934826392,0.12422439934826392,178,330
L,330X1175,0.12340133454193464,0.12340133454193464,178,330
L,330X1177,0.12617195068708015,0.12617195068708015,178,330
L,330X1180,0.1581607966169538,0.1581607966169538,178,330
L,330X1182,0.1557870383401091,0.1557870383401091,178,330
L,330X1184,0.16116480843561426,0.16116480843561426,178,330
L,330X1187,0.07693867642402728,0.07693867642402728,178,330
L,330X1189,0.07619772379665844,0.07619772379665844,178,330
L,330X1191,0.07682691645637658,0.07682691645637658,178,330
L,330X1194,0.10773173429917818,0.10773173429917818,178,330
L,330X1196,0.12105791191601414,0.12105791191601414,178,330
L,330X1198,0.09259559855553555,0.09259559855553555,178,330
L,330X1201,0.10615876751379927,0.10615876751379927,178,330
L,330X1203,0.10717638958344815,0.10717638958344815,178,330
L,330X1205,0.1032119598134868,0.1032119598134868,178,330
L,330X1208,0.12106119504654378,0.12106119504654378,178,330
L,330X1210,0.13355118886378972,0.13355118886378972,178,330
L,330X1212,0.10678606167763953,0.10678606167763953,178,330
L,330X1218,0.08660909803185038,0.08660909803185038,178,330
L,330X1221,0.07251711303062046,0.07251711303062046,178,330
L,330X1225,0.09808517843563253,0.09808517843563253,178,330
L,330X1227,0.09808140104914614,0.09808140104914614,178,330
L,330X1229,0.09808915612162272,0.09808915612162272,178,330
L,330X1232,-0.09700594538451221,0.09700594538451221,178,330
L,330X1234,-0.09699449129151773,0.09699449129151773,178,330
L,330X1236,-0.09701642471645958,0.09701642471645958,178,330
L,330X1249,0.07537881631966672,0.07537881631966672,178,330
L,330X1251,0.0564488235058037,0.0564488235058037,178,330
L,330X1253,0.08821083954706196,0.08821083954706196,178,330
L,330X1256,0.04199354799677944,0.04199354799677944,178,330
L,330X1258,0.025297221760367833,0.025297221760367833,178,330
L,330X1261,0.05614552448796601,0.05614552448796601,178,330
L,340X1,-0.02614030001386756,0.02614030001386756,178,340
L,340X2,-0.008485323933063605,0.008485323933063605,178,340
L,340X3,-0.011099003048261948,0.011099003048261948,178,340
L,340X4,0.03492930564245615,0.03492930564245615,178,340
L,340X5,-0.01561185198896687,0.01561185198896687,178,340
L,340X6,0.025133535487397395,0.025133535487397395,178,340
L,340X7,0.035842809282428764,0.035842809282428764,178,340
L,340X8,0.011881739873095796,0.011881739873095796,178,340
L,340X9,-0.03490682634165399,0.03490682634165399,178,340
L,340X10,-0.00639410997946578,0.00639410997946578,178,340
L,340X11,0.15003769647988965,0.15003769647988965,178,340
L,340X13,0.15090121094038506,0.15090121094038506,178,340
L,340X15,0.12915084476994634,0.12915084476994634,178,340
L,340X17,-0.01633654788797496,0.01633654788797496,178,340
L,340X18,0.025152965643480556,0.025152965643480556,178,340
L,340X19,-0.01665757046595374,0.01665757046595374,178,340
L,340X20,-0.024040762327762852,0.024040762327762852,178,340
L,340X21,0.010368575545901065,0.010368575545901065,178,340
L,340X22,-0.015721998167505247,0.015721998167505247,178,340
L,340X24,0.06488994324841549,0.06488994324841549,178,340
L,340X25,0.06129406905437882,0.06129406905437882,178,340
L,340X26,0.06319257865175947,0.06319257865175947,178,340
L,340X27,0.04831377851249619,0.04831377851249619,178,340
L,340X28,0.04136197739600362,0.04136197739600362,178,340
L,340X29,0.045269474759339824,0.045269474759339824,178,340
L,ERROR:#N/A (#2),-0.04059403192743063,0.04059403192743063,178,UNKNOWN
L,340X31,0.22247121362821307,0.22247121362821307,178,340
L,340X33,-0.03269251423357672,0.03269251423357672,178,340
L,340X34,-0.03241278271964362,0.03241278271964362,178,340
L,340X35,-0.03332470373479258,0.03332470373479258,178,340
L,340X36,-0.033488752999435566,0.033488752999435566,178,340
L,340X37,-0.0458393412217952,0.0458393412217952,178,340
L,340X38,-0.04745552694511225,0.04745552694511225,178,340
L,340X39,-0.05034833134523125,0.05034833134523125,178,340
L,340X40,-0.04661403842961616,0.04661403842961616,178,340
L,340X41,0.006365384415823127,0.006365384415823127,178,340
L,340X42,0.009518591493900727,0.009518591493900727,178,340
L,340X43,0.013175328463695957,0.013175328463695957,178,340
L,340X44,0.005155943777374459,0.005155943777374459,178,340
L,340X45,0.04482264935693889,0.04482264935693889,178,340
L,340X46,0.04245576429358986,0.04245576429358986,178,340
L,340X47,0.0438275135670354,0.0438275135670354,178,340
L,340X48,0.044113207261887805,0.044113207261887805,178,340
L,340X49,0.002422618892570824,0.002422618892570824,178,340
L,340X51,0.0221943746351876,0.0221943746351876,178,340
L,340X53,0.02968463725137261,0.02968463725137261,178,340
L,340X57,-0.032601208966883864,0.032601208966883864,178,340
L,340X59,-0.05200767758826094,0.05200767758826094,178,340
L,340X61,-0.10635542168295439,0.10635542168295439,178,340
L,340X65,0.007451334897901304,0.007451334897901304,178,340
L,340X67,-0.044317327071212484,0.044317327071212484,178,340
L,340X69,-0.14866019949191894,0.14866019949191894,178,340
L,340X73,-0.021309200718825413,0.021309200718825413,178,340
L,340X75,-0.03475597021463751,0.03475597021463751,178,340
L,340X77,0.009204645839663815,0.009204645839663815,178,340
L,340X81,-0.061790617531365354,0.061790617531365354,178,340
L,340X83,0.00845469040060481,0.00845469040060481,178,340
L,340X85,-0.0501644972549315,0.0501644972549315,178,340
L,340X97,0.0021070078310987113,0.0021070078310987113,178,340
L,340X99,-0.026451242698883666,0.026451242698883666,178,340
L,340X101,0.03696325895224989,0.03696325895224989,178,340
L,340X105,0.11735863485940484,0.11735863485940484,178,340
L,340X107,-0.13953996067489802,0.13953996067489802,178,340
L,340X108,-0.004854789810149503,0.004854789810149503,178,340
L,340X109,-0.06811784301527972,0.06811784301527972,178,340
L,340X110,-0.0869994807424414,0.0869994807424414,178,340
L,340X113,-0.0904205936018994,0.0904205936018994,178,340
L,340X115,-0.028483578570030994,0.028483578570030994,178,340
L,340X121,-0.06120889175740071,0.06120889175740071,178,340
L,340X123,0.00791468851904583,0.00791468851904583,178,340
L,340X124,0.0026969817976630526,0.0026969817976630526,178,340
L,340X125,-0.046382672907222554,0.046382672907222554,178,340
L,340X126,-0.05922244609996869,0.05922244609996869,178,340
L,340X132,-0.03191566143898635,0.03191566143898635,178,340
L,340X133,-0.03775865308414877,0.03775865308414877,178,340
L,340X134,-0.02812384916069909,0.02812384916069909,178,340
L,340X138,0.06488763502269267,0.06488763502269267,178,340
L,340X139,0.06302518217621242,0.06302518217621242,178,340
L,340X140,0.06590527291085956,0.06590527291085956,178,340
L,340X143,-0.05183506439309738,0.05183506439309738,178,340
L,340X145,0.06907857692092895,0.06907857692092895,178,340
L,340X147,0.04819959634541389,0.04819959634541389,178,340
L,340X149,0.04858781060354085,0.04858781060354085,178,340
L,340X151,0.023393053364480804,0.023393053364480804,178,340
L,340X161,0.0071463102399280665,0.0071463102399280665,178,340
L,340X163,0.015444207083156471,0.015444207083156471,178,340
L,340X165,0.009388382696616085,0.009388382696616085,178,340
L,340X173,0.033584148064821566,0.033584148064821566,178,340
L,340X175,0.034420414403503366,0.034420414403503366,178,340
L,340X177,0.03503215110996765,0.03503215110996765,178,340
L,340X181,0.03175337137895978,0.03175337137895978,178,340
L,340X182,0.0465448191715491,0.0465448191715491,178,340
L,340X183,0.07583651244163735,0.07583651244163735,178,340
L,340X185,0.04330363853363549,0.04330363853363549,178,340
L,340X186,0.048696473839092924,0.048696473839092924,178,340
L,340X187,0.03263857558244414,0.03263857558244414,178,340
L,340X188,0.0382304013872803,0.0382304013872803,178,340
L,340X189,0.0340444923233316,0.0340444923233316,178,340
L,340X190,0.03311429532655174,0.03311429532655174,178,340
L,340X192,0.20554813725392235,0.20554813725392235,178,340
L,340X193,-0.0023798957521244447,0.0023798957521244447,178,340
L,340X194,0.016633173922389066,0.016633173922389066,178,340
L,340X195,0.0125323936322515,0.0125323936322515,178,340
L,340X196,0.004190074957944761,0.004190074957944761,178,340
L,340X197,-0.00436693936696596,0.00436693936696596,178,340
L,340X198,0.007848996364501468,0.007848996364501468,178,340
L,344X1,-0.02041035336491893,0.02041035336491893,178,344
L,344X5,-0.06678595480177331,0.06678595480177331,178,344
L,344X6,0.03088827917815711,0.03088827917815711,178,344
L,344X10,0.01400070423871344,0.01400070423871344,178,344
L,344X13,0.008209495058629154,0.008209495058629154,178,344
L,344X15,0.022923276689999984,0.022923276689999984,178,344
L,344X16,-0.1635957479199135,0.1635957479199135,178,344
L,344X19,-0.09383029594868576,0.09383029594868576,178,344
L,344X20,-0.08596407437720437,0.08596407437720437,178,344
L,344X21,-0.04912259199785779,0.04912259199785779,178,344
L,344X22,-0.062424581296258136,0.062424581296258136,178,344
L,344X25,-0.030058211548151827,0.030058211548151827,178,344
L,344X26,-0.09140880747308547,0.09140880747308547,178,344
L,344X27,-0.07155233695403104,0.07155233695403104,178,344
L,344X29,-0.025422295503541404,0.025422295503541404,178,344
L,344X34,0.19529334535040427,0.19529334535040427,178,344
L,344X35,0.13885397807936858,0.13885397807936858,178,344
L,344X36,0.1614974090180391,0.1614974090180391,178,344
L,344X37,0.09293252968630117,0.09293252968630117,178,344
L,344X39,-0.12173157995668009,0.12173157995668009,178,344
L,344X41,-0.14857325859533954,0.14857325859533954,178,344
L,344X43,-0.14715943574432636,0.14715943574432636,178,344
L,344X44,-0.1493603159652222,0.1493603159652222,178,344
L,344X48,-0.020842729384005717,0.020842729384005717,178,344
L,344X49,-0.07929028639064649,0.07929028639064649,178,344
L,344X51,0.1299908129570281,0.1299908129570281,178,344
L,344X53,0.003188968365009164,0.003188968365009164,178,344
L,344X55,0.0017649726537189193,0.0017649726537189193,178,344
L,344X56,-0.11398869407562262,0.11398869407562262,178,344
L,344X60,0.13057449152798312,0.13057449152798312,178,344
L,344X62,-0.00413939102707372,0.00413939102707372,178,344
L,344X64,-0.00441279677988264,0.00441279677988264,178,344
L,344X65,0.04346929976419843,0.04346929976419843,178,344
L,344X66,-0.0045515964490061974,0.0045515964490061974,178,344
L,344X69,-0.12712486931986514,0.12712486931986514,178,344
L,344X71,0.003017361339348078,0.003017361339348078,178,344
L,344X73,0.0018737724892742588,0.0018737724892742588,178,344
L,344X74,-0.12748345997695523,0.12748345997695523,178,344
L,344X77,-0.0015237866210977618,0.0015237866210977618,178,344
L,344X78,-1.6912690021095414e-05,1.6912690021095414e-05,178,344
L,344X79,0.0743324193079575,0.0743324193079575,178,344
L,344X81,-0.13371935953487968,0.13371935953487968,178,344
L,344X83,-0.001064340373972391,0.001064340373972391,178,344
L,344X85,-0.030540826640942535,0.030540826640942535,178,344
L,344X86,-0.00026764681180899315,0.00026764681180899315,178,344
L,344X87,-0.030469794640473242,0.030469794640473242,178,344
L,344X88,0.06065908984994082,0.06065908984994082,178,344
L,344X90,0.06815737825533122,0.06815737825533122,178,344
L,344X92,-0.030198638343308628,0.030198638343308628,178,344
L,344X94,-0.07931406463642016,0.07931406463642016,178,344
L,344X95,-0.14148641277957016,0.14148641277957016,178,344
L,344X96,-0.07918698291282343,0.07918698291282343,178,344
L,344X97,-0.07462968526885327,0.07462968526885327,178,344
L,344X99,-0.10264727464716666,0.10264727464716666,178,344
L,344X103,0.02964917065231285,0.02964917065231285,178,344
L,344X104,-0.1375759253523141,0.1375759253523141,178,344
L,344X105,0.028935596530295603,0.028935596530295603,178,344
L,344X106,-0.1815830083225247,0.1815830083225247,178,344
L,344X108,-0.10112177737779077,0.10112177737779077,178,344
L,344X110,0.030198638343308985,0.030198638343308985,178,344
L,344X112,0.030052480235932506,0.030052480235932506,178,344
L,344X113,-0.1342760807199137,0.1342760807199137,178,344
L,344X114,0.03019872887834735,0.03019872887834735,178,344
L,344X115,-0.15685958740355074,0.15685958740355074,178,344
L,344X117,-0.13701052961534377,0.13701052961534377,178,344
L,344X119,0.030198638343308628,0.030198638343308628,178,344
L,344X121,0.004837957314212336,0.004837957314212336,178,344
L,344X122,-0.03384911377297712,0.03384911377297712,178,344
L,344X123,0.0003909115719025035,0.0003909115719025035,178,344
L,344X124,-0.04862403341208198,0.04862403341208198,178,344
L,344X126,-0.017679219516256738,0.017679219516256738,178,344
L,344X137,-0.10841409026612922,0.10841409026612922,178,344
L,344X138,-0.05093018431726939,0.05093018431726939,178,344
L,344X139,-0.09972628920354337,0.09972628920354337,178,344
L,344X145,-0.1601132403224764,0.1601132403224764,178,344
L,344X146,0.05247407032636849,0.05247407032636849,178,344
L,344X147,0.07962926207986436,0.07962926207986436,178,344
L,344X149,-0.02555777991516942,0.02555777991516942,178,344
L,344X150,-0.00938518985472994,0.00938518985472994,178,344
L,344X151,0.007664942563994624,0.007664942563994624,178,344
L,344X154,-0.03019863834330845,0.03019863834330845,178,344
L,344X156,-0.13310900347038374,0.13310900347038374,178,344
L,344X158,0.02741509656382119,0.02741509656382119,178,344
L,344X159,0.03263891047910757,0.03263891047910757,178,344
L,344X160,-0.13272695061068635,0.13272695061068635,178,344
L,344X163,0.07958424172317304,0.07958424172317304,178,344
L,344X164,0.04187283569162668,0.04187283569162668,178,344
L,344X165,-0.04741376390847236,0.04741376390847236,178,344
L,344X168,-0.0732579210990732,0.0732579210990732,178,344
L,344X169,0.04180766946259475,0.04180766946259475,178,344
L,344X172,0.03019863834330877,0.03019863834330877,178,344
L,344X173,-0.07929028639025178,0.07929028639025178,178,344
L,ERROR:#N/A (#3),0.1622804140570776,0.1622804140570776,178,UNKNOWN
L,344X174,0.07375174075400581,0.07375174075400581,178,344
L,344X176,0.05457325593698712,0.05457325593698712,178,344
L,ERROR:#N/A_1 (#2),0.07209581505373185,0.07209581505373185,178,UNKNOWN
L,344X177,0.1875994768251442,0.1875994768251442,178,344
L,344X178,0.029794299072875473,0.029794299072875473,178,344
L,ERROR:#N/A_3 (#1),0.1839594466879645,0.1839594466879645,178,UNKNOWN
L,344X182,0.13727433310498152,0.13727433310498152,178,344
L,344X185,0.13336749563751576,0.13336749563751576,178,344
L,ERROR:#N/A_5,-0.051246442290887484,0.051246442290887484,178,UNKNOWN
L,344X186,0.04405828429952892,0.04405828429952892,178,344
L,344X187,-0.1155384378332843,0.1155384378332843,178,344
L,ERROR:#N/A_6,0.25429994029429853,0.25429994029429853,178,UNKNOWN
L,ERROR:#N/A_7,-0.09105361293531532,0.09105361293531532,178,UNKNOWN
L,344X190,-0.062332942382163956,0.062332942382163956,178,344
L,344X191,-0.12151964240358519,0.12151964240358519,178,344
L,ERROR:#N/A_8,-0.0622651827675346,0.0622651827675346,178,UNKNOWN
L,344X192,-0.12135674207612833,0.12135674207612833,178,344
L,344X194,-0.06221501638160804,0.06221501638160804,178,344
L,344X195,-0.03650932566280322,0.03650932566280322,178,344
L,344X196,0.04860569328115153,0.04860569328115153,178,344
L,344X199,0.008692217990489916,0.008692217990489916,178,344
L,344X200,-0.044839281043268876,0.044839281043268876,178,344
L,344X201,0.1727142712761763,0.1727142712761763,178,344
L,ERROR:#N/A_9,-0.06232534731555872,0.06232534731555872,178,UNKNOWN
L,ERROR:#N/A_10,-0.07929028639025115,0.07929028639025115,178,UNKNOWN
L,344X208,-0.07793227686135021,0.07793227686135021,178,344
L,344X209,-0.1419236203957232,0.1419236203957232,178,344
L,ERROR:#N/A_11,-0.06690067502434502,0.06690067502434502,178,UNKNOWN
L,344X210,-0.17763872952128312,0.17763872952128312,178,344
L,344X212,-0.04757249418908576,0.04757249418908576,178,344
L,344X213,-0.1730431297246796,0.1730431297246796,178,344
L,344X221,-0.013326476773819651,0.013326476773819651,178,344
L,344X222,-0.12885569930142518,0.12885569930142518,178,344
L,ERROR:#N/A_14,-0.03497578142946786,0.03497578142946786,178,UNKNOWN
L,ERROR:#N/A_15,-0.13584727497013474,0.13584727497013474,178,UNKNOWN
L,344X225,-0.026311240262192788,0.026311240262192788,178,344
L,344X226,-0.13018344583448635,0.13018344583448635,178,344
L,ERROR:#N/A_16,0.030198638343308895,0.030198638343308895,178,UNKNOWN
L,344X229,0.026492151057206238,0.026492151057206238,178,344
L,ERROR:#N/A_17,0.0897088768924062,0.0897088768924062,178,UNKNOWN
L,ERROR:#N/A_18,-0.0762958391369336,0.0762958391369336,178,UNKNOWN
L,344X230,0.07363840927372924,0.07363840927372924,178,344
L,344X231,0.06610862360036915,0.06610862360036915,178,344
L,344X232,-0.08924671098634375,0.08924671098634375,178,344
L,344X234,0.08489998754026565,0.08489998754026565,178,344
L,344X235,0.07633644609941502,0.07633644609941502,178,344
L,344X236,0.07337347649316439,0.07337347649316439,178,344
L,344X237,0.06234674055952396,0.06234674055952396,178,344
L,ERROR:#N/A_20,0.09329954118378478,0.09329954118378478,178,UNKNOWN
L,344X239,0.09007333276854113,0.09007333276854113,178,344
L,344X241,-0.027056970141089626,0.027056970141089626,178,344
L,ERROR:#N/A_21,-0.0217753848555144,0.0217753848555144,178,UNKNOWN
L,344X243,-0.04229514807456643,0.04229514807456643,178,344
L,344X244,-0.026846568188102476,0.026846568188102476,178,344
L,344X245,-0.016588272034461667,0.016588272034461667,178,344
L,344X246,-0.01303400013998707,0.01303400013998707,178,344
L,344X250,-0.20482432478852383,0.20482432478852383,178,344
L,ERROR:#N/A_23,-0.005349621305399912,0.005349621305399912,178,UNKNOWN
L,344X252,-0.01859125863848861,0.01859125863848861,178,344
L,344X253,-0.11176006016513468,0.11176006016513468,178,344
L,344X254,-0.022590189226225212,0.022590189226225212,178,344
L,344X255,-0.07825418739067126,0.07825418739067126,178,344
L,ERROR:#N/A_24,-0.03026817488525131,0.03026817488525131,178,UNKNOWN
L,344X257,-0.08931433789416876,0.08931433789416876,178,344
L,344X259,-0.22158023602834379,0.22158023602834379,178,344
L,ERROR:#N/A_25,-0.25969712007255014,0.25969712007255014,178,UNKNOWN
L,344X261,-0.22783529387735613,0.22783529387735613,178,344
L,344X262,-0.2641863228725222,0.2641863228725222,178,344
L,344X263,-0.23288845786577303,0.23288845786577303,178,344
L,344X264,-0.26891093084613343,0.26891093084613343,178,344
L,360X1,-0.02362273545650655,0.02362273545650655,178,360
L,360X3,-0.045896859604042495,0.045896859604042495,178,360
L,360X14,0.09702115853786825,0.09702115853786825,178,360
L,360X23,0.10451177935660336,0.10451177935660336,178,360
L,360X25,-0.003131890532304149,0.003131890532304149,178,360
L,360X34,0.008377309270283718,0.008377309270283718,178,360
L,360X45,-0.006525610122275691,0.006525610122275691,178,360
L,360X47,0.08151682569328313,0.08151682569328313,178,360
L,360X58,-0.06453752285537305,0.06453752285537305,178,360
L,360X69,-0.08007815611786559,0.08007815611786559,178,360
L,360X80,-0.08057925331232789,0.08057925331232789,178,360
L,360X100,-0.039953038134073325,0.039953038134073325,178,360
L,360X109,-0.12427978537157165,0.12427978537157165,178,360
L,360X111,0.011765074757005965,0.011765074757005965,178,360
L,360X115,-0.14048875841673625,0.14048875841673625,178,360
L,360X117,-0.023664166599694624,0.023664166599694624,178,360
L,360X125,-0.01980328435463302,0.01980328435463302,178,360
L,360X131,0.12325036158407036,0.12325036158407036,178,360
L,360X133,-0.023216511873933345,0.023216511873933345,178,360
L,360X141,-0.0553557007334519,0.0553557007334519,178,360
L,360X149,-0.05940267450994734,0.05940267450994734,178,360
L,360X155,0.07741168235963453,0.07741168235963453,178,360
L,360X157,-0.05365703276410323,0.05365703276410323,178,360
L,360X165,-0.0426962203895457,0.0426962203895457,178,360
L,360X176,-0.03869581949183168,0.03869581949183168,178,360
L,360X185,0.014047713707782832,0.014047713707782832,178,360
L,360X187,-0.010076821359733073,0.010076821359733073,178,360
L,360X198,-0.017456557612564004,0.017456557612564004,178,360
L,360X211,0.02642328120106045,0.02642328120106045,178,360
L,360X219,0.0015327205116962455,0.0015327205116962455,178,360
L,360X228,-0.0059277233742031825,0.0059277233742031825,178,360
L,360X230,0.021621761151536786,0.021621761151536786,178,360
L,360X241,0.049340910988724125,0.049340910988724125,178,360
L,360X252,0.0622785999234767,0.0622785999234767,178,360
L,360X261,0.05940919822998476,0.05940919822998476,178,360
L,360X263,0.08410041187044624,0.08410041187044624,178,360
L,360X274,0.08082382868842179,0.08082382868842179,178,360
L,360X285,0.08980055566177682,0.08980055566177682,178,360
L,360X294,0.027035441740918258,0.027035441740918258,178,360
L,360X296,0.10379558299888676,0.10379558299888676,178,360
L,360X307,0.11486483963327675,0.11486483963327675,178,360
L,360X318,0.12178137262494047,0.12178137262494047,178,360
L,360X327,-0.162850553958507,0.162850553958507,178,360
L,360X329,-0.009846920772955884,0.009846920772955884,178,360
L,360X335,0.07250953809258047,0.07250953809258047,178,360
L,360X337,0.09013486188106276,0.09013486188106276,178,360
L,360X348,0.0702530403658483,0.0702530403658483,178,360
L,360X359,0.059387192175974525,0.059387192175974525,178,360
L,360X368,-0.020417569399700748,0.020417569399700748,178,360
L,360X370,0.04394500742021008,0.04394500742021008,178,360
L,360X381,0.038975379694686944,0.038975379694686944,178,360
L,360X392,0.02799206875940565,0.02799206875940565,178,360
L,360X401,0.08981096370473526,0.08981096370473526,178,360
L,360X403,0.03576808765553234,0.03576808765553234,178,360
L,360X414,0.015116783924605158,0.015116783924605158,178,360
L,360X425,0.01820843929528629,0.01820843929528629,178,360
L,360X434,0.06662315323912346,0.06662315323912346,178,360
L,360X436,0.011942841270998447,0.011942841270998447,178,360
L,360X447,0.006581482013477152,0.006581482013477152,178,360
L,360X455,0.00010483266522183237,0.00010483266522183237,178,360
L,360X466,-0.019868984313409034,0.019868984313409034,178,360
L,360X475,-0.06162507908931454,0.06162507908931454,178,360
L,360X477,-0.01556946155049202,0.01556946155049202,178,360
L,360X488,-0.01838851487121666,0.01838851487121666,178,360
L,360X499,-0.027862247638837132,0.027862247638837132,178,360
L,360X508,0.00836953125807703,0.00836953125807703,178,360
L,360X510,-0.001809464516624916,0.001809464516624916,178,360
L,360X521,0.013495609794739686,0.013495609794739686,178,360
L,360X532,0.011712243511952007,0.011712243511952007,178,360
L,360X541,0.09710060896854254,0.09710060896854254,178,360
L,360X543,0.019850445707569827,0.019850445707569827,178,360
L,360X554,0.03226448237285837,0.03226448237285837,178,360
L,360X565,0.00490885971356517,0.00490885971356517,178,360
L,360X573,0.04209929132241324,0.04209929132241324,178,360
L,360X582,0.11013299913978365,0.11013299913978365,178,360
L,360X584,0.001336170953553436,0.001336170953553436,178,360
L,360X595,0.023101298791605905,0.023101298791605905,178,360
L,360X605,0.041774787349420486,0.041774787349420486,178,360
L,360X611,0.04881263560702925,0.04881263560702925,178,360
L,360X613,0.059327033351946154,0.059327033351946154,178,360
L,360X621,0.08375343954611408,0.08375343954611408,178,360
L,360X629,0.08315323360213536,0.08315323360213536,178,360
L,360X635,0.039809457892884835,0.039809457892884835,178,360
L,360X637,0.09474403752343158,0.09474403752343158,178,360
L,360X645,0.0773289444697079,0.0773289444697079,178,360
L,360X653,0.039029805454141954,0.039029805454141954,178,360
L,360X659,-0.07744036364419574,0.07744036364419574,178,360
L,360X661,0.0034877126440817567,0.0034877126440817567,178,360
L,360X669,0.007153152463096589,0.007153152463096589,178,360
L,360X677,0.0025653851765916054,0.0025653851765916054,178,360
L,360X685,-0.003997287547598271,0.003997287547598271,178,360
L,360X696,0.01746068305311557,0.01746068305311557,178,360
L,360X702,0.07344841348584086,0.07344841348584086,178,360
L,360X704,0.009162964397274457,0.009162964397274457,178,360
L,360X710,-0.13086587344754963,0.13086587344754963,178,360
L,360X712,0.06839846273672724,0.06839846273672724,178,360
L,360X741,-0.03934413942604337,0.03934413942604337,178,360
L,360X743,-0.0062493681250642905,0.0062493681250642905,178,360
L,360X763,0.070237224076568,0.070237224076568,178,360
L,360X765,0.015094763524521595,0.015094763524521595,178,360
L,360X776,0.00797092005285033,0.00797092005285033,178,360
L,360X785,-0.008302864393536807,0.008302864393536807,178,360
L,360X796,0.017688775003061426,0.017688775003061426,178,360
L,360X829,-0.017142620193161998,0.017142620193161998,178,360
L,360X853,0.023094184507031355,0.023094184507031355,178,360
L,360X885,0.08011020324460127,0.08011020324460127,178,360
L,360X896,0.12096294843645132,0.12096294843645132,178,360
L,360X971,-0.0683737098149634,0.0683737098149634,178,360
L,360X984,0.016131119484113998,0.016131119484113998,178,360
L,360X987,-0.08456081857254479,0.08456081857254479,178,360
L,360X995,-0.020315300505716446,0.020315300505716446,178,360
L,360X1006,-0.03240836807362867,0.03240836807362867,178,360
L,360X1017,-0.06570313237394756,0.06570313237394756,178,360
L,360X1028,-0.05262028024084859,0.05262028024084859,178,360
L,360X1039,-0.1129219538147336,0.1129219538147336,178,360
L,360X1050,-0.09460253814145755,0.09460253814145755,178,360
L,360X1061,-0.13287041326735016,0.13287041326735016,178,360
L,360X1072,-0.08448867899138846,0.08448867899138846,178,360
L,360X1083,-0.15305102041223437,0.15305102041223437,178,360
L,360X1094,-0.08204775725655503,0.08204775725655503,178,360
L,360X1105,-0.12771258831045698,0.12771258831045698,178,360
L,360X1116,-0.03386140053402126,0.03386140053402126,178,360
L,360X1127,-0.0843378694137965,0.0843378694137965,178,360
L,360X1138,-0.10314264165295983,0.10314264165295983,178,360
L,360X1146,-0.0943334452213062,0.0943334452213062,178,360
L,360X1152,0.008635870520186719,0.008635870520186719,178,360
L,360X1164,0.007691250473135721,0.007691250473135721,178,360
L,360X1190,-0.13096760370553023,0.13096760370553023,178,360
L,360X1201,-0.026165011076972212,0.026165011076972212,178,360
L,360X1212,-0.07049112433453686,0.07049112433453686,178,360
L,360X1245,-0.013390821221545942,0.013390821221545942,178,360
L,360X1267,0.05081035927493708,0.05081035927493708,178,360
L,360X1278,0.014969287290659026,0.014969287290659026,178,360
L,360X1288,-0.06807914209104406,0.06807914209104406,178,360
L,360X1297,-0.08281900806069363,0.08281900806069363,178,360
L,360X1305,-0.08505845669655357,0.08505845669655357,178,360
L,360X1313,-0.09291771260866562,0.09291771260866562,178,360
L,360X1321,-0.09868253431525321,0.09868253431525321,178,360
L,360X1329,-0.08077730294923974,0.08077730294923974,178,360
L,360X1337,-0.10589002673055284,0.10589002673055284,178,360
L,360X1356,-0.07965078940406395,0.07965078940406395,178,360
L,360X1364,0.0789967051107667,0.0789967051107667,178,360
L,360X1383,0.07791822714686926,0.07791822714686926,178,360
L,360X1391,0.09572822489560513,0.09572822489560513,178,360
L,400X4,-0.03797561569506304,0.03797561569506304,178,400
L,400X5,-0.12546531120801702,0.12546531120801702,178,400
L,400X7,-0.12447011217842982,0.12447011217842982,178,400
L,400X9,-0.12452801353190894,0.12452801353190894,178,400
L,400X12,-0.11378741439091893,0.11378741439091893,178,400
L,400X13,-0.14701969872372972,0.14701969872372972,178,400
L,400X14,-0.1334379363169215,0.1334379363169215,178,400
L,400X15,-0.10836759575192953,0.10836759575192953,178,400
L,400X16,-0.14908570384165726,0.14908570384165726,178,400
L,400X19,0.021383378295682088,0.021383378295682088,178,400
L,400X20,0.0801912679644026,0.0801912679644026,178,400
L,400X21,0.06069122577423118,0.06069122577423118,178,400
L,400X22,0.08881290576441396,0.08881290576441396,178,400
L,400X23,0.017965157877335887,0.017965157877335887,178,400
L,400X25,-0.11886394890982674,0.11886394890982674,178,400
L,400X27,-0.12289375991735288,0.12289375991735288,178,400
L,400X29,0.06131403011205684,0.06131403011205684,178,400
L,400X30,-0.18833879811899817,0.18833879811899817,178,400
L,400X31,-0.13204259213714944,0.13204259213714944,178,400
L,400X32,0.059556629798952,0.059556629798952,178,400
L,400X33,-0.11378473144279785,0.11378473144279785,178,400
L,400X34,-0.12896967232162782,0.12896967232162782,178,400
L,400X35,-0.10573668608897754,0.10573668608897754,178,400
L,400X36,-0.13406862793809243,0.13406862793809243,178,400
L,400X37,-0.09099428132473619,0.09099428132473619,178,400
L,400X38,-0.10273534948654774,0.10273534948654774,178,400
L,400X56,-0.039479907723347626,0.039479907723347626,178,400
L,400X57,-0.018326043139710986,0.018326043139710986,178,400
L,400X58,-0.03668267182616605,0.03668267182616605,178,400
L,400X59,-0.13223922768694044,0.13223922768694044,178,400
L,400X60,-0.1273340362359918,0.1273340362359918,178,400
L,400X61,-0.12260663980181877,0.12260663980181877,178,400
L,400X63,-0.13224474992996735,0.13224474992996735,178,400
L,400X64,-0.12243688751926443,0.12243688751926443,178,400
L,400X65,-0.12458761780443045,0.12458761780443045,178,400
L,400X66,-0.12633917432939376,0.12633917432939376,178,400
L,400X67,-0.12682207194597286,0.12682207194597286,178,400
L,400X68,-0.12636649631323443,0.12636649631323443,178,400
L,400X69,-0.12298170876863024,0.12298170876863024,178,400
L,400X70,-0.12524163312836675,0.12524163312836675,178,400
L,400X71,-0.12654062383676382,0.12654062383676382,178,400
L,400X72,0.14452409012947467,0.14452409012947467,178,400
L,400X73,0.13567538041411886,0.13567538041411886,178,400
L,400X74,0.1365974136402043,0.1365974136402043,178,400
L,400X75,0.14601981457881605,0.14601981457881605,178,400
L,400X76,0.1288025063199398,0.1288025063199398,178,400
L,400X77,0.1450810554374586,0.1450810554374586,178,400
L,400X78,0.13239861461650418,0.13239861461650418,178,400
L,400X79,0.13762456715893126,0.13762456715893126,178,400
L,400X80,0.1426233450940074,0.1426233450940074,178,400
L,400X81,0.12629453987795533,0.12629453987795533,178,400
L,400X82,-0.12536385568668795,0.12536385568668795,178,400
L,400X84,-0.12591640695482276,0.12591640695482276,178,400
L,400X85,-0.11232061702911114,0.11232061702911114,178,400
L,400X86,-0.10720950407901572,0.10720950407901572,178,400
L,400X87,-0.10967771164405946,0.10967771164405946,178,400
L,400X88,-0.1061268999769649,0.1061268999769649,178,400
L,400X89,-0.11038260536783623,0.11038260536783623,178,400
L,400X90,-0.11117182367953536,0.11117182367953536,178,400
L,400X91,-0.14667674162536518,0.14667674162536518,178,400
L,400X92,-0.16929436148859547,0.16929436148859547,178,400
L,400X93,-0.17403237169804775,0.17403237169804775,178,400
L,400X94,-0.15736202261838814,0.15736202261838814,178,400
L,400X95,-0.1584857249455321,0.1584857249455321,178,400
L,400X96,-0.17270059564593088,0.17270059564593088,178,400
L,400X97,-0.1950524085101124,0.1950524085101124,178,400
L,400X98,-0.20841900038300382,0.20841900038300382,178,400
L,400X99,-0.1962014454944361,0.1962014454944361,178,400
L,400X100,-0.17109059753253025,0.17109059753253025,178,400
L,400X108,-0.010748695362825628,0.010748695362825628,178,400
L,400X109,-0.005951086804332596,0.005951086804332596,178,400
L,400X110,-0.03482102546675683,0.03482102546675683,178,400
L,400X111,0.08333185245920648,0.08333185245920648,178,400
L,400X112,0.0069251198584662065,0.0069251198584662065,178,400
L,400X114,0.11398448671511281,0.11398448671511281,178,400
L,400X115,0.08289209186301302,0.08289209186301302,178,400
L,400X116,0.04215570144245047,0.04215570144245047,178,400
L,400X117,0.08647009665825595,0.08647009665825595,178,400
L,400X118,0.0638373889825723,0.0638373889825723,178,400
L,400X120,0.15541357723880933,0.15541357723880933,178,400
L,400X121,0.14922565625159953,0.14922565625159953,178,400
L,400X122,0.10952514496783289,0.10952514496783289,178,400
L,400X123,0.07492252555782956,0.07492252555782956,178,400
L,400X124,-0.014776108071880716,0.014776108071880716,178,400
L,400X132,0.09959916456910439,0.09959916456910439,178,400
L,400X133,0.07795199020171131,0.07795199020171131,178,400
L,400X134,-0.0277469400725847,0.0277469400725847,178,400
L,400X135,0.08696181371313152,0.08696181371313152,178,400
L,400X136,0.07002519362971771,0.07002519362971771,178,400
L,400X138,0.15764455231195248,0.15764455231195248,178,400
L,400X139,0.15154906454735295,0.15154906454735295,178,400
L,400X140,0.15102285626010617,0.15102285626010617,178,400
L,400X141,0.1304491654882522,0.1304491654882522,178,400
L,400X142,0.14999832456779555,0.14999832456779555,178,400
L,400X144,-0.09470102615533256,0.09470102615533256,178,400
L,400X145,0.07007325946457993,0.07007325946457993,178,400
L,400X146,0.0001699901136129218,0.0001699901136129218,178,400
L,400X147,-0.05290963887459767,0.05290963887459767,178,400
L,400X148,0.013107943870950406,0.013107943870950406,178,400
L,400X150,-0.0613140301120521,0.0613140301120521,178,400
L,400X151,0.010599649829255679,0.010599649829255679,178,400
L,400X153,0.0868747904696401,0.0868747904696401,178,400
L,400X154,-0.05003131851230713,0.05003131851230713,178,400
L,400X156,-0.191661387606712,0.191661387606712,178,400
L,400X157,-0.16018060382942634,0.16018060382942634,178,400
L,400X158,-0.0632263594579755,0.0632263594579755,178,400
L,400X159,-0.10265790703756872,0.10265790703756872,178,400
L,400X160,-0.10606405264295096,0.10606405264295096,178,400
L,400X167,-0.13091474009798773,0.13091474009798773,178,400
L,400X168,-0.1236117377809707,0.1236117377809707,178,400
L,400X169,-0.12749986612068992,0.12749986612068992,178,400
L,400X170,-0.11996539826045606,0.11996539826045606,178,400
L,400X187,-0.09863253200423876,0.09863253200423876,178,400
L,400X188,0.04607753913823928,0.04607753913823928,178,400
L,400X189,0.04607753913823104,0.04607753913823104,178,400
L,400X192,0.09057397669419842,0.09057397669419842,178,400
L,400X193,0.08804567044061007,0.08804567044061007,178,400
L,400X194,0.04789782531590458,0.04789782531590458,178,400
L,400X195,0.08906101038556875,0.08906101038556875,178,400
L,400X196,0.09309803209108493,0.09309803209108493,178,400
L,400X197,-0.023905749909599386,0.023905749909599386,178,400
L,400X198,-0.014387939580819084,0.014387939580819084,178,400
L,400X199,-0.060329719657193526,0.060329719657193526,178,400
L,400X200,0.04404796914626873,0.04404796914626873,178,400
L,400X201,-0.051671761778596406,0.051671761778596406,178,400
L,400X202,-0.04150403486555607,0.04150403486555607,178,400
L,400X204,-0.15417815809615787,0.15417815809615787,178,400
L,400X205,-0.043030026452659215,0.043030026452659215,178,400
L,400X208,-0.05883382187119835,0.05883382187119835,178,400
L,400X209,-0.050260720868935266,0.050260720868935266,178,400
L,400X210,-0.05786610193530923,0.05786610193530923,178,400
L,400X211,-0.04371840332783068,0.04371840332783068,178,400
L,400X212,-0.054961683417112585,0.054961683417112585,178,400
L,400X213,-0.08941454827713986,0.08941454827713986,178,400
L,400X214,-0.08937702308015968,0.08937702308015968,178,400
L,400X215,-0.101350031460326,0.101350031460326,178,400
L,400X216,0.0051092888784383195,0.0051092888784383195,178,400
L,400X217,-0.09881965850864041,0.09881965850864041,178,400
L,400X218,-0.12438799729402257,0.12438799729402257,178,400
L,400X219,-0.12452838353063114,0.12452838353063114,178,400
L,400X227,0.17482853996998168,0.17482853996998168,178,400
L,400X228,-0.0771429979641402,0.0771429979641402,178,400
L,420X1,0.07229832183327761,0.07229832183327761,178,420
L,420X4,0.17408827169689825,0.17408827169689825,178,420
L,420X7,-0.11798308184314057,0.11798308184314057,178,420
L,420X8,-0.09233899666629598,0.09233899666629598,178,420
L,420X9,-0.11789563776765997,0.11789563776765997,178,420
L,420X12,-0.0018038445899416246,0.0018038445899416246,178,420
L,420X13,0.008108800272434649,0.008108800272434649,178,420
L,420X14,0.008747753367224852,0.008747753367224852,178,420
L,420X15,0.018570015285977445,0.018570015285977445,178,420
L,420X16,-0.011933936605045518,0.011933936605045518,178,420
L,420X19,0.077607027630541,0.077607027630541,178,420
L,420X20,0.018357087910267095,0.018357087910267095,178,420
L,420X21,-0.04605768309790607,0.04605768309790607,178,420
L,420X22,-0.005572572682811225,0.005572572682811225,178,420
L,420X23,0.04742942674165419,0.04742942674165419,178,420
L,420X25,-0.11792309527632965,0.11792309527632965,178,420
L,420X27,-0.11789570292006958,0.11789570292006958,178,420
L,420X28,0.0021624500924255375,0.0021624500924255375,178,420
L,420X30,0.20475385677689303,0.20475385677689303,178,420
L,420X31,0.1913540335865652,0.1913540335865652,178,420
L,420X32,0.11077478944264735,0.11077478944264735,178,420
L,420X33,0.1523704176283004,0.1523704176283004,178,420
L,420X34,0.08640254373858029,0.08640254373858029,178,420
L,420X35,0.11822163857831104,0.11822163857831104,178,420
L,420X36,0.05039525974909513,0.05039525974909513,178,420
L,420X37,0.08560879084614172,0.08560879084614172,178,420
L,420X38,0.1113596723713392,0.1113596723713392,178,420
L,420X40,-0.046896343289409476,0.046896343289409476,178,420
L,420X48,-0.09233087556926832,0.09233087556926832,178,420
L,420X50,-0.09233429079708778,0.09233429079708778,178,420
L,420X66,0.0009017380185104438,0.0009017380185104438,178,420
L,420X67,0.0033427242344060706,0.0033427242344060706,178,420
L,420X68,0.002094332867472454,0.002094332867472454,178,420
L,420X69,0.0038988075885253983,0.0038988075885253983,178,420
L,420X70,0.001977630898784023,0.001977630898784023,178,420
L,420X71,0.002784615264396266,0.002784615264396266,178,420
L,420X72,-0.034925213707362394,0.034925213707362394,178,420
L,420X73,-0.012842195798561922,0.012842195798561922,178,420
L,420X74,-0.08976601321398342,0.08976601321398342,178,420
L,420X75,-0.001302700255547084,0.001302700255547084,178,420
L,420X76,0.009504751999390255,0.009504751999390255,178,420
L,420X77,0.04903851387964382,0.04903851387964382,178,420
L,420X78,0.10559282174904965,0.10559282174904965,178,420
L,420X79,-0.0047298597707487785,0.0047298597707487785,178,420
L,420X80,0.09471787888827629,0.09471787888827629,178,420
L,420X81,0.08522065634004593,0.08522065634004593,178,420
L,420X85,0.17896820855589854,0.17896820855589854,178,420
L,420X86,0.18080279498108867,0.18080279498108867,178,420
L,420X87,0.1819298670902246,0.1819298670902246,178,420
L,420X88,0.17919038887454217,0.17919038887454217,178,420
L,420X89,0.17921755225336503,0.17921755225336503,178,420
L,420X90,0.1800458597939105,0.1800458597939105,178,420
L,420X91,0.053875952020658965,0.053875952020658965,178,420
L,420X92,0.10950816603138104,0.10950816603138104,178,420
L,420X93,0.1457545380418325,0.1457545380418325,178,420
L,420X94,0.016936754474542685,0.016936754474542685,178,420
L,420X95,0.019229208774354245,0.019229208774354245,178,420
L,420X96,0.04921852203900069,0.04921852203900069,178,420
L,420X97,0.13075923364261624,0.13075923364261624,178,420
L,420X98,0.1441111027867327,0.1441111027867327,178,420
L,420X99,0.036020750296861935,0.036020750296861935,178,420
L,420X100,0.0025338418253068947,0.0025338418253068947,178,420
L,420X103,-0.10834945777674211,0.10834945777674211,178,420
L,420X108,-0.06080988509963865,0.06080988509963865,178,420
L,420X110,0.03278731160695886,0.03278731160695886,178,420
L,420X112,0.04664659940582512,0.04664659940582512,178,420
L,420X114,-0.18523133146493115,0.18523133146493115,178,420
L,420X115,-0.17225262791225227,0.17225262791225227,178,420
L,420X116,-0.11909845427280058,0.11909845427280058,178,420
L,420X117,-0.09665849494891576,0.09665849494891576,178,420
L,420X118,-0.12469286491056175,0.12469286491056175,178,420
L,420X120,-0.11087226284091428,0.11087226284091428,178,420
L,420X121,-0.16532343320261864,0.16532343320261864,178,420
L,420X122,0.06621873779002375,0.06621873779002375,178,420
L,420X123,-0.054820647330574374,0.054820647330574374,178,420
L,420X124,-0.06377333482436204,0.06377333482436204,178,420
L,420X132,0.016000440696271673,0.016000440696271673,178,420
L,420X133,0.06355954672474388,0.06355954672474388,178,420
L,420X134,-0.06090858777343435,0.06090858777343435,178,420
L,420X135,-0.05276156948013095,0.05276156948013095,178,420
L,420X136,-0.029490010650294288,0.029490010650294288,178,420
L,420X138,0.02891200124261817,0.02891200124261817,178,420
L,420X139,0.010874346879819545,0.010874346879819545,178,420
L,420X140,0.08376469396948404,0.08376469396948404,178,420
L,420X141,-0.03412578541877402,0.03412578541877402,178,420
L,420X142,0.05826854463612226,0.05826854463612226,178,420
L,420X144,0.07141234718225165,0.07141234718225165,178,420
L,420X145,-0.04346507795425417,0.04346507795425417,178,420
L,420X146,0.0635595467247427,0.0635595467247427,178,420
L,420X147,0.18040698235157981,0.18040698235157981,178,420
L,420X148,0.03631225300915397,0.03631225300915397,178,420
L,420X150,-0.08176019914022595,0.08176019914022595,178,420
L,420X151,-0.030411291045771893,0.030411291045771893,178,420
L,420X152,-0.1123822838551978,0.1123822838551978,178,420
L,420X153,-0.1229944965899739,0.1229944965899739,178,420
L,420X154,-0.11374870595117673,0.11374870595117673,178,420
L,420X156,0.011176728872960964,0.011176728872960964,178,420
L,420X157,-0.007526759220514167,0.007526759220514167,178,420
L,420X158,0.0501570259371894,0.0501570259371894,178,420
L,420X159,0.14888576063735232,0.14888576063735232,178,420
L,420X160,0.007182659789723587,0.007182659789723587,178,420
L,420X164,-0.09233087556926761,0.09233087556926761,178,420
L,420X187,-0.16882724364184734,0.16882724364184734,178,420
L,420X188,-0.019471573529246448,0.019471573529246448,178,420
L,420X189,-0.01947157352924645,0.01947157352924645,178,420
L,420X192,-0.06377261872086372,0.06377261872086372,178,420
L,420X193,-0.059369255245840025,0.059369255245840025,178,420
L,420X194,-0.042859406470149075,0.042859406470149075,178,420
L,420X195,-0.062489915771262006,0.062489915771262006,178,420
L,420X196,-0.06570470477342512,0.06570470477342512,178,420
L,420X197,-0.1321006930263674,0.1321006930263674,178,420
L,420X198,-0.1447980971184,0.1447980971184,178,420
L,420X199,-0.1409927454339069,0.1409927454339069,178,420
L,420X200,0.01637401428091954,0.01637401428091954,178,420
L,420X201,-0.12221927657093931,0.12221927657093931,178,420
L,420X202,-0.132457615315417,0.132457615315417,178,420
L,420X205,-0.0015785232847867982,0.0015785232847867982,178,420
L,420X208,0.07438921020229804,0.07438921020229804,178,420
L,420X209,0.06917078970109765,0.06917078970109765,178,420
L,420X210,0.0823761612505017,0.0823761612505017,178,420
L,420X211,0.07504605339604282,0.07504605339604282,178,420
L,420X212,0.07448941613010018,0.07448941613010018,178,420
L,420X213,0.10332890463828771,0.10332890463828771,178,420
L,420X214,0.09745097056110619,0.09745097056110619,178,420
L,420X215,0.08777069912677653,0.08777069912677653,178,420
L,420X216,0.07340672604591375,0.07340672604591375,178,420
L,420X217,0.09217863032535956,0.09217863032535956,178,420
L,420X228,0.07165877929227484,0.07165877929227484,178,420
L,440AX2,-0.07298936640492266,0.07298936640492266,178,UNKNOWN
L,440AX4,0.03794444361273174,0.03794444361273174,178,UNKNOWN
L,440AX5,0.03871309442067218,0.03871309442067218,178,UNKNOWN
L,440AX6,0.03691855660155303,0.03691855660155303,178,UNKNOWN
L,440AX7,0.03835575845073566,0.03835575845073566,178,UNKNOWN
L,440AX8,0.03877404387386843,0.03877404387386843,178,UNKNOWN
L,440AX9,0.03782679410068833,0.03782679410068833,178,UNKNOWN
L,440AX10,0.04129335053821769,0.04129335053821769,178,UNKNOWN
L,440AX11,0.042437850202027456,0.042437850202027456,178,UNKNOWN
L,440AX12,0.03970331732516342,0.03970331732516342,178,UNKNOWN
L,440AX13,0.040550306667468464,0.040550306667468464,178,UNKNOWN
L,440AX14,0.04076246526407394,0.04076246526407394,178,UNKNOWN
L,440AX15,0.04011793455064871,0.04011793455064871,178,UNKNOWN
L,440AX16,0.04161079430191553,0.04161079430191553,178,UNKNOWN
L,440AX17,0.04194648420999486,0.04194648420999486,178,UNKNOWN
L,440AX18,0.04072050948770981,0.04072050948770981,178,UNKNOWN
L,440AX19,0.0370561717241264,0.0370561717241264,178,UNKNOWN
L,440AX20,0.0368053454905332,0.0368053454905332,178,UNKNOWN
L,440AX21,0.037485262783310595,0.037485262783310595,178,UNKNOWN
L,440AX22,0.037994376529469444,0.037994376529469444,178,UNKNOWN
L,440AX23,0.03813919922741084,0.03813919922741084,178,UNKNOWN
L,440AX24,0.037354713568896525,0.037354713568896525,178,UNKNOWN
L,440AX25,0.03876206392936665,0.03876206392936665,178,UNKNOWN
L,440AX26,0.03893132248005409,0.03893132248005409,178,UNKNOWN
L,440AX27,0.03837979607063882,0.03837979607063882,178,UNKNOWN
L,440AX28,0.039600401886767445,0.039600401886767445,178,UNKNOWN
L,440AX29,0.039784885754959545,0.039784885754959545,178,UNKNOWN
L,440AX30,0.03941611388597905,0.03941611388597905,178,UNKNOWN
L,440AX31,0.035730278218036614,0.035730278218036614,178,UNKNOWN
L,440AX32,0.03610022689090869,0.03610022689090869,178,UNKNOWN
L,440AX33,0.03602179334897853,0.03602179334897853,178,UNKNOWN
L,440AX34,0.03741207479622636,0.03741207479622636,178,UNKNOWN
L,440AX35,0.03758582763444889,0.03758582763444889,178,UNKNOWN
L,440AX36,0.037291210748952246,0.037291210748952246,178,UNKNOWN
L,440AX37,0.038396434921507704,0.038396434921507704,178,UNKNOWN
L,440AX38,0.03896727246498298,0.03896727246498298,178,UNKNOWN
L,440AX39,0.03712331665908346,0.03712331665908346,178,UNKNOWN
L,440AX40,0.03885141836663996,0.03885141836663996,178,UNKNOWN
L,440AX41,0.03934625683753754,0.03934625683753754,178,UNKNOWN
L,440AX42,0.03856039339864809,0.03856039339864809,178,UNKNOWN
L,440AX43,0.040823206790384724,0.040823206790384724,178,UNKNOWN
L,440AX44,0.041257182624476134,0.041257182624476134,178,UNKNOWN
L,440AX45,0.04042307376412598,0.04042307376412598,178,UNKNOWN
L,440AX46,0.03967807408737666,0.03967807408737666,178,UNKNOWN
L,440AX47,0.039866092907685786,0.039866092907685786,178,UNKNOWN
L,440AX48,0.03946741413054077,0.03946741413054077,178,UNKNOWN
L,440AX49,0.03750950393227314,0.03750950393227314,178,UNKNOWN
L,440AX50,0.03821735349740452,0.03821735349740452,178,UNKNOWN
L,440AX51,0.037232178043439125,0.037232178043439125,178,UNKNOWN
L,440AX55,0.03671031508142713,0.03671031508142713,178,UNKNOWN
L,440AX56,0.037966524310870185,0.037966524310870185,178,UNKNOWN
L,440AX57,0.035238222464305066,0.035238222464305066,178,UNKNOWN
L,440AX58,0.0333580477149841,0.0333580477149841,178,UNKNOWN
L,440AX59,0.03384365563903943,0.03384365563903943,178,UNKNOWN
L,440AX60,0.03360183592701301,0.03360183592701301,178,UNKNOWN
L,440AX61,0.03782899441435537,0.03782899441435537,178,UNKNOWN
L,440AX62,0.03509794262064234,0.03509794262064234,178,UNKNOWN
L,440AX63,0.04003955361927486,0.04003955361927486,178,UNKNOWN
L,440AX64,0.04152992825242093,0.04152992825242093,178,UNKNOWN
L,440AX65,0.04285333805107548,0.04285333805107548,178,UNKNOWN
L,440AX66,0.03985057292965349,0.03985057292965349,178,UNKNOWN
L,440AX67,0.03992327803755815,0.03992327803755815,178,UNKNOWN
L,440AX68,0.041014727356863116,0.041014727356863116,178,UNKNOWN
L,440AX69,0.03917280210388459,0.03917280210388459,178,UNKNOWN
L,440AX70,0.03702426759539,0.03702426759539,178,UNKNOWN
L,440AX71,0.03436159609729053,0.03436159609729053,178,UNKNOWN
L,440AX72,0.03857506201102973,0.03857506201102973,178,UNKNOWN
L,440AX73,0.03603040669896583,0.03603040669896583,178,UNKNOWN
L,440AX74,0.03641827902215816,0.03641827902215816,178,UNKNOWN
L,440AX75,0.035094076770979775,0.035094076770979775,178,UNKNOWN
L,440AX76,0.04087748403367129,0.04087748403367129,178,UNKNOWN
L,440AX77,0.041304676644698335,0.041304676644698335,178,UNKNOWN
L,440AX78,0.04017771424696514,0.04017771424696514,178,UNKNOWN
L,440AX79,0.03502340670368326,0.03502340670368326,178,UNKNOWN
L,440AX80,0.035723684944348195,0.035723684944348195,178,UNKNOWN
L,440AX81,0.035155258809613205,0.035155258809613205,178,UNKNOWN
L,440AX82,0.038011207233705366,0.038011207233705366,178,UNKNOWN
L,440AX83,0.04019483744001638,0.04019483744001638,178,UNKNOWN
L,440AX84,0.036035307561327744,0.036035307561327744,178,UNKNOWN
L,440AX85,0.037886826571314605,0.037886826571314605,178,UNKNOWN
L,440AX86,0.03916709886327853,0.03916709886327853,178,UNKNOWN
L,440AX87,0.03647231224801306,0.03647231224801306,178,UNKNOWN
L,440AX88,0.03906576084321184,0.03906576084321184,178,UNKNOWN
L,440AX89,0.040005789443940905,0.040005789443940905,178,UNKNOWN
L,440AX90,0.03826006740744075,0.03826006740744075,178,UNKNOWN
L,440AX91,0.033215417860402593,0.033215417860402593,178,UNKNOWN
L,440AX92,0.029723881587541464,0.029723881587541464,178,UNKNOWN
L,440AX93,0.03539540380621454,0.03539540380621454,178,UNKNOWN
L,440AX94,0.0405091039914438,0.0405091039914438,178,UNKNOWN
L,440AX95,0.04041298737547236,0.04041298737547236,178,UNKNOWN
L,440AX96,0.03941876338119431,0.03941876338119431,178,UNKNOWN
L,440AX97,0.040824741745034136,0.040824741745034136,178,UNKNOWN
L,440AX98,0.04149624680908222,0.04149624680908222,178,UNKNOWN
L,440AX99,0.04031062929641394,0.04031062929641394,178,UNKNOWN
L,440AX100,0.03845087237671764,0.03845087237671764,178,UNKNOWN
L,440AX101,0.03951581585661797,0.03951581585661797,178,UNKNOWN
L,440AX102,0.03767148064048428,0.03767148064048428,178,UNKNOWN
L,440AX106,-0.06239861072887502,0.06239861072887502,178,UNKNOWN
L,440AX107,-0.0053139118652973626,0.0053139118652973626,178,UNKNOWN
L,440AX108,-0.012249576008754134,0.012249576008754134,178,UNKNOWN
L,440AX109,0.0248625150253242,0.0248625150253242,178,UNKNOWN
L,440AX110,-0.020895711775608245,0.020895711775608245,178,UNKNOWN
L,440AX111,-0.03517944378796809,0.03517944378796809,178,UNKNOWN
L,440AX112,0.006238076684728841,0.006238076684728841,178,UNKNOWN
L,440AX113,0.0014407721529258754,0.0014407721529258754,178,UNKNOWN
L,440AX114,-0.024755592878062695,0.024755592878062695,178,UNKNOWN
L,440AX115,0.03980624142051064,0.03980624142051064,178,UNKNOWN
L,440AX116,-0.014546013741912871,0.014546013741912871,178,UNKNOWN
L,440AX117,-0.016047043018665545,0.016047043018665545,178,UNKNOWN
L,440AX118,-0.013570847546340876,0.013570847546340876,178,UNKNOWN
L,440AX119,-0.003382043904351006,0.003382043904351006,178,UNKNOWN
L,440AX120,-0.011064627228387776,0.011064627228387776,178,UNKNOWN
L,440AX121,0.012415331484696795,0.012415331484696795,178,UNKNOWN
L,440AX122,-0.00196784777019367,0.00196784777019367,178,UNKNOWN
L,440AX123,-0.022668803275732164,0.022668803275732164,178,UNKNOWN
L,440AX124,0.03323645641090515,0.03323645641090515,178,UNKNOWN
L,440AX125,-0.00037801913522828614,0.00037801913522828614,178,UNKNOWN
L,440AX126,-0.01895116632776826,0.01895116632776826,178,UNKNOWN
L,440AX127,0.03769744870029979,0.03769744870029979,178,UNKNOWN
L,440AX128,0.0007007600697535172,0.0007007600697535172,178,UNKNOWN
L,440AX129,-0.006328103551492286,0.006328103551492286,178,UNKNOWN
L,440AX130,0.021394360202996923,0.021394360202996923,178,UNKNOWN
L,440AX131,0.07516412775141405,0.07516412775141405,178,UNKNOWN
L,440AX132,-0.0038325761934043154,0.0038325761934043154,178,UNKNOWN
L,440AX133,0.062177974434198924,0.062177974434198924,178,UNKNOWN
L,440AX134,0.09798714337100485,0.09798714337100485,178,UNKNOWN
L,440AX135,0.02313744000122458,0.02313744000122458,178,UNKNOWN
L,440AX136,0.08903411679976295,0.08903411679976295,178,UNKNOWN
L,440AX137,0.02154896540048021,0.02154896540048021,178,UNKNOWN
L,440AX138,0.008690732578744044,0.008690732578744044,178,UNKNOWN
L,440AX139,0.06313789568413566,0.06313789568413566,178,UNKNOWN
L,440AX140,-0.012880851526632948,0.012880851526632948,178,UNKNOWN
L,440AX141,-0.016592017942224608,0.016592017942224608,178,UNKNOWN
L,440AX142,-0.010272137305107648,0.010272137305107648,178,UNKNOWN
L,440AX143,-0.025369378496830807,0.025369378496830807,178,UNKNOWN
L,440AX144,-0.03800509133788809,0.03800509133788809,178,UNKNOWN
L,440AX145,0.0020925376436131773,0.0020925376436131773,178,UNKNOWN
L,440AX146,0.030313113388063626,0.030313113388063626,178,UNKNOWN
L,440AX147,-0.01298453620634388,0.01298453620634388,178,UNKNOWN
L,440AX148,0.06124238831155959,0.06124238831155959,178,UNKNOWN
L,440AX149,-0.006928777830686397,0.006928777830686397,178,UNKNOWN
L,440AX150,-0.011881702910903222,0.011881702910903222,178,UNKNOWN
L,440AX151,-0.002777159593016672,0.002777159593016672,178,UNKNOWN
L,440AX152,-0.017644397294074656,0.017644397294074656,178,UNKNOWN
L,440AX153,-0.022081037695622904,0.022081037695622904,178,UNKNOWN
L,440AX154,-0.013443448701336421,0.013443448701336421,178,UNKNOWN
L,440AX158,0.035355339059295214,0.035355339059295214,178,UNKNOWN
L,440AX159,-0.024469028316025838,0.024469028316025838,178,UNKNOWN
L,440AX160,-0.02407248415978844,0.02407248415978844,178,UNKNOWN
L,440AX161,-0.02590671333783461,0.02590671333783461,178,UNKNOWN
L,440AX162,-0.02287485450619452,0.02287485450619452,178,UNKNOWN
L,440AX163,-0.021482904234654338,0.021482904234654338,178,UNKNOWN
L,440AX164,-0.022651025134632533,0.022651025134632533,178,UNKNOWN
L,440AX165,-0.016315023114214507,0.016315023114214507,178,UNKNOWN
L,440AX166,-0.017063932880338598,0.017063932880338598,178,UNKNOWN
L,440AX167,-0.016627636412674493,0.016627636412674493,178,UNKNOWN
L,440AX168,-0.02818185152215317,0.02818185152215317,178,UNKNOWN
L,440AX169,-0.028070438726687023,0.028070438726687023,178,UNKNOWN
L,440AX170,-0.02825134821014032,0.02825134821014032,178,UNKNOWN
L,440AX171,-0.026114931167404282,0.026114931167404282,178,UNKNOWN
L,440AX172,-0.0262557544713262,0.0262557544713262,178,UNKNOWN
L,440AX173,-0.025542908950326165,0.025542908950326165,178,UNKNOWN
L,440AX174,-0.025673124210281305,0.025673124210281305,178,UNKNOWN
L,440AX175,-0.025801152743449126,0.025801152743449126,178,UNKNOWN
L,440AX176,-0.025180235464964933,0.025180235464964933,178,UNKNOWN
L,440AX177,-0.025321284276406772,0.025321284276406772,178,UNKNOWN
L,440AX178,-0.026122802162340347,0.026122802162340347,178,UNKNOWN
L,440AX179,-0.025263645486587164,0.025263645486587164,178,UNKNOWN
L,440AX180,-0.027722331440284208,0.027722331440284208,178,UNKNOWN
L,440AX181,-0.027600957318645834,0.027600957318645834,178,UNKNOWN
L,440AX182,-0.027231164778411084,0.027231164778411084,178,UNKNOWN
L,440AX183,-0.017322796743152794,0.017322796743152794,178,UNKNOWN
L,440AX184,-0.01757910918302374,0.01757910918302374,178,UNKNOWN
L,440AX185,-0.018662872155308416,0.018662872155308416,178,UNKNOWN
L,440AX186,-0.015988771343464974,0.015988771343464974,178,UNKNOWN
L,440AX187,-0.012909387056057464,0.012909387056057464,178,UNKNOWN
L,440AX188,-0.0167743728292194,0.0167743728292194,178,UNKNOWN
L,440AX189,-0.02293662228491329,0.02293662228491329,178,UNKNOWN
L,440AX190,-0.02245485694718883,0.02245485694718883,178,UNKNOWN
L,440AX191,-0.023961031408846235,0.023961031408846235,178,UNKNOWN
L,440AX192,-0.022619167171641925,0.022619167171641925,178,UNKNOWN
L,440AX193,-0.021832971341977557,0.021832971341977557,178,UNKNOWN
L,440AX194,-0.023017418045761306,0.023017418045761306,178,UNKNOWN
L,440AX195,-0.00832148052370591,0.00832148052370591,178,UNKNOWN
L,440AX196,-0.015679378610488758,0.015679378610488758,178,UNKNOWN
L,440AX197,-0.00528852832224087,0.00528852832224087,178,UNKNOWN
L,440AX198,-0.006609766957914931,0.006609766957914931,178,UNKNOWN
L,440AX199,-0.008108302139071672,0.008108302139071672,178,UNKNOWN
L,440AX200,-0.007860866008566132,0.007860866008566132,178,UNKNOWN
L,440AX201,-0.025596884475425085,0.025596884475425085,178,UNKNOWN
L,440AX202,-0.025321284380541875,0.025321284380541875,178,UNKNOWN
L,440AX203,-0.026062884678558995,0.026062884678558995,178,UNKNOWN
L,440AX204,-0.02464297037774919,0.02464297037774919,178,UNKNOWN
L,440AX205,-0.023872265140488656,0.023872265140488656,178,UNKNOWN
L,440AX206,-0.024721875008646317,0.024721875008646317,178,UNKNOWN
L,440AX207,0.03490988269749984,0.03490988269749984,178,UNKNOWN
L,440AX210,-0.0732594803968846,0.0732594803968846,178,UNKNOWN
L,440AX211,-0.11965846998901174,0.11965846998901174,178,UNKNOWN
L,440AX212,-0.03593049224052158,0.03593049224052158,178,UNKNOWN
L,Tool (#5),-0.17247836676448533,0.17247836676448533,178,UNKNOWN
L,520X1,-0.005536597286052705,0.005536597286052705,178,520
L,520X3,-0.07325483911810872,0.07325483911810872,178,520
L,520X6,-0.06934285771880343,0.06934285771880343,178,520
L,520X7,-0.05331529270002158,0.05331529270002158,178,520
L,520X8,0.09028394705903718,0.09028394705903718,178,520
L,520X11,0.0020462977795960313,0.0020462977795960313,178,520
L,520X12,0.006582957362597932,0.006582957362597932,178,520
L,520X13,-0.0011035891367806997,0.0011035891367806997,178,520
L,520X16,-0.08165455695907435,0.08165455695907435,178,520
L,520X17,-0.07672944171189497,0.07672944171189497,178,520
L,520X18,-0.09973239985532516,0.09973239985532516,178,520
L,520X19,0.0020462977796001525,0.0020462977796001525,178,520
L,520X21,0.0018324908354935008,0.0018324908354935008,178,520
L,520X22,0.015991626096075635,0.015991626096075635,178,520
L,520X23,-0.0023650739571655336,0.0023650739571655336,178,520
L,520X24,0.0020462977796056477,0.0020462977796056477,178,520
L,520X26,0.0020462977796056477,0.0020462977796056477,178,520
L,520X27,-0.006718952279608627,0.006718952279608627,178,520
L,520X28,0.02041109695524785,0.02041109695524785,178,520
L,520X31,-0.06035751839016326,0.06035751839016326,178,520
L,520X32,-0.10537553817596274,0.10537553817596274,178,520
L,520X33,-0.09294966638413411,0.09294966638413411,178,520
L,520X34,0.0020462977795960313,0.0020462977795960313,178,520
L,520X36,0.003040186635703576,0.003040186635703576,178,520
L,520X37,0.00015632990888688532,0.00015632990888688532,178,520
L,520X38,0.013174975133331386,0.013174975133331386,178,520
L,520X39,0.0020462977795960313,0.0020462977795960313,178,520
L,520X41,0.003096626364003172,0.003096626364003172,178,520
L,520X42,-0.004868942843438427,0.004868942843438427,178,520
L,520X43,-0.012278808675283156,0.012278808675283156,178,520
L,520X44,0.002046297779567182,0.002046297779567182,178,520
L,520X46,-0.06252158851605578,0.06252158851605578,178,520
L,520X47,-0.07197582979599577,0.07197582979599577,178,520
L,520X48,-0.03837593887093892,0.03837593887093892,178,520
L,520X49,-0.0020462977795960313,0.0020462977795960313,178,520
L,520X51,0.09389869761309268,0.09389869761309268,178,520
L,520X52,0.08048223400417129,0.08048223400417129,178,520
L,520X53,-0.009900473952067508,0.009900473952067508,178,520
L,520X56,0.005279679815724462,0.005279679815724462,178,520
L,520X57,0.051874399268773776,0.051874399268773776,178,520
L,520X58,-0.011902432935224335,0.011902432935224335,178,520
L,520X59,0.002046297779624881,0.002046297779624881,178,520
L,520X61,-0.07146409032020574,0.07146409032020574,178,520
L,520X62,-0.09822083757782436,0.09822083757782436,178,520
L,520X63,-0.07935262921070334,0.07935262921070334,178,520
L,520X64,-0.002046297779567182,0.002046297779567182,178,520
L,520X66,0.02454716511222493,0.02454716511222493,178,520
L,520X67,0.012369094822148395,0.012369094822148395,178,520
L,520X68,-0.018585007974613106,0.018585007974613106,178,520
L,520X69,0.002046297779624881,0.002046297779624881,178,520
L,520X71,0.003664201675205104,0.003664201675205104,178,520
L,520X72,-0.03532033761093052,0.03532033761093052,178,520
L,520X73,0.016889405807383698,0.016889405807383698,178,520
L,520X74,0.002046297779624881,0.002046297779624881,178,520
L,520X76,-0.02692800120639336,0.02692800120639336,178,520
L,520X77,-0.008084481300315385,0.008084481300315385,178,520
L,520X78,-0.042714064204278354,0.042714064204278354,178,520
L,520X79,-0.002046297779624881,0.002046297779624881,178,520
L,520X81,0.005100691186460499,0.005100691186460499,178,520
L,520X82,-0.0022466586469370915,0.0022466586469370915,178,520
L,520X83,0.06740604516413295,0.06740604516413295,178,520
L,520X84,0.002046297779567182,0.002046297779567182,178,520
L,520X86,0.0020594027238543203,0.0020594027238543203,178,520
L,520X87,0.0028703325969018987,0.0028703325969018987,178,520
L,520X88,-0.014191097878850319,0.014191097878850319,178,520
L,520X89,0.002046297779624881,0.002046297779624881,178,520
L,520X91,-0.0018588537989258859,0.0018588537989258859,178,520
L,520X92,-0.02197643676929991,0.02197643676929991,178,520
L,520X93,-0.05737701189378794,0.05737701189378794,178,520
L,520X94,0.002046297779567182,0.002046297779567182,178,520
L,520X96,0.009096739366353164,0.009096739366353164,178,520
L,520X97,0.004873882112293342,0.004873882112293342,178,520
L,520X98,-0.017596403654720066,0.017596403654720066,178,520
L,520X99,0.0020462977796056477,0.0020462977796056477,178,520
L,520X101,0.007549333748128089,0.007549333748128089,178,520
L,520X102,0.014656595480559215,0.014656595480559215,178,520
L,520X103,-0.007357963376614451,0.007357963376614451,178,520
L,520X104,0.0020462977795960313,0.0020462977795960313,178,520
L,520X106,-0.023365263801838166,0.023365263801838166,178,520
L,520X107,0.002821483374144755,0.002821483374144755,178,520
L,520X108,-0.0072159195471341525,0.0072159195471341525,178,520
L,520X109,0.0020462977796056477,0.0020462977796056477,178,520
L,520X111,0.0011863415211044743,0.0011863415211044743,178,520
L,520X112,-0.002597808845204003,0.002597808845204003,178,520
L,520X113,-0.004089652014116331,0.004089652014116331,178,520
L,520X114,0.0020462977796056477,0.0020462977796056477,178,520
L,520X117,-0.002046297779567182,0.002046297779567182,178,520
L,520X118,-0.008277486896854234,0.008277486896854234,178,520
L,520X119,0.012779577040071129,0.012779577040071129,178,520
L,520X123,0.014376037952377626,0.014376037952377626,178,520
L,520X124,0.057222291960708924,0.057222291960708924,178,520
L,520X128,0.0020462977796056477,0.0020462977796056477,178,520
L,520X129,-0.026726900106455787,0.026726900106455787,178,520
L,520X130,0.02058915696496366,0.02058915696496366,178,520
L,520X134,-0.0377048964267254,0.0377048964267254,178,520
L,520X135,0.0017028634782399598,0.0017028634782399598,178,520
L,520X137,0.025213361654200715,0.025213361654200715,178,520
L,520X140,0.015112500242269018,0.015112500242269018,178,520
L,520X143,0.007931436864685485,0.007931436864685485,178,520
L,520X144,-0.013801603447526633,0.013801603447526633,178,520
L,520X148,-0.15534859279464072,0.15534859279464072,178,520
L,520X152,-0.1529119118997473,0.1529119118997473,178,520
L,520X158,0.027465022313678096,0.027465022313678096,178,520
L,520X159,0.022720976575423667,0.022720976575423667,178,520
L,520X160,0.05007745980632098,0.05007745980632098,178,520
L,520X161,0.023123940459485876,0.023123940459485876,178,520
L,520X162,0.013416674357166198,0.013416674357166198,178,520
L,520X165,0.06437594871812131,0.06437594871812131,178,520
L,520X166,0.014900980249103931,0.014900980249103931,178,520
L,520X167,0.07253155928640685,0.07253155928640685,178,520
L,520X168,0.04584235195030202,0.04584235195030202,178,520
L,520X169,0.07971544373978988,0.07971544373978988,178,520
L,520X171,-0.15629816384967618,0.15629816384967618,178,520
L,520X173,-0.15537466190961555,0.15537466190961555,178,520
L,520X174,0.05211843586724438,0.05211843586724438,178,520
L,520X176,0.11256270836916432,0.11256270836916432,178,520
L,520X177,0.05342687158907655,0.05342687158907655,178,520
L,520X178,-0.016937037875536406,0.016937037875536406,178,520
L,520X179,0.06303396506422126,0.06303396506422126,178,520
L,520X180,0.04533592204262991,0.04533592204262991,178,520
L,520X181,0.01837271282630262,0.01837271282630262,178,520
L,520X182,0.03557306666798868,0.03557306666798868,178,520
L,520X183,0.013301226479121341,0.013301226479121341,178,520
L,520X184,0.029671116373772545,0.029671116373772545,178,520
L,520X186,-0.01798051158884061,0.01798051158884061,178,520
L,520X230,0.023970523534549988,0.023970523534549988,178,520
L,520X231,0.02324387212719399,0.02324387212719399,178,520
L,520X232,0.022998342135847772,0.022998342135847772,178,520
L,520X233,0.02324575069264223,0.02324575069264223,178,520
L,520X234,0.023785234758435938,0.023785234758435938,178,520
L,520X235,0.023708241987929205,0.023708241987929205,178,520
L,520X236,0.05237235363514012,0.05237235363514012,178,520
L,520X237,0.05660000759418807,0.05660000759418807,178,520
L,520X238,0.026961266581882474,0.026961266581882474,178,520
L,520X239,0.04338565813358147,0.04338565813358147,178,520
L,520X240,0.06125272320518757,0.06125272320518757,178,520
L,520X241,0.02243325415223155,0.02243325415223155,178,520
L,520X242,0.05394302735218796,0.05394302735218796,178,520
L,520X243,0.03309490231758127,0.03309490231758127,178,520
L,520X244,0.03931323794868675,0.03931323794868675,178,520
L,520X245,0.06329494877575376,0.06329494877575376,178,520
L,520X246,-0.013801767683037995,0.013801767683037995,178,520
L,520X248,-0.1553477204219825,0.1553477204219825,178,520
L,520X250,-0.15531691788361765,0.15531691788361765,178,520
L,520X252,0.004978537649304778,0.004978537649304778,178,520
L,520X253,0.007559772849218711,0.007559772849218711,178,520
L,520X254,0.005281359904348154,0.005281359904348154,178,520
L,520X255,0.007013136399794512,0.007013136399794512,178,520
L,520X256,0.005239872312417214,0.005239872312417214,178,520
L,520X257,0.00682327088962138,0.00682327088962138,178,520
L,520X258,-0.037530408427426894,0.037530408427426894,178,520
L,520X259,-0.055058480620534034,0.055058480620534034,178,520
L,520X260,-0.0284985163374418,0.0284985163374418,178,520
L,520X261,-0.039155817607784034,0.039155817607784034,178,520
L,520X262,-0.07668206754199743,0.07668206754199743,178,520
L,520X263,-0.0713794731021584,0.0713794731021584,178,520
L,520X264,-0.054120855397506246,0.054120855397506246,178,520
L,520X265,-0.040427382501735894,0.040427382501735894,178,520
L,520X266,-0.059300502695850056,0.059300502695850056,178,520
L,520X267,-0.07998280588213037,0.07998280588213037,178,520
L,520X281,-0.01518078542970386,0.01518078542970386,178,520
L,520X282,0.01016040744699535,0.01016040744699535,178,520
L,520X283,0.00748202789453023,0.00748202789453023,178,520
L,520X284,0.025501011287512632,0.025501011287512632,178,520
L,520X285,-0.0038203301081371805,0.0038203301081371805,178,520
L,520X287,0.01872082425202027,0.01872082425202027,178,520
L,520X288,-0.03592651070796478,0.03592651070796478,178,520
L,520X289,0.0047417896066024555,0.0047417896066024555,178,520
L,520X290,-0.031311312580230115,0.031311312580230115,178,520
L,520X291,0.025158756127779226,0.025158756127779226,178,520
L,520X293,-0.07214908521574596,0.07214908521574596,178,520
L,520X294,-0.045527499173199905,0.045527499173199905,178,520
L,520X295,-0.01579517477794579,0.01579517477794579,178,520
L,520X296,-0.0442023534771923,0.0442023534771923,178,520
L,520X297,-0.0703964258687042,0.0703964258687042,178,520
L,520X305,-0.03902493367729231,0.03902493367729231,178,520
L,520X306,0.010211570988559607,0.010211570988559607,178,520
L,520X307,-0.02344695097612712,0.02344695097612712,178,520
L,520X308,0.015890596167520008,0.015890596167520008,178,520
L,520X309,-0.07515334526901712,0.07515334526901712,178,520
L,520X311,-0.015801089149525913,0.015801089149525913,178,520
L,520X312,-0.03469550141562459,0.03469550141562459,178,520
L,520X313,-0.037102810792901876,0.037102810792901876,178,520
L,520X314,0.025054196673406685,0.025054196673406685,178,520
L,520X315,-0.07868565293536724,0.07868565293536724,178,520
L,520X317,-0.03015836434435268,0.03015836434435268,178,520
L,520X318,-0.003761991521112082,0.003761991521112082,178,520
L,520X319,-0.0611027654144984,0.0611027654144984,178,520
L,520X320,-0.04713923298789204,0.04713923298789204,178,520
L,520X321,-0.09081479990759293,0.09081479990759293,178,520
L,520X323,-0.014375058522442318,0.014375058522442318,178,520
L,520X324,0.019951989669928373,0.019951989669928373,178,520
L,520X325,0.034055063910585416,0.034055063910585416,178,520
L,520X326,0.01961919228960248,0.01961919228960248,178,520
L,520X327,0.05672211811896839,0.05672211811896839,178,520
L,520X329,-0.06154940816951619,0.06154940816951619,178,520
L,520X330,-0.042232264311217745,0.042232264311217745,178,520
L,520X331,-0.04460711682769292,0.04460711682769292,178,520
L,520X332,-0.004959792006782722,0.004959792006782722,178,520
L,520X333,-0.05644364442433544,0.05644364442433544,178,520
L,520X345,-0.010787446245585001,0.010787446245585001,178,520
L,520X346,-0.15531689181058442,0.15531689181058442,178,520
L,520X348,-0.1552886813520248,0.1552886813520248,178,520
L,520X351,-0.01720760819297168,0.01720760819297168,178,520
L,520X353,-0.01380143922038557,0.01380143922038557,178,520
L,520X375,0.03535533905932776,0.03535533905932776,178,520
L,520X376,-0.015206223040799657,0.015206223040799657,178,520
L,520X377,-0.03054219477491803,0.03054219477491803,178,520
L,Chamber,0.07074452295681743,0.07074452295681743,178,UNKNOWN
L,520X380,0.06166858138740463,0.06166858138740463,178,520
L,520X381,0.06166858138741107,0.06166858138741107,178,520
L,520X387,-0.0750917637917054,0.0750917637917054,178,520
L,520X388,-0.07414665710763868,0.07414665710763868,178,520
L,520X389,-0.09072722028277228,0.09072722028277228,178,520
L,520X390,-0.07584085429393456,0.07584085429393456,178,520
L,520X391,-0.07158676342538876,0.07158676342538876,178,520
L,520X392,0.059729844535670956,0.059729844535670956,178,520
L,520X393,0.06522286164556325,0.06522286164556325,178,520
L,520X394,0.07855529256286467,0.07855529256286467,178,520
L,520X395,0.0181389985892037,0.0181389985892037,178,520
L,520X396,0.07801076646039022,0.07801076646039022,178,520
L,520X397,0.049393456270275006,0.049393456270275006,178,520
L,520X399,-0.107111509441944,0.107111509441944,178,520
L,520X400,-0.03236693759574369,0.03236693759574369,178,520
L,520X403,-0.07599644589716051,0.07599644589716051,178,520
L,520X404,-0.07505690121654005,0.07505690121654005,178,520
L,520X405,-0.07679397142011889,0.07679397142011889,178,520
L,520X406,-0.08387170856216315,0.08387170856216315,178,520
L,520X407,-0.0779475246174613,0.0779475246174613,178,520
L,520X408,0.022918605278371033,0.022918605278371033,178,520
L,520X409,0.026808027852077188,0.026808027852077188,178,520
L,520X410,0.015036823031635853,0.015036823031635853,178,520
L,520X411,0.002625281149908855,0.002625281149908855,178,520
L,520X412,0.029194897116429534,0.029194897116429534,178,520
L,520X432,-0.03612841451520829,0.03612841451520829,178,520
L,750X1,0.006524554573881539,0.006524554573881539,178,750
L,750X3,0.03902634686787737,0.03902634686787737,178,750
L,750X14,-0.017645462038817547,0.017645462038817547,178,750
L,750X23,-0.104963464602772,0.104963464602772,178,750
L,750X25,0.06087645577087116,0.06087645577087116,178,750
L,750X34,-0.005682064967560542,0.005682064967560542,178,750
L,750X45,0.003537767652880084,0.003537767652880084,178,750
L,750X47,0.050953248647441614,0.050953248647441614,178,750
L,750X58,-0.059587676703441735,0.059587676703441735,178,750
L,750X69,-0.11422995700975709,0.11422995700975709,178,750
L,750X80,-0.0028992973593772327,0.0028992973593772327,178,750
L,750X91,-0.061399721567840515,0.061399721567840515,178,750
L,750X100,-0.0036597098253967637,0.0036597098253967637,178,750
L,750X109,-0.10388540443516868,0.10388540443516868,178,750
L,750X111,0.05836531824086454,0.05836531824086454,178,750
L,750X115,-0.11897527644850187,0.11897527644850187,178,750
L,750X117,0.011288693099595947,0.011288693099595947,178,750
L,750X125,0.020827314708975253,0.020827314708975253,178,750
L,750X131,-0.010785875134926638,0.010785875134926638,178,750
L,750X133,0.011529570839926265,0.011529570839926265,178,750
L,750X141,0.004753541447106452,0.004753541447106452,178,750
L,750X149,0.012428410643800042,0.012428410643800042,178,750
L,750X155,-0.05903551019521162,0.05903551019521162,178,750
L,750X157,-0.006423676931326395,0.006423676931326395,178,750
L,750X165,-0.015643422108186908,0.015643422108186908,178,750
L,750X176,-0.03481725801136896,0.03481725801136896,178,750
L,750X185,-0.0677282844653808,0.0677282844653808,178,750
L,750X187,-0.04254225381745587,0.04254225381745587,178,750
L,750X198,-0.04954538441410391,0.04954538441410391,178,750
L,750X211,0.025088852642315265,0.025088852642315265,178,750
L,750X219,-0.05389865014685012,0.05389865014685012,178,750
L,750X228,-0.1332021779927891,0.1332021779927891,178,750
L,750X230,-0.0684713505506718,0.0684713505506718,178,750
L,750X241,-0.09824493585039638,0.09824493585039638,178,750
L,750X252,-0.10466010978942375,0.10466010978942375,178,750
L,750X261,-0.12492050289443715,0.12492050289443715,178,750
L,750X263,-0.10954779474013848,0.10954779474013848,178,750
L,750X274,-0.09859637033719476,0.09859637033719476,178,750
L,750X285,-0.0815293130668085,0.0815293130668085,178,750
L,750X294,-0.13096528726159473,0.13096528726159473,178,750
L,750X296,-0.06602424447691603,0.06602424447691603,178,750
L,750X307,-0.05118504008651038,0.05118504008651038,178,750
L,750X318,-0.03934421973069976,0.03934421973069976,178,750
L,750X327,-0.07401044738555598,0.07401044738555598,178,750
L,750X329,0.009342025387926821,0.009342025387926821,178,750
L,750X335,-0.1205029062476621,0.1205029062476621,178,750
L,750X337,-0.028584702774468545,0.028584702774468545,178,750
L,750X348,-0.013069693287034586,0.013069693287034586,178,750
L,750X359,-0.004938434343183392,0.004938434343183392,178,750
L,750X368,-0.10103521352744496,0.10103521352744496,178,750
L,750X370,-0.010569404045408872,0.010569404045408872,178,750
L,750X381,-0.026890370659162444,0.026890370659162444,178,750
L,750X392,-0.017715330408671206,0.017715330408671206,178,750
L,750X401,-0.008764489488851357,0.008764489488851357,178,750
L,750X403,-0.009308492032025602,0.009308492032025602,178,750
L,750X414,-0.0027979669919955793,0.0027979669919955793,178,750
L,750X425,-0.00729190801299937,0.00729190801299937,178,750
L,750X434,-0.07211397356765575,0.07211397356765575,178,750
L,750X436,-0.02066056528347043,0.02066056528347043,178,750
L,750X447,-0.08478713395418103,0.08478713395418103,178,750
L,750X455,-0.020321300968478322,0.020321300968478322,178,750
L,750X466,-0.008698763058507173,0.008698763058507173,178,750
L,750X475,0.02979864491914329,0.02979864491914329,178,750
L,750X477,-0.0012321385870355623,0.0012321385870355623,178,750
L,750X488,-0.015406840760413022,0.015406840760413022,178,750
L,750X499,-0.029473841377510874,0.029473841377510874,178,750
L,750X508,0.08727786000908402,0.08727786000908402,178,750
L,750X510,-0.034666743557347945,0.034666743557347945,178,750
L,750X521,-0.05075894861721485,0.05075894861721485,178,750
L,750X532,-0.09388594785735653,0.09388594785735653,178,750
L,750X541,-0.050388669626263045,0.050388669626263045,178,750
L,750X543,-0.12293859063165026,0.12293859063165026,178,750
L,750X554,-0.12103140019138647,0.12103140019138647,178,750
L,750X565,-0.12947258687504667,0.12947258687504667,178,750
L,750X573,-0.09797222186047685,0.09797222186047685,178,750
L,750X582,-0.07869590095045115,0.07869590095045115,178,750
L,750X584,-0.07819396552955563,0.07819396552955563,178,750
L,750X595,-0.0867437438449259,0.0867437438449259,178,750
L,750X605,-0.03365007093828274,0.03365007093828274,178,750
L,750X611,-0.1154225465705641,0.1154225465705641,178,750
L,750X613,-0.0025154297515241914,0.0025154297515241914,178,750
L,750X621,-0.008649833774138374,0.008649833774138374,178,750
L,750X629,-0.0453072975475038,0.0453072975475038,178,750
L,750X635,-0.09740666698544513,0.09740666698544513,178,750
L,750X637,-0.07446294251015344,0.07446294251015344,178,750
L,750X645,-0.07730720039846443,0.07730720039846443,178,750
L,750X653,-0.07780385979959153,0.07780385979959153,178,750
L,750X659,-0.10633853383042102,0.10633853383042102,178,750
L,750X661,-0.10877429347358603,0.10877429347358603,178,750
L,750X669,-0.0744194992738541,0.0744194992738541,178,750
L,750X677,-0.025265312393980516,0.025265312393980516,178,750
L,750X685,-0.0007689987536505179,0.0007689987536505179,178,750
L,750X696,-0.027857977051381717,0.027857977051381717,178,750
L,750X702,-0.0875193761293485,0.0875193761293485,178,750
L,750X704,-0.07748225451051825,0.07748225451051825,178,750
L,750X710,-0.18702891964140703,0.18702891964140703,178,750
L,750X741,0.08502701743940376,0.08502701743940376,178,750
L,750X743,-0.13723307175671012,0.13723307175671012,178,750
L,750X763,-0.03601958323097158,0.03601958323097158,178,750
L,750X765,-0.06525236678406778,0.06525236678406778,178,750
L,750X776,-0.0557302502548992,0.0557302502548992,178,750
L,750X785,-0.0226148955675884,0.0226148955675884,178,750
L,750X853,-0.08967432497013106,0.08967432497013106,178,750
L,750X885,-0.0089891646772587,0.0089891646772587,178,750
L,750X896,-0.06213776992352625,0.06213776992352625,178,750
L,750X971,-0.053285758037590586,0.053285758037590586,178,750
L,750X984,0.024163426346408893,0.024163426346408893,178,750
L,750X987,0.11223985745429674,0.11223985745429674,178,750
L,750X995,-0.024977632832458886,0.024977632832458886,178,750
L,750X1006,0.04117830481973888,0.04117830481973888,178,750
L,750X1017,0.08866470202564591,0.08866470202564591,178,750
L,750X1028,0.055543765652906245,0.055543765652906245,178,750
L,750X1039,0.09324485675490406,0.09324485675490406,178,750
L,750X1050,0.09605885080633557,0.09605885080633557,178,750
L,750X1061,0.06279368279905664,0.06279368279905664,178,750
L,750X1072,0.10007952832913795,0.10007952832913795,178,750
L,750X1083,0.036837639439251786,0.036837639439251786,178,750
L,750X1094,0.1208082604440236,0.1208082604440236,178,750
L,750X1105,0.043160479017913415,0.043160479017913415,178,750
L,750X1116,0.05919619502547641,0.05919619502547641,178,750
L,750X1127,0.07820659346275567,0.07820659346275567,178,750
L,750X1138,0.1260422602147463,0.1260422602147463,178,750
L,750X1146,0.04601150625917884,0.04601150625917884,178,750
L,750X1152,-0.005870967822387422,0.005870967822387422,178,750
L,750X1164,0.010211013789501363,0.010211013789501363,178,750
L,750X1190,0.07028241324929667,0.07028241324929667,178,750
L,750X1201,-0.16327535471799737,0.16327535471799737,178,750
L,750X1212,-0.056336053298314426,0.056336053298314426,178,750
L,750X1245,-0.06546551474220778,0.06546551474220778,178,750
L,750X1267,-0.06413883627343876,0.06413883627343876,178,750
L,750X1278,-0.1022309285171285,0.1022309285171285,178,750
L,750X1288,-0.06851621030769565,0.06851621030769565,178,750
L,750X1291,-0.18688591799008258,0.18688591799008258,178,750
L,750X1297,0.08469644163014038,0.08469644163014038,178,750
L,750X1305,0.0416191924722659,0.0416191924722659,178,750
L,750X1313,-0.025306221198336754,0.025306221198336754,178,750
L,750X1321,-0.028881516489594503,0.028881516489594503,178,750
L,750X1329,-0.033633678260990424,0.033633678260990424,178,750
L,750X1337,-0.031413504522953224,0.031413504522953224,178,750
L,750X1356,0.0917859887651591,0.0917859887651591,178,750
L,750X1364,-0.08959067683831334,0.08959067683831334,178,750
L,750X1383,-0.07359865375497071,0.07359865375497071,178,750
L,750X1391,-0.029758573830344904,0.029758573830344904,178,750
M,210X1,-1.8886984300333944,1.8886984300333944,128,210
M,210X2,-1.2318143917696833,1.2318143917696833,128,210
M,210X3,-1.583176098349298,1.583176098349298,128,210
M,210X4,-0.8304609230856786,0.8304609230856786,128,210
M,210X5,-1.758793663739844,1.758793663739844,128,210
M,210X6,-1.0985063781842979,1.0985063781842979,128,210
M,210X7,-0.9202175520145573,0.9202175520145573,128,210
M,210X8,0.808588819939552,0.808588819939552,128,210
M,210X9,0.7132083627328107,0.7132083627328107,128,210
M,210X10,0.4408766501840527,0.4408766501840527,128,210
M,210X11,-1.5040961616171922,1.5040961616171922,128,210
M,210X12,-0.12091958716498864,0.12091958716498864,128,210
M,210X13,-0.5989909853671143,0.5989909853671143,128,210
M,210X14,-0.710648740310175,0.710648740310175,128,210
M,210X15,-0.5867724362224449,0.5867724362224449,128,210
M,210X16,-1.1402250839368502,1.1402250839368502,128,210
M,210X18,0.5346175421727399,0.5346175421727399,128,210
M,210X19,-0.2029163438203979,0.2029163438203979,128,210
M,210X20,0.017122725453054773,0.017122725453054773,128,210
M,210X21,0.07084380157152471,0.07084380157152471,128,210
M,210X23,-0.047953679043952355,0.047953679043952355,128,210
M,210X24,-0.316853840510948,0.316853840510948,128,210
M,210X25,0.22071690409394196,0.22071690409394196,128,210
M,210X26,-0.10053512032110262,0.10053512032110262,128,210
M,210X27,0.36237781596671464,0.36237781596671464,128,210
M,210X28,-0.385642021670296,0.385642021670296,128,210
M,210X29,0.055520822475852244,0.055520822475852244,128,210
M,210X30,0.21693666892576638,0.21693666892576638,128,210
M,210X32,-1.1134521157328388,1.1134521157328388,128,210
M,210X33,-1.0019380821490602,1.0019380821490602,128,210
M,210X34,-1.1239778723860883,1.1239778723860883,128,210
M,210X35,-1.029329075357662,1.029329075357662,128,210
M,210X36,-0.11521193502023769,0.11521193502023769,128,210
M,210X39,-1.66677526095023,1.66677526095023,128,210
M,210X40,0.35012653258460386,0.35012653258460386,128,210
M,210X41,-0.08433518600247525,0.08433518600247525,128,210
M,210X42,0.3890818181235942,0.3890818181235942,128,210
M,210X43,-0.08053246187440541,0.08053246187440541,128,210
M,210X44,0.0844396274604759,0.0844396274604759,128,210
M,210X45,-0.10677344989157958,0.10677344989157958,128,210
M,210X46,0.08483245259249327,0.08483245259249327,128,210
M,210X47,-0.10363171495118231,0.10363171495118231,128,210
M,210X48,-0.3266286807384062,0.3266286807384062,128,210
M,210X49,-0.10165753991535227,0.10165753991535227,128,210
M,210X50,-0.3270742238839797,0.3270742238839797,128,210
M,210X51,-0.09969056348772543,0.09969056348772543,128,210
M,210X52,-1.1765567385908209,1.1765567385908209,128,210
M,210X53,0.32258252477694305,0.32258252477694305,128,210
M,210X54,-0.1847003471790323,0.1847003471790323,128,210
M,210X55,0.32378930567587383,0.32378930567587383,128,210
M,210X56,-0.18125063703425873,0.18125063703425873,128,210
M,210X57,-0.2012378750800213,0.2012378750800213,128,210
M,210X58,-0.0026114390584415143,0.0026114390584415143,128,210
M,210X59,-0.055914055603170046,0.055914055603170046,128,210
M,210X60,0.047457929515692,0.047457929515692,128,210
M,210X61,0.14050718805147966,0.14050718805147966,128,210
M,210X62,-0.07085857068139215,0.07085857068139215,128,210
M,210X63,0.12071327856542051,0.12071327856542051,128,210
M,210X64,-0.06887351666787095,0.06887351666787095,128,210
M,210X65,0.991707467035477,0.991707467035477,128,210
M,210X66,-0.340836447853715,0.340836447853715,128,210
M,210X67,0.1438697286306674,0.1438697286306674,128,210
M,210X68,-0.011778563005085787,0.011778563005085787,128,210
M,210X69,-0.24878268370440984,0.24878268370440984,128,210
M,210X70,0.15836206548695053,0.15836206548695053,128,210
M,210X71,-0.2475329439797712,0.2475329439797712,128,210
M,210X72,0.1674275976534457,0.1674275976534457,128,210
M,210X73,0.09316778318539932,0.09316778318539932,128,210
M,210X74,-0.3930701798555506,0.3930701798555506,128,210
M,210X75,-0.03373807508829066,0.03373807508829066,128,210
M,210X76,-0.3158925044939956,0.3158925044939956,128,210
M,210X77,0.07084380157152502,0.07084380157152502,128,210
M,210X80,-0.17194193297165272,0.17194193297165272,128,210
M,210X81,1.6149661502384072,1.6149661502384072,128,210
M,210X82,1.4724029289121643,1.4724029289121643,128,210
M,210X83,1.6140339556863577,1.6140339556863577,128,210
M,210X84,1.4721651781052105,1.4721651781052105,128,210
M,210X85,0.03144891786664956,0.03144891786664956,128,210
M,210X86,0.06539835830433952,0.06539835830433952,128,210
M,210X87,0.2607259072185951,0.2607259072185951,128,210
M,210X88,0.19364422098879988,0.19364422098879988,128,210
M,210X89,-0.781499261635409,0.781499261635409,128,210
M,210X90,-0.04959824077751307,0.04959824077751307,128,210
M,210X91,-0.6582217943140439,0.6582217943140439,128,210
M,210X92,0.06919216614886395,0.06919216614886395,128,210
M,210X93,0.06703041250879675,0.06703041250879675,128,210
M,210X94,-0.16586716684167882,0.16586716684167882,128,210
M,210X95,-0.026811171754796494,0.026811171754796494,128,210
M,210X96,0.022944134596722603,0.022944134596722603,128,210
M,210X97,-0.18155882939024914,0.18155882939024914,128,210
M,210X98,-0.14015630004462631,0.14015630004462631,128,210
M,210X99,-0.2544076336423504,0.2544076336423504,128,210
M,210X100,0.11821255728228482,0.11821255728228482,128,210
M,210X101,0.07119591085406102,0.07119591085406102,128,210
M,210X102,0.22374647160448802,0.22374647160448802,128,210
M,210X104,0.09304879211569671,0.09304879211569671,128,210
M,210X105,0.004916038523013275,0.004916038523013275,128,210
M,210X106,0.06395040137437945,0.06395040137437945,128,210
M,210X107,0.5596814055274898,0.5596814055274898,128,210
M,210X108,0.07122818691158378,0.07122818691158378,128,210
M,210X109,-0.15778408924588058,0.15778408924588058,128,210
M,210X110,0.07037671830808169,0.07037671830808169,128,210
M,210X111,0.06381113206030127,0.06381113206030127,128,210
M,210X112,0.05661864138366705,0.05661864138366705,128,210
M,210X113,0.01886253280569927,0.01886253280569927,128,210
M,210X114,0.07788058120954623,0.07788058120954623,128,210
M,210X115,0.09274861357036299,0.09274861357036299,128,210
M,210X116,0.31920317901828943,0.31920317901828943,128,210
M,210X117,-0.18307036747096814,0.18307036747096814,128,210
M,210X118,1.6206671091674119,1.6206671091674119,128,210
M,210X119,1.480924334047026,1.480924334047026,128,210
M,210X120,1.6315996908138055,1.6315996908138055,128,210
M,210X121,1.483902465897756,1.483902465897756,128,210
M,210X122,0.3238102447692106,0.3238102447692106,128,210
M,210X123,-0.1815648003408924,0.1815648003408924,128,210
M,210X124,-0.07162680658815014,0.07162680658815014,128,210
M,210X125,0.024050649281852875,0.024050649281852875,128,210
M,210X126,-0.0492226031009239,0.0492226031009239,128,210
M,210X127,0.07084380157152768,0.07084380157152768,128,210
M,210X128,0.20598792239782238,0.20598792239782238,128,210
M,210X129,-0.11834190100910838,0.11834190100910838,128,210
M,210X130,0.11559528843285162,0.11559528843285162,128,210
M,210X131,-0.06996078961368904,0.06996078961368904,128,210
M,210X132,1.63265081910114,1.63265081910114,128,210
M,210X133,1.4669865078650068,1.4669865078650068,128,210
M,210X134,1.6316516550849094,1.6316516550849094,128,210
M,210X135,1.4839495945258219,1.4839495945258219,128,210
M,210X136,0.12061626464442629,0.12061626464442629,128,210
M,210X137,-0.06884001642200911,0.06884001642200911,128,210
M,210X138,0.16208457865707768,0.16208457865707768,128,210
M,210X139,-0.366007516228251,0.366007516228251,128,210
M,210X140,0.22147753004990656,0.22147753004990656,128,210
M,210X141,-0.02886149375063363,0.02886149375063363,128,210
M,210X142,1.9941175656558952,1.9941175656558952,128,210
M,210X143,1.6086600420585373,1.6086600420585373,128,210
M,210X144,1.6037226536149578,1.6037226536149578,128,210
M,210X145,1.4776376768718318,1.4776376768718318,128,210
M,210X146,-0.2454924564785655,0.2454924564785655,128,210
M,210X147,0.16811665018813857,0.16811665018813857,128,210
M,210X148,1.6727670205189624,1.6727670205189624,128,210
M,210X149,1.494530816408729,1.494530816408729,128,210
M,210X150,1.6705462489080298,1.6705462489080298,128,210
M,210X151,1.5046501062253603,1.5046501062253603,128,210
M,210X152,-1.2694669428168257,1.2694669428168257,128,210
M,210X153,1.5605624491958536,1.5605624491958536,128,210
M,210X154,-0.024163210484648524,0.024163210484648524,128,210
M,210X155,0.03494682178903807,0.03494682178903807,128,210
M,210X156,1.6269842348537913,1.6269842348537913,128,210
M,210X157,1.4898034261525637,1.4898034261525637,128,210
M,210X158,-0.6149034265263134,0.6149034265263134,128,210
M,210X159,-0.16069913392004148,0.16069913392004148,128,210
M,210X160,-0.55509367741634,0.55509367741634,128,210
M,210X161,-0.3395658478150802,0.3395658478150802,128,210
M,210X162,1.6310371839936095,1.6310371839936095,128,210
M,210X163,1.48426129313755,1.48426129313755,128,210
M,210X164,-0.05357473911997058,0.05357473911997058,128,210
M,210X165,-0.04687575719383031,0.04687575719383031,128,210
M,210X166,1.6306364797251964,1.6306364797251964,128,210
M,210X167,1.4829087405820311,1.4829087405820311,128,210
M,210X168,1.631551020518921,1.631551020518921,128,210
M,210X169,1.4837760771052604,1.4837760771052604,128,210
M,210X170,0.026316233381591638,0.026316233381591638,128,210
M,210X171,0.09976186089875119,0.09976186089875119,128,210
M,210X172,0.23240989760970443,0.23240989760970443,128,210
M,210X173,0.10223037643799311,0.10223037643799311,128,210
M,210X174,-0.026181535203783236,0.026181535203783236,128,210
M,210X175,0.08682390309499953,0.08682390309499953,128,210
M,210X176,-0.6135384893344733,0.6135384893344733,128,210
M,210X177,-0.1633852702580609,0.1633852702580609,128,210
M,210X178,-0.5515319274211533,0.5515319274211533,128,210
M,210X179,-0.34095379306526524,0.34095379306526524,128,210
M,210X180,2.139548023561184,2.139548023561184,128,210
M,210X181,2.0333694082977924,2.0333694082977924,128,210
M,210X182,2.1525555432816934,2.1525555432816934,128,210
M,210X183,2.061383031388554,2.061383031388554,128,210
M,210X184,-0.32045958778052913,0.32045958778052913,128,210
M,210X185,-0.30652317647866445,0.30652317647866445,128,210
M,210X186,0.7392129001401433,0.7392129001401433,128,210
M,210X187,0.32061437864889974,0.32061437864889974,128,210
M,210X188,-0.8874609124907635,0.8874609124907635,128,210
M,210X189,-0.25616517576755216,0.25616517576755216,128,210
M,210X190,0.04452466323510148,0.04452466323510148,128,210
M,210X191,-0.18540537540112742,0.18540537540112742,128,210
M,210X192,-0.9520389328452387,0.9520389328452387,128,210
M,210X193,-0.35658746247394946,0.35658746247394946,128,210
M,210X194,-0.7944368824153725,0.7944368824153725,128,210
M,210X195,-0.5888298736637009,0.5888298736637009,128,210
M,210X199,0.07084380157152449,0.07084380157152449,128,210
M,210X200,0.2162130620231981,0.2162130620231981,128,210
M,210X201,-0.09923971646731038,0.09923971646731038,128,210
M,210X202,0.22043999717914367,0.22043999717914367,128,210
M,210X203,-0.10061909038858254,0.10061909038858254,128,210
M,210X204,-0.4094789475011978,0.4094789475011978,128,210
M,210X205,-0.41040384093380433,0.41040384093380433,128,210
M,210X206,0.5884756444657848,0.5884756444657848,128,210
M,210X207,0.5466478723875595,0.5466478723875595,128,210
M,210X209,-1.9186217184863346,1.9186217184863346,128,210
M,210X210,-1.1286055478734744,1.1286055478734744,128,210
M,210X211,0.2209243938853293,0.2209243938853293,128,210
M,210X212,-0.09212268074411381,0.09212268074411381,128,210
M,210X213,-0.4057818907403201,0.4057818907403201,128,210
M,210X214,0.019041564501204415,0.019041564501204415,128,210
M,210X215,-0.40570225205555,0.40570225205555,128,210
M,ERROR:#N/A_4,0.0819789175742456,0.0819789175742456,128,UNKNOWN
M,210X217,0.09410164361647083,0.09410164361647083,128,210
M,210X218,-0.9375848808216765,0.9375848808216765,128,210
M,210X219,-0.8982830095049956,0.8982830095049956,128,210
M,210X220,-0.9374271962484616,0.9374271962484616,128,210
M,210X221,-0.9375848808216765,0.9375848808216765,128,210
M,210X222,-0.9375848808216765,0.9375848808216765,128,210
M,210X224,-0.9375848808216767,0.9375848808216767,128,210
M,210X225,0.07084380157152975,0.07084380157152975,128,210
M,210X226,0.22517301872338524,0.22517301872338524,128,210
M,210X228,0.10122973151118417,0.10122973151118417,128,210
M,210X229,-0.8071333764194994,0.8071333764194994,128,210
M,210X230,-0.3437867811595928,0.3437867811595928,128,210
M,210X231,0.4062684425399343,0.4062684425399343,128,210
M,220X2,0.12878086559388047,0.12878086559388047,128,220
M,220X3,0.03392046197621544,0.03392046197621544,128,220
M,220X4,-0.10993394903772417,0.10993394903772417,128,220
M,220X5,-0.050550851072460316,0.050550851072460316,128,220
M,220X6,0.06745845396588931,0.06745845396588931,128,220
M,220X8,-0.23331070783534877,0.23331070783534877,128,220
M,220X9,-0.08291003308077154,0.08291003308077154,128,220
M,220X10,0.1397828094027055,0.1397828094027055,128,220
M,220X11,-0.11144492715023732,0.11144492715023732,128,220
M,220X12,-0.12472169103024064,0.12472169103024064,128,220
M,220X13,-0.1122788544377798,0.1122788544377798,128,220
M,220X14,0.15640275415653218,0.15640275415653218,128,220
M,220X15,-0.10436684796627499,0.10436684796627499,128,220
M,220X18,0.13376755223395884,0.13376755223395884,128,220
M,220X19,-0.1477558829864555,0.1477558829864555,128,220
M,220X20,0.1440079426479186,0.1440079426479186,128,220
M,220X21,-0.14617738211728565,0.14617738211728565,128,220
M,220X26,-0.18500744853771445,0.18500744853771445,128,220
M,220X27,0.3273298535873977,0.3273298535873977,128,220
M,220X28,0.2399882831591304,0.2399882831591304,128,220
M,220X29,0.2064868894817688,0.2064868894817688,128,220
M,220X30,0.1863693968999461,0.1863693968999461,128,220
M,220X31,0.08501949242634013,0.08501949242634013,128,220
M,220X32,0.10018142190733093,0.10018142190733093,128,220
M,220X33,-0.5245478842946056,0.5245478842946056,128,220
M,220X53,-0.168689006706068,0.168689006706068,128,220
M,220X54,0.4202732664206769,0.4202732664206769,128,220
M,220X55,0.2798951355436535,0.2798951355436535,128,220
M,220X67,-0.4834237378869403,0.4834237378869403,128,220
M,220X70,0.03417477786927105,0.03417477786927105,128,220
M,220X71,-0.48417002036377915,0.48417002036377915,128,220
M,220X75,-0.48342348599280427,0.48342348599280427,128,220
M,220X79,-0.48342251437514117,0.48342251437514117,128,220
M,220X83,-0.4834236866244542,0.4834236866244542,128,220
M,220X87,-0.48342318680413476,0.48342318680413476,128,220
M,220X91,-0.48342347135588587,0.48342347135588587,128,220
M,220X95,-0.48342247345940365,0.48342247345940365,128,220
M,220X107,0.1329593224221019,0.1329593224221019,128,220
M,220X108,-0.05003131851230988,0.05003131851230988,128,220
M,220X110,-0.09629349528928699,0.09629349528928699,128,220
M,220X112,0.09579861555676938,0.09579861555676938,128,220
M,220X114,-0.10265791412508118,0.10265791412508118,128,220
M,220X116,0.09485092147854915,0.09485092147854915,128,220
M,220X118,-0.08491192868824468,0.08491192868824468,128,220
M,220X120,0.09268192239324494,0.09268192239324494,128,220
M,220X122,0.11840294523853688,0.11840294523853688,128,220
M,220X124,0.09259305463001967,0.09259305463001967,128,220
M,220X126,0.1077377214528711,0.1077377214528711,128,220
M,220X128,0.09237693484489064,0.09237693484489064,128,220
M,220X130,0.11011283579729989,0.11011283579729989,128,220
M,220X132,0.08254501758000764,0.08254501758000764,128,220
M,220X141,0.21499144969591394,0.21499144969591394,128,220
M,220X142,0.15560279877497446,0.15560279877497446,128,220
M,220X143,0.314974067981852,0.314974067981852,128,220
M,220X155,-0.0353553390593329,0.0353553390593329,128,220
M,220X163,-0.27318950844535766,0.27318950844535766,128,220
M,220X164,-0.013851447036798626,0.013851447036798626,128,220
M,220X165,-0.20173576509172114,0.20173576509172114,128,220
M,220X166,-0.18279956216297727,0.18279956216297727,128,220
M,220X167,-0.21922821806438617,0.21922821806438617,128,220
M,220X168,-0.17779243841693976,0.17779243841693976,128,220
M,220X169,0.0023905043983076272,0.0023905043983076272,128,220
M,220X170,0.1558479506013575,0.1558479506013575,128,220
M,220X171,-0.1877440754534488,0.1877440754534488,128,220
M,220X172,-0.08764536735401085,0.08764536735401085,128,220
M,220X173,-0.07015479415241616,0.07015479415241616,128,220
M,220X174,0.1833728638099471,0.1833728638099471,128,220
M,220X175,0.07692363842478424,0.07692363842478424,128,220
M,220X176,-0.05531377365424,0.05531377365424,128,220
M,220X177,-0.19353116212409516,0.19353116212409516,128,220
M,220X178,-0.17139840507416698,0.17139840507416698,128,220
M,220X179,-0.18825176406070238,0.18825176406070238,128,220
M,220X180,0.19758196747245244,0.19758196747245244,128,220
M,220X181,0.1882517640606905,0.1882517640606905,128,220
M,220X182,-0.18825176406077795,0.18825176406077795,128,220
M,220X183,-0.19091430306483415,0.19091430306483415,128,220
M,220X184,0.15561950943495345,0.15561950943495345,128,220
M,220X185,0.28045480552704133,0.28045480552704133,128,220
M,220X186,0.23703851157008182,0.23703851157008182,128,220
M,220X187,-0.21449189399707455,0.21449189399707455,128,220
M,220X188,0.047659316995255316,0.047659316995255316,128,220
M,220X189,-0.1787872299668044,0.1787872299668044,128,220
M,220X190,0.1364828452646382,0.1364828452646382,128,220
M,220X191,-0.07527509055689942,0.07527509055689942,128,220
M,220X192,0.1329599887819035,0.1329599887819035,128,220
M,220X193,0.1817708884649603,0.1817708884649603,128,220
M,220X194,0.043071231774297974,0.043071231774297974,128,220
M,220X195,0.18123853277518195,0.18123853277518195,128,220
M,220X196,0.1526767319183689,0.1526767319183689,128,220
M,220X197,0.19714210420816222,0.19714210420816222,128,220
M,220X204,-0.1419979985770117,0.1419979985770117,128,220
M,220X216,0.04091966727228396,0.04091966727228396,128,220
M,220X217,0.06587110917561988,0.06587110917561988,128,220
M,220X218,0.02397801163026824,0.02397801163026824,128,220
M,220X223,-0.337338797595203,0.337338797595203,128,220
M,220X224,-0.26995560080863434,0.26995560080863434,128,220
M,300X1,0.3819767630376101,0.3819767630376101,128,300
M,300X2,-0.592337265619564,0.592337265619564,128,300
M,300X3,-0.5879196240104136,0.5879196240104136,128,300
M,300X4,-0.5894003327214475,0.5894003327214475,128,300
M,300X5,0.39194748677213853,0.39194748677213853,128,300
M,300X6,-0.583169957052036,0.583169957052036,128,300
M,300X7,-0.5987551582440511,0.5987551582440511,128,300
M,300X8,0.38981119702439204,0.38981119702439204,128,300
M,300X9,-0.5892774407871005,0.5892774407871005,128,300
M,300X10,-0.6149347790027629,0.6149347790027629,128,300
M,300X11,0.3837714531281239,0.3837714531281239,128,300
M,300X12,0.38166655701585184,0.38166655701585184,128,300
M,300X13,-0.5866354526602866,0.5866354526602866,128,300
M,300X14,-0.5945587476881142,0.5945587476881142,128,300
M,300X20,-0.5674052235345253,0.5674052235345253,128,300
M,310X2,-0.1462553132364365,0.1462553132364365,128,310
M,310X4,-0.31601451545806714,0.31601451545806714,128,310
M,310X5,0.06162827914680608,0.06162827914680608,128,310
M,310X6,-0.13863451986471034,0.13863451986471034,128,310
M,310X8,-0.2909551751313601,0.2909551751313601,128,310
M,310X9,-0.14102531418312114,0.14102531418312114,128,310
M,310X10,-0.1501678420546415,0.1501678420546415,128,310
M,310X11,-0.3197048349851567,0.3197048349851567,128,310
M,310X12,0.10206257806925802,0.10206257806925802,128,310
M,310X13,-0.06823847006406429,0.06823847006406429,128,310
M,310X14,-0.4054700989713097,0.4054700989713097,128,310
M,310X15,0.4236639781952896,0.4236639781952896,128,310
M,310X19,-0.4109699958563575,0.4109699958563575,128,310
M,310X20,-0.42146569517887145,0.42146569517887145,128,310
M,310X21,0.3385210798287942,0.3385210798287942,128,310
M,310X22,0.4366885263202871,0.4366885263202871,128,310
M,310X23,0.07407160754897864,0.07407160754897864,128,310
M,310X24,0.46359575736232694,0.46359575736232694,128,310
M,310X27,-0.4377877131659591,0.4377877131659591,128,310
M,310X28,-0.3682509194781038,0.3682509194781038,128,310
M,310X29,0.3706512394439881,0.3706512394439881,128,310
M,310X30,-0.15845316065048007,0.15845316065048007,128,310
M,310X31,0.3248429304523335,0.3248429304523335,128,310
M,310X32,0.3881788977376683,0.3881788977376683,128,310
M,310X33,-0.40155677010693597,0.40155677010693597,128,310
M,310X34,-0.3614503447587656,0.3614503447587656,128,310
M,310X36,0.09396276819979543,0.09396276819979543,128,310
M,310X37,0.09374360917512173,0.09374360917512173,128,310
M,310X38,0.09411435634210828,0.09411435634210828,128,310
M,310X42,0.2820356193612529,0.2820356193612529,128,310
M,310X43,-0.12281306691778905,0.12281306691778905,128,310
M,310X44,0.10569263203736409,0.10569263203736409,128,310
M,310X56,-0.6600113754894137,0.6600113754894137,128,310
M,310X60,-0.6600114878510888,0.6600114878510888,128,310
M,310X64,-0.6600114029972414,0.6600114029972414,128,310
M,310X68,-0.6600118251391046,0.6600118251391046,128,310
M,310X72,-0.6600114260770209,0.6600114260770209,128,310
M,310X76,-0.6600114499206797,0.6600114499206797,128,310
M,310X80,-0.6600114084672107,0.6600114084672107,128,310
M,310X84,-0.6600118312261636,0.6600118312261636,128,310
M,310X96,-0.36034410597871824,0.36034410597871824,128,310
M,310X97,0.10501251236037658,0.10501251236037658,128,310
M,310X99,-0.3155966001208239,0.3155966001208239,128,310
M,310X101,0.33748262089413106,0.33748262089413106,128,310
M,310X103,-0.31185571761413083,0.31185571761413083,128,310
M,310X105,0.3237867495464855,0.3237867495464855,128,310
M,310X107,-0.2639493460323511,0.2639493460323511,128,310
M,310X109,0.32300381735913913,0.32300381735913913,128,310
M,310X111,0.21737877666389332,0.21737877666389332,128,310
M,310X113,0.33444318557116093,0.33444318557116093,128,310
M,310X115,0.2769546885448359,0.2769546885448359,128,310
M,310X117,0.3252509064492489,0.3252509064492489,128,310
M,310X119,0.300169348390806,0.300169348390806,128,310
M,310X121,0.31431366833035057,0.31431366833035057,128,310
M,310X130,-0.281053600012333,0.281053600012333,128,310
M,310X131,-0.3624553512642136,0.3624553512642136,128,310
M,310X132,0.08582323641425527,0.08582323641425527,128,310
M,310X138,-0.035355339059320326,0.035355339059320326,128,310
M,310X139,-0.03535533905933289,0.03535533905933289,128,310
M,310X140,-0.035355339059320326,0.035355339059320326,128,310
M,310X147,0.03442071288754372,0.03442071288754372,128,310
M,310X148,0.22578770721345642,0.22578770721345642,128,310
M,310X149,0.37104818474386825,0.37104818474386825,128,310
M,310X150,0.06410711316239413,0.06410711316239413,128,310
M,310X151,0.27013520868090957,0.27013520868090957,128,310
M,310X152,0.20291946581640327,0.20291946581640327,128,310
M,310X153,-0.07881457424663463,0.07881457424663463,128,310
M,310X154,-0.06733683763248163,0.06733683763248163,128,310
M,310X155,0.17653085611644034,0.17653085611644034,128,310
M,310X156,0.44843763936612746,0.44843763936612746,128,310
M,310X157,0.3555452963292335,0.3555452963292335,128,310
M,310X158,-0.3590809616897661,0.3590809616897661,128,310
M,310X159,0.4068802706036101,0.4068802706036101,128,310
M,310X160,0.33462263674621584,0.33462263674621584,128,310
M,310X161,-0.31888643375029707,0.31888643375029707,128,310
M,310X162,-0.05828609177233529,0.05828609177233529,128,310
M,310X163,-0.0823759116975838,0.0823759116975838,128,310
M,310X164,-0.35441481267723196,0.35441481267723196,128,310
M,310X165,-0.0100128351342227,0.0100128351342227,128,310
M,310X166,0.011965635358539858,0.011965635358539858,128,310
M,310X167,0.35919015462808174,0.35919015462808174,128,310
M,310X168,-0.3763274391744075,0.3763274391744075,128,310
M,310X169,-0.386468363616491,0.386468363616491,128,310
M,310X170,-0.41200060538559113,0.41200060538559113,128,310
M,310X171,-0.6066142046237173,0.6066142046237173,128,310
M,310X172,-0.4906448482893771,0.4906448482893771,128,310
M,310X173,-0.2739738986861657,0.2739738986861657,128,310
M,310X174,-0.2966057644583524,0.2966057644583524,128,310
M,310X175,-0.2687635107769146,0.2687635107769146,128,310
M,310X176,-0.18077507453741495,0.18077507453741495,128,310
M,310X177,-0.30023985899912303,0.30023985899912303,128,310
M,310X178,-0.10342156620291548,0.10342156620291548,128,310
M,310X179,-0.3587523653266639,0.3587523653266639,128,310
M,310X180,0.03991979407126919,0.03991979407126919,128,310
M,310X181,-0.01774308695761354,0.01774308695761354,128,310
M,310X188,-0.0017953416051819419,0.0017953416051819419,128,310
M,310X200,0.11239215169812022,0.11239215169812022,128,310
M,310X201,-0.014077019339968777,0.014077019339968777,128,310
M,310X202,-0.1298147118833873,0.1298147118833873,128,310
M,310X206,0.25418160723726163,0.25418160723726163,128,310
M,310X207,-0.24449842037118863,0.24449842037118863,128,310
M,311X1,-0.04516679373722362,0.04516679373722362,128,311
M,311X4,0.00723793583502038,0.00723793583502038,128,311
M,311X5,-0.4574996421725035,0.4574996421725035,128,311
M,311X6,-0.563342185840705,0.563342185840705,128,311
M,311X7,-0.5168332447469333,0.5168332447469333,128,311
M,311X8,0.14578170432139237,0.14578170432139237,128,311
M,311X9,0.1253126555618175,0.1253126555618175,128,311
M,311X10,0.16788122676877898,0.16788122676877898,128,311
M,311X11,0.11041661295411766,0.11041661295411766,128,311
M,311X12,0.11649838362821437,0.11649838362821437,128,311
M,311X14,0.069629127124349,0.069629127124349,128,311
M,311X15,0.008722004135928815,0.008722004135928815,128,311
M,311X16,-0.04553806042257448,0.04553806042257448,128,311
M,311X17,-0.05596548816549041,0.05596548816549041,128,311
M,311X18,0.0764897139261447,0.0764897139261447,128,311
M,311X20,-0.5422620074969436,0.5422620074969436,128,311
M,311X21,-0.056077284726724526,0.056077284726724526,128,311
M,311X22,-0.5477986581509525,0.5477986581509525,128,311
M,311X24,0.10397293848849296,0.10397293848849296,128,311
M,311X25,-0.13172780149746458,0.13172780149746458,128,311
M,311X26,-0.13234550003455167,0.13234550003455167,128,311
M,311X27,0.007232094154594799,0.007232094154594799,128,311
M,311X28,-0.2984638306696019,0.2984638306696019,128,311
M,311X29,0.07666261746361484,0.07666261746361484,128,311
M,311X30,0.16070791099948042,0.16070791099948042,128,311
M,311X31,-0.05729925472725618,0.05729925472725618,128,311
M,311X32,0.1088068980541673,0.1088068980541673,128,311
M,311X33,0.08971219986138951,0.08971219986138951,128,311
M,311X51,0.02160531083439718,0.02160531083439718,128,311
M,311X52,0.09050428607318733,0.09050428607318733,128,311
M,311X53,-0.009844036735556928,0.009844036735556928,128,311
M,311X54,-0.5228476019218975,0.5228476019218975,128,311
M,311X55,-0.5484849660869381,0.5484849660869381,128,311
M,311X56,-0.5465472474131696,0.5465472474131696,128,311
M,311X58,-0.4524821179971004,0.4524821179971004,128,311
M,311X59,-0.5529888201687997,0.5529888201687997,128,311
M,311X60,-0.5406319688246018,0.5406319688246018,128,311
M,311X61,-0.15678970120153754,0.15678970120153754,128,311
M,311X62,-0.15570175834285505,0.15570175834285505,128,311
M,311X63,-0.15553487889906717,0.15553487889906717,128,311
M,311X65,-0.15813825671842577,0.15813825671842577,128,311
M,311X66,-0.15612868213905323,0.15612868213905323,128,311
M,311X67,0.08698325815563276,0.08698325815563276,128,311
M,311X68,0.014032484943839055,0.014032484943839055,128,311
M,311X69,-0.04510374019624453,0.04510374019624453,128,311
M,311X70,0.04950717481140309,0.04950717481140309,128,311
M,311X71,0.04836951386349725,0.04836951386349725,128,311
M,311X72,0.09782649511375337,0.09782649511375337,128,311
M,311X73,0.052158401548199944,0.052158401548199944,128,311
M,311X74,0.04006221448776809,0.04006221448776809,128,311
M,311X75,0.05788789418347513,0.05788789418347513,128,311
M,311X76,0.07492986224982423,0.07492986224982423,128,311
M,311X77,-0.48130067807794275,0.48130067807794275,128,311
M,311X80,-0.20252384343694965,0.20252384343694965,128,311
M,311X81,-0.1995412940348706,0.1995412940348706,128,311
M,311X82,-0.20191447328019732,0.20191447328019732,128,311
M,311X83,-0.19727625730274678,0.19727625730274678,128,311
M,311X84,-0.20374484972350082,0.20374484972350082,128,311
M,311X85,-0.2060959363677834,0.2060959363677834,128,311
M,311X86,-0.14680787393042594,0.14680787393042594,128,311
M,311X87,-0.13976772629267165,0.13976772629267165,128,311
M,311X88,-0.15390579829524878,0.15390579829524878,128,311
M,311X89,-0.11714789941586848,0.11714789941586848,128,311
M,311X90,-0.12080680649181012,0.12080680649181012,128,311
M,311X91,0.04385718567936076,0.04385718567936076,128,311
M,311X92,0.012379620120969468,0.012379620120969468,128,311
M,311X93,-0.008812570367687903,0.008812570367687903,128,311
M,311X94,0.03711750979221529,0.03711750979221529,128,311
M,311X95,0.050850913624425724,0.050850913624425724,128,311
M,311X103,-0.17869685469631152,0.17869685469631152,128,311
M,311X104,-0.22217467202695654,0.22217467202695654,128,311
M,311X105,0.04502732298825507,0.04502732298825507,128,311
M,311X106,-0.17470652944312806,0.17470652944312806,128,311
M,311X107,-0.2420122862210211,0.2420122862210211,128,311
M,311X109,-0.26972663107815387,0.26972663107815387,128,311
M,311X110,-0.2236196766119238,0.2236196766119238,128,311
M,311X111,-0.22731285104784063,0.22731285104784063,128,311
M,311X112,-0.2381177593304197,0.2381177593304197,128,311
M,311X113,-0.22734467294522723,0.22734467294522723,128,311
M,311X115,-0.08491555994844256,0.08491555994844256,128,311
M,311X116,-0.10940726899798381,0.10940726899798381,128,311
M,311X117,-0.11743150713887701,0.11743150713887701,128,311
M,311X118,-0.18122574694629015,0.18122574694629015,128,311
M,311X119,-0.1506219171031255,0.1506219171031255,128,311
M,311X127,-0.22213563060820177,0.22213563060820177,128,311
M,311X128,-0.21396961911603293,0.21396961911603293,128,311
M,311X129,-0.159588896315716,0.159588896315716,128,311
M,311X130,-0.17924797565455752,0.17924797565455752,128,311
M,311X131,-0.16251650321689676,0.16251650321689676,128,311
M,311X133,-0.09442618178109984,0.09442618178109984,128,311
M,311X134,-0.055950682254535096,0.055950682254535096,128,311
M,311X135,-0.1087339001050834,0.1087339001050834,128,311
M,311X136,-0.09497666353245769,0.09497666353245769,128,311
M,311X137,-0.12261030706461437,0.12261030706461437,128,311
M,311X139,0.08382794156643096,0.08382794156643096,128,311
M,311X140,0.0843351455322754,0.0843351455322754,128,311
M,311X141,0.060953665583740844,0.060953665583740844,128,311
M,311X142,0.11043279242005716,0.11043279242005716,128,311
M,311X143,0.08547237080272643,0.08547237080272643,128,311
M,311X145,0.05337199682787867,0.05337199682787867,128,311
M,311X146,0.045744608883631854,0.045744608883631854,128,311
M,311X147,0.10312712879556489,0.10312712879556489,128,311
M,311X148,-0.025108605517274132,0.025108605517274132,128,311
M,311X149,0.09518384462824712,0.09518384462824712,128,311
M,311X151,0.11870133384528214,0.11870133384528214,128,311
M,311X152,0.11952684481737912,0.11952684481737912,128,311
M,311X153,-0.02003292664543194,0.02003292664543194,128,311
M,311X154,-0.11804481953130053,0.11804481953130053,128,311
M,311X155,0.07513265683851995,0.07513265683851995,128,311
M,311X162,-0.4966313113580359,0.4966313113580359,128,311
M,311X163,-0.5379314362350727,0.5379314362350727,128,311
M,311X164,-0.5654996850856168,0.5654996850856168,128,311
M,311X165,-0.4589029456367335,0.4589029456367335,128,311
M,311X169,-0.45799995079769745,0.45799995079769745,128,311
M,311X170,-0.5433365370815307,0.5433365370815307,128,311
M,311X171,-0.5522613965695196,0.5522613965695196,128,311
M,311X182,0.016724953068796497,0.016724953068796497,128,311
M,311X183,-0.15115300773597212,0.15115300773597212,128,311
M,311X184,-0.15115300773599083,0.15115300773599083,128,311
M,311X187,-0.17870976889148305,0.17870976889148305,128,311
M,311X188,-0.18039193683954127,0.18039193683954127,128,311
M,311X189,-0.08335101773668213,0.08335101773668213,128,311
M,311X190,-0.182572785287703,0.182572785287703,128,311
M,311X191,-0.17891204461782692,0.17891204461782692,128,311
M,311X192,0.08630317975262043,0.08630317975262043,128,311
M,311X193,0.06337175106645127,0.06337175106645127,128,311
M,311X194,0.07167370151104803,0.07167370151104803,128,311
M,311X195,-0.1263110436538895,0.1263110436538895,128,311
M,311X196,0.05917993072136282,0.05917993072136282,128,311
M,311X197,-0.04385629144487541,0.04385629144487541,128,311
M,311X199,0.21409956972802827,0.21409956972802827,128,311
M,311X200,0.04296770866919557,0.04296770866919557,128,311
M,311X203,-0.04707632243077514,0.04707632243077514,128,311
M,311X204,-0.02847000384557934,0.02847000384557934,128,311
M,311X205,-0.05181133770506264,0.05181133770506264,128,311
M,311X206,0.1076131879392266,0.1076131879392266,128,311
M,311X207,-0.047585609707782646,0.047585609707782646,128,311
M,311X208,0.09076107763176133,0.09076107763176133,128,311
M,311X209,0.04442594129587501,0.04442594129587501,128,311
M,311X210,0.09656822525476566,0.09656822525476566,128,311
M,311X211,-0.10883480315559771,0.10883480315559771,128,311
M,311X212,0.0805051929364251,0.0805051929364251,128,311
M,311X223,-0.029687885049759406,0.029687885049759406,128,311
M,Chamber ID,-0.0829300074747894,0.0829300074747894,128,UNKNOWN
M,312X1,-0.11613749984535018,0.11613749984535018,128,312
M,312X2,0.10791710952541764,0.10791710952541764,128,312
M,312X3,0.12346303194137374,0.12346303194137374,128,312
M,312X6,0.025092326718726066,0.025092326718726066,128,312
M,312X7,-0.08748239035410303,0.08748239035410303,128,312
M,312X8,-0.04656822380816351,0.04656822380816351,128,312
M,312X11,-0.11200459967595253,0.11200459967595253,128,312
M,312X12,0.04510810689262869,0.04510810689262869,128,312
M,312X13,-0.13326633114241693,0.13326633114241693,128,312
M,312X16,0.14783259827002102,0.14783259827002102,128,312
M,312X17,0.07010252336116536,0.07010252336116536,128,312
M,312X18,0.1322754485330845,0.1322754485330845,128,312
M,312X21,0.1082902020667929,0.1082902020667929,128,312
M,312X22,0.05305543544988988,0.05305543544988988,128,312
M,312X23,-0.052755437181251766,0.052755437181251766,128,312
M,312X26,0.031939027549447836,0.031939027549447836,128,312
M,312X27,-0.04924858651946973,0.04924858651946973,128,312
M,312X28,-0.014843352487578534,0.014843352487578534,128,312
M,312X31,-0.1355207089942624,0.1355207089942624,128,312
M,312X32,-0.15222827158934868,0.15222827158934868,128,312
M,312X33,-0.15993020684472853,0.15993020684472853,128,312
M,312X36,0.06286378804107688,0.06286378804107688,128,312
M,312X37,-0.032217635380860504,0.032217635380860504,128,312
M,312X38,-0.03755542064703829,0.03755542064703829,128,312
M,312X41,0.1376342504360554,0.1376342504360554,128,312
M,312X42,0.1168580457522434,0.1168580457522434,128,312
M,312X43,-0.13967120126159252,0.13967120126159252,128,312
M,312X46,0.10820524104933996,0.10820524104933996,128,312
M,312X47,0.09700784302899426,0.09700784302899426,128,312
M,312X48,0.1386395284045461,0.1386395284045461,128,312
M,312X51,-0.19507278081789248,0.19507278081789248,128,312
M,312X52,-0.18376678643315236,0.18376678643315236,128,312
M,312X53,-0.17670000689624063,0.17670000689624063,128,312
M,312X54,-0.08170763612682996,0.08170763612682996,128,312
M,312X55,-0.21230022127384104,0.21230022127384104,128,312
M,312X57,-0.1540264543798051,0.1540264543798051,128,312
M,312X58,-0.10593990243669438,0.10593990243669438,128,312
M,312X59,-0.18374002622405156,0.18374002622405156,128,312
M,312X60,0.08430813064504819,0.08430813064504819,128,312
M,312X61,-0.2563701039886358,0.2563701039886358,128,312
M,312X63,-0.12058680535685996,0.12058680535685996,128,312
M,312X64,0.03700357127255261,0.03700357127255261,128,312
M,312X65,0.07110490429135687,0.07110490429135687,128,312
M,312X66,0.021386436723184108,0.021386436723184108,128,312
M,312X67,-0.16520001993834546,0.16520001993834546,128,312
M,312X69,-0.11546277006052878,0.11546277006052878,128,312
M,312X70,0.01242249377627266,0.01242249377627266,128,312
M,312X71,0.0205309519130052,0.0205309519130052,128,312
M,312X72,0.01996186342997485,0.01996186342997485,128,312
M,312X73,0.0996533598723702,0.0996533598723702,128,312
M,312X75,-0.20330969421374842,0.20330969421374842,128,312
M,312X76,-0.020825865182263814,0.020825865182263814,128,312
M,312X77,0.01191354501279756,0.01191354501279756,128,312
M,312X78,0.015648645990622496,0.015648645990622496,128,312
M,312X79,0.1002610224257454,0.1002610224257454,128,312
M,312X81,-0.03706351019541007,0.03706351019541007,128,312
M,312X82,0.025841055405622423,0.025841055405622423,128,312
M,312X83,0.026573495976488035,0.026573495976488035,128,312
M,312X84,0.02601092961270722,0.02601092961270722,128,312
M,312X85,0.08843887672120093,0.08843887672120093,128,312
M,312X87,0.07622944230221194,0.07622944230221194,128,312
M,312X88,0.08164670974822891,0.08164670974822891,128,312
M,312X89,0.08115662335223707,0.08115662335223707,128,312
M,312X90,0.09873387512446444,0.09873387512446444,128,312
M,312X91,-0.09553805699770399,0.09553805699770399,128,312
M,312X93,0.11257764354015308,0.11257764354015308,128,312
M,312X94,0.031424519687619286,0.031424519687619286,128,312
M,312X95,0.033557555707294774,0.033557555707294774,128,312
M,312X96,0.05352771317739699,0.05352771317739699,128,312
M,312X97,-0.05629177607328486,0.05629177607328486,128,312
M,312X99,0.04256363995383322,0.04256363995383322,128,312
M,312X100,0.10705756075430763,0.10705756075430763,128,312
M,312X101,0.0805905980939128,0.0805905980939128,128,312
M,312X102,0.08625010503385779,0.08625010503385779,128,312
M,312X111,-0.03667188413802512,0.03667188413802512,128,312
M,312X112,-0.025409943384823303,0.025409943384823303,128,312
M,312X113,0.03946292652508531,0.03946292652508531,128,312
M,312X114,0.0739069812847633,0.0739069812847633,128,312
M,312X115,0.07258242583565296,0.07258242583565296,128,312
M,312X117,-0.04495412202000586,0.04495412202000586,128,312
M,312X118,-0.010750353548982145,0.010750353548982145,128,312
M,312X119,0.04306074542237753,0.04306074542237753,128,312
M,312X120,0.07175271416794735,0.07175271416794735,128,312
M,312X121,0.07415473660023635,0.07415473660023635,128,312
M,312X123,-0.02580082648170594,0.02580082648170594,128,312
M,312X124,-0.02896727590358616,0.02896727590358616,128,312
M,312X125,0.03233213830457843,0.03233213830457843,128,312
M,312X126,0.06933616963574421,0.06933616963574421,128,312
M,312X127,0.07134138041803069,0.07134138041803069,128,312
M,312X129,0.03934203043395143,0.03934203043395143,128,312
M,312X130,0.0052912397480136455,0.0052912397480136455,128,312
M,312X131,-0.014236559748530346,0.014236559748530346,128,312
M,312X132,-0.01202304645792103,0.01202304645792103,128,312
M,312X133,0.01965249442229551,0.01965249442229551,128,312
M,312X135,0.035156172638217936,0.035156172638217936,128,312
M,312X136,-0.004256530499096119,0.004256530499096119,128,312
M,312X137,-0.017565253639404737,0.017565253639404737,128,312
M,312X138,-0.01215418166168204,0.01215418166168204,128,312
M,312X139,0.019313440143878948,0.019313440143878948,128,312
M,312X141,0.03499642171238242,0.03499642171238242,128,312
M,312X142,0.012838933782916196,0.012838933782916196,128,312
M,312X143,-0.009038092826222265,0.009038092826222265,128,312
M,312X144,-0.013676664635038133,0.013676664635038133,128,312
M,312X145,0.02601526930010538,0.02601526930010538,128,312
M,312X153,-0.23791196908672377,0.23791196908672377,128,312
M,312X154,-0.23735697218151477,0.23735697218151477,128,312
M,312X155,-0.2366251816109681,0.2366251816109681,128,312
M,312X159,0.09601460997841585,0.09601460997841585,128,312
M,312X160,0.08726838290159092,0.08726838290159092,128,312
M,312X162,0.08692948116159853,0.08692948116159853,128,312
M,312X163,-0.0443597488131253,0.0443597488131253,128,312
M,312X165,0.16079384972927585,0.16079384972927585,128,312
M,312X166,0.018313268424215764,0.018313268424215764,128,312
M,312X167,0.07074895840268258,0.07074895840268258,128,312
M,312X168,0.07875136607985671,0.07875136607985671,128,312
M,312X169,-0.09879847248738548,0.09879847248738548,128,312
M,312X171,-0.07666264227668126,0.07666264227668126,128,312
M,312X172,0.09550635306017907,0.09550635306017907,128,312
M,312X173,0.15489358562488562,0.15489358562488562,128,312
M,312X174,0.1583929262345953,0.1583929262345953,128,312
M,312X175,-0.09281619336277792,0.09281619336277792,128,312
M,312X186,0.10666839613518507,0.10666839613518507,128,312
M,312X187,-0.043340907671716535,0.043340907671716535,128,312
M,312X189,-0.1060563023118235,0.1060563023118235,128,312
M,312X191,0.13599408979999766,0.13599408979999766,128,312
M,312X192,0.03973620825585942,0.03973620825585942,128,312
M,312X193,-0.18914389800667028,0.18914389800667028,128,312
M,312X197,-0.06192363925115223,0.06192363925115223,128,312
M,312X198,-0.0426083682090049,0.0426083682090049,128,312
M,312X199,-0.03693682519368382,0.03693682519368382,128,312
M,312X207,-0.10035856627873477,0.10035856627873477,128,312
M,312X208,-0.11406779315114997,0.11406779315114997,128,312
M,312X209,-0.09550635306017907,0.09550635306017907,128,312
M,312X210,0.09722636170610859,0.09722636170610859,128,312
M,312X211,-0.0019833175462914145,0.0019833175462914145,128,312
M,312X213,0.13360355575445443,0.13360355575445443,128,312
M,312X214,-0.11508388213153439,0.11508388213153439,128,312
M,312X215,-0.013334185524104742,0.013334185524104742,128,312
M,312X216,0.04397675456841779,0.04397675456841779,128,312
M,312X217,-0.13743189049580398,0.13743189049580398,128,312
M,312X219,-0.097974519945815,0.097974519945815,128,312
M,312X220,-0.09194566413267377,0.09194566413267377,128,312
M,312X221,0.005542798696274598,0.005542798696274598,128,312
M,312X222,-0.04595348442455649,0.04595348442455649,128,312
M,312X223,0.02558122408981707,0.02558122408981707,128,312
M,312X233,-0.05981526228202603,0.05981526228202603,128,312
M,312X234,-0.0253356427911712,0.0253356427911712,128,312
M,312X235,0.06425611464907219,0.06425611464907219,128,312
M,312X236,0.0526660515114169,0.0526660515114169,128,312
M,312X238,0.023118794623646962,0.023118794623646962,128,312
M,312X239,0.013818091412239702,0.013818091412239702,128,312
M,312X240,0.02331287589903972,0.02331287589903972,128,312
M,312X244,-0.06946817146966483,0.06946817146966483,128,312
M,312X245,0.02283550928423294,0.02283550928423294,128,312
M,312X246,0.16619683743434432,0.16619683743434432,128,312
M,312X253,-0.024642551308059056,0.024642551308059056,128,312
M,312X254,0.041634898510109535,0.041634898510109535,128,312
M,312X255,-0.004721873124940915,0.004721873124940915,128,312
M,312X256,0.030254416162852224,0.030254416162852224,128,312
M,312X257,0.01607714754871882,0.01607714754871882,128,312
M,312X259,-0.0365921460351346,0.0365921460351346,128,312
M,312X260,0.07778226163563066,0.07778226163563066,128,312
M,312X261,-0.007955162410258957,0.007955162410258957,128,312
M,312X262,0.01287251086531789,0.01287251086531789,128,312
M,312X263,0.19105392532737384,0.19105392532737384,128,312
M,312X265,0.06999152947452618,0.06999152947452618,128,312
M,312X266,-0.10318043159392484,0.10318043159392484,128,312
M,312X267,0.0790618503101596,0.0790618503101596,128,312
M,312X268,0.07895978522076913,0.07895978522076913,128,312
M,312X269,0.03786225847847856,0.03786225847847856,128,312
M,312X277,0.03951976776095403,0.03951976776095403,128,312
M,312X278,0.09177849113136859,0.09177849113136859,128,312
M,312X279,0.08124232859251612,0.08124232859251612,128,312
M,312X280,0.05451826169871785,0.05451826169871785,128,312
M,312X281,0.11006414034814155,0.11006414034814155,128,312
M,312X283,0.07939034020108351,0.07939034020108351,128,312
M,312X284,0.05989754596018974,0.05989754596018974,128,312
M,312X285,-0.07249028657219735,0.07249028657219735,128,312
M,312X286,-0.051837267461705465,0.051837267461705465,128,312
M,312X287,0.07917890987649381,0.07917890987649381,128,312
M,312X289,0.04102918251160818,0.04102918251160818,128,312
M,312X290,-0.0812110009461052,0.0812110009461052,128,312
M,312X291,0.035238649336150084,0.035238649336150084,128,312
M,312X292,0.07642808143321575,0.07642808143321575,128,312
M,312X293,0.12920617922960417,0.12920617922960417,128,312
M,312X303,0.09073895348483042,0.09073895348483042,128,312
M,312X307,-0.07040279674841671,0.07040279674841671,128,312
M,312X308,-0.08672629680868256,0.08672629680868256,128,312
M,312X310,-0.14303734281873795,0.14303734281873795,128,312
M,312X311,-0.0909210952186349,0.0909210952186349,128,312
M,312X315,-0.11082713322052513,0.11082713322052513,128,312
M,312X327,0.11871028347599101,0.11871028347599101,128,312
M,312X328,0.18545526225836645,0.18545526225836645,128,312
M,312X331,0.02921998662999041,0.02921998662999041,128,312
M,312X332,0.02321148466025998,0.02321148466025998,128,312
M,312X333,-0.06419247691992001,0.06419247691992001,128,312
M,312X334,0.07417825723845187,0.07417825723845187,128,312
M,312X335,0.06616872213106353,0.06616872213106353,128,312
M,312X337,0.0873621059179203,0.0873621059179203,128,312
M,312X338,-0.010052599648414763,0.010052599648414763,128,312
M,312X339,0.008932729666048817,0.008932729666048817,128,312
M,312X340,-0.11453037768499313,0.11453037768499313,128,312
M,312X341,0.18134608104621902,0.18134608104621902,128,312
M,312X349,0.11013187745383829,0.11013187745383829,128,312
M,312X350,0.10639779746449443,0.10639779746449443,128,312
M,312X351,0.10298979308748218,0.10298979308748218,128,312
M,312X352,0.13154540399488296,0.13154540399488296,128,312
M,312X353,0.16617370835643633,0.16617370835643633,128,312
M,312X355,0.13492234490221752,0.13492234490221752,128,312
M,312X356,0.14150282748309395,0.14150282748309395,128,312
M,312X357,0.12107633635711373,0.12107633635711373,128,312
M,312X358,0.1868999521512813,0.1868999521512813,128,312
M,312X359,0.21689050660790277,0.21689050660790277,128,312
M,312X361,0.08526732126271884,0.08526732126271884,128,312
M,312X362,0.1927688946534239,0.1927688946534239,128,312
M,312X363,0.18287983458778234,0.18287983458778234,128,312
M,312X364,0.17777930706783093,0.17777930706783093,128,312
M,312X365,0.18042031328743582,0.18042031328743582,128,312
M,312X373,0.00014890551045514358,0.00014890551045514358,128,312
M,312X374,0.0015829099098034491,0.0015829099098034491,128,312
M,312X375,0.008626089664962241,0.008626089664962241,128,312
M,312X376,0.010945575317674459,0.010945575317674459,128,312
M,312X377,0.002341303158876044,0.002341303158876044,128,312
M,312X379,0.09913135600854345,0.09913135600854345,128,312
M,312X380,0.12155218600689412,0.12155218600689412,128,312
M,312X381,0.11617362534375923,0.11617362534375923,128,312
M,312X382,0.11147233755714,0.11147233755714,128,312
M,312X383,0.1230712645208265,0.1230712645208265,128,312
M,312X385,-0.008049472866419785,0.008049472866419785,128,312
M,312X386,-0.02743177239759715,0.02743177239759715,128,312
M,312X387,0.005493189892267201,0.005493189892267201,128,312
M,312X388,-0.039099506379024866,0.039099506379024866,128,312
M,312X389,-0.01751938461724995,0.01751938461724995,128,312
M,312X421,0.07516480949084546,0.07516480949084546,128,312
M,312X423,-0.034297244474840165,0.034297244474840165,128,312
M,312X424,0.08909442219600612,0.08909442219600612,128,312
M,312X425,-0.07480696796381622,0.07480696796381622,128,312
M,312X426,-0.04272699816362461,0.04272699816362461,128,312
M,312X427,0.08678386772982027,0.08678386772982027,128,312
M,312X428,-0.09328700462276839,0.09328700462276839,128,312
M,312X429,-0.12314606870180987,0.12314606870180987,128,312
M,312X430,-0.09455686279446025,0.09455686279446025,128,312
M,312X434,-0.06630541870093457,0.06630541870093457,128,312
M,312X435,0.02318303533715711,0.02318303533715711,128,312
M,312X436,-0.034034049221758254,0.034034049221758254,128,312
M,312X438,-0.10506533848927957,0.10506533848927957,128,312
M,312X439,0.05950896587103445,0.05950896587103445,128,312
M,312X440,-0.07811377595177392,0.07811377595177392,128,312
M,312X441,-0.13063347388695948,0.13063347388695948,128,312
M,312X442,-0.019985196295514696,0.019985196295514696,128,312
M,312X444,0.05417606677932101,0.05417606677932101,128,312
M,312X445,0.1345639463659431,0.1345639463659431,128,312
M,312X446,0.1893248336991696,0.1893248336991696,128,312
M,312X447,0.040283987965196874,0.040283987965196874,128,312
M,312X448,0.01728401397927171,0.01728401397927171,128,312
M,312X456,0.28332271285954036,0.28332271285954036,128,312
M,312X457,0.05599956480597694,0.05599956480597694,128,312
M,312X458,0.055993788545265065,0.055993788545265065,128,312
M,312X459,0.035377456888751956,0.035377456888751956,128,312
M,312X462,0.2202373014665186,0.2202373014665186,128,312
M,312X463,0.0559651117275821,0.0559651117275821,128,312
M,312X464,0.05598573225272507,0.05598573225272507,128,312
M,312X465,-0.0012403722530064344,0.0012403722530064344,128,312
M,312X468,-0.20240602581155367,0.20240602581155367,128,312
M,312X469,0.05596689846872772,0.05596689846872772,128,312
M,312X470,0.05604275513833259,0.05604275513833259,128,312
M,312X471,0.004531381181549547,0.004531381181549547,128,312
M,312X474,0.12587503905762032,0.12587503905762032,128,312
M,312X475,0.10922091441331684,0.10922091441331684,128,312
M,312X476,0.1449138857485996,0.1449138857485996,128,312
M,312X477,0.10202538547489434,0.10202538547489434,128,312
M,312X478,-0.034666118524808325,0.034666118524808325,128,312
M,312X480,0.13641897825024504,0.13641897825024504,128,312
M,312X481,0.12946802447660122,0.12946802447660122,128,312
M,312X482,0.13942982848909674,0.13942982848909674,128,312
M,312X483,0.05278501307739034,0.05278501307739034,128,312
M,312X486,0.12312334815748548,0.12312334815748548,128,312
M,312X487,0.12421613444364028,0.12421613444364028,128,312
M,312X488,0.08489317622334883,0.08489317622334883,128,312
M,312X489,-0.03192428932607661,0.03192428932607661,128,312
M,312X511,0.055999564805977266,0.055999564805977266,128,312
M,312X516,0.14100827608946154,0.14100827608946154,128,312
M,312X517,0.032227532732890675,0.032227532732890675,128,312
M,312X518,0.0061989385707602596,0.0061989385707602596,128,312
M,312X519,0.05125932879304644,0.05125932879304644,128,312
M,312X520,0.03466611852480875,0.03466611852480875,128,312
M,312X522,0.13262394672147426,0.13262394672147426,128,312
M,312X523,0.027317740583436563,0.027317740583436563,128,312
M,312X524,-0.05313864977729793,0.05313864977729793,128,312
M,312X525,0.033918988840112296,0.033918988840112296,128,312
M,312X528,-0.14483380007771768,0.14483380007771768,128,312
M,312X529,0.019945392884083358,0.019945392884083358,128,312
M,312X530,0.011872411600985549,0.011872411600985549,128,312
M,312X531,0.15780990774886752,0.15780990774886752,128,312
M,312X552,0.13198445117962426,0.13198445117962426,128,312
M,312X553,0.0929388541476516,0.0929388541476516,128,312
M,312X554,0.09198542452482714,0.09198542452482714,128,312
M,312X555,-0.01720007942762045,0.01720007942762045,128,312
M,312X558,0.14087260315133154,0.14087260315133154,128,312
M,312X559,0.09410591435595343,0.09410591435595343,128,312
M,312X560,0.11053921844930589,0.11053921844930589,128,312
M,312X561,-0.0006962639715052108,0.0006962639715052108,128,312
M,312X564,0.1250021464037923,0.1250021464037923,128,312
M,312X565,0.09161610591166326,0.09161610591166326,128,312
M,312X566,0.08424089870601997,0.08424089870601997,128,312
M,312X567,-0.026065667961365977,0.026065667961365977,128,312
M,312X570,0.05312777225296306,0.05312777225296306,128,312
M,312X574,-0.013051271134844339,0.013051271134844339,128,312
M,312X576,0.1870049222036056,0.1870049222036056,128,312
M,312X577,0.05600575901727548,0.05600575901727548,128,312
M,312X578,0.056004249351260256,0.056004249351260256,128,312
M,312X579,0.056023964010874255,0.056023964010874255,128,312
M,312X580,0.07302804190978542,0.07302804190978542,128,312
M,312X582,-0.19931403093426403,0.19931403093426403,128,312
M,312X583,0.055964291553036456,0.055964291553036456,128,312
M,312X584,0.056014095677382136,0.056014095677382136,128,312
M,312X585,0.05607216997394929,0.05607216997394929,128,312
M,312X586,0.06433673554776281,0.06433673554776281,128,312
M,312X588,0.13783034046986362,0.13783034046986362,128,312
M,312X589,0.1935287635947554,0.1935287635947554,128,312
M,312X590,0.12720832785397776,0.12720832785397776,128,312
M,312X591,0.17518170542615394,0.17518170542615394,128,312
M,312X592,0.22439675560117833,0.22439675560117833,128,312
M,312X594,0.1427107199602824,0.1427107199602824,128,312
M,312X595,0.16225254424200886,0.16225254424200886,128,312
M,312X596,0.15634317145101861,0.15634317145101861,128,312
M,312X597,0.11128334907676499,0.11128334907676499,128,312
M,312X598,0.22200170051186066,0.22200170051186066,128,312
M,312X600,0.13767808964479095,0.13767808964479095,128,312
M,312X601,0.20550284630671892,0.20550284630671892,128,312
M,312X603,0.17250022674295845,0.17250022674295845,128,312
M,312X630,0.121687759670447,0.121687759670447,128,312
M,312X631,-0.008737635474867719,0.008737635474867719,128,312
M,312X632,-0.03536816057600976,0.03536816057600976,128,312
M,312X633,-0.0027369750994013765,0.0027369750994013765,128,312
M,312X634,-0.12149381763083675,0.12149381763083675,128,312
M,312X636,0.11381453317694559,0.11381453317694559,128,312
M,312X637,0.01840539063028886,0.01840539063028886,128,312
M,312X638,-0.03803192294912996,0.03803192294912996,128,312
M,312X639,-0.01387210915989811,0.01387210915989811,128,312
M,312X640,-0.10931465717183916,0.10931465717183916,128,312
M,312X642,0.1170993964525198,0.1170993964525198,128,312
M,312X643,-0.005243229048997711,0.005243229048997711,128,312
M,312X644,-0.044475950317917255,0.044475950317917255,128,312
M,312X645,0.02609992176941141,0.02609992176941141,128,312
M,312X666,-0.11487568503512259,0.11487568503512259,128,312
M,312X667,0.045885635488298764,0.045885635488298764,128,312
M,312X668,0.06317107660171528,0.06317107660171528,128,312
M,312X669,0.04084501627413582,0.04084501627413582,128,312
M,312X670,-0.024453722415863723,0.024453722415863723,128,312
M,312X672,-0.10531808440492658,0.10531808440492658,128,312
M,312X673,0.04620332937095784,0.04620332937095784,128,312
M,312X674,0.06352562627646234,0.06352562627646234,128,312
M,312X675,0.03975072957112445,0.03975072957112445,128,312
M,312X676,-0.015018330657675116,0.015018330657675116,128,312
M,312X678,-0.11804585952880348,0.11804585952880348,128,312
M,312X679,0.04261671429189799,0.04261671429189799,128,312
M,312X680,0.061994038859241436,0.061994038859241436,128,312
M,312X681,0.043693591632891625,0.043693591632891625,128,312
M,312X682,-0.027883530624454495,0.027883530624454495,128,312
M,312X690,0.06095689861852814,0.06095689861852814,128,312
M,312X691,0.03568728920079603,0.03568728920079603,128,312
M,312X692,0.08600453536045197,0.08600453536045197,128,312
M,312X693,-0.022912785836826325,0.022912785836826325,128,312
M,312X694,-0.036197894212934574,0.036197894212934574,128,312
M,312X695,0.11341656413858414,0.11341656413858414,128,312
M,312X696,0.16643217941457814,0.16643217941457814,128,312
M,312X697,0.07280068710469179,0.07280068710469179,128,312
M,312X698,0.10458836174867966,0.10458836174867966,128,312
M,312X699,-0.08532169082111936,0.08532169082111936,128,312
M,312X700,0.08960077734399012,0.08960077734399012,128,312
M,312X701,0.054979949462118816,0.054979949462118816,128,312
M,312X702,-0.044450718635942146,0.044450718635942146,128,312
M,312X703,-0.056302018525208074,0.056302018525208074,128,312
M,312X704,0.15179194487941486,0.15179194487941486,128,312
M,312X710,-0.09439656483153562,0.09439656483153562,128,312
M,312X711,-0.11177173874009416,0.11177173874009416,128,312
M,312X712,-0.07248957763658258,0.07248957763658258,128,312
M,312X713,-0.034607109762139876,0.034607109762139876,128,312
M,312X714,-0.0639432480958952,0.0639432480958952,128,312
M,312X716,-0.10956201850518348,0.10956201850518348,128,312
M,312X717,-0.11927891724252028,0.11927891724252028,128,312
M,312X718,-0.068646572865982,0.068646572865982,128,312
M,312X719,-0.03199933453362765,0.03199933453362765,128,312
M,312X720,-0.05955744455826821,0.05955744455826821,128,312
M,312X722,-0.07729255815767003,0.07729255815767003,128,312
M,312X723,-0.09811590720676593,0.09811590720676593,128,312
M,312X724,-0.07506568217577124,0.07506568217577124,128,312
M,312X725,-0.03954979345208525,0.03954979345208525,128,312
M,312X726,-0.0663524688757922,0.0663524688757922,128,312
M,312X728,-0.14712110106233475,0.14712110106233475,128,312
M,312X729,-0.13919796644457805,0.13919796644457805,128,312
M,312X730,-0.13771316147120022,0.13771316147120022,128,312
M,312X731,-0.13881884281618853,0.13881884281618853,128,312
M,312X732,-0.1454386663491457,0.1454386663491457,128,312
M,312X734,-0.14111166142396483,0.14111166142396483,128,312
M,312X735,-0.13295016865027057,0.13295016865027057,128,312
M,312X736,-0.14082446862137177,0.14082446862137177,128,312
M,312X737,-0.139477239710335,0.139477239710335,128,312
M,312X738,-0.1504533807661847,0.1504533807661847,128,312
M,312X740,-0.15145119179520927,0.15145119179520927,128,312
M,312X741,-0.14119667096312083,0.14119667096312083,128,312
M,312X742,-0.14374525503369343,0.14374525503369343,128,312
M,312X743,-0.13203396018952865,0.13203396018952865,128,312
M,312X744,-0.1493708938037625,0.1493708938037625,128,312
M,312X752,0.007167339955390305,0.007167339955390305,128,312
M,312X753,-0.04951781828961964,0.04951781828961964,128,312
M,312X754,-0.06176031228869039,0.06176031228869039,128,312
M,312X755,-0.12314606870180987,0.12314606870180987,128,312
M,312X758,-0.0972339458026024,0.0972339458026024,128,312
M,312X759,-0.0767108161147649,0.0767108161147649,128,312
M,312X760,-0.06389478166577912,0.06389478166577912,128,312
M,312X761,-0.06394239762904139,0.06394239762904139,128,312
M,312X762,-0.06423502220980291,0.06423502220980291,128,312
M,312X764,-0.09580883248147576,0.09580883248147576,128,312
M,312X765,-0.08405854292318082,0.08405854292318082,128,312
M,312X766,-0.0649545880026419,0.0649545880026419,128,312
M,312X767,-0.06007875326812707,0.06007875326812707,128,312
M,312X768,-0.060398709135523414,0.060398709135523414,128,312
M,312X770,-0.10113953177136935,0.10113953177136935,128,312
M,312X771,-0.08041820938704645,0.08041820938704645,128,312
M,312X772,-0.06570166436312773,0.06570166436312773,128,312
M,312X773,-0.061888431559842555,0.061888431559842555,128,312
M,312X774,-0.06195080223733807,0.06195080223733807,128,312
M,312X776,-0.007801133250827482,0.007801133250827482,128,312
M,312X777,-0.012614797191354237,0.012614797191354237,128,312
M,312X778,-0.01871029577529963,0.01871029577529963,128,312
M,312X779,-0.02035155165503428,0.02035155165503428,128,312
M,312X780,-0.024873669235806247,0.024873669235806247,128,312
M,312X782,-0.009111654265607562,0.009111654265607562,128,312
M,312X783,-0.006781683506769492,0.006781683506769492,128,312
M,312X784,-0.020997651468024566,0.020997651468024566,128,312
M,312X785,-0.016220950277647722,0.016220950277647722,128,312
M,312X786,-0.021661265013332928,0.021661265013332928,128,312
M,312X788,-0.016550707051276068,0.016550707051276068,128,312
M,312X789,-0.019456480479363922,0.019456480479363922,128,312
M,312X790,-0.027043087972456845,0.027043087972456845,128,312
M,312X791,-0.012870618220435304,0.012870618220435304,128,312
M,312X792,-0.03359777440863787,0.03359777440863787,128,312
M,330X1,-0.2888483224750356,0.2888483224750356,128,330
M,330X3,0.01072440257052508,0.01072440257052508,128,330
M,330X6,0.01109613551962615,0.01109613551962615,128,330
M,330X9,0.004651624857602773,0.004651624857602773,128,330
M,330X11,-0.3562799572867877,0.3562799572867877,128,330
M,330X13,0.0019388098820195467,0.0019388098820195467,128,330
M,330X16,-0.014876058420411134,0.014876058420411134,128,330
M,330X19,0.021249521261218624,0.021249521261218624,128,330
M,330X21,-0.07252866525489331,0.07252866525489331,128,330
M,330X23,0.1752684208835547,0.1752684208835547,128,330
M,330X26,0.17538784396378862,0.17538784396378862,128,330
M,330X29,0.17540394229085784,0.17540394229085784,128,330
M,330X31,-0.10686937935987031,0.10686937935987031,128,330
M,330X41,0.07864990110687754,0.07864990110687754,128,330
M,330X43,-0.26558933354393915,0.26558933354393915,128,330
M,330X46,-0.2666408992022458,0.2666408992022458,128,330
M,330X49,-0.26499845728443533,0.26499845728443533,128,330
M,330X51,0.10581614261912776,0.10581614261912776,128,330
M,330X53,0.002221011277150356,0.002221011277150356,128,330
M,330X56,0.0030849863052201036,0.0030849863052201036,128,330
M,330X59,0.0008168266144090587,0.0008168266144090587,128,330
M,330X61,-0.33771800526619206,0.33771800526619206,128,330
M,330X63,-0.0576175167974632,0.0576175167974632,128,330
M,330X66,-0.0541719913317251,0.0541719913317251,128,330
M,330X69,-0.06518778975338055,0.06518778975338055,128,330
M,330X71,0.1117671399863087,0.1117671399863087,128,330
M,330X73,-0.05959971222574994,0.05959971222574994,128,330
M,330X76,-0.05572922531684819,0.05572922531684819,128,330
M,330X79,-0.06724221050912814,0.06724221050912814,128,330
M,330X81,-0.11390743533906343,0.11390743533906343,128,330
M,330X91,-0.040628178173288565,0.040628178173288565,128,330
M,330X98,-0.08521224840902898,0.08521224840902898,128,330
M,330X100,-0.4431915749450244,0.4431915749450244,128,330
M,330X102,0.4586887987646353,0.4586887987646353,128,330
M,330X104,0.38469931714199324,0.38469931714199324,128,330
M,330X105,-0.5310734242704951,0.5310734242704951,128,330
M,330X107,-0.18369046442345172,0.18369046442345172,128,330
M,330X109,-0.19351288756020735,0.19351288756020735,128,330
M,330X111,-0.16797224572639413,0.16797224572639413,128,330
M,330X112,-0.5311037152062279,0.5311037152062279,128,330
M,330X114,-0.19705642986070576,0.19705642986070576,128,330
M,330X116,-0.2166286130097998,0.2166286130097998,128,330
M,330X118,-0.16649083177460808,0.16649083177460808,128,330
M,330X119,-0.3906894659722894,0.3906894659722894,128,330
M,330X121,-0.2268524987807375,0.2268524987807375,128,330
M,330X123,-0.24666641267883882,0.24666641267883882,128,330
M,330X125,-0.19145101516585436,0.19145101516585436,128,330
M,330X126,-0.39304925237152616,0.39304925237152616,128,330
M,330X128,-0.2040841989597837,0.2040841989597837,128,330
M,330X130,-0.22543183923610594,0.22543183923610594,128,330
M,330X132,-0.17262610878526113,0.17262610878526113,128,330
M,330X133,-0.39192133862166223,0.39192133862166223,128,330
M,330X135,-0.17216702841300197,0.17216702841300197,128,330
M,330X137,-0.19636679575991534,0.19636679575991534,128,330
M,330X139,-0.14660087745425396,0.14660087745425396,128,330
M,330X140,-0.5628319340342255,0.5628319340342255,128,330
M,330X142,-0.15878812701637904,0.15878812701637904,128,330
M,330X144,-0.1862359059123048,0.1862359059123048,128,330
M,330X146,-0.13355595008239532,0.13355595008239532,128,330
M,330X147,-0.5618843097123482,0.5618843097123482,128,330
M,330X149,-0.21395117056988455,0.21395117056988455,128,330
M,330X152,-0.23467210926787274,0.23467210926787274,128,330
M,330X155,-0.18398134522883416,0.18398134522883416,128,330
M,330X157,-0.5622031799725292,0.5622031799725292,128,330
M,330X159,-0.3129582100366792,0.3129582100366792,128,330
M,330X162,-0.3115286060358303,0.3115286060358303,128,330
M,330X165,-0.2791741620405709,0.2791741620405709,128,330
M,330X167,-0.2068468900964672,0.2068468900964672,128,330
M,330X169,-0.27706193997314077,0.27706193997314077,128,330
M,330X172,-0.27050817810080496,0.27050817810080496,128,330
M,330X175,-0.2611310367711598,0.2611310367711598,128,330
M,330X177,-0.20422117506295273,0.20422117506295273,128,330
M,330X179,-0.21152318072434378,0.21152318072434378,128,330
M,330X182,-0.20807935558850868,0.20807935558850868,128,330
M,330X185,-0.20999363206970045,0.20999363206970045,128,330
M,330X188,0.48097899929317384,0.48097899929317384,128,330
M,330X189,-0.4441735550316163,0.4441735550316163,128,330
M,330X191,0.42673521753756477,0.42673521753756477,128,330
M,330X193,0.376865994298465,0.376865994298465,128,330
M,330X195,0.3493736119561112,0.3493736119561112,128,330
M,330X196,-0.2054322642835008,0.2054322642835008,128,330
M,330X198,-0.14827994471570397,0.14827994471570397,128,330
M,330X201,-0.15472217377315703,0.15472217377315703,128,330
M,330X204,-0.14423880996917632,0.14423880996917632,128,330
M,330X206,-0.5262875453144685,0.5262875453144685,128,330
M,330X208,-0.005469398917533271,0.005469398917533271,128,330
M,330X211,-0.036591740233685915,0.036591740233685915,128,330
M,330X214,-0.01390372666080099,0.01390372666080099,128,330
M,330X216,-0.5256321251495073,0.5256321251495073,128,330
M,330X218,0.03682986737069668,0.03682986737069668,128,330
M,330X221,0.002445585618185601,0.002445585618185601,128,330
M,330X224,0.023690146422721606,0.023690146422721606,128,330
M,330X226,-0.5258537486674258,0.5258537486674258,128,330
M,330X228,0.11164165920562068,0.11164165920562068,128,330
M,330X231,0.06329326363696407,0.06329326363696407,128,330
M,330X234,0.09703721691685481,0.09703721691685481,128,330
M,330X236,-0.26356134132357517,0.26356134132357517,128,330
M,330X238,0.1245470289461268,0.1245470289461268,128,330
M,330X241,0.07469849579178868,0.07469849579178868,128,330
M,330X244,0.112954941662605,0.112954941662605,128,330
M,330X246,-0.2644688815876534,0.2644688815876534,128,330
M,330X248,0.13985230748539415,0.13985230748539415,128,330
M,330X251,0.08646201676090672,0.08646201676090672,128,330
M,330X254,0.1290607439480001,0.1290607439480001,128,330
M,330X256,-0.2640388470074137,0.2640388470074137,128,330
M,330X258,0.11899670600070565,0.11899670600070565,128,330
M,330X261,0.0696321861813594,0.0696321861813594,128,330
M,330X264,0.11259637395865954,0.11259637395865954,128,330
M,330X266,-0.5339210071372691,0.5339210071372691,128,330
M,330X268,0.09817517784479005,0.09817517784479005,128,330
M,330X271,0.052418947748496945,0.052418947748496945,128,330
M,330X274,0.0936549122762607,0.0936549122762607,128,330
M,330X276,-0.5336801024671449,0.5336801024671449,128,330
M,330X278,0.10282085113248907,0.10282085113248907,128,330
M,330X281,0.05470334101261627,0.05470334101261627,128,330
M,330X284,0.09406604839117842,0.09406604839117842,128,330
M,330X286,-0.5337122256022344,0.5337122256022344,128,330
M,330X288,0.07884698242163463,0.07884698242163463,128,330
M,330X291,0.03923670318002285,0.03923670318002285,128,330
M,330X294,0.07274496039928356,0.07274496039928356,128,330
M,330X296,-0.5146547965245681,0.5146547965245681,128,330
M,330X298,0.40458950889610407,0.40458950889610407,128,330
M,330X300,0.3504190992191955,0.3504190992191955,128,330
M,330X302,0.31006702922468415,0.31006702922468415,128,330
M,330X303,-0.04974824048487788,0.04974824048487788,128,330
M,330X305,0.045217624970236424,0.045217624970236424,128,330
M,330X308,0.009627671702090015,0.009627671702090015,128,330
M,330X311,0.040385742799637185,0.040385742799637185,128,330
M,330X313,-0.05002731940914587,0.05002731940914587,128,330
M,330X315,0.02275791784683117,0.02275791784683117,128,330
M,330X318,-0.00993069262025486,0.00993069262025486,128,330
M,330X321,0.021781881373316343,0.021781881373316343,128,330
M,330X323,-0.049944944816405816,0.049944944816405816,128,330
M,330X325,-0.010732185246999109,0.010732185246999109,128,330
M,330X328,-0.03764401364350021,0.03764401364350021,128,330
M,330X331,-0.011679956808032797,0.011679956808032797,128,330
M,330X333,-0.443493665749889,0.443493665749889,128,330
M,330X335,-0.04456438533325441,0.04456438533325441,128,330
M,330X338,-0.06700506829915816,0.06700506829915816,128,330
M,330X341,-0.048625704983742725,0.048625704983742725,128,330
M,330X343,-0.4425474048867966,0.4425474048867966,128,330
M,330X345,-0.06142252779488263,0.06142252779488263,128,330
M,330X348,-0.07946358823435909,0.07946358823435909,128,330
M,330X351,-0.06592263773086716,0.06592263773086716,128,330
M,330X353,-0.44289712158440214,0.44289712158440214,128,330
M,330X355,-0.10118978287782147,0.10118978287782147,128,330
M,330X358,-0.11659051734875966,0.11659051734875966,128,330
M,330X361,-0.10350802723025174,0.10350802723025174,128,330
M,330X363,-0.02914385981089511,0.02914385981089511,128,330
M,330X365,-0.08989294100993146,0.08989294100993146,128,330
M,330X368,-0.10732172992202907,0.10732172992202907,128,330
M,330X371,-0.09205390796401697,0.09205390796401697,128,330
M,330X373,-0.02922269801557016,0.02922269801557016,128,330
M,330X375,-0.13306211664724157,0.13306211664724157,128,330
M,330X378,-0.14490105200813738,0.14490105200813738,128,330
M,330X381,-0.13398302363874745,0.13398302363874745,128,330
M,330X383,-0.02918489482210065,0.02918489482210065,128,330
M,330X385,-0.16527931403314275,0.16527931403314275,128,330
M,330X388,-0.17144859765128947,0.17144859765128947,128,330
M,330X391,-0.16711418672532602,0.16711418672532602,128,330
M,330X393,0.030990525808611908,0.030990525808611908,128,330
M,330X395,-0.20763384198349583,0.20763384198349583,128,330
M,330X398,-0.2117188107154507,0.2117188107154507,128,330
M,330X401,-0.1996517257090951,0.1996517257090951,128,330
M,330X403,-0.5144163681102513,0.5144163681102513,128,330
M,330X405,0.3011942712587069,0.3011942712587069,128,330
M,330X407,0.24050850032011542,0.24050850032011542,128,330
M,330X409,0.23218117053642087,0.23218117053642087,128,330
M,330X410,0.03230449659477863,0.03230449659477863,128,330
M,330X412,-0.2612577193814781,0.2612577193814781,128,330
M,330X415,-0.2705232807784299,0.2705232807784299,128,330
M,330X418,-0.23131042437711513,0.23131042437711513,128,330
M,330X420,0.030761280829169815,0.030761280829169815,128,330
M,330X422,-0.3348688295862453,0.3348688295862453,128,330
M,330X425,-0.3436982107357635,0.3436982107357635,128,330
M,330X428,-0.2814323481438049,0.2814323481438049,128,330
M,330X430,0.045803632809467476,0.045803632809467476,128,330
M,330X432,-0.3949849294350237,0.3949849294350237,128,330
M,330X435,-0.4047763254360671,0.4047763254360671,128,330
M,330X438,-0.3213455529835535,0.3213455529835535,128,330
M,330X440,0.019154283354315033,0.019154283354315033,128,330
M,330X442,-0.40988861025958634,0.40988861025958634,128,330
M,330X445,-0.4394927893275955,0.4394927893275955,128,330
M,330X448,-0.32145277339011086,0.32145277339011086,128,330
M,330X450,0.03646481205837157,0.03646481205837157,128,330
M,330X452,-0.3073795710932846,0.3073795710932846,128,330
M,330X455,-0.35225487398590805,0.35225487398590805,128,330
M,330X458,-0.24338363469338314,0.24338363469338314,128,330
M,330X460,0.008262135031440309,0.008262135031440309,128,330
M,330X462,-0.2753826429737351,0.2753826429737351,128,330
M,330X465,-0.32081261298111424,0.32081261298111424,128,330
M,330X468,-0.2259439390622617,0.2259439390622617,128,330
M,330X470,0.009938135793244117,0.009938135793244117,128,330
M,330X472,-0.2863083152906791,0.2863083152906791,128,330
M,330X475,-0.3256434026128795,0.3256434026128795,128,330
M,330X478,-0.23982757108843636,0.23982757108843636,128,330
M,330X480,0.008902090622036663,0.008902090622036663,128,330
M,330X482,-0.2770699965700055,0.2770699965700055,128,330
M,330X485,-0.29846281648572337,0.29846281648572337,128,330
M,330X488,-0.2425104952631617,0.2425104952631617,128,330
M,330X490,-0.04230269750503092,0.04230269750503092,128,330
M,330X492,-0.24850154891567805,0.24850154891567805,128,330
M,330X495,-0.26988946532418034,0.26988946532418034,128,330
M,330X498,-0.2215740198426547,0.2215740198426547,128,330
M,330X500,-0.040873936621773264,0.040873936621773264,128,330
M,330X502,-0.219934245056453,0.219934245056453,128,330
M,330X505,-0.24001711119031385,0.24001711119031385,128,330
M,330X508,-0.2007786073853555,0.2007786073853555,128,330
M,330X510,-0.5144351865848521,0.5144351865848521,128,330
M,330X512,0.2005453069744993,0.2005453069744993,128,330
M,330X514,0.14703225543121984,0.14703225543121984,128,330
M,330X516,0.14693247345299465,0.14693247345299465,128,330
M,330X517,-0.04183841688380341,0.04183841688380341,128,330
M,330X519,-0.17445921793061717,0.17445921793061717,128,330
M,330X522,-0.190847229746516,0.190847229746516,128,330
M,330X525,-0.16668498764923678,0.16668498764923678,128,330
M,330X527,-0.08483561784794434,0.08483561784794434,128,330
M,330X529,-0.1153419586506445,0.1153419586506445,128,330
M,330X532,-0.12664049008324457,0.12664049008324457,128,330
M,330X535,-0.12457817284933369,0.12457817284933369,128,330
M,330X537,-0.09050478300447298,0.09050478300447298,128,330
M,330X539,-0.0908270515102185,0.0908270515102185,128,330
M,330X541,-0.09812619492578295,0.09812619492578295,128,330
M,330X544,-0.1105143367832714,0.1105143367832714,128,330
M,330X546,-0.08691827053252511,0.08691827053252511,128,330
M,330X548,-0.03299217130726241,0.03299217130726241,128,330
M,330X550,-0.0394220416744003,0.0394220416744003,128,330
M,330X552,-0.073450205803309,0.073450205803309,128,330
M,330X553,0.054787554393510435,0.054787554393510435,128,330
M,330X555,0.04678394057448265,0.04678394057448265,128,330
M,330X557,0.03147558389396252,0.03147558389396252,128,330
M,330X559,-0.01414768612879263,0.01414768612879263,128,330
M,330X560,0.0579008674890855,0.0579008674890855,128,330
M,330X562,0.08288716631559845,0.08288716631559845,128,330
M,330X564,0.06078956177401058,0.06078956177401058,128,330
M,330X566,0.025599748954575424,0.025599748954575424,128,330
M,330X567,0.05643396854196268,0.05643396854196268,128,330
M,330X569,0.1051954717372881,0.1051954717372881,128,330
M,330X571,0.08153247431585486,0.08153247431585486,128,330
M,330X573,0.06064044423745505,0.06064044423745505,128,330
M,330X574,-0.38894838023571143,0.38894838023571143,128,330
M,330X576,0.10132791292078426,0.10132791292078426,128,330
M,330X578,0.08105990426611563,0.08105990426611563,128,330
M,330X580,0.06970916287436085,0.06970916287436085,128,330
M,330X581,-0.38914710229517396,0.38914710229517396,128,330
M,330X583,0.07471470160876753,0.07471470160876753,128,330
M,330X585,0.05996583310540821,0.05996583310540821,128,330
M,330X587,0.04771849146077092,0.04771849146077092,128,330
M,330X588,-0.38904099662484487,0.38904099662484487,128,330
M,330X590,0.05763476956724681,0.05763476956724681,128,330
M,330X592,0.04383556819222513,0.04383556819222513,128,330
M,330X594,0.0394468716641901,0.0394468716641901,128,330
M,330X595,-0.41347189107014615,0.41347189107014615,128,330
M,330X597,0.08655622556774412,0.08655622556774412,128,330
M,330X599,0.04738455751592254,0.04738455751592254,128,330
M,330X601,0.04459832305324176,0.04459832305324176,128,330
M,330X602,-0.41433949034945466,0.41433949034945466,128,330
M,330X604,0.011382731336084586,0.011382731336084586,128,330
M,330X606,-0.014809463711898641,0.014809463711898641,128,330
M,330X608,-0.022919253267356644,0.022919253267356644,128,330
M,330X609,-0.41355948250832986,0.41355948250832986,128,330
M,330X611,-0.06481786486553562,0.06481786486553562,128,330
M,330X613,-0.07837682957547763,0.07837682957547763,128,330
M,330X615,-0.08692426269580335,0.08692426269580335,128,330
M,330X616,-0.5313954471072946,0.5313954471072946,128,330
M,330X618,-0.10305776053990359,0.10305776053990359,128,330
M,330X620,-0.12386147928325891,0.12386147928325891,128,330
M,330X622,-0.10016167530579785,0.10016167530579785,128,330
M,330X626,-0.44493172145901655,0.44493172145901655,128,330
M,330X628,0.07358389866255889,0.07358389866255889,128,330
M,330X630,0.07527644741112977,0.07527644741112977,128,330
M,330X632,0.07268385401177037,0.07268385401177037,128,330
M,330X633,-0.4379973972266726,0.4379973972266726,128,330
M,330X635,-0.009254163779997196,0.009254163779997196,128,330
M,330X637,-0.00925385789512461,0.00925385789512461,128,330
M,330X639,-0.009258255227806971,0.009258255227806971,128,330
M,330X640,-0.6455356226247266,0.6455356226247266,128,330
M,330X642,0.031133757790710363,0.031133757790710363,128,330
M,330X669,-0.06697636215644018,0.06697636215644018,128,330
M,330X671,-0.44616221052130134,0.44616221052130134,128,330
M,330X674,-0.4467395462789933,0.4467395462789933,128,330
M,330X677,-0.44584780255058404,0.44584780255058404,128,330
M,330X689,-0.052133327887387095,0.052133327887387095,128,330
M,330X691,-0.502508009881117,0.502508009881117,128,330
M,330X694,-0.502879592642554,0.502879592642554,128,330
M,330X697,-0.5023894529505273,0.5023894529505273,128,330
M,330X699,-0.052414774564912565,0.052414774564912565,128,330
M,330X701,-0.40693867623953106,0.40693867623953106,128,330
M,330X704,-0.4075844660093229,0.4075844660093229,128,330
M,330X707,-0.4064900428301166,0.4064900428301166,128,330
M,330X709,-0.05955576825694463,0.05955576825694463,128,330
M,330X714,-0.43850511993323926,0.43850511993323926,128,330
M,330X717,-0.4376718477813521,0.4376718477813521,128,330
M,330X719,-0.03353944304509078,0.03353944304509078,128,330
M,330X729,-0.033441929124097866,0.033441929124097866,128,330
M,330X749,0.033498563599004966,0.033498563599004966,128,330
M,330X759,0.033363265965197966,0.033363265965197966,128,330
M,330X769,-0.13429044067235857,0.13429044067235857,128,330
M,330X771,0.22681102188662386,0.22681102188662386,128,330
M,330X774,0.22358086729835472,0.22358086729835472,128,330
M,330X777,0.22841934802977018,0.22841934802977018,128,330
M,330X788,-0.10857716970472213,0.10857716970472213,128,330
M,330X790,-0.07239985695065337,0.07239985695065337,128,330
M,330X793,-0.07239196096292737,0.07239196096292737,128,330
M,330X798,0.042947501145211266,0.042947501145211266,128,330
M,330X800,-0.04475564905638175,0.04475564905638175,128,330
M,330X803,-0.04677621815883026,0.04677621815883026,128,330
M,330X806,-0.04488131637279966,0.04488131637279966,128,330
M,330X808,-0.058530995320674344,0.058530995320674344,128,330
M,330X810,-0.3177766839464813,0.3177766839464813,128,330
M,330X813,-0.31744952557778916,0.31744952557778916,128,330
M,330X816,-0.318470219768818,0.318470219768818,128,330
M,330X818,-0.05773377586328451,0.05773377586328451,128,330
M,330X828,-0.03336074944591831,0.03336074944591831,128,330
M,330X858,0.033229955617439376,0.033229955617439376,128,330
M,330X878,0.19845556711780638,0.19845556711780638,128,330
M,330X889,0.198455386083458,0.198455386083458,128,330
M,330X890,0.11381186841599222,0.11381186841599222,128,330
M,330X893,0.1299163146302803,0.1299163146302803,128,330
M,330X895,0.1322926292042523,0.1322926292042523,128,330
M,330X897,0.12932889593312608,0.12932889593312608,128,330
M,330X900,0.07493032155888878,0.07493032155888878,128,330
M,330X902,0.07902424101095012,0.07902424101095012,128,330
M,330X904,0.07324809693249043,0.07324809693249043,128,330
M,330X910,0.19929910621181948,0.19929910621181948,128,330
M,330X913,0.19566001785244203,0.19566001785244203,128,330
M,330X916,0.20322285587616015,0.20322285587616015,128,330
M,330X920,0.17698634546432057,0.17698634546432057,128,330
M,330X923,0.1890136643104797,0.1890136643104797,128,330
M,330X926,0.16714958454332457,0.16714958454332457,128,330
M,330X930,0.1797747306645926,0.1797747306645926,128,330
M,330X933,0.1801979601960855,0.1801979601960855,128,330
M,330X936,0.17958113405302958,0.17958113405302958,128,330
M,330X940,0.17476037731760688,0.17476037731760688,128,330
M,330X943,0.18242304714738067,0.18242304714738067,128,330
M,330X946,0.16744577553736342,0.16744577553736342,128,330
M,330X950,0.13403106967798215,0.13403106967798215,128,330
M,330X953,0.12538768638332826,0.12538768638332826,128,330
M,330X956,0.1411656064915727,0.1411656064915727,128,330
M,330X960,0.09346224358417153,0.09346224358417153,128,330
M,330X963,0.09983203038249115,0.09983203038249115,128,330
M,330X966,0.08733824602844219,0.08733824602844219,128,330
M,330X970,0.14294808993447533,0.14294808993447533,128,330
M,330X973,0.14516068803433285,0.14516068803433285,128,330
M,330X976,0.14211132239021032,0.14211132239021032,128,330
M,330X980,0.06834698551965887,0.06834698551965887,128,330
M,330X983,0.07283090887329076,0.07283090887329076,128,330
M,330X986,0.0636630861221602,0.0636630861221602,128,330
M,330X990,0.1295550457072838,0.1295550457072838,128,330
M,330X993,0.12690511997101972,0.12690511997101972,128,330
M,330X996,0.13175140074833583,0.13175140074833583,128,330
M,330X1000,0.08607410112450065,0.08607410112450065,128,330
M,330X1003,0.09269637477175299,0.09269637477175299,128,330
M,330X1006,0.07935665114793207,0.07935665114793207,128,330
M,330X1010,0.18425938111141074,0.18425938111141074,128,330
M,330X1013,0.17126965853149173,0.17126965853149173,128,330
M,330X1016,0.19528350117666576,0.19528350117666576,128,330
M,330X1020,0.15471808837201653,0.15471808837201653,128,330
M,330X1030,0.09139138632989814,0.09139138632989814,128,330
M,330X1032,0.09073377852646233,0.09073377852646233,128,330
M,330X1034,0.09203314599827551,0.09203314599827551,128,330
M,330X1037,0.0583660716482141,0.0583660716482141,128,330
M,330X1039,0.06199130970659452,0.06199130970659452,128,330
M,330X1041,0.052453894418938544,0.052453894418938544,128,330
M,330X1042,-0.1053424802238602,0.1053424802238602,128,330
M,330X1053,0.10506898509394504,0.10506898509394504,128,330
M,330X1077,-0.05796733522178282,0.05796733522178282,128,330
M,330X1080,-0.07142605652871968,0.07142605652871968,128,330
M,330X1083,-0.06608840199604754,0.06608840199604754,128,330
M,330X1087,-0.03366329630850617,0.03366329630850617,128,330
M,330X1090,-0.033767734427122414,0.033767734427122414,128,330
M,330X1093,-0.03258007898986248,0.03258007898986248,128,330
M,330X1097,0.0938565347591536,0.0938565347591536,128,330
M,330X1100,0.0918897721012422,0.0918897721012422,128,330
M,330X1103,0.08502637148861163,0.08502637148861163,128,330
M,330X1107,-0.05759541060453261,0.05759541060453261,128,330
M,330X1127,-0.43853677706747207,0.43853677706747207,128,330
M,330X1130,-0.43844742577201623,0.43844742577201623,128,330
M,330X1133,-0.4385960020993367,0.4385960020993367,128,330
M,330X1147,0.2151996651718795,0.2151996651718795,128,330
M,330X1150,0.2155131033335609,0.2155131033335609,128,330
M,330X1153,0.21577056157655988,0.21577056157655988,128,330
M,330X1157,0.07799035986805278,0.07799035986805278,128,330
M,330X1160,0.0414997006596801,0.0414997006596801,128,330
M,330X1163,-0.03535533905940196,0.03535533905940196,128,330
M,330X1166,0.18099763645687394,0.18099763645687394,128,330
M,330X1168,-0.645447104511494,0.645447104511494,128,330
M,330X1173,0.12642290184301683,0.12642290184301683,128,330
M,330X1175,0.12400343975123909,0.12400343975123909,128,330
M,330X1177,0.12869404458407613,0.12869404458407613,128,330
M,330X1180,0.02232003595640873,0.02232003595640873,128,330
M,330X1182,0.023205146782902,0.023205146782902,128,330
M,330X1184,0.02340077143862264,0.02340077143862264,128,330
M,330X1187,0.10754588228419112,0.10754588228419112,128,330
M,330X1189,0.10456805722187812,0.10456805722187812,128,330
M,330X1191,0.1110142229008172,0.1110142229008172,128,330
M,330X1194,0.034236971963090355,0.034236971963090355,128,330
M,330X1196,0.0361770106610719,0.0361770106610719,128,330
M,330X1198,0.03174061334841457,0.03174061334841457,128,330
M,330X1201,0.10945580195656023,0.10945580195656023,128,330
M,330X1203,0.11155159819505175,0.11155159819505175,128,330
M,330X1205,0.10917028295133878,0.10917028295133878,128,330
M,330X1208,0.01471636308783525,0.01471636308783525,128,330
M,330X1210,0.01480028552346764,0.01480028552346764,128,330
M,330X1212,0.014002534612774075,0.014002534612774075,128,330
M,330X1218,-0.11369467464526832,0.11369467464526832,128,330
M,330X1221,-0.08193771568522176,0.08193771568522176,128,330
M,330X1225,-0.09302540548541118,0.09302540548541118,128,330
M,330X1227,-0.09305574757189343,0.09305574757189343,128,330
M,330X1229,-0.09300826856494815,0.09300826856494815,128,330
M,330X1232,0.09314129499150385,0.09314129499150385,128,330
M,330X1234,0.09301970538943706,0.09301970538943706,128,330
M,330X1236,0.09318334971355463,0.09318334971355463,128,330
M,330X1249,0.04067218460319038,0.04067218460319038,128,330
M,330X1251,0.0498199167786578,0.0498199167786578,128,330
M,330X1253,0.03169804476471501,0.03169804476471501,128,330
M,330X1256,-0.050501763313305706,0.050501763313305706,128,330
M,330X1258,-0.05657276278412192,0.05657276278412192,128,330
M,330X1261,-0.042100046554150956,0.042100046554150956,128,330
M,340X1,-0.06698941911172718,0.06698941911172718,128,340
M,340X2,-0.1033075273594123,0.1033075273594123,128,340
M,340X3,-0.20977470200187917,0.20977470200187917,128,340
M,340X4,0.2913151304614954,0.2913151304614954,128,340
M,340X5,0.1715574410061095,0.1715574410061095,128,340
M,340X6,0.20699960851175014,0.20699960851175014,128,340
M,340X7,0.042376406443176896,0.042376406443176896,128,340
M,340X8,-0.01568288970538047,0.01568288970538047,128,340
M,340X9,-0.22751141108030545,0.22751141108030545,128,340
M,340X10,0.3945950040628047,0.3945950040628047,128,340
M,340X11,0.0335981499408604,0.0335981499408604,128,340
M,340X13,0.021793040762622024,0.021793040762622024,128,340
M,340X15,0.010530724589306706,0.010530724589306706,128,340
M,340X17,-0.046577570268606254,0.046577570268606254,128,340
M,340X18,-0.08769194848982295,0.08769194848982295,128,340
M,340X19,-0.02813975793038144,0.02813975793038144,128,340
M,340X20,-0.05045845122307568,0.05045845122307568,128,340
M,340X21,-0.21788409445946497,0.21788409445946497,128,340
M,340X22,-0.04071116551369311,0.04071116551369311,128,340
M,340X24,0.013900871886295416,0.013900871886295416,128,340
M,340X25,0.007549083396510829,0.007549083396510829,128,340
M,340X26,0.022547094313944176,0.022547094313944176,128,340
M,340X27,0.007062120997931267,0.007062120997931267,128,340
M,340X28,0.0008065766845624382,0.0008065766845624382,128,340
M,340X29,0.007296255554607981,0.007296255554607981,128,340
M,ERROR:#N/A (#2),-0.05408712775758062,0.05408712775758062,128,UNKNOWN
M,340X31,0.2537681470241473,0.2537681470241473,128,340
M,340X33,0.022865491291063397,0.022865491291063397,128,340
M,340X34,0.025666986155492517,0.025666986155492517,128,340
M,340X35,0.023668426070302857,0.023668426070302857,128,340
M,340X36,0.011762436065514739,0.011762436065514739,128,340
M,340X37,-0.18666821643824108,0.18666821643824108,128,340
M,340X38,-0.1646122824938446,0.1646122824938446,128,340
M,340X39,-0.17963961106287685,0.17963961106287685,128,340
M,340X40,-0.1822062736039046,0.1822062736039046,128,340
M,340X41,0.3264298658177464,0.3264298658177464,128,340
M,340X42,0.34208773732344955,0.34208773732344955,128,340
M,340X43,0.3495029566712748,0.3495029566712748,128,340
M,340X44,0.33334550030319227,0.33334550030319227,128,340
M,340X45,-0.12253608885996806,0.12253608885996806,128,340
M,340X46,-0.13965948250184196,0.13965948250184196,128,340
M,340X47,-0.12742242430729375,0.12742242430729375,128,340
M,340X48,-0.12828232414208712,0.12828232414208712,128,340
M,340X49,0.13237005632635454,0.13237005632635454,128,340
M,340X51,0.18086430605218257,0.18086430605218257,128,340
M,340X53,0.2510927787337175,0.2510927787337175,128,340
M,340X57,-0.28863164587958445,0.28863164587958445,128,340
M,340X59,-0.11341589064968423,0.11341589064968423,128,340
M,340X61,-0.09636370913758253,0.09636370913758253,128,340
M,340X65,-0.03970653564825695,0.03970653564825695,128,340
M,340X67,-0.17587051489539895,0.17587051489539895,128,340
M,340X69,0.10076850434135512,0.10076850434135512,128,340
M,340X73,-0.24043773199476684,0.24043773199476684,128,340
M,340X75,-0.24471226734104623,0.24471226734104623,128,340
M,340X77,-0.0644254240033493,0.0644254240033493,128,340
M,340X81,-0.01919741891430308,0.01919741891430308,128,340
M,340X83,0.052684627326237396,0.052684627326237396,128,340
M,340X85,-0.022879431775501634,0.022879431775501634,128,340
M,340X97,-0.025243574591817277,0.025243574591817277,128,340
M,340X99,0.07564309138575719,0.07564309138575719,128,340
M,340X101,-0.024630922556018967,0.024630922556018967,128,340
M,340X105,-0.0662336301306309,0.0662336301306309,128,340
M,340X107,-0.4705290330681069,0.4705290330681069,128,340
M,340X108,0.17903512308663144,0.17903512308663144,128,340
M,340X109,-0.43207729735435263,0.43207729735435263,128,340
M,340X110,0.010520317644128809,0.010520317644128809,128,340
M,340X113,-0.008993864064412016,0.008993864064412016,128,340
M,340X115,-0.049224048402760075,0.049224048402760075,128,340
M,340X121,0.011614256713621625,0.011614256713621625,128,340
M,340X123,-0.06527677152077134,0.06527677152077134,128,340
M,340X124,0.0666021136791115,0.0666021136791115,128,340
M,340X125,0.09628605687914134,0.09628605687914134,128,340
M,340X126,-0.1193568320402429,0.1193568320402429,128,340
M,340X132,0.1318102423944078,0.1318102423944078,128,340
M,340X133,0.2265705005191996,0.2265705005191996,128,340
M,340X134,0.12433470389684181,0.12433470389684181,128,340
M,340X138,0.023453918814548416,0.023453918814548416,128,340
M,340X139,0.011780419444608555,0.011780419444608555,128,340
M,340X140,0.031662247704674434,0.031662247704674434,128,340
M,340X143,-0.17293275800470687,0.17293275800470687,128,340
M,340X145,0.030808429907147928,0.030808429907147928,128,340
M,340X147,0.05468537772333566,0.05468537772333566,128,340
M,340X149,0.06209772556088008,0.06209772556088008,128,340
M,340X151,-0.0029168486526973594,0.0029168486526973594,128,340
M,340X161,0.09391399071755087,0.09391399071755087,128,340
M,340X163,0.09726159495907474,0.09726159495907474,128,340
M,340X165,0.09661422654439043,0.09661422654439043,128,340
M,340X173,0.007117391976299072,0.007117391976299072,128,340
M,340X175,0.004127105104628285,0.004127105104628285,128,340
M,340X177,0.002900581523732754,0.002900581523732754,128,340
M,340X181,-0.08222320331017552,0.08222320331017552,128,340
M,340X182,-0.022792903136867933,0.022792903136867933,128,340
M,340X183,-0.2176988774539582,0.2176988774539582,128,340
M,340X185,0.09215918436270988,0.09215918436270988,128,340
M,340X186,0.0660751427510832,0.0660751427510832,128,340
M,340X187,0.11664844340090635,0.11664844340090635,128,340
M,340X188,-0.058098322320086195,0.058098322320086195,128,340
M,340X189,-0.05774518079030007,0.05774518079030007,128,340
M,340X190,-0.046344745404828,0.046344745404828,128,340
M,340X192,0.2653058684284567,0.2653058684284567,128,340
M,340X193,-0.2189442436556668,0.2189442436556668,128,340
M,340X194,-0.26982195516219626,0.26982195516219626,128,340
M,340X195,-0.25416449534595914,0.25416449534595914,128,340
M,340X196,-0.11467625336766785,0.11467625336766785,128,340
M,340X197,-0.1100933581856805,0.1100933581856805,128,340
M,340X198,-0.11285853310283497,0.11285853310283497,128,340
M,344X1,0.10266427046328166,0.10266427046328166,128,344
M,344X5,0.0003613978124919643,0.0003613978124919643,128,344
M,344X6,-0.02103617500744906,0.02103617500744906,128,344
M,344X10,-0.012684010912250635,0.012684010912250635,128,344
M,344X13,-0.007885671468204451,0.007885671468204451,128,344
M,344X15,-0.01622529676235763,0.01622529676235763,128,344
M,344X16,-0.06367189849922276,0.06367189849922276,128,344
M,344X19,-0.04697286597863049,0.04697286597863049,128,344
M,344X20,-0.06286143069767365,0.06286143069767365,128,344
M,344X21,-0.14125190846802876,0.14125190846802876,128,344
M,344X22,-0.1364921542319547,0.1364921542319547,128,344
M,344X25,-0.033037459183826855,0.033037459183826855,128,344
M,344X26,-0.04769484929978837,0.04769484929978837,128,344
M,344X27,0.18275242616374912,0.18275242616374912,128,344
M,344X29,-0.021260046097368535,0.021260046097368535,128,344
M,344X34,-0.021328741848834674,0.021328741848834674,128,344
M,344X35,0.049952228610758084,0.049952228610758084,128,344
M,344X36,-0.028667254889140386,0.028667254889140386,128,344
M,344X37,0.03257970806354432,0.03257970806354432,128,344
M,344X39,-0.06026007437707048,0.06026007437707048,128,344
M,344X41,-0.022408317705613065,0.022408317705613065,128,344
M,344X43,-0.042809080937429224,0.042809080937429224,128,344
M,344X44,-0.0709886019102572,0.0709886019102572,128,344
M,344X48,0.0171074546015941,0.0171074546015941,128,344
M,344X49,0.04349122655160947,0.04349122655160947,128,344
M,344X51,-0.036785594638909486,0.036785594638909486,128,344
M,344X53,-0.10549524914355464,0.10549524914355464,128,344
M,344X55,-0.1067969885924389,0.1067969885924389,128,344
M,344X56,0.031285172512335584,0.031285172512335584,128,344
M,344X60,-0.03386846791933856,0.03386846791933856,128,344
M,344X62,0.06753481253886254,0.06753481253886254,128,344
M,344X64,0.06810535413890684,0.06810535413890684,128,344
M,344X65,0.3153474737743627,0.3153474737743627,128,344
M,344X66,0.06797841555276737,0.06797841555276737,128,344
M,344X69,0.038520370604211124,0.038520370604211124,128,344
M,344X71,-0.10627973317502797,0.10627973317502797,128,344
M,344X73,-0.1062124912632461,0.1062124912632461,128,344
M,344X74,0.0455668053401463,0.0455668053401463,128,344
M,344X77,0.06911804597649271,0.06911804597649271,128,344
M,344X78,0.07131408325875892,0.07131408325875892,128,344
M,344X79,-0.1469844575075604,0.1469844575075604,128,344
M,344X81,0.013982207948434586,0.013982207948434586,128,344
M,344X83,0.07023722208332417,0.07023722208332417,128,344
M,344X85,0.022153787836954188,0.022153787836954188,128,344
M,344X86,0.1347985121062769,0.1347985121062769,128,344
M,344X87,0.02225065212183379,0.02225065212183379,128,344
M,344X88,0.09882673321348591,0.09882673321348591,128,344
M,344X90,0.08813139924481866,0.08813139924481866,128,344
M,344X92,0.022358098703386703,0.022358098703386703,128,344
M,344X94,-0.09758919473697787,0.09758919473697787,128,344
M,344X95,-0.13181293616697212,0.13181293616697212,128,344
M,344X96,-0.07837163094708186,0.07837163094708186,128,344
M,344X97,-0.07767565898977445,0.07767565898977445,128,344
M,344X99,-0.06722854169318633,0.06722854169318633,128,344
M,344X103,-0.022090488906833607,0.022090488906833607,128,344
M,344X104,0.03496090755446506,0.03496090755446506,128,344
M,344X105,-0.022596921196200694,0.022596921196200694,128,344
M,344X106,-0.042663663349529146,0.042663663349529146,128,344
M,344X108,0.05565099338599994,0.05565099338599994,128,344
M,344X110,-0.022358098703386703,0.022358098703386703,128,344
M,344X112,-0.022580810295814477,0.022580810295814477,128,344
M,344X113,0.0325801273594546,0.0325801273594546,128,344
M,344X114,-0.022444497045256254,0.022444497045256254,128,344
M,344X115,-0.096383876977725,0.096383876977725,128,344
M,344X117,0.03412550059264814,0.03412550059264814,128,344
M,344X119,-0.022358098703386703,0.022358098703386703,128,344
M,344X121,-0.15326221025198813,0.15326221025198813,128,344
M,344X122,-0.1949152171259117,0.1949152171259117,128,344
M,344X123,-0.1751763908965954,0.1751763908965954,128,344
M,344X124,-0.20324191933309377,0.20324191933309377,128,344
M,344X126,-0.1739788817331405,0.1739788817331405,128,344
M,344X137,-0.05314194689585642,0.05314194689585642,128,344
M,344X138,-0.09385647452362206,0.09385647452362206,128,344
M,344X139,0.02141331267711783,0.02141331267711783,128,344
M,344X145,-0.42255700246035205,0.42255700246035205,128,344
M,344X146,0.021975524355411925,0.021975524355411925,128,344
M,344X147,-0.07231302651632328,0.07231302651632328,128,344
M,344X149,0.025426947151292654,0.025426947151292654,128,344
M,344X150,0.006043036232827804,0.006043036232827804,128,344
M,344X151,0.023516662086183707,0.023516662086183707,128,344
M,344X154,0.022358098703386436,0.022358098703386436,128,344
M,344X156,0.05759450940355116,0.05759450940355116,128,344
M,344X158,-0.02452231978806943,0.02452231978806943,128,344
M,344X159,-0.02146779575205656,0.02146779575205656,128,344
M,344X160,0.03462112023240576,0.03462112023240576,128,344
M,344X163,0.0655985189146983,0.0655985189146983,128,344
M,344X164,-0.06033524176907741,0.06033524176907741,128,344
M,344X165,0.012578707447318281,0.012578707447318281,128,344
M,344X168,-0.13920654685071102,0.13920654685071102,128,344
M,344X169,-0.029666908437234827,0.029666908437234827,128,344
M,344X172,-0.022358098703386703,0.022358098703386703,128,344
M,344X173,0.04349122655197207,0.04349122655197207,128,344
M,ERROR:#N/A (#3),-0.02165876756174412,0.02165876756174412,128,UNKNOWN
M,344X174,-0.037158247777713316,0.037158247777713316,128,344
M,344X176,-0.15526727882328037,0.15526727882328037,128,344
M,ERROR:#N/A_1 (#2),-0.07042566431639541,0.07042566431639541,128,UNKNOWN
M,344X177,0.048720727963179604,0.048720727963179604,128,344
M,344X178,-0.08249410154807177,0.08249410154807177,128,344
M,ERROR:#N/A_3 (#1),-0.05205796842037884,0.05205796842037884,128,UNKNOWN
M,344X182,0.05650432083369706,0.05650432083369706,128,344
M,344X185,0.043735905232237145,0.043735905232237145,128,344
M,ERROR:#N/A_5,0.05559194549374238,0.05559194549374238,128,UNKNOWN
M,344X186,-0.036399105608772506,0.036399105608772506,128,344
M,344X187,0.02721048130740679,0.02721048130740679,128,344
M,ERROR:#N/A_6,0.13996628781141476,0.13996628781141476,128,UNKNOWN
M,ERROR:#N/A_7,0.039293529977212735,0.039293529977212735,128,UNKNOWN
M,344X190,0.03959397227229797,0.03959397227229797,128,344
M,344X191,0.0540831016793544,0.0540831016793544,128,344
M,ERROR:#N/A_8,0.03955279566753419,0.03955279566753419,128,UNKNOWN
M,344X192,0.0539419074254175,0.0539419074254175,128,344
M,344X194,0.039856163253704044,0.039856163253704044,128,344
M,344X195,0.00851996888980198,0.00851996888980198,128,344
M,344X196,0.13484330016309146,0.13484330016309146,128,344
M,344X199,0.07266630202770805,0.07266630202770805,128,344
M,344X200,0.14375040283040738,0.14375040283040738,128,344
M,344X201,-0.04214718271225481,0.04214718271225481,128,344
M,ERROR:#N/A_9,0.039590123338794185,0.039590123338794185,128,UNKNOWN
M,ERROR:#N/A_10,0.043491226551971435,0.043491226551971435,128,UNKNOWN
M,344X208,-0.0988937853226538,0.0988937853226538,128,344
M,344X209,-0.062880373189331,0.062880373189331,128,344
M,ERROR:#N/A_11,-0.09925921076641579,0.09925921076641579,128,UNKNOWN
M,344X210,-0.03081778003540171,0.03081778003540171,128,344
M,344X212,-0.0364068711965735,0.0364068711965735,128,344
M,344X213,-0.0341897043321682,0.0341897043321682,128,344
M,344X221,0.07814776531868761,0.07814776531868761,128,344
M,344X222,0.08880822207438092,0.08880822207438092,128,344
M,ERROR:#N/A_14,0.06647596578911612,0.06647596578911612,128,UNKNOWN
M,ERROR:#N/A_15,0.09721580994642309,0.09721580994642309,128,UNKNOWN
M,344X225,0.05673792161877739,0.05673792161877739,128,344
M,344X226,0.09712448094376717,0.09712448094376717,128,344
M,ERROR:#N/A_16,-0.022358098703386436,0.022358098703386436,128,UNKNOWN
M,344X229,0.1215134448535955,0.1215134448535955,128,344
M,ERROR:#N/A_17,0.16855739426687186,0.16855739426687186,128,UNKNOWN
M,ERROR:#N/A_18,0.09591568835157942,0.09591568835157942,128,UNKNOWN
M,344X230,-0.011683932313852318,0.011683932313852318,128,344
M,344X231,0.1302903288466551,0.1302903288466551,128,344
M,344X232,0.08774721343461382,0.08774721343461382,128,344
M,344X234,0.09127986012953633,0.09127986012953633,128,344
M,344X235,0.1146400685804099,0.1146400685804099,128,344
M,344X236,0.09556811320959983,0.09556811320959983,128,344
M,344X237,0.14252692687948668,0.14252692687948668,128,344
M,ERROR:#N/A_20,0.08999229933767781,0.08999229933767781,128,UNKNOWN
M,344X239,0.08053145860888235,0.08053145860888235,128,344
M,344X241,0.030679917245794906,0.030679917245794906,128,344
M,ERROR:#N/A_21,0.04095570376145061,0.04095570376145061,128,UNKNOWN
M,344X243,0.027229029576903666,0.027229029576903666,128,344
M,344X244,0.040056417004003496,0.040056417004003496,128,344
M,344X245,0.025334102676557408,0.025334102676557408,128,344
M,344X246,0.041040939231147044,0.041040939231147044,128,344
M,344X250,-0.2000656059092923,0.2000656059092923,128,344
M,ERROR:#N/A_23,-0.11117036611151197,0.11117036611151197,128,UNKNOWN
M,344X252,-0.08152334764180519,0.08152334764180519,128,344
M,344X253,-0.07154507567576847,0.07154507567576847,128,344
M,344X254,-0.1157778468885649,0.1157778468885649,128,344
M,344X255,-0.08543407581571966,0.08543407581571966,128,344
M,ERROR:#N/A_24,-0.005565842075860532,0.005565842075860532,128,UNKNOWN
M,344X257,-0.09460627300422864,0.09460627300422864,128,344
M,344X259,0.13199635350346758,0.13199635350346758,128,344
M,ERROR:#N/A_25,0.12877064359299936,0.12877064359299936,128,UNKNOWN
M,344X261,0.11973720577053211,0.11973720577053211,128,344
M,344X262,0.12634111522379748,0.12634111522379748,128,344
M,344X263,0.1376971818900426,0.1376971818900426,128,344
M,344X264,0.12831427117186647,0.12831427117186647,128,344
M,360X1,-0.036916005911802954,0.036916005911802954,128,360
M,360X3,-0.08788839326116309,0.08788839326116309,128,360
M,360X14,0.21811740396391976,0.21811740396391976,128,360
M,360X23,0.3866267340793245,0.3866267340793245,128,360
M,360X25,0.23632994712138752,0.23632994712138752,128,360
M,360X34,0.098833295047075,0.098833295047075,128,360
M,360X45,-0.10332075054573495,0.10332075054573495,128,360
M,360X47,0.018389134504715184,0.018389134504715184,128,360
M,360X58,0.20421111445268106,0.20421111445268106,128,360
M,360X69,0.11043155525689677,0.11043155525689677,128,360
M,360X80,0.11197482215643347,0.11197482215643347,128,360
M,360X100,-0.03310936066029931,0.03310936066029931,128,360
M,360X109,-0.13362111206825278,0.13362111206825278,128,360
M,360X111,-0.13139336042027291,0.13139336042027291,128,360
M,360X115,-0.23684482777179972,0.23684482777179972,128,360
M,360X117,-0.002135384563111992,0.002135384563111992,128,360
M,360X125,-0.022486043734861023,0.022486043734861023,128,360
M,360X131,0.018287450395181547,0.018287450395181547,128,360
M,360X133,-0.008100630289512571,0.008100630289512571,128,360
M,360X141,-0.030085737807108364,0.030085737807108364,128,360
M,360X149,0.011218202976482438,0.011218202976482438,128,360
M,360X155,-0.1413823410753747,0.1413823410753747,128,360
M,360X157,0.047441963259556144,0.047441963259556144,128,360
M,360X165,0.0326950844716463,0.0326950844716463,128,360
M,360X176,0.09758267316433637,0.09758267316433637,128,360
M,360X185,0.3800564800467634,0.3800564800467634,128,360
M,360X187,0.17314544403717513,0.17314544403717513,128,360
M,360X198,0.20355148320413607,0.20355148320413607,128,360
M,360X211,0.05591252602125405,0.05591252602125405,128,360
M,360X219,0.1627497912501291,0.1627497912501291,128,360
M,360X228,-0.24506690111438217,0.24506690111438217,128,360
M,360X230,0.0786594438333777,0.0786594438333777,128,360
M,360X241,0.1358958643473409,0.1358958643473409,128,360
M,360X252,0.19995926243984183,0.19995926243984183,128,360
M,360X261,0.14687859752296148,0.14687859752296148,128,360
M,360X263,0.17582344822990284,0.17582344822990284,128,360
M,360X274,0.15931429311627415,0.15931429311627415,128,360
M,360X285,0.1567718366329794,0.1567718366329794,128,360
M,360X294,-0.08907599816269628,0.08907599816269628,128,360
M,360X296,0.19230974410244145,0.19230974410244145,128,360
M,360X307,0.23959473000988948,0.23959473000988948,128,360
M,360X318,0.2065466849037389,0.2065466849037389,128,360
M,360X327,-0.2725796175814599,0.2725796175814599,128,360
M,360X329,-0.02868079549733025,0.02868079549733025,128,360
M,360X335,-0.0016850385166834363,0.0016850385166834363,128,360
M,360X337,0.11150953419642161,0.11150953419642161,128,360
M,360X348,0.08318639167895404,0.08318639167895404,128,360
M,360X359,0.08412917905137102,0.08412917905137102,128,360
M,360X368,-0.2939572191796357,0.2939572191796357,128,360
M,360X370,0.11147856693423198,0.11147856693423198,128,360
M,360X381,0.14470503459610937,0.14470503459610937,128,360
M,360X392,0.1721671412876948,0.1721671412876948,128,360
M,360X401,0.08352850421762373,0.08352850421762373,128,360
M,360X403,0.20435452751371216,0.20435452751371216,128,360
M,360X414,0.1755723546487633,0.1755723546487633,128,360
M,360X425,0.1845189978651759,0.1845189978651759,128,360
M,360X434,0.004738402044063093,0.004738402044063093,128,360
M,360X436,0.17923650943137964,0.17923650943137964,128,360
M,360X447,-0.016170266785559002,0.016170266785559002,128,360
M,360X455,0.16997552785604694,0.16997552785604694,128,360
M,360X466,0.11061985591362393,0.11061985591362393,128,360
M,360X475,0.006140822820336183,0.006140822820336183,128,360
M,360X477,0.1510144750394751,0.1510144750394751,128,360
M,360X488,0.11885540811666158,0.11885540811666158,128,360
M,360X499,0.06228374353572673,0.06228374353572673,128,360
M,360X508,-0.06952079000688632,0.06952079000688632,128,360
M,360X510,0.12412698893334724,0.12412698893334724,128,360
M,360X521,0.0672693509263669,0.0672693509263669,128,360
M,360X532,0.028656030726088872,0.028656030726088872,128,360
M,360X541,0.10443449182116668,0.10443449182116668,128,360
M,360X543,-0.04585173398079774,0.04585173398079774,128,360
M,360X554,-0.03553461006719241,0.03553461006719241,128,360
M,360X565,0.017429959942540492,0.017429959942540492,128,360
M,360X573,0.008717132030258829,0.008717132030258829,128,360
M,360X582,0.20153661410299756,0.20153661410299756,128,360
M,360X584,-0.12392150445599967,0.12392150445599967,128,360
M,360X595,-0.04292050356910039,0.04292050356910039,128,360
M,360X605,-0.010224345242823169,0.010224345242823169,128,360
M,360X611,0.2974974333081745,0.2974974333081745,128,360
M,360X613,0.06932796088982607,0.06932796088982607,128,360
M,360X621,0.1261133550702696,0.1261133550702696,128,360
M,360X629,0.15083813285436962,0.15083813285436962,128,360
M,360X635,0.2606341883886573,0.2606341883886573,128,360
M,360X637,0.1732266934730944,0.1732266934730944,128,360
M,360X645,0.08554354669076748,0.08554354669076748,128,360
M,360X653,0.09496159429117228,0.09496159429117228,128,360
M,360X659,-0.010776300145910174,0.010776300145910174,128,360
M,360X661,0.008044366899733224,0.008044366899733224,128,360
M,360X669,0.010438301305628093,0.010438301305628093,128,360
M,360X677,-0.014177617939028678,0.014177617939028678,128,360
M,360X685,0.039694220090818924,0.039694220090818924,128,360
M,360X696,-0.0015760657116909583,0.0015760657116909583,128,360
M,360X702,-0.09440214555056158,0.09440214555056158,128,360
M,360X704,0.025165377746489827,0.025165377746489827,128,360
M,360X710,-0.5538206178848223,0.5538206178848223,128,360
M,360X712,0.0028317545378110866,0.0028317545378110866,128,360
M,360X741,-0.40022997270782656,0.40022997270782656,128,360
M,360X743,-0.23595548935091143,0.23595548935091143,128,360
M,360X763,-0.03688670865351265,0.03688670865351265,128,360
M,360X765,-0.11401538760522444,0.11401538760522444,128,360
M,360X776,-0.23199494886460054,0.23199494886460054,128,360
M,360X785,-0.03426125600586495,0.03426125600586495,128,360
M,360X796,0.025908286425631814,0.025908286425631814,128,360
M,360X829,-0.030097458014521596,0.030097458014521596,128,360
M,360X853,-0.13550005536745563,0.13550005536745563,128,360
M,360X885,0.06130764264504043,0.06130764264504043,128,360
M,360X896,0.02693039073177264,0.02693039073177264,128,360
M,360X971,0.04986166215982154,0.04986166215982154,128,360
M,360X984,-0.07971256193956733,0.07971256193956733,128,360
M,360X987,0.01664277714171521,0.01664277714171521,128,360
M,360X995,0.23300092459421254,0.23300092459421254,128,360
M,360X1006,0.05846864685347699,0.05846864685347699,128,360
M,360X1017,0.2726528345461673,0.2726528345461673,128,360
M,360X1028,0.17322396507596957,0.17322396507596957,128,360
M,360X1039,0.10578247676025145,0.10578247676025145,128,360
M,360X1050,-0.0006432200449790376,0.0006432200449790376,128,360
M,360X1061,0.13434203545036533,0.13434203545036533,128,360
M,360X1072,0.041827310970036446,0.041827310970036446,128,360
M,360X1083,0.06136470200054488,0.06136470200054488,128,360
M,360X1094,0.04102239496160213,0.04102239496160213,128,360
M,360X1105,0.11324005001233584,0.11324005001233584,128,360
M,360X1116,0.18596880568191845,0.18596880568191845,128,360
M,360X1127,-0.0015348903125788084,0.0015348903125788084,128,360
M,360X1138,-0.05908662956993103,0.05908662956993103,128,360
M,360X1146,0.15493092039475714,0.15493092039475714,128,360
M,360X1152,0.09753469234950184,0.09753469234950184,128,360
M,360X1164,0.08934009510982155,0.08934009510982155,128,360
M,360X1190,-0.04198746115041583,0.04198746115041583,128,360
M,360X1201,0.09843359629287925,0.09843359629287925,128,360
M,360X1212,0.16294405263206688,0.16294405263206688,128,360
M,360X1245,-0.20252668350810976,0.20252668350810976,128,360
M,360X1267,-0.14758359985185118,0.14758359985185118,128,360
M,360X1278,-0.1496386363584916,0.1496386363584916,128,360
M,360X1288,0.05021587487853279,0.05021587487853279,128,360
M,360X1297,0.11031382508514648,0.11031382508514648,128,360
M,360X1305,0.10894806650040703,0.10894806650040703,128,360
M,360X1313,-0.0390179924262125,0.0390179924262125,128,360
M,360X1321,0.11609904909528751,0.11609904909528751,128,360
M,360X1329,0.022872161763677866,0.022872161763677866,128,360
M,360X1337,0.13251932920756412,0.13251932920756412,128,360
M,360X1356,0.15320369124969968,0.15320369124969968,128,360
M,360X1364,-0.15534481715787762,0.15534481715787762,128,360
M,360X1383,0.45082570678389944,0.45082570678389944,128,360
M,360X1391,0.023240241080100754,0.023240241080100754,128,360
M,400X4,-0.1774468979535282,0.1774468979535282,128,400
M,400X5,-0.4482385604466936,0.4482385604466936,128,400
M,400X7,-0.4780456692588276,0.4780456692588276,128,400
M,400X9,-0.4781415345904431,0.4781415345904431,128,400
M,400X12,0.08400403858774724,0.08400403858774724,128,400
M,400X13,0.098793491817533,0.098793491817533,128,400
M,400X14,0.13138487492476283,0.13138487492476283,128,400
M,400X15,0.04975829374809036,0.04975829374809036,128,400
M,400X16,0.08512880000102298,0.08512880000102298,128,400
M,400X19,0.010011842491117572,0.010011842491117572,128,400
M,400X20,-0.0448183715898044,0.0448183715898044,128,400
M,400X21,0.17536941400971853,0.17536941400971853,128,400
M,400X22,-0.1184006568537473,0.1184006568537473,128,400
M,400X23,-0.0019647858356811082,0.0019647858356811082,128,400
M,400X25,-0.496294311812509,0.496294311812509,128,400
M,400X27,-0.49500363446849216,0.49500363446849216,128,400
M,400X29,0.06131403011205684,0.06131403011205684,128,400
M,400X30,-0.03168445168518579,0.03168445168518579,128,400
M,400X31,-0.06650001718887641,0.06650001718887641,128,400
M,400X32,0.013759809941711266,0.013759809941711266,128,400
M,400X33,-0.1410718113130143,0.1410718113130143,128,400
M,400X34,0.09618687851920744,0.09618687851920744,128,400
M,400X35,0.08905436996228855,0.08905436996228855,128,400
M,400X36,0.20036881094379513,0.20036881094379513,128,400
M,400X37,0.19453899884234885,0.19453899884234885,128,400
M,400X38,0.021750689513667595,0.021750689513667595,128,400
M,400X56,0.08793949378275827,0.08793949378275827,128,400
M,400X57,-0.0672704309788991,0.0672704309788991,128,400
M,400X58,0.03291726586902116,0.03291726586902116,128,400
M,400X59,-0.4470657174101847,0.4470657174101847,128,400
M,400X60,-0.47623352965861687,0.47623352965861687,128,400
M,400X61,-0.47613233897723484,0.47613233897723484,128,400
M,400X63,-0.4468937744095571,0.4468937744095571,128,400
M,400X64,-0.47596306320397724,0.47596306320397724,128,400
M,400X65,-0.47824458311442136,0.47824458311442136,128,400
M,400X66,0.1421485674007628,0.1421485674007628,128,400
M,400X67,0.14335606685184546,0.14335606685184546,128,400
M,400X68,0.14036533777032295,0.14036533777032295,128,400
M,400X69,0.1461681411137983,0.1461681411137983,128,400
M,400X70,0.14319922009473338,0.14319922009473338,128,400
M,400X71,0.14206896749952963,0.14206896749952963,128,400
M,400X72,-0.10309144379243872,0.10309144379243872,128,400
M,400X73,-0.11686689917034872,0.11686689917034872,128,400
M,400X74,-0.1483858702164216,0.1483858702164216,128,400
M,400X75,-0.10243405087143136,0.10243405087143136,128,400
M,400X76,-0.10890282202208182,0.10890282202208182,128,400
M,400X77,-0.10213113302737925,0.10213113302737925,128,400
M,400X78,-0.11353220829067268,0.11353220829067268,128,400
M,400X79,-0.15207206575128576,0.15207206575128576,128,400
M,400X80,-0.0974961107435299,0.0974961107435299,128,400
M,400X81,-0.10546787524298096,0.10546787524298096,128,400
M,400X82,-0.4482357390699412,0.4482357390699412,128,400
M,400X84,-0.4747335654012687,0.4747335654012687,128,400
M,400X85,0.02618837443509897,0.02618837443509897,128,400
M,400X86,0.032476938119805995,0.032476938119805995,128,400
M,400X87,0.026188599240421967,0.026188599240421967,128,400
M,400X88,0.03458157790910485,0.03458157790910485,128,400
M,400X89,0.02597919747483809,0.02597919747483809,128,400
M,400X90,0.03000543535248462,0.03000543535248462,128,400
M,400X91,0.11198137139498325,0.11198137139498325,128,400
M,400X92,0.10664945619533274,0.10664945619533274,128,400
M,400X93,0.11309942499323272,0.11309942499323272,128,400
M,400X94,0.11728960233158056,0.11728960233158056,128,400
M,400X95,0.13015717155950599,0.13015717155950599,128,400
M,400X96,0.07046666725675024,0.07046666725675024,128,400
M,400X97,0.08238360869168465,0.08238360869168465,128,400
M,400X98,0.08886304522262872,0.08886304522262872,128,400
M,400X99,0.09748086050300027,0.09748086050300027,128,400
M,400X100,0.10268947460756274,0.10268947460756274,128,400
M,400X108,-0.05674946789016921,0.05674946789016921,128,400
M,400X109,-0.06702319675620154,0.06702319675620154,128,400
M,400X110,0.022787288724568387,0.022787288724568387,128,400
M,400X111,-0.13980090918560317,0.13980090918560317,128,400
M,400X112,-0.12247695954813333,0.12247695954813333,128,400
M,400X114,-0.13834257169945438,0.13834257169945438,128,400
M,400X115,-0.1871264492126659,0.1871264492126659,128,400
M,400X116,-0.15688034471879655,0.15688034471879655,128,400
M,400X117,-0.13293465373277985,0.13293465373277985,128,400
M,400X118,-0.09469212699079423,0.09469212699079423,128,400
M,400X120,-0.14709101195572175,0.14709101195572175,128,400
M,400X121,-0.05684931747552997,0.05684931747552997,128,400
M,400X122,-0.04284241181672701,0.04284241181672701,128,400
M,400X123,-0.036426022226493084,0.036426022226493084,128,400
M,400X124,0.08299632914544545,0.08299632914544545,128,400
M,400X132,-0.009677211404640108,0.009677211404640108,128,400
M,400X133,-0.12247695954813315,0.12247695954813315,128,400
M,400X134,-0.11981026368952068,0.11981026368952068,128,400
M,400X135,0.07377436362664774,0.07377436362664774,128,400
M,400X136,0.017121544596277176,0.017121544596277176,128,400
M,400X138,-0.06950760891569771,0.06950760891569771,128,400
M,400X139,-0.06103107124305174,0.06103107124305174,128,400
M,400X140,-0.08011122519666798,0.08011122519666798,128,400
M,400X141,-0.039497246691613315,0.039497246691613315,128,400
M,400X142,-0.06230652808244267,0.06230652808244267,128,400
M,400X144,-0.11075885170089937,0.11075885170089937,128,400
M,400X145,-0.2077098229329925,0.2077098229329925,128,400
M,400X146,-0.13174942094761213,0.13174942094761213,128,400
M,400X147,-0.13830225269369087,0.13830225269369087,128,400
M,400X148,-0.03503608698668462,0.03503608698668462,128,400
M,400X150,0.06642353262139186,0.06642353262139186,128,400
M,400X151,0.14335506803389864,0.14335506803389864,128,400
M,400X153,-0.2751035031538584,0.2751035031538584,128,400
M,400X154,-0.05003131851231546,0.05003131851231546,128,400
M,400X156,0.07362375969830713,0.07362375969830713,128,400
M,400X157,-0.007513742308934668,0.007513742308934668,128,400
M,400X158,0.07925557734872984,0.07925557734872984,128,400
M,400X159,0.15993474225108456,0.15993474225108456,128,400
M,400X160,-0.00191448769981537,0.00191448769981537,128,400
M,400X167,-0.44898869346391707,0.44898869346391707,128,400
M,400X168,-0.47722632486645095,0.47722632486645095,128,400
M,400X169,-0.47114175946364106,0.47114175946364106,128,400
M,400X170,-0.44493728857345294,0.44493728857345294,128,400
M,400X187,0.18860560434116405,0.18860560434116405,128,400
M,400X188,0.14066032368472117,0.14066032368472117,128,400
M,400X189,0.14066032368471293,0.14066032368471293,128,400
M,400X192,-0.10001742789279958,0.10001742789279958,128,400
M,400X193,-0.10230284154292649,0.10230284154292649,128,400
M,400X194,-0.05031129399173409,0.05031129399173409,128,400
M,400X195,-0.0993028686889815,0.0993028686889815,128,400
M,400X196,-0.1027459238135516,0.1027459238135516,128,400
M,400X197,-0.20573604108451715,0.20573604108451715,128,400
M,400X198,-0.13225231804966522,0.13225231804966522,128,400
M,400X199,0.020053873495269787,0.020053873495269787,128,400
M,400X200,-0.00021077128484135399,0.00021077128484135399,128,400
M,400X201,-0.10995498647374588,0.10995498647374588,128,400
M,400X202,-0.14745230549018348,0.14745230549018348,128,400
M,400X204,0.10854957663098627,0.10854957663098627,128,400
M,400X205,0.09076554211298199,0.09076554211298199,128,400
M,400X208,0.00016034450473576223,0.00016034450473576223,128,400
M,400X209,-0.003992322475879034,0.003992322475879034,128,400
M,400X210,-0.003068387659135269,0.003068387659135269,128,400
M,400X211,-0.020481420426957744,0.020481420426957744,128,400
M,400X212,-0.0061295705165045535,0.0061295705165045535,128,400
M,400X213,0.11881090381364659,0.11881090381364659,128,400
M,400X214,0.11330603462767928,0.11330603462767928,128,400
M,400X215,0.10308520857307461,0.10308520857307461,128,400
M,400X216,0.015592639855797587,0.015592639855797587,128,400
M,400X217,0.13499547229587086,0.13499547229587086,128,400
M,400X218,-0.4483035112219686,0.4483035112219686,128,400
M,400X219,-0.478140678358606,0.478140678358606,128,400
M,400X227,-0.05003131851230987,0.05003131851230987,128,400
M,400X228,-0.10577869967874472,0.10577869967874472,128,400
M,420X1,0.03255854602555389,0.03255854602555389,128,420
M,420X4,0.01091264676610836,0.01091264676610836,128,420
M,420X7,-0.4243641907562273,0.4243641907562273,128,420
M,420X8,-0.48006247629275456,0.48006247629275456,128,420
M,420X9,-0.4243829886073912,0.4243829886073912,128,420
M,420X12,0.09789440056275717,0.09789440056275717,128,420
M,420X13,0.052742710463340836,0.052742710463340836,128,420
M,420X14,0.09321441223629741,0.09321441223629741,128,420
M,420X15,0.10256318464874217,0.10256318464874217,128,420
M,420X16,0.03673571077266439,0.03673571077266439,128,420
M,420X19,-0.014269306943099325,0.014269306943099325,128,420
M,420X20,-0.007466821794678269,0.007466821794678269,128,420
M,420X21,0.1187854447489332,0.1187854447489332,128,420
M,420X22,-0.05625976058316323,0.05625976058316323,128,420
M,420X23,0.01239654624918661,0.01239654624918661,128,420
M,420X25,-0.4242703290360375,0.4242703290360375,128,420
M,420X27,-0.4243833639170483,0.4243833639170483,128,420
M,420X28,-0.06106044090027238,0.06106044090027238,128,420
M,420X30,-0.030706604377783803,0.030706604377783803,128,420
M,420X31,0.1281443790380856,0.1281443790380856,128,420
M,420X32,0.02336436615568527,0.02336436615568527,128,420
M,420X33,0.07811684558370309,0.07811684558370309,128,420
M,420X34,0.17701412509783024,0.17701412509783024,128,420
M,420X35,0.1607809331982942,0.1607809331982942,128,420
M,420X36,0.1261379665518019,0.1261379665518019,128,420
M,420X37,0.15904449487795416,0.15904449487795416,128,420
M,420X38,0.17344363419907668,0.17344363419907668,128,420
M,420X40,-0.09568545283606729,0.09568545283606729,128,420
M,420X48,-0.48006618414497937,0.48006618414497937,128,420
M,420X50,-0.48005933187205774,0.48005933187205774,128,420
M,420X66,-0.05406511945392454,0.05406511945392454,128,420
M,420X67,-0.05989637657014187,0.05989637657014187,128,420
M,420X68,-0.0574063332665755,0.0574063332665755,128,420
M,420X69,-0.05886445088664021,0.05886445088664021,128,420
M,420X70,-0.05430474958769385,0.05430474958769385,128,420
M,420X71,-0.05685885008848427,0.05685885008848427,128,420
M,420X72,-0.02537710075954037,0.02537710075954037,128,420
M,420X73,-0.05743035780266611,0.05743035780266611,128,420
M,420X74,-0.11750075702563861,0.11750075702563861,128,420
M,420X75,-0.03346099106550373,0.03346099106550373,128,420
M,420X76,-0.029500251130441222,0.029500251130441222,128,420
M,420X77,-0.0014545313315738793,0.0014545313315738793,128,420
M,420X78,-0.010350599595786967,0.010350599595786967,128,420
M,420X79,-0.05637120048008704,0.05637120048008704,128,420
M,420X80,-0.006721414741761685,0.006721414741761685,128,420
M,420X81,0.007795816952585871,0.007795816952585871,128,420
M,420X85,0.07042508026082249,0.07042508026082249,128,420
M,420X86,0.06972257263534495,0.06972257263534495,128,420
M,420X87,0.06752553929531717,0.06752553929531717,128,420
M,420X88,0.07169487424269301,0.07169487424269301,128,420
M,420X89,0.06998171678765863,0.06998171678765863,128,420
M,420X90,0.06921739295707147,0.06921739295707147,128,420
M,420X91,0.17593828347181323,0.17593828347181323,128,420
M,420X92,0.182966859863437,0.182966859863437,128,420
M,420X93,0.14849006574620027,0.14849006574620027,128,420
M,420X94,0.2337708910617546,0.2337708910617546,128,420
M,420X95,0.22847757651843015,0.22847757651843015,128,420
M,420X96,0.15660969294182617,0.15660969294182617,128,420
M,420X97,0.17411838366951837,0.17411838366951837,128,420
M,420X98,0.13216727314194293,0.13216727314194293,128,420
M,420X99,0.154122000740855,0.154122000740855,128,420
M,420X100,0.20873240205528118,0.20873240205528118,128,420
M,420X103,0.0868747904696384,0.0868747904696384,128,420
M,420X108,0.07589322054377068,0.07589322054377068,128,420
M,420X110,0.011340885543938129,0.011340885543938129,128,420
M,420X112,0.0005101156241443369,0.0005101156241443369,128,420
M,420X114,-0.09206087549575485,0.09206087549575485,128,420
M,420X115,-0.1396318959029374,0.1396318959029374,128,420
M,420X116,-0.12960982915286542,0.12960982915286542,128,420
M,420X117,-0.08223133401376825,0.08223133401376825,128,420
M,420X118,-0.106533025024333,0.106533025024333,128,420
M,420X120,-0.00667472166763326,0.00667472166763326,128,420
M,420X121,-0.04894485070917978,0.04894485070917978,128,420
M,420X122,0.12888736651779362,0.12888736651779362,128,420
M,420X123,0.028371639906361993,0.028371639906361993,128,420
M,420X124,-0.05722391321982092,0.05722391321982092,128,420
M,420X132,-0.009687629674178647,0.009687629674178647,128,420
M,420X133,-0.07843224126016607,0.07843224126016607,128,420
M,420X134,-0.07114254891911664,0.07114254891911664,128,420
M,420X135,-0.054130071803627215,0.054130071803627215,128,420
M,420X136,-0.11892293608090998,0.11892293608090998,128,420
M,420X138,-0.08336976120685066,0.08336976120685066,128,420
M,420X139,-0.058707159754972475,0.058707159754972475,128,420
M,420X140,-0.024994079496331697,0.024994079496331697,128,420
M,420X141,-0.08152463562003508,0.08152463562003508,128,420
M,420X142,-0.006211117991298332,0.006211117991298332,128,420
M,420X144,-0.022526787849269994,0.022526787849269994,128,420
M,420X145,-0.003886091800840808,0.003886091800840808,128,420
M,420X146,-0.07843224125987164,0.07843224125987164,128,420
M,420X147,0.04791625521884591,0.04791625521884591,128,420
M,420X148,-0.11252684789387798,0.11252684789387798,128,420
M,420X150,-0.02327020953980481,0.02327020953980481,128,420
M,420X151,0.02290495393700347,0.02290495393700347,128,420
M,420X152,-0.0021599058444481283,0.0021599058444481283,128,420
M,420X153,-0.06647426687129604,0.06647426687129604,128,420
M,420X154,-0.04326690326314424,0.04326690326314424,128,420
M,420X156,-0.002624388536714071,0.002624388536714071,128,420
M,420X157,0.026654359223685895,0.026654359223685895,128,420
M,420X158,-0.10702798448014433,0.10702798448014433,128,420
M,420X159,0.11703188575074293,0.11703188575074293,128,420
M,420X160,0.031990933753345566,0.031990933753345566,128,420
M,420X164,-0.48006618414497937,0.48006618414497937,128,420
M,420X187,0.1274455388103336,0.1274455388103336,128,420
M,420X188,-0.20696878521078751,0.20696878521078751,128,420
M,420X189,-0.2069687852107822,0.2069687852107822,128,420
M,420X192,-0.04255809411475849,0.04255809411475849,128,420
M,420X193,-0.047540244694687324,0.047540244694687324,128,420
M,420X194,-0.03838210965584395,0.03838210965584395,128,420
M,420X195,-0.04202328577762719,0.04202328577762719,128,420
M,420X196,-0.04237419510210007,0.04237419510210007,128,420
M,420X197,-0.08271308813744903,0.08271308813744903,128,420
M,420X198,-0.08640477708498306,0.08640477708498306,128,420
M,420X199,-0.07742670718212821,0.07742670718212821,128,420
M,420X200,0.09685271266587457,0.09685271266587457,128,420
M,420X201,-0.07083125221865162,0.07083125221865162,128,420
M,420X202,-0.09412081354635184,0.09412081354635184,128,420
M,420X205,-0.001963381907781415,0.001963381907781415,128,420
M,420X208,0.12631801682853128,0.12631801682853128,128,420
M,420X209,0.12769523123000082,0.12769523123000082,128,420
M,420X210,0.12548634607410009,0.12548634607410009,128,420
M,420X211,0.10051343652144484,0.10051343652144484,128,420
M,420X212,0.12326777159806135,0.12326777159806135,128,420
M,420X213,0.19343542935960928,0.19343542935960928,128,420
M,420X214,0.18049020337258637,0.18049020337258637,128,420
M,420X215,0.18561081249177944,0.18561081249177944,128,420
M,420X216,0.12101375113088725,0.12101375113088725,128,420
M,420X217,0.19170267223090648,0.19170267223090648,128,420
M,420X228,0.13660367249457328,0.13660367249457328,128,420
M,440AX2,-0.0537763853341024,0.0537763853341024,128,UNKNOWN
M,440AX4,-0.24068019435774177,0.24068019435774177,128,UNKNOWN
M,440AX5,-0.2401515773131099,0.2401515773131099,128,UNKNOWN
M,440AX6,-0.2413350809547826,0.2413350809547826,128,UNKNOWN
M,440AX7,-0.23771069312026055,0.23771069312026055,128,UNKNOWN
M,440AX8,-0.23598208894951517,0.23598208894951517,128,UNKNOWN
M,440AX9,-0.24044735242191256,0.24044735242191256,128,UNKNOWN
M,440AX10,-0.23756848032353298,0.23756848032353298,128,UNKNOWN
M,440AX11,-0.23584865068043187,0.23584865068043187,128,UNKNOWN
M,440AX12,-0.23967977492785297,0.23967977492785297,128,UNKNOWN
M,440AX13,-0.2403336644048263,0.2403336644048263,128,UNKNOWN
M,440AX14,-0.2402624029924086,0.2402624029924086,128,UNKNOWN
M,440AX15,-0.24054394124571452,0.24054394124571452,128,UNKNOWN
M,440AX16,-0.2282034263018322,0.2282034263018322,128,UNKNOWN
M,440AX17,-0.22880581309623618,0.22880581309623618,128,UNKNOWN
M,440AX18,-0.228807761599341,0.228807761599341,128,UNKNOWN
M,440AX19,-0.24446757610383132,0.24446757610383132,128,UNKNOWN
M,440AX20,-0.2453174596680751,0.2453174596680751,128,UNKNOWN
M,440AX21,-0.2436878309645326,0.2436878309645326,128,UNKNOWN
M,440AX22,-0.24221917688483266,0.24221917688483266,128,UNKNOWN
M,440AX23,-0.24115386905239405,0.24115386905239405,128,UNKNOWN
M,440AX24,-0.24414512140956204,0.24414512140956204,128,UNKNOWN
M,440AX25,-0.24187165563421875,0.24187165563421875,128,UNKNOWN
M,440AX26,-0.2415809830984283,0.2415809830984283,128,UNKNOWN
M,440AX27,-0.24219267685117055,0.24219267685117055,128,UNKNOWN
M,440AX28,-0.23766187761762056,0.23766187761762056,128,UNKNOWN
M,440AX29,-0.23661731316919318,0.23661731316919318,128,UNKNOWN
M,440AX30,-0.23798785743762094,0.23798785743762094,128,UNKNOWN
M,440AX31,-0.2385832117556939,0.2385832117556939,128,UNKNOWN
M,440AX32,-0.23673447536668946,0.23673447536668946,128,UNKNOWN
M,440AX33,-0.2389737557759392,0.2389737557759392,128,UNKNOWN
M,440AX34,-0.24180246116514253,0.24180246116514253,128,UNKNOWN
M,440AX35,-0.24150752749111018,0.24150752749111018,128,UNKNOWN
M,440AX36,-0.24211328486248537,0.24211328486248537,128,UNKNOWN
M,440AX37,-0.23969401486976047,0.23969401486976047,128,UNKNOWN
M,440AX38,-0.2390915532013898,0.2390915532013898,128,UNKNOWN
M,440AX39,-0.24021947352094553,0.24021947352094553,128,UNKNOWN
M,440AX40,-0.22960287072153981,0.22960287072153981,128,UNKNOWN
M,440AX41,-0.22854925882825167,0.22854925882825167,128,UNKNOWN
M,440AX42,-0.23070083212822726,0.23070083212822726,128,UNKNOWN
M,440AX43,-0.23830704889414941,0.23830704889414941,128,UNKNOWN
M,440AX44,-0.23673328364262855,0.23673328364262855,128,UNKNOWN
M,440AX45,-0.23894869990461542,0.23894869990461542,128,UNKNOWN
M,440AX46,-0.23948534942367652,0.23948534942367652,128,UNKNOWN
M,440AX47,-0.2390553701690846,0.2390553701690846,128,UNKNOWN
M,440AX48,-0.23983177738221245,0.23983177738221245,128,UNKNOWN
M,440AX49,-0.23990918107459208,0.23990918107459208,128,UNKNOWN
M,440AX50,-0.2385616486053551,0.2385616486053551,128,UNKNOWN
M,440AX51,-0.2418832568733155,0.2418832568733155,128,UNKNOWN
M,440AX55,-0.24875151268308168,0.24875151268308168,128,UNKNOWN
M,440AX56,-0.24840001642116882,0.24840001642116882,128,UNKNOWN
M,440AX57,-0.24899149874573367,0.24899149874573367,128,UNKNOWN
M,440AX58,-0.24228699883020888,0.24228699883020888,128,UNKNOWN
M,440AX59,-0.239657544080681,0.239657544080681,128,UNKNOWN
M,440AX60,-0.2455786790554982,0.2455786790554982,128,UNKNOWN
M,440AX61,-0.24093511895948022,0.24093511895948022,128,UNKNOWN
M,440AX62,-0.2330302356986887,0.2330302356986887,128,UNKNOWN
M,440AX63,-0.24770227731214622,0.24770227731214622,128,UNKNOWN
M,440AX64,-0.23918559031080866,0.23918559031080866,128,UNKNOWN
M,440AX65,-0.23870798966061776,0.23870798966061776,128,UNKNOWN
M,440AX66,-0.23954109365704743,0.23954109365704743,128,UNKNOWN
M,440AX67,-0.24437002277749537,0.24437002277749537,128,UNKNOWN
M,440AX68,-0.24387451337643815,0.24387451337643815,128,UNKNOWN
M,440AX69,-0.24520112561726126,0.24520112561726126,128,UNKNOWN
M,440AX70,-0.24651675388011202,0.24651675388011202,128,UNKNOWN
M,440AX71,-0.24424155256605962,0.24424155256605962,128,UNKNOWN
M,440AX72,-0.24873344323404756,0.24873344323404756,128,UNKNOWN
M,440AX73,-0.24646578738880073,0.24646578738880073,128,UNKNOWN
M,440AX74,-0.24668756993216323,0.24668756993216323,128,UNKNOWN
M,440AX75,-0.2462087714067924,0.2462087714067924,128,UNKNOWN
M,440AX76,-0.23797418819957739,0.23797418819957739,128,UNKNOWN
M,440AX77,-0.2371653982784417,0.2371653982784417,128,UNKNOWN
M,440AX78,-0.23852092099293704,0.23852092099293704,128,UNKNOWN
M,440AX79,-0.2439087208722457,0.2439087208722457,128,UNKNOWN
M,440AX80,-0.24014789438409168,0.24014789438409168,128,UNKNOWN
M,440AX81,-0.2444380599536899,0.2444380599536899,128,UNKNOWN
M,440AX82,-0.24559900472452423,0.24559900472452423,128,UNKNOWN
M,440AX83,-0.24061614427147304,0.24061614427147304,128,UNKNOWN
M,440AX84,-0.24718257437470859,0.24718257437470859,128,UNKNOWN
M,440AX85,-0.24190025017352762,0.24190025017352762,128,UNKNOWN
M,440AX86,-0.24052359187484484,0.24052359187484484,128,UNKNOWN
M,440AX87,-0.2433627328788809,0.2433627328788809,128,UNKNOWN
M,440AX88,-0.2421957285184974,0.2421957285184974,128,UNKNOWN
M,440AX89,-0.24204550959190094,0.24204550959190094,128,UNKNOWN
M,440AX90,-0.24236074610105213,0.24236074610105213,128,UNKNOWN
M,440AX91,-0.23942550174464267,0.23942550174464267,128,UNKNOWN
M,440AX92,-0.23617437033241817,0.23617437033241817,128,UNKNOWN
M,440AX93,-0.24090788564747814,0.24090788564747814,128,UNKNOWN
M,440AX94,-0.23319018264693658,0.23319018264693658,128,UNKNOWN
M,440AX95,-0.23103185724310032,0.23103185724310032,128,UNKNOWN
M,440AX96,-0.2361945173820539,0.2361945173820539,128,UNKNOWN
M,440AX97,-0.2414633654462668,0.2414633654462668,128,UNKNOWN
M,440AX98,-0.2413095840531537,0.2413095840531537,128,UNKNOWN
M,440AX99,-0.24159470951470563,0.24159470951470563,128,UNKNOWN
M,440AX100,-0.24303587792908515,0.24303587792908515,128,UNKNOWN
M,440AX101,-0.2427050642858714,0.2427050642858714,128,UNKNOWN
M,440AX102,-0.2431123815165891,0.2431123815165891,128,UNKNOWN
M,440AX106,0.05003131851226437,0.05003131851226437,128,UNKNOWN
M,440AX107,0.21439889417225863,0.21439889417225863,128,UNKNOWN
M,440AX108,0.23381042748680342,0.23381042748680342,128,UNKNOWN
M,440AX109,0.08437602175418715,0.08437602175418715,128,UNKNOWN
M,440AX110,0.0961653247170684,0.0961653247170684,128,UNKNOWN
M,440AX111,0.21077672852158413,0.21077672852158413,128,UNKNOWN
M,440AX112,-0.11838249800509949,0.11838249800509949,128,UNKNOWN
M,440AX113,0.1350784681097817,0.1350784681097817,128,UNKNOWN
M,440AX114,0.22309154257728098,0.22309154257728098,128,UNKNOWN
M,440AX115,-0.05334924584555642,0.05334924584555642,128,UNKNOWN
M,440AX116,0.25222835909073105,0.25222835909073105,128,UNKNOWN
M,440AX117,0.24897533658160423,0.24897533658160423,128,UNKNOWN
M,440AX118,0.2558614597607888,0.2558614597607888,128,UNKNOWN
M,440AX119,0.23744211837237444,0.23744211837237444,128,UNKNOWN
M,440AX120,0.23877409005265474,0.23877409005265474,128,UNKNOWN
M,440AX121,0.22877539964354288,0.22877539964354288,128,UNKNOWN
M,440AX122,0.17683707870474202,0.17683707870474202,128,UNKNOWN
M,440AX123,0.21899086476589627,0.21899086476589627,128,UNKNOWN
M,440AX124,0.0676397926092337,0.0676397926092337,128,UNKNOWN
M,440AX125,0.18451354845283335,0.18451354845283335,128,UNKNOWN
M,440AX126,0.21546552533513735,0.21546552533513735,128,UNKNOWN
M,440AX127,0.09723476082898899,0.09723476082898899,128,UNKNOWN
M,440AX128,0.24793883747788667,0.24793883747788667,128,UNKNOWN
M,440AX129,0.24568268634948556,0.24568268634948556,128,UNKNOWN
M,440AX130,0.24757791360383438,0.24757791360383438,128,UNKNOWN
M,440AX131,-0.07378434407000345,0.07378434407000345,128,UNKNOWN
M,440AX132,0.21810407322935277,0.21810407322935277,128,UNKNOWN
M,440AX133,-0.16302493650230448,0.16302493650230448,128,UNKNOWN
M,440AX134,-0.12694793775332167,0.12694793775332167,128,UNKNOWN
M,440AX135,0.20173167318848687,0.20173167318848687,128,UNKNOWN
M,440AX136,-0.1939839760181974,0.1939839760181974,128,UNKNOWN
M,440AX137,0.24465761548262743,0.24465761548262743,128,UNKNOWN
M,440AX138,0.2523118111080112,0.2523118111080112,128,UNKNOWN
M,440AX139,0.1577173875680893,0.1577173875680893,128,UNKNOWN
M,440AX140,0.2388659930760604,0.2388659930760604,128,UNKNOWN
M,440AX141,0.24205438175512495,0.24205438175512495,128,UNKNOWN
M,440AX142,0.23815727034581488,0.23815727034581488,128,UNKNOWN
M,440AX143,0.18163411072446606,0.18163411072446606,128,UNKNOWN
M,440AX144,0.2239565781294118,0.2239565781294118,128,UNKNOWN
M,440AX145,0.09160357727982767,0.09160357727982767,128,UNKNOWN
M,440AX146,0.12786677584632333,0.12786677584632333,128,UNKNOWN
M,440AX147,0.22514268481183555,0.22514268481183555,128,UNKNOWN
M,440AX148,-0.09236496847830569,0.09236496847830569,128,UNKNOWN
M,440AX149,0.24977873524482974,0.24977873524482974,128,UNKNOWN
M,440AX150,0.248197076274215,0.248197076274215,128,UNKNOWN
M,440AX151,0.25047157816196214,0.25047157816196214,128,UNKNOWN
M,440AX152,0.2399087245261512,0.2399087245261512,128,UNKNOWN
M,440AX153,0.24083158249396416,0.24083158249396416,128,UNKNOWN
M,440AX154,0.23970825368520965,0.23970825368520965,128,UNKNOWN
M,440AX158,0.035355339059295214,0.035355339059295214,128,UNKNOWN
M,440AX159,0.24534048029138472,0.24534048029138472,128,UNKNOWN
M,440AX160,0.2459995434365899,0.2459995434365899,128,UNKNOWN
M,440AX161,0.24453046066648115,0.24453046066648115,128,UNKNOWN
M,440AX162,0.22957269986875867,0.22957269986875867,128,UNKNOWN
M,440AX163,0.23459420448137314,0.23459420448137314,128,UNKNOWN
M,440AX164,0.22769237555359573,0.22769237555359573,128,UNKNOWN
M,440AX165,0.24127993525440683,0.24127993525440683,128,UNKNOWN
M,440AX166,0.24237595790813843,0.24237595790813843,128,UNKNOWN
M,440AX167,0.24093341340525387,0.24093341340525387,128,UNKNOWN
M,440AX168,0.24906295564207567,0.24906295564207567,128,UNKNOWN
M,440AX169,0.24890568577028546,0.24890568577028546,128,UNKNOWN
M,440AX170,0.24908946168332527,0.24908946168332527,128,UNKNOWN
M,440AX171,0.24683926010615442,0.24683926010615442,128,UNKNOWN
M,440AX172,0.24696103671206898,0.24696103671206898,128,UNKNOWN
M,440AX173,0.24628101073828207,0.24628101073828207,128,UNKNOWN
M,440AX174,0.24385894603351232,0.24385894603351232,128,UNKNOWN
M,440AX175,0.24282881545268425,0.24282881545268425,128,UNKNOWN
M,440AX176,0.24534137105998305,0.24534137105998305,128,UNKNOWN
M,440AX177,0.2455400090726341,0.2455400090726341,128,UNKNOWN
M,440AX178,0.24492048521964052,0.24492048521964052,128,UNKNOWN
M,440AX179,0.2459115061452318,0.2459115061452318,128,UNKNOWN
M,440AX180,0.24913408973561071,0.24913408973561071,128,UNKNOWN
M,440AX181,0.2489066428362393,0.2489066428362393,128,UNKNOWN
M,440AX182,0.2499753942929635,0.2499753942929635,128,UNKNOWN
M,440AX183,0.23900007040854643,0.23900007040854643,128,UNKNOWN
M,440AX184,0.24039329987433491,0.24039329987433491,128,UNKNOWN
M,440AX185,0.23835391166722397,0.23835391166722397,128,UNKNOWN
M,440AX186,0.24235402086093846,0.24235402086093846,128,UNKNOWN
M,440AX187,0.24501972305774355,0.24501972305774355,128,UNKNOWN
M,440AX188,0.2426761104405518,0.2426761104405518,128,UNKNOWN
M,440AX189,0.2490092908823969,0.2490092908823969,128,UNKNOWN
M,440AX190,0.24861217604016253,0.24861217604016253,128,UNKNOWN
M,440AX191,0.2485113954652747,0.2485113954652747,128,UNKNOWN
M,440AX192,0.24924433204121543,0.24924433204121543,128,UNKNOWN
M,440AX193,0.24966184003410047,0.24966184003410047,128,UNKNOWN
M,440AX194,0.24866723983550987,0.24866723983550987,128,UNKNOWN
M,440AX195,0.2334652935711646,0.2334652935711646,128,UNKNOWN
M,440AX196,0.23173189577224712,0.23173189577224712,128,UNKNOWN
M,440AX197,0.23557197573242264,0.23557197573242264,128,UNKNOWN
M,440AX198,0.2463590622184974,0.2463590622184974,128,UNKNOWN
M,440AX199,0.24330850857753175,0.24330850857753175,128,UNKNOWN
M,440AX200,0.24835408616743815,0.24835408616743815,128,UNKNOWN
M,440AX201,0.249489331947015,0.249489331947015,128,UNKNOWN
M,440AX202,0.24869865514209802,0.24869865514209802,128,UNKNOWN
M,440AX203,0.2499741207375642,0.2499741207375642,128,UNKNOWN
M,440AX204,0.24883901119995314,0.24883901119995314,128,UNKNOWN
M,440AX205,0.2494335150592615,0.2494335150592615,128,UNKNOWN
M,440AX206,0.24848110449436178,0.24848110449436178,128,UNKNOWN
M,440AX207,-0.24430631594846977,0.24430631594846977,128,UNKNOWN
M,440AX210,-0.03858043642201241,0.03858043642201241,128,UNKNOWN
M,440AX211,0.09092505576841264,0.09092505576841264,128,UNKNOWN
M,440AX212,0.2447957058340681,0.2447957058340681,128,UNKNOWN
M,Tool (#5),-0.19613170326285104,0.19613170326285104,128,UNKNOWN
M,520X1,-0.1805655517828596,0.1805655517828596,128,520
M,520X3,-0.11159911938314053,0.11159911938314053,128,520
M,520X6,-0.08404890902441646,0.08404890902441646,128,520
M,520X7,-0.06122825802040975,0.06122825802040975,128,520
M,520X8,0.1283560817948904,0.1283560817948904,128,520
M,520X11,0.13893331413749244,0.13893331413749244,128,520
M,520X12,0.10472239739556563,0.10472239739556563,128,520
M,520X13,0.1410659714121927,0.1410659714121927,128,520
M,520X16,-0.07687063198631568,0.07687063198631568,128,520
M,520X17,-0.1132347823320453,0.1132347823320453,128,520
M,520X18,-0.05071562122694565,0.05071562122694565,128,520
M,520X19,0.13893331413747592,0.13893331413747592,128,520
M,520X21,0.13810299431729825,0.13810299431729825,128,520
M,520X22,0.12950013348781972,0.12950013348781972,128,520
M,520X23,0.15363843460261323,0.15363843460261323,128,520
M,520X24,0.1389333141374732,0.1389333141374732,128,520
M,520X26,0.13893331413749244,0.13893331413749244,128,520
M,520X27,0.1565917940603163,0.1565917940603163,128,520
M,520X28,0.11743923980741358,0.11743923980741358,128,520
M,520X31,-0.25256886714503074,0.25256886714503074,128,520
M,520X32,-0.22086361061362297,0.22086361061362297,128,520
M,520X33,-0.22024229752649324,0.22024229752649324,128,520
M,520X34,0.13893331413749244,0.13893331413749244,128,520
M,520X36,0.13626264802978644,0.13626264802978644,128,520
M,520X37,0.09870670446599286,0.09870670446599286,128,520
M,520X38,0.12318165492212536,0.12318165492212536,128,520
M,520X39,0.13893331413749244,0.13893331413749244,128,520
M,520X41,0.09858042711769184,0.09858042711769184,128,520
M,520X42,0.08861475975119933,0.08861475975119933,128,520
M,520X43,0.06602166375598854,0.06602166375598854,128,520
M,520X44,0.13893331413749244,0.13893331413749244,128,520
M,520X46,-0.1844773776798301,0.1844773776798301,128,520
M,520X47,-0.17617333553795736,0.17617333553795736,128,520
M,520X48,-0.19577253599428213,0.19577253599428213,128,520
M,520X49,-0.13893331413749244,0.13893331413749244,128,520
M,520X51,-0.10895993429484864,0.10895993429484864,128,520
M,520X52,-0.09864003627338283,0.09864003627338283,128,520
M,520X53,-0.042272148119333025,0.042272148119333025,128,520
M,520X56,0.13659917967958546,0.13659917967958546,128,520
M,520X57,0.09278551849190206,0.09278551849190206,128,520
M,520X58,0.13079506178469708,0.13079506178469708,128,520
M,520X59,0.13893331413749244,0.13893331413749244,128,520
M,520X61,-0.12284713302476871,0.12284713302476871,128,520
M,520X62,-0.11679171966002551,0.11679171966002551,128,520
M,520X63,-0.10253388523260834,0.10253388523260834,128,520
M,520X64,-0.13893331413749244,0.13893331413749244,128,520
M,520X66,0.12191607983857079,0.12191607983857079,128,520
M,520X67,0.13517272545800357,0.13517272545800357,128,520
M,520X68,0.10205566229201542,0.10205566229201542,128,520
M,520X69,0.13893331413749244,0.13893331413749244,128,520
M,520X71,0.19368273008923617,0.19368273008923617,128,520
M,520X72,0.13269487175438197,0.13269487175438197,128,520
M,520X73,0.14922338770789803,0.14922338770789803,128,520
M,520X74,0.13893331413749244,0.13893331413749244,128,520
M,520X76,-0.19374371556787504,0.19374371556787504,128,520
M,520X77,-0.1887807814746527,0.1887807814746527,128,520
M,520X78,-0.17584549232568,0.17584549232568,128,520
M,520X79,-0.13893331413749244,0.13893331413749244,128,520
M,520X81,0.10646419912142385,0.10646419912142385,128,520
M,520X82,0.11321205964319202,0.11321205964319202,128,520
M,520X83,0.10770265101662131,0.10770265101662131,128,520
M,520X84,0.13893331413749244,0.13893331413749244,128,520
M,520X86,0.14398251402140302,0.14398251402140302,128,520
M,520X87,0.09587983895269832,0.09587983895269832,128,520
M,520X88,0.06364309986178926,0.06364309986178926,128,520
M,520X89,0.13893331413749244,0.13893331413749244,128,520
M,520X91,-0.11036083850913159,0.11036083850913159,128,520
M,520X92,-0.03120419814099848,0.03120419814099848,128,520
M,520X93,-0.16844685313049493,0.16844685313049493,128,520
M,520X94,0.13893331413749244,0.13893331413749244,128,520
M,520X96,0.13112510397924348,0.13112510397924348,128,520
M,520X97,0.13462452753423934,0.13462452753423934,128,520
M,520X98,0.15216027749705963,0.15216027749705963,128,520
M,520X99,0.13893331413749244,0.13893331413749244,128,520
M,520X101,0.1361264851972842,0.1361264851972842,128,520
M,520X102,0.14098324138990062,0.14098324138990062,128,520
M,520X103,0.11923982940629249,0.11923982940629249,128,520
M,520X104,0.13893331413749244,0.13893331413749244,128,520
M,520X106,0.15767153748780122,0.15767153748780122,128,520
M,520X107,0.22008489368226614,0.22008489368226614,128,520
M,520X108,0.16862839026024196,0.16862839026024196,128,520
M,520X109,0.13893331413749244,0.13893331413749244,128,520
M,520X111,0.1433433909665758,0.1433433909665758,128,520
M,520X112,0.13496030614537402,0.13496030614537402,128,520
M,520X113,0.12594693237861299,0.12594693237861299,128,520
M,520X114,0.13893331413749244,0.13893331413749244,128,520
M,520X117,-0.13893331413749244,0.13893331413749244,128,520
M,520X118,-0.16425413129190058,0.16425413129190058,128,520
M,520X119,-0.03190885364384619,0.03190885364384619,128,520
M,520X123,-0.08909521221703237,0.08909521221703237,128,520
M,520X124,-0.026765910255860025,0.026765910255860025,128,520
M,520X128,0.13893331413749244,0.13893331413749244,128,520
M,520X129,0.14214977091542771,0.14214977091542771,128,520
M,520X130,0.13240346219160598,0.13240346219160598,128,520
M,520X134,0.18434218996423446,0.18434218996423446,128,520
M,520X135,0.13121537374861053,0.13121537374861053,128,520
M,520X137,0.09074220015077294,0.09074220015077294,128,520
M,520X140,-0.15282710649238915,0.15282710649238915,128,520
M,520X143,-0.2378144345145084,0.2378144345145084,128,520
M,520X144,-0.18462368464561074,0.18462368464561074,128,520
M,520X148,-0.3301744351599543,0.3301744351599543,128,520
M,520X152,-0.33101362592953515,0.33101362592953515,128,520
M,520X158,-0.084571617892321,0.084571617892321,128,520
M,520X159,-0.09161774871148315,0.09161774871148315,128,520
M,520X160,-0.08484419105743894,0.08484419105743894,128,520
M,520X161,-0.07550920138682475,0.07550920138682475,128,520
M,520X162,-0.07430503208923227,0.07430503208923227,128,520
M,520X165,0.2710392068615289,0.2710392068615289,128,520
M,520X166,0.16061114083915848,0.16061114083915848,128,520
M,520X167,0.2381214876669062,0.2381214876669062,128,520
M,520X168,0.04789228696009069,0.04789228696009069,128,520
M,520X169,0.2635689231810256,0.2635689231810256,128,520
M,520X171,-0.32712298457580913,0.32712298457580913,128,520
M,520X173,-0.3301229854405256,0.3301229854405256,128,520
M,520X174,0.07199241181052295,0.07199241181052295,128,520
M,520X176,-0.1431129516472972,0.1431129516472972,128,520
M,520X177,-0.12289567184538967,0.12289567184538967,128,520
M,520X178,-0.22322148360326857,0.22322148360326857,128,520
M,520X179,-0.20850465481070227,0.20850465481070227,128,520
M,520X180,0.1579011167113814,0.1579011167113814,128,520
M,520X181,0.09484631014278008,0.09484631014278008,128,520
M,520X182,0.15817346954239075,0.15817346954239075,128,520
M,520X183,0.16791751272428998,0.16791751272428998,128,520
M,520X184,0.17814483989528213,0.17814483989528213,128,520
M,520X186,-0.18425762221021155,0.18425762221021155,128,520
M,520X230,-0.03968783469217487,0.03968783469217487,128,520
M,520X231,-0.038613347796842605,0.038613347796842605,128,520
M,520X232,-0.04023160051594024,0.04023160051594024,128,520
M,520X233,-0.03752424127282289,0.03752424127282289,128,520
M,520X234,-0.03887587350873422,0.03887587350873422,128,520
M,520X235,-0.03924481259841376,0.03924481259841376,128,520
M,520X236,-0.06584544511697449,0.06584544511697449,128,520
M,520X237,-0.14278434009384347,0.14278434009384347,128,520
M,520X238,-0.03978273356453051,0.03978273356453051,128,520
M,520X239,-0.17880571857330055,0.17880571857330055,128,520
M,520X240,-0.11397001239000636,0.11397001239000636,128,520
M,520X241,-0.0009447065880337669,0.0009447065880337669,128,520
M,520X242,-0.11933756245483305,0.11933756245483305,128,520
M,520X243,-0.023125303906252306,0.023125303906252306,128,520
M,520X244,-0.11109571891291874,0.11109571891291874,128,520
M,520X245,-0.058908702192860554,0.058908702192860554,128,520
M,520X246,-0.1846247649118869,0.1846247649118869,128,520
M,520X248,-0.3301754345169822,0.3301754345169822,128,520
M,520X250,-0.33014160201383547,0.33014160201383547,128,520
M,520X252,-0.012699790406630782,0.012699790406630782,128,520
M,520X253,-0.014470495278508046,0.014470495278508046,128,520
M,520X254,-0.012705237056991565,0.012705237056991565,128,520
M,520X255,-0.01688023393035683,0.01688023393035683,128,520
M,520X256,-0.013479844072671183,0.013479844072671183,128,520
M,520X257,-0.014816545169001953,0.014816545169001953,128,520
M,520X258,0.0125756847060221,0.0125756847060221,128,520
M,520X259,0.018151155867809098,0.018151155867809098,128,520
M,520X260,0.08843262880926572,0.08843262880926572,128,520
M,520X261,-0.01090353558067088,0.01090353558067088,128,520
M,520X262,0.11710586659719954,0.11710586659719954,128,520
M,520X263,0.006744003580743701,0.006744003580743701,128,520
M,520X264,0.0002668537685694492,0.0002668537685694492,128,520
M,520X265,-0.003272507939941367,0.003272507939941367,128,520
M,520X266,0.011751253496887045,0.011751253496887045,128,520
M,520X267,0.009154394313364346,0.009154394313364346,128,520
M,520X281,-0.2963069734665629,0.2963069734665629,128,520
M,520X282,-0.19391480125147212,0.19391480125147212,128,520
M,520X283,-0.23765399844875776,0.23765399844875776,128,520
M,520X284,-0.13760923072129447,0.13760923072129447,128,520
M,520X285,-0.24870125592857015,0.24870125592857015,128,520
M,520X287,-0.0389330349225286,0.0389330349225286,128,520
M,520X288,-0.14762184241140147,0.14762184241140147,128,520
M,520X289,-0.05081667358456769,0.05081667358456769,128,520
M,520X290,-0.07166467588088188,0.07166467588088188,128,520
M,520X291,-0.011956730159145106,0.011956730159145106,128,520
M,520X293,-0.13311094509697255,0.13311094509697255,128,520
M,520X294,-0.16385180298489593,0.16385180298489593,128,520
M,520X295,-0.14102810562032897,0.14102810562032897,128,520
M,520X296,-0.14277810728456464,0.14277810728456464,128,520
M,520X297,-0.16020411843759258,0.16020411843759258,128,520
M,520X305,0.04799107312347252,0.04799107312347252,128,520
M,520X306,0.03279725169305752,0.03279725169305752,128,520
M,520X307,-0.040817290633773665,0.040817290633773665,128,520
M,520X308,-0.022196388297488264,0.022196388297488264,128,520
M,520X309,0.04061141420015554,0.04061141420015554,128,520
M,520X311,0.06072650958975913,0.06072650958975913,128,520
M,520X312,0.11026188584041872,0.11026188584041872,128,520
M,520X313,0.030350815550260986,0.030350815550260986,128,520
M,520X314,0.1692709915116215,0.1692709915116215,128,520
M,520X315,0.08117086549150751,0.08117086549150751,128,520
M,520X317,0.019478061365957762,0.019478061365957762,128,520
M,520X318,0.04245062864716821,0.04245062864716821,128,520
M,520X319,0.011820501524364866,0.011820501524364866,128,520
M,520X320,0.11089648528391186,0.11089648528391186,128,520
M,520X321,0.015869517657005967,0.015869517657005967,128,520
M,520X323,0.19902106981245055,0.19902106981245055,128,520
M,520X324,0.17597234761117314,0.17597234761117314,128,520
M,520X325,0.16533769834627526,0.16533769834627526,128,520
M,520X326,0.17141260995353697,0.17141260995353697,128,520
M,520X327,0.1480162996755737,0.1480162996755737,128,520
M,520X329,0.018543363556829038,0.018543363556829038,128,520
M,520X330,0.05388992535318323,0.05388992535318323,128,520
M,520X331,-0.009050051987752572,0.009050051987752572,128,520
M,520X332,-0.013855926876091577,0.013855926876091577,128,520
M,520X333,0.016232159180854574,0.016232159180854574,128,520
M,520X345,-0.20377993085293689,0.20377993085293689,128,520
M,520X346,-0.33014168769657204,0.33014168769657204,128,520
M,520X348,-0.330112197681848,0.330112197681848,128,520
M,520X351,-0.18173635581607686,0.18173635581607686,128,520
M,520X353,-0.18462260443391992,0.18462260443391992,128,520
M,520X375,0.03535533905932776,0.03535533905932776,128,520
M,520X376,-0.06698509597060909,0.06698509597060909,128,520
M,520X377,-0.06642353262139421,0.06642353262139421,128,520
M,Chamber,0.009255181595539931,0.009255181595539931,128,UNKNOWN
M,520X380,0.04884513509057089,0.04884513509057089,128,520
M,520X381,0.048845135090570875,0.048845135090570875,128,520
M,520X387,0.11503178349363655,0.11503178349363655,128,520
M,520X388,0.10652103106511089,0.10652103106511089,128,520
M,520X389,0.10936166553993837,0.10936166553993837,128,520
M,520X390,0.11799633346349514,0.11799633346349514,128,520
M,520X391,0.11478165488020456,0.11478165488020456,128,520
M,520X392,0.039493988376638915,0.039493988376638915,128,520
M,520X393,0.044570482667302916,0.044570482667302916,128,520
M,520X394,0.0791981345642008,0.0791981345642008,128,520
M,520X395,0.06596635019560992,0.06596635019560992,128,520
M,520X396,0.03997979999181128,0.03997979999181128,128,520
M,520X397,0.07938251113196787,0.07938251113196787,128,520
M,520X399,-0.032197734172178374,0.032197734172178374,128,520
M,520X400,0.12449803625102272,0.12449803625102272,128,520
M,520X403,0.1259195817261885,0.1259195817261885,128,520
M,520X404,0.13441686103300815,0.13441686103300815,128,520
M,520X405,0.12554081234950734,0.12554081234950734,128,520
M,520X406,0.16107818482995195,0.16107818482995195,128,520
M,520X407,0.12945204097407007,0.12945204097407007,128,520
M,520X408,0.0489893624788067,0.0489893624788067,128,520
M,520X409,0.02507897126115744,0.02507897126115744,128,520
M,520X410,-0.028120535840752733,0.028120535840752733,128,520
M,520X411,-0.04854789630571605,0.04854789630571605,128,520
M,520X412,0.04683284955238105,0.04683284955238105,128,520
M,520X432,-0.08611717725228095,0.08611717725228095,128,520
M,750X1,0.2496174660704938,0.2496174660704938,128,750
M,750X3,0.03651710563812553,0.03651710563812553,128,750
M,750X14,-0.08030690393828913,0.08030690393828913,128,750
M,750X23,-0.09941863749902526,0.09941863749902526,128,750
M,750X25,-0.13516848645927398,0.13516848645927398,128,750
M,750X34,-0.2137567265497145,0.2137567265497145,128,750
M,750X45,0.20875774707804645,0.20875774707804645,128,750
M,750X47,0.28290775850127814,0.28290775850127814,128,750
M,750X58,-0.031272907123432905,0.031272907123432905,128,750
M,750X69,0.07274262971397948,0.07274262971397948,128,750
M,750X80,0.059547107302813165,0.059547107302813165,128,750
M,750X91,0.1398619902194642,0.1398619902194642,128,750
M,750X100,-0.15972522016804652,0.15972522016804652,128,750
M,750X109,-0.168373031550702,0.168373031550702,128,750
M,750X111,0.0742716873179386,0.0742716873179386,128,750
M,750X115,-0.012456582445893857,0.012456582445893857,128,750
M,750X117,-0.11419175604898839,0.11419175604898839,128,750
M,750X125,-0.13389161868816213,0.13389161868816213,128,750
M,750X131,0.03091845894315336,0.03091845894315336,128,750
M,750X133,-0.18086096993277068,0.18086096993277068,128,750
M,750X141,-0.19704763987555987,0.19704763987555987,128,750
M,750X149,-0.20548920035347776,0.20548920035347776,128,750
M,750X155,-0.16810976703150776,0.16810976703150776,128,750
M,750X157,-0.2502438139377742,0.2502438139377742,128,750
M,750X165,-0.31587277726592317,0.31587277726592317,128,750
M,750X176,-0.22216340627958017,0.22216340627958017,128,750
M,750X185,0.021091886834976228,0.021091886834976228,128,750
M,750X187,-0.1287629033973516,0.1287629033973516,128,750
M,750X198,-0.09617735960690883,0.09617735960690883,128,750
M,750X211,-0.011406422106624535,0.011406422106624535,128,750
M,750X219,-0.08342560985729511,0.08342560985729511,128,750
M,750X228,-0.294067837442127,0.294067837442127,128,750
M,750X230,-0.08430164896973033,0.08430164896973033,128,750
M,750X241,-0.10193139740207044,0.10193139740207044,128,750
M,750X252,-0.09696327506951448,0.09696327506951448,128,750
M,750X261,-0.05042236894325303,0.05042236894325303,128,750
M,750X263,-0.13375570609931314,0.13375570609931314,128,750
M,750X274,-0.10699151663381484,0.10699151663381484,128,750
M,750X285,-0.0690060987669215,0.0690060987669215,128,750
M,750X294,-0.14393283642031512,0.14393283642031512,128,750
M,750X296,0.01159002057997911,0.01159002057997911,128,750
M,750X307,0.06708159190597035,0.06708159190597035,128,750
M,750X318,0.07511593698487196,0.07511593698487196,128,750
M,750X327,-0.22447471485550913,0.22447471485550913,128,750
M,750X329,-0.11397699751013604,0.11397699751013604,128,750
M,750X335,-0.02106478404381113,0.02106478404381113,128,750
M,750X337,0.0623217414561465,0.0623217414561465,128,750
M,750X348,0.021691280612551024,0.021691280612551024,128,750
M,750X359,0.0091704764622667,0.0091704764622667,128,750
M,750X368,-0.11276284223765191,0.11276284223765191,128,750
M,750X370,-0.005555551389629924,0.005555551389629924,128,750
M,750X381,-0.06763115748895504,0.06763115748895504,128,750
M,750X392,-0.1568951906648151,0.1568951906648151,128,750
M,750X401,0.13587489666607266,0.13587489666607266,128,750
M,750X403,-0.19458270253813298,0.19458270253813298,128,750
M,750X414,-0.22157564209402006,0.22157564209402006,128,750
M,750X425,-0.2449666607982487,0.2449666607982487,128,750
M,750X434,-0.06437056837776318,0.06437056837776318,128,750
M,750X436,-0.23950955454134487,0.23950955454134487,128,750
M,750X447,-0.21458537391643775,0.21458537391643775,128,750
M,750X455,-0.24682329091403607,0.24682329091403607,128,750
M,750X466,-0.20790986140387588,0.20790986140387588,128,750
M,750X475,0.16986458952898778,0.16986458952898778,128,750
M,750X477,-0.16983460141872606,0.16983460141872606,128,750
M,750X488,-0.1345370070155666,0.1345370070155666,128,750
M,750X499,-0.115454949128077,0.115454949128077,128,750
M,750X508,0.2423802329063907,0.2423802329063907,128,750
M,750X510,-0.12419040354882672,0.12419040354882672,128,750
M,750X521,-0.192452259776443,0.192452259776443,128,750
M,750X532,-0.23309049521261685,0.23309049521261685,128,750
M,750X541,0.1339524096414562,0.1339524096414562,128,750
M,750X543,-0.24687759040044932,0.24687759040044932,128,750
M,750X554,-0.21439602215235745,0.21439602215235745,128,750
M,750X565,-0.22426968685056134,0.22426968685056134,128,750
M,750X573,-0.2097353366902826,0.2097353366902826,128,750
M,750X582,0.10634023786704375,0.10634023786704375,128,750
M,750X584,-0.20112212951241973,0.20112212951241973,128,750
M,750X595,-0.13450023997345326,0.13450023997345326,128,750
M,750X605,-0.041755883046583925,0.041755883046583925,128,750
M,750X611,0.09467748217642181,0.09467748217642181,128,750
M,750X613,0.013093571468041581,0.013093571468041581,128,750
M,750X621,0.0022131034158420462,0.0022131034158420462,128,750
M,750X629,-0.07769175394335266,0.07769175394335266,128,750
M,750X635,-0.22200594981031005,0.22200594981031005,128,750
M,750X637,-0.07679556740283594,0.07679556740283594,128,750
M,750X645,-0.08289251504520567,0.08289251504520567,128,750
M,750X653,-0.05608755205635022,0.05608755205635022,128,750
M,750X659,0.08773616706736016,0.08773616706736016,128,750
M,750X661,-0.11633240303840355,0.11633240303840355,128,750
M,750X669,-0.07582033032155157,0.07582033032155157,128,750
M,750X677,-0.047665216363074386,0.047665216363074386,128,750
M,750X685,-0.056679123837995136,0.056679123837995136,128,750
M,750X696,0.1872644718009712,0.1872644718009712,128,750
M,750X702,-0.18786668224008365,0.18786668224008365,128,750
M,750X704,0.18965990309584863,0.18965990309584863,128,750
M,750X710,-0.5496117571061835,0.5496117571061835,128,750
M,750X741,0.014457752804679948,0.014457752804679948,128,750
M,750X743,-0.19799026236010006,0.19799026236010006,128,750
M,750X763,-0.08410961164381636,0.08410961164381636,128,750
M,750X765,-0.2604204030322056,0.2604204030322056,128,750
M,750X776,0.027515162415242,0.027515162415242,128,750
M,750X785,-0.18928061959693815,0.18928061959693815,128,750
M,750X853,0.02127235659913869,0.02127235659913869,128,750
M,750X885,0.3868468576933409,0.3868468576933409,128,750
M,750X896,0.03654487912712314,0.03654487912712314,128,750
M,750X971,0.011615480267360494,0.011615480267360494,128,750
M,750X984,0.2324913453870508,0.2324913453870508,128,750
M,750X987,0.20078833337664598,0.20078833337664598,128,750
M,750X995,0.2020917565535896,0.2020917565535896,128,750
M,750X1006,-0.06508783632673677,0.06508783632673677,128,750
M,750X1017,-0.0478715874640423,0.0478715874640423,128,750
M,750X1028,-0.01347628073217339,0.01347628073217339,128,750
M,750X1039,0.13010628461844334,0.13010628461844334,128,750
M,750X1050,0.05646146326044079,0.05646146326044079,128,750
M,750X1061,0.1564794455206835,0.1564794455206835,128,750
M,750X1072,0.15686905615905425,0.15686905615905425,128,750
M,750X1083,0.14573289736676032,0.14573289736676032,128,750
M,750X1094,0.11261729543687901,0.11261729543687901,128,750
M,750X1105,0.18885751017795666,0.18885751017795666,128,750
M,750X1116,-0.13339745399674782,0.13339745399674782,128,750
M,750X1127,0.14793198624670623,0.14793198624670623,128,750
M,750X1138,0.041128363553136635,0.041128363553136635,128,750
M,750X1146,-0.11043432223873224,0.11043432223873224,128,750
M,750X1152,-0.21400579697450017,0.21400579697450017,128,750
M,750X1164,0.09188498142713149,0.09188498142713149,128,750
M,750X1190,-0.18246233167052736,0.18246233167052736,128,750
M,750X1201,-0.06529255854658271,0.06529255854658271,128,750
M,750X1212,0.14107023103369662,0.14107023103369662,128,750
M,750X1245,-0.25569173084699404,0.25569173084699404,128,750
M,750X1267,0.1748261753841615,0.1748261753841615,128,750
M,750X1278,-0.027695908462170446,0.027695908462170446,128,750
M,750X1288,-0.004256906568299629,0.004256906568299629,128,750
M,750X1291,-0.5494303455632328,0.5494303455632328,128,750
M,750X1297,0.16571511262982996,0.16571511262982996,128,750
M,750X1305,-0.068203235796752,0.068203235796752,128,750
M,750X1313,0.005317303827261911,0.005317303827261911,128,750
M,750X1321,0.01549116408949485,0.01549116408949485,128,750
M,750X1329,0.01270288447550929,0.01270288447550929,128,750
M,750X1337,0.00874309569793299,0.00874309569793299,128,750
M,750X1356,-0.17267218842125995,0.17267218842125995,128,750
M,750X1364,0.16893977087115886,0.16893977087115886,128,750
M,750X1383,-0.03949881279461732,0.03949881279461732,128,750
M,750X1391,0.07043917741746199,0.07043917741746199,128,750
N,210X1,0.26258488914320305,0.26258488914320305,266,210
N,210X2,0.18866083121421862,0.18866083121421862,266,210
N,210X3,0.17520717119980397,0.17520717119980397,266,210
N,210X4,0.6881699671477837,0.6881699671477837,266,210
N,210X5,0.2929811163831414,0.2929811163831414,266,210
N,210X6,0.3153256964178776,0.3153256964178776,266,210
N,210X7,1.2701112176612195,1.2701112176612195,266,210
N,210X8,-1.078042136060611,1.078042136060611,266,210
N,210X9,-0.8492431318579416,0.8492431318579416,266,210
N,210X10,-0.3357478662964126,0.3357478662964126,266,210
N,210X11,0.06990247862444426,0.06990247862444426,266,210
N,210X12,0.15897428410461556,0.15897428410461556,266,210
N,210X13,-0.19493251858787022,0.19493251858787022,266,210
N,210X14,0.00044745416598985485,0.00044745416598985485,266,210
N,210X15,-0.1806457764881811,0.1806457764881811,266,210
N,210X16,0.059832367368801036,0.059832367368801036,266,210
N,210X18,0.5346175421726733,0.5346175421726733,266,210
N,210X19,0.050902459454604025,0.050902459454604025,266,210
N,210X20,-0.05704812694394576,0.05704812694394576,266,210
N,210X21,-0.14222026330524115,0.14222026330524115,266,210
N,210X23,-0.10529592692106286,0.10529592692106286,266,210
N,210X24,0.07540183010825964,0.07540183010825964,266,210
N,210X25,-0.7907704831907442,0.7907704831907442,266,210
N,210X26,-0.8535692261387349,0.8535692261387349,266,210
N,210X27,0.737351532845865,0.737351532845865,266,210
N,210X28,0.29323282123920175,0.29323282123920175,266,210
N,210X29,0.027690836272417273,0.027690836272417273,266,210
N,210X30,0.14444321230896798,0.14444321230896798,266,210
N,210X32,0.01962230556403748,0.01962230556403748,266,210
N,210X33,0.032288337741259714,0.032288337741259714,266,210
N,210X34,0.018028165962428833,0.018028165962428833,266,210
N,210X35,0.04533371844166247,0.04533371844166247,266,210
N,210X36,0.012638757041150783,0.012638757041150783,266,210
N,210X39,0.2777588069737262,0.2777588069737262,266,210
N,210X40,-0.9900239493294843,0.9900239493294843,266,210
N,210X41,-1.0236637909713358,1.0236637909713358,266,210
N,210X42,-1.010692615630541,1.010692615630541,266,210
N,210X43,-1.0241826610202014,1.0241826610202014,266,210
N,210X44,-0.6163121018112999,0.6163121018112999,266,210
N,210X45,-0.7088726621300458,0.7088726621300458,266,210
N,210X46,-0.6164001777143755,0.6164001777143755,266,210
N,210X47,-0.7185640026239561,0.7185640026239561,266,210
N,210X48,0.01692319867959812,0.01692319867959812,266,210
N,210X49,-0.09810984742069448,0.09810984742069448,266,210
N,210X50,0.017342930879630552,0.017342930879630552,266,210
N,210X51,-0.10037233644974938,0.10037233644974938,266,210
N,210X52,0.5858052929337707,0.5858052929337707,266,210
N,210X53,-0.9705032084984027,0.9705032084984027,266,210
N,210X54,-0.9836932774605244,0.9836932774605244,266,210
N,210X55,-0.9703163030116563,0.9703163030116563,266,210
N,210X56,-0.9843572674245621,0.9843572674245621,266,210
N,210X57,0.02234762279780443,0.02234762279780443,266,210
N,210X58,-0.2349341458419649,0.2349341458419649,266,210
N,210X59,-0.0602819146484329,0.0602819146484329,266,210
N,210X60,-0.142849557264025,0.142849557264025,266,210
N,210X61,-0.618867077129458,0.618867077129458,266,210
N,210X62,-0.7227969157162539,0.7227969157162539,266,210
N,210X63,-0.6197036277737333,0.6197036277737333,266,210
N,210X64,-0.7236711868109388,0.7236711868109388,266,210
N,210X65,-0.5953372430488342,0.5953372430488342,266,210
N,210X66,-0.6925865486230021,0.6925865486230021,266,210
N,210X67,-0.0928960899306201,0.0928960899306201,266,210
N,210X68,-0.11805131192315901,0.11805131192315901,266,210
N,210X69,0.11508777040288863,0.11508777040288863,266,210
N,210X70,-0.0006913851866802939,0.0006913851866802939,266,210
N,210X71,0.11713625179547127,0.11713625179547127,266,210
N,210X72,0.007182950711186935,0.007182950711186935,266,210
N,210X73,-0.32696492372225705,0.32696492372225705,266,210
N,210X74,-0.707386586044997,0.707386586044997,266,210
N,210X75,-0.2648946233905848,0.2648946233905848,266,210
N,210X76,-0.35859149977915245,0.35859149977915245,266,210
N,210X77,-0.14222026330523965,0.14222026330523965,266,210
N,210X80,0.27772641085744887,0.27772641085744887,266,210
N,210X81,-0.3385490368780295,0.3385490368780295,266,210
N,210X82,0.04725231212260658,0.04725231212260658,266,210
N,210X83,-0.3418275848921832,0.3418275848921832,266,210
N,210X84,0.04444147019315174,0.04444147019315174,266,210
N,210X85,-0.04047946483913303,0.04047946483913303,266,210
N,210X86,-0.031240913360977746,0.031240913360977746,266,210
N,210X87,0.06005177242816778,0.06005177242816778,266,210
N,210X88,-0.032222476886376444,0.032222476886376444,266,210
N,210X89,-0.32860035969398876,0.32860035969398876,266,210
N,210X90,-0.5237008484467511,0.5237008484467511,266,210
N,210X91,-0.5547508746537105,0.5547508746537105,266,210
N,210X92,-0.14190824581232142,0.14190824581232142,266,210
N,210X93,-0.14348600379693827,0.14348600379693827,266,210
N,210X94,-0.18767078012584526,0.18767078012584526,266,210
N,210X95,-0.08332293978934786,0.08332293978934786,266,210
N,210X96,0.0026617510442039937,0.0026617510442039937,266,210
N,210X97,0.0336979981353046,0.0336979981353046,266,210
N,210X98,-0.09909417428615391,0.09909417428615391,266,210
N,210X99,-0.016098405051268028,0.016098405051268028,266,210
N,210X100,-0.28351623991266545,0.28351623991266545,266,210
N,210X101,-0.1412605868039202,0.1412605868039202,266,210
N,210X102,-0.05379391967569709,0.05379391967569709,266,210
N,210X104,-0.1466282172033968,0.1466282172033968,266,210
N,210X105,0.24534157257741926,0.24534157257741926,266,210
N,210X106,-0.13736837014191025,0.13736837014191025,266,210
N,210X107,0.04883796690304492,0.04883796690304492,266,210
N,210X108,-0.142262093869128,0.142262093869128,266,210
N,210X109,0.5333267792933729,0.5333267792933729,266,210
N,210X110,-0.14239867028673286,0.14239867028673286,266,210
N,210X111,-0.1738995102695976,0.1738995102695976,266,210
N,210X112,-0.02089350120333974,0.02089350120333974,266,210
N,210X113,-0.026083533853424035,0.026083533853424035,266,210
N,210X114,-0.06925401721568403,0.06925401721568403,266,210
N,210X115,0.02217697616133656,0.02217697616133656,266,210
N,210X116,-0.9700696731028186,0.9700696731028186,266,210
N,210X117,-0.9832421833579412,0.9832421833579412,266,210
N,210X118,-0.37025008235058515,0.37025008235058515,266,210
N,210X119,0.008754030854308916,0.008754030854308916,266,210
N,210X120,-0.37746954152796763,0.37746954152796763,266,210
N,210X121,0.007180166792459806,0.007180166792459806,266,210
N,210X122,-0.9702454281652169,0.9702454281652169,266,210
N,210X123,-0.9843259573803226,0.9843259573803226,266,210
N,210X124,-0.03600932249506315,0.03600932249506315,266,210
N,210X125,-0.24655144655852373,0.24655144655852373,266,210
N,210X126,-0.058671831019834406,0.058671831019834406,266,210
N,210X127,-0.14222026330524085,0.14222026330524085,266,210
N,210X128,-0.772261528599582,0.772261528599582,266,210
N,210X129,-0.8450725191837821,0.8450725191837821,266,210
N,210X130,-0.6199464579036271,0.6199464579036271,266,210
N,210X131,-0.7228816161298313,0.7228816161298313,266,210
N,210X132,-0.3705629809611211,0.3705629809611211,266,210
N,210X133,0.01223223353270047,0.01223223353270047,266,210
N,210X134,-0.37742428800948963,0.37742428800948963,266,210
N,210X135,0.007213317627218695,0.007213317627218695,266,210
N,210X136,-0.6196638758702387,0.6196638758702387,266,210
N,210X137,-0.7237372005179374,0.7237372005179374,266,210
N,210X138,-0.1533912099404547,0.1533912099404547,266,210
N,210X139,-0.7171490579863581,0.7171490579863581,266,210
N,210X140,-0.09797328453637778,0.09797328453637778,266,210
N,210X141,-0.11566297871495018,0.11566297871495018,266,210
N,210X142,-0.3879459979820269,0.3879459979820269,266,210
N,210X143,-0.2117356673692103,0.2117356673692103,266,210
N,210X144,-0.3186457281738534,0.3186457281738534,266,210
N,210X145,0.05454871802362042,0.05454871802362042,266,210
N,210X146,0.11454483061364856,0.11454483061364856,266,210
N,210X147,0.005659662225294397,0.005659662225294397,266,210
N,210X148,-0.3962554774091408,0.3962554774091408,266,210
N,210X149,-0.019796476800325053,0.019796476800325053,266,210
N,210X150,-0.39277186578833373,0.39277186578833373,266,210
N,210X151,-0.01980410607522863,0.01980410607522863,266,210
N,210X152,0.6022697496562441,0.6022697496562441,266,210
N,210X153,-0.4607497940811591,0.4607497940811591,266,210
N,210X154,0.15712129653057588,0.15712129653057588,266,210
N,210X155,-0.6425908031043838,0.6425908031043838,266,210
N,210X156,-0.3795391355567419,0.3795391355567419,266,210
N,210X157,0.0018015030277290292,0.0018015030277290292,266,210
N,210X158,0.1550021547957467,0.1550021547957467,266,210
N,210X159,0.746097094360208,0.746097094360208,266,210
N,210X160,-0.2564598692030929,0.2564598692030929,266,210
N,210X161,0.9611679826130743,0.9611679826130743,266,210
N,210X162,-0.3814925326639235,0.3814925326639235,266,210
N,210X163,0.006554569453716573,0.006554569453716573,266,210
N,210X164,0.11407917504496475,0.11407917504496475,266,210
N,210X165,-0.5748602418988974,0.5748602418988974,266,210
N,210X166,-0.3690674407645879,0.3690674407645879,266,210
N,210X167,0.004233177957824198,0.004233177957824198,266,210
N,210X168,-0.3775721896772519,0.3775721896772519,266,210
N,210X169,0.0071131176269619515,0.0071131176269619515,266,210
N,210X170,-0.01206992050735325,0.01206992050735325,266,210
N,210X171,0.012514510172053931,0.012514510172053931,266,210
N,210X172,0.07231508619128027,0.07231508619128027,266,210
N,210X173,-0.06800891225542265,0.06800891225542265,266,210
N,210X174,0.11190665436119161,0.11190665436119161,266,210
N,210X175,-0.7636053226502391,0.7636053226502391,266,210
N,210X176,0.15040315865338955,0.15040315865338955,266,210
N,210X177,0.7420427830564914,0.7420427830564914,266,210
N,210X178,-0.25870268928258794,0.25870268928258794,266,210
N,210X179,0.9597428300678703,0.9597428300678703,266,210
N,210X180,-0.6282570471795527,0.6282570471795527,266,210
N,210X181,-0.6391081131764482,0.6391081131764482,266,210
N,210X182,-0.6241673948314811,0.6241673948314811,266,210
N,210X183,-0.6464011101420972,0.6464011101420972,266,210
N,210X184,0.07597578893766822,0.07597578893766822,266,210
N,210X185,0.0733721846111781,0.0733721846111781,266,210
N,210X186,0.06903595685035949,0.06903595685035949,266,210
N,210X187,0.6872350323620176,0.6872350323620176,266,210
N,210X188,-0.8179334600789656,0.8179334600789656,266,210
N,210X189,-0.7687142050790208,0.7687142050790208,266,210
N,210X190,1.0063304754285438,1.0063304754285438,266,210
N,210X191,-0.27374367010939743,0.27374367010939743,266,210
N,210X192,-0.4851330274905126,0.4851330274905126,266,210
N,210X193,-0.4432818375969958,0.4432818375969958,266,210
N,210X194,-0.27465712158073835,0.27465712158073835,266,210
N,210X195,-0.45552175773241904,0.45552175773241904,266,210
N,210X199,-0.14222026330524068,0.14222026330524068,266,210
N,210X200,-0.7877446022990465,0.7877446022990465,266,210
N,210X201,-0.8541962392515243,0.8541962392515243,266,210
N,210X202,-0.7906949788349156,0.7906949788349156,266,210
N,210X203,-0.853538341023358,0.853538341023358,266,210
N,210X204,-0.09420559661378268,0.09420559661378268,266,210
N,210X205,-0.09261307841047788,0.09261307841047788,266,210
N,210X206,1.1102675072082644,1.1102675072082644,266,210
N,210X207,1.097286201737517,1.097286201737517,266,210
N,210X209,0.3263436340330249,0.3263436340330249,266,210
N,210X210,0.4090367657618108,0.4090367657618108,266,210
N,210X211,-0.7911358747410376,0.7911358747410376,266,210
N,210X212,-0.8552211628913212,0.8552211628913212,266,210
N,210X213,-0.10481778484389023,0.10481778484389023,266,210
N,210X214,-0.07640487410132615,0.07640487410132615,266,210
N,210X215,-0.10489787345184552,0.10489787345184552,266,210
N,ERROR:#N/A_4,0.35350234367814254,0.35350234367814254,266,UNKNOWN
N,210X217,0.35916037894452285,0.35916037894452285,266,210
N,210X218,0.3057874482277144,0.3057874482277144,266,210
N,210X219,0.3046652554842414,0.3046652554842414,266,210
N,210X220,0.3031849977710599,0.3031849977710599,266,210
N,210X221,0.3057874482277144,0.3057874482277144,266,210
N,210X222,0.3057874482277145,0.3057874482277145,266,210
N,210X224,0.3057874482277144,0.3057874482277144,266,210
N,210X225,-0.1422202633052383,0.1422202633052383,266,210
N,210X226,-0.11439612549073282,0.11439612549073282,266,210
N,210X228,-0.30903534600512195,0.30903534600512195,266,210
N,210X229,-0.22894062474396762,0.22894062474396762,266,210
N,210X230,0.4412866484197401,0.4412866484197401,266,210
N,210X231,-0.006437756871034619,0.006437756871034619,266,210
N,220X2,-0.2219646960205056,0.2219646960205056,266,220
N,220X3,-0.0037489472251954798,0.0037489472251954798,266,220
N,220X4,0.2282847925393261,0.2282847925393261,266,220
N,220X5,0.11704411477168701,0.11704411477168701,266,220
N,220X6,-0.08175960702005558,0.08175960702005558,266,220
N,220X8,-0.022080755614402696,0.022080755614402696,266,220
N,220X9,0.18076046091587775,0.18076046091587775,266,220
N,220X10,-0.20220386463681245,0.20220386463681245,266,220
N,220X11,0.22721659443123582,0.22721659443123582,266,220
N,220X12,0.16933943415054523,0.16933943415054523,266,220
N,220X13,0.1046614940138806,0.1046614940138806,266,220
N,220X14,-0.20255338719759744,0.20255338719759744,266,220
N,220X15,0.09822126095280381,0.09822126095280381,266,220
N,220X18,-0.13820286840721996,0.13820286840721996,266,220
N,220X19,0.16214460964477095,0.16214460964477095,266,220
N,220X20,-0.15447898138095095,0.15447898138095095,266,220
N,220X21,0.15858820840894297,0.15858820840894297,266,220
N,220X26,0.1789930947001528,0.1789930947001528,266,220
N,220X27,-0.28706887590067093,0.28706887590067093,266,220
N,220X28,-0.22039255300224575,0.22039255300224575,266,220
N,220X29,-0.2182601136746217,0.2182601136746217,266,220
N,220X30,-0.26178082742154196,0.26178082742154196,266,220
N,220X31,-0.25506227675574156,0.25506227675574156,266,220
N,220X32,-0.24632838203836988,0.24632838203836988,266,220
N,220X33,-0.060588856234497813,0.060588856234497813,266,220
N,220X53,0.23775392647746238,0.23775392647746238,266,220
N,220X54,0.018106536177916972,0.018106536177916972,266,220
N,220X55,-0.1210603122971789,0.1210603122971789,266,220
N,220X67,-0.14164891237038177,0.14164891237038177,266,220
N,220X70,-0.00431404823343789,0.00431404823343789,266,220
N,220X71,-0.14033715543515984,0.14033715543515984,266,220
N,220X75,-0.14164866360729333,0.14164866360729333,266,220
N,220X79,-0.14164866109670926,0.14164866109670926,266,220
N,220X83,-0.1416488069049842,0.1416488069049842,266,220
N,220X87,-0.14164881148326575,0.14164881148326575,266,220
N,220X91,-0.1416486826576945,0.1416486826576945,266,220
N,220X95,-0.14164856558740058,0.14164856558740058,266,220
N,220X107,-0.14107242062532735,0.14107242062532735,266,220
N,220X108,0.10043881235177998,0.10043881235177998,266,220
N,220X110,0.22652462246314561,0.22652462246314561,266,220
N,220X112,-0.22399862106022486,0.22399862106022486,266,220
N,220X114,0.23118147426989535,0.23118147426989535,266,220
N,220X116,-0.2226170578665348,0.2226170578665348,266,220
N,220X118,0.22814305332448567,0.22814305332448567,266,220
N,220X120,-0.22393248537861862,0.22393248537861862,266,220
N,220X122,-0.20433852026289162,0.20433852026289162,266,220
N,220X124,-0.22456171109021733,0.22456171109021733,266,220
N,220X126,-0.22165478898903826,0.22165478898903826,266,220
N,220X128,-0.22265732154283976,0.22265732154283976,266,220
N,220X130,-0.22385528615558303,0.22385528615558303,266,220
N,220X132,-0.2205296080561198,0.2205296080561198,266,220
N,220X141,-0.20651717782661255,0.20651717782661255,266,220
N,220X142,-0.23924971711487097,0.23924971711487097,266,220
N,220X143,-0.22591261315616978,0.22591261315616978,266,220
N,220X155,-0.0353553390593329,0.0353553390593329,266,220
N,220X163,-0.009867429665282847,0.009867429665282847,266,220
N,220X164,0.058594253169625465,0.058594253169625465,266,220
N,220X165,0.22458473704286938,0.22458473704286938,266,220
N,220X166,0.24801294090206333,0.24801294090206333,266,220
N,220X167,0.24079191439655812,0.24079191439655812,266,220
N,220X168,0.24284558316465205,0.24284558316465205,266,220
N,220X169,0.20193555253262332,0.20193555253262332,266,220
N,220X170,-0.21234291829729598,0.21234291829729598,266,220
N,220X171,0.2432039639256928,0.2432039639256928,266,220
N,220X172,0.1522774984079016,0.1522774984079016,266,220
N,220X173,0.19327681743532651,0.19327681743532651,266,220
N,220X174,-0.26061830280705756,0.26061830280705756,266,220
N,220X175,-0.014093250347304884,0.014093250347304884,266,220
N,220X176,0.08120411157968073,0.08120411157968073,266,220
N,220X177,0.19529232007202801,0.19529232007202801,266,220
N,220X178,0.20544257296148744,0.20544257296148744,266,220
N,220X179,0.24377029575778014,0.24377029575778014,266,220
N,220X180,-0.23150267943400774,0.23150267943400774,266,220
N,220X181,-0.24377029575771023,0.24377029575771023,266,220
N,220X182,0.24377029575771117,0.24377029575771117,266,220
N,220X183,0.25112189467190354,0.25112189467190354,266,220
N,220X184,-0.12234344576250789,0.12234344576250789,266,220
N,220X185,-0.05962536119873419,0.05962536119873419,266,220
N,220X186,-0.19900760415753968,0.19900760415753968,266,220
N,220X187,0.26201848677062417,0.26201848677062417,266,220
N,220X188,-0.06059420477552532,0.06059420477552532,266,220
N,220X189,0.20937746509974434,0.20937746509974434,266,220
N,220X190,-0.20622456541881576,0.20622456541881576,266,220
N,220X191,0.13016819068570448,0.13016819068570448,266,220
N,220X192,-0.12121316048619132,0.12121316048619132,266,220
N,220X193,-0.1434971840567004,0.1434971840567004,266,220
N,220X194,-0.17822421260874616,0.17822421260874616,266,220
N,220X195,-0.20892280808288494,0.20892280808288494,266,220
N,220X196,-0.2417416360083084,0.2417416360083084,266,220
N,220X197,-0.19065213952795762,0.19065213952795762,266,220
N,220X204,0.054819478892963805,0.054819478892963805,266,220
N,220X216,-0.030023052099155772,0.030023052099155772,266,220
N,220X217,-0.02011856812943386,0.02011856812943386,266,220
N,220X218,-0.11384969288919107,0.11384969288919107,266,220
N,220X223,0.06150099881520239,0.06150099881520239,266,220
N,220X224,-0.0906984407111301,0.0906984407111301,266,220
N,300X1,-0.1025841502550933,0.1025841502550933,266,300
N,300X2,-0.12329138933527292,0.12329138933527292,266,300
N,300X3,-0.11089429724796923,0.11089429724796923,266,300
N,300X4,-0.15994196976620226,0.15994196976620226,266,300
N,300X5,-0.12761752853695185,0.12761752853695185,266,300
N,300X6,-0.11478701159560702,0.11478701159560702,266,300
N,300X7,-0.10936830055002787,0.10936830055002787,266,300
N,300X8,-0.12162674791656373,0.12162674791656373,266,300
N,300X9,-0.12845460147331594,0.12845460147331594,266,300
N,300X10,-0.12002226216372398,0.12002226216372398,266,300
N,300X11,-0.12767627155049177,0.12767627155049177,266,300
N,300X12,-0.1268482681650192,0.1268482681650192,266,300
N,300X13,-0.11770290333478371,0.11770290333478371,266,300
N,300X14,-0.12322440247367364,0.12322440247367364,266,300
N,300X20,-0.1287373633674843,0.1287373633674843,266,300
N,310X2,-0.13296828181206022,0.13296828181206022,266,310
N,310X4,-0.02423582872818206,0.02423582872818206,266,310
N,310X5,0.023352745350497382,0.023352745350497382,266,310
N,310X6,0.021334160404742494,0.021334160404742494,266,310
N,310X8,0.10647412378527855,0.10647412378527855,266,310
N,310X9,0.280715690098687,0.280715690098687,266,310
N,310X10,-0.14897990280002102,0.14897990280002102,266,310
N,310X11,-0.027237094217731336,0.027237094217731336,266,310
N,310X12,0.05622897020048248,0.05622897020048248,266,310
N,310X13,0.05823179120992179,0.05823179120992179,266,310
N,310X14,-0.1572131736815247,0.1572131736815247,266,310
N,310X15,0.17651077293708273,0.17651077293708273,266,310
N,310X19,-0.19258591000539546,0.19258591000539546,266,310
N,310X20,-0.18432397872028924,0.18432397872028924,266,310
N,310X21,0.15837425230835536,0.15837425230835536,266,310
N,310X22,0.1857990512740967,0.1857990512740967,266,310
N,310X23,-0.03164449561353875,0.03164449561353875,266,310
N,310X24,0.18522693873336807,0.18522693873336807,266,310
N,310X27,-0.1266673946565093,0.1266673946565093,266,310
N,310X28,-0.21194631309997203,0.21194631309997203,266,310
N,310X29,0.11613928215780751,0.11613928215780751,266,310
N,310X30,-0.20162210650534396,0.20162210650534396,266,310
N,310X31,0.060443091151887805,0.060443091151887805,266,310
N,310X32,0.026397027010402477,0.026397027010402477,266,310
N,310X33,-0.18229679939380433,0.18229679939380433,266,310
N,310X34,-0.28106677972529515,0.28106677972529515,266,310
N,310X36,0.04377328120882215,0.04377328120882215,266,310
N,310X37,0.04389759056043703,0.04389759056043703,266,310
N,310X38,0.04376399219147198,0.04376399219147198,266,310
N,310X42,0.1429839986330911,0.1429839986330911,266,310
N,310X43,-0.006136044861920038,0.006136044861920038,266,310
N,310X44,0.036746852611484235,0.036746852611484235,266,310
N,310X56,-0.08287302912316172,0.08287302912316172,266,310
N,310X60,-0.08287319449953304,0.08287319449953304,266,310
N,310X64,-0.0828729965499968,0.0828729965499968,266,310
N,310X68,-0.08287313756228967,0.08287313756228967,266,310
N,310X72,-0.08287299062552608,0.08287299062552608,266,310
N,310X76,-0.08287307287520829,0.08287307287520829,266,310
N,310X80,-0.08287300364164871,0.08287300364164871,266,310
N,310X84,-0.08287315916310121,0.08287315916310121,266,310
N,310X96,-0.2040933286459785,0.2040933286459785,266,310
N,310X97,-0.05002958372910724,0.05002958372910724,266,310
N,310X99,-0.03771133965630581,0.03771133965630581,266,310
N,310X101,0.028218144037830576,0.028218144037830576,266,310
N,310X103,-0.03704126364331731,0.03704126364331731,266,310
N,310X105,0.041241602444083814,0.041241602444083814,266,310
N,310X107,-0.04616413444003912,0.04616413444003912,266,310
N,310X109,0.03908742153435651,0.03908742153435651,266,310
N,310X111,0.027587577089608357,0.027587577089608357,266,310
N,310X113,0.02875534690936052,0.02875534690936052,266,310
N,310X115,0.03204666660800743,0.03204666660800743,266,310
N,310X117,0.039588446349709504,0.039588446349709504,266,310
N,310X119,0.03000259851233538,0.03000259851233538,266,310
N,310X121,0.03820075062190644,0.03820075062190644,266,310
N,310X130,-0.125337427205041,0.125337427205041,266,310
N,310X131,-0.16359106207554364,0.16359106207554364,266,310
N,310X132,-0.06303782161103309,0.06303782161103309,266,310
N,310X138,-0.035355339059320326,0.035355339059320326,266,310
N,310X139,-0.03535533905933289,0.03535533905933289,266,310
N,310X140,-0.035355339059320326,0.035355339059320326,266,310
N,310X147,0.08553897700980172,0.08553897700980172,266,310
N,310X148,0.12711807338370043,0.12711807338370043,266,310
N,310X149,0.11495943047659618,0.11495943047659618,266,310
N,310X150,0.08145419003419918,0.08145419003419918,266,310
N,310X151,0.0833133231204525,0.0833133231204525,266,310
N,310X152,-0.007351670600544644,0.007351670600544644,266,310
N,310X153,0.20075655268700784,0.20075655268700784,266,310
N,310X154,-0.12125837073490489,0.12125837073490489,266,310
N,310X155,0.1261074633517954,0.1261074633517954,266,310
N,310X156,0.15666972833230902,0.15666972833230902,266,310
N,310X157,0.12692163845425564,0.12692163845425564,266,310
N,310X158,-0.15498927064037676,0.15498927064037676,266,310
N,310X159,0.18451241337069346,0.18451241337069346,266,310
N,310X160,0.1608055539667249,0.1608055539667249,266,310
N,310X161,-0.1105756646389626,0.1105756646389626,266,310
N,310X162,0.027945386751330212,0.027945386751330212,266,310
N,310X163,-0.03917706377500836,0.03917706377500836,266,310
N,310X164,-0.14531679538355816,0.14531679538355816,266,310
N,310X165,-0.0001048595485719048,0.0001048595485719048,266,310
N,310X166,0.05021459126620927,0.05021459126620927,266,310
N,310X167,0.14848548390512936,0.14848548390512936,266,310
N,310X168,-0.11040495886036965,0.11040495886036965,266,310
N,310X169,-0.11037561840226214,0.11037561840226214,266,310
N,310X170,-0.1789046886098166,0.1789046886098166,266,310
N,310X171,0.0516402255253775,0.0516402255253775,266,310
N,310X172,-0.061745232022700394,0.061745232022700394,266,310
N,310X173,-0.0897711966835377,0.0897711966835377,266,310
N,310X174,0.0031685146893660364,0.0031685146893660364,266,310
N,310X175,0.01786792718014494,0.01786792718014494,266,310
N,310X176,-0.10076100699646741,0.10076100699646741,266,310
N,310X177,-0.14686853531312483,0.14686853531312483,266,310
N,310X178,-0.1260265586294572,0.1260265586294572,266,310
N,310X179,-0.19396849515326967,0.19396849515326967,266,310
N,310X180,-0.19359256891720938,0.19359256891720938,266,310
N,310X181,-0.2201353764474428,0.2201353764474428,266,310
N,310X188,-0.03961765898425329,0.03961765898425329,266,310
N,310X200,0.04361964137720886,0.04361964137720886,266,310
N,310X201,-0.012681292705861649,0.012681292705861649,266,310
N,310X202,-0.002573850358879399,0.002573850358879399,266,310
N,310X206,0.14063421717107114,0.14063421717107114,266,310
N,310X207,0.054216429556664635,0.054216429556664635,266,310
N,311X1,0.06094900028560261,0.06094900028560261,266,311
N,311X4,-0.06324788788346465,0.06324788788346465,266,311
N,311X5,-0.12108107255963119,0.12108107255963119,266,311
N,311X6,-0.09187599280093948,0.09187599280093948,266,311
N,311X7,-0.13877678280546282,0.13877678280546282,266,311
N,311X8,-0.03202588039275687,0.03202588039275687,266,311
N,311X9,-0.028568941958902413,0.028568941958902413,266,311
N,311X10,-0.013407836903409675,0.013407836903409675,266,311
N,311X11,-0.029469753546659875,0.029469753546659875,266,311
N,311X12,-0.0363624851961121,0.0363624851961121,266,311
N,311X14,0.0024499687433932574,0.0024499687433932574,266,311
N,311X15,0.07002061400351099,0.07002061400351099,266,311
N,311X16,0.001334022931861594,0.001334022931861594,266,311
N,311X17,0.07460739044842674,0.07460739044842674,266,311
N,311X18,-0.003613727365499872,0.003613727365499872,266,311
N,311X20,-0.06899041895140769,0.06899041895140769,266,311
N,311X21,0.10929878180532958,0.10929878180532958,266,311
N,311X22,-0.13001169856279174,0.13001169856279174,266,311
N,311X24,-0.25687128892277705,0.25687128892277705,266,311
N,311X25,-0.08435709777166278,0.08435709777166278,266,311
N,311X26,-0.08417361307841591,0.08417361307841591,266,311
N,311X27,-0.06325717864558476,0.06325717864558476,266,311
N,311X28,0.06616599210125862,0.06616599210125862,266,311
N,311X29,0.0175439196624415,0.0175439196624415,266,311
N,311X30,0.02282330074983907,0.02282330074983907,266,311
N,311X31,0.016471814520107146,0.016471814520107146,266,311
N,311X32,0.012808681433000667,0.012808681433000667,266,311
N,311X33,0.011652899429494039,0.011652899429494039,266,311
N,311X51,0.012117281953975358,0.012117281953975358,266,311
N,311X52,0.08705729062676189,0.08705729062676189,266,311
N,311X53,0.16310038300274304,0.16310038300274304,266,311
N,311X54,-0.09999478509081697,0.09999478509081697,266,311
N,311X55,-0.10978083941313053,0.10978083941313053,266,311
N,311X56,-0.10575701938859924,0.10575701938859924,266,311
N,311X58,-0.09116182957822185,0.09116182957822185,266,311
N,311X59,-0.10521718637936212,0.10521718637936212,266,311
N,311X60,-0.10382012188399727,0.10382012188399727,266,311
N,311X61,0.10629293512182976,0.10629293512182976,266,311
N,311X62,0.10537350416933534,0.10537350416933534,266,311
N,311X63,0.10520641698661502,0.10520641698661502,266,311
N,311X65,0.10687261970999934,0.10687261970999934,266,311
N,311X66,0.10587513101497953,0.10587513101497953,266,311
N,311X67,0.11066829379787156,0.11066829379787156,266,311
N,311X68,0.13169612691450355,0.13169612691450355,266,311
N,311X69,0.13528333388086267,0.13528333388086267,266,311
N,311X70,0.11405373609089788,0.11405373609089788,266,311
N,311X71,0.098038396871306,0.098038396871306,266,311
N,311X72,0.10724893946302282,0.10724893946302282,266,311
N,311X73,0.11210259419552872,0.11210259419552872,266,311
N,311X74,0.11028268301700717,0.11028268301700717,266,311
N,311X75,0.10592177760986006,0.10592177760986006,266,311
N,311X76,0.09294307598001363,0.09294307598001363,266,311
N,311X77,-0.0849316094299545,0.0849316094299545,266,311
N,311X80,0.06830850946986783,0.06830850946986783,266,311
N,311X81,0.07106748394567225,0.07106748394567225,266,311
N,311X82,0.07558277184298277,0.07558277184298277,266,311
N,311X83,0.0706585155465116,0.0706585155465116,266,311
N,311X84,0.06765693104036041,0.06765693104036041,266,311
N,311X85,0.07492746859391447,0.07492746859391447,266,311
N,311X86,-0.019880302241221767,0.019880302241221767,266,311
N,311X87,0.010048736170571823,0.010048736170571823,266,311
N,311X88,-0.012187282453183802,0.012187282453183802,266,311
N,311X89,0.030100215667554525,0.030100215667554525,266,311
N,311X90,0.01705057641865838,0.01705057641865838,266,311
N,311X91,0.003840151608483541,0.003840151608483541,266,311
N,311X92,0.02095314507130691,0.02095314507130691,266,311
N,311X93,0.0014843828544328932,0.0014843828544328932,266,311
N,311X94,0.025070626639629976,0.025070626639629976,266,311
N,311X95,0.029753652925525623,0.029753652925525623,266,311
N,311X103,0.04922666163836143,0.04922666163836143,266,311
N,311X104,0.06893871051640392,0.06893871051640392,266,311
N,311X105,0.020403191869377175,0.020403191869377175,266,311
N,311X106,0.06328494170080023,0.06328494170080023,266,311
N,311X107,0.07980103351531247,0.07980103351531247,266,311
N,311X109,0.06816846655652822,0.06816846655652822,266,311
N,311X110,0.09685425341789035,0.09685425341789035,266,311
N,311X111,0.06291548477173237,0.06291548477173237,266,311
N,311X112,0.05325359175421974,0.05325359175421974,266,311
N,311X113,0.0881083831136127,0.0881083831136127,266,311
N,311X115,0.004586068989609287,0.004586068989609287,266,311
N,311X116,0.06199509600224142,0.06199509600224142,266,311
N,311X117,0.028976459577736587,0.028976459577736587,266,311
N,311X118,0.04513009406580945,0.04513009406580945,266,311
N,311X119,-0.027622271815215076,0.027622271815215076,266,311
N,311X127,0.05465858505204062,0.05465858505204062,266,311
N,311X128,0.051742461947546906,0.051742461947546906,266,311
N,311X129,0.023647527404064148,0.023647527404064148,266,311
N,311X130,0.039273064196635794,0.039273064196635794,266,311
N,311X131,0.031874801318317214,0.031874801318317214,266,311
N,311X133,0.12443148329981493,0.12443148329981493,266,311
N,311X134,0.12303484712198856,0.12303484712198856,266,311
N,311X135,0.1080235125640387,0.1080235125640387,266,311
N,311X136,0.13194037631514124,0.13194037631514124,266,311
N,311X137,0.11982931353747962,0.11982931353747962,266,311
N,311X139,-0.035014899318544464,0.035014899318544464,266,311
N,311X140,-0.0060653623799443515,0.0060653623799443515,266,311
N,311X141,-0.0053739696905250114,0.0053739696905250114,266,311
N,311X142,-0.0390119587465785,0.0390119587465785,266,311
N,311X143,-0.0515589024777722,0.0515589024777722,266,311
N,311X145,0.028406505041998355,0.028406505041998355,266,311
N,311X146,-0.01982700999695916,0.01982700999695916,266,311
N,311X147,-0.04463172770388312,0.04463172770388312,266,311
N,311X148,0.029955111122599142,0.029955111122599142,266,311
N,311X149,-0.027319650513065917,0.027319650513065917,266,311
N,311X151,-0.07713853819888737,0.07713853819888737,266,311
N,311X152,-0.07915155838034633,0.07915155838034633,266,311
N,311X153,0.03143950750152861,0.03143950750152861,266,311
N,311X154,0.05599839049377499,0.05599839049377499,266,311
N,311X155,-0.0468362486402798,0.0468362486402798,266,311
N,311X162,-0.11150221966753567,0.11150221966753567,266,311
N,311X163,-0.11121973033028032,0.11121973033028032,266,311
N,311X164,-0.10402435285771958,0.10402435285771958,266,311
N,311X165,-0.07424426699705482,0.07424426699705482,266,311
N,311X169,-0.08040026626449691,0.08040026626449691,266,311
N,311X170,-0.127633571063989,0.127633571063989,266,311
N,311X171,-0.10042252668550294,0.10042252668550294,266,311
N,311X182,-0.0016147578025892714,0.0016147578025892714,266,311
N,311X183,0.07326403639156692,0.07326403639156692,266,311
N,311X184,0.07326403639155757,0.07326403639155757,266,311
N,311X187,0.012059450482210844,0.012059450482210844,266,311
N,311X188,0.010678851813947444,0.010678851813947444,266,311
N,311X189,0.008561662703909088,0.008561662703909088,266,311
N,311X190,0.009870160782762795,0.009870160782762795,266,311
N,311X191,0.012068667686715292,0.012068667686715292,266,311
N,311X192,-0.037812866282021684,0.037812866282021684,266,311
N,311X193,-0.042957718843188046,0.042957718843188046,266,311
N,311X194,-0.04480273004940662,0.04480273004940662,266,311
N,311X195,-0.03799071242661519,0.03799071242661519,266,311
N,311X196,-0.060543107445615585,0.060543107445615585,266,311
N,311X197,-0.03332294399524219,0.03332294399524219,266,311
N,311X199,-0.00913664995989069,0.00913664995989069,266,311
N,311X200,-0.0026773257014046027,0.0026773257014046027,266,311
N,311X203,-0.03360371028902932,0.03360371028902932,266,311
N,311X204,-0.03621579248083453,0.03621579248083453,266,311
N,311X205,-0.03245788713896405,0.03245788713896405,266,311
N,311X206,-0.00798452525427094,0.00798452525427094,266,311
N,311X207,-0.03411280933567126,0.03411280933567126,266,311
N,311X208,-0.09370948141179247,0.09370948141179247,266,311
N,311X209,-0.0906929215075021,0.0906929215075021,266,311
N,311X210,-0.09504107671860651,0.09504107671860651,266,311
N,311X211,-0.0511885629465287,0.0511885629465287,266,311
N,311X212,-0.08989288533291241,0.08989288533291241,266,311
N,311X223,-0.05967311377938671,0.05967311377938671,266,311
N,Chamber ID,0.0967296312598016,0.0967296312598016,266,UNKNOWN
N,312X1,-0.0015619156096748508,0.0015619156096748508,266,312
N,312X2,-0.04073630322247458,0.04073630322247458,266,312
N,312X3,-0.03990655454605356,0.03990655454605356,266,312
N,312X6,0.08434040403262588,0.08434040403262588,266,312
N,312X7,0.08822927411145895,0.08822927411145895,266,312
N,312X8,0.1565701113987941,0.1565701113987941,266,312
N,312X11,-0.010417840654556653,0.010417840654556653,266,312
N,312X12,0.04082879505649217,0.04082879505649217,266,312
N,312X13,0.14609841540150936,0.14609841540150936,266,312
N,312X16,0.00222058863346909,0.00222058863346909,266,312
N,312X17,-0.013854525374929328,0.013854525374929328,266,312
N,312X18,-0.025432029800236032,0.025432029800236032,266,312
N,312X21,-0.023331129576355587,0.023331129576355587,266,312
N,312X22,-0.04432301384087553,0.04432301384087553,266,312
N,312X23,0.13839565740401757,0.13839565740401757,266,312
N,312X26,-0.005640648000928138,0.005640648000928138,266,312
N,312X27,-0.0721162757897462,0.0721162757897462,266,312
N,312X28,-0.10852476030232451,0.10852476030232451,266,312
N,312X31,0.0931739463384847,0.0931739463384847,266,312
N,312X32,0.09871254257935502,0.09871254257935502,266,312
N,312X33,0.12156088293854361,0.12156088293854361,266,312
N,312X36,-0.07576532325511537,0.07576532325511537,266,312
N,312X37,-0.06520068407174401,0.06520068407174401,266,312
N,312X38,-0.08856631157015304,0.08856631157015304,266,312
N,312X41,-0.04428837832824013,0.04428837832824013,266,312
N,312X42,-0.022630725074142342,0.022630725074142342,266,312
N,312X43,0.09564831831080169,0.09564831831080169,266,312
N,312X46,0.03341230754260886,0.03341230754260886,266,312
N,312X47,-0.03838547415823805,0.03838547415823805,266,312
N,312X48,-0.12665485206776364,0.12665485206776364,266,312
N,312X51,0.023340773496801404,0.023340773496801404,266,312
N,312X52,0.12200459185600382,0.12200459185600382,266,312
N,312X53,-0.025942842915230982,0.025942842915230982,266,312
N,312X54,0.11069738678951059,0.11069738678951059,266,312
N,312X55,0.09923245631691095,0.09923245631691095,266,312
N,312X57,0.008098148658756651,0.008098148658756651,266,312
N,312X58,0.07015187962150532,0.07015187962150532,266,312
N,312X59,-0.04611253665470001,0.04611253665470001,266,312
N,312X60,0.022767281374545863,0.022767281374545863,266,312
N,312X61,0.1198655640233299,0.1198655640233299,266,312
N,312X63,0.1019592196932049,0.1019592196932049,266,312
N,312X64,-0.023528801963420422,0.023528801963420422,266,312
N,312X65,-0.04812696867554548,0.04812696867554548,266,312
N,312X66,0.1063165504771533,0.1063165504771533,266,312
N,312X67,0.014435259465440732,0.014435259465440732,266,312
N,312X69,0.03052147765739509,0.03052147765739509,266,312
N,312X70,-0.051909609717443586,0.051909609717443586,266,312
N,312X71,-0.06274995649267534,0.06274995649267534,266,312
N,312X72,-0.06240396417029066,0.06240396417029066,266,312
N,312X73,-0.010269100072320965,0.010269100072320965,266,312
N,312X75,0.06408038950259445,0.06408038950259445,266,312
N,312X76,-0.03132496479176746,0.03132496479176746,266,312
N,312X77,-0.056396287595687454,0.056396287595687454,266,312
N,312X78,-0.06015512535686819,0.06015512535686819,266,312
N,312X79,-0.011601671150327331,0.011601671150327331,266,312
N,312X81,-0.0319860721880691,0.0319860721880691,266,312
N,312X82,-0.060564868485363785,0.060564868485363785,266,312
N,312X83,-0.06710571203403781,0.06710571203403781,266,312
N,312X84,-0.06532567014610194,0.06532567014610194,266,312
N,312X85,-0.012647850673716302,0.012647850673716302,266,312
N,312X87,-0.07326814817773301,0.07326814817773301,266,312
N,312X88,-0.06947471167610737,0.06947471167610737,266,312
N,312X89,-0.08312394088724516,0.08312394088724516,266,312
N,312X90,-0.08919045607290861,0.08919045607290861,266,312
N,312X91,0.01479041049755249,0.01479041049755249,266,312
N,312X93,0.022910098840434517,0.022910098840434517,266,312
N,312X94,-0.016850651421167144,0.016850651421167144,266,312
N,312X95,-0.09779365562196626,0.09779365562196626,266,312
N,312X96,-0.08558296134990091,0.08558296134990091,266,312
N,312X97,-0.025981251100570712,0.025981251100570712,266,312
N,312X99,-0.01320232306501871,0.01320232306501871,266,312
N,312X100,-0.03488983495615897,0.03488983495615897,266,312
N,312X101,-0.046767429352829036,0.046767429352829036,266,312
N,312X102,-0.028841949519306388,0.028841949519306388,266,312
N,312X111,-0.016786452815711766,0.016786452815711766,266,312
N,312X112,-0.032261378056752596,0.032261378056752596,266,312
N,312X113,-0.06643662782227383,0.06643662782227383,266,312
N,312X114,-0.08397907320312764,0.08397907320312764,266,312
N,312X115,-0.09061501684951137,0.09061501684951137,266,312
N,312X117,-0.010346734034033642,0.010346734034033642,266,312
N,312X118,-0.04383154817068796,0.04383154817068796,266,312
N,312X119,-0.06884354222486065,0.06884354222486065,266,312
N,312X120,-0.08433930245346379,0.08433930245346379,266,312
N,312X121,-0.08993388955094479,0.08993388955094479,266,312
N,312X123,-0.021473100007851454,0.021473100007851454,266,312
N,312X124,-0.026076599835862305,0.026076599835862305,266,312
N,312X125,-0.06424752125006515,0.06424752125006515,266,312
N,312X126,-0.08334847578359159,0.08334847578359159,266,312
N,312X127,-0.09046922423952958,0.09046922423952958,266,312
N,312X129,-0.05554359453253193,0.05554359453253193,266,312
N,312X130,-0.04968621494167666,0.04968621494167666,266,312
N,312X131,-0.039003571499253896,0.039003571499253896,266,312
N,312X132,-0.042651185011423294,0.042651185011423294,266,312
N,312X133,-0.07074621184864407,0.07074621184864407,266,312
N,312X135,-0.048363401256825145,0.048363401256825145,266,312
N,312X136,-0.047280190671803335,0.047280190671803335,266,312
N,312X137,-0.03771695361708299,0.03771695361708299,266,312
N,312X138,-0.04162117384168584,0.04162117384168584,266,312
N,312X139,-0.07088870506350474,0.07088870506350474,266,312
N,312X141,-0.05534816159670293,0.05534816159670293,266,312
N,312X142,-0.05153893651416333,0.05153893651416333,266,312
N,312X143,-0.03817533454446929,0.03817533454446929,266,312
N,312X144,-0.04087385916305001,0.04087385916305001,266,312
N,312X145,-0.07265303131040922,0.07265303131040922,266,312
N,312X153,0.11085095028375574,0.11085095028375574,266,312
N,312X154,0.11149545846998941,0.11149545846998941,266,312
N,312X155,0.11130363593870084,0.11130363593870084,266,312
N,312X159,0.043694048985457104,0.043694048985457104,266,312
N,312X160,-0.07172561397397519,0.07172561397397519,266,312
N,312X162,-0.04362814186214607,0.04362814186214607,266,312
N,312X163,0.025185316610075847,0.025185316610075847,266,312
N,312X165,-0.06656300163096807,0.06656300163096807,266,312
N,312X166,-0.034920911072168534,0.034920911072168534,266,312
N,312X167,-0.01987213625346095,0.01987213625346095,266,312
N,312X168,-0.02392564867696397,0.02392564867696397,266,312
N,312X169,0.1540605887969811,0.1540605887969811,266,312
N,312X171,0.05375031122048657,0.05375031122048657,266,312
N,312X172,0.043214186459392304,0.043214186459392304,266,312
N,312X173,-0.12092140883105638,0.12092140883105638,266,312
N,312X174,-0.11420139811332183,0.11420139811332183,266,312
N,312X175,-0.000832484141902177,0.000832484141902177,266,312
N,312X186,-0.00013366966929174556,0.00013366966929174556,266,312
N,312X187,-0.027564520614575275,0.027564520614575275,266,312
N,312X189,0.009104475620020955,0.009104475620020955,266,312
N,312X191,-0.04589745756061069,0.04589745756061069,266,312
N,312X192,0.03557739261100841,0.03557739261100841,266,312
N,312X193,0.12995460490378105,0.12995460490378105,266,312
N,312X197,0.035288786015307834,0.035288786015307834,266,312
N,312X198,0.10700324089661088,0.10700324089661088,266,312
N,312X199,-0.07802657967986051,0.07802657967986051,266,312
N,312X207,-0.04779467745121198,0.04779467745121198,266,312
N,312X208,0.011797098754613804,0.011797098754613804,266,312
N,312X209,-0.043214186459392304,0.043214186459392304,266,312
N,312X210,0.012951884670232597,0.012951884670232597,266,312
N,312X211,0.00768241488909929,0.00768241488909929,266,312
N,312X213,-0.0615086352685649,0.0615086352685649,266,312
N,312X214,-0.04026044218202371,0.04026044218202371,266,312
N,312X215,0.04000280658951079,0.04000280658951079,266,312
N,312X216,-0.016185593284209484,0.016185593284209484,266,312
N,312X217,0.0249990559965283,0.0249990559965283,266,312
N,312X219,0.07446867134643854,0.07446867134643854,266,312
N,312X220,0.02490541946903616,0.02490541946903616,266,312
N,312X221,0.024763865218104687,0.024763865218104687,266,312
N,312X222,-0.0001916615809555643,0.0001916615809555643,266,312
N,312X223,-0.0368944914362048,0.0368944914362048,266,312
N,312X233,0.06425902212068725,0.06425902212068725,266,312
N,312X234,-0.1128909336828563,0.1128909336828563,266,312
N,312X235,-0.02020811680221798,0.02020811680221798,266,312
N,312X236,-0.11357065536356632,0.11357065536356632,266,312
N,312X238,-0.004253015728039886,0.004253015728039886,266,312
N,312X239,0.007063798076745868,0.007063798076745868,266,312
N,312X240,0.0014724360316508314,0.0014724360316508314,266,312
N,312X244,0.06266495058527591,0.06266495058527591,266,312
N,312X245,-0.09513180003048717,0.09513180003048717,266,312
N,312X246,-0.08577541745292416,0.08577541745292416,266,312
N,312X253,-0.010822938709088516,0.010822938709088516,266,312
N,312X254,-0.11860533331517235,0.11860533331517235,266,312
N,312X255,-0.04370867555780721,0.04370867555780721,266,312
N,312X256,0.006913909317498635,0.006913909317498635,266,312
N,312X257,0.021393147797946203,0.021393147797946203,266,312
N,312X259,0.05374754832472717,0.05374754832472717,266,312
N,312X260,0.01595273502766858,0.01595273502766858,266,312
N,312X261,-0.0261329814328247,0.0261329814328247,266,312
N,312X262,0.07886732804788617,0.07886732804788617,266,312
N,312X263,-0.039057752010603415,0.039057752010603415,266,312
N,312X265,-0.04293859346898219,0.04293859346898219,266,312
N,312X266,-0.024927096470569298,0.024927096470569298,266,312
N,312X267,-0.06379987658540381,0.06379987658540381,266,312
N,312X268,-0.01595014740263557,0.01595014740263557,266,312
N,312X269,0.03820415446869994,0.03820415446869994,266,312
N,312X277,-0.14092156818368248,0.14092156818368248,266,312
N,312X278,-0.1631943246357102,0.1631943246357102,266,312
N,312X279,-0.16486953517854663,0.16486953517854663,266,312
N,312X280,-0.15618927829244084,0.15618927829244084,266,312
N,312X281,-0.13145762700204877,0.13145762700204877,266,312
N,312X283,-0.1678808924721779,0.1678808924721779,266,312
N,312X284,-0.12778143138173242,0.12778143138173242,266,312
N,312X285,-0.12178453710224775,0.12178453710224775,266,312
N,312X286,-0.1485080222648313,0.1485080222648313,266,312
N,312X287,-0.13080626308570853,0.13080626308570853,266,312
N,312X289,-0.07592818572258722,0.07592818572258722,266,312
N,312X290,-0.05375474124400501,0.05375474124400501,266,312
N,312X291,-0.10660207725157791,0.10660207725157791,266,312
N,312X292,-0.14317990448509785,0.14317990448509785,266,312
N,312X293,-0.14732386821514407,0.14732386821514407,266,312
N,312X303,-0.15341088462370175,0.15341088462370175,266,312
N,312X307,0.177540092920961,0.177540092920961,266,312
N,312X308,0.15975430789060632,0.15975430789060632,266,312
N,312X310,0.1606171265658863,0.1606171265658863,266,312
N,312X311,0.11660912990009459,0.11660912990009459,266,312
N,312X315,0.04572301526398198,0.04572301526398198,266,312
N,312X327,0.015980337970471863,0.015980337970471863,266,312
N,312X328,-0.035377456883861264,0.035377456883861264,266,312
N,312X331,-0.0030757880663147634,0.0030757880663147634,266,312
N,312X332,-0.015022144249366936,0.015022144249366936,266,312
N,312X333,-0.04659076476662706,0.04659076476662706,266,312
N,312X334,-0.010977353404457053,0.010977353404457053,266,312
N,312X335,-0.0476211168814679,0.0476211168814679,266,312
N,312X337,0.11308904187119258,0.11308904187119258,266,312
N,312X338,0.052696588778850986,0.052696588778850986,266,312
N,312X339,-0.03160447784900957,0.03160447784900957,266,312
N,312X340,0.012245444994108992,0.012245444994108992,266,312
N,312X341,0.03855932267205645,0.03855932267205645,266,312
N,312X349,-0.07023406233844176,0.07023406233844176,266,312
N,312X350,-0.10646220431869277,0.10646220431869277,266,312
N,312X351,-0.1225168372218562,0.1225168372218562,266,312
N,312X352,-0.11487941478610599,0.11487941478610599,266,312
N,312X353,-0.10937418179494512,0.10937418179494512,266,312
N,312X355,-0.035092584277027106,0.035092584277027106,266,312
N,312X356,-0.06539283426689832,0.06539283426689832,266,312
N,312X357,-0.07742758482750661,0.07742758482750661,266,312
N,312X358,-0.10231178349485853,0.10231178349485853,266,312
N,312X359,-0.12170629618771583,0.12170629618771583,266,312
N,312X361,-0.03680825740074387,0.03680825740074387,266,312
N,312X362,-0.11240324364031427,0.11240324364031427,266,312
N,312X363,-0.10334901168280122,0.10334901168280122,266,312
N,312X364,-0.12802429358756026,0.12802429358756026,266,312
N,312X365,-0.12209784848111689,0.12209784848111689,266,312
N,312X373,-0.07533947074847921,0.07533947074847921,266,312
N,312X374,-0.06298064660517545,0.06298064660517545,266,312
N,312X375,-0.06852529470055588,0.06852529470055588,266,312
N,312X376,-0.06350423976676897,0.06350423976676897,266,312
N,312X377,-0.03301426780457072,0.03301426780457072,266,312
N,312X379,-0.09921001087974825,0.09921001087974825,266,312
N,312X380,-0.08093708278434306,0.08093708278434306,266,312
N,312X381,-0.10467443380398489,0.10467443380398489,266,312
N,312X382,-0.08341551805590446,0.08341551805590446,266,312
N,312X383,-0.04787207158621219,0.04787207158621219,266,312
N,312X385,-0.08449741034187935,0.08449741034187935,266,312
N,312X386,-0.07082787607145773,0.07082787607145773,266,312
N,312X387,-0.06972766386213579,0.06972766386213579,266,312
N,312X388,-0.0859969396777216,0.0859969396777216,266,312
N,312X389,-0.06748391064540257,0.06748391064540257,266,312
N,312X421,-0.06047093695880055,0.06047093695880055,266,312
N,312X423,0.12277783636578658,0.12277783636578658,266,312
N,312X424,0.030852177781081232,0.030852177781081232,266,312
N,312X425,0.13004640882209786,0.13004640882209786,266,312
N,312X426,-0.029602530545052793,0.029602530545052793,266,312
N,312X427,0.033709361597532135,0.033709361597532135,266,312
N,312X428,0.048204211685862544,0.048204211685862544,266,312
N,312X429,-0.07539067778009205,0.07539067778009205,266,312
N,312X430,0.020984825070685848,0.020984825070685848,266,312
N,312X434,-7.688281205298086e-05,7.688281205298086e-05,266,312
N,312X435,0.11055275320364254,0.11055275320364254,266,312
N,312X436,-0.03932679675325664,0.03932679675325664,266,312
N,312X438,0.05906708053551951,0.05906708053551951,266,312
N,312X439,-0.009071025872700554,0.009071025872700554,266,312
N,312X440,-0.06740136627627609,0.06740136627627609,266,312
N,312X441,-0.03717704823733853,0.03717704823733853,266,312
N,312X442,-0.07954699728394785,0.07954699728394785,266,312
N,312X444,-0.0034289419440448874,0.0034289419440448874,266,312
N,312X445,-0.15262754974586193,0.15262754974586193,266,312
N,312X446,-0.018105604418108958,0.018105604418108958,266,312
N,312X447,0.05580759900745314,0.05580759900745314,266,312
N,312X448,0.04770025455472118,0.04770025455472118,266,312
N,312X456,-0.03315012893348794,0.03315012893348794,266,312
N,312X457,0.10166490440849153,0.10166490440849153,266,312
N,312X458,0.10167756147619551,0.10167756147619551,266,312
N,312X459,0.035377456888751956,0.035377456888751956,266,312
N,312X462,-0.058960656587808656,0.058960656587808656,266,312
N,312X463,0.1016577058620133,0.1016577058620133,266,312
N,312X464,0.10168131050281724,0.10168131050281724,266,312
N,312X465,0.0904993209030003,0.0904993209030003,266,312
N,312X468,0.047489305782334346,0.047489305782334346,266,312
N,312X469,0.10167200551025138,0.10167200551025138,266,312
N,312X470,0.10165399670456905,0.10165399670456905,266,312
N,312X471,-0.07553044210380166,0.07553044210380166,266,312
N,312X474,-0.03283568746463904,0.03283568746463904,266,312
N,312X475,-0.005504539707373058,0.005504539707373058,266,312
N,312X476,-0.03592081173761517,0.03592081173761517,266,312
N,312X477,-0.08053104481443753,0.08053104481443753,266,312
N,312X478,0.09908586246570147,0.09908586246570147,266,312
N,312X480,-0.026273336036714206,0.026273336036714206,266,312
N,312X481,-0.08361301228628346,0.08361301228628346,266,312
N,312X482,-0.1255813771548195,0.1255813771548195,266,312
N,312X483,-0.13206632590706988,0.13206632590706988,266,312
N,312X486,-0.021061400249403416,0.021061400249403416,266,312
N,312X487,-0.11491461243389704,0.11491461243389704,266,312
N,312X488,-0.0970187994826945,0.0970187994826945,266,312
N,312X489,-0.05279318554108618,0.05279318554108618,266,312
N,312X511,0.10166490440849259,0.10166490440849259,266,312
N,312X516,-0.03676399192335923,0.03676399192335923,266,312
N,312X517,-0.11438713535557243,0.11438713535557243,266,312
N,312X518,-0.10735954511282077,0.10735954511282077,266,312
N,312X519,-0.11729821575564227,0.11729821575564227,266,312
N,312X520,-0.0990858624657019,0.0990858624657019,266,312
N,312X522,-0.03301675819568244,0.03301675819568244,266,312
N,312X523,-0.11331451582429831,0.11331451582429831,266,312
N,312X524,-0.06566823520283926,0.06566823520283926,266,312
N,312X525,-0.11977413118418176,0.11977413118418176,266,312
N,312X528,0.028695567231507676,0.028695567231507676,266,312
N,312X529,-0.0914152302855169,0.0914152302855169,266,312
N,312X530,-0.08376073931443354,0.08376073931443354,266,312
N,312X531,-0.08432127829655363,0.08432127829655363,266,312
N,312X552,0.0190939153725109,0.0190939153725109,266,312
N,312X553,-0.08067219423405352,0.08067219423405352,266,312
N,312X554,-0.08670262457653964,0.08670262457653964,266,312
N,312X555,-0.10264195718107594,0.10264195718107594,266,312
N,312X558,0.013910269244332536,0.013910269244332536,266,312
N,312X559,-0.07702960613783057,0.07702960613783057,266,312
N,312X560,-0.05054988699530906,0.05054988699530906,266,312
N,312X561,-0.10323273817531559,0.10323273817531559,266,312
N,312X564,0.03263835873511765,0.03263835873511765,266,312
N,312X565,-0.07938305264825832,0.07938305264825832,266,312
N,312X566,-0.09913046564529196,0.09913046564529196,266,312
N,312X567,-0.09950571335294124,0.09950571335294124,266,312
N,312X570,-0.011956159274055479,0.011956159274055479,266,312
N,312X574,0.02693322371613572,0.02693322371613572,266,312
N,312X576,-0.038980463079890226,0.038980463079890226,266,312
N,312X577,0.10167229338971089,0.10167229338971089,266,312
N,312X578,0.10166523952984839,0.10166523952984839,266,312
N,312X579,0.10164025573634056,0.10164025573634056,266,312
N,312X580,-0.028167499539129576,0.028167499539129576,266,312
N,312X582,0.04356672553260114,0.04356672553260114,266,312
N,312X583,0.10169665666905045,0.10169665666905045,266,312
N,312X584,0.10163069182966022,0.10163069182966022,266,312
N,312X585,0.10165538381474908,0.10165538381474908,266,312
N,312X586,0.005456429769917147,0.005456429769917147,266,312
N,312X588,-0.08305725787990867,0.08305725787990867,266,312
N,312X589,-0.0920309715331794,0.0920309715331794,266,312
N,312X590,-0.09246677946316775,0.09246677946316775,266,312
N,312X591,-0.13464157014327366,0.13464157014327366,266,312
N,312X592,-0.14433195875585997,0.14433195875585997,266,312
N,312X594,-0.07912925220005343,0.07912925220005343,266,312
N,312X595,-0.09134851478402949,0.09134851478402949,266,312
N,312X596,-0.09144686364288242,0.09144686364288242,266,312
N,312X597,-0.15593623403801446,0.15593623403801446,266,312
N,312X598,-0.14575284581099177,0.14575284581099177,266,312
N,312X600,-0.0827762743271408,0.0827762743271408,266,312
N,312X601,-0.10052661270416498,0.10052661270416498,266,312
N,312X603,-0.1341655043658467,0.1341655043658467,266,312
N,312X630,0.011194284008506333,0.011194284008506333,266,312
N,312X631,0.16445332612502125,0.16445332612502125,266,312
N,312X632,0.15637984478755507,0.15637984478755507,266,312
N,312X633,0.15614866372243336,0.15614866372243336,266,312
N,312X634,0.09271455111850982,0.09271455111850982,266,312
N,312X636,0.008749608460239625,0.008749608460239625,266,312
N,312X637,0.15536560746438663,0.15536560746438663,266,312
N,312X638,0.15047923482127365,0.15047923482127365,266,312
N,312X639,0.13414380472608348,0.13414380472608348,266,312
N,312X640,0.08381133525967642,0.08381133525967642,266,312
N,312X642,0.01282000876614272,0.01282000876614272,266,312
N,312X643,0.16258952994993717,0.16258952994993717,266,312
N,312X644,0.1568942143660846,0.1568942143660846,266,312
N,312X645,0.1415957344385064,0.1415957344385064,266,312
N,312X666,0.03638017371608734,0.03638017371608734,266,312
N,312X667,0.10160930478997698,0.10160930478997698,266,312
N,312X668,0.09080206575235551,0.09080206575235551,266,312
N,312X669,0.09836569191872437,0.09836569191872437,266,312
N,312X670,-0.03252485841465965,0.03252485841465965,266,312
N,312X672,0.034846316292855284,0.034846316292855284,266,312
N,312X673,0.10224832588685434,0.10224832588685434,266,312
N,312X674,0.09032719919387125,0.09032719919387125,266,312
N,312X675,0.09747886289730373,0.09747886289730373,266,312
N,312X676,-0.04061185843942575,0.04061185843942575,266,312
N,312X678,0.03615963599766046,0.03615963599766046,266,312
N,312X679,0.10128525810971802,0.10128525810971802,266,312
N,312X680,0.09149944187469225,0.09149944187469225,266,312
N,312X681,0.09810960315044022,0.09810960315044022,266,312
N,312X682,-0.025369837431858437,0.025369837431858437,266,312
N,312X690,-0.07857194803938398,0.07857194803938398,266,312
N,312X691,-0.08463867545613403,0.08463867545613403,266,312
N,312X692,-0.05475369054880095,0.05475369054880095,266,312
N,312X693,-0.028930328162046572,0.028930328162046572,266,312
N,312X694,-0.030673421548493267,0.030673421548493267,266,312
N,312X695,-0.0007345523025321712,0.0007345523025321712,266,312
N,312X696,-0.024212510725819383,0.024212510725819383,266,312
N,312X697,0.04219832331514968,0.04219832331514968,266,312
N,312X698,-0.035389808728898686,0.035389808728898686,266,312
N,312X699,0.006844608823427262,0.006844608823427262,266,312
N,312X700,0.01243203975665002,0.01243203975665002,266,312
N,312X701,-0.09305061426341266,0.09305061426341266,266,312
N,312X702,0.024998386206875955,0.024998386206875955,266,312
N,312X703,0.04565940195393079,0.04565940195393079,266,312
N,312X704,-0.04737184208148749,0.04737184208148749,266,312
N,312X710,0.0036716908223312634,0.0036716908223312634,266,312
N,312X711,0.010406453549669818,0.010406453549669818,266,312
N,312X712,-0.008152018633012915,0.008152018633012915,266,312
N,312X713,-0.031670102110328266,0.031670102110328266,266,312
N,312X714,-0.03170812405036763,0.03170812405036763,266,312
N,312X716,0.011697325339462564,0.011697325339462564,266,312
N,312X717,0.008627470182554012,0.008627470182554012,266,312
N,312X718,-0.006872930970434821,0.006872930970434821,266,312
N,312X719,-0.030250275216426165,0.030250275216426165,266,312
N,312X720,-0.03065067626962997,0.03065067626962997,266,312
N,312X722,-0.004785205649892398,0.004785205649892398,266,312
N,312X723,0.0071923688014522875,0.0071923688014522875,266,312
N,312X724,-0.010315967806266037,0.010315967806266037,266,312
N,312X725,-0.03270314760615769,0.03270314760615769,266,312
N,312X726,-0.032953863122739,0.032953863122739,266,312
N,312X728,0.09076079730844548,0.09076079730844548,266,312
N,312X729,0.08562587962992893,0.08562587962992893,266,312
N,312X730,0.08757975151171246,0.08757975151171246,266,312
N,312X731,0.08556450213208508,0.08556450213208508,266,312
N,312X732,0.08885737614904372,0.08885737614904372,266,312
N,312X734,0.09130578078692334,0.09130578078692334,266,312
N,312X735,0.08770913935138087,0.08770913935138087,266,312
N,312X736,0.08859276728042471,0.08859276728042471,266,312
N,312X737,0.0882747640881791,0.0882747640881791,266,312
N,312X738,0.0907897510696801,0.0907897510696801,266,312
N,312X740,0.08396164763240857,0.08396164763240857,266,312
N,312X741,0.08133342038310235,0.08133342038310235,266,312
N,312X742,0.08351044147738347,0.08351044147738347,266,312
N,312X743,0.08043090700672016,0.08043090700672016,266,312
N,312X744,0.0874833164241647,0.0874833164241647,266,312
N,312X752,0.0007481168639866937,0.0007481168639866937,266,312
N,312X753,-0.08824162919508112,0.08824162919508112,266,312
N,312X754,-0.09214600655455511,0.09214600655455511,266,312
N,312X755,-0.07539067778008796,0.07539067778008796,266,312
N,312X758,-0.019042003258247703,0.019042003258247703,266,312
N,312X759,-0.0369363371204383,0.0369363371204383,266,312
N,312X760,-0.05740037218670813,0.05740037218670813,266,312
N,312X761,-0.06803854044774216,0.06803854044774216,266,312
N,312X762,-0.06519374131916679,0.06519374131916679,266,312
N,312X764,-0.0192059671785535,0.0192059671785535,266,312
N,312X765,-0.032860831231963525,0.032860831231963525,266,312
N,312X766,-0.05487907184787823,0.05487907184787823,266,312
N,312X767,-0.0661736470360429,0.0661736470360429,266,312
N,312X768,-0.06691144695818992,0.06691144695818992,266,312
N,312X770,-0.015835741499929865,0.015835741499929865,266,312
N,312X771,-0.0402801387146181,0.0402801387146181,266,312
N,312X772,-0.06073213754041369,0.06073213754041369,266,312
N,312X773,-0.06762749186852075,0.06762749186852075,266,312
N,312X774,-0.06368295155984445,0.06368295155984445,266,312
N,312X776,0.0502502010901477,0.0502502010901477,266,312
N,312X777,0.05288203883569091,0.05288203883569091,266,312
N,312X778,0.050790457957276075,0.050790457957276075,266,312
N,312X779,0.044264948458245815,0.044264948458245815,266,312
N,312X780,0.05774484839111258,0.05774484839111258,266,312
N,312X782,0.0562072854840322,0.0562072854840322,266,312
N,312X783,0.0475239618454819,0.0475239618454819,266,312
N,312X784,0.04778330071991052,0.04778330071991052,266,312
N,312X785,0.04356523187125915,0.04356523187125915,266,312
N,312X786,0.06804730295649203,0.06804730295649203,266,312
N,312X788,0.046141365112691055,0.046141365112691055,266,312
N,312X789,0.04954496025784062,0.04954496025784062,266,312
N,312X790,0.03973257389111888,0.03973257389111888,266,312
N,312X791,0.04133961203970065,0.04133961203970065,266,312
N,312X792,0.06369113085557379,0.06369113085557379,266,312
N,330X1,-0.09736016097709743,0.09736016097709743,266,330
N,330X3,0.21588079954065612,0.21588079954065612,266,330
N,330X6,0.2185131191648728,0.2185131191648728,266,330
N,330X9,0.21270326014009525,0.21270326014009525,266,330
N,330X11,-0.04299638201576533,0.04299638201576533,266,330
N,330X13,0.058187782461478946,0.058187782461478946,266,330
N,330X16,0.07574320583626684,0.07574320583626684,266,330
N,330X19,0.03790855360855347,0.03790855360855347,266,330
N,330X21,-0.0046058125424463065,0.0046058125424463065,266,330
N,330X23,0.09614823706647484,0.09614823706647484,266,330
N,330X26,0.0965735301107719,0.0965735301107719,266,330
N,330X29,0.0954535806891599,0.0954535806891599,266,330
N,330X31,0.08277369159054714,0.08277369159054714,266,330
N,330X41,-0.06456424593532147,0.06456424593532147,266,330
N,330X43,-0.14638830251108192,0.14638830251108192,266,330
N,330X46,-0.14454697842336447,0.14454697842336447,266,330
N,330X49,-0.14760622917546912,0.14760622917546912,266,330
N,330X51,-0.08591297364542454,0.08591297364542454,266,330
N,330X53,0.08669136734304568,0.08669136734304568,266,330
N,330X56,0.08874738055629686,0.08874738055629686,266,330
N,330X59,0.08380946834798483,0.08380946834798483,266,330
N,330X61,-0.07953991601051814,0.07953991601051814,266,330
N,330X63,0.20637546076290028,0.20637546076290028,266,330
N,330X66,0.20570924482468203,0.20570924482468203,266,330
N,330X69,0.20749249808892667,0.20749249808892667,266,330
N,330X71,-0.04985670610447124,0.04985670610447124,266,330
N,330X73,0.20733087729430144,0.20733087729430144,266,330
N,330X76,0.2066920238855967,0.2066920238855967,266,330
N,330X79,0.20833205725062975,0.20833205725062975,266,330
N,330X81,0.05015669639146945,0.05015669639146945,266,330
N,330X91,-0.015132762720415282,0.015132762720415282,266,330
N,330X98,0.06580474926201298,0.06580474926201298,266,330
N,330X100,0.05081367460089746,0.05081367460089746,266,330
N,330X102,-0.044592252161201475,0.044592252161201475,266,330
N,330X104,-0.08840564403288954,0.08840564403288954,266,330
N,330X105,0.04723206693152391,0.04723206693152391,266,330
N,330X107,0.07858994218531817,0.07858994218531817,266,330
N,330X109,0.10669458537910353,0.10669458537910353,266,330
N,330X111,0.023567690579146573,0.023567690579146573,266,330
N,330X112,0.04758605056997,0.04758605056997,266,330
N,330X114,0.07638161281686358,0.07638161281686358,266,330
N,330X116,0.10817968341905253,0.10817968341905253,266,330
N,330X118,0.022282763495777177,0.022282763495777177,266,330
N,330X119,0.06953403872033001,0.06953403872033001,266,330
N,330X121,0.06654331988316031,0.06654331988316031,266,330
N,330X123,0.09959316974326052,0.09959316974326052,266,330
N,330X125,0.015216266113213533,0.015216266113213533,266,330
N,330X126,0.06727376412600354,0.06727376412600354,266,330
N,330X128,0.05623483547431337,0.05623483547431337,266,330
N,330X130,0.09051470997563142,0.09051470997563142,266,330
N,330X132,0.009964344423550632,0.009964344423550632,266,330
N,330X133,0.0682440516505569,0.0682440516505569,266,330
N,330X135,0.04992617017434639,0.04992617017434639,266,330
N,330X137,0.08482811466629346,0.08482811466629346,266,330
N,330X139,0.005119539082158776,0.005119539082158776,266,330
N,330X140,-0.0009371014117171881,0.0009371014117171881,266,330
N,330X142,0.005890276589523673,0.005890276589523673,266,330
N,330X144,0.04359629638678099,0.04359629638678099,266,330
N,330X146,-0.027364999381359466,0.027364999381359466,266,330
N,330X147,-0.0019294859465811974,0.0019294859465811974,266,330
N,330X149,-0.0028115847756799584,0.0028115847756799584,266,330
N,330X152,0.03282850071294041,0.03282850071294041,266,330
N,330X155,-0.034363056430110915,0.034363056430110915,266,330
N,330X157,-0.0013720466517903494,0.0013720466517903494,266,330
N,330X159,0.04202837673990428,0.04202837673990428,266,330
N,330X162,0.07281357479095568,0.07281357479095568,266,330
N,330X165,0.000718183674612743,0.000718183674612743,266,330
N,330X167,-0.025099872361571622,0.025099872361571622,266,330
N,330X169,0.0777433505789165,0.0777433505789165,266,330
N,330X172,0.10124555616180772,0.10124555616180772,266,330
N,330X175,0.032781874599494595,0.032781874599494595,266,330
N,330X177,-0.02464140227872701,0.02464140227872701,266,330
N,330X179,0.0994867580420895,0.0994867580420895,266,330
N,330X182,0.11697648251940697,0.11697648251940697,266,330
N,330X185,0.055710422734450836,0.055710422734450836,266,330
N,330X188,-0.07208815705638684,0.07208815705638684,266,330
N,330X189,0.051356633610646116,0.051356633610646116,266,330
N,330X191,0.020778681866555737,0.020778681866555737,266,330
N,330X193,0.04770566699946157,0.04770566699946157,266,330
N,330X195,-0.012951447702160475,0.012951447702160475,266,330
N,330X196,-0.025234783711390957,0.025234783711390957,266,330
N,330X198,0.0828933629636949,0.0828933629636949,266,330
N,330X201,0.1060189662456781,0.1060189662456781,266,330
N,330X204,0.03142993491697755,0.03142993491697755,266,330
N,330X206,-0.013085717415732058,0.013085717415732058,266,330
N,330X208,0.03502012109943415,0.03502012109943415,266,330
N,330X211,0.06740679365696811,0.06740679365696811,266,330
N,330X214,-0.010306724804536174,0.010306724804536174,266,330
N,330X216,-0.013979993152317476,0.013979993152317476,266,330
N,330X218,0.08958762049013098,0.08958762049013098,266,330
N,330X221,0.11029579630929331,0.11029579630929331,266,330
N,330X224,0.041488051495589255,0.041488051495589255,266,330
N,330X226,-0.013464212378792062,0.013464212378792062,266,330
N,330X228,0.10442860324650628,0.10442860324650628,266,330
N,330X231,0.12374723192620038,0.12374723192620038,266,330
N,330X234,0.05425634544293223,0.05425634544293223,266,330
N,330X236,0.07550735918472376,0.07550735918472376,266,330
N,330X238,0.12176523527285997,0.12176523527285997,266,330
N,330X241,0.13652627640852041,0.13652627640852041,266,330
N,330X244,0.07387322224406173,0.07387322224406173,266,330
N,330X246,0.0769492261401414,0.0769492261401414,266,330
N,330X248,0.13089676994256635,0.13089676994256635,266,330
N,330X251,0.14563484941772561,0.14563484941772561,266,330
N,330X254,0.08281984928935941,0.08281984928935941,266,330
N,330X256,0.0760393385640356,0.0760393385640356,266,330
N,330X258,0.13837256598989703,0.13837256598989703,266,330
N,330X261,0.1498357691412286,0.1498357691412286,266,330
N,330X264,0.0937446854782819,0.0937446854782819,266,330
N,330X266,0.07260434557743271,0.07260434557743271,266,330
N,330X268,0.13878975963460835,0.13878975963460835,266,330
N,330X271,0.14802361483642298,0.14802361483642298,266,330
N,330X274,0.10024760020005663,0.10024760020005663,266,330
N,330X276,0.07210838359417444,0.07210838359417444,266,330
N,330X278,0.12122454632464807,0.12122454632464807,266,330
N,330X281,0.13398827930884202,0.13398827930884202,266,330
N,330X284,0.07837040799886441,0.07837040799886441,266,330
N,330X286,0.0723451788335271,0.0723451788335271,266,330
N,330X288,0.13170582804402736,0.13170582804402736,266,330
N,330X291,0.14075820318493074,0.14075820318493074,266,330
N,330X294,0.09702507378281816,0.09702507378281816,266,330
N,330X296,0.04987438370371261,0.04987438370371261,266,330
N,330X298,0.006307240217440558,0.006307240217440558,266,330
N,330X300,0.04115646009952415,0.04115646009952415,266,330
N,330X302,-0.030628166732561534,0.030628166732561534,266,330
N,330X303,0.11117241334095099,0.11117241334095099,266,330
N,330X305,0.11592903680307923,0.11592903680307923,266,330
N,330X308,0.12685096218259054,0.12685096218259054,266,330
N,330X311,0.08137180212918865,0.08137180212918865,266,330
N,330X313,0.10571506685665992,0.10571506685665992,266,330
N,330X315,0.10460039162476911,0.10460039162476911,266,330
N,330X318,0.1170422740059945,0.1170422740059945,266,330
N,330X321,0.07083448723605738,0.07083448723605738,266,330
N,330X323,0.10843296307311645,0.10843296307311645,266,330
N,330X325,0.09471034950072837,0.09471034950072837,266,330
N,330X328,0.10852480699902141,0.10852480699902141,266,330
N,330X331,0.062442773869025595,0.062442773869025595,266,330
N,330X333,-0.01659149277944903,0.01659149277944903,266,330
N,330X335,0.07252538074039722,0.07252538074039722,266,330
N,330X338,0.09040629087206063,0.09040629087206063,266,330
N,330X341,0.04039786063455471,0.04039786063455471,266,330
N,330X343,-0.01752501549129772,0.01752501549129772,266,330
N,330X345,0.06594673807609339,0.06594673807609339,266,330
N,330X348,0.084343916126621,0.084343916126621,266,330
N,330X351,0.03561401930893826,0.03561401930893826,266,330
N,330X353,-0.017052025104558072,0.017052025104558072,266,330
N,330X355,0.0559550248006454,0.0559550248006454,266,330
N,330X358,0.0759741529066537,0.0759741529066537,266,330
N,330X361,0.023952369620986264,0.023952369620986264,266,330
N,330X363,0.1724628073564764,0.1724628073564764,266,330
N,330X365,0.03844548913049536,0.03844548913049536,266,330
N,330X368,0.061803094769467944,0.061803094769467944,266,330
N,330X371,0.006314662870071629,0.006314662870071629,266,330
N,330X373,0.17246313872044033,0.17246313872044033,266,330
N,330X375,0.027143386093367347,0.027143386093367347,266,330
N,330X378,0.05221251455623659,0.05221251455623659,266,330
N,330X381,-0.006190164408205094,0.006190164408205094,266,330
N,330X383,0.17246496239981984,0.17246496239981984,266,330
N,330X385,0.01984500445241394,0.01984500445241394,266,330
N,330X388,0.045678546131841434,0.045678546131841434,266,330
N,330X391,-0.013684616832072186,0.013684616832072186,266,330
N,330X393,0.19604031864895674,0.19604031864895674,266,330
N,330X395,-0.004941893930554829,0.004941893930554829,266,330
N,330X398,0.02750607020643983,0.02750607020643983,266,330
N,330X401,-0.036860257935133055,0.036860257935133055,266,330
N,330X403,0.0493421162676258,0.0493421162676258,266,330
N,330X405,0.07637210237474465,0.07637210237474465,266,330
N,330X407,0.1022408748189654,0.1022408748189654,266,330
N,330X409,0.025737064572576615,0.025737064572576615,266,330
N,330X410,0.1964319703537181,0.1964319703537181,266,330
N,330X412,-0.05646589986585196,0.05646589986585196,266,330
N,330X415,-0.014457659968000674,0.014457659968000674,266,330
N,330X418,-0.08272347597631216,0.08272347597631216,266,330
N,330X420,0.19606498708395032,0.19606498708395032,266,330
N,330X422,-0.06635646773375929,0.06635646773375929,266,330
N,330X425,-0.020111669054377425,0.020111669054377425,266,330
N,330X428,-0.08894636077197178,0.08894636077197178,266,330
N,330X430,-0.18595076638358465,0.18595076638358465,266,330
N,330X432,-0.050012359688804194,0.050012359688804194,266,330
N,330X435,-0.0026392024419177426,0.0026392024419177426,266,330
N,330X438,-0.07478077791653273,0.07478077791653273,266,330
N,330X440,-0.1781724654875544,0.1781724654875544,266,330
N,330X442,-0.058269484829175246,0.058269484829175246,266,330
N,330X445,-0.013548183789490718,0.013548183789490718,266,330
N,330X448,-0.07938407073942584,0.07938407073942584,266,330
N,330X450,-0.18361308968156764,0.18361308968156764,266,330
N,330X452,-0.04390166314919162,0.04390166314919162,266,330
N,330X455,-0.005977619928293899,0.005977619928293899,266,330
N,330X458,-0.06269944246887406,0.06269944246887406,266,330
N,330X460,0.13373509184863988,0.13373509184863988,266,330
N,330X462,-0.0734119638538025,0.0734119638538025,266,330
N,330X465,-0.042451543160071686,0.042451543160071686,266,330
N,330X468,-0.08538101400432567,0.08538101400432567,266,330
N,330X470,0.13803922519950285,0.13803922519950285,266,330
N,330X472,-0.03566530059433833,0.03566530059433833,266,330
N,330X475,-0.0036314935101084966,0.0036314935101084966,266,330
N,330X478,-0.05572035611239784,0.05572035611239784,266,330
N,330X480,0.1366356889566045,0.1366356889566045,266,330
N,330X482,-0.03805843235711818,0.03805843235711818,266,330
N,330X485,-0.012627556748876124,0.012627556748876124,266,330
N,330X488,-0.041608810223893365,0.041608810223893365,266,330
N,330X490,0.1336934876038631,0.1336934876038631,266,330
N,330X492,-0.037687204360100146,0.037687204360100146,266,330
N,330X495,-0.012537176468404144,0.012537176468404144,266,330
N,330X498,-0.04152382451948416,0.04152382451948416,266,330
N,330X500,0.13080295559309676,0.13080295559309676,266,330
N,330X502,-0.035713016345399036,0.035713016345399036,266,330
N,330X505,-0.010486436087241566,0.010486436087241566,266,330
N,330X508,-0.03951348938069121,0.03951348938069121,266,330
N,330X510,0.04959729647499169,0.04959729647499169,266,330
N,330X512,0.10380179758557635,0.10380179758557635,266,330
N,330X514,0.12642434719676907,0.12642434719676907,266,330
N,330X516,0.05045856482977309,0.05045856482977309,266,330
N,330X517,0.13276265841377788,0.13276265841377788,266,330
N,330X519,-0.006044178899640005,0.006044178899640005,266,330
N,330X522,0.02250786405367922,0.02250786405367922,266,330
N,330X525,-0.01833331167013704,0.01833331167013704,266,330
N,330X527,0.12285500729565679,0.12285500729565679,266,330
N,330X529,-0.011419333336806944,0.011419333336806944,266,330
N,330X532,0.018457314100832903,0.018457314100832903,266,330
N,330X535,-0.023806540413916447,0.023806540413916447,266,330
N,330X537,0.12982105400426514,0.12982105400426514,266,330
N,330X539,0.021323374135701435,0.021323374135701435,266,330
N,330X541,0.05556126733171909,0.05556126733171909,266,330
N,330X544,-0.0030206131437652494,0.0030206131437652494,266,330
N,330X546,0.12681451384405504,0.12681451384405504,266,330
N,330X548,0.0759834726934083,0.0759834726934083,266,330
N,330X550,0.10600088801616665,0.10600088801616665,266,330
N,330X552,0.03311845731325882,0.03311845731325882,266,330
N,330X553,-0.0016802004148599272,0.0016802004148599272,266,330
N,330X555,0.10994492322317134,0.10994492322317134,266,330
N,330X557,0.1319321662667033,0.1319321662667033,266,330
N,330X559,0.060478090333611345,0.060478090333611345,266,330
N,330X560,-0.000620378707532651,0.000620378707532651,266,330
N,330X562,0.14266805212838723,0.14266805212838723,266,330
N,330X564,0.15173772228060556,0.15173772228060556,266,330
N,330X566,0.0999661563422992,0.0999661563422992,266,330
N,330X567,-0.0010572080983980098,0.0010572080983980098,266,330
N,330X569,0.16203185904258166,0.16203185904258166,266,330
N,330X571,0.16495294027001828,0.16495294027001828,266,330
N,330X573,0.13174025092795097,0.13174025092795097,266,330
N,330X574,0.034746670310856556,0.034746670310856556,266,330
N,330X576,0.18266266260160066,0.18266266260160066,266,330
N,330X578,0.18196659682848698,0.18196659682848698,266,330
N,330X580,0.16413697236916003,0.16413697236916003,266,330
N,330X581,0.034900420973506555,0.034900420973506555,266,330
N,330X583,0.20811013934656428,0.20811013934656428,266,330
N,330X585,0.20547755079017854,0.20547755079017854,266,330
N,330X587,0.19553409713651834,0.19553409713651834,266,330
N,330X588,0.03478833962566216,0.03478833962566216,266,330
N,330X590,0.22516792982162856,0.22516792982162856,266,330
N,330X592,0.22319398736744384,0.22319398736744384,266,330
N,330X594,0.2185854939613851,0.2185854939613851,266,330
N,330X595,0.08539736825077641,0.08539736825077641,266,330
N,330X597,0.1220716499948908,0.1220716499948908,266,330
N,330X599,0.14202137282299368,0.14202137282299368,266,330
N,330X601,0.061806083866256224,0.061806083866256224,266,330
N,330X602,0.0844123361794495,0.0844123361794495,266,330
N,330X604,0.12341131202492932,0.12341131202492932,266,330
N,330X606,0.1419603437659543,0.1419603437659543,266,330
N,330X608,0.061345131648583726,0.061345131648583726,266,330
N,330X609,0.08504420803938181,0.08504420803938181,266,330
N,330X611,0.12173078107216245,0.12173078107216245,266,330
N,330X613,0.14206958971776376,0.14206958971776376,266,330
N,330X615,0.05904823275880398,0.05904823275880398,266,330
N,330X616,0.047832907388755896,0.047832907388755896,266,330
N,330X618,0.08585991117901703,0.08585991117901703,266,330
N,330X620,0.11389208307391893,0.11389208307391893,266,330
N,330X622,0.02685913346636432,0.02685913346636432,266,330
N,330X626,0.05171257744185781,0.05171257744185781,266,330
N,330X628,-0.16472537786758756,0.16472537786758756,266,330
N,330X630,-0.1631472174182651,0.1631472174182651,266,330
N,330X632,-0.16672943117692646,0.16672943117692646,266,330
N,330X633,-0.03278294970042879,0.03278294970042879,266,330
N,330X635,0.20107348629259172,0.20107348629259172,266,330
N,330X637,0.2010721807656802,0.2010721807656802,266,330
N,330X639,0.20107189518642274,0.20107189518642274,266,330
N,330X640,-0.04660145916854504,0.04660145916854504,266,330
N,330X642,-0.027080332261171926,0.027080332261171926,266,330
N,330X669,0.2259776117759452,0.2259776117759452,266,330
N,330X671,-0.0016229978462875994,0.0016229978462875994,266,330
N,330X674,-0.0011924098043462053,0.0011924098043462053,266,330
N,330X677,-0.002127945382354017,0.002127945382354017,266,330
N,330X689,0.048004995928601385,0.048004995928601385,266,330
N,330X691,0.059828433733815,0.059828433733815,266,330
N,330X694,0.06021447265549316,0.06021447265549316,266,330
N,330X697,0.059398034945630326,0.059398034945630326,266,330
N,330X699,0.043485597609543465,0.043485597609543465,266,330
N,330X701,-0.043677902817631474,0.043677902817631474,266,330
N,330X704,-0.043301617777036276,0.043301617777036276,266,330
N,330X707,-0.044243352191831176,0.044243352191831176,266,330
N,330X709,0.174368140947437,0.174368140947437,266,330
N,330X714,-0.0323682417491149,0.0323682417491149,266,330
N,330X717,-0.03331856070907777,0.03331856070907777,266,330
N,330X719,0.18402606922877376,0.18402606922877376,266,330
N,330X729,0.18401435753101372,0.18401435753101372,266,330
N,330X749,-0.18381869625082814,0.18381869625082814,266,330
N,330X759,-0.18389989498617434,0.18389989498617434,266,330
N,330X769,0.2087908865768678,0.2087908865768678,266,330
N,330X771,0.06851783999436839,0.06851783999436839,266,330
N,330X774,0.07049034525857954,0.07049034525857954,266,330
N,330X777,0.06684305013185432,0.06684305013185432,266,330
N,330X788,0.21661009294475925,0.21661009294475925,266,330
N,330X790,-0.004050093217353786,0.004050093217353786,266,330
N,330X793,-0.0033545481004843294,0.0033545481004843294,266,330
N,330X798,-0.1680348823002607,0.1680348823002607,266,330
N,330X800,-0.1795077394231386,0.1795077394231386,266,330
N,330X803,-0.1789485989577589,0.1789485989577589,266,330
N,330X806,-0.1799563760341828,0.1799563760341828,266,330
N,330X808,0.17311416114186157,0.17311416114186157,266,330
N,330X810,0.02093498771804769,0.02093498771804769,266,330
N,330X813,0.020755386907241245,0.020755386907241245,266,330
N,330X816,0.021008301338116833,0.021008301338116833,266,330
N,330X818,0.1734956725482803,0.1734956725482803,266,330
N,330X828,0.18398101637226097,0.18398101637226097,266,330
N,330X858,-0.1839205716438675,0.1839205716438675,266,330
N,330X878,-0.10226877334619335,0.10226877334619335,266,330
N,330X889,-0.10226911593213704,0.10226911593213704,266,330
N,330X890,-0.08602295639194805,0.08602295639194805,266,330
N,330X893,0.07627487635827089,0.07627487635827089,266,330
N,330X895,0.0704157827990385,0.0704157827990385,266,330
N,330X897,0.07855518191571251,0.07855518191571251,266,330
N,330X900,0.16687478591522384,0.16687478591522384,266,330
N,330X902,0.17058807093331294,0.17058807093331294,266,330
N,330X904,0.16026772716929535,0.16026772716929535,266,330
N,330X910,0.06008528360589389,0.06008528360589389,266,330
N,330X913,0.06173384032648831,0.06173384032648831,266,330
N,330X916,0.058697159993417646,0.058697159993417646,266,330
N,330X920,0.014464850656137061,0.014464850656137061,266,330
N,330X923,0.007917786956471717,0.007917786956471717,266,330
N,330X926,0.01913201683950285,0.01913201683950285,266,330
N,330X930,-0.09545818407897945,0.09545818407897945,266,330
N,330X933,-0.09457398551536798,0.09457398551536798,266,330
N,330X936,-0.09653921435136163,0.09653921435136163,266,330
N,330X940,-0.0876238612416618,0.0876238612416618,266,330
N,330X943,-0.09477265991158272,0.09477265991158272,266,330
N,330X946,-0.08038429734754528,0.08038429734754528,266,330
N,330X950,0.08366647982900574,0.08366647982900574,266,330
N,330X953,0.0826050133479753,0.0826050133479753,266,330
N,330X956,0.08341150656099489,0.08341150656099489,266,330
N,330X960,-0.008113697944999521,0.008113697944999521,266,330
N,330X963,-0.015831106382827087,0.015831106382827087,266,330
N,330X966,-0.0009587861690493929,0.0009587861690493929,266,330
N,330X970,0.07392870739801077,0.07392870739801077,266,330
N,330X973,0.07626701953918176,0.07626701953918176,266,330
N,330X976,0.07275040091638661,0.07275040091638661,266,330
N,330X980,0.08286958381232704,0.08286958381232704,266,330
N,330X983,0.07992998712361253,0.07992998712361253,266,330
N,330X986,0.08557003766682424,0.08557003766682424,266,330
N,330X990,0.1007436474818691,0.1007436474818691,266,330
N,330X993,0.10036376571068611,0.10036376571068611,266,330
N,330X996,0.10240788131988891,0.10240788131988891,266,330
N,330X1000,0.04471353399050362,0.04471353399050362,266,330
N,330X1003,0.039563104331908176,0.039563104331908176,266,330
N,330X1006,0.04915064292883828,0.04915064292883828,266,330
N,330X1010,0.0967349359084905,0.0967349359084905,266,330
N,330X1013,0.1014043045302395,0.1014043045302395,266,330
N,330X1016,0.09316246212635076,0.09316246212635076,266,330
N,330X1020,0.14513827174824606,0.14513827174824606,266,330
N,330X1030,0.12797765159217048,0.12797765159217048,266,330
N,330X1032,0.12732877615855345,0.12732877615855345,266,330
N,330X1034,0.12784654398422782,0.12784654398422782,266,330
N,330X1037,0.1882078406228726,0.1882078406228726,266,330
N,330X1039,0.18914238316946466,0.18914238316946466,266,330
N,330X1041,0.18791689561683728,0.18791689561683728,266,330
N,330X1042,0.08245998284448619,0.08245998284448619,266,330
N,330X1053,-0.023009119062489054,0.023009119062489054,266,330
N,330X1077,0.11969003823282053,0.11969003823282053,266,330
N,330X1080,0.11255919072575218,0.11255919072575218,266,330
N,330X1083,0.12967988938120784,0.12967988938120784,266,330
N,330X1087,0.2158499954184603,0.2158499954184603,266,330
N,330X1090,0.2182259176476273,0.2182259176476273,266,330
N,330X1093,0.21525036583806342,0.21525036583806342,266,330
N,330X1097,0.09721509362525818,0.09721509362525818,266,330
N,330X1100,0.08364139486838648,0.08364139486838648,266,330
N,330X1103,0.11167402546331656,0.11167402546331656,266,330
N,330X1107,0.1730498263703817,0.1730498263703817,266,330
N,330X1127,0.02770258335664066,0.02770258335664066,266,330
N,330X1130,0.027670203090332503,0.027670203090332503,266,330
N,330X1133,0.02777568909737236,0.02777568909737236,266,330
N,330X1147,-0.06596895474876219,0.06596895474876219,266,330
N,330X1150,-0.0663285056975511,0.0663285056975511,266,330
N,330X1153,-0.06607107131787643,0.06607107131787643,266,330
N,330X1157,0.114768560175137,0.114768560175137,266,330
N,330X1160,0.14335449766006442,0.14335449766006442,266,330
N,330X1163,0.07097650773560597,0.07097650773560597,266,330
N,330X1166,-0.10621855755197661,0.10621855755197661,266,330
N,330X1168,-0.0465734981124432,0.0465734981124432,266,330
N,330X1173,0.12690225906804267,0.12690225906804267,266,330
N,330X1175,0.12973851354229798,0.12973851354229798,266,330
N,330X1177,0.12392516227772635,0.12392516227772635,266,330
N,330X1180,0.2206546633297191,0.2206546633297191,266,330
N,330X1182,0.2220219816374695,0.2220219816374695,266,330
N,330X1184,0.22014147009909293,0.22014147009909293,266,330
N,330X1187,0.07355844235873171,0.07355844235873171,266,330
N,330X1189,0.07481837419647201,0.07481837419647201,266,330
N,330X1191,0.0727672942032337,0.0727672942032337,266,330
N,330X1194,0.21116544720757646,0.21116544720757646,266,330
N,330X1196,0.2163326380405492,0.2163326380405492,266,330
N,330X1198,0.20322581714930968,0.20322581714930968,266,330
N,330X1201,0.11531789543708788,0.11531789543708788,266,330
N,330X1203,0.1175218052148434,0.1175218052148434,266,330
N,330X1205,0.11201824621276937,0.11201824621276937,266,330
N,330X1208,0.21993845542372345,0.21993845542372345,266,330
N,330X1210,0.22238504932418468,0.22238504932418468,266,330
N,330X1212,0.2148796021906513,0.2148796021906513,266,330
N,330X1218,0.049494564315074964,0.049494564315074964,266,330
N,330X1221,0.06489388773801942,0.06489388773801942,266,330
N,330X1225,0.10042097571965561,0.10042097571965561,266,330
N,330X1227,0.10046432469493831,0.10046432469493831,266,330
N,330X1229,0.1003952575422024,0.1003952575422024,266,330
N,330X1232,-0.09928667713093284,0.09928667713093284,266,330
N,330X1234,-0.09925311824601728,0.09925311824601728,266,330
N,330X1236,-0.09930446007767166,0.09930446007767166,266,330
N,330X1249,0.015070729221028189,0.015070729221028189,266,330
N,330X1251,0.016797217687337336,0.016797217687337336,266,330
N,330X1253,0.0057977703486146,0.0057977703486146,266,330
N,330X1256,0.1588440418642824,0.1588440418642824,266,330
N,330X1258,0.15597218923894077,0.15597218923894077,266,330
N,330X1261,0.1502599116735703,0.1502599116735703,266,330
N,340X1,-0.0339878960687483,0.0339878960687483,266,340
N,340X2,0.08634762197688152,0.08634762197688152,266,340
N,340X3,0.09546872557772071,0.09546872557772071,266,340
N,340X4,-0.10900659601033538,0.10900659601033538,266,340
N,340X5,0.04420886618467074,0.04420886618467074,266,340
N,340X6,-0.11461632458512339,0.11461632458512339,266,340
N,340X7,0.03973062533471176,0.03973062533471176,266,340
N,340X8,-0.06562893479286877,0.06562893479286877,266,340
N,340X9,0.11276097655259304,0.11276097655259304,266,340
N,340X10,0.05158737815890037,0.05158737815890037,266,340
N,340X11,0.005100629568260365,0.005100629568260365,266,340
N,340X13,0.012591498067101463,0.012591498067101463,266,340
N,340X15,0.006833638839190764,0.006833638839190764,266,340
N,340X17,0.036666443297433314,0.036666443297433314,266,340
N,340X18,-0.15004805816372074,0.15004805816372074,266,340
N,340X19,0.04551659469936904,0.04551659469936904,266,340
N,340X20,0.08816024221584455,0.08816024221584455,266,340
N,340X21,0.07169649105617565,0.07169649105617565,266,340
N,340X22,0.06784060552330905,0.06784060552330905,266,340
N,340X24,-0.016978115938109387,0.016978115938109387,266,340
N,340X25,-0.009318332355799978,0.009318332355799978,266,340
N,340X26,-0.016296562294145518,0.016296562294145518,266,340
N,340X27,-0.08555418532255868,0.08555418532255868,266,340
N,340X28,-0.07602709620999679,0.07602709620999679,266,340
N,340X29,-0.0837919392866181,0.0837919392866181,266,340
N,ERROR:#N/A (#2),0.12699483554038177,0.12699483554038177,266,UNKNOWN
N,340X31,-0.1568084654423535,0.1568084654423535,266,340
N,340X33,-0.011488005962834958,0.011488005962834958,266,340
N,340X34,-0.01107994269226627,0.01107994269226627,266,340
N,340X35,-0.011647050215570642,0.011647050215570642,266,340
N,340X36,-0.012277395735352931,0.012277395735352931,266,340
N,340X37,0.006155422908447172,0.006155422908447172,266,340
N,340X38,0.006287916195841207,0.006287916195841207,266,340
N,340X39,0.015242466716549672,0.015242466716549672,266,340
N,340X40,0.0067135557835525566,0.0067135557835525566,266,340
N,340X41,0.006805476675145141,0.006805476675145141,266,340
N,340X42,0.005507997569631303,0.005507997569631303,266,340
N,340X43,0.02020267265419491,0.02020267265419491,266,340
N,340X44,0.017929821495258572,0.017929821495258572,266,340
N,340X45,0.0024476077219968222,0.0024476077219968222,266,340
N,340X46,-0.002416754617687255,0.002416754617687255,266,340
N,340X47,0.0057355416742137216,0.0057355416742137216,266,340
N,340X48,-0.0029318122769254667,0.0029318122769254667,266,340
N,340X49,-0.09105122702426714,0.09105122702426714,266,340
N,340X51,-0.04917518095686303,0.04917518095686303,266,340
N,340X53,-0.05959246726403348,0.05959246726403348,266,340
N,340X57,0.0654475398056992,0.0654475398056992,266,340
N,340X59,-0.0241242038300298,0.0241242038300298,266,340
N,340X61,-0.08992065950306184,0.08992065950306184,266,340
N,340X65,0.0939841809355627,0.0939841809355627,266,340
N,340X67,0.13651248549961226,0.13651248549961226,266,340
N,340X69,0.019169778570666186,0.019169778570666186,266,340
N,340X73,0.05437174321261428,0.05437174321261428,266,340
N,340X75,0.025303369623537256,0.025303369623537256,266,340
N,340X77,0.053706849480558004,0.053706849480558004,266,340
N,340X81,-0.0014685178247619906,0.0014685178247619906,266,340
N,340X83,-0.039352894392955196,0.039352894392955196,266,340
N,340X85,-0.02455333554548901,0.02455333554548901,266,340
N,340X97,0.010231194571406064,0.010231194571406064,266,340
N,340X99,0.011882213616331802,0.011882213616331802,266,340
N,340X101,0.04142945565446649,0.04142945565446649,266,340
N,340X105,-0.07022700405679326,0.07022700405679326,266,340
N,340X107,-0.06053837688224468,0.06053837688224468,266,340
N,340X108,-0.0775605411525854,0.0775605411525854,266,340
N,340X109,0.02610541829591322,0.02610541829591322,266,340
N,340X110,0.1904731194515685,0.1904731194515685,266,340
N,340X113,0.15655253492367682,0.15655253492367682,266,340
N,340X115,0.007833902440157034,0.007833902440157034,266,340
N,340X121,0.007456816013660006,0.007456816013660006,266,340
N,340X123,0.00926646611039752,0.00926646611039752,266,340
N,340X124,-0.11911992718270323,0.11911992718270323,266,340
N,340X125,-0.0760576009846529,0.0760576009846529,266,340
N,340X126,0.015507413967333945,0.015507413967333945,266,340
N,340X132,0.06812675605401279,0.06812675605401279,266,340
N,340X133,0.05356524919217986,0.05356524919217986,266,340
N,340X134,0.06873622152214487,0.06873622152214487,266,340
N,340X138,-0.1483155521743245,0.1483155521743245,266,340
N,340X139,-0.1410935149896303,0.1410935149896303,266,340
N,340X140,-0.16482186130596338,0.16482186130596338,266,340
N,340X143,-0.02981362689206948,0.02981362689206948,266,340
N,340X145,-0.02337013730440018,0.02337013730440018,266,340
N,340X147,0.056741218991128,0.056741218991128,266,340
N,340X149,0.05443049201271078,0.05443049201271078,266,340
N,340X151,0.07975156449922054,0.07975156449922054,266,340
N,340X161,0.12824880130059133,0.12824880130059133,266,340
N,340X163,0.11951194092830973,0.11951194092830973,266,340
N,340X165,0.12567494802546533,0.12567494802546533,266,340
N,340X173,-0.10094255413667705,0.10094255413667705,266,340
N,340X175,-0.10397148022853835,0.10397148022853835,266,340
N,340X177,-0.10212901944683551,0.10212901944683551,266,340
N,340X181,0.008952362195128152,0.008952362195128152,266,340
N,340X182,-0.04822571378782814,0.04822571378782814,266,340
N,340X183,0.10128316233160298,0.10128316233160298,266,340
N,340X185,-0.011668847930279308,0.011668847930279308,266,340
N,340X186,-0.011351151736991248,0.011351151736991248,266,340
N,340X187,-0.011826029391347522,0.011826029391347522,266,340
N,340X188,-0.0691059044275314,0.0691059044275314,266,340
N,340X189,-0.06649346875652691,0.06649346875652691,266,340
N,340X190,-0.06980016132906286,0.06980016132906286,266,340
N,340X192,-0.14914127079233613,0.14914127079233613,266,340
N,340X193,0.02788220925668164,0.02788220925668164,266,340
N,340X194,0.04179238061003366,0.04179238061003366,266,340
N,340X195,-0.00936553443988472,0.00936553443988472,266,340
N,340X196,0.015809697560049813,0.015809697560049813,266,340
N,340X197,0.025111208356820777,0.025111208356820777,266,340
N,340X198,0.023665078173349702,0.023665078173349702,266,340
N,344X1,0.09809075409750957,0.09809075409750957,266,344
N,344X5,0.030857797737363402,0.030857797737363402,266,344
N,344X6,-0.05795973278478746,0.05795973278478746,266,344
N,344X10,-0.026726852002432723,0.026726852002432723,266,344
N,344X13,-0.022382580468973474,0.022382580468973474,266,344
N,344X15,-0.045585438846055676,0.045585438846055676,266,344
N,344X16,-0.09746571862562986,0.09746571862562986,266,344
N,344X19,-0.014848307928259457,0.014848307928259457,266,344
N,344X20,-0.015456071528597957,0.015456071528597957,266,344
N,344X21,0.024395839294467876,0.024395839294467876,266,344
N,344X22,0.014211504005632442,0.014211504005632442,266,344
N,344X25,0.04714320674574426,0.04714320674574426,266,344
N,344X26,0.08932040001676461,0.08932040001676461,266,344
N,344X27,0.06431906505454654,0.06431906505454654,266,344
N,344X29,0.05878603769363992,0.05878603769363992,266,344
N,344X34,0.009668155594989276,0.009668155594989276,266,344
N,344X35,0.04270735349001437,0.04270735349001437,266,344
N,344X36,0.021380292047176546,0.021380292047176546,266,344
N,344X37,0.05350954080892504,0.05350954080892504,266,344
N,344X39,-0.16045703500867367,0.16045703500867367,266,344
N,344X41,-0.12788074800906843,0.12788074800906843,266,344
N,344X43,-0.1556021714673775,0.1556021714673775,266,344
N,344X44,-0.1643052537868626,0.1643052537868626,266,344
N,344X48,-0.024348833982811242,0.024348833982811242,266,344
N,344X49,0.12312120925235932,0.12312120925235932,266,344
N,344X51,-0.03678559463889726,0.03678559463889726,266,344
N,344X53,-0.11817063312408783,0.11817063312408783,266,344
N,344X55,-0.11876974516109545,0.11876974516109545,266,344
N,344X56,0.0735116965259903,0.0735116965259903,266,344
N,344X60,-0.03449804401775244,0.03449804401775244,266,344
N,344X62,0.04370120467617986,0.04370120467617986,266,344
N,344X64,0.043699028770667545,0.043699028770667545,266,344
N,344X65,0.042464823751800856,0.042464823751800856,266,344
N,344X66,0.04242262023217853,0.04242262023217853,266,344
N,344X69,0.03369953218418924,0.03369953218418924,266,344
N,344X71,-0.11943700015286839,0.11943700015286839,266,344
N,344X73,-0.12238132604463996,0.12238132604463996,266,344
N,344X74,0.03158578536759909,0.03158578536759909,266,344
N,344X77,0.10177120795371591,0.10177120795371591,266,344
N,344X78,0.10378553330366692,0.10378553330366692,266,344
N,344X79,-0.06793393415888614,0.06793393415888614,266,344
N,344X81,0.04187874860628535,0.04187874860628535,266,344
N,344X83,0.10209369716605345,0.10209369716605345,266,344
N,344X85,-0.009708110133584,0.009708110133584,266,344
N,344X86,-0.19160015930438518,0.19160015930438518,266,344
N,344X87,-0.010125263999403897,0.010125263999403897,266,344
N,344X88,-0.13551693804126758,0.13551693804126758,266,344
N,344X90,-0.08332840199726467,0.08332840199726467,266,344
N,344X92,-0.010157141793228196,0.010157141793228196,266,344
N,344X94,-0.06439559108494455,0.06439559108494455,266,344
N,344X95,-0.031700130588973766,0.031700130588973766,266,344
N,344X96,-0.14366313635412348,0.14366313635412348,266,344
N,344X97,-0.1486033327769395,0.1486033327769395,266,344
N,344X99,-0.14431577397594128,0.14431577397594128,266,344
N,344X103,0.010468820406399248,0.010468820406399248,266,344
N,344X104,0.03656059966331341,0.03656059966331341,266,344
N,344X105,0.010710713861279593,0.010710713861279593,266,344
N,344X106,0.08852266348249706,0.08852266348249706,266,344
N,344X108,0.02975860608527107,0.02975860608527107,266,344
N,344X110,0.010157141793228196,0.010157141793228196,266,344
N,344X112,0.010148906405294256,0.010148906405294256,266,344
N,344X113,0.043234200868756255,0.043234200868756255,266,344
N,344X114,0.010656347613499081,0.010656347613499081,266,344
N,344X115,0.09179923187906439,0.09179923187906439,266,344
N,344X117,0.04223982264557917,0.04223982264557917,266,344
N,344X119,0.010157141793228196,0.010157141793228196,266,344
N,344X121,0.14426304294202688,0.14426304294202688,266,344
N,344X122,0.1916788300647254,0.1916788300647254,266,344
N,344X123,0.114864422932354,0.114864422932354,266,344
N,344X124,0.16688526268470485,0.16688526268470485,266,344
N,344X126,0.19717983224440006,0.19717983224440006,266,344
N,344X137,-0.1538427505544341,0.1538427505544341,266,344
N,344X138,-0.12936704542252478,0.12936704542252478,266,344
N,344X139,-0.16781099295184626,0.16781099295184626,266,344
N,344X145,-0.025895413971130425,0.025895413971130425,266,344
N,344X146,0.06038981337659408,0.06038981337659408,266,344
N,344X147,0.14377134229932947,0.14377134229932947,266,344
N,344X149,-0.009869893617013029,0.009869893617013029,266,344
N,344X150,-0.03662507395468518,0.03662507395468518,266,344
N,344X151,0.04520498729522695,0.04520498729522695,266,344
N,344X154,-0.010157141793229,0.010157141793229,266,344
N,344X156,0.1324425467455682,0.1324425467455682,266,344
N,344X158,0.012390517775281577,0.012390517775281577,266,344
N,344X159,0.00883652454270497,0.00883652454270497,266,344
N,344X160,0.1258969374666195,0.1258969374666195,266,344
N,344X163,0.02671580284838469,0.02671580284838469,266,344
N,344X164,0.20383356068974542,0.20383356068974542,266,344
N,344X165,0.10951762526571872,0.10951762526571872,266,344
N,344X168,0.05436491008079899,0.05436491008079899,266,344
N,344X169,-0.004017651469206251,0.004017651469206251,266,344
N,344X172,0.010157141793228623,0.010157141793228623,266,344
N,344X173,0.12312120925253099,0.12312120925253099,266,344
N,ERROR:#N/A (#3),0.04110868884976916,0.04110868884976916,266,UNKNOWN
N,344X174,0.18701757191185384,0.18701757191185384,266,344
N,344X176,0.05068425855903413,0.05068425855903413,266,344
N,ERROR:#N/A_1 (#2),0.14851141371219193,0.14851141371219193,266,UNKNOWN
N,344X177,0.0979009427833949,0.0979009427833949,266,344
N,344X178,-0.011893746644894326,0.011893746644894326,266,344
N,ERROR:#N/A_3 (#1),-0.05205796842037884,0.05205796842037884,266,UNKNOWN
N,344X182,-0.06367555902696267,0.06367555902696267,266,344
N,344X185,-0.044347238883166114,0.044347238883166114,266,344
N,ERROR:#N/A_5,0.16900974594738022,0.16900974594738022,266,UNKNOWN
N,344X186,0.0046720448644182585,0.0046720448644182585,266,344
N,344X187,0.12353769606314388,0.12353769606314388,266,344
N,ERROR:#N/A_6,-0.12085946608437456,0.12085946608437456,266,UNKNOWN
N,ERROR:#N/A_7,0.06999605628598518,0.06999605628598518,266,UNKNOWN
N,344X190,0.04684379029145848,0.04684379029145848,266,344
N,344X191,0.1285749980411626,0.1285749980411626,266,344
N,ERROR:#N/A_8,0.04689316416069398,0.04689316416069398,266,UNKNOWN
N,344X192,0.12859237127070025,0.12859237127070025,266,344
N,344X194,0.046508582777484334,0.046508582777484334,266,344
N,344X195,0.014724091051611009,0.014724091051611009,266,344
N,344X196,-0.05013907052876184,0.05013907052876184,266,344
N,344X199,-0.021058381620698795,0.021058381620698795,266,344
N,344X200,-0.06020096831572125,0.06020096831572125,266,344
N,344X201,-0.05984420999882089,0.05984420999882089,266,344
N,ERROR:#N/A_9,0.04682799221574998,0.04682799221574998,266,UNKNOWN
N,ERROR:#N/A_10,0.1231212092525326,0.1231212092525326,266,UNKNOWN
N,344X208,0.04342609840733736,0.04342609840733736,266,344
N,344X209,-0.025862726153393682,0.025862726153393682,266,344
N,ERROR:#N/A_11,0.04774870677261354,0.04774870677261354,266,UNKNOWN
N,344X210,0.019975927773603384,0.019975927773603384,266,344
N,344X212,0.02294354652029023,0.02294354652029023,266,344
N,344X213,-0.02475188691116295,0.02475188691116295,266,344
N,344X221,0.008938000987554925,0.008938000987554925,266,344
N,344X222,0.11457463133104932,0.11457463133104932,266,344
N,ERROR:#N/A_14,0.02583339709794881,0.02583339709794881,266,UNKNOWN
N,ERROR:#N/A_15,0.10758900152418328,0.10758900152418328,266,UNKNOWN
N,344X225,0.009401651603525787,0.009401651603525787,266,344
N,344X226,0.10626286285817424,0.10626286285817424,266,344
N,ERROR:#N/A_16,0.010157141793228663,0.010157141793228663,266,UNKNOWN
N,344X229,-0.0018059859384673106,0.0018059859384673106,266,344
N,ERROR:#N/A_17,-0.050342335906256495,0.050342335906256495,266,UNKNOWN
N,ERROR:#N/A_18,-0.1934271011782401,0.1934271011782401,266,UNKNOWN
N,344X230,-0.03259752882329615,0.03259752882329615,266,344
N,344X231,0.05055658355299191,0.05055658355299191,266,344
N,344X232,-0.04229790648493944,0.04229790648493944,266,344
N,344X234,0.058813119972026186,0.058813119972026186,266,344
N,344X235,0.07968254811314837,0.07968254811314837,266,344
N,344X236,0.05760675660665717,0.05760675660665717,266,344
N,344X237,0.0697320134672448,0.0697320134672448,266,344
N,ERROR:#N/A_20,0.06199741266144596,0.06199741266144596,266,UNKNOWN
N,344X239,0.08851238365810078,0.08851238365810078,266,344
N,344X241,-0.03941187265196218,0.03941187265196218,266,344
N,ERROR:#N/A_21,-0.03489258062128677,0.03489258062128677,266,UNKNOWN
N,344X243,-0.0389863877401853,0.0389863877401853,266,344
N,344X244,-0.03644245811608484,0.03644245811608484,266,344
N,344X245,-0.03093792269592039,0.03093792269592039,266,344
N,344X246,-0.03557704641228433,0.03557704641228433,266,344
N,344X250,0.09396120243575307,0.09396120243575307,266,344
N,ERROR:#N/A_23,0.02691447469296533,0.02691447469296533,266,UNKNOWN
N,344X252,-0.02079515077714083,0.02079515077714083,266,344
N,344X253,-0.029820393034074563,0.029820393034074563,266,344
N,344X254,0.011869070769950136,0.011869070769950136,266,344
N,344X255,-0.020758396665152827,0.020758396665152827,266,344
N,ERROR:#N/A_24,-0.0463680678208282,0.0463680678208282,266,UNKNOWN
N,344X257,-0.03724221778065827,0.03724221778065827,266,344
N,344X259,-0.10614075685994646,0.10614075685994646,266,344
N,ERROR:#N/A_25,-0.12020239054197981,0.12020239054197981,266,UNKNOWN
N,344X261,-0.1106895604602674,0.1106895604602674,266,344
N,344X262,-0.12241558862032699,0.12241558862032699,266,344
N,344X263,-0.10413994376374053,0.10413994376374053,266,344
N,344X264,-0.11101441902817867,0.11101441902817867,266,344
N,360X1,0.04351028963483964,0.04351028963483964,266,360
N,360X3,0.040198307730928994,0.040198307730928994,266,360
N,360X14,0.005884635843244455,0.005884635843244455,266,360
N,360X23,-0.011332098199733739,0.011332098199733739,266,360
N,360X25,-0.06375224821605541,0.06375224821605541,266,360
N,360X34,0.03227511012267078,0.03227511012267078,266,360
N,360X45,-0.03274646738608443,0.03274646738608443,266,360
N,360X47,0.03009792651820379,0.03009792651820379,266,360
N,360X58,0.07245687092809845,0.07245687092809845,266,360
N,360X69,0.012521607387672289,0.012521607387672289,266,360
N,360X80,0.01181743490814514,0.01181743490814514,266,360
N,360X100,0.05766073364531618,0.05766073364531618,266,360
N,360X109,0.10215155524219542,0.10215155524219542,266,360
N,360X111,-0.1251154672023901,0.1251154672023901,266,360
N,360X115,0.06292289710764266,0.06292289710764266,266,360
N,360X117,-0.08264626648173547,0.08264626648173547,266,360
N,360X125,-0.07781334741268521,0.07781334741268521,266,360
N,360X131,-0.006492445403996989,0.006492445403996989,266,360
N,360X133,-0.07295223533571249,0.07295223533571249,266,360
N,360X141,-0.06398576765043244,0.06398576765043244,266,360
N,360X149,-0.054268594596766605,0.054268594596766605,266,360
N,360X155,-0.046919022351914814,0.046919022351914814,266,360
N,360X157,-0.04784520793626406,0.04784520793626406,266,360
N,360X165,-0.05391331884002934,0.05391331884002934,266,360
N,360X176,-0.02063546862456371,0.02063546862456371,266,360
N,360X185,0.02180481435234298,0.02180481435234298,266,360
N,360X187,-0.006359574350932762,0.006359574350932762,266,360
N,360X198,0.009411218691178691,0.009411218691178691,266,360
N,360X211,-0.0699440830649597,0.0699440830649597,266,360
N,360X219,0.00654596173900714,0.00654596173900714,266,360
N,360X228,-0.07195102678992167,0.07195102678992167,266,360
N,360X230,-0.02645639155370949,0.02645639155370949,266,360
N,360X241,-0.005066790476494761,0.005066790476494761,266,360
N,360X252,-0.0009386437594543844,0.0009386437594543844,266,360
N,360X261,-0.08184783969020011,0.08184783969020011,266,360
N,360X263,-0.005118717435614684,0.005118717435614684,266,360
N,360X274,-0.018797642120175168,0.018797642120175168,266,360
N,360X285,-0.008744539867465782,0.008744539867465782,266,360
N,360X294,-0.0890387595131237,0.0890387595131237,266,360
N,360X296,0.0024044576829931586,0.0024044576829931586,266,360
N,360X307,0.005283312698346629,0.005283312698346629,266,360
N,360X318,-0.0010170853735652122,0.0010170853735652122,266,360
N,360X327,0.07198132289896453,0.07198132289896453,266,360
N,360X329,-0.09607615409323897,0.09607615409323897,266,360
N,360X335,-0.008139911237449653,0.008139911237449653,266,360
N,360X337,-0.017820468992138395,0.017820468992138395,266,360
N,360X348,-0.032366747469513624,0.032366747469513624,266,360
N,360X359,-0.029944270600892685,0.029944270600892685,266,360
N,360X368,-0.12040206169087891,0.12040206169087891,266,360
N,360X370,-0.02307412056953168,0.02307412056953168,266,360
N,360X381,-0.011750552957434827,0.011750552957434827,266,360
N,360X392,-0.0032074322604883753,0.0032074322604883753,266,360
N,360X401,0.08802648253816238,0.08802648253816238,266,360
N,360X403,-0.002791398368014442,0.002791398368014442,266,360
N,360X414,-0.01829601965603052,0.01829601965603052,266,360
N,360X425,-0.02093815370675573,0.02093815370675573,266,360
N,360X434,0.08414540282742772,0.08414540282742772,266,360
N,360X436,-0.05035424543088294,0.05035424543088294,266,360
N,360X447,-0.08847280456390234,0.08847280456390234,266,360
N,360X455,-0.05685930449570112,0.05685930449570112,266,360
N,360X466,-0.06900456798389737,0.06900456798389737,266,360
N,360X475,-0.09791017609540531,0.09791017609540531,266,360
N,360X477,-0.07169765431779711,0.07169765431779711,266,360
N,360X488,-0.10634720792989692,0.10634720792989692,266,360
N,360X499,-0.11487976520794609,0.11487976520794609,266,360
N,360X508,-0.08792910850615301,0.08792910850615301,266,360
N,360X510,-0.12360777771317889,0.12360777771317889,266,360
N,360X521,-0.13878360305304724,0.13878360305304724,266,360
N,360X532,-0.13733147335568738,0.13733147335568738,266,360
N,360X541,0.04499756821777492,0.04499756821777492,266,360
N,360X543,-0.14549937833196827,0.14549937833196827,266,360
N,360X554,-0.13755176971464558,0.13755176971464558,266,360
N,360X565,-0.07062590130296295,0.07062590130296295,266,360
N,360X573,-0.13268101305955327,0.13268101305955327,266,360
N,360X582,0.12973352786633832,0.12973352786633832,266,360
N,360X584,-0.14507425565918072,0.14507425565918072,266,360
N,360X595,-0.11914586047235108,0.11914586047235108,266,360
N,360X605,-0.09393428496161359,0.09393428496161359,266,360
N,360X611,0.16561758047156297,0.16561758047156297,266,360
N,360X613,-0.059004374721624904,0.059004374721624904,266,360
N,360X621,-0.035890828865350693,0.035890828865350693,266,360
N,360X629,-0.02257751142583737,0.02257751142583737,266,360
N,360X635,-0.03760482890648489,0.03760482890648489,266,360
N,360X637,-0.0011474887329335174,0.0011474887329335174,266,360
N,360X645,-0.014024774008963018,0.014024774008963018,266,360
N,360X653,0.00890427370087973,0.00890427370087973,266,360
N,360X659,0.10265753353341873,0.10265753353341873,266,360
N,360X661,-0.0737108701910125,0.0737108701910125,266,360
N,360X669,-0.07749770569758853,0.07749770569758853,266,360
N,360X677,-0.07970773677267219,0.07970773677267219,266,360
N,360X685,-0.07803728424472106,0.07803728424472106,266,360
N,360X696,-0.05780487625284577,0.05780487625284577,266,360
N,360X702,-0.02744758590801427,0.02744758590801427,266,360
N,360X704,0.09604949520919674,0.09604949520919674,266,360
N,360X710,-0.04242081063709833,0.04242081063709833,266,360
N,360X712,-0.03997914247582038,0.03997914247582038,266,360
N,360X741,-0.08456198289292198,0.08456198289292198,266,360
N,360X743,-0.09693959827905128,0.09693959827905128,266,360
N,360X763,-0.06070382731217227,0.06070382731217227,266,360
N,360X765,-0.16828254164710757,0.16828254164710757,266,360
N,360X776,-0.08188822889911317,0.08188822889911317,266,360
N,360X785,0.10769229587947737,0.10769229587947737,266,360
N,360X796,0.10507237523406639,0.10507237523406639,266,360
N,360X829,-0.1054929362950047,0.1054929362950047,266,360
N,360X853,-0.10132934988463267,0.10132934988463267,266,360
N,360X885,-0.03279404903465108,0.03279404903465108,266,360
N,360X896,0.01583209470349496,0.01583209470349496,266,360
N,360X971,-0.13925347753344539,0.13925347753344539,266,360
N,360X984,-0.02223592649561901,0.02223592649561901,266,360
N,360X987,-0.1186029552946688,0.1186029552946688,266,360
N,360X995,0.05607949301642618,0.05607949301642618,266,360
N,360X1006,0.05213994430424078,0.05213994430424078,266,360
N,360X1017,0.1008376390475314,0.1008376390475314,266,360
N,360X1028,0.06030555979491622,0.06030555979491622,266,360
N,360X1039,0.05841784213367982,0.05841784213367982,266,360
N,360X1050,-0.12284800824146025,0.12284800824146025,266,360
N,360X1061,-0.027736814699195592,0.027736814699195592,266,360
N,360X1072,-0.11653696189335407,0.11653696189335407,266,360
N,360X1083,-0.0432048006584739,0.0432048006584739,266,360
N,360X1094,-0.1156626617888834,0.1156626617888834,266,360
N,360X1105,-0.022119881829272752,0.022119881829272752,266,360
N,360X1116,-0.06210457937710937,0.06210457937710937,266,360
N,360X1127,-0.06840107279660512,0.06840107279660512,266,360
N,360X1138,-0.13388881921298607,0.13388881921298607,266,360
N,360X1146,0.1033910083879652,0.1033910083879652,266,360
N,360X1152,0.03211139427925667,0.03211139427925667,266,360
N,360X1164,-0.015440329897196712,0.015440329897196712,266,360
N,360X1190,-0.006074797511325773,0.006074797511325773,266,360
N,360X1201,0.14963280372307552,0.14963280372307552,266,360
N,360X1212,0.05567558953983503,0.05567558953983503,266,360
N,360X1245,-0.09999834970748912,0.09999834970748912,266,360
N,360X1267,0.11945615115193871,0.11945615115193871,266,360
N,360X1278,-0.06489301038296434,0.06489301038296434,266,360
N,360X1288,-0.13943529827444567,0.13943529827444567,266,360
N,360X1297,-0.0014694705909772821,0.0014694705909772821,266,360
N,360X1305,0.001569981912109133,0.001569981912109133,266,360
N,360X1313,-0.14373369275268771,0.14373369275268771,266,360
N,360X1321,0.030698521281520397,0.030698521281520397,266,360
N,360X1329,-0.12767090665811562,0.12767090665811562,266,360
N,360X1337,0.02404099537173883,0.02404099537173883,266,360
N,360X1356,-0.05563475275357628,0.05563475275357628,266,360
N,360X1364,0.0547257836295374,0.0547257836295374,266,360
N,360X1383,0.11242449300398244,0.11242449300398244,266,360
N,360X1391,-0.010629556607731183,0.010629556607731183,266,360
N,400X4,0.05322206000610479,0.05322206000610479,266,400
N,400X5,-0.07209304477956334,0.07209304477956334,266,400
N,400X7,-0.05319533848350181,0.05319533848350181,266,400
N,400X9,-0.053147453167757985,0.053147453167757985,266,400
N,400X12,0.0165172599968059,0.0165172599968059,266,400
N,400X13,0.06420538444816218,0.06420538444816218,266,400
N,400X14,0.07313229253094303,0.07313229253094303,266,400
N,400X15,0.0829259820800364,0.0829259820800364,266,400
N,400X16,0.056771210910112994,0.056771210910112994,266,400
N,400X19,-0.07172917294419622,0.07172917294419622,266,400
N,400X20,-0.09978258060117413,0.09978258060117413,266,400
N,400X21,-0.0709001712532669,0.0709001712532669,266,400
N,400X22,-0.10313383388349948,0.10313383388349948,266,400
N,400X23,-0.07020703405127293,0.07020703405127293,266,400
N,400X25,-0.05272063781982145,0.05272063781982145,266,400
N,400X27,-0.051137809981421097,0.051137809981421097,266,400
N,400X29,-0.00015366924840056782,0.00015366924840056782,266,400
N,400X30,-0.02246724228251349,0.02246724228251349,266,400
N,400X31,-0.002757237984264211,0.002757237984264211,266,400
N,400X32,-0.036569583234977374,0.036569583234977374,266,400
N,400X33,0.05819810742464259,0.05819810742464259,266,400
N,400X34,-0.03037480374291401,0.03037480374291401,266,400
N,400X35,0.06298458952837328,0.06298458952837328,266,400
N,400X36,-0.01032738886088056,0.01032738886088056,266,400
N,400X37,-0.003312868476021469,0.003312868476021469,266,400
N,400X38,0.018173273475227493,0.018173273475227493,266,400
N,400X56,-0.04532720216453569,0.04532720216453569,266,400
N,400X57,-0.07466042934905333,0.07466042934905333,266,400
N,400X58,0.06298150399025028,0.06298150399025028,266,400
N,400X59,-0.07021249244137186,0.07021249244137186,266,400
N,400X60,-0.051979701137027164,0.051979701137027164,266,400
N,400X61,-0.054178426010733326,0.054178426010733326,266,400
N,400X63,-0.0702265058365005,0.0702265058365005,266,400
N,400X64,-0.050975559015900736,0.050975559015900736,266,400
N,400X65,-0.05309983473974172,0.05309983473974172,266,400
N,400X66,0.011334001461987934,0.011334001461987934,266,400
N,400X67,0.013321225131220799,0.013321225131220799,266,400
N,400X68,0.011904335937367677,0.011904335937367677,266,400
N,400X69,0.0149351755648487,0.0149351755648487,266,400
N,400X70,0.010746483758615505,0.010746483758615505,266,400
N,400X71,0.010995473652126714,0.010995473652126714,266,400
N,400X72,-0.045554587042297506,0.045554587042297506,266,400
N,400X73,-0.03702506192181387,0.03702506192181387,266,400
N,400X74,-0.025793769465744406,0.025793769465744406,266,400
N,400X75,-0.0451038381796056,0.0451038381796056,266,400
N,400X76,-0.032629734871706,0.032629734871706,266,400
N,400X77,-0.04848589434943644,0.04848589434943644,266,400
N,400X78,-0.04060687925280351,0.04060687925280351,266,400
N,400X79,-0.030563570442684238,0.030563570442684238,266,400
N,400X80,-0.04951246085290334,0.04951246085290334,266,400
N,400X81,-0.03708665464002145,0.03708665464002145,266,400
N,400X82,-0.0718242110262674,0.0718242110262674,266,400
N,400X84,-0.05452712270644606,0.05452712270644606,266,400
N,400X85,0.09347960895897943,0.09347960895897943,266,400
N,400X86,0.0911262380535624,0.0911262380535624,266,400
N,400X87,0.09268868616208409,0.09268868616208409,266,400
N,400X88,0.08616470312427074,0.08616470312427074,266,400
N,400X89,0.09157804333110789,0.09157804333110789,266,400
N,400X90,0.08781665948083407,0.08781665948083407,266,400
N,400X91,0.03257712281881602,0.03257712281881602,266,400
N,400X92,0.055688150949640275,0.055688150949640275,266,400
N,400X93,0.07091718277161171,0.07091718277161171,266,400
N,400X94,0.037820499558082574,0.037820499558082574,266,400
N,400X95,0.03067182150148328,0.03067182150148328,266,400
N,400X96,0.046253435333811134,0.046253435333811134,266,400
N,400X97,0.06591269487887816,0.06591269487887816,266,400
N,400X98,0.07448964441533915,0.07448964441533915,266,400
N,400X99,0.04961546943201668,0.04961546943201668,266,400
N,400X100,0.03507466036367053,0.03507466036367053,266,400
N,400X108,-0.04669182857558521,0.04669182857558521,266,400
N,400X109,-0.03721735554332988,0.03721735554332988,266,400
N,400X110,-0.05661896608487157,0.05661896608487157,266,400
N,400X111,-0.027784831263248693,0.027784831263248693,266,400
N,400X112,-0.02340816010767129,0.02340816010767129,266,400
N,400X114,-0.02022520726163984,0.02022520726163984,266,400
N,400X115,-0.004509999908925759,0.004509999908925759,266,400
N,400X116,-0.004803732246358421,0.004803732246358421,266,400
N,400X117,-0.07417975191021768,0.07417975191021768,266,400
N,400X118,-0.05980555388892041,0.05980555388892041,266,400
N,400X120,0.003989310474639329,0.003989310474639329,266,400
N,400X121,-0.0797478073286513,0.0797478073286513,266,400
N,400X122,-0.06263389172422719,0.06263389172422719,266,400
N,400X123,0.004253193218789013,0.004253193218789013,266,400
N,400X124,-0.06321594855012003,0.06321594855012003,266,400
N,400X132,0.10273851506279501,0.10273851506279501,266,400
N,400X133,0.005109395353451021,0.005109395353451021,266,400
N,400X134,0.07357018739699515,0.07357018739699515,266,400
N,400X135,-0.013211813581809995,0.013211813581809995,266,400
N,400X136,0.06539657635269752,0.06539657635269752,266,400
N,400X138,-0.07581721214571249,0.07581721214571249,266,400
N,400X139,-0.07581721214571255,0.07581721214571255,266,400
N,400X140,-0.07857985221597474,0.07857985221597474,266,400
N,400X141,-0.1064546689693994,0.1064546689693994,266,400
N,400X142,-0.07707352149851686,0.07707352149851686,266,400
N,400X144,0.00744123257833156,0.00744123257833156,266,400
N,400X145,0.016481632519053886,0.016481632519053886,266,400
N,400X146,-0.00034125834831616697,0.00034125834831616697,266,400
N,400X147,0.06602901490706801,0.06602901490706801,266,400
N,400X148,-0.014922909637103535,0.014922909637103535,266,400
N,400X150,0.0001536692484029017,0.0001536692484029017,266,400
N,400X151,-0.02127899627376794,0.02127899627376794,266,400
N,400X153,0.0433285295825988,0.0433285295825988,266,400
N,400X154,-0.050031318512312684,0.050031318512312684,266,400
N,400X156,0.03353822810213278,0.03353822810213278,266,400
N,400X157,0.050392918342630544,0.050392918342630544,266,400
N,400X158,-0.06376200583694808,0.06376200583694808,266,400
N,400X159,-0.03780306520220471,0.03780306520220471,266,400
N,400X160,0.028674131564150808,0.028674131564150808,266,400
N,400X167,-0.06962490201479851,0.06962490201479851,266,400
N,400X168,-0.05203533244075952,0.05203533244075952,266,400
N,400X169,-0.05588368392859653,0.05588368392859653,266,400
N,400X170,-0.0796027793681815,0.0796027793681815,266,400
N,400X187,-0.048459620553774965,0.048459620553774965,266,400
N,400X188,-0.03406114651507106,0.03406114651507106,266,400
N,400X189,-0.03406114651508755,0.03406114651508755,266,400
N,400X192,0.011670060169543764,0.011670060169543764,266,400
N,400X193,0.015753878139952004,0.015753878139952004,266,400
N,400X194,0.047900223251960555,0.047900223251960555,266,400
N,400X195,0.01223500375321663,0.01223500375321663,266,400
N,400X196,0.01398858323168379,0.01398858323168379,266,400
N,400X197,0.05896694093874859,0.05896694093874859,266,400
N,400X198,-0.0065700986117623525,0.0065700986117623525,266,400
N,400X199,-0.06844021559495385,0.06844021559495385,266,400
N,400X200,-0.010745733830517062,0.010745733830517062,266,400
N,400X201,0.03178237693796421,0.03178237693796421,266,400
N,400X202,0.05702297982215806,0.05702297982215806,266,400
N,400X204,-0.012477219849642812,0.012477219849642812,266,400
N,400X205,0.0721625257505066,0.0721625257505066,266,400
N,400X208,0.10769363848664212,0.10769363848664212,266,400
N,400X209,0.10399791864057764,0.10399791864057764,266,400
N,400X210,0.10969801020803668,0.10969801020803668,266,400
N,400X211,0.06536615030123367,0.06536615030123367,266,400
N,400X212,0.10763412901774493,0.10763412901774493,266,400
N,400X213,0.029733757968819934,0.029733757968819934,266,400
N,400X214,0.036985170922043314,0.036985170922043314,266,400
N,400X215,0.04023456882695944,0.04023456882695944,266,400
N,400X216,-0.03376333805473631,0.03376333805473631,266,400
N,400X217,0.029730569131802533,0.029730569131802533,266,400
N,400X218,-0.07467827161227386,0.07467827161227386,266,400
N,400X219,-0.05314786366467478,0.05314786366467478,266,400
N,400X227,-0.05003131851230987,0.05003131851230987,266,400
N,400X228,0.11016539861321673,0.11016539861321673,266,400
N,420X1,0.0005548180707970027,0.0005548180707970027,266,420
N,420X4,-0.02096560354977905,0.02096560354977905,266,420
N,420X7,-0.06981101644514054,0.06981101644514054,266,420
N,420X8,-0.03200946641294682,0.03200946641294682,266,420
N,420X9,-0.06983371791996751,0.06983371791996751,266,420
N,420X12,-0.034549406319250575,0.034549406319250575,266,420
N,420X13,-0.055631424571739,0.055631424571739,266,420
N,420X14,-0.05620920889484967,0.05620920889484967,266,420
N,420X15,-0.059927605801010815,0.059927605801010815,266,420
N,420X16,-0.04760675012451684,0.04760675012451684,266,420
N,420X19,-0.04884525970558059,0.04884525970558059,266,420
N,420X20,0.06275960772174144,0.06275960772174144,266,420
N,420X21,-0.06878376934430626,0.06878376934430626,266,420
N,420X22,0.12255114645492013,0.12255114645492013,266,420
N,420X23,-0.015890629080644727,0.015890629080644727,266,420
N,420X25,-0.06985972925376034,0.06985972925376034,266,420
N,420X27,-0.06983343990973488,0.06983343990973488,266,420
N,420X28,-0.07336632984614042,0.07336632984614042,266,420
N,420X30,-0.014724213418370193,0.014724213418370193,266,420
N,420X31,0.00557592910216948,0.00557592910216948,266,420
N,420X32,-0.03329658417306897,0.03329658417306897,266,420
N,420X33,-0.04142967636036,0.04142967636036,266,420
N,420X34,0.0183575222813054,0.0183575222813054,266,420
N,420X35,0.012028307723056079,0.012028307723056079,266,420
N,420X36,0.09499503712772468,0.09499503712772468,266,420
N,420X37,0.029229324758583808,0.029229324758583808,266,420
N,420X38,0.005675330708442145,0.005675330708442145,266,420
N,420X40,-0.03569637651522198,0.03569637651522198,266,420
N,420X48,-0.03201022748570181,0.03201022748570181,266,420
N,420X50,-0.03201473601306655,0.03201473601306655,266,420
N,420X66,-0.033922285663020524,0.033922285663020524,266,420
N,420X67,-0.03362888542480849,0.03362888542480849,266,420
N,420X68,-0.03273729676824497,0.03273729676824497,266,420
N,420X69,-0.031197921323644517,0.031197921323644517,266,420
N,420X70,-0.033983897498241225,0.033983897498241225,266,420
N,420X71,-0.03271169348236288,0.03271169348236288,266,420
N,420X72,0.026926682732137452,0.026926682732137452,266,420
N,420X73,0.005325473977333685,0.005325473977333685,266,420
N,420X74,0.01183400384714978,0.01183400384714978,266,420
N,420X75,0.013043078988160404,0.013043078988160404,266,420
N,420X76,0.010787371974009561,0.010787371974009561,266,420
N,420X77,0.0515588300630227,0.0515588300630227,266,420
N,420X78,0.05467726001474087,0.05467726001474087,266,420
N,420X79,0.04133104175260551,0.04133104175260551,266,420
N,420X80,0.04499652872505347,0.04499652872505347,266,420
N,420X81,0.04205944245744285,0.04205944245744285,266,420
N,420X85,0.020995782107485064,0.020995782107485064,266,420
N,420X86,0.019083303392486196,0.019083303392486196,266,420
N,420X87,0.020298861114796764,0.020298861114796764,266,420
N,420X88,0.01654542678632702,0.01654542678632702,266,420
N,420X89,0.022347363616311632,0.022347363616311632,266,420
N,420X90,0.019293976550720335,0.019293976550720335,266,420
N,420X91,0.009406705975789131,0.009406705975789131,266,420
N,420X92,0.05242580431298646,0.05242580431298646,266,420
N,420X93,0.06024739610292274,0.06024739610292274,266,420
N,420X94,0.013362339061128027,0.013362339061128027,266,420
N,420X95,-0.028621524638514858,0.028621524638514858,266,420
N,420X96,0.01725220412609408,0.01725220412609408,266,420
N,420X97,0.05120761783458447,0.05120761783458447,266,420
N,420X98,0.06219517787909327,0.06219517787909327,266,420
N,420X99,0.011968028817410306,0.011968028817410306,266,420
N,420X100,-0.005350912298668008,0.005350912298668008,266,420
N,420X103,-0.00021773130443728306,0.00021773130443728306,266,420
N,420X108,0.06527115879054815,0.06527115879054815,266,420
N,420X110,0.054191300712030314,0.054191300712030314,266,420
N,420X112,-0.0063257772515944305,0.0063257772515944305,266,420
N,420X114,-0.008283462776476213,0.008283462776476213,266,420
N,420X115,-0.008407587592738843,0.008407587592738843,266,420
N,420X116,-0.017751112041844493,0.017751112041844493,266,420
N,420X117,0.009886549652491625,0.009886549652491625,266,420
N,420X118,-0.03709258917914325,0.03709258917914325,266,420
N,420X120,0.08339934057394582,0.08339934057394582,266,420
N,420X121,0.033320178156061496,0.033320178156061496,266,420
N,420X122,-0.058018625421419334,0.058018625421419334,266,420
N,420X123,0.04207116727033897,0.04207116727033897,266,420
N,420X124,0.03991230871805457,0.03991230871805457,266,420
N,420X132,-0.04123958592646541,0.04123958592646541,266,420
N,420X133,-0.036793782786936104,0.036793782786936104,266,420
N,420X134,0.00592697849662483,0.00592697849662483,266,420
N,420X135,-0.05531744881960162,0.05531744881960162,266,420
N,420X136,0.014338691760946598,0.014338691760946598,266,420
N,420X138,0.005187220856610736,0.005187220856610736,266,420
N,420X139,-0.01819424306300769,0.01819424306300769,266,420
N,420X140,-0.029504459745524927,0.029504459745524927,266,420
N,420X141,-0.03769820183653379,0.03769820183653379,266,420
N,420X142,-0.02423848778273118,0.02423848778273118,266,420
N,420X144,-0.08442813576944411,0.08442813576944411,266,420
N,420X145,0.0433271527492044,0.0433271527492044,266,420
N,420X146,-0.03679378278691325,0.03679378278691325,266,420
N,420X147,-0.008878155061896828,0.008878155061896828,266,420
N,420X148,0.007220974196339152,0.007220974196339152,266,420
N,420X150,-0.01896613741150326,0.01896613741150326,266,420
N,420X151,-0.018967624311846617,0.018967624311846617,266,420
N,420X152,0.003084324876916373,0.003084324876916373,266,420
N,420X153,-0.013987565376973064,0.013987565376973064,266,420
N,420X154,0.014302451032110763,0.014302451032110763,266,420
N,420X156,0.06406118308503464,0.06406118308503464,266,420
N,420X157,0.060556199183227286,0.060556199183227286,266,420
N,420X158,0.0501570259371894,0.0501570259371894,266,420
N,420X159,0.05811928766257879,0.05811928766257879,266,420
N,420X160,0.07270602220031125,0.07270602220031125,266,420
N,420X164,-0.0320102274857011,0.0320102274857011,266,420
N,420X187,0.03148241776283148,0.03148241776283148,266,420
N,420X188,-0.03804219519490144,0.03804219519490144,266,420
N,420X189,-0.03804219519490145,0.03804219519490145,266,420
N,420X192,0.03981543213224703,0.03981543213224703,266,420
N,420X193,0.03974717016644935,0.03974717016644935,266,420
N,420X194,0.061657777331842196,0.061657777331842196,266,420
N,420X195,0.037900983978682544,0.037900983978682544,266,420
N,420X196,0.041227191863900677,0.041227191863900677,266,420
N,420X197,-0.06010041652354316,0.06010041652354316,266,420
N,420X198,-0.06010533491754065,0.06010533491754065,266,420
N,420X199,-0.06135166405962229,0.06135166405962229,266,420
N,420X200,0.029210615767948686,0.029210615767948686,266,420
N,420X201,-0.06631781813689525,0.06631781813689525,266,420
N,420X202,-0.06468549180530905,0.06468549180530905,266,420
N,420X205,0.06714924596621602,0.06714924596621602,266,420
N,420X208,0.04393870433316212,0.04393870433316212,266,420
N,420X209,0.048611104388285184,0.048611104388285184,266,420
N,420X210,0.04447785162466869,0.04447785162466869,266,420
N,420X211,-0.030796439949166605,0.030796439949166605,266,420
N,420X212,0.04599578261946649,0.04599578261946649,266,420
N,420X213,0.06011650950421299,0.06011650950421299,266,420
N,420X214,0.06960007620458988,0.06960007620458988,266,420
N,420X215,0.08196653254978746,0.08196653254978746,266,420
N,420X216,0.024150186069926246,0.024150186069926246,266,420
N,420X217,0.06286680549850897,0.06286680549850897,266,420
N,420X228,0.0071483778211072855,0.0071483778211072855,266,420
N,440AX2,0.13946023140263006,0.13946023140263006,266,UNKNOWN
N,440AX4,-0.0019341849908439993,0.0019341849908439993,266,UNKNOWN
N,440AX5,-0.001418469846187185,0.001418469846187185,266,UNKNOWN
N,440AX6,-0.0022829500888498964,0.0022829500888498964,266,UNKNOWN
N,440AX7,0.002991912646898551,0.002991912646898551,266,UNKNOWN
N,440AX8,0.0033689071517148984,0.0033689071517148984,266,UNKNOWN
N,440AX9,0.0033419319235761832,0.0033419319235761832,266,UNKNOWN
N,440AX10,0.003373443048458816,0.003373443048458816,266,UNKNOWN
N,440AX11,0.0037623148837900556,0.0037623148837900556,266,UNKNOWN
N,440AX12,0.0032064884345922935,0.0032064884345922935,266,UNKNOWN
N,440AX13,1.5898923548656942e-05,1.5898923548656942e-05,266,UNKNOWN
N,440AX14,-3.82078322306501e-05,3.82078322306501e-05,266,UNKNOWN
N,440AX15,-0.00011204755383825703,0.00011204755383825703,266,UNKNOWN
N,440AX16,0.0026287865474834814,0.0026287865474834814,266,UNKNOWN
N,440AX17,0.0024782138287121748,0.0024782138287121748,266,UNKNOWN
N,440AX18,0.0022838259050384177,0.0022838259050384177,266,UNKNOWN
N,440AX19,-0.0016003463819865905,0.0016003463819865905,266,UNKNOWN
N,440AX20,-0.0007816883328896031,0.0007816883328896031,266,UNKNOWN
N,440AX21,-0.0031101594576571846,0.0031101594576571846,266,UNKNOWN
N,440AX22,0.0008876403025123317,0.0008876403025123317,266,UNKNOWN
N,440AX23,0.002499606350498097,0.002499606350498097,266,UNKNOWN
N,440AX24,-0.0013418049252033278,0.0013418049252033278,266,UNKNOWN
N,440AX25,-0.0007613944383965905,0.0007613944383965905,266,UNKNOWN
N,440AX26,-0.0006627829553826662,0.0006627829553826662,266,UNKNOWN
N,440AX27,-0.0008246812222963823,0.0008246812222963823,266,UNKNOWN
N,440AX28,1.622201752032359e-05,1.622201752032359e-05,266,UNKNOWN
N,440AX29,0.0006239329275882153,0.0006239329275882153,266,UNKNOWN
N,440AX30,-1.5308297453081836e-05,1.5308297453081836e-05,266,UNKNOWN
N,440AX31,0.0004028919365876703,0.0004028919365876703,266,UNKNOWN
N,440AX32,0.0017544458403988856,0.0017544458403988856,266,UNKNOWN
N,440AX33,-0.00011749103891553677,0.00011749103891553677,266,UNKNOWN
N,440AX34,-0.002505798139592882,0.002505798139592882,266,UNKNOWN
N,440AX35,-0.002016490642832403,0.002016490642832403,266,UNKNOWN
N,440AX36,-0.0024811038537679328,0.0024811038537679328,266,UNKNOWN
N,440AX37,-0.0014159258075622497,0.0014159258075622497,266,UNKNOWN
N,440AX38,-0.001288681199343181,0.001288681199343181,266,UNKNOWN
N,440AX39,-0.0014258641111081808,0.0014258641111081808,266,UNKNOWN
N,440AX40,0.005481525282597155,0.005481525282597155,266,UNKNOWN
N,440AX41,0.006266029182086936,0.006266029182086936,266,UNKNOWN
N,440AX42,0.005355095769629934,0.005355095769629934,266,UNKNOWN
N,440AX43,0.0026299024806494516,0.0026299024806494516,266,UNKNOWN
N,440AX44,0.0029706524529353865,0.0029706524529353865,266,UNKNOWN
N,440AX45,0.0026149592795398444,0.0026149592795398444,266,UNKNOWN
N,440AX46,-0.0001877824632932343,0.0001877824632932343,266,UNKNOWN
N,440AX47,-1.397455376807835e-05,1.397455376807835e-05,266,UNKNOWN
N,440AX48,-0.0005563016754934659,0.0005563016754934659,266,UNKNOWN
N,440AX49,0.0004431146961512155,0.0004431146961512155,266,UNKNOWN
N,440AX50,0.0005589959128615064,0.0005589959128615064,266,UNKNOWN
N,440AX51,0.00042621860173748944,0.00042621860173748944,266,UNKNOWN
N,440AX55,-0.0014955658081122329,0.0014955658081122329,266,UNKNOWN
N,440AX56,-0.0015138013930629632,0.0015138013930629632,266,UNKNOWN
N,440AX57,-0.0016602709899021066,0.0016602709899021066,266,UNKNOWN
N,440AX58,0.005485513186550757,0.005485513186550757,266,UNKNOWN
N,440AX59,0.007780315502550811,0.007780315502550811,266,UNKNOWN
N,440AX60,0.00489610722620566,0.00489610722620566,266,UNKNOWN
N,440AX61,0.006416205019338051,0.006416205019338051,266,UNKNOWN
N,440AX62,0.008577602450320049,0.008577602450320049,266,UNKNOWN
N,440AX63,0.006045307997644637,0.006045307997644637,266,UNKNOWN
N,440AX64,0.00199528260863241,0.00199528260863241,266,UNKNOWN
N,440AX65,0.0019379590150806379,0.0019379590150806379,266,UNKNOWN
N,440AX66,0.0025425956306029097,0.0025425956306029097,266,UNKNOWN
N,440AX67,-2.2863854097691363e-05,2.2863854097691363e-05,266,UNKNOWN
N,440AX68,-0.0001112114807154587,0.0001112114807154587,266,UNKNOWN
N,440AX69,-0.0004606745004247883,0.0004606745004247883,266,UNKNOWN
N,440AX70,0.0003299681271151767,0.0003299681271151767,266,UNKNOWN
N,440AX71,0.002525350312414949,0.002525350312414949,266,UNKNOWN
N,440AX72,-0.0017411795695874,0.0017411795695874,266,UNKNOWN
N,440AX73,0.0037742041587839445,0.0037742041587839445,266,UNKNOWN
N,440AX74,0.006042103698398473,0.006042103698398473,266,UNKNOWN
N,440AX75,0.0017447553754460865,0.0017447553754460865,266,UNKNOWN
N,440AX76,0.0033336440076383337,0.0033336440076383337,266,UNKNOWN
N,440AX77,0.004097889954215752,0.004097889954215752,266,UNKNOWN
N,440AX78,0.002690631861482734,0.002690631861482734,266,UNKNOWN
N,440AX79,0.0022270783255216985,0.0022270783255216985,266,UNKNOWN
N,440AX80,0.0032912965096822742,0.0032912965096822742,266,UNKNOWN
N,440AX81,0.0013151720234305746,0.0013151720234305746,266,UNKNOWN
N,440AX82,0.0014077400967248983,0.0014077400967248983,266,UNKNOWN
N,440AX83,0.0008290994645591851,0.0008290994645591851,266,UNKNOWN
N,440AX84,0.0020183715688566603,0.0020183715688566603,266,UNKNOWN
N,440AX85,0.000483348920838828,0.000483348920838828,266,UNKNOWN
N,440AX86,0.00048728061046395075,0.00048728061046395075,266,UNKNOWN
N,440AX87,0.0012011095869337892,0.0012011095869337892,266,UNKNOWN
N,440AX88,-0.0007846401805302387,0.0007846401805302387,266,UNKNOWN
N,440AX89,-0.00043837943307959896,0.00043837943307959896,266,UNKNOWN
N,440AX90,-0.001238311433000796,0.001238311433000796,266,UNKNOWN
N,440AX91,0.005566121422065689,0.005566121422065689,266,UNKNOWN
N,440AX92,0.009276730669832112,0.009276730669832112,266,UNKNOWN
N,440AX93,0.0034311788426674996,0.0034311788426674996,266,UNKNOWN
N,440AX94,0.005691149380681934,0.005691149380681934,266,UNKNOWN
N,440AX95,0.008560758236074776,0.008560758236074776,266,UNKNOWN
N,440AX96,0.004997119426034391,0.004997119426034391,266,UNKNOWN
N,440AX97,0.0025946152318832086,0.0025946152318832086,266,UNKNOWN
N,440AX98,0.0029062916631368237,0.0029062916631368237,266,UNKNOWN
N,440AX99,0.002542265820700742,0.002542265820700742,266,UNKNOWN
N,440AX100,0.000696714627870093,0.000696714627870093,266,UNKNOWN
N,440AX101,0.0009399625950632452,0.0009399625950632452,266,UNKNOWN
N,440AX102,0.0004041135959831077,0.0004041135959831077,266,UNKNOWN
N,440AX106,-0.025203746919823317,0.025203746919823317,266,UNKNOWN
N,440AX107,0.018036341159547404,0.018036341159547404,266,UNKNOWN
N,440AX108,0.013337595277765872,0.013337595277765872,266,UNKNOWN
N,440AX109,0.03247261360208042,0.03247261360208042,266,UNKNOWN
N,440AX110,0.017454415063993436,0.017454415063993436,266,UNKNOWN
N,440AX111,0.013864463789102121,0.013864463789102121,266,UNKNOWN
N,440AX112,0.015665591507079964,0.015665591507079964,266,UNKNOWN
N,440AX113,0.05391823484529823,0.05391823484529823,266,UNKNOWN
N,440AX114,0.023731839761172407,0.023731839761172407,266,UNKNOWN
N,440AX115,0.07904826296996018,0.07904826296996018,266,UNKNOWN
N,440AX116,0.015511318865713246,0.015511318865713246,266,UNKNOWN
N,440AX117,0.011074456263996352,0.011074456263996352,266,UNKNOWN
N,440AX118,0.02073676788083407,0.02073676788083407,266,UNKNOWN
N,440AX119,0.015107337625781179,0.015107337625781179,266,UNKNOWN
N,440AX120,0.01455595532074075,0.01455595532074075,266,UNKNOWN
N,440AX121,0.017252040504194273,0.017252040504194273,266,UNKNOWN
N,440AX122,0.030635691090608378,0.030635691090608378,266,UNKNOWN
N,440AX123,0.025062766174234235,0.025062766174234235,266,UNKNOWN
N,440AX124,0.022825246716930293,0.022825246716930293,266,UNKNOWN
N,440AX125,0.03430478685776396,0.03430478685776396,266,UNKNOWN
N,440AX126,0.02907573449573751,0.02907573449573751,266,UNKNOWN
N,440AX127,0.024303995440973995,0.024303995440973995,266,UNKNOWN
N,440AX128,0.0223180195436208,0.0223180195436208,266,UNKNOWN
N,440AX129,0.019427325378862503,0.019427325378862503,266,UNKNOWN
N,440AX130,0.02850328979177356,0.02850328979177356,266,UNKNOWN
N,440AX131,0.019624639914707063,0.019624639914707063,266,UNKNOWN
N,440AX132,0.01900493228112514,0.01900493228112514,266,UNKNOWN
N,440AX133,0.002707555995092363,0.002707555995092363,266,UNKNOWN
N,440AX134,0.04508571947423574,0.04508571947423574,266,UNKNOWN
N,440AX135,0.00807437142875356,0.00807437142875356,266,UNKNOWN
N,440AX136,0.04718644751601058,0.04718644751601058,266,UNKNOWN
N,440AX137,0.03205788770709327,0.03205788770709327,266,UNKNOWN
N,440AX138,0.020027462699784733,0.020027462699784733,266,UNKNOWN
N,440AX139,0.07777814022050447,0.07777814022050447,266,UNKNOWN
N,440AX140,0.013691020555365885,0.013691020555365885,266,UNKNOWN
N,440AX141,0.010117052270364288,0.010117052270364288,266,UNKNOWN
N,440AX142,0.015564748249734703,0.015564748249734703,266,UNKNOWN
N,440AX143,0.025931591855432676,0.025931591855432676,266,UNKNOWN
N,440AX144,0.01901791373698083,0.01901791373698083,266,UNKNOWN
N,440AX145,0.030610118655540326,0.030610118655540326,266,UNKNOWN
N,440AX146,0.05261786216071894,0.05261786216071894,266,UNKNOWN
N,440AX147,0.01792353526960567,0.01792353526960567,266,UNKNOWN
N,440AX148,0.06548154291638184,0.06548154291638184,266,UNKNOWN
N,440AX149,0.02037129284521494,0.02037129284521494,266,UNKNOWN
N,440AX150,0.01177264005510646,0.01177264005510646,266,UNKNOWN
N,440AX151,0.028154263532159694,0.028154263532159694,266,UNKNOWN
N,440AX152,0.012487508697294937,0.012487508697294937,266,UNKNOWN
N,440AX153,0.011894281756964428,0.011894281756964428,266,UNKNOWN
N,440AX154,0.01316914482788413,0.01316914482788413,266,UNKNOWN
N,440AX158,-0.07097650773573476,0.07097650773573476,266,UNKNOWN
N,440AX159,0.009752887165908842,0.009752887165908842,266,UNKNOWN
N,440AX160,0.009521335728573424,0.009521335728573424,266,UNKNOWN
N,440AX161,0.010709895980562477,0.010709895980562477,266,UNKNOWN
N,440AX162,0.01349019644242515,0.01349019644242515,266,UNKNOWN
N,440AX163,0.011383615069121809,0.011383615069121809,266,UNKNOWN
N,440AX164,0.01377319492439708,0.01377319492439708,266,UNKNOWN
N,440AX165,0.019156174670819388,0.019156174670819388,266,UNKNOWN
N,440AX166,0.014733033644657681,0.014733033644657681,266,UNKNOWN
N,440AX167,0.021347597451814103,0.021347597451814103,266,UNKNOWN
N,440AX168,0.00751514543289528,0.00751514543289528,266,UNKNOWN
N,440AX169,0.0071636105158249894,0.0071636105158249894,266,UNKNOWN
N,440AX170,0.0075797485163216355,0.0075797485163216355,266,UNKNOWN
N,440AX171,0.007572627731056105,0.007572627731056105,266,UNKNOWN
N,440AX172,0.0075382805971458775,0.0075382805971458775,266,UNKNOWN
N,440AX173,0.007584054208841371,0.007584054208841371,266,UNKNOWN
N,440AX174,0.00839341889374677,0.00839341889374677,266,UNKNOWN
N,440AX175,0.009535372519161417,0.009535372519161417,266,UNKNOWN
N,440AX176,0.007253388793295692,0.007253388793295692,266,UNKNOWN
N,440AX177,0.008532139830653748,0.008532139830653748,266,UNKNOWN
N,440AX178,0.009091773412834672,0.009091773412834672,266,UNKNOWN
N,440AX179,0.008345780861253418,0.008345780861253418,266,UNKNOWN
N,440AX180,0.008110078344359145,0.008110078344359145,266,UNKNOWN
N,440AX181,0.0078025292810957455,0.0078025292810957455,266,UNKNOWN
N,440AX182,0.008299729959515945,0.008299729959515945,266,UNKNOWN
N,440AX183,0.011219696599331745,0.011219696599331745,266,UNKNOWN
N,440AX184,0.010291738811175353,0.010291738811175353,266,UNKNOWN
N,440AX185,0.011788641180781009,0.011788641180781009,266,UNKNOWN
N,440AX186,0.016743087813890337,0.016743087813890337,266,UNKNOWN
N,440AX187,0.009919108799529584,0.009919108799529584,266,UNKNOWN
N,440AX188,0.017412134681209,0.017412134681209,266,UNKNOWN
N,440AX189,0.011068101554106886,0.011068101554106886,266,UNKNOWN
N,440AX190,0.010041281881919202,0.010041281881919202,266,UNKNOWN
N,440AX191,0.012535057348162702,0.012535057348162702,266,UNKNOWN
N,440AX192,0.011673901433772295,0.011673901433772295,266,UNKNOWN
N,440AX193,0.01168075524189821,0.01168075524189821,266,UNKNOWN
N,440AX194,0.012027868025195114,0.012027868025195114,266,UNKNOWN
N,440AX195,0.01737761680527972,0.01737761680527972,266,UNKNOWN
N,440AX196,0.01850725346285262,0.01850725346285262,266,UNKNOWN
N,440AX197,0.016260819161403393,0.016260819161403393,266,UNKNOWN
N,440AX198,0.020785799390212804,0.020785799390212804,266,UNKNOWN
N,440AX199,0.014224480586408067,0.014224480586408067,266,UNKNOWN
N,440AX200,0.023748347457281008,0.023748347457281008,266,UNKNOWN
N,440AX201,0.008208352739374232,0.008208352739374232,266,UNKNOWN
N,440AX202,0.007682695389413823,0.007682695389413823,266,UNKNOWN
N,440AX203,0.008533646803831016,0.008533646803831016,266,UNKNOWN
N,440AX204,0.010583341718461068,0.010583341718461068,266,UNKNOWN
N,440AX205,0.010781757236914574,0.010781757236914574,266,UNKNOWN
N,440AX206,0.010271477858725762,0.010271477858725762,266,UNKNOWN
N,440AX207,-0.00277636747734588,0.00277636747734588,266,UNKNOWN
N,440AX210,-0.03858043642201241,0.03858043642201241,266,UNKNOWN
N,440AX211,0.001881074724501818,0.001881074724501818,266,UNKNOWN
N,440AX212,0.0026079999703698736,0.0026079999703698736,266,UNKNOWN
N,Tool (#5),-0.2703569844475396,0.2703569844475396,266,UNKNOWN
N,520X1,-0.1284529630762209,0.1284529630762209,266,520
N,520X3,-0.004324903859069134,0.004324903859069134,266,520
N,520X6,0.21817929921784188,0.21817929921784188,266,520
N,520X7,0.0913868353615604,0.0913868353615604,266,520
N,520X8,-0.08100787612824946,0.08100787612824946,266,520
N,520X11,0.11894459727688689,0.11894459727688689,266,520
N,520X12,0.12656111894135955,0.12656111894135955,266,520
N,520X13,0.10713017622959733,0.10713017622959733,266,520
N,520X16,0.019543855926430244,0.019543855926430244,266,520
N,520X17,-0.0042293246760712385,0.0042293246760712385,266,520
N,520X18,0.04745805675871482,0.04745805675871482,266,520
N,520X19,0.11894459727687863,0.11894459727687863,266,520
N,520X21,0.11819546993409434,0.11819546993409434,266,520
N,520X22,0.11738151963497434,0.11738151963497434,266,520
N,520X23,0.0988609788670651,0.0988609788670651,266,520
N,520X24,0.11894459727686765,0.11894459727686765,266,520
N,520X26,0.11894459727686765,0.11894459727686765,266,520
N,520X27,0.11350288175677774,0.11350288175677774,266,520
N,520X28,0.1061428240075438,0.1061428240075438,266,520
N,520X31,-0.08307310899613468,0.08307310899613468,266,520
N,520X32,-0.08094536900648057,0.08094536900648057,266,520
N,520X33,-0.06824365357340076,0.06824365357340076,266,520
N,520X34,0.11894459727688689,0.11894459727688689,266,520
N,520X36,0.11990199487613683,0.11990199487613683,266,520
N,520X37,0.13922299670854557,0.13922299670854557,266,520
N,520X38,0.10209263397703366,0.10209263397703366,266,520
N,520X39,0.11894459727688689,0.11894459727688689,266,520
N,520X41,0.11429036869464838,0.11429036869464838,266,520
N,520X42,0.11142388430252405,0.11142388430252405,266,520
N,520X43,0.10280567690364356,0.10280567690364356,266,520
N,520X44,0.1189445972768292,0.1189445972768292,266,520
N,520X46,-0.034758806137386584,0.034758806137386584,266,520
N,520X47,-0.017299326493054483,0.017299326493054483,266,520
N,520X48,-0.04352803697644131,0.04352803697644131,266,520
N,520X49,-0.11894459727688689,0.11894459727688689,266,520
N,520X51,-0.15199055318441196,0.15199055318441196,266,520
N,520X52,-0.06010107312524202,0.06010107312524202,266,520
N,520X53,-0.05825047447119177,0.05825047447119177,266,520
N,520X56,0.11657496731096549,0.11657496731096549,266,520
N,520X57,0.06760944512379703,0.06760944512379703,266,520
N,520X58,0.11769782669239608,0.11769782669239608,266,520
N,520X59,0.11894459727688689,0.11894459727688689,266,520
N,520X61,0.051308353655176185,0.051308353655176185,266,520
N,520X62,0.03830788285823911,0.03830788285823911,266,520
N,520X63,0.13926685650534104,0.13926685650534104,266,520
N,520X64,-0.1189445972768292,0.1189445972768292,266,520
N,520X66,0.10481258144976445,0.10481258144976445,266,520
N,520X67,0.050878202835101895,0.050878202835101895,266,520
N,520X68,0.19230796700278546,0.19230796700278546,266,520
N,520X69,0.11894459727688689,0.11894459727688689,266,520
N,520X71,0.019223110627344622,0.019223110627344622,266,520
N,520X72,0.026583181296155504,0.026583181296155504,266,520
N,520X73,0.10484417785327063,0.10484417785327063,266,520
N,520X74,0.11894459727688689,0.11894459727688689,266,520
N,520X76,-0.046131821534704374,0.046131821534704374,266,520
N,520X77,-0.09949880273904295,0.09949880273904295,266,520
N,520X78,0.011001551577127783,0.011001551577127783,266,520
N,520X79,-0.11894459727688689,0.11894459727688689,266,520
N,520X81,0.05870639249823613,0.05870639249823613,266,520
N,520X82,0.011815621144833945,0.011815621144833945,266,520
N,520X83,0.0830661844577736,0.0830661844577736,266,520
N,520X84,0.1189445972768292,0.1189445972768292,266,520
N,520X86,0.1115665953155449,0.1115665953155449,266,520
N,520X87,0.06059476398903597,0.06059476398903597,266,520
N,520X88,0.13092945409857568,0.13092945409857568,266,520
N,520X89,0.11894459727688689,0.11894459727688689,266,520
N,520X91,-0.05437103229651876,0.05437103229651876,266,520
N,520X92,-0.013399350878972408,0.013399350878972408,266,520
N,520X93,-0.011711692552442818,0.011711692552442818,266,520
N,520X94,0.1189445972768292,0.1189445972768292,266,520
N,520X96,0.13686947838705768,0.13686947838705768,266,520
N,520X97,0.14610246924463488,0.14610246924463488,266,520
N,520X98,0.12526383941803648,0.12526383941803648,266,520
N,520X99,0.11894459727686765,0.11894459727686765,266,520
N,520X101,0.11607686325185368,0.11607686325185368,266,520
N,520X102,0.08476813570724011,0.08476813570724011,266,520
N,520X103,0.130833984136259,0.130833984136259,266,520
N,520X104,0.11894459727688689,0.11894459727688689,266,520
N,520X106,0.13848637728569244,0.13848637728569244,266,520
N,520X107,0.143067800156367,0.143067800156367,266,520
N,520X108,0.11859811467849089,0.11859811467849089,266,520
N,520X109,0.11894459727686765,0.11894459727686765,266,520
N,520X111,0.1179666935948197,0.1179666935948197,266,520
N,520X112,0.08748194472818677,0.08748194472818677,266,520
N,520X113,0.1676978089729329,0.1676978089729329,266,520
N,520X114,0.11894459727686765,0.11894459727686765,266,520
N,520X117,-0.1189445972768292,0.1189445972768292,266,520
N,520X118,-0.0450901564655574,0.0450901564655574,266,520
N,520X119,-0.13065013417347288,0.13065013417347288,266,520
N,520X123,-0.15201506394467912,0.15201506394467912,266,520
N,520X124,-0.15325295037310846,0.15325295037310846,266,520
N,520X128,0.11894459727686765,0.11894459727686765,266,520
N,520X129,0.09365185513478999,0.09365185513478999,266,520
N,520X130,0.13441038561872898,0.13441038561872898,266,520
N,520X134,0.09886454975771954,0.09886454975771954,266,520
N,520X135,0.1420893920078576,0.1420893920078576,266,520
N,520X137,-0.08076486706188314,0.08076486706188314,266,520
N,520X140,-0.17657025031123771,0.17657025031123771,266,520
N,520X143,-0.13152187210128943,0.13152187210128943,266,520
N,520X144,-0.11695301279731048,0.11695301279731048,266,520
N,520X148,-0.15804467867327776,0.15804467867327776,266,520
N,520X152,-0.15893069535325793,0.15893069535325793,266,520
N,520X158,-0.06323946974182527,0.06323946974182527,266,520
N,520X159,-0.05958483668295375,0.05958483668295375,266,520
N,520X160,-0.06244652442598409,0.06244652442598409,266,520
N,520X161,-0.06531643480968743,0.06531643480968743,266,520
N,520X162,-0.05585621980825034,0.05585621980825034,266,520
N,520X165,-0.1237210798759276,0.1237210798759276,266,520
N,520X166,-0.008369535032210303,0.008369535032210303,266,520
N,520X167,-0.03517953649776076,0.03517953649776076,266,520
N,520X168,-0.022606627408246347,0.022606627408246347,266,520
N,520X169,-0.13401513699818848,0.13401513699818848,266,520
N,520X171,-0.15910963759448504,0.15910963759448504,266,520
N,520X173,-0.15808280106658526,0.15808280106658526,266,520
N,520X174,0.04096342428286928,0.04096342428286928,266,520
N,520X176,-0.01213398113129793,0.01213398113129793,266,520
N,520X177,-0.01595695027228146,0.01595695027228146,266,520
N,520X178,-0.09398335430993103,0.09398335430993103,266,520
N,520X179,0.06666711815118646,0.06666711815118646,266,520
N,520X180,0.025364875321752745,0.025364875321752745,266,520
N,520X181,0.058557434106706115,0.058557434106706115,266,520
N,520X182,0.04565249469721763,0.04565249469721763,266,520
N,520X183,0.09096198838987243,0.09096198838987243,266,520
N,520X184,0.028147000973363864,0.028147000973363864,266,520
N,520X186,0.010417072603624199,0.010417072603624199,266,520
N,520X230,-0.017817863673227182,0.017817863673227182,266,520
N,520X231,-0.01956992533940517,0.01956992533940517,266,520
N,520X232,-0.017235448769388515,0.017235448769388515,266,520
N,520X233,-0.019916849334051353,0.019916849334051353,266,520
N,520X234,-0.018120042078647123,0.018120042078647123,266,520
N,520X235,-0.019195021010038442,0.019195021010038442,266,520
N,520X236,-0.001208494425313773,0.001208494425313773,266,520
N,520X237,-0.05092768527368891,0.05092768527368891,266,520
N,520X238,-0.0837611631888845,0.0837611631888845,266,520
N,520X239,-0.006944665034668803,0.006944665034668803,266,520
N,520X240,-0.0007149681401865263,0.0007149681401865263,266,520
N,520X241,0.00841579996945327,0.00841579996945327,266,520
N,520X242,-0.05132261293503388,0.05132261293503388,266,520
N,520X243,-0.07820517282340075,0.07820517282340075,266,520
N,520X244,0.003752705494594238,0.003752705494594238,266,520
N,520X245,-0.0021124026422327464,0.0021124026422327464,266,520
N,520X246,-0.11695325203367983,0.11695325203367983,266,520
N,520X248,-0.15804439228135522,0.15804439228135522,266,520
N,520X250,-0.15809541565589763,0.15809541565589763,266,520
N,520X252,0.019544157702584414,0.019544157702584414,266,520
N,520X253,0.0180340141063263,0.0180340141063263,266,520
N,520X254,0.01935540941319034,0.01935540941319034,266,520
N,520X255,0.02363671859705665,0.02363671859705665,266,520
N,520X256,0.02003122797607669,0.02003122797607669,266,520
N,520X257,0.023781445117883226,0.023781445117883226,266,520
N,520X258,-0.07402447146225101,0.07402447146225101,266,520
N,520X259,-0.024757382323696498,0.024757382323696498,266,520
N,520X260,-0.07799939882297911,0.07799939882297911,266,520
N,520X261,-0.021862275159223482,0.021862275159223482,266,520
N,520X262,-0.060004131802037515,0.060004131802037515,266,520
N,520X263,-0.03966245979693612,0.03966245979693612,266,520
N,520X264,-0.04768916092507122,0.04768916092507122,266,520
N,520X265,-0.07623043702788339,0.07623043702788339,266,520
N,520X266,-0.0660741995336984,0.0660741995336984,266,520
N,520X267,-0.04548228665606704,0.04548228665606704,266,520
N,520X281,-0.05335365637611677,0.05335365637611677,266,520
N,520X282,-0.08988304755659182,0.08988304755659182,266,520
N,520X283,-0.03692958935759235,0.03692958935759235,266,520
N,520X284,-0.1742725801383442,0.1742725801383442,266,520
N,520X285,-0.07633572691169951,0.07633572691169951,266,520
N,520X287,0.008372695682169721,0.008372695682169721,266,520
N,520X288,0.024562782544678308,0.024562782544678308,266,520
N,520X289,-0.0014085146964364947,0.0014085146964364947,266,520
N,520X290,0.025117171902233695,0.025117171902233695,266,520
N,520X291,0.0006023180411831228,0.0006023180411831228,266,520
N,520X293,0.034469630402311414,0.034469630402311414,266,520
N,520X294,0.05423500272921894,0.05423500272921894,266,520
N,520X295,0.0065317527310041,0.0065317527310041,266,520
N,520X296,0.027877353329809472,0.027877353329809472,266,520
N,520X297,0.015217729814000958,0.015217729814000958,266,520
N,520X305,-0.06903991872735489,0.06903991872735489,266,520
N,520X306,-0.06820296111253764,0.06820296111253764,266,520
N,520X307,-0.009191292912265793,0.009191292912265793,266,520
N,520X308,-0.0910817312896932,0.0910817312896932,266,520
N,520X309,-0.08200734208859738,0.08200734208859738,266,520
N,520X311,-0.003106937699910929,0.003106937699910929,266,520
N,520X312,-0.013629342758029874,0.013629342758029874,266,520
N,520X313,-0.04646993421269999,0.04646993421269999,266,520
N,520X314,-0.08291875141999572,0.08291875141999572,266,520
N,520X315,0.0019626806854297105,0.0019626806854297105,266,520
N,520X317,-0.04077028984097472,0.04077028984097472,266,520
N,520X318,-0.06717778559071742,0.06717778559071742,266,520
N,520X319,-0.024225825463049556,0.024225825463049556,266,520
N,520X320,-0.055366920822161776,0.055366920822161776,266,520
N,520X321,-0.000701019937089867,0.000701019937089867,266,520
N,520X323,0.024573502798739773,0.024573502798739773,266,520
N,520X324,0.01967385018396387,0.01967385018396387,266,520
N,520X325,0.024592402759928734,0.024592402759928734,266,520
N,520X326,0.07236154637478562,0.07236154637478562,266,520
N,520X327,-0.008936201698898414,0.008936201698898414,266,520
N,520X329,0.18037107008312564,0.18037107008312564,266,520
N,520X330,0.17196653047930174,0.17196653047930174,266,520
N,520X331,0.1620066434575449,0.1620066434575449,266,520
N,520X332,0.0757884041947313,0.0757884041947313,266,520
N,520X333,0.15896321404699013,0.15896321404699013,266,520
N,520X345,-0.1139988873908782,0.1139988873908782,266,520
N,520X346,-0.15809580501271553,0.15809580501271553,266,520
N,520X348,-0.15814383726533715,0.15814383726533715,266,520
N,520X351,-0.11403605814005159,0.11403605814005159,266,520
N,520X353,-0.11695277357264976,0.11695277357264976,266,520
N,520X375,0.03535533905932776,0.03535533905932776,266,520
N,520X376,-0.060275167015199915,0.060275167015199915,266,520
N,520X377,0.061314030112057036,0.061314030112057036,266,520
N,Chamber,-0.04836769002496728,0.04836769002496728,266,UNKNOWN
N,520X380,-0.011790645942016313,0.011790645942016313,266,520
N,520X381,-0.011790645942016308,0.011790645942016308,266,520
N,520X387,0.016925699690016553,0.016925699690016553,266,520
N,520X388,0.01097935940515177,0.01097935940515177,266,520
N,520X389,-0.04978344987558283,0.04978344987558283,266,520
N,520X390,0.01588852710921777,0.01588852710921777,266,520
N,520X391,0.014236907979794378,0.014236907979794378,266,520
N,520X392,-0.11272092701163168,0.11272092701163168,266,520
N,520X393,-0.119142301017916,0.119142301017916,266,520
N,520X394,-0.1398430115511971,0.1398430115511971,266,520
N,520X395,-0.1115176462692258,0.1115176462692258,266,520
N,520X396,-0.12701996041534613,0.12701996041534613,266,520
N,520X397,-0.13462142316600675,0.13462142316600675,266,520
N,520X399,0.03238673981760541,0.03238673981760541,266,520
N,520X400,0.10510461442210213,0.10510461442210213,266,520
N,520X403,-0.012007073618254092,0.012007073618254092,266,520
N,520X404,-0.010939752217217468,0.010939752217217468,266,520
N,520X405,-0.010553661886267475,0.010553661886267475,266,520
N,520X406,0.012103841937560776,0.012103841937560776,266,520
N,520X407,-0.011706746653265545,0.011706746653265545,266,520
N,520X408,0.02053740841174217,0.02053740841174217,266,520
N,520X409,0.018126971312853134,0.018126971312853134,266,520
N,520X410,0.020647895448075618,0.020647895448075618,266,520
N,520X411,0.05390135337895378,0.05390135337895378,266,520
N,520X412,0.011689318765669945,0.011689318765669945,266,520
N,520X432,-0.12100588614187918,0.12100588614187918,266,520
N,750X1,-0.02788045722572707,0.02788045722572707,266,750
N,750X3,0.03724849985975875,0.03724849985975875,266,750
N,750X14,-0.07192063577430294,0.07192063577430294,266,750
N,750X23,0.14797719046424443,0.14797719046424443,266,750
N,750X25,0.03444327375235473,0.03444327375235473,266,750
N,750X34,0.05530930321180502,0.05530930321180502,266,750
N,750X45,-0.04942861922128029,0.04942861922128029,266,750
N,750X47,-0.1320604372304959,0.1320604372304959,266,750
N,750X58,0.1406214512303195,0.1406214512303195,266,750
N,750X69,0.05824674132354413,0.05824674132354413,266,750
N,750X80,-0.12551157203490917,0.12551157203490917,266,750
N,750X91,-0.05055284495181319,0.05055284495181319,266,750
N,750X100,-0.00018838298117999298,0.00018838298117999298,266,750
N,750X109,-0.05793362523546022,0.05793362523546022,266,750
N,750X111,-0.15415715879928765,0.15415715879928765,266,750
N,750X115,-0.02183724578144919,0.02183724578144919,266,750
N,750X117,0.16955900846637414,0.16955900846637414,266,750
N,750X125,0.1282560979090116,0.1282560979090116,266,750
N,750X131,-0.11301561772660633,0.11301561772660633,266,750
N,750X133,0.10298688804666582,0.10298688804666582,266,750
N,750X141,0.08778049884072217,0.08778049884072217,266,750
N,750X149,0.04242773951026654,0.04242773951026654,266,750
N,750X155,-0.08053633485654556,0.08053633485654556,266,750
N,750X157,-0.002419945975356914,0.002419945975356914,266,750
N,750X165,-0.02151791623121129,0.02151791623121129,266,750
N,750X176,-0.062104376515385626,0.062104376515385626,266,750
N,750X185,-0.0492371429123863,0.0492371429123863,266,750
N,750X187,-0.06207099121340809,0.06207099121340809,266,750
N,750X198,-0.04267524004785665,0.04267524004785665,266,750
N,750X211,-0.14725929083505296,0.14725929083505296,266,750
N,750X219,-0.017034443486723807,0.017034443486723807,266,750
N,750X228,0.00308168128484593,0.00308168128484593,266,750
N,750X230,0.03160025607399524,0.03160025607399524,266,750
N,750X241,0.04219083145998911,0.04219083145998911,266,750
N,750X252,0.06450782908021559,0.06450782908021559,266,750
N,750X261,0.06798620646142965,0.06798620646142965,266,750
N,750X263,0.07174646560894392,0.07174646560894392,266,750
N,750X274,0.08942796220989367,0.08942796220989367,266,750
N,750X285,0.10709293207295892,0.10709293207295892,266,750
N,750X294,0.03926487809687059,0.03926487809687059,266,750
N,750X296,0.08811804101496576,0.08811804101496576,266,750
N,750X307,0.07656142335025595,0.07656142335025595,266,750
N,750X318,0.047946383367922576,0.047946383367922576,266,750
N,750X327,-0.0031063574245550002,0.0031063574245550002,266,750
N,750X329,-0.10476090338622583,0.10476090338622583,266,750
N,750X335,0.13172073767424428,0.13172073767424428,266,750
N,750X337,0.04013639777228441,0.04013639777228441,266,750
N,750X348,0.05083854827948982,0.05083854827948982,266,750
N,750X359,0.060913697262554335,0.060913697262554335,266,750
N,750X368,0.14118655670144648,0.14118655670144648,266,750
N,750X370,0.05717829413187754,0.05717829413187754,266,750
N,750X381,0.040395087031927825,0.040395087031927825,266,750
N,750X392,0.03605181796462488,0.03605181796462488,266,750
N,750X401,0.22096432491108842,0.22096432491108842,266,750
N,750X403,0.037345045719292674,0.037345045719292674,266,750
N,750X414,0.038645093030213615,0.038645093030213615,266,750
N,750X425,0.032792925044217346,0.032792925044217346,266,750
N,750X434,0.23657163250125834,0.23657163250125834,266,750
N,750X436,0.03716624508648551,0.03716624508648551,266,750
N,750X447,-0.06329709089729693,0.06329709089729693,266,750
N,750X455,0.055274954938126196,0.055274954938126196,266,750
N,750X466,0.066498050895557,0.066498050895557,266,750
N,750X475,0.10497573953913437,0.10497573953913437,266,750
N,750X477,0.06708761767109558,0.06708761767109558,266,750
N,750X488,0.04464651071861421,0.04464651071861421,266,750
N,750X499,0.024255953072073313,0.024255953072073313,266,750
N,750X508,0.12275837636962242,0.12275837636962242,266,750
N,750X510,0.039425064841316464,0.039425064841316464,266,750
N,750X521,0.05812677216531991,0.05812677216531991,266,750
N,750X532,0.07581217297188038,0.07581217297188038,266,750
N,750X541,-0.055927056480147744,0.055927056480147744,266,750
N,750X543,0.06291082471583952,0.06291082471583952,266,750
N,750X554,0.05232121822565224,0.05232121822565224,266,750
N,750X565,0.08488592302081596,0.08488592302081596,266,750
N,750X573,0.04248681190840915,0.04248681190840915,266,750
N,750X582,-0.059562947737321376,0.059562947737321376,266,750
N,750X584,0.05193297812145703,0.05193297812145703,266,750
N,750X595,0.08711008251872747,0.08711008251872747,266,750
N,750X605,0.1390411438687441,0.1390411438687441,266,750
N,750X611,-0.06251884921675514,0.06251884921675514,266,750
N,750X613,0.14355753033878996,0.14355753033878996,266,750
N,750X621,0.11566989385344852,0.11566989385344852,266,750
N,750X629,0.025562745833655462,0.025562745833655462,266,750
N,750X635,-0.13352721135503928,0.13352721135503928,266,750
N,750X637,-0.08414593591699557,0.08414593591699557,266,750
N,750X645,-0.10357405660200242,0.10357405660200242,266,750
N,750X653,-0.09672876698102142,0.09672876698102142,266,750
N,750X659,-0.016278609486350647,0.016278609486350647,266,750
N,750X661,0.1882020947659006,0.1882020947659006,266,750
N,750X669,0.2227598241271782,0.2227598241271782,266,750
N,750X677,0.2275624526784434,0.2275624526784434,266,750
N,750X685,0.21649377851330476,0.21649377851330476,266,750
N,750X696,0.1275464022699344,0.1275464022699344,266,750
N,750X702,-0.0033957989299889,0.0033957989299889,266,750
N,750X704,0.1430827824801452,0.1430827824801452,266,750
N,750X710,-0.12392081802925842,0.12392081802925842,266,750
N,750X741,-0.004714653098078275,0.004714653098078275,266,750
N,750X743,-0.04701118769196349,0.04701118769196349,266,750
N,750X763,0.04155408462076946,0.04155408462076946,266,750
N,750X765,0.06000718290149681,0.06000718290149681,266,750
N,750X776,0.13647478652692527,0.13647478652692527,266,750
N,750X785,-0.0802657396816903,0.0802657396816903,266,750
N,750X853,0.0008277251877495412,0.0008277251877495412,266,750
N,750X885,0.161639203862679,0.161639203862679,266,750
N,750X896,-0.00449484565666753,0.00449484565666753,266,750
N,750X971,-0.05659998518794137,0.05659998518794137,266,750
N,750X984,-0.013547428020675104,0.013547428020675104,266,750
N,750X987,-0.037861252630870576,0.037861252630870576,266,750
N,750X995,-0.08246669765035877,0.08246669765035877,266,750
N,750X1006,0.006335093567316657,0.006335093567316657,266,750
N,750X1017,0.05128026744919374,0.05128026744919374,266,750
N,750X1028,0.05505717906308692,0.05505717906308692,266,750
N,750X1039,0.06553068061200086,0.06553068061200086,266,750
N,750X1050,0.005083021738619356,0.005083021738619356,266,750
N,750X1061,0.023376592379926207,0.023376592379926207,266,750
N,750X1072,-0.1226427837972791,0.1226427837972791,266,750
N,750X1083,-0.010392940764672174,0.010392940764672174,266,750
N,750X1094,-0.04293458786150931,0.04293458786150931,266,750
N,750X1105,0.02294514402739879,0.02294514402739879,266,750
N,750X1116,0.040986416079058556,0.040986416079058556,266,750
N,750X1127,-0.014700413924657891,0.014700413924657891,266,750
N,750X1138,-0.16026146173989497,0.16026146173989497,266,750
N,750X1146,-0.020556358295228755,0.020556358295228755,266,750
N,750X1152,0.05555817338832018,0.05555817338832018,266,750
N,750X1164,-0.020498802118772846,0.020498802118772846,266,750
N,750X1190,0.007253926250207677,0.007253926250207677,266,750
N,750X1201,-0.06021278177029729,0.06021278177029729,266,750
N,750X1212,-0.04283726138212304,0.04283726138212304,266,750
N,750X1245,-0.13376232878540523,0.13376232878540523,266,750
N,750X1267,0.11467544700318894,0.11467544700318894,266,750
N,750X1278,0.04401251327774014,0.04401251327774014,266,750
N,750X1288,-0.04906530602513496,0.04906530602513496,266,750
N,750X1291,-0.12396974822386304,0.12396974822386304,266,750
N,750X1297,-0.018452835508211543,0.018452835508211543,266,750
N,750X1305,-0.012288090490543229,0.012288090490543229,266,750
N,750X1313,-0.028704992973269675,0.028704992973269675,266,750
N,750X1321,-0.021291218647181788,0.021291218647181788,266,750
N,750X1329,-0.0394514174201735,0.0394514174201735,266,750
N,750X1337,-0.047952132132758285,0.047952132132758285,266,750
N,750X1356,-0.053269349563338765,0.053269349563338765,266,750
N,750X1364,0.061863760022370866,0.061863760022370866,266,750
N,750X1383,-0.01354680949289362,0.01354680949289362,266,750
N,750X1391,-0.07245172534370997,0.07245172534370997,266,750
O,210X1,0.45321803290221485,0.45321803290221485,86,210
O,210X2,1.2404223666497272,1.2404223666497272,86,210
O,210X3,-0.6755185106547522,0.6755185106547522,86,210
O,210X4,0.3052737036562779,0.3052737036562779,86,210
O,210X5,0.12006687158466396,0.12006687158466396,86,210
O,210X6,-0.24774682543115806,0.24774682543115806,86,210
O,210X7,-0.31468402539873996,0.31468402539873996,86,210
O,210X8,1.3520355967228703,1.3520355967228703,86,210
O,210X9,0.6455957920897312,0.6455957920897312,86,210
O,210X10,-0.6659426772453432,0.6659426772453432,86,210
O,210X11,-0.6636213222468506,0.6636213222468506,86,210
O,210X12,0.2702887786445628,0.2702887786445628,86,210
O,210X13,1.142261879072174,1.142261879072174,86,210
O,210X14,0.41655775539383044,0.41655775539383044,86,210
O,210X15,1.129008078519672,1.129008078519672,86,210
O,210X16,0.7259476828239123,0.7259476828239123,86,210
O,210X18,0.5346175421725399,0.5346175421725399,86,210
O,210X19,-0.09566669063836969,0.09566669063836969,86,210
O,210X20,-0.5372600368588851,0.5372600368588851,86,210
O,210X21,0.07084380157152471,0.07084380157152471,86,210
O,210X23,-0.6102269447194595,0.6102269447194595,86,210
O,210X24,0.125711133678695,0.125711133678695,86,210
O,210X25,0.22669995930318906,0.22669995930318906,86,210
O,210X26,0.16497675052477603,0.16497675052477603,86,210
O,210X27,0.3335957426436488,0.3335957426436488,86,210
O,210X28,0.5856156116549022,0.5856156116549022,86,210
O,210X29,0.05552082247585184,0.05552082247585184,86,210
O,210X30,0.21693666892576532,0.21693666892576532,86,210
O,210X32,0.03973356262157508,0.03973356262157508,86,210
O,210X33,0.3298193326796657,0.3298193326796657,86,210
O,210X34,0.03780461754067223,0.03780461754067223,86,210
O,210X35,0.3347629800839949,0.3347629800839949,86,210
O,210X36,0.4407021026000771,0.4407021026000771,86,210
O,210X39,0.19033698264064272,0.19033698264064272,86,210
O,210X40,0.18814263786618082,0.18814263786618082,86,210
O,210X41,0.12927953156223335,0.12927953156223335,86,210
O,210X42,0.18202267495556548,0.18202267495556548,86,210
O,210X43,0.12640333563264225,0.12640333563264225,86,210
O,210X44,0.1886614228399095,0.1886614228399095,86,210
O,210X45,0.15868218096061143,0.15868218096061143,86,210
O,210X46,0.18851062209535366,0.18851062209535366,86,210
O,210X47,0.1638160877610479,0.1638160877610479,86,210
O,210X48,0.15364827049871993,0.15364827049871993,86,210
O,210X49,0.17070451432817293,0.17070451432817293,86,210
O,210X50,0.15142626310321647,0.15142626310321647,86,210
O,210X51,0.1706989923398579,0.1706989923398579,86,210
O,210X52,0.618135119460972,0.618135119460972,86,210
O,210X53,0.2536462899946341,0.2536462899946341,86,210
O,210X54,0.1767225791697658,0.1767225791697658,86,210
O,210X55,0.2549885867713247,0.2549885867713247,86,210
O,210X56,0.1752821630458792,0.1752821630458792,86,210
O,210X57,-0.02916917372877496,0.02916917372877496,86,210
O,210X58,-0.19673419298747813,0.19673419298747813,86,210
O,210X59,0.3966672461681862,0.3966672461681862,86,210
O,210X60,0.04745792951568925,0.04745792951568925,86,210
O,210X61,0.23661813513776547,0.23661813513776547,86,210
O,210X62,0.15754721658785112,0.15754721658785112,86,210
O,210X63,0.24066102713866744,0.24066102713866744,86,210
O,210X64,0.15819718416373907,0.15819718416373907,86,210
O,210X65,-0.1077503733694643,0.1077503733694643,86,210
O,210X66,1.102140881436285,1.102140881436285,86,210
O,210X67,0.377114111134759,0.377114111134759,86,210
O,210X68,0.426493548812076,0.426493548812076,86,210
O,210X69,0.16569242861391378,0.16569242861391378,86,210
O,210X70,0.13785847613869096,0.13785847613869096,86,210
O,210X71,0.16520145140960743,0.16520145140960743,86,210
O,210X72,0.07800322540723473,0.07800322540723473,86,210
O,210X73,0.06343172751860755,0.06343172751860755,86,210
O,210X74,0.343365806717084,0.343365806717084,86,210
O,210X75,0.08493364251877868,0.08493364251877868,86,210
O,210X76,-0.08477178001445897,0.08477178001445897,86,210
O,210X77,0.07084380157152502,0.07084380157152502,86,210
O,210X80,-0.03285846848497712,0.03285846848497712,86,210
O,210X81,0.9533785516509232,0.9533785516509232,86,210
O,210X82,0.8991558045725675,0.8991558045725675,86,210
O,210X83,0.9789357546420026,0.9789357546420026,86,210
O,210X84,0.9158311838819143,0.9158311838819143,86,210
O,210X85,0.21109140809906063,0.21109140809906063,86,210
O,210X86,0.47974585614630066,0.47974585614630066,86,210
O,210X87,0.25926397556131464,0.25926397556131464,86,210
O,210X88,0.46629534573547765,0.46629534573547765,86,210
O,210X89,1.1677813998751259,1.1677813998751259,86,210
O,210X90,-0.21644952291493713,0.21644952291493713,86,210
O,210X91,0.8871500219411473,0.8871500219411473,86,210
O,210X92,0.07116008896311046,0.07116008896311046,86,210
O,210X93,0.0780189546844489,0.0780189546844489,86,210
O,210X94,0.09522067371885927,0.09522067371885927,86,210
O,210X95,0.11998317822552317,0.11998317822552317,86,210
O,210X96,0.06865857330953284,0.06865857330953284,86,210
O,210X97,1.3710208067742125,1.3710208067742125,86,210
O,210X98,1.3288435729170938,1.3288435729170938,86,210
O,210X99,1.3829545017739682,1.3829545017739682,86,210
O,210X100,0.07141940672315017,0.07141940672315017,86,210
O,210X101,0.07084351523275874,0.07084351523275874,86,210
O,210X102,0.006773665027244692,0.006773665027244692,86,210
O,210X104,0.07983316800478313,0.07983316800478313,86,210
O,210X105,-0.6929951386870036,0.6929951386870036,86,210
O,210X106,0.06741091685096605,0.06741091685096605,86,210
O,210X107,-0.6417720250122729,0.6417720250122729,86,210
O,210X108,0.07066054117591658,0.07066054117591658,86,210
O,210X109,-0.29967625583390267,0.29967625583390267,86,210
O,210X110,0.07150540924760736,0.07150540924760736,86,210
O,210X111,-0.11831366346064323,0.11831366346064323,86,210
O,210X112,0.2781907389337202,0.2781907389337202,86,210
O,210X113,0.06281908129792459,0.06281908129792459,86,210
O,210X114,0.39600305155114823,0.39600305155114823,86,210
O,210X115,0.278015812306565,0.278015812306565,86,210
O,210X116,0.2528310088072108,0.2528310088072108,86,210
O,210X117,0.17299120160697729,0.17299120160697729,86,210
O,210X118,0.9295886182228527,0.9295886182228527,86,210
O,210X119,0.8877943182085964,0.8877943182085964,86,210
O,210X120,0.9267859493658278,0.9267859493658278,86,210
O,210X121,0.8840007799669608,0.8840007799669608,86,210
O,210X122,0.2549260483193707,0.2549260483193707,86,210
O,210X123,0.1754338425610164,0.1754338425610164,86,210
O,210X124,0.3796107875640737,0.3796107875640737,86,210
O,210X125,-0.2647080690246098,0.2647080690246098,86,210
O,210X126,0.23330198669161298,0.23330198669161298,86,210
O,210X127,0.07084380157152462,0.07084380157152462,86,210
O,210X128,0.2482353373147507,0.2482353373147507,86,210
O,210X129,0.16290651604384496,0.16290651604384496,86,210
O,210X130,0.2357898762141747,0.2357898762141747,86,210
O,210X131,0.15804723510008611,0.15804723510008611,86,210
O,210X132,0.9254492694774865,0.9254492694774865,86,210
O,210X133,0.8902237929741122,0.8902237929741122,86,210
O,210X134,0.926513513697578,0.926513513697578,86,210
O,210X135,0.8838214137230811,0.8838214137230811,86,210
O,210X136,0.240177293672317,0.240177293672317,86,210
O,210X137,0.1582303580921065,0.1582303580921065,86,210
O,210X138,0.2644026018962838,0.2644026018962838,86,210
O,210X139,1.1142469602179699,1.1142469602179699,86,210
O,210X140,0.23290901800581498,0.23290901800581498,86,210
O,210X141,0.50809652951699,0.50809652951699,86,210
O,210X142,0.37807139961893566,0.37807139961893566,86,210
O,210X143,0.906142721699189,0.906142721699189,86,210
O,210X144,0.9443268423207201,0.9443268423207201,86,210
O,210X145,0.8785619780593771,0.8785619780593771,86,210
O,210X146,0.1582208139711243,0.1582208139711243,86,210
O,210X147,0.07477487317316701,0.07477487317316701,86,210
O,210X148,0.8854007434402416,0.8854007434402416,86,210
O,210X149,0.8483239733644903,0.8483239733644903,86,210
O,210X150,0.9065554183145776,0.9065554183145776,86,210
O,210X151,0.8773169532564536,0.8773169532564536,86,210
O,210X152,0.6151491020449852,0.6151491020449852,86,210
O,210X153,-1.1488143414366974,1.1488143414366974,86,210
O,210X154,0.2727002216722605,0.2727002216722605,86,210
O,210X155,0.8443457094736752,0.8443457094736752,86,210
O,210X156,0.9048769805196739,0.9048769805196739,86,210
O,210X157,0.8699126055304452,0.8699126055304452,86,210
O,210X158,0.539603914903105,0.539603914903105,86,210
O,210X159,0.7340034545731912,0.7340034545731912,86,210
O,210X160,0.05976340972414597,0.05976340972414597,86,210
O,210X161,0.28667784018837195,0.28667784018837195,86,210
O,210X162,0.926265860315503,0.926265860315503,86,210
O,210X163,0.8861123281161774,0.8861123281161774,86,210
O,210X164,0.2882329695354982,0.2882329695354982,86,210
O,210X165,0.8044364434683788,0.8044364434683788,86,210
O,210X166,0.9060022232023297,0.9060022232023297,86,210
O,210X167,0.8902945963747306,0.8902945963747306,86,210
O,210X168,0.9270612423160639,0.9270612423160639,86,210
O,210X169,0.8843922980954528,0.8843922980954528,86,210
O,210X170,0.22719722078177818,0.22719722078177818,86,210
O,210X171,0.30516649672166296,0.30516649672166296,86,210
O,210X172,0.27720448180616886,0.27720448180616886,86,210
O,210X173,0.48860565644379006,0.48860565644379006,86,210
O,210X174,0.34947791122424726,0.34947791122424726,86,210
O,210X175,0.9929169468167984,0.9929169468167984,86,210
O,210X176,0.5492018671680927,0.5492018671680927,86,210
O,210X177,0.7371240880109478,0.7371240880109478,86,210
O,210X178,0.05678014336190772,0.05678014336190772,86,210
O,210X179,0.28481273448993694,0.28481273448993694,86,210
O,210X180,-0.3419451768369233,0.3419451768369233,86,210
O,210X181,0.5591785690564051,0.5591785690564051,86,210
O,210X182,-0.3510052948400685,0.3510052948400685,86,210
O,210X183,0.56019459791227,0.56019459791227,86,210
O,210X184,0.08020348646030877,0.08020348646030877,86,210
O,210X185,0.07737894040473901,0.07737894040473901,86,210
O,210X186,0.6457644443410205,0.6457644443410205,86,210
O,210X187,0.16160694973798098,0.16160694973798098,86,210
O,210X188,0.8878319555693384,0.8878319555693384,86,210
O,210X189,2.1394325980832,2.1394325980832,86,210
O,210X190,-0.4149196531997252,0.4149196531997252,86,210
O,210X191,-0.3274499453053948,0.3274499453053948,86,210
O,210X192,-1.0904166847122794,1.0904166847122794,86,210
O,210X193,-0.5093728036083892,0.5093728036083892,86,210
O,210X194,-0.35808990880662667,0.35808990880662667,86,210
O,210X195,-0.5175880290638349,0.5175880290638349,86,210
O,210X199,0.07084380157152449,0.07084380157152449,86,210
O,210X200,0.220514138240776,0.220514138240776,86,210
O,210X201,0.1669820044218506,0.1669820044218506,86,210
O,210X202,0.22688424531854626,0.22688424531854626,86,210
O,210X203,0.1650173930633806,0.1650173930633806,86,210
O,210X204,0.35921933864227545,0.35921933864227545,86,210
O,210X205,0.35824239202989083,0.35824239202989083,86,210
O,210X206,-0.7918584525589464,0.7918584525589464,86,210
O,210X207,-0.5142863368632268,0.5142863368632268,86,210
O,210X209,0.46083022418149594,0.46083022418149594,86,210
O,210X210,0.8379412791173414,0.8379412791173414,86,210
O,210X211,0.2261270733761783,0.2261270733761783,86,210
O,210X212,0.16563123830884718,0.16563123830884718,86,210
O,210X213,0.36427095343191274,0.36427095343191274,86,210
O,210X214,0.13712878621410274,0.13712878621410274,86,210
O,210X215,0.3643432171355609,0.3643432171355609,86,210
O,ERROR:#N/A_4,1.3647899801009138,1.3647899801009138,86,UNKNOWN
O,210X217,1.329642289643643,1.329642289643643,86,210
O,210X218,0.3535807389539373,0.3535807389539373,86,210
O,210X219,0.3752439104230313,0.3752439104230313,86,210
O,210X220,0.3562343827208142,0.3562343827208142,86,210
O,210X221,0.3535807389539373,0.3535807389539373,86,210
O,210X222,0.35358073895393743,0.35358073895393743,86,210
O,210X224,0.3535807389539372,0.3535807389539372,86,210
O,210X225,0.0708438015715232,0.0708438015715232,86,210
O,210X226,0.10899615834597998,0.10899615834597998,86,210
O,210X228,-0.18419412105435973,0.18419412105435973,86,210
O,210X229,0.17027306251660185,0.17027306251660185,86,210
O,210X230,-0.6106235018731934,0.6106235018731934,86,210
O,210X231,-0.24270892049843246,0.24270892049843246,86,210
O,220X2,-0.2698043613194892,0.2698043613194892,86,220
O,220X3,-0.06186245664450057,0.06186245664450057,86,220
O,220X4,0.22490783087470773,0.22490783087470773,86,220
O,220X5,0.35584580925670206,0.35584580925670206,86,220
O,220X6,0.29655592669200853,0.29655592669200853,86,220
O,220X8,0.17842364668388946,0.17842364668388946,86,220
O,220X9,0.12552457317872262,0.12552457317872262,86,220
O,220X10,-0.35140264138047167,0.35140264138047167,86,220
O,220X11,0.2324788161550593,0.2324788161550593,86,220
O,220X12,0.32608575783289595,0.32608575783289595,86,220
O,220X13,0.5991256835898741,0.5991256835898741,86,220
O,220X14,-0.2047020418691199,0.2047020418691199,86,220
O,220X15,0.5083819474883178,0.5083819474883178,86,220
O,220X18,-0.5098845545542565,0.5098845545542565,86,220
O,220X19,0.45398001077058264,0.45398001077058264,86,220
O,220X20,-0.4833556879439644,0.4833556879439644,86,220
O,220X21,0.4701261931941514,0.4701261931941514,86,220
O,220X26,-0.19092833481678267,0.19092833481678267,86,220
O,220X27,0.17603263841347824,0.17603263841347824,86,220
O,220X28,-0.19151601897505438,0.19151601897505438,86,220
O,220X29,0.40137839434568534,0.40137839434568534,86,220
O,220X30,-0.2018352319820763,0.2018352319820763,86,220
O,220X31,-0.03524604213322416,0.03524604213322416,86,220
O,220X32,-0.19425737452299582,0.19425737452299582,86,220
O,220X33,0.12966170035412933,0.12966170035412933,86,220
O,220X53,0.23606295667771657,0.23606295667771657,86,220
O,220X54,-0.03638019645988227,0.03638019645988227,86,220
O,220X55,0.08894774550727516,0.08894774550727516,86,220
O,220X67,0.32110276441017177,0.32110276441017177,86,220
O,220X70,-0.06155107195939252,0.06155107195939252,86,220
O,220X71,0.32011186865379476,0.32011186865379476,86,220
O,220X75,0.3211030671534495,0.3211030671534495,86,220
O,220X79,0.3211039715512108,0.3211039715512108,86,220
O,220X83,0.3211029490410816,0.3211029490410816,86,220
O,220X87,0.3211046140627355,0.3211046140627355,86,220
O,220X91,0.3211030855881219,0.3211030855881219,86,220
O,220X95,0.32110415009206666,0.32110415009206666,86,220
O,220X107,0.034416685552199844,0.034416685552199844,86,220
O,220X108,-0.05003131851230988,0.05003131851230988,86,220
O,220X110,0.22759911914682404,0.22759911914682404,86,220
O,220X112,-0.25279770574298677,0.25279770574298677,86,220
O,220X114,0.23120899296667694,0.23120899296667694,86,220
O,220X116,-0.2548538702612382,0.2548538702612382,86,220
O,220X118,0.22789831324586104,0.22789831324586104,86,220
O,220X120,-0.24824056818919818,0.24824056818919818,86,220
O,220X122,-0.20526915759417666,0.20526915759417666,86,220
O,220X124,-0.24817316455571012,0.24817316455571012,86,220
O,220X126,-0.2042609236193869,0.2042609236193869,86,220
O,220X128,-0.2474584805355641,0.2474584805355641,86,220
O,220X130,-0.2174267410290968,0.2174267410290968,86,220
O,220X132,-0.2357049488856034,0.2357049488856034,86,220
O,220X141,-0.15580067436116588,0.15580067436116588,86,220
O,220X142,-0.23570210308755363,0.23570210308755363,86,220
O,220X143,-0.03841934704858044,0.03841934704858044,86,220
O,220X155,-0.0353553390593329,0.0353553390593329,86,220
O,220X163,0.4266555224891324,0.4266555224891324,86,220
O,220X164,0.4057829537158503,0.4057829537158503,86,220
O,220X165,0.3995723811192736,0.3995723811192736,86,220
O,220X166,0.21041014608851327,0.21041014608851327,86,220
O,220X167,0.27034732481354523,0.27034732481354523,86,220
O,220X168,0.19985422785704202,0.19985422785704202,86,220
O,220X169,0.02734501951402046,0.02734501951402046,86,220
O,220X170,-0.260138391344508,0.260138391344508,86,220
O,220X171,0.21561684578427256,0.21561684578427256,86,220
O,220X172,0.09283708842756605,0.09283708842756605,86,220
O,220X173,0.13656306703624946,0.13656306703624946,86,220
O,220X174,-0.16669554127492558,0.16669554127492558,86,220
O,220X175,-0.21902098683962823,0.21902098683962823,86,220
O,220X176,0.19547350920257384,0.19547350920257384,86,220
O,220X177,0.08411411122433157,0.08411411122433157,86,220
O,220X178,0.2508436824964259,0.2508436824964259,86,220
O,220X179,0.2266731584611817,0.2266731584611817,86,220
O,220X180,-0.23839975598971486,0.23839975598971486,86,220
O,220X181,-0.22667315846099756,0.22667315846099756,86,220
O,220X182,0.22667315846138802,0.22667315846138802,86,220
O,220X183,0.21780446267813539,0.21780446267813539,86,220
O,220X184,-0.23122094698429993,0.23122094698429993,86,220
O,220X185,-0.04932969825764949,0.04932969825764949,86,220
O,220X186,-0.256691655764334,0.256691655764334,86,220
O,220X187,0.16272662343630073,0.16272662343630073,86,220
O,220X188,-0.23747149594379643,0.23747149594379643,86,220
O,220X189,-0.10533832867124598,0.10533832867124598,86,220
O,220X190,-0.12904913480281013,0.12904913480281013,86,220
O,220X191,0.11735588605209973,0.11735588605209973,86,220
O,220X192,-0.10720295151896506,0.10720295151896506,86,220
O,220X193,-0.07688388788876425,0.07688388788876425,86,220
O,220X194,-0.1277594468299493,0.1277594468299493,86,220
O,220X195,-0.2393953176294283,0.2393953176294283,86,220
O,220X196,-0.08492224485649874,0.08492224485649874,86,220
O,220X197,-0.35830814509431874,0.35830814509431874,86,220
O,220X204,-0.17728909853309993,0.17728909853309993,86,220
O,220X216,-0.15962552658099488,0.15962552658099488,86,220
O,220X217,0.0916185925131926,0.0916185925131926,86,220
O,220X218,-0.101530580207214,0.101530580207214,86,220
O,220X223,0.547933363438496,0.547933363438496,86,220
O,220X224,0.640052023875747,0.640052023875747,86,220
O,300X1,0.24215300210611904,0.24215300210611904,86,300
O,300X2,0.1680799258188702,0.1680799258188702,86,300
O,300X3,0.2297302514535933,0.2297302514535933,86,300
O,300X4,0.19297750412058184,0.19297750412058184,86,300
O,300X5,0.22552536506062718,0.22552536506062718,86,300
O,300X6,0.1987719265924741,0.1987719265924741,86,300
O,300X7,0.22084878571327296,0.22084878571327296,86,300
O,300X8,0.23076504079367124,0.23076504079367124,86,300
O,300X9,0.2124213023723231,0.2124213023723231,86,300
O,300X10,0.18638256773931,0.18638256773931,86,300
O,300X11,0.22596848556566201,0.22596848556566201,86,300
O,300X12,0.2253570545522853,0.2253570545522853,86,300
O,300X13,0.22817037102527624,0.22817037102527624,86,300
O,300X14,0.2110133759916479,0.2110133759916479,86,300
O,300X20,0.19177827863978078,0.19177827863978078,86,300
O,310X2,-0.2628288093539949,0.2628288093539949,86,310
O,310X4,0.21037491854544074,0.21037491854544074,86,310
O,310X5,-0.08861272711528546,0.08861272711528546,86,310
O,310X6,0.29993524085009554,0.29993524085009554,86,310
O,310X8,0.19402754609523518,0.19402754609523518,86,310
O,310X9,0.28023329304657674,0.28023329304657674,86,310
O,310X10,-0.26639459704157875,0.26639459704157875,86,310
O,310X11,0.20946266794185336,0.20946266794185336,86,310
O,310X12,-0.11440167049141411,0.11440167049141411,86,310
O,310X13,0.25091821741713777,0.25091821741713777,86,310
O,310X14,0.08337412163363545,0.08337412163363545,86,310
O,310X15,-0.1895452313661769,0.1895452313661769,86,310
O,310X19,0.0633855434237003,0.0633855434237003,86,310
O,310X20,0.10583453783287901,0.10583453783287901,86,310
O,310X21,0.01235252801470779,0.01235252801470779,86,310
O,310X22,-0.23755337652144876,0.23755337652144876,86,310
O,310X23,-0.15614929425286322,0.15614929425286322,86,310
O,310X24,-0.18834604165440008,0.18834604165440008,86,310
O,310X27,0.10118375912824455,0.10118375912824455,86,310
O,310X28,0.27204344708309264,0.27204344708309264,86,310
O,310X29,-0.10510211482126916,0.10510211482126916,86,310
O,310X30,0.4755306956322955,0.4755306956322955,86,310
O,310X31,-0.16573143186074982,0.16573143186074982,86,310
O,310X32,0.009715415432345659,0.009715415432345659,86,310
O,310X33,0.06184291076288808,0.06184291076288808,86,310
O,310X34,0.720992929514992,0.720992929514992,86,310
O,310X36,-0.08687475002105717,0.08687475002105717,86,310
O,310X37,-0.08687456121801652,0.08687456121801652,86,310
O,310X38,-0.0868747904696384,0.0868747904696384,86,310
O,310X42,0.061265089952573744,0.061265089952573744,86,310
O,310X43,0.23376899020828004,0.23376899020828004,86,310
O,310X44,-0.056376340273163905,0.056376340273163905,86,310
O,310X56,0.11297047212656516,0.11297047212656516,86,310
O,310X60,0.11297125846733845,0.11297125846733845,86,310
O,310X64,0.11297045189384297,0.11297045189384297,86,310
O,310X68,0.11297042811532487,0.11297042811532487,86,310
O,310X72,0.11297044816014233,0.11297044816014233,86,310
O,310X76,0.11297140722173946,0.11297140722173946,86,310
O,310X80,0.11297047560842284,0.11297047560842284,86,310
O,310X84,0.11297045909533947,0.11297045909533947,86,310
O,310X96,0.23533557461535834,0.23533557461535834,86,310
O,310X97,-0.05002958372910724,0.05002958372910724,86,310
O,310X99,0.21141249400488238,0.21141249400488238,86,310
O,310X101,-0.1900767593611514,0.1900767593611514,86,310
O,310X103,0.21103998703387958,0.21103998703387958,86,310
O,310X105,-0.1768578457851271,0.1768578457851271,86,310
O,310X107,0.1822940586220853,0.1822940586220853,86,310
O,310X109,-0.1711753126680514,0.1711753126680514,86,310
O,310X111,-0.09827422644642199,0.09827422644642199,86,310
O,310X113,-0.19511915723096754,0.19511915723096754,86,310
O,310X115,-0.16901628671133348,0.16901628671133348,86,310
O,310X117,-0.17850588475461013,0.17850588475461013,86,310
O,310X119,-0.19937271462085454,0.19937271462085454,86,310
O,310X121,-0.16325148350438473,0.16325148350438473,86,310
O,310X130,0.04424580083094295,0.04424580083094295,86,310
O,310X131,-0.010077624002459873,0.010077624002459873,86,310
O,310X132,-0.11289720511301245,0.11289720511301245,86,310
O,310X138,0.2935315359111674,0.2935315359111674,86,310
O,310X139,0.2935315359111548,0.2935315359111548,86,310
O,310X140,0.2935315359111674,0.2935315359111674,86,310
O,310X147,0.10384021954427175,0.10384021954427175,86,310
O,310X148,-0.02376063522751922,0.02376063522751922,86,310
O,310X149,-0.1585010530144449,0.1585010530144449,86,310
O,310X150,0.08460615494100175,0.08460615494100175,86,310
O,310X151,-0.2680856899633235,0.2680856899633235,86,310
O,310X152,0.1748381225351287,0.1748381225351287,86,310
O,310X153,-0.17044683084712062,0.17044683084712062,86,310
O,310X154,0.015527571267464901,0.015527571267464901,86,310
O,310X155,0.053440517621436194,0.053440517621436194,86,310
O,310X156,-0.09272695380516145,0.09272695380516145,86,310
O,310X157,0.0808160371131216,0.0808160371131216,86,310
O,310X158,-0.03802789396492209,0.03802789396492209,86,310
O,310X159,-0.05660659218261648,0.05660659218261648,86,310
O,310X160,0.03754650650420155,0.03754650650420155,86,310
O,310X161,0.014677906622440024,0.014677906622440024,86,310
O,310X162,0.18204990989310074,0.18204990989310074,86,310
O,310X163,0.08470266375372182,0.08470266375372182,86,310
O,310X164,0.013990791669301303,0.013990791669301303,86,310
O,310X165,-0.12417708476821357,0.12417708476821357,86,310
O,310X166,-0.05637072504469938,0.05637072504469938,86,310
O,310X167,0.05970871177739555,0.05970871177739555,86,310
O,310X168,-0.0573579456858571,0.0573579456858571,86,310
O,310X169,-0.10866483350127645,0.10866483350127645,86,310
O,310X170,0.13877115753752733,0.13877115753752733,86,310
O,310X171,0.30044575126239637,0.30044575126239637,86,310
O,310X172,0.011628059837225688,0.011628059837225688,86,310
O,310X173,-0.008439793156099275,0.008439793156099275,86,310
O,310X174,0.0960348604604076,0.0960348604604076,86,310
O,310X175,0.08970258852887766,0.08970258852887766,86,310
O,310X176,-0.2199616194154868,0.2199616194154868,86,310
O,310X177,-0.05856319710396828,0.05856319710396828,86,310
O,310X178,-0.14814108825725097,0.14814108825725097,86,310
O,310X179,0.1247299083459846,0.1247299083459846,86,310
O,310X180,-0.05382162877175704,0.05382162877175704,86,310
O,310X181,-0.17213028438774056,0.17213028438774056,86,310
O,310X188,0.0023378040607507514,0.0023378040607507514,86,310
O,310X200,-0.11731693482320756,0.11731693482320756,86,310
O,310X201,0.028388071027543222,0.028388071027543222,86,310
O,310X202,0.11081527175277843,0.11081527175277843,86,310
O,310X206,0.08058087619722813,0.08058087619722813,86,310
O,310X207,-0.0846029400756656,0.0846029400756656,86,310
O,311X1,0.06465593473078295,0.06465593473078295,86,311
O,311X4,0.1288232254263596,0.1288232254263596,86,311
O,311X5,0.13217769878905855,0.13217769878905855,86,311
O,311X6,0.1801841292010926,0.1801841292010926,86,311
O,311X7,0.23496421871622572,0.23496421871622572,86,311
O,311X8,0.1699049698797713,0.1699049698797713,86,311
O,311X9,0.1736630717859241,0.1736630717859241,86,311
O,311X10,0.13896656278751188,0.13896656278751188,86,311
O,311X11,0.18727960576938224,0.18727960576938224,86,311
O,311X12,0.1513866980121316,0.1513866980121316,86,311
O,311X14,-0.13336836018156809,0.13336836018156809,86,311
O,311X15,-0.14292033566452686,0.14292033566452686,86,311
O,311X16,0.019871737694810907,0.019871737694810907,86,311
O,311X17,-0.12987340027733377,0.12987340027733377,86,311
O,311X18,-0.11051282524836224,0.11051282524836224,86,311
O,311X20,0.10430284073168125,0.10430284073168125,86,311
O,311X21,-0.056077284726724526,0.056077284726724526,86,311
O,311X22,0.20865654529864047,0.20865654529864047,86,311
O,311X24,0.39682891336473664,0.39682891336473664,86,311
O,311X25,-0.08342771513214382,0.08342771513214382,86,311
O,311X26,-0.08341916499832956,0.08341916499832956,86,311
O,311X27,0.12882716932670324,0.12882716932670324,86,311
O,311X28,0.028383184080729214,0.028383184080729214,86,311
O,311X29,0.20144454566603345,0.20144454566603345,86,311
O,311X30,0.1654725480374053,0.1654725480374053,86,311
O,311X31,0.015793054410358987,0.015793054410358987,86,311
O,311X32,0.16927353373809315,0.16927353373809315,86,311
O,311X33,0.14119149663459535,0.14119149663459535,86,311
O,311X51,-0.15571024240639356,0.15571024240639356,86,311
O,311X52,-0.05567134518467185,0.05567134518467185,86,311
O,311X53,-0.22894470604523684,0.22894470604523684,86,311
O,311X54,0.11459278693406523,0.11459278693406523,86,311
O,311X55,0.2509622483945323,0.2509622483945323,86,311
O,311X56,0.20845457311371238,0.20845457311371238,86,311
O,311X58,0.10752257904484766,0.10752257904484766,86,311
O,311X59,0.2069371931966353,0.2069371931966353,86,311
O,311X60,0.19558586945956047,0.19558586945956047,86,311
O,311X61,0.04374338834368593,0.04374338834368593,86,311
O,311X62,0.04738235209261538,0.04738235209261538,86,311
O,311X63,0.043077682036291115,0.043077682036291115,86,311
O,311X65,0.046164840560055945,0.046164840560055945,86,311
O,311X66,0.04659503669547196,0.04659503669547196,86,311
O,311X67,-0.02837095155212052,0.02837095155212052,86,311
O,311X68,0.036573077711481765,0.036573077711481765,86,311
O,311X69,0.017254894174346516,0.017254894174346516,86,311
O,311X70,0.03166989896420831,0.03166989896420831,86,311
O,311X71,-0.007268114627683914,0.007268114627683914,86,311
O,311X72,-0.10428115681666882,0.10428115681666882,86,311
O,311X73,-0.06438467921581777,0.06438467921581777,86,311
O,311X74,-0.10476038196767526,0.10476038196767526,86,311
O,311X75,-0.0667946351659764,0.0667946351659764,86,311
O,311X76,-0.10475657794981043,0.10475657794981043,86,311
O,311X77,0.11616134613162035,0.11616134613162035,86,311
O,311X80,0.000620100489862545,0.000620100489862545,86,311
O,311X81,0.000698300319367358,0.000698300319367358,86,311
O,311X82,0.0053718515935804265,0.0053718515935804265,86,311
O,311X83,0.0053647455851932565,0.0053647455851932565,86,311
O,311X84,0.0017202688488332347,0.0017202688488332347,86,311
O,311X85,0.001578225769803838,0.001578225769803838,86,311
O,311X86,0.12428180301891922,0.12428180301891922,86,311
O,311X87,0.04046979406049865,0.04046979406049865,86,311
O,311X88,0.07420023161459745,0.07420023161459745,86,311
O,311X89,-0.005165641288924097,0.005165641288924097,86,311
O,311X90,0.045548424400191356,0.045548424400191356,86,311
O,311X91,0.39783050930537517,0.39783050930537517,86,311
O,311X92,0.3611858599975414,0.3611858599975414,86,311
O,311X93,0.4043194269327558,0.4043194269327558,86,311
O,311X94,0.29455810570308416,0.29455810570308416,86,311
O,311X95,0.29819392683383517,0.29819392683383517,86,311
O,311X103,-0.0840918203832279,0.0840918203832279,86,311
O,311X104,-0.10321601268087115,0.10321601268087115,86,311
O,311X105,0.014409201352960962,0.014409201352960962,86,311
O,311X106,-0.10992273791380508,0.10992273791380508,86,311
O,311X107,-0.08409182038322789,0.08409182038322789,86,311
O,311X109,-0.06200311646655717,0.06200311646655717,86,311
O,311X110,-0.030987504647097933,0.030987504647097933,86,311
O,311X111,-0.09852699871902504,0.09852699871902504,86,311
O,311X112,-0.0033423231598251686,0.0033423231598251686,86,311
O,311X113,-0.01863640602813306,0.01863640602813306,86,311
O,311X115,-0.14594832338917987,0.14594832338917987,86,311
O,311X116,-0.04550418583994324,0.04550418583994324,86,311
O,311X117,-0.20684465269449925,0.20684465269449925,86,311
O,311X118,-0.09206398919122447,0.09206398919122447,86,311
O,311X119,-0.11829166246228237,0.11829166246228237,86,311
O,311X127,-0.1620035030607138,0.1620035030607138,86,311
O,311X128,-0.09842488623041777,0.09842488623041777,86,311
O,311X129,-0.15750334134345992,0.15750334134345992,86,311
O,311X130,-0.09156683495526592,0.09156683495526592,86,311
O,311X131,-0.09709301847650109,0.09709301847650109,86,311
O,311X133,-0.011519680236252001,0.011519680236252001,86,311
O,311X134,-0.040808475762615586,0.040808475762615586,86,311
O,311X135,0.0006434765759841469,0.0006434765759841469,86,311
O,311X136,-0.06570112432216156,0.06570112432216156,86,311
O,311X137,-0.016324034941679128,0.016324034941679128,86,311
O,311X139,0.011760280406930768,0.011760280406930768,86,311
O,311X140,-0.01695883381711209,0.01695883381711209,86,311
O,311X141,0.08045312109838482,0.08045312109838482,86,311
O,311X142,-0.05914598256342178,0.05914598256342178,86,311
O,311X143,0.09526808736028433,0.09526808736028433,86,311
O,311X145,-0.2289713929436388,0.2289713929436388,86,311
O,311X146,-0.06847566148942658,0.06847566148942658,86,311
O,311X147,-0.10526463334409378,0.10526463334409378,86,311
O,311X148,-0.1444278709259693,0.1444278709259693,86,311
O,311X149,-0.160014326684626,0.160014326684626,86,311
O,311X151,-0.05175473768749559,0.05175473768749559,86,311
O,311X152,-0.0572368306441463,0.0572368306441463,86,311
O,311X153,-0.0674873775180957,0.0674873775180957,86,311
O,311X154,0.015063058805690668,0.015063058805690668,86,311
O,311X155,-0.0019403320442825177,0.0019403320442825177,86,311
O,311X162,0.15497028915228736,0.15497028915228736,86,311
O,311X163,0.2050078268917119,0.2050078268917119,86,311
O,311X164,0.25179695698625765,0.25179695698625765,86,311
O,311X165,0.08254449520436362,0.08254449520436362,86,311
O,311X169,0.019223231651435097,0.019223231651435097,86,311
O,311X170,0.2194125103168038,0.2194125103168038,86,311
O,311X171,0.2315093013876627,0.2315093013876627,86,311
O,311X182,0.2470464026980348,0.2470464026980348,86,311
O,311X183,0.08864243679416904,0.08864243679416904,86,311
O,311X184,0.08864243679416904,0.08864243679416904,86,311
O,311X187,-0.09734806423152491,0.09734806423152491,86,311
O,311X188,-0.08107555486394466,0.08107555486394466,86,311
O,311X189,-0.1090045647825508,0.1090045647825508,86,311
O,311X190,-0.08846881921249293,0.08846881921249293,86,311
O,311X191,-0.09090632411914182,0.09090632411914182,86,311
O,311X192,0.2737435470421682,0.2737435470421682,86,311
O,311X193,0.24640609263420532,0.24640609263420532,86,311
O,311X194,0.2719133578523812,0.2719133578523812,86,311
O,311X195,-0.07197181901124694,0.07197181901124694,86,311
O,311X196,0.2334999340935642,0.2334999340935642,86,311
O,311X197,0.24699741948733306,0.24699741948733306,86,311
O,311X199,0.10088889606257595,0.10088889606257595,86,311
O,311X200,0.02414711744797657,0.02414711744797657,86,311
O,311X203,-0.11936965939424236,0.11936965939424236,86,311
O,311X204,-0.1493275992256279,0.1493275992256279,86,311
O,311X205,-0.11933448812113234,0.11933448812113234,86,311
O,311X206,-0.229487144775355,0.229487144775355,86,311
O,311X207,-0.11849960472595016,0.11849960472595016,86,311
O,311X208,0.105037856255882,0.105037856255882,86,311
O,311X209,0.09683380845089626,0.09683380845089626,86,311
O,311X210,0.11371627525195063,0.11371627525195063,86,311
O,311X211,-0.07351698529661362,0.07351698529661362,86,311
O,311X212,0.10300580362964534,0.10300580362964534,86,311
O,311X223,-0.14548275181648213,0.14548275181648213,86,311
O,Chamber ID,0.335421392694602,0.335421392694602,86,UNKNOWN
O,312X1,0.44105031186697613,0.44105031186697613,86,312
O,312X2,-0.27211841985717017,0.27211841985717017,86,312
O,312X3,-0.3910764793482971,0.3910764793482971,86,312
O,312X6,-0.13239411827778164,0.13239411827778164,86,312
O,312X7,0.2769570813556317,0.2769570813556317,86,312
O,312X8,0.06227961451763805,0.06227961451763805,86,312
O,312X11,0.43180621116025275,0.43180621116025275,86,312
O,312X12,-0.0022702647377761055,0.0022702647377761055,86,312
O,312X13,0.44081133607949874,0.44081133607949874,86,312
O,312X16,-0.5376023098835689,0.5376023098835689,86,312
O,312X17,-0.47358778615411873,0.47358778615411873,86,312
O,312X18,-0.4688502252869814,0.4688502252869814,86,312
O,312X21,-0.39975346569975695,0.39975346569975695,86,312
O,312X22,-0.12863684642278958,0.12863684642278958,86,312
O,312X23,0.14944448960623122,0.14944448960623122,86,312
O,312X26,-0.1438388049235188,0.1438388049235188,86,312
O,312X27,0.26127020089334435,0.26127020089334435,86,312
O,312X28,0.1669769370877066,0.1669769370877066,86,312
O,312X31,0.44395895536563273,0.44395895536563273,86,312
O,312X32,0.5668485958509539,0.5668485958509539,86,312
O,312X33,0.4113946405832087,0.4113946405832087,86,312
O,312X36,-0.2004699139770489,0.2004699139770489,86,312
O,312X37,0.24360509514110631,0.24360509514110631,86,312
O,312X38,0.20617052788678517,0.20617052788678517,86,312
O,312X41,-0.48641115923794426,0.48641115923794426,86,312
O,312X42,-0.3786987853170645,0.3786987853170645,86,312
O,312X43,0.24790880821143835,0.24790880821143835,86,312
O,312X46,-0.42864210340627057,0.42864210340627057,86,312
O,312X47,-0.4793256257346204,0.4793256257346204,86,312
O,312X48,-0.41834929695122924,0.41834929695122924,86,312
O,312X51,0.3401602203890791,0.3401602203890791,86,312
O,312X52,0.29495907469885274,0.29495907469885274,86,312
O,312X53,0.3755864113562204,0.3755864113562204,86,312
O,312X54,0.16144533456118162,0.16144533456118162,86,312
O,312X55,0.40136757553501695,0.40136757553501695,86,312
O,312X57,0.42081104515523293,0.42081104515523293,86,312
O,312X58,0.2052808410682936,0.2052808410682936,86,312
O,312X59,0.3520380590075301,0.3520380590075301,86,312
O,312X60,-0.32399788385595213,0.32399788385595213,86,312
O,312X61,0.5053669989516608,0.5053669989516608,86,312
O,312X63,0.4809602460700223,0.4809602460700223,86,312
O,312X64,-0.0658716624268872,0.0658716624268872,86,312
O,312X65,-0.11545790870391054,0.11545790870391054,86,312
O,312X66,0.01242614429273601,0.01242614429273601,86,312
O,312X67,0.27189542313072107,0.27189542313072107,86,312
O,312X69,0.18087099608325527,0.18087099608325527,86,312
O,312X70,-0.0706894982426396,0.0706894982426396,86,312
O,312X71,-0.07947226001277036,0.07947226001277036,86,312
O,312X72,-0.07477281481575457,0.07477281481575457,86,312
O,312X73,-0.2822409457019188,0.2822409457019188,86,312
O,312X75,0.4664853516167277,0.4664853516167277,86,312
O,312X76,-0.02585005429549569,0.02585005429549569,86,312
O,312X77,-0.06917996977366675,0.06917996977366675,86,312
O,312X78,-0.06633932857105282,0.06633932857105282,86,312
O,312X79,-0.2928737432191968,0.2928737432191968,86,312
O,312X81,-0.02514234700191425,0.02514234700191425,86,312
O,312X82,-0.10081402069471271,0.10081402069471271,86,312
O,312X83,-0.09194537921751902,0.09194537921751902,86,312
O,312X84,-0.08313501250002883,0.08313501250002883,86,312
O,312X85,-0.2652905902439123,0.2652905902439123,86,312
O,312X87,-0.4683087831356303,0.4683087831356303,86,312
O,312X88,-0.46364278852527185,0.46364278852527185,86,312
O,312X89,-0.451225975284011,0.451225975284011,86,312
O,312X90,-0.46196415910302485,0.46196415910302485,86,312
O,312X91,0.17913385687069494,0.17913385687069494,86,312
O,312X93,-0.046086440989608395,0.046086440989608395,86,312
O,312X94,-0.14945448690383695,0.14945448690383695,86,312
O,312X95,-0.2030626049521199,0.2030626049521199,86,312
O,312X96,-0.42274529357183116,0.42274529357183116,86,312
O,312X97,0.47118301453934747,0.47118301453934747,86,312
O,312X99,-0.4054552359922152,0.4054552359922152,86,312
O,312X100,-0.49481918690027804,0.49481918690027804,86,312
O,312X101,-0.44926649283906234,0.44926649283906234,86,312
O,312X102,-0.5574241960786415,0.5574241960786415,86,312
O,312X111,-0.0229227814462561,0.0229227814462561,86,312
O,312X112,-0.002251688651482427,0.002251688651482427,86,312
O,312X113,-0.01896045263533864,0.01896045263533864,86,312
O,312X114,-0.020846572415189023,0.020846572415189023,86,312
O,312X115,-0.12188090717500422,0.12188090717500422,86,312
O,312X117,-0.005107009312021452,0.005107009312021452,86,312
O,312X118,-0.011591347282913628,0.011591347282913628,86,312
O,312X119,-0.019479939714701754,0.019479939714701754,86,312
O,312X120,-0.021800132249790365,0.021800132249790365,86,312
O,312X121,-0.12126553700932806,0.12126553700932806,86,312
O,312X123,-0.04118712549762596,0.04118712549762596,86,312
O,312X124,-0.00029807212505688713,0.00029807212505688713,86,312
O,312X125,-0.01939148448819207,0.01939148448819207,86,312
O,312X126,-0.02273410040977432,0.02273410040977432,86,312
O,312X127,-0.12007927610325947,0.12007927610325947,86,312
O,312X129,-0.14239238644392632,0.14239238644392632,86,312
O,312X130,-0.1578186045736549,0.1578186045736549,86,312
O,312X131,-0.1611482851664351,0.1611482851664351,86,312
O,312X132,-0.16293049810663685,0.16293049810663685,86,312
O,312X133,-0.15666054031438012,0.15666054031438012,86,312
O,312X135,-0.1299924545644796,0.1299924545644796,86,312
O,312X136,-0.1597322757970678,0.1597322757970678,86,312
O,312X137,-0.15840979777882702,0.15840979777882702,86,312
O,312X138,-0.1609611268142814,0.1609611268142814,86,312
O,312X139,-0.15310073865794505,0.15310073865794505,86,312
O,312X141,-0.15750119472495705,0.15750119472495705,86,312
O,312X142,-0.15301983451286277,0.15301983451286277,86,312
O,312X143,-0.1670662634043047,0.1670662634043047,86,312
O,312X144,-0.16277893102971325,0.16277893102971325,86,312
O,312X145,-0.15606870541418194,0.15606870541418194,86,312
O,312X153,-0.5149820317246211,0.5149820317246211,86,312
O,312X154,-0.5137500326500023,0.5137500326500023,86,312
O,312X155,-0.5145273895200951,0.5145273895200951,86,312
O,312X159,-0.3646615490089374,0.3646615490089374,86,312
O,312X160,-0.35112179086444334,0.35112179086444334,86,312
O,312X162,0.08692948116283232,0.08692948116283232,86,312
O,312X163,0.14380557914440467,0.14380557914440467,86,312
O,312X165,-0.07917030906526591,0.07917030906526591,86,312
O,312X166,-0.12438734607057585,0.12438734607057585,86,312
O,312X167,0.0352188403865141,0.0352188403865141,86,312
O,312X168,0.06406254719652485,0.06406254719652485,86,312
O,312X169,0.2146966805976636,0.2146966805976636,86,312
O,312X171,-0.08780546818888824,0.08780546818888824,86,312
O,312X172,-0.36491979676683034,0.36491979676683034,86,312
O,312X173,0.05149865268418342,0.05149865268418342,86,312
O,312X174,-0.21637668999198947,0.21637668999198947,86,312
O,312X175,0.34108064552812206,0.34108064552812206,86,312
O,312X186,0.10666839613518507,0.10666839613518507,86,312
O,312X187,0.37757364680574074,0.37757364680574074,86,312
O,312X189,0.045401388390846786,0.045401388390846786,86,312
O,312X191,0.3544665117362576,0.3544665117362576,86,312
O,312X192,-0.0708882878986866,0.0708882878986866,86,312
O,312X193,0.638195111072542,0.638195111072542,86,312
O,312X197,0.061455811915624256,0.061455811915624256,86,312
O,312X198,0.25492739770813266,0.25492739770813266,86,312
O,312X199,0.1297683670039413,0.1297683670039413,86,312
O,312X207,0.36246006461911734,0.36246006461911734,86,312
O,312X208,0.4482588169392534,0.4482588169392534,86,312
O,312X209,0.36491979676683034,0.36491979676683034,86,312
O,312X210,-0.03175217524979799,0.03175217524979799,86,312
O,312X211,0.15146602166040068,0.15146602166040068,86,312
O,312X213,-0.0277245303541075,0.0277245303541075,86,312
O,312X214,0.3200057207765278,0.3200057207765278,86,312
O,312X215,0.3851950252116992,0.3851950252116992,86,312
O,312X216,0.14376068236907005,0.14376068236907005,86,312
O,312X217,0.420481469796988,0.420481469796988,86,312
O,312X219,0.13801061945886425,0.13801061945886425,86,312
O,312X220,0.21795073733156173,0.21795073733156173,86,312
O,312X221,-0.0405109522403541,0.0405109522403541,86,312
O,312X222,0.034531399619180204,0.034531399619180204,86,312
O,312X223,0.20360928657967328,0.20360928657967328,86,312
O,312X233,-0.10270172248511206,0.10270172248511206,86,312
O,312X234,-0.30118118401085,0.30118118401085,86,312
O,312X235,-0.33703565813974845,0.33703565813974845,86,312
O,312X236,0.1405488466188076,0.1405488466188076,86,312
O,312X238,-0.1305264147315054,0.1305264147315054,86,312
O,312X239,-0.019203461226509327,0.019203461226509327,86,312
O,312X240,-0.22487237811727342,0.22487237811727342,86,312
O,312X244,-0.11128142361738658,0.11128142361738658,86,312
O,312X245,-0.4200998741460968,0.4200998741460968,86,312
O,312X246,-0.4981322380682612,0.4981322380682612,86,312
O,312X253,0.22625868942698368,0.22625868942698368,86,312
O,312X254,-0.007334870330096902,0.007334870330096902,86,312
O,312X255,0.22651142912650532,0.22651142912650532,86,312
O,312X256,0.24255163704803623,0.24255163704803623,86,312
O,312X257,0.21869420909007392,0.21869420909007392,86,312
O,312X259,-0.13909637335255753,0.13909637335255753,86,312
O,312X260,-0.08961796904160584,0.08961796904160584,86,312
O,312X261,-0.0994637036103761,0.0994637036103761,86,312
O,312X262,-0.05456173205743032,0.05456173205743032,86,312
O,312X263,-0.030418972457520375,0.030418972457520375,86,312
O,312X265,0.07173165747214412,0.07173165747214412,86,312
O,312X266,0.2271796617430178,0.2271796617430178,86,312
O,312X267,0.08040191097717259,0.08040191097717259,86,312
O,312X268,0.08032400688623498,0.08032400688623498,86,312
O,312X269,0.03929259361980419,0.03929259361980419,86,312
O,312X277,-0.14157544209633866,0.14157544209633866,86,312
O,312X278,-0.21340180096046155,0.21340180096046155,86,312
O,312X279,-0.16475997752046698,0.16475997752046698,86,312
O,312X280,-0.24230127214721647,0.24230127214721647,86,312
O,312X281,-0.2747315756387025,0.2747315756387025,86,312
O,312X283,-0.16184621350330675,0.16184621350330675,86,312
O,312X284,-0.12778143138173242,0.12778143138173242,86,312
O,312X285,0.025832078762190198,0.025832078762190198,86,312
O,312X286,0.1189283776956796,0.1189283776956796,86,312
O,312X287,-0.2479660012932187,0.2479660012932187,86,312
O,312X289,-0.02790719732168548,0.02790719732168548,86,312
O,312X290,0.1543954694587413,0.1543954694587413,86,312
O,312X291,-0.16668973492124484,0.16668973492124484,86,312
O,312X292,-0.2588318696667283,0.2588318696667283,86,312
O,312X293,-0.29852641033716376,0.29852641033716376,86,312
O,312X303,-0.24586239699151322,0.24586239699151322,86,312
O,312X307,0.2871717413660734,0.2871717413660734,86,312
O,312X308,0.26873938521613094,0.26873938521613094,86,312
O,312X310,0.3814982465313412,0.3814982465313412,86,312
O,312X311,0.4017237051693351,0.4017237051693351,86,312
O,312X315,-0.22545187196084301,0.22545187196084301,86,312
O,312X327,-0.0793054085854764,0.0793054085854764,86,312
O,312X328,-0.035377456883861264,0.035377456883861264,86,312
O,312X331,0.07474880300695223,0.07474880300695223,86,312
O,312X332,0.11244064689743642,0.11244064689743642,86,312
O,312X333,0.026545031467195807,0.026545031467195807,86,312
O,312X334,0.028322167491878904,0.028322167491878904,86,312
O,312X335,-0.04164478593376787,0.04164478593376787,86,312
O,312X337,0.08905516998609705,0.08905516998609705,86,312
O,312X338,0.00980157625004088,0.00980157625004088,86,312
O,312X339,0.01967980328636051,0.01967980328636051,86,312
O,312X340,0.09549085523483267,0.09549085523483267,86,312
O,312X341,0.10235062907532816,0.10235062907532816,86,312
O,312X349,-0.2545924115572629,0.2545924115572629,86,312
O,312X350,-0.49450823029908864,0.49450823029908864,86,312
O,312X351,-0.5032461361227344,0.5032461361227344,86,312
O,312X352,-0.5144614970415708,0.5144614970415708,86,312
O,312X353,-0.5749596136750816,0.5749596136750816,86,312
O,312X355,-0.12946037228347987,0.12946037228347987,86,312
O,312X356,-0.5284484493185991,0.5284484493185991,86,312
O,312X357,-0.5431960628514768,0.5431960628514768,86,312
O,312X358,-0.563063149475534,0.563063149475534,86,312
O,312X359,-0.5493016856015741,0.5493016856015741,86,312
O,312X361,-0.17527585745141103,0.17527585745141103,86,312
O,312X362,-0.5436421171670331,0.5436421171670331,86,312
O,312X363,-0.55912745017114,0.55912745017114,86,312
O,312X364,-0.5259773094681885,0.5259773094681885,86,312
O,312X365,-0.6091203779851629,0.6091203779851629,86,312
O,312X373,0.17961467479738494,0.17961467479738494,86,312
O,312X374,0.15999854455093704,0.15999854455093704,86,312
O,312X375,0.16788450203958172,0.16788450203958172,86,312
O,312X376,0.15135716644403543,0.15135716644403543,86,312
O,312X377,0.20270923897369925,0.20270923897369925,86,312
O,312X379,-0.09277128653925619,0.09277128653925619,86,312
O,312X380,-0.1214747900544929,0.1214747900544929,86,312
O,312X381,-0.06867272646427462,0.06867272646427462,86,312
O,312X382,-0.06754742187617298,0.06754742187617298,86,312
O,312X383,-0.0628256625563455,0.0628256625563455,86,312
O,312X385,0.1332208382795553,0.1332208382795553,86,312
O,312X386,0.12019306090901427,0.12019306090901427,86,312
O,312X387,0.1259527103464241,0.1259527103464241,86,312
O,312X388,0.10845359908938815,0.10845359908938815,86,312
O,312X389,0.15890897701541143,0.15890897701541143,86,312
O,312X421,-0.0879836142102145,0.0879836142102145,86,312
O,312X423,0.17041412115380783,0.17041412115380783,86,312
O,312X424,-0.38738203216623207,0.38738203216623207,86,312
O,312X425,0.2910273321405396,0.2910273321405396,86,312
O,312X426,0.17842096453806452,0.17842096453806452,86,312
O,312X427,-0.33110747670816,0.33110747670816,86,312
O,312X428,0.38929292031466256,0.38929292031466256,86,312
O,312X429,0.27865465237502846,0.27865465237502846,86,312
O,312X430,-0.04845771199897507,0.04845771199897507,86,312
O,312X434,-0.12864997574125778,0.12864997574125778,86,312
O,312X435,-0.11862427326061335,0.11862427326061335,86,312
O,312X436,0.1617750820702045,0.1617750820702045,86,312
O,312X438,0.41308499322115483,0.41308499322115483,86,312
O,312X439,-0.2831182717747093,0.2831182717747093,86,312
O,312X440,0.016150408052184123,0.016150408052184123,86,312
O,312X441,0.1602458718545106,0.1602458718545106,86,312
O,312X442,0.5253401825540658,0.5253401825540658,86,312
O,312X444,-0.18135160986451337,0.18135160986451337,86,312
O,312X445,-0.26255840482511617,0.26255840482511617,86,312
O,312X446,-0.4017148887244111,0.4017148887244111,86,312
O,312X447,-0.021052952398383444,0.021052952398383444,86,312
O,312X448,-0.18790296377373172,0.18790296377373172,86,312
O,312X456,-0.40580405129686214,0.40580405129686214,86,312
O,312X457,-0.07678033519844396,0.07678033519844396,86,312
O,312X458,-0.07679255357734123,0.07679255357734123,86,312
O,312X459,0.035377456888751956,0.035377456888751956,86,312
O,312X462,-0.5164636707790581,0.5164636707790581,86,312
O,312X463,-0.07668805873316939,0.07668805873316939,86,312
O,312X464,-0.07672899045430215,0.07672899045430215,86,312
O,312X465,0.08377217900222653,0.08377217900222653,86,312
O,312X468,0.523014617187038,0.523014617187038,86,312
O,312X469,-0.07680174236656788,0.07680174236656788,86,312
O,312X470,-0.07677911234748536,0.07677911234748536,86,312
O,312X471,-0.035809847605522506,0.035809847605522506,86,312
O,312X474,-0.4158320364867737,0.4158320364867737,86,312
O,312X475,-0.44957901351462903,0.44957901351462903,86,312
O,312X476,-0.5121201815640901,0.5121201815640901,86,312
O,312X477,-0.40837848393916487,0.40837848393916487,86,312
O,312X478,0.2886219423240172,0.2886219423240172,86,312
O,312X480,-0.48647670732303777,0.48647670732303777,86,312
O,312X481,-0.5356374997128514,0.5356374997128514,86,312
O,312X482,-0.495851566479414,0.495851566479414,86,312
O,312X483,-0.2911896550284062,0.2911896550284062,86,312
O,312X486,-0.3496338601335506,0.3496338601335506,86,312
O,312X487,-0.35070126970115356,0.35070126970115356,86,312
O,312X488,-0.3928276221480953,0.3928276221480953,86,312
O,312X489,0.016269012853110398,0.016269012853110398,86,312
O,312X511,-0.07678033519844418,0.07678033519844418,86,312
O,312X516,-0.3658917665184192,0.3658917665184192,86,312
O,312X517,0.009899081337623183,0.009899081337623183,86,312
O,312X518,0.0681730089862937,0.0681730089862937,86,312
O,312X519,0.011190765942900967,0.011190765942900967,86,312
O,312X520,-0.28862194232401767,0.28862194232401767,86,312
O,312X522,-0.41425948688038305,0.41425948688038305,86,312
O,312X523,0.011124351377501084,0.011124351377501084,86,312
O,312X524,0.2953036350419946,0.2953036350419946,86,312
O,312X525,0.05258717762818713,0.05258717762818713,86,312
O,312X528,0.5282698834517495,0.5282698834517495,86,312
O,312X529,0.08201440493564553,0.08201440493564553,86,312
O,312X530,0.04987510475951498,0.04987510475951498,86,312
O,312X531,-0.2458354513784905,0.2458354513784905,86,312
O,312X552,-0.4461145736562037,0.4461145736562037,86,312
O,312X553,-0.15048949758185617,0.15048949758185617,86,312
O,312X554,-0.13017668044958633,0.13017668044958633,86,312
O,312X555,0.05840001151698202,0.05840001151698202,86,312
O,312X558,-0.462308902609468,0.462308902609468,86,312
O,312X559,-0.1363771966147807,0.1363771966147807,86,312
O,312X560,-0.135059742819335,0.135059742819335,86,312
O,312X561,0.03517374456985772,0.03517374456985772,86,312
O,312X564,-0.4241996127961129,0.4241996127961129,86,312
O,312X565,-0.15806309168355948,0.15806309168355948,86,312
O,312X566,-0.13708774091841353,0.13708774091841353,86,312
O,312X567,0.05662489978320045,0.05662489978320045,86,312
O,312X570,0.3055592482807149,0.3055592482807149,86,312
O,312X574,-0.06072679686865049,0.06072679686865049,86,312
O,312X576,-0.49064196062102955,0.49064196062102955,86,312
O,312X577,-0.07676810497200379,0.07676810497200379,86,312
O,312X578,-0.07675057682522811,0.07675057682522811,86,312
O,312X579,-0.0767492346745586,0.0767492346745586,86,312
O,312X580,-0.09953273694436282,0.09953273694436282,86,312
O,312X582,0.4852592322528039,0.4852592322528039,86,312
O,312X583,-0.07678728714155017,0.07678728714155017,86,312
O,312X584,-0.07670310869423963,0.07670310869423963,86,312
O,312X585,-0.07679694241128789,0.07679694241128789,86,312
O,312X586,0.045947631685987346,0.045947631685987346,86,312
O,312X588,-0.5704881610493266,0.5704881610493266,86,312
O,312X589,-0.489567566490256,0.489567566490256,86,312
O,312X590,-0.18964718418480217,0.18964718418480217,86,312
O,312X591,-0.4543395160158422,0.4543395160158422,86,312
O,312X592,-0.5397411465906353,0.5397411465906353,86,312
O,312X594,-0.5470503949534377,0.5470503949534377,86,312
O,312X595,-0.443769675903856,0.443769675903856,86,312
O,312X596,-0.18900367063185144,0.18900367063185144,86,312
O,312X597,-0.2605749488074069,0.2605749488074069,86,312
O,312X598,-0.5205863438673345,0.5205863438673345,86,312
O,312X600,-0.5717023108056977,0.5717023108056977,86,312
O,312X601,-0.4946228608192693,0.4946228608192693,86,312
O,312X603,-0.4539754231361117,0.4539754231361117,86,312
O,312X630,-0.42793606076638796,0.42793606076638796,86,312
O,312X631,0.18048396008081086,0.18048396008081086,86,312
O,312X632,0.23596528647837614,0.23596528647837614,86,312
O,312X633,0.20502899859794393,0.20502899859794393,86,312
O,312X634,0.45701488583954225,0.45701488583954225,86,312
O,312X636,-0.43285122870772297,0.43285122870772297,86,312
O,312X637,0.10073558578255314,0.10073558578255314,86,312
O,312X638,0.21437775246882085,0.21437775246882085,86,312
O,312X639,0.14674731384930295,0.14674731384930295,86,312
O,312X640,0.46031976998567964,0.46031976998567964,86,312
O,312X642,-0.4256997038588608,0.4256997038588608,86,312
O,312X643,0.17489988369724258,0.17489988369724258,86,312
O,312X644,0.2425680231171527,0.2425680231171527,86,312
O,312X645,0.19884833165040333,0.19884833165040333,86,312
O,312X666,0.49331714940275906,0.49331714940275906,86,312
O,312X667,-0.05462526572718321,0.05462526572718321,86,312
O,312X668,-0.11531441320399471,0.11531441320399471,86,312
O,312X669,-0.060820709043936154,0.060820709043936154,86,312
O,312X670,0.0485365587416923,0.0485365587416923,86,312
O,312X672,0.48965495584655616,0.48965495584655616,86,312
O,312X673,-0.055842249853064616,0.055842249853064616,86,312
O,312X674,-0.11632203729119478,0.11632203729119478,86,312
O,312X675,-0.06086863845892003,0.06086863845892003,86,312
O,312X676,0.034113314217937056,0.034113314217937056,86,312
O,312X678,0.4913835529660696,0.4913835529660696,86,312
O,312X679,-0.04930330305796547,0.04930330305796547,86,312
O,312X680,-0.11287704692527561,0.11287704692527561,86,312
O,312X681,-0.06328698567108253,0.06328698567108253,86,312
O,312X682,0.07968328745631614,0.07968328745631614,86,312
O,312X690,-0.15791297966175719,0.15791297966175719,86,312
O,312X691,-0.28971891319849297,0.28971891319849297,86,312
O,312X692,-0.22957198450050814,0.22957198450050814,86,312
O,312X693,-0.17413427435535644,0.17413427435535644,86,312
O,312X694,0.0026135476248829582,0.0026135476248829582,86,312
O,312X695,-0.35456060126864897,0.35456060126864897,86,312
O,312X696,-0.23485774954860777,0.23485774954860777,86,312
O,312X697,-0.17005397846622108,0.17005397846622108,86,312
O,312X698,-0.1318194390211081,0.1318194390211081,86,312
O,312X699,0.3353427060970738,0.3353427060970738,86,312
O,312X700,-0.19285477162006726,0.19285477162006726,86,312
O,312X701,-0.033872586785379105,0.033872586785379105,86,312
O,312X702,-0.008967386908039925,0.008967386908039925,86,312
O,312X703,-0.02740168412059,0.02740168412059,86,312
O,312X704,-0.6353133520682526,0.6353133520682526,86,312
O,312X710,0.1616843501860583,0.1616843501860583,86,312
O,312X711,0.13686860120651675,0.13686860120651675,86,312
O,312X712,0.15943535856839758,0.15943535856839758,86,312
O,312X713,0.16971801361638594,0.16971801361638594,86,312
O,312X714,0.19205092343276778,0.19205092343276778,86,312
O,312X716,0.15326968616690298,0.15326968616690298,86,312
O,312X717,0.14732472373216052,0.14732472373216052,86,312
O,312X718,0.15812046115170517,0.15812046115170517,86,312
O,312X719,0.16493358143418807,0.16493358143418807,86,312
O,312X720,0.1889377521489128,0.1889377521489128,86,312
O,312X722,0.17372262312947537,0.17372262312947537,86,312
O,312X723,0.1351885397416695,0.1351885397416695,86,312
O,312X724,0.15886736706805182,0.15886736706805182,86,312
O,312X725,0.17669714549491936,0.17669714549491936,86,312
O,312X726,0.19440373172028955,0.19440373172028955,86,312
O,312X728,0.4165895156574645,0.4165895156574645,86,312
O,312X729,0.4157600298825236,0.4157600298825236,86,312
O,312X730,0.3984879221201311,0.3984879221201311,86,312
O,312X731,0.3848794680213022,0.3848794680213022,86,312
O,312X732,0.4450537667539568,0.4450537667539568,86,312
O,312X734,0.4205257427310236,0.4205257427310236,86,312
O,312X735,0.4124159993657923,0.4124159993657923,86,312
O,312X736,0.39154848692663813,0.39154848692663813,86,312
O,312X737,0.38230616572262743,0.38230616572262743,86,312
O,312X738,0.44949322475931514,0.44949322475931514,86,312
O,312X740,0.43351658644499896,0.43351658644499896,86,312
O,312X741,0.4276212958298183,0.4276212958298183,86,312
O,312X742,0.4129667748931533,0.4129667748931533,86,312
O,312X743,0.39179043177966905,0.39179043177966905,86,312
O,312X744,0.45678296009202485,0.45678296009202485,86,312
O,312X752,0.2505725580027323,0.2505725580027323,86,312
O,312X753,0.08590268200012921,0.08590268200012921,86,312
O,312X754,0.0934771829982265,0.0934771829982265,86,312
O,312X755,0.27865465237502707,0.27865465237502707,86,312
O,312X758,0.27878193836842563,0.27878193836842563,86,312
O,312X759,0.2661782572217316,0.2661782572217316,86,312
O,312X760,0.26101544660046183,0.26101544660046183,86,312
O,312X761,0.24706456672115562,0.24706456672115562,86,312
O,312X762,0.2581294899664361,0.2581294899664361,86,312
O,312X764,0.2777561903277826,0.2777561903277826,86,312
O,312X765,0.2691756828036742,0.2691756828036742,86,312
O,312X766,0.26122312659671604,0.26122312659671604,86,312
O,312X767,0.24832616199047527,0.24832616199047527,86,312
O,312X768,0.2660305862587644,0.2660305862587644,86,312
O,312X770,0.2810433097197581,0.2810433097197581,86,312
O,312X771,0.2751374479763154,0.2751374479763154,86,312
O,312X772,0.26199640684783293,0.26199640684783293,86,312
O,312X773,0.2414366902963719,0.2414366902963719,86,312
O,312X774,0.2559883594082853,0.2559883594082853,86,312
O,312X776,-0.13263769848504203,0.13263769848504203,86,312
O,312X777,-0.10622256309883871,0.10622256309883871,86,312
O,312X778,-0.10311484454118798,0.10311484454118798,86,312
O,312X779,-0.09185201361185763,0.09185201361185763,86,312
O,312X780,-0.06440408597338429,0.06440408597338429,86,312
O,312X782,-0.12638507939271634,0.12638507939271634,86,312
O,312X783,-0.10824744618289228,0.10824744618289228,86,312
O,312X784,-0.09504838990527792,0.09504838990527792,86,312
O,312X785,-0.08751391635962891,0.08751391635962891,86,312
O,312X786,-0.07484825033379897,0.07484825033379897,86,312
O,312X788,-0.11092900483610708,0.11092900483610708,86,312
O,312X789,-0.09704255986748977,0.09704255986748977,86,312
O,312X790,-0.08322793827784543,0.08322793827784543,86,312
O,312X791,-0.08831116287243974,0.08831116287243974,86,312
O,312X792,-0.06364233500625582,0.06364233500625582,86,312
O,330X1,0.11170567195762468,0.11170567195762468,86,330
O,330X3,-0.1507597651024231,0.1507597651024231,86,330
O,330X6,-0.167413413467789,0.167413413467789,86,330
O,330X9,-0.13363207201911975,0.13363207201911975,86,330
O,330X11,0.18668776095687012,0.18668776095687012,86,330
O,330X13,-0.22694846785612705,0.22694846785612705,86,330
O,330X16,-0.24903623725993762,0.24903623725993762,86,330
O,330X19,-0.19901990644573062,0.19901990644573062,86,330
O,330X21,0.46509209124283846,0.46509209124283846,86,330
O,330X23,-0.4381611740869553,0.4381611740869553,86,330
O,330X26,-0.4371535144985629,0.4371535144985629,86,330
O,330X29,-0.437846150327647,0.437846150327647,86,330
O,330X31,-0.2363449486799448,0.2363449486799448,86,330
O,330X41,0.2937005805497394,0.2937005805497394,86,330
O,330X43,0.13073779206786412,0.13073779206786412,86,330
O,330X46,0.12293632687185449,0.12293632687185449,86,330
O,330X49,0.13695342009881303,0.13695342009881303,86,330
O,330X51,0.24026230481421182,0.24026230481421182,86,330
O,330X53,0.04529085160095552,0.04529085160095552,86,330
O,330X56,0.034670527999381695,0.034670527999381695,86,330
O,330X59,0.057592540943514105,0.057592540943514105,86,330
O,330X61,0.17009670403948854,0.17009670403948854,86,330
O,330X63,-0.39552599923726545,0.39552599923726545,86,330
O,330X66,-0.3970460833113857,0.3970460833113857,86,330
O,330X69,-0.391783487304627,0.391783487304627,86,330
O,330X71,0.08934264137363297,0.08934264137363297,86,330
O,330X73,-0.39360454235948733,0.39360454235948733,86,330
O,330X76,-0.3945450682934818,0.3945450682934818,86,330
O,330X79,-0.39120960997527715,0.39120960997527715,86,330
O,330X81,-0.09560358568477842,0.09560358568477842,86,330
O,330X91,0.1537911002051502,0.1537911002051502,86,330
O,330X98,-0.28855498951668407,0.28855498951668407,86,330
O,330X100,0.20109018468909973,0.20109018468909973,86,330
O,330X102,-0.35037790984483763,0.35037790984483763,86,330
O,330X104,-0.18748514176991515,0.18748514176991515,86,330
O,330X105,0.0749912041386936,0.0749912041386936,86,330
O,330X107,-0.2546358085083427,0.2546358085083427,86,330
O,330X109,-0.2890591373441314,0.2890591373441314,86,330
O,330X111,-0.13177642186016367,0.13177642186016367,86,330
O,330X112,0.07397196308581526,0.07397196308581526,86,330
O,330X114,-0.3297986028735353,0.3297986028735353,86,330
O,330X116,-0.3528399245264516,0.3528399245264516,86,330
O,330X118,-0.20594846697095517,0.20594846697095517,86,330
O,330X119,0.21723713037669595,0.21723713037669595,86,330
O,330X121,-0.3082600248896816,0.3082600248896816,86,330
O,330X123,-0.3341523069932771,0.3341523069932771,86,330
O,330X125,-0.1925513078582277,0.1925513078582277,86,330
O,330X126,0.22334724913365658,0.22334724913365658,86,330
O,330X128,-0.3165343096378141,0.3165343096378141,86,330
O,330X130,-0.3438380709357979,0.3438380709357979,86,330
O,330X132,-0.2014297070395424,0.2014297070395424,86,330
O,330X133,0.22086350114961265,0.22086350114961265,86,330
O,330X135,-0.29064268688090106,0.29064268688090106,86,330
O,330X137,-0.31664789313531955,0.31664789313531955,86,330
O,330X139,-0.1841208347122931,0.1841208347122931,86,330
O,330X140,0.08243926603729154,0.08243926603729154,86,330
O,330X142,-0.21067402475335473,0.21067402475335473,86,330
O,330X144,-0.2378456556587909,0.2378456556587909,86,330
O,330X146,-0.1250959054510673,0.1250959054510673,86,330
O,330X147,0.08534147464144425,0.08534147464144425,86,330
O,330X149,-0.1868257296153215,0.1868257296153215,86,330
O,330X152,-0.21209691598996053,0.21209691598996053,86,330
O,330X155,-0.11333976459272453,0.11333976459272453,86,330
O,330X157,0.08378725979867493,0.08378725979867493,86,330
O,330X159,-0.11089787327253715,0.11089787327253715,86,330
O,330X162,-0.13109899836708727,0.13109899836708727,86,330
O,330X165,-0.05526452277776294,0.05526452277776294,86,330
O,330X167,0.5132717616394875,0.5132717616394875,86,330
O,330X169,-0.10478840493167262,0.10478840493167262,86,330
O,330X172,-0.12300830038062188,0.12300830038062188,86,330
O,330X175,-0.05192294071151245,0.05192294071151245,86,330
O,330X177,0.5153071004134543,0.5153071004134543,86,330
O,330X179,-0.11491434935922296,0.11491434935922296,86,330
O,330X182,-0.12591310974402284,0.12591310974402284,86,330
O,330X185,-0.06732551315054452,0.06732551315054452,86,330
O,330X188,-0.2941114417102573,0.2941114417102573,86,330
O,330X189,0.20001934929993626,0.20001934929993626,86,330
O,330X191,-0.11114610314767995,0.11114610314767995,86,330
O,330X193,-0.16974937475971344,0.16974937475971344,86,330
O,330X195,-0.019427180207272465,0.019427180207272465,86,330
O,330X196,0.514651108234462,0.514651108234462,86,330
O,330X198,-0.11195487676884469,0.11195487676884469,86,330
O,330X201,-0.12571279464731439,0.12571279464731439,86,330
O,330X204,-0.0553075199411945,0.0553075199411945,86,330
O,330X206,0.08659346964171502,0.08659346964171502,86,330
O,330X208,-0.2440505281388911,0.2440505281388911,86,330
O,330X211,-0.24415010487418565,0.24415010487418565,86,330
O,330X214,-0.16645894392733845,0.16645894392733845,86,330
O,330X216,0.0885506633121895,0.0885506633121895,86,330
O,330X218,-0.3001163377712649,0.3001163377712649,86,330
O,330X221,-0.2860741736154896,0.2860741736154896,86,330
O,330X224,-0.23194434951419193,0.23194434951419193,86,330
O,330X226,0.0874730141187329,0.0874730141187329,86,330
O,330X228,-0.3535599109863177,0.3535599109863177,86,330
O,330X231,-0.3323595753176237,0.3323595753176237,86,330
O,330X234,-0.283145766861345,0.283145766861345,86,330
O,330X236,0.3732546578848425,0.3732546578848425,86,330
O,330X238,-0.3518703056331733,0.3518703056331733,86,330
O,330X241,-0.32944912024112494,0.32944912024112494,86,330
O,330X244,-0.28972231778566504,0.28972231778566504,86,330
O,330X246,0.37114053877653236,0.37114053877653236,86,330
O,330X248,-0.3677960068008955,0.3677960068008955,86,330
O,330X251,-0.3462483684139965,0.3462483684139965,86,330
O,330X254,-0.30260807037883203,0.30260807037883203,86,330
O,330X256,0.3726864450163562,0.3726864450163562,86,330
O,330X258,-0.3293502182139488,0.3293502182139488,86,330
O,330X261,-0.31309703851403964,0.31309703851403964,86,330
O,330X264,-0.2723285856771339,0.2723285856771339,86,330
O,330X266,0.10195742796842007,0.10195742796842007,86,330
O,330X268,-0.2852339894050422,0.2852339894050422,86,330
O,330X271,-0.27523320768372683,0.27523320768372683,86,330
O,330X274,-0.23635708781035664,0.23635708781035664,86,330
O,330X276,0.1040091892043298,0.1040091892043298,86,330
O,330X278,-0.21889969528510145,0.21889969528510145,86,330
O,330X281,-0.21750195600034905,0.21750195600034905,86,330
O,330X284,-0.1631326637601324,0.1631326637601324,86,330
O,330X286,0.10289257303535364,0.10289257303535364,86,330
O,330X288,-0.1662787760331612,0.1662787760331612,86,330
O,330X291,-0.17182348110371157,0.17182348110371157,86,330
O,330X294,-0.1185019929868505,0.1185019929868505,86,330
O,330X296,0.07491644805023197,0.07491644805023197,86,330
O,330X298,-0.14504137905378894,0.14504137905378894,86,330
O,330X300,-0.2090015175199077,0.2090015175199077,86,330
O,330X302,-0.036253795898674834,0.036253795898674834,86,330
O,330X303,-0.11241108826860248,0.11241108826860248,86,330
O,330X305,-0.0754590372388717,0.0754590372388717,86,330
O,330X308,-0.09320539886406465,0.09320539886406465,86,330
O,330X311,-0.029252999935598753,0.029252999935598753,86,330
O,330X313,-0.10232120974225006,0.10232120974225006,86,330
O,330X315,0.005415752801989074,0.005415752801989074,86,330
O,330X318,-0.019290860709367103,0.019290860709367103,86,330
O,330X321,0.04657688025361405,0.04657688025361405,86,330
O,330X323,-0.10717393571098921,0.10717393571098921,86,330
O,330X325,0.1097953788684203,0.1097953788684203,86,330
O,330X328,0.07139713671195523,0.07139713671195523,86,330
O,330X331,0.1530700679731232,0.1530700679731232,86,330
O,330X333,-0.13202359385684745,0.13202359385684745,86,330
O,330X335,0.23074939330888342,0.23074939330888342,86,330
O,330X338,0.17348550011421623,0.17348550011421623,86,330
O,330X341,0.27328283841609036,0.27328283841609036,86,330
O,330X343,-0.129853758476335,0.129853758476335,86,330
O,330X345,0.2981195582732047,0.2981195582732047,86,330
O,330X348,0.23313225239477003,0.23313225239477003,86,330
O,330X351,0.34674573254108393,0.34674573254108393,86,330
O,330X353,-0.1310102930574116,0.1310102930574116,86,330
O,330X355,0.34618706585332487,0.34618706585332487,86,330
O,330X358,0.27383468279137857,0.27383468279137857,86,330
O,330X361,0.3878310661020824,0.3878310661020824,86,330
O,330X363,-0.7316474695217527,0.7316474695217527,86,330
O,330X365,0.3903340992119477,0.3903340992119477,86,330
O,330X368,0.31450507658156684,0.31450507658156684,86,330
O,330X371,0.42884427692049076,0.42884427692049076,86,330
O,330X373,-0.7314624832769734,0.7314624832769734,86,330
O,330X375,0.42910831001387445,0.42910831001387445,86,330
O,330X378,0.34637651776200246,0.34637651776200246,86,330
O,330X381,0.46259055112691544,0.46259055112691544,86,330
O,330X383,-0.7315332182135027,0.7315332182135027,86,330
O,330X385,0.45457914811588773,0.45457914811588773,86,330
O,330X388,0.3695249113198001,0.3695249113198001,86,330
O,330X391,0.48733817537280466,0.48733817537280466,86,330
O,330X393,-0.5850134588416768,0.5850134588416768,86,330
O,330X395,0.49299569071680505,0.49299569071680505,86,330
O,330X398,0.40167250156404033,0.40167250156404033,86,330
O,330X401,0.5049015504984671,0.5049015504984671,86,330
O,330X403,0.07683927438001012,0.07683927438001012,86,330
O,330X405,-0.20092888426502997,0.20092888426502997,86,330
O,330X407,-0.25121815473637527,0.25121815473637527,86,330
O,330X409,-0.0803436782645556,0.0803436782645556,86,330
O,330X410,-0.580990026393861,0.580990026393861,86,330
O,330X412,0.5597528212641032,0.5597528212641032,86,330
O,330X415,0.471278780162239,0.471278780162239,86,330
O,330X418,0.5318776908747702,0.5318776908747702,86,330
O,330X420,-0.5829879469510225,0.5829879469510225,86,330
O,330X422,0.5098017493674304,0.5098017493674304,86,330
O,330X425,0.4283030165715738,0.4283030165715738,86,330
O,330X428,0.4653957359227657,0.4653957359227657,86,330
O,330X430,0.021362382425318713,0.021362382425318713,86,330
O,330X432,0.43582347293860635,0.43582347293860635,86,330
O,330X435,0.3604107690652652,0.3604107690652652,86,330
O,330X438,0.39801876614334974,0.39801876614334974,86,330
O,330X440,0.02597970315424588,0.02597970315424588,86,330
O,330X442,0.2791607619046453,0.2791607619046453,86,330
O,330X445,0.22226177716838802,0.22226177716838802,86,330
O,330X448,0.2722644840189238,0.2722644840189238,86,330
O,330X450,0.02304633141540392,0.02304633141540392,86,330
O,330X452,0.050649060516610306,0.050649060516610306,86,330
O,330X455,0.0003117517199018633,0.0003117517199018633,86,330
O,330X458,0.08864590745657423,0.08864590745657423,86,330
O,330X460,0.1448622684793906,0.1448622684793906,86,330
O,330X462,0.02028546354659928,0.02028546354659928,86,330
O,330X465,-0.022254092727792548,0.022254092727792548,86,330
O,330X468,0.05974083258341347,0.05974083258341347,86,330
O,330X470,0.12401685431654699,0.12401685431654699,86,330
O,330X472,-0.1251461157214603,0.1251461157214603,86,330
O,330X475,-0.1721623879455221,0.1721623879455221,86,330
O,330X478,-0.05830590572150549,0.05830590572150549,86,330
O,330X480,0.13184651164128727,0.13184651164128727,86,330
O,330X482,-0.15631208348258566,0.15631208348258566,86,330
O,330X485,-0.21583402119774253,0.21583402119774253,86,330
O,330X488,-0.06858563741031397,0.06858563741031397,86,330
O,330X490,0.09542701530215647,0.09542701530215647,86,330
O,330X492,-0.1928742580716554,0.1928742580716554,86,330
O,330X495,-0.2530051023098994,0.2530051023098994,86,330
O,330X498,-0.09593036394959097,0.09593036394959097,86,330
O,330X500,0.0967928908132309,0.0967928908132309,86,330
O,330X502,-0.21070474911204937,0.21070474911204937,86,330
O,330X505,-0.2743219414229354,0.2743219414229354,86,330
O,330X508,-0.10156775853723242,0.10156775853723242,86,330
O,330X510,0.07577702048356014,0.07577702048356014,86,330
O,330X512,-0.19999648581283969,0.19999648581283969,86,330
O,330X514,-0.24779867940505684,0.24779867940505684,86,330
O,330X516,-0.08073770978032863,0.08073770978032863,86,330
O,330X517,0.09589474942771252,0.09589474942771252,86,330
O,330X519,-0.3070961661702329,0.3070961661702329,86,330
O,330X522,-0.37774391989162864,0.37774391989162864,86,330
O,330X525,-0.15920078316918612,0.15920078316918612,86,330
O,330X527,-0.005639485647103651,0.005639485647103651,86,330
O,330X529,-0.35743588385281455,0.35743588385281455,86,330
O,330X532,-0.42900040759505625,0.42900040759505625,86,330
O,330X535,-0.1991540337857886,0.1991540337857886,86,330
O,330X537,0.011479201131581619,0.011479201131581619,86,330
O,330X539,-0.3928876421037208,0.3928876421037208,86,330
O,330X541,-0.4591898415426689,0.4591898415426689,86,330
O,330X544,-0.20002266173652375,0.20002266173652375,86,330
O,330X546,0.0021104715838270874,0.0021104715838270874,86,330
O,330X548,-0.4359526720084149,0.4359526720084149,86,330
O,330X550,-0.4774896623191359,0.4774896623191359,86,330
O,330X552,-0.23209409582993717,0.23209409582993717,86,330
O,330X553,0.3153128038011797,0.3153128038011797,86,330
O,330X555,-0.4207507003438809,0.4207507003438809,86,330
O,330X557,-0.44190583999633004,0.44190583999633004,86,330
O,330X559,-0.23717071484405225,0.23717071484405225,86,330
O,330X560,0.3106829904000176,0.3106829904000176,86,330
O,330X562,-0.3326545466543813,0.3326545466543813,86,330
O,330X564,-0.347658812426588,0.347658812426588,86,330
O,330X566,-0.20705119682469222,0.20705119682469222,86,330
O,330X567,0.3127381703690227,0.3127381703690227,86,330
O,330X569,-0.30121244963215543,0.30121244963215543,86,330
O,330X571,-0.3123617890990955,0.3123617890990955,86,330
O,330X573,-0.21333001573349064,0.21333001573349064,86,330
O,330X574,0.06864742370274046,0.06864742370274046,86,330
O,330X576,-0.32412587600915216,0.32412587600915216,86,330
O,330X578,-0.33101799435994106,0.33101799435994106,86,330
O,330X580,-0.2603673387885028,0.2603673387885028,86,330
O,330X581,0.06841932965400842,0.06841932965400842,86,330
O,330X583,-0.42958078091805413,0.42958078091805413,86,330
O,330X585,-0.4257165910507531,0.4257165910507531,86,330
O,330X587,-0.3830691566534088,0.3830691566534088,86,330
O,330X588,0.0686005746496203,0.0686005746496203,86,330
O,330X590,-0.42482271817801415,0.42482271817801415,86,330
O,330X592,-0.423552969456892,0.423552969456892,86,330
O,330X594,-0.39695695026546113,0.39695695026546113,86,330
O,330X595,0.18156854179571227,0.18156854179571227,86,330
O,330X597,-0.23744914924598295,0.23744914924598295,86,330
O,330X599,-0.2749226945120932,0.2749226945120932,86,330
O,330X601,-0.1102213163481005,0.1102213163481005,86,330
O,330X602,0.18633649230312338,0.18633649230312338,86,330
O,330X604,-0.2681691432932195,0.2681691432932195,86,330
O,330X606,-0.30441988804179476,0.30441988804179476,86,330
O,330X608,-0.1278866570935727,0.1278866570935727,86,330
O,330X609,0.18357165452866267,0.18357165452866267,86,330
O,330X611,-0.31493513099525966,0.31493513099525966,86,330
O,330X613,-0.3461575648109412,0.3461575648109412,86,330
O,330X615,-0.16412552449030052,0.16412552449030052,86,330
O,330X616,0.0730826103833503,0.0730826103833503,86,330
O,330X618,-0.34603531181934405,0.34603531181934405,86,330
O,330X620,-0.37126963359499426,0.37126963359499426,86,330
O,330X622,-0.19872854872455895,0.19872854872455895,86,330
O,330X626,0.19957003847499497,0.19957003847499497,86,330
O,330X628,-0.018826879927847647,0.018826879927847647,86,330
O,330X630,-0.01964152598863491,0.01964152598863491,86,330
O,330X632,-0.01654258382291829,0.01654258382291829,86,330
O,330X633,0.043726872535182475,0.043726872535182475,86,330
O,330X635,-0.1421658331486807,0.1421658331486807,86,330
O,330X637,-0.1421716906302264,0.1421716906302264,86,330
O,330X639,-0.14215692345226869,0.14215692345226869,86,330
O,330X640,0.03365849637926522,0.03365849637926522,86,330
O,330X642,0.24167722387843962,0.24167722387843962,86,330
O,330X669,-0.23744591441507754,0.23744591441507754,86,330
O,330X671,-0.06596035917924342,0.06596035917924342,86,330
O,330X674,-0.06701922400654056,0.06701922400654056,86,330
O,330X677,-0.06481417014695146,0.06481417014695146,86,330
O,330X689,-0.07031005038602754,0.07031005038602754,86,330
O,330X691,-0.021719245359007294,0.021719245359007294,86,330
O,330X694,-0.02267233976224386,0.02267233976224386,86,330
O,330X697,-0.02068967493749892,0.02068967493749892,86,330
O,330X699,-0.06236355107614831,0.06236355107614831,86,330
O,330X701,-0.060628315399394936,0.060628315399394936,86,330
O,330X704,-0.061818724306026,0.061818724306026,86,330
O,330X707,-0.0592705945802028,0.0592705945802028,86,330
O,330X709,-0.02536508056745853,0.02536508056745853,86,330
O,330X714,0.04277866543257971,0.04277866543257971,86,330
O,330X717,0.04482725716249492,0.04482725716249492,86,330
O,330X719,-0.010158563927084875,0.010158563927084875,86,330
O,330X729,-0.010060620401373031,0.010060620401373031,86,330
O,330X749,0.00911430341792999,0.00911430341792999,86,330
O,330X759,0.008970591613589693,0.008970591613589693,86,330
O,330X769,-0.235800630717202,0.235800630717202,86,330
O,330X771,-0.41437673394039176,0.41437673394039176,86,330
O,330X774,-0.41753763813857947,0.41753763813857947,86,330
O,330X777,-0.41037099216331435,0.41037099216331435,86,330
O,330X788,-0.2315564790601993,0.2315564790601993,86,330
O,330X790,0.46196624409383485,0.46196624409383485,86,330
O,330X793,0.4584750754048427,0.4584750754048427,86,330
O,330X798,0.34797439881374814,0.34797439881374814,86,330
O,330X800,0.3740740218233981,0.3740740218233981,86,330
O,330X803,0.37682191911525786,0.37682191911525786,86,330
O,330X806,0.3682740501734422,0.3682740501734422,86,330
O,330X808,-0.027045039833995733,0.027045039833995733,86,330
O,330X810,0.1453115050189554,0.1453115050189554,86,330
O,330X813,0.14384458671979597,0.14384458671979597,86,330
O,330X816,0.1459906518077832,0.1459906518077832,86,330
O,330X818,-0.026216994189751132,0.026216994189751132,86,330
O,330X828,-0.009978336624878516,0.009978336624878516,86,330
O,330X858,0.00867158582924492,0.00867158582924492,86,330
O,330X878,-0.0651867306275332,0.0651867306275332,86,330
O,330X889,-0.06518705329269779,0.06518705329269779,86,330
O,330X890,0.26068563327598526,0.26068563327598526,86,330
O,330X893,-0.5070938134041599,0.5070938134041599,86,330
O,330X895,-0.49730450172124147,0.49730450172124147,86,330
O,330X897,-0.5166573619813611,0.5166573619813611,86,330
O,330X900,-0.20290339185131204,0.20290339185131204,86,330
O,330X902,-0.20717711779855563,0.20717711779855563,86,330
O,330X904,-0.19590564310225894,0.19590564310225894,86,330
O,330X910,-0.1222691245216675,0.1222691245216675,86,330
O,330X913,-0.12580265947192584,0.12580265947192584,86,330
O,330X916,-0.12082848766755062,0.12082848766755062,86,330
O,330X920,0.13557698638586554,0.13557698638586554,86,330
O,330X923,0.13337932297239896,0.13337932297239896,86,330
O,330X926,0.13462061084367488,0.13462061084367488,86,330
O,330X930,0.32267675358634557,0.32267675358634557,86,330
O,330X933,0.3209127385731006,0.3209127385731006,86,330
O,330X936,0.3245700616757464,0.3245700616757464,86,330
O,330X940,0.037016920974600194,0.037016920974600194,86,330
O,330X943,0.02916564826096012,0.02916564826096012,86,330
O,330X946,0.04485589952503407,0.04485589952503407,86,330
O,330X950,-0.5267430923477779,0.5267430923477779,86,330
O,330X953,-0.5204783353356918,0.5204783353356918,86,330
O,330X956,-0.5297290071826383,0.5297290071826383,86,330
O,330X960,-0.11576330892614098,0.11576330892614098,86,330
O,330X963,-0.13323576998773737,0.13323576998773737,86,330
O,330X966,-0.09953097858137275,0.09953097858137275,86,330
O,330X970,-0.521824238258008,0.521824238258008,86,330
O,330X973,-0.5338241149884659,0.5338241149884659,86,330
O,330X976,-0.5123992507015892,0.5123992507015892,86,330
O,330X980,-0.22494860762322447,0.22494860762322447,86,330
O,330X983,-0.25002147588792145,0.25002147588792145,86,330
O,330X986,-0.20118497881596514,0.20118497881596514,86,330
O,330X990,-0.5059685500099939,0.5059685500099939,86,330
O,330X993,-0.5103436518818266,0.5103436518818266,86,330
O,330X996,-0.5017998481983348,0.5017998481983348,86,330
O,330X1000,-0.18818288814975123,0.18818288814975123,86,330
O,330X1003,-0.21232494362763896,0.21232494362763896,86,330
O,330X1006,-0.16526594871075254,0.16526594871075254,86,330
O,330X1010,-0.45819083781725367,0.45819083781725367,86,330
O,330X1013,-0.44211758408314056,0.44211758408314056,86,330
O,330X1016,-0.46951170437192336,0.46951170437192336,86,330
O,330X1020,-0.4995809954404699,0.4995809954404699,86,330
O,330X1030,-0.5298136252388095,0.5298136252388095,86,330
O,330X1032,-0.523278467338699,0.523278467338699,86,330
O,330X1034,-0.5342817457272987,0.5342817457272987,86,330
O,330X1037,-0.022440023291921334,0.022440023291921334,86,330
O,330X1039,-0.029393090674502898,0.029393090674502898,86,330
O,330X1041,-0.013122088421196379,0.013122088421196379,86,330
O,330X1042,-0.2374219931718116,0.2374219931718116,86,330
O,330X1053,-0.13671697489455797,0.13671697489455797,86,330
O,330X1077,0.0762392322679716,0.0762392322679716,86,330
O,330X1080,0.0977571092370666,0.0977571092370666,86,330
O,330X1083,0.048756321565481764,0.048756321565481764,86,330
O,330X1087,0.08267823793107501,0.08267823793107501,86,330
O,330X1090,0.06942086897314349,0.06942086897314349,86,330
O,330X1093,0.09680324215534544,0.09680324215534544,86,330
O,330X1097,0.19681470975012363,0.19681470975012363,86,330
O,330X1100,0.18869986708778944,0.18869986708778944,86,330
O,330X1103,0.20675594494984206,0.20675594494984206,86,330
O,330X1107,-0.04886000960290917,0.04886000960290917,86,330
O,330X1127,0.013535585460300145,0.013535585460300145,86,330
O,330X1130,0.013421249916553251,0.013421249916553251,86,330
O,330X1133,0.013611496270942727,0.013611496270942727,86,330
O,330X1147,-0.02890113990526095,0.02890113990526095,86,330
O,330X1150,-0.028273983358316164,0.028273983358316164,86,330
O,330X1153,-0.029108234216967503,0.029108234216967503,86,330
O,330X1157,-0.25723136237170935,0.25723136237170935,86,330
O,330X1160,-0.28456937595203347,0.28456937595203347,86,330
O,330X1163,-0.03535533905948046,0.03535533905948046,86,330
O,330X1166,-0.08337046861406477,0.08337046861406477,86,330
O,330X1168,0.03378288493189432,0.03378288493189432,86,330
O,330X1173,-0.5279776329320914,0.5279776329320914,86,330
O,330X1175,-0.5271320815953849,0.5271320815953849,86,330
O,330X1177,-0.5303027718918484,0.5303027718918484,86,330
O,330X1180,-0.3311634325659344,0.3311634325659344,86,330
O,330X1182,-0.3373122311743995,0.3373122311743995,86,330
O,330X1184,-0.3247061530938111,0.3247061530938111,86,330
O,330X1187,-0.5060984681599341,0.5060984681599341,86,330
O,330X1189,-0.5083260935874354,0.5083260935874354,86,330
O,330X1191,-0.5035170426139023,0.5035170426139023,86,330
O,330X1194,-0.23190205138549982,0.23190205138549982,86,330
O,330X1196,-0.26631685670631255,0.26631685670631255,86,330
O,330X1198,-0.19465941485146426,0.19465941485146426,86,330
O,330X1201,-0.5194978105233601,0.5194978105233601,86,330
O,330X1203,-0.5201460103002814,0.5201460103002814,86,330
O,330X1205,-0.5174936914386482,0.5174936914386482,86,330
O,330X1208,-0.2043493385862079,0.2043493385862079,86,330
O,330X1210,-0.23314285581787195,0.23314285581787195,86,330
O,330X1212,-0.17335353439194887,0.17335353439194887,86,330
O,330X1218,-0.09635630180060066,0.09635630180060066,86,330
O,330X1221,-0.2892541655565086,0.2892541655565086,86,330
O,330X1225,0.08536675073735372,0.08536675073735372,86,330
O,330X1227,0.08533732319463708,0.08533732319463708,86,330
O,330X1229,0.08538336698755629,0.08538336698755629,86,330
O,330X1232,-0.08730208497477018,0.08730208497477018,86,330
O,330X1234,-0.08775089078746993,0.08775089078746993,86,330
O,330X1236,-0.08680792751744022,0.08680792751744022,86,330
O,330X1249,0.3504695054883552,0.3504695054883552,86,330
O,330X1251,0.33489716395186125,0.33489716395186125,86,330
O,330X1253,0.35853241710130923,0.35853241710130923,86,330
O,330X1256,-0.36774049038816176,0.36774049038816176,86,330
O,330X1258,-0.36091990434393967,0.36091990434393967,86,330
O,330X1261,-0.3659465585062413,0.3659465585062413,86,330
O,340X1,-0.20541474494095022,0.20541474494095022,86,340
O,340X2,-0.318079055031144,0.318079055031144,86,340
O,340X3,0.13515122808764368,0.13515122808764368,86,340
O,340X4,0.17268617448703136,0.17268617448703136,86,340
O,340X5,-0.41242275597274997,0.41242275597274997,86,340
O,340X6,0.19608231649759328,0.19608231649759328,86,340
O,340X7,0.04916693915450925,0.04916693915450925,86,340
O,340X8,0.418071451813836,0.418071451813836,86,340
O,340X9,-0.2602689409252743,0.2602689409252743,86,340
O,340X10,0.032211837066346914,0.032211837066346914,86,340
O,340X11,-0.033241585535915004,0.033241585535915004,86,340
O,340X13,-0.024113183351707413,0.024113183351707413,86,340
O,340X15,-0.012760745140328543,0.012760745140328543,86,340
O,340X17,-0.2796496000275507,0.2796496000275507,86,340
O,340X18,0.3368617400413928,0.3368617400413928,86,340
O,340X19,-0.3108840674265804,0.3108840674265804,86,340
O,340X20,-0.07593834388658843,0.07593834388658843,86,340
O,340X21,0.007153513361021444,0.007153513361021444,86,340
O,340X22,-0.02580828408102102,0.02580828408102102,86,340
O,340X24,-0.3387821832404173,0.3387821832404173,86,340
O,340X25,-0.3502889347461244,0.3502889347461244,86,340
O,340X26,-0.3231577828009038,0.3231577828009038,86,340
O,340X27,0.28678864889761774,0.28678864889761774,86,340
O,340X28,0.3026475801435021,0.3026475801435021,86,340
O,340X29,0.28776946218027644,0.28776946218027644,86,340
O,ERROR:#N/A (#2),-0.3432584279739514,0.3432584279739514,86,UNKNOWN
O,340X31,0.24787929486298416,0.24787929486298416,86,340
O,340X33,-0.19145101138307694,0.19145101138307694,86,340
O,340X34,-0.1906331358525835,0.1906331358525835,86,340
O,340X35,-0.19052418676320979,0.19052418676320979,86,340
O,340X36,-0.1923671079275641,0.1923671079275641,86,340
O,340X37,0.01514160018896799,0.01514160018896799,86,340
O,340X38,0.007828395884015064,0.007828395884015064,86,340
O,340X39,-0.03463811872830904,0.03463811872830904,86,340
O,340X40,0.013762472369944302,0.013762472369944302,86,340
O,340X41,-0.047881577726757385,0.047881577726757385,86,340
O,340X42,-0.0344142402390456,0.0344142402390456,86,340
O,340X43,-0.04111335299748518,0.04111335299748518,86,340
O,340X44,-0.06875312447623734,0.06875312447623734,86,340
O,340X45,0.1829068993051363,0.1829068993051363,86,340
O,340X46,0.19085033639381072,0.19085033639381072,86,340
O,340X47,0.1893839420755144,0.1893839420755144,86,340
O,340X48,0.1946298845207084,0.1946298845207084,86,340
O,340X49,-0.09057399682460222,0.09057399682460222,86,340
O,340X51,-0.25426201164853307,0.25426201164853307,86,340
O,340X53,-0.25033112217537445,0.25033112217537445,86,340
O,340X57,0.12353104713491801,0.12353104713491801,86,340
O,340X59,0.23730564514770489,0.23730564514770489,86,340
O,340X61,0.26272534278371956,0.26272534278371956,86,340
O,340X65,-0.20049289481150862,0.20049289481150862,86,340
O,340X67,-0.008517028680635315,0.008517028680635315,86,340
O,340X69,0.0935794894516475,0.0935794894516475,86,340
O,340X73,0.2506459984742274,0.2506459984742274,86,340
O,340X75,0.1649181527671991,0.1649181527671991,86,340
O,340X77,0.18124607997651232,0.18124607997651232,86,340
O,340X81,0.006198559932558929,0.006198559932558929,86,340
O,340X83,-0.05305150227674199,0.05305150227674199,86,340
O,340X85,0.09062561724305365,0.09062561724305365,86,340
O,340X97,-0.19087832482051872,0.19087832482051872,86,340
O,340X99,-0.2984043643970672,0.2984043643970672,86,340
O,340X101,-0.34631384476381055,0.34631384476381055,86,340
O,340X105,0.004243137340531787,0.004243137340531787,86,340
O,340X107,0.03714995680717085,0.03714995680717085,86,340
O,340X108,-0.11246989211856188,0.11246989211856188,86,340
O,340X109,0.1786300415616039,0.1786300415616039,86,340
O,340X110,-0.056760783568312004,0.056760783568312004,86,340
O,340X113,0.1675851307604533,0.1675851307604533,86,340
O,340X115,0.003243445049857984,0.003243445049857984,86,340
O,340X121,0.16633400616029473,0.16633400616029473,86,340
O,340X123,-0.06411390877757578,0.06411390877757578,86,340
O,340X124,0.35273714424080577,0.35273714424080577,86,340
O,340X125,0.22613718848910722,0.22613718848910722,86,340
O,340X126,0.3428594393862979,0.3428594393862979,86,340
O,340X132,-0.38933921714096975,0.38933921714096975,86,340
O,340X133,-0.3269771565702322,0.3269771565702322,86,340
O,340X134,-0.38879861023219053,0.38879861023219053,86,340
O,340X138,0.4234216900678943,0.4234216900678943,86,340
O,340X139,0.43239080941713065,0.43239080941713065,86,340
O,340X140,0.4290117828526839,0.4290117828526839,86,340
O,340X143,-0.12906681193663533,0.12906681193663533,86,340
O,340X145,-0.17736739491382714,0.17736739491382714,86,340
O,340X147,0.02571767117738161,0.02571767117738161,86,340
O,340X149,0.023516717317968932,0.023516717317968932,86,340
O,340X151,0.09412301285508916,0.09412301285508916,86,340
O,340X161,-0.4373134510686514,0.4373134510686514,86,340
O,340X163,-0.4500421773816418,0.4500421773816418,86,340
O,340X165,-0.43368067829704354,0.43368067829704354,86,340
O,340X173,0.3046076869593227,0.3046076869593227,86,340
O,340X175,0.30673739451466386,0.30673739451466386,86,340
O,340X177,0.30887207227814817,0.30887207227814817,86,340
O,340X181,0.1157500433824022,0.1157500433824022,86,340
O,340X182,0.3039880807271001,0.3039880807271001,86,340
O,340X183,0.03759798946066042,0.03759798946066042,86,340
O,340X185,-0.09914524691937493,0.09914524691937493,86,340
O,340X186,-0.07601602906941597,0.07601602906941597,86,340
O,340X187,-0.11369648455494769,0.11369648455494769,86,340
O,340X188,0.4132504736998843,0.4132504736998843,86,340
O,340X189,0.42515880791835503,0.42515880791835503,86,340
O,340X190,0.41312685180869657,0.41312685180869657,86,340
O,340X192,0.24572645197377127,0.24572645197377127,86,340
O,340X193,0.17633453161025975,0.17633453161025975,86,340
O,340X194,0.10853794941042957,0.10853794941042957,86,340
O,340X195,0.1610571480208723,0.1610571480208723,86,340
O,340X196,0.37421957915934934,0.37421957915934934,86,340
O,340X197,0.368639888183468,0.368639888183468,86,340
O,340X198,0.3627072409246109,0.3627072409246109,86,340
O,344X1,-0.2758220168883362,0.2758220168883362,86,344
O,344X5,0.26400903970300826,0.26400903970300826,86,344
O,344X6,-0.17422135200879513,0.17422135200879513,86,344
O,344X10,-0.18186808188866124,0.18186808188866124,86,344
O,344X13,-0.16822366791074767,0.16822366791074767,86,344
O,344X15,-0.17220908168459603,0.17220908168459603,86,344
O,344X16,0.023278236962390043,0.023278236962390043,86,344
O,344X19,-0.054209917704575415,0.054209917704575415,86,344
O,344X20,0.10797061432005416,0.10797061432005416,86,344
O,344X21,0.22032044776030305,0.22032044776030305,86,344
O,344X22,0.21846322510948027,0.21846322510948027,86,344
O,344X25,-0.1846446101193573,0.1846446101193573,86,344
O,344X26,-0.20383390960007441,0.20383390960007441,86,344
O,344X27,-0.15334224725396325,0.15334224725396325,86,344
O,344X29,-0.17894995813020875,0.17894995813020875,86,344
O,344X34,-0.012170481223384716,0.012170481223384716,86,344
O,344X35,0.029326866424912886,0.029326866424912886,86,344
O,344X36,-0.012077587340120733,0.012077587340120733,86,344
O,344X37,0.06403467815388668,0.06403467815388668,86,344
O,344X39,0.2734425517018554,0.2734425517018554,86,344
O,344X41,0.1697670011188107,0.1697670011188107,86,344
O,344X43,0.23903476771872675,0.23903476771872675,86,344
O,344X44,0.2942614127912948,0.2942614127912948,86,344
O,344X48,-0.15832191172452087,0.15832191172452087,86,344
O,344X49,0.07821230663466597,0.07821230663466597,86,344
O,344X51,-0.03678559463888504,0.03678559463888504,86,344
O,344X53,0.25525120105830024,0.25525120105830024,86,344
O,344X55,0.25451061630387095,0.25451061630387095,86,344
O,344X56,0.013663923437574289,0.013663923437574289,86,344
O,344X60,-0.048862319736794446,0.048862319736794446,86,344
O,344X62,0.05817186196973494,0.05817186196973494,86,344
O,344X64,0.056969154747536714,0.056969154747536714,86,344
O,344X65,-0.16722394942323834,0.16722394942323834,86,344
O,344X66,0.057855528755414665,0.057855528755414665,86,344
O,344X69,0.05305416521686945,0.05305416521686945,86,344
O,344X71,0.2561484915008083,0.2561484915008083,86,344
O,344X73,0.25734693759498783,0.25734693759498783,86,344
O,344X74,0.04824317932063637,0.04824317932063637,86,344
O,344X77,-0.3136090088269562,0.3136090088269562,86,344
O,344X78,-0.31587885735408605,0.31587885735408605,86,344
O,344X79,-0.07842766755223574,0.07842766755223574,86,344
O,344X81,0.041229847339149785,0.041229847339149785,86,344
O,344X83,-0.3136665050828121,0.3136665050828121,86,344
O,344X85,-0.1512010298119148,0.1512010298119148,86,344
O,344X86,0.24963557327192745,0.24963557327192745,86,344
O,344X87,-0.1505861575119754,0.1505861575119754,86,344
O,344X88,0.13131797150825525,0.13131797150825525,86,344
O,344X90,0.018064190691263117,0.018064190691263117,86,344
O,344X92,-0.15073244511414227,0.15073244511414227,86,344
O,344X94,0.10234437144619936,0.10234437144619936,86,344
O,344X95,0.11254134586880012,0.11254134586880012,86,344
O,344X96,0.27658457869696523,0.27658457869696523,86,344
O,344X97,0.27610124022393934,0.27610124022393934,86,344
O,344X99,0.33015025120751773,0.33015025120751773,86,344
O,344X103,0.14960802984739752,0.14960802984739752,86,344
O,344X104,0.03146158106635928,0.03146158106635928,86,344
O,344X105,0.1499654888045781,0.1499654888045781,86,344
O,344X106,-0.12593533506339988,0.12593533506339988,86,344
O,344X108,-0.0052355278094701144,0.0052355278094701144,86,344
O,344X110,0.1507324451141419,0.1507324451141419,86,344
O,344X112,0.15006441971031909,0.15006441971031909,86,344
O,344X113,0.028829010492066126,0.028829010492066126,86,344
O,344X114,0.15051026927198058,0.15051026927198058,86,344
O,344X115,-0.07849360329469547,0.07849360329469547,86,344
O,344X117,0.03200296477143227,0.03200296477143227,86,344
O,344X119,0.15073244511414227,0.15073244511414227,86,344
O,344X121,-0.1423863251063737,0.1423863251063737,86,344
O,344X122,-0.13512676226286643,0.13512676226286643,86,344
O,344X123,-0.08149158578213712,0.08149158578213712,86,344
O,344X124,-0.09816305247548493,0.09816305247548493,86,344
O,344X126,-0.16266910966953874,0.16266910966953874,86,344
O,344X137,0.3251311823282628,0.3251311823282628,86,344
O,344X138,0.38536002106881334,0.38536002106881334,86,344
O,344X139,0.3405777557070397,0.3405777557070397,86,344
O,344X145,0.03189879316847271,0.03189879316847271,86,344
O,344X146,-0.24487367156073087,0.24487367156073087,86,344
O,344X147,-0.11277416845042922,0.11277416845042922,86,344
O,344X149,-0.15409802094470673,0.15409802094470673,86,344
O,344X150,-0.1338941120183228,0.1338941120183228,86,344
O,344X151,-0.043518482759126474,0.043518482759126474,86,344
O,344X154,-0.15073244511414166,0.15073244511414166,86,344
O,344X156,0.08551841978355071,0.08551841978355071,86,344
O,344X158,0.15590568096269605,0.15590568096269605,86,344
O,344X159,0.14621331043064015,0.14621331043064015,86,344
O,344X160,0.023278837804662875,0.023278837804662875,86,344
O,344X163,-0.3193096301562368,0.3193096301562368,86,344
O,344X164,-0.13082790056588592,0.13082790056588592,86,344
O,344X165,-0.22152264159557195,0.22152264159557195,86,344
O,344X168,0.006464119239192347,0.006464119239192347,86,344
O,344X169,0.06764769461114581,0.06764769461114581,86,344
O,344X172,0.1507324451141417,0.1507324451141417,86,344
O,344X173,0.07821230663487294,0.07821230663487294,86,344
O,ERROR:#N/A (#3),-0.16370469478965527,0.16370469478965527,86,UNKNOWN
O,344X174,-0.3762998033196814,0.3762998033196814,86,344
O,344X176,0.1176128650277448,0.1176128650277448,86,344
O,ERROR:#N/A_1 (#2),-0.3341565287708091,0.3341565287708091,86,UNKNOWN
O,344X177,-0.2826294060879559,0.2826294060879559,86,344
O,344X178,-0.15426088495034,0.15426088495034,86,344
O,ERROR:#N/A_3 (#1),-0.05205796842037884,0.05205796842037884,86,UNKNOWN
O,344X182,-0.06367555902696267,0.06367555902696267,86,344
O,344X185,0.020429874638483413,0.020429874638483413,86,344
O,ERROR:#N/A_5,0.01712117582047517,0.01712117582047517,86,UNKNOWN
O,344X186,0.11888522884067125,0.11888522884067125,86,344
O,344X187,0.02127263137092122,0.02127263137092122,86,344
O,ERROR:#N/A_6,-0.18521693482593463,0.18521693482593463,86,UNKNOWN
O,ERROR:#N/A_7,-0.07081712921294234,0.07081712921294234,86,UNKNOWN
O,344X190,-0.09881071267099956,0.09881071267099956,86,344
O,344X191,0.08656382076768457,0.08656382076768457,86,344
O,ERROR:#N/A_8,-0.09791117623369187,0.09791117623369187,86,UNKNOWN
O,344X192,0.08662843221926013,0.08662843221926013,86,344
O,344X194,-0.0991794889456521,0.0991794889456521,86,344
O,344X195,0.28171009896488436,0.28171009896488436,86,344
O,344X196,0.16157050127403874,0.16157050127403874,86,344
O,344X199,0.16514069819300017,0.16514069819300017,86,344
O,344X200,0.2705016238343128,0.2705016238343128,86,344
O,344X201,-0.004424571917206061,0.004424571917206061,86,344
O,ERROR:#N/A_9,-0.09883026648066036,0.09883026648066036,86,UNKNOWN
O,ERROR:#N/A_10,0.07821230663487262,0.07821230663487262,86,UNKNOWN
O,344X208,0.28708022750556883,0.28708022750556883,86,344
O,344X209,0.31849378475687345,0.31849378475687345,86,344
O,ERROR:#N/A_11,0.27726512959033706,0.27726512959033706,86,UNKNOWN
O,344X210,0.28124169487790246,0.28124169487790246,86,344
O,344X212,0.23631089510092765,0.23631089510092765,86,344
O,344X213,0.3620485371071133,0.3620485371071133,86,344
O,344X221,-0.20227746094233745,0.20227746094233745,86,344
O,344X222,0.04428073928150183,0.04428073928150183,86,344
O,ERROR:#N/A_14,-0.18804946284228763,0.18804946284228763,86,UNKNOWN
O,ERROR:#N/A_15,0.03040644415760517,0.03040644415760517,86,UNKNOWN
O,344X225,-0.18068941045777637,0.18068941045777637,86,344
O,344X226,0.051527549911651725,0.051527549911651725,86,344
O,ERROR:#N/A_16,0.1507324451141424,0.1507324451141424,86,UNKNOWN
O,344X229,-0.010772343672616098,0.010772343672616098,86,344
O,ERROR:#N/A_17,0.025623923569824663,0.025623923569824663,86,UNKNOWN
O,ERROR:#N/A_18,0.29504644536394975,0.29504644536394975,86,UNKNOWN
O,344X230,0.053390446714180806,0.053390446714180806,86,344
O,344X231,-0.15810026540736355,0.15810026540736355,86,344
O,344X232,-0.027193981878909094,0.027193981878909094,86,344
O,344X234,-0.11006519172184012,0.11006519172184012,86,344
O,344X235,-0.14959436480618765,0.14959436480618765,86,344
O,344X236,-0.09993658500681472,0.09993658500681472,86,344
O,344X237,-0.14586809337540735,0.14586809337540735,86,344
O,ERROR:#N/A_20,-0.11990133865581054,0.11990133865581054,86,UNKNOWN
O,344X239,-0.1492798759856543,0.1492798759856543,86,344
O,344X241,-0.016486331116719932,0.016486331116719932,86,344
O,ERROR:#N/A_21,-0.02077875226917736,0.02077875226917736,86,UNKNOWN
O,344X243,0.012286572790595094,0.012286572790595094,86,344
O,344X244,0.0010532282111308218,0.0010532282111308218,86,344
O,344X245,-0.03684575523659132,0.03684575523659132,86,344
O,344X246,-0.04013403338923729,0.04013403338923729,86,344
O,344X250,0.23377883676253844,0.23377883676253844,86,344
O,ERROR:#N/A_23,-0.24666217433584103,0.24666217433584103,86,UNKNOWN
O,344X252,0.07330781648371859,0.07330781648371859,86,344
O,344X253,0.1786907228805498,0.1786907228805498,86,344
O,344X254,0.0693320827307897,0.0693320827307897,86,344
O,344X255,0.028842500127228537,0.028842500127228537,86,344
O,ERROR:#N/A_24,0.11028133601668505,0.11028133601668505,86,UNKNOWN
O,344X257,0.276415043239423,0.276415043239423,86,344
O,344X259,0.12773468553827488,0.12773468553827488,86,344
O,ERROR:#N/A_25,0.12398417252337629,0.12398417252337629,86,UNKNOWN
O,344X261,0.14606747177825538,0.14606747177825538,86,344
O,344X262,0.14093424315694186,0.14093424315694186,86,344
O,344X263,0.12497552280686922,0.12497552280686922,86,344
O,344X264,0.11700842930690855,0.11700842930690855,86,344
O,360X1,-0.04816742662562445,0.04816742662562445,86,360
O,360X3,0.06412485735953695,0.06412485735953695,86,360
O,360X14,-0.2652617949712632,0.2652617949712632,86,360
O,360X23,0.04655641919204834,0.04655641919204834,86,360
O,360X25,0.08676021019482467,0.08676021019482467,86,360
O,360X34,-0.20654899927706508,0.20654899927706508,86,360
O,360X45,0.20184463818647658,0.20184463818647658,86,360
O,360X47,-0.11037982326942566,0.11037982326942566,86,360
O,360X58,-0.05440153797361891,0.05440153797361891,86,360
O,360X69,-0.012235249023951036,0.012235249023951036,86,360
O,360X80,-0.013038559834502333,0.013038559834502333,86,360
O,360X100,-0.13371590852013815,0.13371590852013815,86,360
O,360X109,-0.23626007031289956,0.23626007031289956,86,360
O,360X111,0.1797472261623424,0.1797472261623424,86,360
O,360X115,-0.04553492601945049,0.04553492601945049,86,360
O,360X117,-0.029710369003561964,0.029710369003561964,86,360
O,360X125,-0.0633688518466593,0.0633688518466593,86,360
O,360X131,-0.05763464044465719,0.05763464044465719,86,360
O,360X133,-0.09981774041869414,0.09981774041869414,86,360
O,360X141,-0.09382025293373353,0.09382025293373353,86,360
O,360X149,-0.1206842593886068,0.1206842593886068,86,360
O,360X155,0.22336391225495278,0.22336391225495278,86,360
O,360X157,-0.15132804675286954,0.15132804675286954,86,360
O,360X165,-0.13111120032075982,0.13111120032075982,86,360
O,360X176,-0.17599559626424643,0.17599559626424643,86,360
O,360X185,-0.043295764803013816,0.043295764803013816,86,360
O,360X187,-0.21804441438159564,0.21804441438159564,86,360
O,360X198,-0.2298487785164376,0.2298487785164376,86,360
O,360X211,0.014879791597974796,0.014879791597974796,86,360
O,360X219,-0.20814195235351754,0.20814195235351754,86,360
O,360X228,0.3598921073637366,0.3598921073637366,86,360
O,360X230,-0.12440566460563762,0.12440566460563762,86,360
O,360X241,-0.16381619313637957,0.16381619313637957,86,360
O,360X252,-0.1978164061126388,0.1978164061126388,86,360
O,360X261,0.21559981893927727,0.21559981893927727,86,360
O,360X263,-0.18708213546624675,0.18708213546624675,86,360
O,360X274,-0.15807231235496802,0.15807231235496802,86,360
O,360X285,-0.20404235051745456,0.20404235051745456,86,360
O,360X294,0.4265702991880215,0.4265702991880215,86,360
O,360X296,-0.2510625063712834,0.2510625063712834,86,360
O,360X307,-0.2796363983712482,0.2796363983712482,86,360
O,360X318,-0.28532406605704,0.28532406605704,86,360
O,360X327,-0.04821029504643221,0.04821029504643221,86,360
O,360X329,0.13309349970010992,0.13309349970010992,86,360
O,360X335,-0.039338284921967163,0.039338284921967163,86,360
O,360X337,-0.18939947948224933,0.18939947948224933,86,360
O,360X348,-0.13346191386670755,0.13346191386670755,86,360
O,360X359,-0.13677160179593517,0.13677160179593517,86,360
O,360X368,0.449907760841786,0.449907760841786,86,360
O,360X370,-0.12912355492664226,0.12912355492664226,86,360
O,360X381,-0.15311780146161205,0.15311780146161205,86,360
O,360X392,-0.15733130477696158,0.15733130477696158,86,360
O,360X401,-0.047178019544784115,0.047178019544784115,86,360
O,360X403,-0.18266780514524467,0.18266780514524467,86,360
O,360X414,-0.14072885379500316,0.14072885379500316,86,360
O,360X425,-0.1229562244680912,0.1229562244680912,86,360
O,360X434,-0.0007296488908699665,0.0007296488908699665,86,360
O,360X436,-0.07380488771191285,0.07380488771191285,86,360
O,360X447,0.11877696736065445,0.11877696736065445,86,360
O,360X455,-0.0700295009149063,0.0700295009149063,86,360
O,360X466,-0.01556751468247439,0.01556751468247439,86,360
O,360X475,0.09131668752078675,0.09131668752078675,86,360
O,360X477,-0.051006719179327704,0.051006719179327704,86,360
O,360X488,-0.01901192132106542,0.01901192132106542,86,360
O,360X499,0.006925295760380399,0.006925295760380399,86,360
O,360X508,0.13211312494088123,0.13211312494088123,86,360
O,360X510,-0.028769714471464355,0.028769714471464355,86,360
O,360X521,0.00429327197880486,0.00429327197880486,86,360
O,360X532,0.0230417893081726,0.0230417893081726,86,360
O,360X541,-0.17048188684201235,0.17048188684201235,86,360
O,360X543,0.06269969307872761,0.06269969307872761,86,360
O,360X554,0.053246039946455964,0.053246039946455964,86,360
O,360X565,0.07345954716547386,0.07345954716547386,86,360
O,360X573,0.034291296794486364,0.034291296794486364,86,360
O,360X582,-0.21289136642371734,0.21289136642371734,86,360
O,360X584,0.17369890978146926,0.17369890978146926,86,360
O,360X595,0.10620686248156594,0.10620686248156594,86,360
O,360X605,0.11068284913745749,0.11068284913745749,86,360
O,360X611,-0.31731967359037466,0.31731967359037466,86,360
O,360X613,0.09107143282649378,0.09107143282649378,86,360
O,360X621,0.02358927434841453,0.02358927434841453,86,360
O,360X629,0.0019404738435140707,0.0019404738435140707,86,360
O,360X635,0.40916972864701195,0.40916972864701195,86,360
O,360X637,-0.03515957570528113,0.03515957570528113,86,360
O,360X645,0.03505230808141595,0.03505230808141595,86,360
O,360X653,0.05260509389053324,0.05260509389053324,86,360
O,360X659,-0.25216208789548805,0.25216208789548805,86,360
O,360X661,0.06352501473832436,0.06352501473832436,86,360
O,360X669,0.05350835319239769,0.05350835319239769,86,360
O,360X677,0.03298322980686278,0.03298322980686278,86,360
O,360X685,-0.03590960773778166,0.03590960773778166,86,360
O,360X696,-0.0006597484374520399,0.0006597484374520399,86,360
O,360X702,0.19866299006677665,0.19866299006677665,86,360
O,360X704,-0.05452456463457946,0.05452456463457946,86,360
O,360X710,-0.028163530338572034,0.028163530338572034,86,360
O,360X712,-0.1244090432159922,0.1244090432159922,86,360
O,360X741,0.3980488586146061,0.3980488586146061,86,360
O,360X743,0.396782824820037,0.396782824820037,86,360
O,360X763,-0.06001272214341055,0.06001272214341055,86,360
O,360X765,0.5421017982134306,0.5421017982134306,86,360
O,360X776,0.3859218113604519,0.3859218113604519,86,360
O,360X785,-0.0391545913751613,0.0391545913751613,86,360
O,360X796,-0.06885171106778386,0.06885171106778386,86,360
O,360X829,0.07117388247350465,0.07117388247350465,86,360
O,360X853,0.20293518859538567,0.20293518859538567,86,360
O,360X885,0.07382277800159638,0.07382277800159638,86,360
O,360X896,-0.029473977933848816,0.029473977933848816,86,360
O,360X971,0.20127128338600578,0.20127128338600578,86,360
O,360X984,0.11522864250841935,0.11522864250841935,86,360
O,360X987,0.324232946159419,0.324232946159419,86,360
O,360X995,-0.005342238062981453,0.005342238062981453,86,360
O,360X1006,0.09817649461361505,0.09817649461361505,86,360
O,360X1017,-0.016754375612628453,0.016754375612628453,86,360
O,360X1028,-0.019810940032976662,0.019810940032976662,86,360
O,360X1039,0.17321940356552826,0.17321940356552826,86,360
O,360X1050,0.3397012497416318,0.3397012497416318,86,360
O,360X1061,0.28743414687978386,0.28743414687978386,86,360
O,360X1072,0.2940445735522994,0.2940445735522994,86,360
O,360X1083,0.37293684019744755,0.37293684019744755,86,360
O,360X1094,0.30618986214398125,0.30618986214398125,86,360
O,360X1105,0.31534613516901944,0.31534613516901944,86,360
O,360X1116,0.15670807658959307,0.15670807658959307,86,360
O,360X1127,0.30964362777211857,0.30964362777211857,86,360
O,360X1138,0.3943928573957406,0.3943928573957406,86,360
O,360X1146,0.13704234189655912,0.13704234189655912,86,360
O,360X1152,-0.20449381961033258,0.20449381961033258,86,360
O,360X1164,-0.13671697489455797,0.13671697489455797,86,360
O,360X1190,0.17742547915333926,0.17742547915333926,86,360
O,360X1201,-0.042243945906750936,0.042243945906750936,86,360
O,360X1212,-0.08096237110226895,0.08096237110226895,86,360
O,360X1245,0.5749353429378539,0.5749353429378539,86,360
O,360X1267,0.006300665952211044,0.006300665952211044,86,360
O,360X1278,0.20790004091215103,0.20790004091215103,86,360
O,360X1288,0.20010821906820878,0.20010821906820878,86,360
O,360X1297,0.012881004169658223,0.012881004169658223,86,360
O,360X1305,0.01597085869860385,0.01597085869860385,86,360
O,360X1313,0.3666825703130107,0.3666825703130107,86,360
O,360X1321,0.18450656055515566,0.18450656055515566,86,360
O,360X1329,0.31776263003234445,0.31776263003234445,86,360
O,360X1337,0.19116915849436808,0.19116915849436808,86,360
O,360X1356,-0.015016649887322575,0.015016649887322575,86,360
O,360X1364,0.017485522252010947,0.017485522252010947,86,360
O,360X1383,-0.4254494576533044,0.4254494576533044,86,360
O,360X1391,-0.2510311029866693,0.2510311029866693,86,360
O,400X4,0.09970307221240235,0.09970307221240235,86,400
O,400X5,0.0233170452567723,0.0233170452567723,86,400
O,400X7,-0.07852714259360474,0.07852714259360474,86,400
O,400X9,-0.07848024898334484,0.07848024898334484,86,400
O,400X12,0.01699418373257308,0.01699418373257308,86,400
O,400X13,0.014133577910206052,0.014133577910206052,86,400
O,400X14,-0.03371200235535514,0.03371200235535514,86,400
O,400X15,0.015949422260495703,0.015949422260495703,86,400
O,400X16,0.004861582606512286,0.004861582606512286,86,400
O,400X19,0.06442402994315334,0.06442402994315334,86,400
O,400X20,0.14096237048100058,0.14096237048100058,86,400
O,400X21,-0.004956395398506819,0.004956395398506819,86,400
O,400X22,0.1618223816879216,0.1618223816879216,86,400
O,400X23,0.06898581378259586,0.06898581378259586,86,400
O,400X25,-0.07828527806005675,0.07828527806005675,86,400
O,400X27,-0.07646167417517453,0.07646167417517453,86,400
O,400X29,-0.3189280170944963,0.3189280170944963,86,400
O,400X30,0.06833961296437545,0.06833961296437545,86,400
O,400X31,0.02787237274629106,0.02787237274629106,86,400
O,400X32,-0.18441780692023374,0.18441780692023374,86,400
O,400X33,0.20629580609356551,0.20629580609356551,86,400
O,400X34,0.13968223702271348,0.13968223702271348,86,400
O,400X35,0.15610827033420258,0.15610827033420258,86,400
O,400X36,-0.039371424597307206,0.039371424597307206,86,400
O,400X37,-0.11630993277467726,0.11630993277467726,86,400
O,400X38,0.10869021881970294,0.10869021881970294,86,400
O,400X56,-0.11017028303880168,0.11017028303880168,86,400
O,400X57,0.4679017036989583,0.4679017036989583,86,400
O,400X58,0.19022279745827364,0.19022279745827364,86,400
O,400X59,0.0253332490335837,0.0253332490335837,86,400
O,400X60,-0.08117050018569004,0.08117050018569004,86,400
O,400X61,-0.07637001818329635,0.07637001818329635,86,400
O,400X63,0.02520703634589659,0.02520703634589659,86,400
O,400X64,-0.07630039301252099,0.07630039301252099,86,400
O,400X65,-0.07843403463914152,0.07843403463914152,86,400
O,400X66,-0.024948582311719685,0.024948582311719685,86,400
O,400X67,-0.020141001046049593,0.020141001046049593,86,400
O,400X68,-0.015440296196350359,0.015440296196350359,86,400
O,400X69,-0.028388407042215215,0.028388407042215215,86,400
O,400X70,-0.02533011110608141,0.02533011110608141,86,400
O,400X71,-0.02236972434703894,0.02236972434703894,86,400
O,400X72,-0.03115838153008806,0.03115838153008806,86,400
O,400X73,-0.04482113068390297,0.04482113068390297,86,400
O,400X74,-0.014124407873756758,0.014124407873756758,86,400
O,400X75,-0.047266006462890205,0.047266006462890205,86,400
O,400X76,-0.04001005448161687,0.04001005448161687,86,400
O,400X77,-0.03160943775184014,0.03160943775184014,86,400
O,400X78,-0.043582034112525744,0.043582034112525744,86,400
O,400X79,-0.015408598519460479,0.015408598519460479,86,400
O,400X80,-0.047655731309497996,0.047655731309497996,86,400
O,400X81,-0.028282628837505083,0.028282628837505083,86,400
O,400X82,0.0236095445151112,0.0236095445151112,86,400
O,400X84,-0.07986315437387738,0.07986315437387738,86,400
O,400X85,0.0389002565414323,0.0389002565414323,86,400
O,400X86,0.034724502043222936,0.034724502043222936,86,400
O,400X87,0.03985046464804647,0.03985046464804647,86,400
O,400X88,0.03772042194464594,0.03772042194464594,86,400
O,400X89,0.03970811877904334,0.03970811877904334,86,400
O,400X90,0.037274193916537066,0.037274193916537066,86,400
O,400X91,0.020689318118821406,0.020689318118821406,86,400
O,400X92,0.0368479455275732,0.0368479455275732,86,400
O,400X93,0.04396504081027918,0.04396504081027918,86,400
O,400X94,0.01644941539724123,0.01644941539724123,86,400
O,400X95,0.022268598459725317,0.022268598459725317,86,400
O,400X96,0.04290415107024308,0.04290415107024308,86,400
O,400X97,0.07847402219181734,0.07847402219181734,86,400
O,400X98,0.09507750133560454,0.09507750133560454,86,400
O,400X99,0.019185839106699413,0.019185839106699413,86,400
O,400X100,0.04601471401777895,0.04601471401777895,86,400
O,400X108,0.13838574561921493,0.13838574561921493,86,400
O,400X109,0.12971250557694766,0.12971250557694766,86,400
O,400X110,0.21947542485343835,0.21947542485343835,86,400
O,400X111,0.1310062319064314,0.1310062319064314,86,400
O,400X112,0.16648780997840681,0.16648780997840681,86,400
O,400X114,0.07490012880045863,0.07490012880045863,86,400
O,400X115,0.13031488307706318,0.13031488307706318,86,400
O,400X116,0.13548606739849975,0.13548606739849975,86,400
O,400X117,0.22676596494706383,0.22676596494706383,86,400
O,400X118,0.1849799690052837,0.1849799690052837,86,400
O,400X120,-0.0524103356552892,0.0524103356552892,86,400
O,400X121,-0.061571021584736256,0.061571021584736256,86,400
O,400X122,-0.05592986516994019,0.05592986516994019,86,400
O,400X123,-0.07587508870531806,0.07587508870531806,86,400
O,400X124,-0.0812158057691641,0.0812158057691641,86,400
O,400X132,-0.039308982759932436,0.039308982759932436,86,400
O,400X133,0.07828234773819154,0.07828234773819154,86,400
O,400X134,0.19393466092507072,0.19393466092507072,86,400
O,400X135,-0.09389464461573822,0.09389464461573822,86,400
O,400X136,-0.06730639925702678,0.06730639925702678,86,400
O,400X138,-0.06576216203708679,0.06576216203708679,86,400
O,400X139,-0.06576216203708685,0.06576216203708685,86,400
O,400X140,-0.05958607881202707,0.05958607881202707,86,400
O,400X141,-0.021255201653647953,0.021255201653647953,86,400
O,400X142,-0.0670314922949637,0.0670314922949637,86,400
O,400X144,0.18836482881149397,0.18836482881149397,86,400
O,400X145,0.08318114599840168,0.08318114599840168,86,400
O,400X146,0.1127060808105145,0.1127060808105145,86,400
O,400X147,0.2054723053165413,0.2054723053165413,86,400
O,400X148,0.10535049663321164,0.10535049663321164,86,400
O,400X150,0.1288069934912281,0.1288069934912281,86,400
O,400X151,-0.009893973187635354,0.009893973187635354,86,400
O,400X153,0.0868747904696401,0.0868747904696401,86,400
O,400X154,0.4153762955556958,0.4153762955556958,86,400
O,400X156,0.15037667678555577,0.15037667678555577,86,400
O,400X157,0.13955757032719227,0.13955757032719227,86,400
O,400X158,0.07925557734872984,0.07925557734872984,86,400
O,400X159,-0.0037717987035955666,0.0037717987035955666,86,400
O,400X160,0.1943576040060552,0.1943576040060552,86,400
O,400X167,0.008223589522384408,0.008223589522384408,86,400
O,400X168,-0.07736349076527436,0.07736349076527436,86,400
O,400X169,-0.08122575815550233,0.08122575815550233,86,400
O,400X170,0.01304001157071775,0.01304001157071775,86,400
O,400X187,0.00818379321905327,0.00818379321905327,86,400
O,400X188,-0.22001149645624526,0.22001149645624526,86,400
O,400X189,-0.2200114964562535,0.2200114964562535,86,400
O,400X192,-0.018002477549692877,0.018002477549692877,86,400
O,400X193,-0.019162153842984746,0.019162153842984746,86,400
O,400X194,-0.03129211653069458,0.03129211653069458,86,400
O,400X195,-0.017276694793849412,0.017276694793849412,86,400
O,400X196,-0.01962322271749849,0.01962322271749849,86,400
O,400X197,0.16795818091311002,0.16795818091311002,86,400
O,400X198,0.27747542119522706,0.27747542119522706,86,400
O,400X199,0.20000080651376187,0.20000080651376187,86,400
O,400X200,-0.16280098810918292,0.16280098810918292,86,400
O,400X201,0.15779080865211137,0.15779080865211137,86,400
O,400X202,0.1998504199405901,0.1998504199405901,86,400
O,400X204,0.05408459313503086,0.05408459313503086,86,400
O,400X205,-0.06015746294050411,0.06015746294050411,86,400
O,400X208,0.016288018527227645,0.016288018527227645,86,400
O,400X209,0.0225882191396213,0.0225882191396213,86,400
O,400X210,0.02214594631752485,0.02214594631752485,86,400
O,400X211,-0.002559576149200959,0.002559576149200959,86,400
O,400X212,0.02321967586867239,0.02321967586867239,86,400
O,400X213,-0.0009315046757613745,0.0009315046757613745,86,400
O,400X214,-0.004007990153905035,0.004007990153905035,86,400
O,400X215,0.014150926984341353,0.014150926984341353,86,400
O,400X216,-0.08221920746485752,0.08221920746485752,86,400
O,400X217,-0.013730913371654354,0.013730913371654354,86,400
O,400X218,0.021740414408260505,0.021740414408260505,86,400
O,400X219,-0.07848078485589269,0.07848078485589269,86,400
O,400X227,-0.05003131851230987,0.05003131851230987,86,400
O,400X228,0.061994025452409014,0.061994025452409014,86,400
O,420X1,-0.10619646728907757,0.10619646728907757,86,420
O,420X4,0.08774816261156457,0.08774816261156457,86,420
O,420X7,-0.06706798996233268,0.06706798996233268,86,420
O,420X8,0.025113376766273444,0.025113376766273444,86,420
O,420X9,-0.06709690994543982,0.06709690994543982,86,420
O,420X12,-0.13813192166738822,0.13813192166738822,86,420
O,420X13,-0.11014873859311555,0.11014873859311555,86,420
O,420X14,-0.1390448863513442,0.1390448863513442,86,420
O,420X15,-0.10579425881836615,0.10579425881836615,86,420
O,420X16,-0.11695763099807022,0.11695763099807022,86,420
O,420X19,-0.024058930958470212,0.024058930958470212,86,420
O,420X20,-0.25198826752389647,0.25198826752389647,86,420
O,420X21,0.0536897070256718,0.0536897070256718,86,420
O,420X22,-0.2566368176401576,0.2566368176401576,86,420
O,420X23,-0.034400786005160784,0.034400786005160784,86,420
O,420X25,-0.06712327669538652,0.06712327669538652,86,420
O,420X27,-0.06709594613308392,0.06709594613308392,86,420
O,420X28,-0.04604943098763767,0.04604943098763767,86,420
O,420X30,0.1339510539583855,0.1339510539583855,86,420
O,420X31,-0.07581742241123066,0.07581742241123066,86,420
O,420X32,0.023285368306496232,0.023285368306496232,86,420
O,420X33,0.05618306525407287,0.05618306525407287,86,420
O,420X34,-0.14491903036367898,0.14491903036367898,86,420
O,420X35,-0.1713808173492441,0.1713808173492441,86,420
O,420X36,-0.15091142553416592,0.15091142553416592,86,420
O,420X37,-0.1935444379890556,0.1935444379890556,86,420
O,420X38,-0.14772052890306628,0.14772052890306628,86,420
O,420X40,0.2888268741606763,0.2888268741606763,86,420
O,420X48,0.025095319845167618,0.025095319845167618,86,420
O,420X50,0.025087191661798826,0.025087191661798826,86,420
O,420X66,0.10027557802627883,0.10027557802627883,86,420
O,420X67,0.1015199023709638,0.1015199023709638,86,420
O,420X68,0.09918161753467704,0.09918161753467704,86,420
O,420X69,0.10017891082874228,0.10017891082874228,86,420
O,420X70,0.10221006186554778,0.10221006186554778,86,420
O,420X71,0.10069556598342594,0.10069556598342594,86,420
O,420X72,-0.1367905713230304,0.1367905713230304,86,420
O,420X73,-0.23105333958821267,0.23105333958821267,86,420
O,420X74,-0.1331437955514954,0.1331437955514954,86,420
O,420X75,-0.1586285618303311,0.1586285618303311,86,420
O,420X76,-0.19332208679678994,0.19332208679678994,86,420
O,420X77,-0.12540436272048608,0.12540436272048608,86,420
O,420X78,-0.24743018791442697,0.24743018791442697,86,420
O,420X79,-0.18572729790550574,0.18572729790550574,86,420
O,420X80,-0.16066538018134702,0.16066538018134702,86,420
O,420X81,-0.1931551725561151,0.1931551725561151,86,420
O,420X85,0.058285072030678835,0.058285072030678835,86,420
O,420X86,0.058787686485382414,0.058787686485382414,86,420
O,420X87,0.06000727580989541,0.06000727580989541,86,420
O,420X88,0.05886714665711757,0.05886714665711757,86,420
O,420X89,0.058295177780829176,0.058295177780829176,86,420
O,420X90,0.05990940535220856,0.05990940535220856,86,420
O,420X91,-0.003229219652792499,0.003229219652792499,86,420
O,420X92,-0.09570682169299487,0.09570682169299487,86,420
O,420X93,-0.12380193293686197,0.12380193293686197,86,420
O,420X94,-0.04716216857114873,0.04716216857114873,86,420
O,420X95,-0.0354560625219224,0.0354560625219224,86,420
O,420X96,-0.11249560070530433,0.11249560070530433,86,420
O,420X97,-0.12028514378120359,0.12028514378120359,86,420
O,420X98,-0.08844360465060089,0.08844360465060089,86,420
O,420X99,-0.11229382672061101,0.11229382672061101,86,420
O,420X100,-0.10658518712816702,0.10658518712816702,86,420
O,420X103,-0.047814807157708944,0.047814807157708944,86,420
O,420X108,-0.08621144015258388,0.08621144015258388,86,420
O,420X110,-0.006446769811003817,0.006446769811003817,86,420
O,420X112,0.08654698130669801,0.08654698130669801,86,420
O,420X114,0.12066185735712702,0.12066185735712702,86,420
O,420X115,0.07856666326402073,0.07856666326402073,86,420
O,420X116,0.08764952339046736,0.08764952339046736,86,420
O,420X117,-0.042563194476693954,0.042563194476693954,86,420
O,420X118,-0.02972469007562407,0.02972469007562407,86,420
O,420X120,-0.08321629222135303,0.08321629222135303,86,420
O,420X121,-0.05032482069395707,0.05032482069395707,86,420
O,420X122,0.1495426519525601,0.1495426519525601,86,420
O,420X123,-0.12798837918023415,0.12798837918023415,86,420
O,420X124,0.0862864221924414,0.0862864221924414,86,420
O,420X132,0.1349636867727832,0.1349636867727832,86,420
O,420X133,0.2438499239053228,0.2438499239053228,86,420
O,420X134,0.19097378926177466,0.19097378926177466,86,420
O,420X135,-0.009727694089971269,0.009727694089971269,86,420
O,420X136,0.04876197254809119,0.04876197254809119,86,420
O,420X138,0.1840380233049804,0.1840380233049804,86,420
O,420X139,0.0925968943158769,0.0925968943158769,86,420
O,420X140,0.13434821437602137,0.13434821437602137,86,420
O,420X141,0.10735544359600811,0.10735544359600811,86,420
O,420X142,0.12515382503171166,0.12515382503171166,86,420
O,420X144,0.25705779580820876,0.25705779580820876,86,420
O,420X145,-0.04726040507742802,0.04726040507742802,86,420
O,420X146,0.24384992390522567,0.24384992390522567,86,420
O,420X147,0.11589146213007484,0.11589146213007484,86,420
O,420X148,0.19380479001164969,0.19380479001164969,86,420
O,420X150,-0.0801049338563798,0.0801049338563798,86,420
O,420X151,-0.10345812942267642,0.10345812942267642,86,420
O,420X152,-0.10958891675488013,0.10958891675488013,86,420
O,420X153,-0.030000502827502357,0.030000502827502357,86,420
O,420X154,-0.0865012970785675,0.0865012970785675,86,420
O,420X156,-0.20752947911105687,0.20752947911105687,86,420
O,420X157,-0.15144812234108174,0.15144812234108174,86,420
O,420X158,-0.1819650243302685,0.1819650243302685,86,420
O,420X159,-0.1656944034862925,0.1656944034862925,86,420
O,420X160,-0.17500456396323608,0.17500456396323608,86,420
O,420X164,0.02509531984516833,0.02509531984516833,86,420
O,420X187,0.021633007974595476,0.021633007974595476,86,420
O,420X188,0.06436978959726676,0.06436978959726676,86,420
O,420X189,0.0643697895972721,0.0643697895972721,86,420
O,420X192,-0.1365393559035289,0.1365393559035289,86,420
O,420X193,-0.12882664943192493,0.12882664943192493,86,420
O,420X194,-0.09514807626663803,0.09514807626663803,86,420
O,420X195,-0.13307773086928254,0.13307773086928254,86,420
O,420X196,-0.13546381698742566,0.13546381698742566,86,420
O,420X197,0.048638102848335425,0.048638102848335425,86,420
O,420X198,0.04983302622304912,0.04983302622304912,86,420
O,420X199,0.06323383782416023,0.06323383782416023,86,420
O,420X200,-0.008662641012906534,0.008662641012906534,86,420
O,420X201,0.024831238683780236,0.024831238683780236,86,420
O,420X202,0.10736580884387811,0.10736580884387811,86,420
O,420X205,-0.07374546193128081,0.07374546193128081,86,420
O,420X208,-0.3071977651017544,0.3071977651017544,86,420
O,420X209,-0.29188364627637814,0.29188364627637814,86,420
O,420X210,-0.3056939354864184,0.3056939354864184,86,420
O,420X211,-0.1384131487660974,0.1384131487660974,86,420
O,420X212,-0.2976818735546924,0.2976818735546924,86,420
O,420X213,-0.33059878412598404,0.33059878412598404,86,420
O,420X214,-0.31233378774172393,0.31233378774172393,86,420
O,420X215,-0.2963974423357567,0.2963974423357567,86,420
O,420X216,-0.16222578934471069,0.16222578934471069,86,420
O,420X217,-0.31333273961200464,0.31333273961200464,86,420
O,420X228,-0.19165579489341958,0.19165579489341958,86,420
O,440AX2,-0.06259576281968501,0.06259576281968501,86,UNKNOWN
O,440AX4,-0.1389036299021703,0.1389036299021703,86,UNKNOWN
O,440AX5,-0.139356017405187,0.139356017405187,86,UNKNOWN
O,440AX6,-0.13907835699307075,0.13907835699307075,86,UNKNOWN
O,440AX7,-0.14043627550623108,0.14043627550623108,86,UNKNOWN
O,440AX8,-0.14056161726583422,0.14056161726583422,86,UNKNOWN
O,440AX9,-0.13927356219123627,0.13927356219123627,86,UNKNOWN
O,440AX10,-0.14251159031776772,0.14251159031776772,86,UNKNOWN
O,440AX11,-0.1417631276328613,0.1417631276328613,86,UNKNOWN
O,440AX12,-0.1444533844605461,0.1444533844605461,86,UNKNOWN
O,440AX13,-0.13996518632780844,0.13996518632780844,86,UNKNOWN
O,440AX14,-0.14001925721131783,0.14001925721131783,86,UNKNOWN
O,440AX15,-0.1394627826891703,0.1394627826891703,86,UNKNOWN
O,440AX16,-0.14069635739472794,0.14069635739472794,86,UNKNOWN
O,440AX17,-0.14152219465059335,0.14152219465059335,86,UNKNOWN
O,440AX18,-0.14013143809675005,0.14013143809675005,86,UNKNOWN
O,440AX19,-0.1396114296947248,0.1396114296947248,86,UNKNOWN
O,440AX20,-0.13962456466005962,0.13962456466005962,86,UNKNOWN
O,440AX21,-0.13935322494590904,0.13935322494590904,86,UNKNOWN
O,440AX22,-0.13912914607220575,0.13912914607220575,86,UNKNOWN
O,440AX23,-0.1403423363556903,0.1403423363556903,86,UNKNOWN
O,440AX24,-0.13785037910075346,0.13785037910075346,86,UNKNOWN
O,440AX25,-0.13953643405336325,0.13953643405336325,86,UNKNOWN
O,440AX26,-0.1396607837309398,0.1396607837309398,86,UNKNOWN
O,440AX27,-0.13949827671861934,0.13949827671861934,86,UNKNOWN
O,440AX28,-0.14093070413647932,0.14093070413647932,86,UNKNOWN
O,440AX29,-0.13942370200718962,0.13942370200718962,86,UNKNOWN
O,440AX30,-0.1425118935883572,0.1425118935883572,86,UNKNOWN
O,440AX31,-0.14127482385000042,0.14127482385000042,86,UNKNOWN
O,440AX32,-0.1428594680703408,0.1428594680703408,86,UNKNOWN
O,440AX33,-0.1420879516390895,0.1420879516390895,86,UNKNOWN
O,440AX34,-0.13850023378781706,0.13850023378781706,86,UNKNOWN
O,440AX35,-0.13882902893021185,0.13882902893021185,86,UNKNOWN
O,440AX36,-0.13891481405332928,0.13891481405332928,86,UNKNOWN
O,440AX37,-0.13891062081893238,0.13891062081893238,86,UNKNOWN
O,440AX38,-0.13922176482627177,0.13922176482627177,86,UNKNOWN
O,440AX39,-0.13859011756526113,0.13859011756526113,86,UNKNOWN
O,440AX40,-0.1404003339138567,0.1404003339138567,86,UNKNOWN
O,440AX41,-0.14019689625165477,0.14019689625165477,86,UNKNOWN
O,440AX42,-0.14156850924755673,0.14156850924755673,86,UNKNOWN
O,440AX43,-0.14203332392625265,0.14203332392625265,86,UNKNOWN
O,440AX44,-0.14144311251314134,0.14144311251314134,86,UNKNOWN
O,440AX45,-0.14411507609702354,0.14411507609702354,86,UNKNOWN
O,440AX46,-0.13925716683084133,0.13925716683084133,86,UNKNOWN
O,440AX47,-0.13885968900574586,0.13885968900574586,86,UNKNOWN
O,440AX48,-0.13962013876568305,0.13962013876568305,86,UNKNOWN
O,440AX49,-0.13902771520620502,0.13902771520620502,86,UNKNOWN
O,440AX50,-0.1400744073444531,0.1400744073444531,86,UNKNOWN
O,440AX51,-0.13809219961573133,0.13809219961573133,86,UNKNOWN
O,440AX55,-0.13720710945049708,0.13720710945049708,86,UNKNOWN
O,440AX56,-0.13820243004001292,0.13820243004001292,86,UNKNOWN
O,440AX57,-0.13770917803723642,0.13770917803723642,86,UNKNOWN
O,440AX58,-0.1385033977595454,0.1385033977595454,86,UNKNOWN
O,440AX59,-0.13876507976718977,0.13876507976718977,86,UNKNOWN
O,440AX60,-0.13997917324339595,0.13997917324339595,86,UNKNOWN
O,440AX61,-0.14550008823669208,0.14550008823669208,86,UNKNOWN
O,440AX62,-0.144718813507566,0.144718813507566,86,UNKNOWN
O,440AX63,-0.14890156331261215,0.14890156331261215,86,UNKNOWN
O,440AX64,-0.13970018485942926,0.13970018485942926,86,UNKNOWN
O,440AX65,-0.13894254993431143,0.13894254993431143,86,UNKNOWN
O,440AX66,-0.14122807644150337,0.14122807644150337,86,UNKNOWN
O,440AX67,-0.13641930586970288,0.13641930586970288,86,UNKNOWN
O,440AX68,-0.13550458805834054,0.13550458805834054,86,UNKNOWN
O,440AX69,-0.13715269740209166,0.13715269740209166,86,UNKNOWN
O,440AX70,-0.13155876929260257,0.13155876929260257,86,UNKNOWN
O,440AX71,-0.12863476057885914,0.12863476057885914,86,UNKNOWN
O,440AX72,-0.13471916604124554,0.13471916604124554,86,UNKNOWN
O,440AX73,-0.13889839840768653,0.13889839840768653,86,UNKNOWN
O,440AX74,-0.1391782613107211,0.1391782613107211,86,UNKNOWN
O,440AX75,-0.13919409843631358,0.13919409843631358,86,UNKNOWN
O,440AX76,-0.13750785689931083,0.13750785689931083,86,UNKNOWN
O,440AX77,-0.13706107383725466,0.13706107383725466,86,UNKNOWN
O,440AX78,-0.13878869272514271,0.13878869272514271,86,UNKNOWN
O,440AX79,-0.13814801640117405,0.13814801640117405,86,UNKNOWN
O,440AX80,-0.13922398985856319,0.13922398985856319,86,UNKNOWN
O,440AX81,-0.13985725563540546,0.13985725563540546,86,UNKNOWN
O,440AX82,-0.14182557806870333,0.14182557806870333,86,UNKNOWN
O,440AX83,-0.14281168152890772,0.14281168152890772,86,UNKNOWN
O,440AX84,-0.1425261118387452,0.1425261118387452,86,UNKNOWN
O,440AX85,-0.13968228740849964,0.13968228740849964,86,UNKNOWN
O,440AX86,-0.1405942817965344,0.1405942817965344,86,UNKNOWN
O,440AX87,-0.14021106378555753,0.14021106378555753,86,UNKNOWN
O,440AX88,-0.13601840176361915,0.13601840176361915,86,UNKNOWN
O,440AX89,-0.13583554373904036,0.13583554373904036,86,UNKNOWN
O,440AX90,-0.13606867246431012,0.13606867246431012,86,UNKNOWN
O,440AX91,-0.1390946470088123,0.1390946470088123,86,UNKNOWN
O,440AX92,-0.13379646631864078,0.13379646631864078,86,UNKNOWN
O,440AX93,-0.14314690341395317,0.14314690341395317,86,UNKNOWN
O,440AX94,-0.15250122632431745,0.15250122632431745,86,UNKNOWN
O,440AX95,-0.14616925339996054,0.14616925339996054,86,UNKNOWN
O,440AX96,-0.15972864863287944,0.15972864863287944,86,UNKNOWN
O,440AX97,-0.13945792999461995,0.13945792999461995,86,UNKNOWN
O,440AX98,-0.13878843630092283,0.13878843630092283,86,UNKNOWN
O,440AX99,-0.14092928744390903,0.14092928744390903,86,UNKNOWN
O,440AX100,-0.1369985691475257,0.1369985691475257,86,UNKNOWN
O,440AX101,-0.13754817274464526,0.13754817274464526,86,UNKNOWN
O,440AX102,-0.13669456922976359,0.13669456922976359,86,UNKNOWN
O,440AX106,0.05003131851226437,0.05003131851226437,86,UNKNOWN
O,440AX107,0.1639344453861459,0.1639344453861459,86,UNKNOWN
O,440AX108,0.14900519371669546,0.14900519371669546,86,UNKNOWN
O,440AX109,0.17327187744341416,0.17327187744341416,86,UNKNOWN
O,440AX110,0.15575417072760644,0.15575417072760644,86,UNKNOWN
O,440AX111,0.16005659708288505,0.16005659708288505,86,UNKNOWN
O,440AX112,0.09873189161364386,0.09873189161364386,86,UNKNOWN
O,440AX113,0.09259408884762671,0.09259408884762671,86,UNKNOWN
O,440AX114,0.13913985087676856,0.13913985087676856,86,UNKNOWN
O,440AX115,-0.030582780110449494,0.030582780110449494,86,UNKNOWN
O,440AX116,0.13970575268660237,0.13970575268660237,86,UNKNOWN
O,440AX117,0.1444068963412999,0.1444068963412999,86,UNKNOWN
O,440AX118,0.1317605337903882,0.1317605337903882,86,UNKNOWN
O,440AX119,0.16534986348751293,0.16534986348751293,86,UNKNOWN
O,440AX120,0.16068716289505655,0.16068716289505655,86,UNKNOWN
O,440AX121,0.1776046585373548,0.1776046585373548,86,UNKNOWN
O,440AX122,0.17935829684781884,0.17935829684781884,86,UNKNOWN
O,440AX123,0.17626419885994898,0.17626419885994898,86,UNKNOWN
O,440AX124,0.10719918436184761,0.10719918436184761,86,UNKNOWN
O,440AX125,0.1872701555439298,0.1872701555439298,86,UNKNOWN
O,440AX126,0.16581254275500276,0.16581254275500276,86,UNKNOWN
O,440AX127,0.16605104863566375,0.16605104863566375,86,UNKNOWN
O,440AX128,0.1618671042029217,0.1618671042029217,86,UNKNOWN
O,440AX129,0.1626385530412588,0.1626385530412588,86,UNKNOWN
O,440AX130,0.15704192033034914,0.15704192033034914,86,UNKNOWN
O,440AX131,0.03268910797616223,0.03268910797616223,86,UNKNOWN
O,440AX132,0.14069959866376774,0.14069959866376774,86,UNKNOWN
O,440AX133,-0.0241732268097245,0.0241732268097245,86,UNKNOWN
O,440AX134,-0.10785079793416112,0.10785079793416112,86,UNKNOWN
O,440AX135,0.08806216088009519,0.08806216088009519,86,UNKNOWN
O,440AX136,-0.1377060416397324,0.1377060416397324,86,UNKNOWN
O,440AX137,0.14481229837739723,0.14481229837739723,86,UNKNOWN
O,440AX138,0.13967209049027304,0.13967209049027304,86,UNKNOWN
O,440AX139,0.12082520511359468,0.12082520511359468,86,UNKNOWN
O,440AX140,0.15348651467712532,0.15348651467712532,86,UNKNOWN
O,440AX141,0.14736702625256534,0.14736702625256534,86,UNKNOWN
O,440AX142,0.15982023322628156,0.15982023322628156,86,UNKNOWN
O,440AX143,0.13651802555803244,0.13651802555803244,86,UNKNOWN
O,440AX144,0.14732667482870446,0.14732667482870446,86,UNKNOWN
O,440AX145,0.10197251963803025,0.10197251963803025,86,UNKNOWN
O,440AX146,0.0763856073598867,0.0763856073598867,86,UNKNOWN
O,440AX147,0.13904107449331846,0.13904107449331846,86,UNKNOWN
O,440AX148,-0.045680000895197,0.045680000895197,86,UNKNOWN
O,440AX149,0.14186367007705694,0.14186367007705694,86,UNKNOWN
O,440AX150,0.1456705206392346,0.1456705206392346,86,UNKNOWN
O,440AX151,0.13546398048227273,0.13546398048227273,86,UNKNOWN
O,440AX152,0.15563344537084448,0.15563344537084448,86,UNKNOWN
O,440AX153,0.1505440648237486,0.1505440648237486,86,UNKNOWN
O,440AX154,0.15983939171794836,0.15983939171794836,86,UNKNOWN
O,440AX158,0.035355339059295214,0.035355339059295214,86,UNKNOWN
O,440AX159,0.14228332863932044,0.14228332863932044,86,UNKNOWN
O,440AX160,0.14064891493642895,0.14064891493642895,86,UNKNOWN
O,440AX161,0.14414007731078018,0.14414007731078018,86,UNKNOWN
O,440AX162,0.14675763251038224,0.14675763251038224,86,UNKNOWN
O,440AX163,0.15427759701629465,0.15427759701629465,86,UNKNOWN
O,440AX164,0.14123236085230606,0.14123236085230606,86,UNKNOWN
O,440AX165,0.1333334031126417,0.1333334031126417,86,UNKNOWN
O,440AX166,0.13982221400461844,0.13982221400461844,86,UNKNOWN
O,440AX167,0.13105147465587882,0.13105147465587882,86,UNKNOWN
O,440AX168,0.13988677686303153,0.13988677686303153,86,UNKNOWN
O,440AX169,0.1405740289871438,0.1405740289871438,86,UNKNOWN
O,440AX170,0.13967745234551437,0.13967745234551437,86,UNKNOWN
O,440AX171,0.14289193234179554,0.14289193234179554,86,UNKNOWN
O,440AX172,0.1427184929321544,0.1427184929321544,86,UNKNOWN
O,440AX173,0.14383859488594508,0.14383859488594508,86,UNKNOWN
O,440AX174,0.1477108689447435,0.1477108689447435,86,UNKNOWN
O,440AX175,0.1490976296038113,0.1490976296038113,86,UNKNOWN
O,440AX176,0.14623119190184208,0.14623119190184208,86,UNKNOWN
O,440AX177,0.1433644920665145,0.1433644920665145,86,UNKNOWN
O,440AX178,0.1442942950551558,0.1442942950551558,86,UNKNOWN
O,440AX179,0.14274726543495006,0.14274726543495006,86,UNKNOWN
O,440AX180,0.14116723408377052,0.14116723408377052,86,UNKNOWN
O,440AX181,0.14158194705054863,0.14158194705054863,86,UNKNOWN
O,440AX182,0.1400514693789492,0.1400514693789492,86,UNKNOWN
O,440AX183,0.14420555008620384,0.14420555008620384,86,UNKNOWN
O,440AX184,0.1424370942734873,0.1424370942734873,86,UNKNOWN
O,440AX185,0.1473352759379986,0.1473352759379986,86,UNKNOWN
O,440AX186,0.13186008844000163,0.13186008844000163,86,UNKNOWN
O,440AX187,0.13185250908949878,0.13185250908949878,86,UNKNOWN
O,440AX188,0.13030531628203143,0.13030531628203143,86,UNKNOWN
O,440AX189,0.13992323481885072,0.13992323481885072,86,UNKNOWN
O,440AX190,0.14026261913264101,0.14026261913264101,86,UNKNOWN
O,440AX191,0.1395360484256204,0.1395360484256204,86,UNKNOWN
O,440AX192,0.1427437539186523,0.1427437539186523,86,UNKNOWN
O,440AX193,0.1418709748687439,0.1418709748687439,86,UNKNOWN
O,440AX194,0.14331878269155765,0.14331878269155765,86,UNKNOWN
O,440AX195,0.13403842814922812,0.13403842814922812,86,UNKNOWN
O,440AX196,0.14314694262837965,0.14314694262837965,86,UNKNOWN
O,440AX197,0.129716672098442,0.129716672098442,86,UNKNOWN
O,440AX198,0.13335256930982353,0.13335256930982353,86,UNKNOWN
O,440AX199,0.13872121284428762,0.13872121284428762,86,UNKNOWN
O,440AX200,0.13286527747565705,0.13286527747565705,86,UNKNOWN
O,440AX201,0.14074121551639274,0.14074121551639274,86,UNKNOWN
O,440AX202,0.14154060537754962,0.14154060537754962,86,UNKNOWN
O,440AX203,0.14036820936129432,0.14036820936129432,86,UNKNOWN
O,440AX204,0.1425815294522284,0.1425815294522284,86,UNKNOWN
O,440AX205,0.14080486867122124,0.14080486867122124,86,UNKNOWN
O,440AX206,0.1429962578514015,0.1429962578514015,86,UNKNOWN
O,440AX207,-0.1413012564104588,0.1413012564104588,86,UNKNOWN
O,440AX210,-0.03858043642201241,0.03858043642201241,86,UNKNOWN
O,440AX211,-0.044790983935478375,0.044790983935478375,86,UNKNOWN
O,440AX212,0.137925475434184,0.137925475434184,86,UNKNOWN
O,Tool (#5),0.6708008331749609,0.6708008331749609,86,UNKNOWN
O,520X1,0.6679986837880859,0.6679986837880859,86,520
O,520X3,0.2926441952612507,0.2926441952612507,86,520
O,520X6,-0.12384929787768359,0.12384929787768359,86,520
O,520X7,-0.022115122884972912,0.022115122884972912,86,520
O,520X8,-0.044095094973317595,0.044095094973317595,86,520
O,520X11,-0.673486002102421,0.673486002102421,86,520
O,520X12,-0.6615368738695784,0.6615368738695784,86,520
O,520X13,-0.6279312607971747,0.6279312607971747,86,520
O,520X16,-0.14979767430375895,0.14979767430375895,86,520
O,520X17,-0.09918832991584661,0.09918832991584661,86,520
O,520X18,-0.19262088983929634,0.19262088983929634,86,520
O,520X19,-0.6734860021024209,0.6734860021024209,86,520
O,520X21,-0.6725426454822077,0.6725426454822077,86,520
O,520X22,-0.6714311869130432,0.6714311869130432,86,520
O,520X23,-0.6482569786708107,0.6482569786708107,86,520
O,520X24,-0.673486002102421,0.673486002102421,86,520
O,520X26,-0.673486002102421,0.673486002102421,86,520
O,520X27,-0.6234259055511704,0.6234259055511704,86,520
O,520X28,-0.6191757340705644,0.6191757340705644,86,520
O,520X31,0.49460573704301364,0.49460573704301364,86,520
O,520X32,0.5566665514956114,0.5566665514956114,86,520
O,520X33,0.5018957793898182,0.5018957793898182,86,520
O,520X34,-0.673486002102421,0.673486002102421,86,520
O,520X36,-0.6743506436881241,0.6743506436881241,86,520
O,520X37,-0.6527166731281856,0.6527166731281856,86,520
O,520X38,-0.6789637096569068,0.6789637096569068,86,520
O,520X39,-0.673486002102421,0.673486002102421,86,520
O,520X41,-0.6242097390526749,0.6242097390526749,86,520
O,520X42,-0.5746484867584069,0.5746484867584069,86,520
O,520X43,-0.39857848163366455,0.39857848163366455,86,520
O,520X44,-0.673486002102421,0.673486002102421,86,520
O,520X46,0.45659652417368735,0.45659652417368735,86,520
O,520X47,0.4054489343010155,0.4054489343010155,86,520
O,520X48,0.47407809827487013,0.47407809827487013,86,520
O,520X49,0.673486002102421,0.673486002102421,86,520
O,520X51,0.4025707173884849,0.4025707173884849,86,520
O,520X52,0.3145766341382459,0.3145766341382459,86,520
O,520X53,0.22297482548365605,0.22297482548365605,86,520
O,520X56,-0.6654389223391912,0.6654389223391912,86,520
O,520X57,-0.5439532382540974,0.5439532382540974,86,520
O,520X58,-0.6822488034798139,0.6822488034798139,86,520
O,520X59,-0.673486002102421,0.673486002102421,86,520
O,520X61,0.14121325352789804,0.14121325352789804,86,520
O,520X62,0.16203243966425546,0.16203243966425546,86,520
O,520X63,0.0023135807219471466,0.0023135807219471466,86,520
O,520X64,0.673486002102421,0.673486002102421,86,520
O,520X66,-0.6658857022859269,0.6658857022859269,86,520
O,520X67,-0.5368767683663948,0.5368767683663948,86,520
O,520X68,-0.7507998271299273,0.7507998271299273,86,520
O,520X69,-0.673486002102421,0.673486002102421,86,520
O,520X71,-0.46956962431246935,0.46956962431246935,86,520
O,520X72,-0.3671695475885117,0.3671695475885117,86,520
O,520X73,-0.6526768092247407,0.6526768092247407,86,520
O,520X74,-0.673486002102421,0.673486002102421,86,520
O,520X76,0.46298416183721447,0.46298416183721447,86,520
O,520X77,0.5635752923417947,0.5635752923417947,86,520
O,520X78,0.3774787652897796,0.3774787652897796,86,520
O,520X79,0.673486002102421,0.673486002102421,86,520
O,520X81,-0.456289888779087,0.456289888779087,86,520
O,520X82,-0.3325122946861195,0.3325122946861195,86,520
O,520X83,-0.5055125104275363,0.5055125104275363,86,520
O,520X84,-0.673486002102421,0.673486002102421,86,520
O,520X86,-0.6751594847250182,0.6751594847250182,86,520
O,520X87,-0.5096774293701777,0.5096774293701777,86,520
O,520X88,-0.589886989961346,0.589886989961346,86,520
O,520X89,-0.673486002102421,0.673486002102421,86,520
O,520X91,0.05743874249604848,0.05743874249604848,86,520
O,520X92,-0.06275026608613955,0.06275026608613955,86,520
O,520X93,0.15794884310981708,0.15794884310981708,86,520
O,520X94,-0.673486002102421,0.673486002102421,86,520
O,520X96,-0.6929711452127951,0.6929711452127951,86,520
O,520X97,-0.6758643878222165,0.6758643878222165,86,520
O,520X98,-0.6770673961615412,0.6770673961615412,86,520
O,520X99,-0.673486002102421,0.673486002102421,86,520
O,520X101,-0.6669293571641876,0.6669293571641876,86,520
O,520X102,-0.6280125201106098,0.6280125201106098,86,520
O,520X103,-0.6583254548594635,0.6583254548594635,86,520
O,520X104,-0.673486002102421,0.673486002102421,86,520
O,520X106,-0.6421241479721518,0.6421241479721518,86,520
O,520X107,-0.6564634930995802,0.6564634930995802,86,520
O,520X108,-0.6587077477738145,0.6587077477738145,86,520
O,520X109,-0.673486002102421,0.673486002102421,86,520
O,520X111,-0.6736643633793324,0.6736643633793324,86,520
O,520X112,-0.5582200968553669,0.5582200968553669,86,520
O,520X113,-0.7328336044879417,0.7328336044879417,86,520
O,520X114,-0.673486002102421,0.673486002102421,86,520
O,520X117,0.673486002102421,0.673486002102421,86,520
O,520X118,0.38248852495979035,0.38248852495979035,86,520
O,520X119,0.48949798054640986,0.48949798054640986,86,520
O,520X123,0.6273622934664542,0.6273622934664542,86,520
O,520X124,0.4284855477622122,0.4284855477622122,86,520
O,520X128,-0.673486002102421,0.673486002102421,86,520
O,520X129,-0.6315846616139988,0.6315846616139988,86,520
O,520X130,-0.6876114483483989,0.6876114483483989,86,520
O,520X134,-0.6540191880291886,0.6540191880291886,86,520
O,520X135,-0.6918535516564776,0.6918535516564776,86,520
O,520X137,0.05156979498011905,0.05156979498011905,86,520
O,520X140,0.7153266192625174,0.7153266192625174,86,520
O,520X143,0.6162283216976108,0.6162283216976108,86,520
O,520X144,0.6642512987188671,0.6642512987188671,86,520
O,520X148,0.5230674647376947,0.5230674647376947,86,520
O,520X152,0.5219909959312763,0.5219909959312763,86,520
O,520X158,0.4197011832880829,0.4197011832880829,86,520
O,520X159,0.4201010650722049,0.4201010650722049,86,520
O,520X160,0.40346811677861744,0.40346811677861744,86,520
O,520X161,0.4222225241072218,0.4222225241072218,86,520
O,520X162,0.4180514763928132,0.4180514763928132,86,520
O,520X165,-0.24691231773857536,0.24691231773857536,86,520
O,520X166,-0.17407280281320162,0.17407280281320162,86,520
O,520X167,-0.23336611427425527,0.23336611427425527,86,520
O,520X168,-0.13669720975829253,0.13669720975829253,86,520
O,520X169,-0.22347097695671206,0.22347097695671206,86,520
O,520X171,0.5218973287682862,0.5218973287682862,86,520
O,520X173,0.5231833435456907,0.5231833435456907,86,520
O,520X174,-0.28217130866478696,0.28217130866478696,86,520
O,520X176,-0.03948167344827288,0.03948167344827288,86,520
O,520X177,-0.1339824478628758,0.1339824478628758,86,520
O,520X178,0.507602463167776,0.507602463167776,86,520
O,520X179,-0.2843150522902132,0.2843150522902132,86,520
O,520X180,-0.3765915587890278,0.3765915587890278,86,520
O,520X181,-0.40075002595477177,0.40075002595477177,86,520
O,520X182,-0.3388472119287803,0.3388472119287803,86,520
O,520X183,-0.4498627317635843,0.4498627317635843,86,520
O,520X184,-0.38821094539439843,0.38821094539439843,86,520
O,520X186,-0.3262675918015119,0.3262675918015119,86,520
O,520X230,0.014411567302038986,0.014411567302038986,86,520
O,520X231,0.018432036103261395,0.018432036103261395,86,520
O,520X232,0.01272724724543587,0.01272724724543587,86,520
O,520X233,0.019077497951451795,0.019077497951451795,86,520
O,520X234,0.013192846285733655,0.013192846285733655,86,520
O,520X235,0.018599095175274246,0.018599095175274246,86,520
O,520X236,0.16471673410843646,0.16471673410843646,86,520
O,520X237,0.38996805123468636,0.38996805123468636,86,520
O,520X238,0.37463793565554754,0.37463793565554754,86,520
O,520X239,0.2842691521773688,0.2842691521773688,86,520
O,520X240,0.20891461164992056,0.20891461164992056,86,520
O,520X241,0.19181153081184207,0.19181153081184207,86,520
O,520X242,0.39869700441218936,0.39869700441218936,86,520
O,520X243,0.38297312873978795,0.38297312873978795,86,520
O,520X244,0.3223774391093369,0.3223774391093369,86,520
O,520X245,0.2156479332492634,0.2156479332492634,86,520
O,520X246,0.6642510729307913,0.6642510729307913,86,520
O,520X248,0.5230676739133765,0.5230676739133765,86,520
O,520X250,0.5230815657350705,0.5230815657350705,86,520
O,520X252,-0.1214955133854452,0.1214955133854452,86,520
O,520X253,-0.11256438151413847,0.11256438151413847,86,520
O,520X254,-0.11899002711772694,0.11899002711772694,86,520
O,520X255,-0.12552144941762014,0.12552144941762014,86,520
O,520X256,-0.12220786771936291,0.12220786771936291,86,520
O,520X257,-0.1343284442426326,0.1343284442426326,86,520
O,520X258,0.1525409002723739,0.1525409002723739,86,520
O,520X259,0.11682462023182039,0.11682462023182039,86,520
O,520X260,0.15801228095542771,0.15801228095542771,86,520
O,520X261,0.17969325488009433,0.17969325488009433,86,520
O,520X262,0.16295114323620602,0.16295114323620602,86,520
O,520X263,0.24222852445533916,0.24222852445533916,86,520
O,520X264,0.2451772990057869,0.2451772990057869,86,520
O,520X265,0.32262357180917234,0.32262357180917234,86,520
O,520X266,0.2372506712357966,0.2372506712357966,86,520
O,520X267,0.24747555323145273,0.24747555323145273,86,520
O,520X281,0.48494344535460576,0.48494344535460576,86,520
O,520X282,0.5328049352080381,0.5328049352080381,86,520
O,520X283,0.31179818019887756,0.31179818019887756,86,520
O,520X284,0.530004783082194,0.530004783082194,86,520
O,520X285,0.4849434453546058,0.4849434453546058,86,520
O,520X287,0.23747544913424104,0.23747544913424104,86,520
O,520X288,0.37109207727104276,0.37109207727104276,86,520
O,520X289,0.3582018361389532,0.3582018361389532,86,520
O,520X290,0.40465335533553415,0.40465335533553415,86,520
O,520X291,0.2336748869673485,0.2336748869673485,86,520
O,520X293,0.5091897768829977,0.5091897768829977,86,520
O,520X294,0.48309495147850506,0.48309495147850506,86,520
O,520X295,0.520147239302041,0.520147239302041,86,520
O,520X296,0.5594198384417729,0.5594198384417729,86,520
O,520X297,0.5078983885555902,0.5078983885555902,86,520
O,520X305,0.0772028145305814,0.0772028145305814,86,520
O,520X306,0.09604821552646195,0.09604821552646195,86,520
O,520X307,0.1839116982312575,0.1839116982312575,86,520
O,520X308,0.08130072457800931,0.08130072457800931,86,520
O,520X309,0.1456581551313752,0.1456581551313752,86,520
O,520X311,0.06443775652520423,0.06443775652520423,86,520
O,520X312,0.09646388683709467,0.09646388683709467,86,520
O,520X313,0.44141704905871765,0.44141704905871765,86,520
O,520X314,-0.08431199160763686,0.08431199160763686,86,520
O,520X315,0.16185269094516863,0.16185269094516863,86,520
O,520X317,0.3999470361123365,0.3999470361123365,86,520
O,520X318,0.4440010689317825,0.4440010689317825,86,520
O,520X319,0.4460297129809931,0.4460297129809931,86,520
O,520X320,0.27520174641450584,0.27520174641450584,86,520
O,520X321,0.4378119871260923,0.4378119871260923,86,520
O,520X323,-0.47257702495319304,0.47257702495319304,86,520
O,520X324,-0.4362109977043683,0.4362109977043683,86,520
O,520X325,-0.46016299304935127,0.46016299304935127,86,520
O,520X326,-0.5942537478856398,0.5942537478856398,86,520
O,520X327,-0.4443705509169806,0.4443705509169806,86,520
O,520X329,-0.4897009000190232,0.4897009000190232,86,520
O,520X330,-0.4992369998542092,0.4992369998542092,86,520
O,520X331,-0.46518083952041894,0.46518083952041894,86,520
O,520X332,-0.48721305666629044,0.48721305666629044,86,520
O,520X333,-0.4688451558749177,0.4688451558749177,86,520
O,520X345,0.6676606222845068,0.6676606222845068,86,520
O,520X346,0.5230814498502017,0.5230814498502017,86,520
O,520X348,0.5230970120955466,0.5230970120955466,86,520
O,520X351,0.6605672453456757,0.6605672453456757,86,520
O,520X353,0.6642515244920275,0.6642515244920275,86,520
O,520X375,-0.29353153591115805,0.29353153591115805,86,520
O,520X376,0.11189906057817206,0.11189906057817206,86,520
O,520X377,-0.12880699349121805,0.12880699349121805,86,520
O,Chamber,-0.023129765633039742,0.023129765633039742,86,UNKNOWN
O,520X380,-0.2672509260019485,0.2672509260019485,86,520
O,520X381,-0.26725092600194844,0.26725092600194844,86,520
O,520X387,0.032224706980319505,0.032224706980319505,86,520
O,520X388,0.056586569057960015,0.056586569057960015,86,520
O,520X389,0.1154689533546251,0.1154689533546251,86,520
O,520X390,0.028496939131314774,0.028496939131314774,86,520
O,520X391,0.03200811581623563,0.03200811581623563,86,520
O,520X392,-0.04595899093014581,0.04595899093014581,86,520
O,520X393,-0.03848379298414591,0.03848379298414591,86,520
O,520X394,-0.08919657015699264,0.08919657015699264,86,520
O,520X395,-0.005554021610846211,0.005554021610846211,86,520
O,520X396,-0.05440897469022223,0.05440897469022223,86,520
O,520X397,-0.005288889791792482,0.005288889791792482,86,520
O,520X399,-0.09429876189065352,0.09429876189065352,86,520
O,520X400,-0.47340380899843437,0.47340380899843437,86,520
O,520X403,0.048119547909072524,0.048119547909072524,86,520
O,520X404,0.0422298463923048,0.0422298463923048,86,520
O,520X405,0.05091259960463385,0.05091259960463385,86,520
O,520X406,0.04422973963943996,0.04422973963943996,86,520
O,520X407,0.04882672275531268,0.04882672275531268,86,520
O,520X408,0.048226032866085324,0.048226032866085324,86,520
O,520X409,0.038967718854227465,0.038967718854227465,86,520
O,520X410,0.06136576065163447,0.06136576065163447,86,520
O,520X411,-0.018895847750471272,0.018895847750471272,86,520
O,520X412,0.048956159831953144,0.048956159831953144,86,520
O,520X432,0.515677774340115,0.515677774340115,86,520
O,750X1,0.066117235477022,0.066117235477022,86,750
O,750X3,0.1047766534167371,0.1047766534167371,86,750
O,750X14,0.14276782922366738,0.14276782922366738,86,750
O,750X23,-0.03961511781283008,0.03961511781283008,86,750
O,750X25,0.00046368449259536306,0.00046368449259536306,86,750
O,750X34,0.14293968759416192,0.14293968759416192,86,750
O,750X45,-0.13112857701609062,0.13112857701609062,86,750
O,750X47,0.28095101858943444,0.28095101858943444,86,750
O,750X58,0.10411899202371662,0.10411899202371662,86,750
O,750X69,-0.4268144225716545,0.4268144225716545,86,750
O,750X80,0.22572508117205262,0.22572508117205262,86,750
O,750X91,-0.033400872230059546,0.033400872230059546,86,750
O,750X100,0.09847172716242572,0.09847172716242572,86,750
O,750X109,-0.06180514292144845,0.06180514292144845,86,750
O,750X111,0.6136785555926995,0.6136785555926995,86,750
O,750X115,0.14187812987783702,0.14187812987783702,86,750
O,750X117,-0.0505687306819002,0.0505687306819002,86,750
O,750X125,0.04515177524255598,0.04515177524255598,86,750
O,750X131,0.04042443352094467,0.04042443352094467,86,750
O,750X133,0.08069894715342882,0.08069894715342882,86,750
O,750X141,0.0829998520226177,0.0829998520226177,86,750
O,750X149,0.12152308365093213,0.12152308365093213,86,750
O,750X155,-0.08108986520582732,0.08108986520582732,86,750
O,750X157,0.1538175324669729,0.1538175324669729,86,750
O,750X165,0.08841412652675368,0.08841412652675368,86,750
O,750X176,0.20587786621070547,0.20587786621070547,86,750
O,750X185,0.38501289488326434,0.38501289488326434,86,750
O,750X187,0.22015844497737602,0.22015844497737602,86,750
O,750X198,0.16085676651761324,0.16085676651761324,86,750
O,750X211,0.6580173573923245,0.6580173573923245,86,750
O,750X219,0.10192523061362421,0.10192523061362421,86,750
O,750X228,-0.11744142328138851,0.11744142328138851,86,750
O,750X230,0.022278829073388996,0.022278829073388996,86,750
O,750X241,0.06127887078078487,0.06127887078078487,86,750
O,750X252,0.07338471967473961,0.07338471967473961,86,750
O,750X261,0.0661147877294625,0.0661147877294625,86,750
O,750X263,0.07939592813848348,0.07939592813848348,86,750
O,750X274,0.06871857681489192,0.06871857681489192,86,750
O,750X285,0.008469275497726062,0.008469275497726062,86,750
O,750X294,-0.06269178343072504,0.06269178343072504,86,750
O,750X296,0.005180665738444472,0.005180665738444472,86,750
O,750X307,0.05858949441409177,0.05858949441409177,86,750
O,750X318,0.0968797720058084,0.0968797720058084,86,750
O,750X327,-0.17869427507983027,0.17869427507983027,86,750
O,750X329,0.5105952083321094,0.5105952083321094,86,750
O,750X335,-0.3409715089037068,0.3409715089037068,86,750
O,750X337,0.16795054524473288,0.16795054524473288,86,750
O,750X348,0.19055122532073698,0.19055122532073698,86,750
O,750X359,0.21053993828102727,0.21053993828102727,86,750
O,750X368,-0.3898445200746923,0.3898445200746923,86,750
O,750X370,0.19428842112910816,0.19428842112910816,86,750
O,750X381,0.22781530341537962,0.22781530341537962,86,750
O,750X392,0.2484429383575188,0.2484429383575188,86,750
O,750X401,-0.38262180484369007,0.38262180484369007,86,750
O,750X403,0.2383359456102383,0.2383359456102383,86,750
O,750X414,0.18755301457128776,0.18755301457128776,86,750
O,750X425,0.15099288891952897,0.15099288891952897,86,750
O,750X434,-0.478590153372706,0.478590153372706,86,750
O,750X436,0.0737166881625407,0.0737166881625407,86,750
O,750X447,0.2577347032834712,0.2577347032834712,86,750
O,750X455,0.03847328249597554,0.03847328249597554,86,750
O,750X466,0.0195435296440462,0.0195435296440462,86,750
O,750X475,-0.24109812707336042,0.24109812707336042,86,750
O,750X477,0.06891274629429836,0.06891274629429836,86,750
O,750X488,0.11508785336062889,0.11508785336062889,86,750
O,750X499,0.07361832562797382,0.07361832562797382,86,750
O,750X508,-0.18060778535062424,0.18060778535062424,86,750
O,750X510,0.023914519542170484,0.023914519542170484,86,750
O,750X521,-0.10582586472111769,0.10582586472111769,86,750
O,750X532,-0.09049526809286171,0.09049526809286171,86,750
O,750X541,-0.12691054952937778,0.12691054952937778,86,750
O,750X543,-0.040311067696745126,0.040311067696745126,86,750
O,750X554,0.11005334175877177,0.11005334175877177,86,750
O,750X565,-0.07380599931362049,0.07380599931362049,86,750
O,750X573,0.2073836947522199,0.2073836947522199,86,750
O,750X582,-0.038880046146830397,0.038880046146830397,86,750
O,750X584,0.20887818845757564,0.20887818845757564,86,750
O,750X595,0.22713348382553875,0.22713348382553875,86,750
O,750X605,0.17679377001891847,0.17679377001891847,86,750
O,750X611,0.1355143607254296,0.1355143607254296,86,750
O,750X613,0.1556410924864147,0.1556410924864147,86,750
O,750X621,0.27062252122912606,0.27062252122912606,86,750
O,750X629,0.503070066273514,0.503070066273514,86,750
O,750X635,0.12641728941920033,0.12641728941920033,86,750
O,750X637,0.5120881754311655,0.5120881754311655,86,750
O,750X645,0.45561013656025984,0.45561013656025984,86,750
O,750X653,0.39176004107824175,0.39176004107824175,86,750
O,750X659,0.20326284866278363,0.20326284866278363,86,750
O,750X661,-0.27200703517021835,0.27200703517021835,86,750
O,750X669,-0.2769463000013442,0.2769463000013442,86,750
O,750X677,-0.2303824928719149,0.2303824928719149,86,750
O,750X685,-0.1754392962314743,0.1754392962314743,86,750
O,750X696,-0.23218629596131982,0.23218629596131982,86,750
O,750X702,-0.1905538256977925,0.1905538256977925,86,750
O,750X704,-0.1907911107770975,0.1907911107770975,86,750
O,750X710,0.23610084665446668,0.23610084665446668,86,750
O,750X741,-0.06614140694676465,0.06614140694676465,86,750
O,750X743,-0.06711493070852782,0.06711493070852782,86,750
O,750X763,-0.046637001628020945,0.046637001628020945,86,750
O,750X765,-0.22773978993622185,0.22773978993622185,86,750
O,750X776,-0.08086398576414575,0.08086398576414575,86,750
O,750X785,0.2936623853811302,0.2936623853811302,86,750
O,750X853,-0.06904970749271137,0.06904970749271137,86,750
O,750X885,0.07840618695650954,0.07840618695650954,86,750
O,750X896,-0.21557164650724386,0.21557164650724386,86,750
O,750X971,0.2890035102303981,0.2890035102303981,86,750
O,750X984,-0.19599561093675963,0.19599561093675963,86,750
O,750X987,0.24980022018522458,0.24980022018522458,86,750
O,750X995,0.039734742831893814,0.039734742831893814,86,750
O,750X1006,0.3550379182162745,0.3550379182162745,86,750
O,750X1017,0.1829010830222486,0.1829010830222486,86,750
O,750X1028,0.1884103396665754,0.1884103396665754,86,750
O,750X1039,0.023684704777485185,0.023684704777485185,86,750
O,750X1050,0.17015831096258172,0.17015831096258172,86,750
O,750X1061,-0.11448655224545155,0.11448655224545155,86,750
O,750X1072,0.21220724533372312,0.21220724533372312,86,750
O,750X1083,-0.11062819430898026,0.11062819430898026,86,750
O,750X1094,0.11670949367213178,0.11670949367213178,86,750
O,750X1105,-0.2528882493149741,0.2528882493149741,86,750
O,750X1116,0.017424727368515774,0.017424727368515774,86,750
O,750X1127,0.31376489802714896,0.31376489802714896,86,750
O,750X1138,0.19535972687735517,0.19535972687735517,86,750
O,750X1146,0.4944903278621436,0.4944903278621436,86,750
O,750X1152,0.1418812732865418,0.1418812732865418,86,750
O,750X1164,-0.1342416453726743,0.1342416453726743,86,750
O,750X1190,0.20869502843988544,0.20869502843988544,86,750
O,750X1201,0.2560170474067359,0.2560170474067359,86,750
O,750X1212,-0.10575598762227584,0.10575598762227584,86,750
O,750X1245,0.1328323832023101,0.1328323832023101,86,750
O,750X1267,-0.1504919785583807,0.1504919785583807,86,750
O,750X1278,0.02476633374862,0.02476633374862,86,750
O,750X1288,0.3455931165648613,0.3455931165648613,86,750
O,750X1291,0.2356260526443641,0.2356260526443641,86,750
O,750X1297,0.105996520244536,0.105996520244536,86,750
O,750X1305,0.30989691679419307,0.30989691679419307,86,750
O,750X1313,0.4389070670376227,0.4389070670376227,86,750
O,750X1321,0.4178019809733163,0.4178019809733163,86,750
O,750X1329,0.4350955150448057,0.4350955150448057,86,750
O,750X1337,0.43599234769822587,0.43599234769822587,86,750
O,750X1356,0.38220754521813904,0.38220754521813904,86,750
O,750X1364,-0.39866405559559864,0.39866405559559864,86,750
O,750X1383,0.038664508875534714,0.038664508875534714,86,750
O,750X1391,-0.06945630517443747,0.06945630517443747,86,750
