row_index,ID,Tool,missing_rate,zero_rate,y_true,global_pred,residual_pred,pred_alpha_0_0,pred_alpha_0_1,pred_alpha_0_2,pred_alpha_0_3,pred_alpha_0_5,pred_alpha_0_75,pred_alpha_1_0
0,NH0995,O,0.0003714710252600297,0.044947994056463596,2.814025348484583,2.683258295059204,0.027398381382226944,2.683258295059204,2.685998133197427,2.6887379713356494,2.6914778094738723,2.6969574857503176,2.7038070810958743,2.710656676441431
1,NH0996,O,0.0,0.03714710252600297,2.78295470454625,2.793426036834717,-0.006376974284648895,2.793426036834717,2.792788339406252,2.792150641977787,2.7915129445493223,2.7902375496923923,2.78864330612123,2.787049062550068
2,NH0997,O,0.0018573551263001485,0.04569093610698365,2.7259733598475004,2.7108349800109863,-0.04455917328596115,2.7108349800109863,2.70637906268239,2.701923145353794,2.697467228025198,2.6885553933680058,2.6774156000465155,2.666275806725025
3,NH0998,O,0.0014858841010401188,0.03714710252600297,2.7947683712120837,2.8111743927001953,0.02550549805164337,2.8111743927001953,2.8137249425053596,2.816275492310524,2.8188260421156883,2.823927141726017,2.830303516238928,2.8366798907518387
4,NH0999,N,0.0018573551263001485,0.036404160475482915,2.787539200757083,2.7900283336639404,-0.02264847606420517,2.7900283336639404,2.78776348605752,2.7854986384510996,2.7832337908446787,2.778704095631838,2.7730419766157866,2.7673798575997353
5,NH1000,L,0.0007429420505200594,0.05163447251114413,2.5691751628791666,2.651646852493286,-0.017100291326642036,2.651646852493286,2.6499368233606218,2.648226794227958,2.6465167650952934,2.643096706829965,2.6388216339983046,2.634546561166644
6,NH1001,N,0.029346210995542348,0.03677563150074294,2.9658237234845823,2.9514784812927246,0.04561348259449005,2.9514784812927246,2.9560398295521737,2.960601177811623,2.9651625260710714,2.9742852225899696,2.985688593238592,2.9970919638872147
7,NH1001,O,0.029346210995542348,0.03714710252600297,2.9658237234845823,3.0396623611450195,0.08262443542480469,3.0396623611450195,3.0479248046875,3.0561872482299806,3.064449691772461,3.080974578857422,3.101630687713623,3.122286796569824
8,NH1002,L,0.029717682020802376,0.04271916790490342,2.7739209507579163,2.758507490158081,-0.010839737020432949,2.758507490158081,2.7574235164560377,2.7563395427539943,2.7552555690519513,2.7530876216478646,2.7503776873927563,2.747667753137648
9,NH1002,O,0.029717682020802376,0.041976225854383355,2.7739209507579163,2.7843008041381836,0.018715588375926018,2.7843008041381836,2.786172362975776,2.788043921813369,2.7899154806509614,2.7936585983261466,2.798337495420128,2.8030163925141096
10,NH1003,N,0.03194650817236255,0.03863298662704309,3.1972194621212506,3.159853458404541,0.046377915889024734,3.159853458404541,3.1644912499934437,3.169129041582346,3.1737668331712485,3.1830424163490534,3.1946368953213096,3.2062313742935658
11,NH1003,O,0.03194650817236255,0.03863298662704309,3.1972194621212506,3.1830921173095703,0.03443760797381401,3.1830921173095703,3.1865358781069517,3.189979638904333,3.1934233997017145,3.2003109212964773,3.208920323289931,3.2175297252833843
12,NH1004,N,0.030089153046062408,0.0412332838038633,3.112323340909583,3.0750129222869873,0.041253380477428436,3.0750129222869873,3.07913826033473,3.083263598382473,3.087388936430216,3.0956396125257015,3.1059529576450586,3.1162663027644157
13,NH1004,O,0.030089153046062408,0.041604754829123326,3.112323340909583,3.1374611854553223,0.014613999985158443,3.1374611854553223,3.1389225854538383,3.140383985452354,3.14184538545087,3.1447681854479015,3.148421685444191,3.1520751854404807
14,NH1005,L,0.0274888558692422,0.03863298662704309,2.756221803030417,2.7028207778930664,-0.05826361104846001,2.7028207778930664,2.6969944167882205,2.6911680556833746,2.6853416945785282,2.6736889723688364,2.6591230696067214,2.6445571668446064
15,NH1006,M,0.02674591381872214,0.04049034175334324,3.122650814393333,3.1795835494995117,0.09797526150941849,3.1795835494995117,3.1893810756504535,3.1991786018013952,3.2089761279523374,3.228571180254221,3.2530649956315756,3.27755881100893
16,NH1007,L,0.02711738484398217,0.03714710252600297,2.9521636515150003,2.9562056064605713,-0.006279555149376392,2.9562056064605713,2.9555776509456337,2.954949695430696,2.954321739915758,2.953065828885883,2.951495940098539,2.949926051311195
17,NH1008,M,0.02711738484398217,0.041976225854383355,3.0680799873733338,2.9609405994415283,0.034621745347976685,2.9609405994415283,2.964402773976326,2.9678649485111235,2.9713271230459215,2.9782514721155167,2.986906908452511,2.995562344789505
18,NH1009,L,0.02786032689450223,0.03603268945022288,2.652616911615555,2.7466483116149902,-0.0746157318353653,2.7466483116149902,2.739186738431454,2.731725165247917,2.7242635920643807,2.7093404456973076,2.6906865127384663,2.672032579779625
19,NH1010,M,0.02711738484398217,0.041604754829123326,2.954648253787917,2.9723217487335205,0.07366608083248138,2.9723217487335205,2.9796883568167685,2.987054964900017,2.994421572983265,3.009154789149761,3.0275713093578815,3.045987829566002
20,NH1011,L,0.02711738484398217,0.03417533432392273,2.739788863636666,2.7459399700164795,-0.006454387679696083,2.7459399700164795,2.74529453124851,2.7446490924805405,2.7440036537125705,2.7427127761766315,2.7410991792567074,2.7394855823367834
21,NH1012,M,0.02823179791976226,0.043462109955423475,2.908289215909583,2.8714382648468018,0.014438417740166187,2.8714382648468018,2.8728821066208186,2.874325948394835,2.8757697901688517,2.878657473716885,2.8822670781519264,2.885876682586968
22,NH1013,M,0.0274888558692422,0.0412332838038633,2.911308340909167,2.919799327850342,0.06057967618107796,2.919799327850342,2.9258572954684494,2.9319152630865575,2.937973230704665,2.9500891659408808,2.9652340849861503,2.9803790040314198
23,NH1014,O,0.0007429420505200594,0.04606240713224369,2.777979219696667,2.7531208992004395,0.045117855072021484,2.7531208992004395,2.757632684707642,2.7621444702148437,2.766656255722046,2.77567982673645,2.7869592905044556,2.798238754272461
24,NH1015,O,0.0007429420505200594,0.04086181277860327,2.5617208522729173,2.710561513900757,0.0007972238818183541,2.710561513900757,2.7106412362889385,2.7107209586771206,2.7108006810653023,2.710960125841666,2.7111594318121206,2.711358737782575
25,NH1016,O,0.0007429420505200594,0.04457652303120357,2.7517345643929176,2.6721889972686768,-0.010905959643423557,2.6721889972686768,2.6710984013043344,2.670007805339992,2.6689172093756497,2.666736017446965,2.664009527536109,2.661283037625253
26,NH1017,O,0.0003714710252600297,0.04234769687964339,3.0183430984837494,2.9844741821289062,0.008905970491468906,2.9844741821289062,2.9853647791780533,2.9862553762272,2.987145973276347,2.9889271673746407,2.991153659997508,2.993380152620375
27,NH1018,O,0.001114413075780089,0.045319465081723624,2.6919653901504166,2.6983041763305664,-0.02465842291712761,2.6983041763305664,2.6958383340388536,2.693372491747141,2.690906649455428,2.6859749648720026,2.6798103591427207,2.673645753413439
28,NH1019,O,0.001114413075780089,0.045319465081723624,2.7220047992416667,2.711331605911255,-0.010308828204870224,2.711331605911255,2.710300723090768,2.709269840270281,2.708238957449794,2.7061771918088198,2.703599984757602,2.7010227777063847
29,NH1020,O,0.0003714710252600297,0.043462109955423475,2.7690984053041667,2.772625207901001,-0.020911773666739464,2.772625207901001,2.770534030534327,2.7684428531676533,2.766351675800979,2.7621693210676312,2.7569413776509464,2.7517134342342615
30,NH1021,M,0.002228826151560178,0.05163447251114413,2.6494786287883336,2.6804587841033936,0.01834290847182274,2.6804587841033936,2.682293074950576,2.684127365797758,2.6859616566449405,2.689630238339305,2.6942159654572606,2.6988016925752163
31,NH1022,L,0.0007429420505200594,0.03528974739970282,2.9623063106049994,2.926325798034668,-0.031422603875398636,2.926325798034668,2.923183537647128,2.920041277259588,2.9168990168720486,2.9106144960969687,2.902758845128119,2.8949031941592693
32,NH1023,M,0.0,0.04234769687964339,2.732028564394167,2.7787787914276123,0.03799841180443764,2.7787787914276123,2.782578632608056,2.7863784737885,2.7901783149689434,2.797777997329831,2.8072776002809405,2.81677720323205
33,NH1024,L,0.0003714710252600297,0.03714710252600297,2.9472456704550005,2.9087600708007812,0.046603504568338394,2.9087600708007812,2.913420421257615,2.918080771714449,2.9227411221712827,2.9320618230849504,2.943712699227035,2.9553635753691196
34,NH1024,O,0.0003714710252600297,0.036404160475482915,2.9472456704550005,2.9123778343200684,0.03052487224340439,2.9123778343200684,2.9154303215444086,2.9184828087687493,2.9215352959930896,2.9276402704417706,2.9352714885026217,2.9429027065634727
35,NH1025,L,0.002228826151560178,0.04309063893016345,2.8777555227262495,2.83143949508667,-0.003631813684478402,2.83143949508667,2.831076313718222,2.830713132349774,2.8303499509813266,2.8296235882444307,2.828715634823311,2.8278076814021915
36,NH1025,O,0.002228826151560178,0.041604754829123326,2.8777555227262495,2.8934109210968018,0.011325647123157978,2.8934109210968018,2.8945434858091175,2.895676050521433,2.8968086152337493,2.8990737446583807,2.9019051564391702,2.9047365682199597
37,NH1026,N,0.0003714710252600297,0.041976225854383355,2.97545093181875,2.998537063598633,-0.015771539881825447,2.998537063598633,2.9969599096104504,2.9953827556222676,2.9938056016340853,2.99065129365772,2.9867084086872637,2.9827655237168074
38,NH1026,O,0.0003714710252600297,0.041976225854383355,2.97545093181875,2.983215570449829,0.05013912916183472,2.983215570449829,2.9882294833660126,2.993243396282196,2.9982573091983795,3.0082851350307465,3.020819917321205,3.033354699611664
39,NH1027,N,0.0018573551263001485,0.046433878157503716,2.7831303106066674,2.69881272315979,-0.0715700089931488,2.69881272315979,2.6916557222604753,2.68449872136116,2.6773417204618455,2.6630277186632156,2.6451352164149284,2.6272427141666412
40,NH1027,O,0.0018573551263001485,0.046433878157503716,2.7831303106066674,2.8271803855895996,0.006346504203975201,2.8271803855895996,2.827815036009997,2.8284496864303947,2.829084336850792,2.830353637691587,2.831940263742581,2.833526889793575
41,NH1028,L,0.0007429420505200594,0.038261515601783064,2.8341194166654167,2.7488276958465576,-0.028486542403697968,2.7488276958465576,2.745979041606188,2.743130387365818,2.7402817331254483,2.7345844246447086,2.727462789043784,2.7203411534428596
42,NH1028,O,0.0007429420505200594,0.03714710252600297,2.8341194166654167,2.7828497886657715,0.018290957435965538,2.7828497886657715,2.784678884409368,2.7865079801529644,2.7883370758965613,2.7919952673837543,2.7965680067427456,2.801140746101737
43,NH1029,N,0.0014858841010401188,0.036404160475482915,3.133830560605,3.1067023277282715,0.03723520785570145,3.1067023277282715,3.1104258485138416,3.1141493692994118,3.117872890084982,3.125319931656122,3.1346287336200476,3.143937535583973
44,NH1029,O,0.0014858841010401188,0.03677563150074294,3.133830560605,3.1246225833892822,0.048237673938274384,3.1246225833892822,3.12944635078311,3.134270118176937,3.1390938855707646,3.1487414203584194,3.160800838842988,3.1728602573275566
45,NH1030,N,0.0003714710252600297,0.04903417533432392,2.845201545454583,2.8514294624328613,0.016770880669355392,2.8514294624328613,2.853106550499797,2.8547836385667322,2.856460726633668,2.859814902767539,2.864007622934878,2.8682003431022167
46,NH1030,O,0.0003714710252600297,0.04940564635958395,2.845201545454583,2.8353452682495117,-0.015077684074640274,2.8353452682495117,2.8338374998420477,2.8323297314345837,2.8308219630271196,2.8278064262121916,2.8240370051935315,2.8202675841748714
47,NH1031,L,0.0,0.038261515601783064,2.8045438106054172,2.75520920753479,0.021146222949028015,2.75520920753479,2.757323829829693,2.759438452124596,2.7615530744194983,2.765782319009304,2.771068874746561,2.776355430483818
48,NH1031,O,0.0,0.03714710252600297,2.8045438106054172,2.7681281566619873,-0.0009094522683881223,2.7681281566619873,2.7680372114351486,2.76794626620831,2.7678553209814707,2.7676734305277932,2.767446067460696,2.767218704393599
49,NH1032,L,0.002228826151560178,0.03974739970282318,3.2915247045458336,3.125415802001953,0.04332061484456062,3.125415802001953,3.129747863486409,3.134079924970865,3.1384119864553215,3.1470761094242334,3.1579062631353736,3.1687364168465137
50,NH1032,O,0.002228826151560178,0.038261515601783064,3.2915247045458336,3.223421812057495,0.09584804624319077,3.223421812057495,3.233006616681814,3.242591421306133,3.2521762259304525,3.2713458351790905,3.295307846739888,3.319269858300686
51,NH1033,N,0.0003714710252600297,0.04606240713224369,2.9680374696983334,2.9274003505706787,0.028685521334409714,2.9274003505706787,2.9302689027041198,2.933137454837561,2.9360060069710014,2.9417431112378836,2.948914491571486,2.9560858719050884
52,NH1033,O,0.0003714710252600297,0.046433878157503716,2.9680374696983334,2.9616570472717285,0.00427245581522584,2.9616570472717285,2.962084292853251,2.9625115384347738,2.962938784016296,2.9637932751793414,2.964861389133148,2.9659295030869544
53,NH1034,L,0.0003714710252600297,0.04309063893016345,2.864424124999583,2.8299551010131836,0.002864255802705884,2.8299551010131836,2.830241526593454,2.8305279521737248,2.8308143777539954,2.8313872289145365,2.832103292865213,2.8328193568158895
54,NH1034,O,0.0003714710252600297,0.041604754829123326,2.864424124999583,2.8440632820129395,0.04187920317053795,2.8440632820129395,2.848251202329993,2.852439122647047,2.8566270429641007,2.8650028835982084,2.875472684390843,2.8859424851834774
55,NH1035,N,0.002600297176820208,0.037518573551263,3.172917340909583,3.137143850326538,0.057571932673454285,3.137143850326538,3.1429010435938833,3.148658236861229,3.1544154301285743,3.1659298166632652,3.180322799831629,3.1947157829999924
56,NH1035,O,0.002600297176820208,0.03714710252600297,3.172917340909583,3.1574931144714355,0.05070515349507332,3.1574931144714355,3.162563629820943,3.1676341451704504,3.1727046605199574,3.182845691218972,3.1955219795927405,3.208198267966509
57,NH1036,N,0.0007429420505200594,0.04717682020802377,2.999257371212083,2.9410390853881836,0.03761787340044975,2.9410390853881836,2.9448008727282287,2.9485626600682737,2.9523244474083183,2.9598480220884085,2.969252490438521,2.9786569587886333
58,NH1036,O,0.0007429420505200594,0.0475482912332838,2.999257371212083,3.000704288482666,0.0017065878491848707,3.000704288482666,3.0008749472675844,3.001045606052503,3.0012162648374217,3.0015575824072585,3.0019842293695547,3.002410876331851
59,NH1037,L,0.0003714710252600297,0.038261515601783064,3.03760101515125,3.06341814994812,0.025823285803198814,3.06341814994812,3.06600047852844,3.06858280710876,3.0711651356890797,3.0763297928497195,3.0827856143005192,3.089241435751319
60,NH1038,N,0.0003714710252600297,0.03603268945022288,2.698237117424167,2.8039820194244385,0.0024465310852974653,2.8039820194244385,2.8042266725329683,2.804471325641498,2.8047159787500275,2.805205284967087,2.8058169177384116,2.806428550509736
61,NH1039,M,0.0007429420505200594,0.05089153046062407,2.4650328371208334,2.620067596435547,-0.02098657563328743,2.620067596435547,2.617968938872218,2.615870281308889,2.613771623745561,2.609574308618903,2.6043276647105813,2.5990810208022594
62,NH1040,L,0.001114413075780089,0.03417533432392273,3.1022917840904163,3.0068650245666504,-0.028331110253930092,3.0068650245666504,3.004031913541257,3.0011988025158645,2.9983656914904713,2.9926994694396853,2.985616691876203,2.9785339143127203
63,NH1041,O,0.0007429420505200594,0.03937592867756315,2.7737916401516665,2.770406484603882,0.024558909237384796,2.770406484603882,2.7728623755276205,2.7753182664513587,2.7777741573750974,2.7826859392225742,2.7888256665319204,2.7949653938412666
64,NH1042,L,0.0,0.03528974739970282,2.5935001388886105,2.5956830978393555,-0.07822400331497192,2.5956830978393555,2.587860697507858,2.580038297176361,2.572215896844864,2.5565710961818695,2.5370150953531265,2.5174590945243835
65,NH1043,L,0.0007429420505200594,0.043833580980683504,2.6239309191916664,2.65925669670105,-0.015571484342217445,2.65925669670105,2.657699548266828,2.656142399832606,2.6545852513983847,2.651470954529941,2.6475780834443867,2.6436852123588324
66,NH1044,L,0.002228826151560178,0.03603268945022288,2.6159792247480556,2.6844499111175537,-0.037591855973005295,2.6844499111175537,2.680690725520253,2.6769315399229527,2.673172354325652,2.665653983131051,2.6562560191377997,2.6468580551445484
67,NH1045,O,0.0007429420505200594,0.03566121842496285,2.6250939318183333,2.681532621383667,-0.02313237264752388,2.681532621383667,2.6792193841189147,2.6769061468541624,2.6745929095894097,2.669966435059905,2.664183341898024,2.658400248736143
68,NH1046,O,0.0007429420505200594,0.03677563150074294,2.701172087120833,2.8787357807159424,0.021950913593173027,2.8787357807159424,2.8809308720752598,2.883125963434577,2.885321054793894,2.889711237512529,2.895198965910822,2.9006866943091154
69,NH1047,O,0.0007429420505200594,0.0412332838038633,2.7164298371212494,2.6989493370056152,0.02106199599802494,2.6989493370056152,2.7010555366054176,2.70316173620522,2.705267935805023,2.7094803350046277,2.714745834004134,2.72001133300364
70,NH1048,O,0.001114413075780089,0.03974739970282318,2.7741930568175,2.811628580093384,0.03237101435661316,2.811628580093384,2.814865681529045,2.8181027829647065,2.8213398844003676,2.8278140872716904,2.8359068408608437,2.843999594449997
71,NH1049,L,0.0018573551263001485,0.046433878157503716,2.578657691919722,2.6931891441345215,0.03628040477633476,2.6931891441345215,2.696817184612155,2.7004452250897883,2.704073265567422,2.711329346522689,2.7203994477167726,2.7294695489108562
72,NH1050,N,0.0014858841010401188,0.03863298662704309,2.8985573611116666,2.7213432788848877,0.03138667717576027,2.7213432788848877,2.724481946602464,2.7276206143200397,2.730759282037616,2.737036617472768,2.744883286766708,2.752729956060648
73,NH1051,M,0.0003714710252600297,0.05312035661218425,3.2414208611108335,3.1663076877593994,0.06014614179730415,3.1663076877593994,3.17232230193913,3.17833691611886,3.1843515302985907,3.1963807586580515,3.2114172941073775,3.2264538295567036
74,NH1052,L,0.030832095096582468,0.03789004457652303,2.987806723485,3.0483932495117188,0.0038340601604431868,3.0483932495117188,3.048776655527763,3.0491600615438075,3.0495434675598516,3.0503102795919403,3.051268794632051,3.052227309672162
75,NH1053,N,0.02897473997028232,0.04049034175334324,2.86922614015125,2.8316454887390137,-0.036417827010154724,2.8316454887390137,2.828003706037998,2.8243619233369825,2.8207201406359674,2.8134365752339363,2.8043321184813976,2.795227661728859
76,NH1054,J,0.030460624071322436,0.046805349182763745,2.9176920505052766,2.99688982963562,-0.029486889019608498,2.99688982963562,2.9939411407336594,2.9909924518316986,2.9880437629297374,2.982146385125816,2.9747746628709137,2.9674029406160116
77,NH1055,J,0.029717682020802376,0.05237741456166419,2.6812416590913895,2.733593225479126,0.038198307156562805,2.733593225479126,2.7374130561947823,2.7412328869104385,2.745052717626095,2.7526923790574074,2.762241955846548,2.771791532635689
78,NH1056,J,0.029346210995542348,0.043833580980683504,2.8710524797972212,2.928487539291382,0.040773339569568634,2.928487539291382,2.9325648732483387,2.9366422072052956,2.9407195411622524,2.948874209076166,2.9590675439685583,2.9692608788609505
79,NH1057,J,0.02897473997028232,0.04717682020802377,2.9321518409091665,2.7848012447357178,-0.021924566477537155,2.7848012447357178,2.782608788087964,2.78041633144021,2.778223874792457,2.773838961496949,2.768357819877565,2.7628766782581806
80,NH1058,J,0.029346210995542348,0.04977711738484398,2.8585481189389994,2.853731155395508,-0.006897781044244766,2.853731155395508,2.8530413772910834,2.852351599186659,2.851661821082234,2.8502822648733854,2.8485578196123242,2.846833374351263
81,NH1059,J,0.029346210995542348,0.04977711738484398,3.1675753939404174,3.0551421642303467,0.04163573309779167,3.0551421642303467,3.059305737540126,3.063469310849905,3.0676328841596843,3.0759600307792425,3.0863689640536904,3.0967778973281384
82,NH1060,N,0.030089153046062408,0.037518573551263,2.7381041560605417,2.9308273792266846,0.007416736800223589,2.9308273792266846,2.931569052906707,2.932310726586729,2.9330524002667517,2.9345357476267964,2.9363899318268523,2.938244116026908
83,NH1061,L,0.030460624071322436,0.04011887072808321,3.1726480151512497,3.050630569458008,-0.024565286934375763,3.050630569458008,3.0481740407645703,3.045717512071133,3.043260983377695,3.03834792599082,3.032206604257226,3.026065282523632
84,NH1062,N,0.030089153046062408,0.04049034175334324,2.903242549242084,2.822272777557373,0.06745442003011703,2.822272777557373,2.8290182195603846,2.8357636615633965,2.842509103566408,2.8559999875724316,2.872863592579961,2.88972719758749
85,NH1063,L,0.029717682020802376,0.0412332838038633,2.9117059848487505,2.978965997695923,0.007038911804556847,2.978965997695923,2.9796698888763786,2.9803737800568344,2.9810776712372897,2.9824854535982013,2.9842451815493405,2.9860049095004797
86,NH1064,N,0.029346210995542348,0.03528974739970282,2.9427593295454164,2.8453598022460938,0.008253655396401882,2.8453598022460938,2.846185167785734,2.847010533325374,2.8478358988650143,2.8494866299442947,2.851550043793395,2.8536134576424956
87,NH1065,M,0.002600297176820208,0.05237741456166419,2.6342583977283334,2.667410135269165,-0.030212027952075005,2.667410135269165,2.6643889324739574,2.66136772967875,2.6583465268835424,2.6523041212931275,2.644751114305109,2.63719810731709
88,NH1068,N,0.029717682020802376,0.04271916790490342,3.315515136364166,3.2715091705322266,0.10150979459285736,3.2715091705322266,3.281660149991512,3.291811129450798,3.3019621089100837,3.3222640678286552,3.3476415164768696,3.373018965125084
89,NH1068,O,0.029717682020802376,0.04309063893016345,3.315515136364166,3.2307655811309814,0.09283745288848877,3.2307655811309814,3.2400493264198302,3.249333071708679,3.2586168169975283,3.277184307575226,3.300393670797348,3.32360303401947
90,NH1069,O,0.030089153046062408,0.04271916790490342,3.190142772727084,2.9623866081237793,0.01654641702771187,2.9623866081237793,2.9640412498265505,2.9656958915293217,2.967350533232093,2.9706598166376352,2.974796420894563,2.978933025151491
91,NH1070,N,0.029346210995542348,0.045319465081723624,2.8489684166679163,2.790034770965576,0.05214659124612808,2.790034770965576,2.795249430090189,2.8004640892148016,2.8056787483394148,2.81610806658864,2.8291447144001722,2.8421813622117043
92,NH1070,O,0.029346210995542348,0.045319465081723624,2.8489684166679163,2.845789670944214,0.01996518485248089,2.845789670944214,2.847786189429462,2.8497827079147102,2.851779226399958,2.8557722633704543,2.8607635595835745,2.8657548557966948
93,NH1071,N,0.02897473997028232,0.045319465081723624,2.968626496211667,2.901374340057373,0.09835883975028992,2.901374340057373,2.911210224032402,2.921046108007431,2.93088199198246,2.950553759932518,2.9751434698700905,2.999733179807663
94,NH1071,O,0.02897473997028232,0.04569093610698365,2.968626496211667,2.9616880416870117,0.051152750849723816,2.9616880416870117,2.9668033167719843,2.9719185918569564,2.977033866941929,2.9872644171118736,3.0000526048243046,3.0128407925367355
95,NH1072,N,0.030832095096582468,0.03974739970282318,2.833847981060416,2.8129327297210693,0.0647168979048729,2.8129327297210693,2.8194044195115566,2.825876109302044,2.832347799092531,2.845291178673506,2.861470403149724,2.8776496276259422
96,NH1072,O,0.030832095096582468,0.03974739970282318,2.833847981060416,2.9009952545166016,0.04428664967417717,2.9009952545166016,2.9054239194840195,2.909852584451437,2.914281249418855,2.92313857935369,2.9342102417722344,2.9452819041907787
97,NH1073,N,0.04569093610698365,0.037518573551263,2.7974188749995834,2.7663991451263428,-0.03074585273861885,2.7663991451263428,2.7633245598524807,2.760249974578619,2.757175389304757,2.7510262187570333,2.7433397555723786,2.735653292387724
98,NH1074,N,0.002600297176820208,0.038261515601783064,2.9144939356058335,2.884155035018921,0.01696874387562275,2.884155035018921,2.885851909406483,2.8875487837940454,2.8892456581816077,2.8926394069567323,2.896881592925638,2.9011237788945436
99,NH1075,J,0.0018573551263001485,0.0512630014858841,2.6902861060604986,2.7186801433563232,-0.09305410832166672,2.7186801433563232,2.7093747325241564,2.70006932169199,2.690763910859823,2.67215308919549,2.648889562115073,2.6256260350346565
100,NH1076,J,0.0007429420505200594,0.04606240713224369,2.5707335818185,2.6579439640045166,-0.13146519660949707,2.6579439640045166,2.644797444343567,2.631650924682617,2.6185044050216675,2.592211365699768,2.559345066547394,2.5264787673950195
101,NH1077,J,0.0014858841010401188,0.04457652303120357,2.805351297979444,2.854290008544922,-0.011212450452148914,2.854290008544922,2.853168763499707,2.852047518454492,2.8509262734092773,2.8486837833188474,2.84588067070581,2.843077558092773
102,NH1078,N,0.0007429420505200594,0.03566121842496285,2.4777652575758333,2.6460933685302734,-0.06953591853380203,2.6460933685302734,2.639139776676893,2.632186184823513,2.625232592970133,2.6113254092633724,2.593941429629922,2.5765574499964714
103,NH1079,N,0.03194650817236255,0.03677563150074294,2.9313184583325,2.892411947250366,0.072372205555439,2.892411947250366,2.89964916780591,2.906886388361454,2.9141236089169977,2.9285980500280857,2.9466911014169455,2.964784152805805
104,NH1079,O,0.03194650817236255,0.03677563150074294,2.9313184583325,2.8882248401641846,0.029527587816119194,2.8882248401641846,2.8911775989457964,2.8941303577274082,2.8970831165090205,2.902988634072244,2.910370531026274,2.9177524279803038
105,NH1080,N,0.001114413075780089,0.03566121842496285,2.855838647726667,2.930500030517578,0.002493756590411067,2.930500030517578,2.930749406176619,2.9309987818356604,2.9312481574947014,2.9317469088127837,2.9323703479603864,2.932993787107989
106,NH1081,N,0.0018573551263001485,0.04049034175334324,2.523999419192222,2.626922130584717,-0.03198783099651337,2.626922130584717,2.6237233474850656,2.620524564385414,2.617325781285763,2.61092821508646,2.6029312573373318,2.5949342995882034
107,NH1082,L,0.0014858841010401188,0.04569093610698365,2.487453719696667,2.6522533893585205,-0.04602165147662163,2.6522533893585205,2.6476512242108585,2.643049059063196,2.638446893915534,2.6292425636202097,2.6177371507510543,2.606231737881899
108,NH1083,N,0.0014858841010401188,0.03863298662704309,2.8043310757572226,2.86565899848938,-0.0175130944699049,2.86565899848938,2.8639076890423896,2.862156379595399,2.8604050701484085,2.8569024512544274,2.852524177636951,2.848145904019475
109,NH1084,L,0.0018573551263001485,0.04569093610698365,3.018355268938333,2.746413230895996,-0.009876802563667297,2.746413230895996,2.7454255506396295,2.744437870383263,2.7434501901268957,2.7414748296141624,2.7390056289732456,2.736536428332329
110,NH1085,L,0.0003714710252600297,0.04457652303120357,3.1800548977274996,3.0067896842956543,0.007049762178212404,3.0067896842956543,3.0074946605134754,3.008199636731297,3.008904612949118,3.0103145653847605,3.0120770059293136,3.0138394464738667
111,NH1086,L,0.0014858841010401188,0.04606240713224369,2.814487545454167,2.8087260723114014,0.06008538976311684,2.8087260723114014,2.814734611287713,2.8207431502640246,2.8267516892403366,2.83876876719296,2.853790114633739,2.868811462074518
112,NH1087,M,0.002600297176820208,0.04940564635958395,3.051406034090833,2.8357298374176025,0.018220309168100357,2.8357298374176025,2.8375518683344128,2.8393738992512225,2.8411959301680327,2.8448399920016527,2.849395069293678,2.853950146585703
113,NH1088,N,0.0007429420505200594,0.04011887072808321,2.6765812348487494,2.624244451522827,-0.03721814975142479,2.624244451522827,2.6205226365476846,2.616800821572542,2.6130790065974,2.6056353766471148,2.5963308392092586,2.5870263017714024
114,NH1089,L,0.0018573551263001485,0.044947994056463596,2.592809897726667,2.689840316772461,0.0053772348910570145,2.689840316772461,2.6903780402615665,2.6909157637506724,2.691453487239778,2.6925289342179894,2.6938732429407537,2.695217551663518
115,NH1090,M,0.0003714710252600297,0.05460624071322437,2.9624291401516665,2.8392632007598877,0.00768792862072587,2.8392632007598877,2.8400319936219605,2.840800786484033,2.8415695793461055,2.8431071650702506,2.845029147225432,2.8469511293806136
116,NH1091,M,0.0014858841010401188,0.05609212481426449,2.7214452386375,2.811389684677124,0.029495075345039368,2.811389684677124,2.814339192211628,2.8172886997461317,2.820238207280636,2.8261372223496437,2.8335109911859035,2.8408847600221634
117,NH1092,M,0.0003714710252600297,0.04234769687964339,2.9688508787875003,2.945493698120117,0.00828333105891943,2.945493698120117,2.946322031226009,2.9471503643319013,2.947978697437793,2.949635363649577,2.9517061964143068,2.9537770291790366
118,NH1093,L,0.0014858841010401188,0.03268945022288262,2.8608070643945824,2.712277412414551,-0.036619074642658234,2.712277412414551,2.708615504950285,2.704953597486019,2.7012916900217534,2.6939678750932217,2.684813106432557,2.6756583377718925
119,NH1094,N,0.004086181277860327,0.04234769687964339,2.5178163598487497,2.6662135124206543,-0.03054812178015709,2.6662135124206543,2.6631587002426387,2.660103888064623,2.657049075886607,2.6509394515305758,2.6433024210855365,2.635665390640497
120,NH1095,L,0.0014858841010401188,0.041976225854383355,2.5500920277777785,2.666304588317871,0.005897988565266132,2.666304588317871,2.6668943871743975,2.6674841860309244,2.668073984887451,2.669253582600504,2.6707280797418207,2.6722025768831372
121,NH1096,N,0.0014858841010401188,0.04271916790490342,2.552244474747501,2.5840718746185303,-0.05029251053929329,2.5840718746185303,2.579042623564601,2.5740133725106715,2.5689841214567424,2.5589256193488836,2.5463524917140603,2.533779364079237
122,NH1097,M,0.0007429420505200594,0.04977711738484398,2.836407742424167,2.9159698486328125,0.029602058231830597,2.9159698486328125,2.9189300544559957,2.9218902602791785,2.9248504661023618,2.930770877748728,2.9381713923066854,2.945571906864643
123,NH1098,M,0.0003714710252600297,0.050148588410104014,2.6806118358586115,2.5687787532806396,-0.014788650907576084,2.5687787532806396,2.567299888189882,2.5658210230991245,2.5643421580083667,2.5613844278268516,2.5576872650999576,2.5539901023730636
124,NH1099,L,0.002600297176820208,0.038261515601783064,2.7470737393934996,2.7025647163391113,-0.004991607274860144,2.7025647163391113,2.7020655556116253,2.7015663948841393,2.7010672341566533,2.7000689127016813,2.698821010882966,2.697573109064251
125,NH1100,N,0.0029717682020802376,0.036404160475482915,2.613716775253056,2.5541837215423584,-0.02746002748608589,2.5541837215423584,2.55143771879375,2.548691716045141,2.5459457132965326,2.5404537077993155,2.533588700927794,2.5267236940562725
126,NH1101,N,0.001114413075780089,0.034546805349182766,2.633580800505278,2.5349690914154053,-0.04822671040892601,2.5349690914154053,2.5301464203745128,2.5253237493336202,2.5205010782927273,2.5108557362109423,2.4987990586087108,2.4867423810064793
127,NH1102,M,0.0007429420505200594,0.0412332838038633,2.7202946388888884,2.841176748275757,0.020092329010367393,2.841176748275757,2.8431859811767937,2.8451952140778305,2.847204446978867,2.8512229127809405,2.8562459950335324,2.8612690772861242
128,NH1103,L,0.0018573551263001485,0.037518573551263,2.8136469898988885,2.7834062576293945,-0.048636771738529205,2.7834062576293945,2.7785425804555417,2.773678903281689,2.7688152261078356,2.75908787176013,2.7469286788254976,2.7347694858908653
129,NH1113,M,0.0003714710252600297,0.04903417533432392,2.652038446969444,2.5588791370391846,-0.0979766920208931,2.5588791370391846,2.5490814678370954,2.539283798635006,2.5294861294329167,2.509890791028738,2.4853966180235147,2.4609024450182915
130,NH1114,L,0.002600297176820208,0.04086181277860327,2.733161914140833,2.9006972312927246,0.048929136246442795,2.9006972312927246,2.905590144917369,2.910483058542013,2.9153759721666574,2.925161799415946,2.9373940834775567,2.9496263675391674
131,NH1115,M,0.0003714710252600297,0.04606240713224369,2.526530335858333,2.5208981037139893,-0.1423901468515396,2.5208981037139893,2.5066590890288354,2.4924200743436815,2.478181059658527,2.4497030302882195,2.4141054935753345,2.3785079568624496
132,NH1116,L,0.0014858841010401188,0.0475482912332838,2.9667710909095826,2.9694554805755615,0.01834823191165924,2.9694554805755615,2.9712903037667275,2.9731251269578935,2.974959950149059,2.978629596531391,2.983216654509306,2.9878037124872208
133,NH1117,N,0.0003714710252600297,0.034918276374442794,2.7098851704545828,2.6138246059417725,-0.04200718179345131,2.6138246059417725,2.609623887762427,2.6054231695830823,2.601222451403737,2.592821015045047,2.582319219596684,2.571817424148321
134,NH1118,M,0.0003714710252600297,0.04457652303120357,2.7538493560604165,2.658968925476074,0.033677030354738235,2.658968925476074,2.662336628511548,2.6657043315470217,2.669072034582496,2.6758074406534433,2.684226698242128,2.6926459558308125
135,NH1119,M,0.0003714710252600297,0.04940564635958395,3.29365796590875,3.258338212966919,0.0791410282254219,3.258338212966919,3.266252315789461,3.2741664186120034,3.2820805214345454,3.29790872707963,3.3176939841359854,3.337479241192341
136,NH1120,L,0.0007429420505200594,0.038261515601783064,2.7279106325754165,2.703200101852417,-0.04277082905173302,2.703200101852417,2.6989230189472435,2.6946459360420705,2.690368853136897,2.6818146873265505,2.6711219800636172,2.660429272800684
137,NH1121,M,0.0007429420505200594,0.04271916790490342,3.2124454507579174,3.1068367958068848,-0.012836496345698833,3.1068367958068848,3.1055531461723147,3.104269496537745,3.102985846903175,3.1004185476340353,3.0972094235476106,3.094000299461186
138,NH1122,L,0.0014858841010401188,0.04309063893016345,2.3921322121216675,2.6446871757507324,-0.052635449916124344,2.6446871757507324,2.63942363075912,2.6341600857675074,2.6288965407758953,2.6183694507926702,2.605210588313639,2.592051725834608
139,NH1123,M,0.0003714710252600297,0.050148588410104014,3.264484170454166,3.1871776580810547,0.03497729450464249,3.1871776580810547,3.190675387531519,3.1941731169819834,3.1976708464324473,3.204666305333376,3.2134106289595366,3.222154952585697
140,NH1124,L,0.0007429420505200594,0.041976225854383355,2.7818008939391663,2.6728081703186035,-0.0798029750585556,2.6728081703186035,2.664827872812748,2.6568475753068923,2.648867277801037,2.6329066827893257,2.612955939024687,2.593005195260048
141,NH1125,M,0.031203566121842496,0.04309063893016345,3.2393273674245835,3.1487321853637695,0.02343677543103695,3.1487321853637695,3.151075862906873,3.1534195404499767,3.155763217993081,3.160450573079288,3.1663097669370472,3.1721689607948065
142,NH1126,L,0.03268945022288262,0.041604754829123326,2.618883136363333,2.7127535343170166,0.0005894851055927575,2.7127535343170166,2.7128124828275757,2.7128714313381352,2.7129303798486943,2.713048276869813,2.713195648146211,2.7133430194226094
143,NH1127,M,0.030460624071322436,0.04457652303120357,3.1488693787883326,3.0300915241241455,0.06182354688644409,3.0300915241241455,3.03627387881279,3.0424562335014342,3.048638588190079,3.0610032975673676,3.0764591842889786,3.0919150710105896
144,NH1128,N,0.0029717682020802376,0.041976225854383355,2.5942918219704163,2.6735761165618896,-0.05434798821806908,2.6735761165618896,2.6681413177400826,2.662706518918276,2.657271720096469,2.646402122452855,2.632815125398338,2.6192281283438206
145,NH1130,N,0.0014858841010401188,0.045319465081723624,2.7431731477270835,2.7304019927978516,-0.13557827472686768,2.7304019927978516,2.7168441653251647,2.703286337852478,2.6897285103797914,2.6626128554344177,2.628718286752701,2.594823718070984
146,NH1132,M,0.0003714710252600297,0.044947994056463596,3.1591416590908334,3.2034828662872314,0.06717230379581451,3.2034828662872314,3.2102000966668127,3.2169173270463944,3.2236345574259757,3.2370690181851387,3.2538620941340923,3.270655170083046
147,NH1133,N,0.0007429420505200594,0.03900445765230312,2.74665581060625,2.641113758087158,0.004656469449400902,2.641113758087158,2.641579405032098,2.642045051977038,2.6425106989219787,2.6434419928118587,2.644606110174209,2.645770227536559
148,NH1134,N,0.0018573551263001485,0.043462109955423475,2.6965673181816667,2.5815744400024414,-0.03290434554219246,2.5815744400024414,2.5782840054482223,2.574993570894003,2.5717031363397838,2.565122267231345,2.556896180845797,2.548670094460249
149,NH1135,M,0.008172362555720654,0.055349182763744426,2.9741608068174994,2.953342914581299,0.008280345238745213,2.953342914581299,2.9541709491051735,2.954998983629048,2.9558270181529225,2.9574830872006714,2.9595531735103577,2.961623259820044
150,NH1137,M,0.0014858841010401188,0.04940564635958395,2.8555435560605003,2.919280767440796,0.05256243795156479,2.919280767440796,2.9245370112359526,2.9297932550311088,2.9350494988262654,2.9455619864165783,2.9587025959044695,2.9718432053923607
151,NH1138,M,0.0007429420505200594,0.04940564635958395,2.5095889116158334,2.4806485176086426,-0.055866748094558716,2.4806485176086426,2.4750618427991866,2.4694751679897307,2.463888493180275,2.452715143561363,2.4387484565377235,2.424781769514084
152,NH1138,N,0.002228826151560178,0.11775631500742942,2.5095889116158334,2.6658802032470703,0.12377285212278366,2.6658802032470703,2.678257488459349,2.690634773671627,2.7030120588839055,2.727766629308462,2.758709842339158,2.789653055369854
153,NH1139,L,0.0003714710252600297,0.03528974739970282,2.617799515150833,2.8041040897369385,-0.04233606532216072,2.8041040897369385,2.7998704832047223,2.795636876672506,2.7914032701402904,2.782936057075858,2.772352040745318,2.7617680244147778
154,NH1141,N,0.001114413075780089,0.041604754829123326,2.668283753787917,2.7679708003997803,-0.004672382492572069,2.7679708003997803,2.767503562150523,2.767036323901266,2.7665690856520087,2.7656346091534942,2.764466513530351,2.763298417907208
155,NH1142,L,0.0014858841010401188,0.03677563150074294,2.627527598485417,2.697822332382202,-0.06522589176893234,2.697822332382202,2.6912997432053087,2.6847771540284158,2.6782545648515224,2.665209386497736,2.648902913555503,2.63259644061327
156,NH1143,L,0.0007429420505200594,0.04457652303120357,2.8601576022733335,2.8949906826019287,-0.0142345130443573,2.8949906826019287,2.893567231297493,2.892143779993057,2.8907203286886216,2.88787342607975,2.8843147978186607,2.8807561695575714
157,NH1144,M,0.0003714710252600297,0.0575780089153046,2.9515814280295825,2.799081802368164,0.04338716343045235,2.799081802368164,2.803420518711209,2.8077592350542546,2.8120979513972997,2.8207753840833902,2.8316221749410033,2.8424689657986164
158,NH1145,M,0.0018573551263001485,0.05089153046062407,2.5928440404038886,2.574561834335327,-0.03194229304790497,2.574561834335327,2.5713676050305367,2.5681733757257463,2.5649791464209555,2.5585906878113747,2.5506051145493984,2.542619541287422
159,NH1146,M,0.0007429420505200594,0.04420505200594354,2.5724187297988883,2.579174518585205,-0.008966741152107716,2.579174518585205,2.5782778444699943,2.5773811703547835,2.5764844962395728,2.574691148009151,2.5724494627211243,2.5702077774330974
160,NH1148,N,0.030089153046062408,0.041604754829123326,2.865092530302916,2.7640891075134277,0.018347471952438354,2.7640891075134277,2.7659238547086717,2.7677586019039153,2.7695933490991593,2.773262843489647,2.7778497114777565,2.782436579465866
161,NH1149,N,0.029346210995542348,0.03937592867756315,2.739402219697084,2.746793031692505,-0.020102936774492264,2.746793031692505,2.7447827380150556,2.7427724443376063,2.7407621506601574,2.7367415633052588,2.7317158291116357,2.7266900949180126
162,NH1150,N,0.029346210995542348,0.04271916790490342,2.634898049242916,2.6779308319091797,0.013451747596263885,2.6779308319091797,2.679276006668806,2.6806211814284326,2.6819663561880587,2.6846567057073116,2.6880196426063776,2.6913825795054436
163,NH1151,N,0.029717682020802376,0.03231797919762259,2.836436151515833,2.8536438941955566,-0.03766157478094101,2.8536438941955566,2.8498777367174624,2.8461115792393685,2.8423454217612742,2.834813106805086,2.825397713109851,2.8159823194146156
164,NH1152,N,0.02897473997028232,0.03900445765230312,2.9519707462124996,2.9780421257019043,-0.019381364807486534,2.9780421257019043,2.976103989221156,2.974165852740407,2.9722277162596584,2.968351443298161,2.9635061020962894,2.9586607608944178
165,NH1153,N,0.029717682020802376,0.038261515601783064,2.7456383219699996,2.7823760509490967,-0.03358662128448486,2.7823760509490967,2.779017388820648,2.7756587266921997,2.772300064563751,2.7655827403068542,2.757186084985733,2.748789429664612
166,NH1156,N,0.0018573551263001485,0.03937592867756315,2.598219439394167,2.6970272064208984,-0.03520534932613373,2.6970272064208984,2.693506671488285,2.689986136555672,2.686465601623058,2.6794245317578316,2.670623194426298,2.6618218570947647
167,NH1157,N,0.001114413075780089,0.03863298662704309,2.775934757576249,2.692167282104492,-0.005432733800262213,2.692167282104492,2.691624008724466,2.69108073534444,2.6905374619644133,2.689450915204361,2.6880927317542955,2.68673454830423
168,NH1158,N,0.030089153046062408,0.03863298662704309,2.71284021212125,2.912735939025879,-0.012440350838005543,2.912735939025879,2.9114919039420784,2.910247868858278,2.9090038337744772,2.906515763606876,2.9034056758973747,2.9002955881878734
169,NH1159,N,0.002600297176820208,0.03417533432392273,2.3614148964647224,2.479600667953491,-0.07628270238637924,2.479600667953491,2.471972397714853,2.4643441274762155,2.4567158572375773,2.4414593167603016,2.422388641163707,2.403317965567112
170,NH1160,L,0.0014858841010401188,0.043462109955423475,2.563641179292777,2.738793134689331,0.013249498791992664,2.738793134689331,2.7401180845685302,2.7414430344477294,2.742767984326929,2.7454178840853274,2.7487302587833256,2.7520426334813237
171,NH1161,M,0.0007429420505200594,0.04271916790490342,3.0850511969702774,3.1125431060791016,0.06520811468362808,3.1125431060791016,3.1190639175474644,3.125584729015827,3.13210554048419,3.1451471634209156,3.1614491920918226,3.1777512207627296
172,NH1162,N,0.0014858841010401188,0.03231797919762259,2.377519378788334,2.4496541023254395,-0.08257187902927399,2.4496541023254395,2.441396914422512,2.4331397265195847,2.4248825386166573,2.4083681628108025,2.387725193053484,2.3670822232961655
173,NH1163,M,0.0,0.04011887072808321,2.9036894772724997,2.8757693767547607,0.009857391938567162,2.8757693767547607,2.8767551159486175,2.8777408551424744,2.8787265943363307,2.8806980727240443,2.883162420708686,2.885626768693328
174,NH1164,M,0.0003714710252600297,0.04234769687964339,2.7416257196975,2.8000683784484863,0.03031693957746029,2.8000683784484863,2.8031000724062323,2.806131766363978,2.8091634603217246,2.8152268482372165,2.8228060831315815,2.8303853180259466
175,NH1165,M,0.002600297176820208,0.04420505200594354,2.902701965909583,2.936743974685669,0.011092964559793472,2.936743974685669,2.9378532711416483,2.9389625675976276,2.940071864053607,2.9422904569655657,2.945063698105514,2.9478369392454624
176,NH1166,L,0.029346210995542348,0.03677563150074294,2.8122027689391667,2.774874210357666,0.01218815241008997,2.774874210357666,2.776093025598675,2.777311840839684,2.778530656080693,2.780968286562711,2.7840153246652335,2.787062362767756
177,NH1167,N,0.029717682020802376,0.033060921248142645,2.7599964242424995,2.876577138900757,-0.0003286107676103711,2.876577138900757,2.876544277823996,2.8765114167472348,2.8764785556704737,2.8764128335169517,2.876330680825049,2.8762485281331465
178,NH1168,L,0.029717682020802376,0.033060921248142645,2.6533689318191667,2.735957622528076,0.008275551721453667,2.735957622528076,2.7367851777002214,2.7376127328723667,2.7384402880445124,2.740095398388803,2.7421642863191664,2.74423317424953
179,NH1169,M,0.029717682020802376,0.04086181277860327,3.2295151969700013,3.0766525268554688,0.020238814875483513,3.0766525268554688,3.078676408343017,3.0807002898305655,3.0827241713181137,3.0867719342932105,3.0918316380120814,3.0968913417309523
180,NH1170,L,0.029717682020802376,0.04011887072808321,2.942394416667917,2.9527101516723633,0.011097581125795841,2.9527101516723633,2.9538199097849427,2.9549296678975225,2.956039426010102,2.958258942235261,2.96103333751671,2.963807732798159
181,NH1171,L,0.030089153046062408,0.03528974739970282,3.0900070151504173,3.045443296432495,0.04740738123655319,3.045443296432495,3.0501840345561506,3.0549247726798057,3.059665510803461,3.0691469870507717,3.08099883235991,3.0928506776690483
182,NH1172,L,0.029346210995542348,0.03231797919762259,2.7757624659091675,2.8147165775299072,0.04024586081504822,2.8147165775299072,2.818741163611412,2.822765749692917,2.8267903357744215,2.8348395079374313,2.8449009731411934,2.8549624383449554
183,NH1173,L,0.030460624071322436,0.03937592867756315,2.8191184810608334,2.8818933963775635,0.010774001479148865,2.8818933963775635,2.8829707965254783,2.884048196673393,2.8851255968213083,2.887280397117138,2.889973897486925,2.8926673978567123
184,NH1174,L,0.030089153046062408,0.03566121842496285,2.7429639583337497,2.7675211429595947,-0.01015850342810154,2.7675211429595947,2.7665052926167846,2.7654894422739744,2.7644735919311643,2.762441891245544,2.7599022653885186,2.757362639531493
185,NH1176,L,0.001114413075780089,0.04717682020802377,2.963629511363333,2.89384388923645,0.030281912535429,2.89384388923645,2.896872080489993,2.899900271743536,2.902928462997079,2.9089848455041647,2.916555323638022,2.924125801771879
186,NH1177,M,0.001114413075780089,0.05609212481426449,3.127391098485834,3.1639444828033447,0.03841488063335419,3.1639444828033447,3.1677859708666802,3.1716274589300157,3.175468946993351,3.183151923120022,3.1927556432783604,3.202359363436699
187,NH1178,L,0.04717682020802377,0.03900445765230312,2.9360859280312503,2.983971118927002,0.0023689004592597485,2.983971118927002,2.984208008972928,2.984444899018854,2.98468178906478,2.985155569156632,2.9857477942714468,2.9863400193862617
188,NH1179,N,0.045319465081723624,0.03268945022288262,2.7739959431808336,2.948679208755493,0.006520915776491165,2.948679208755493,2.9493313003331423,2.9499833919107914,2.9506354834884405,2.9519396666437387,2.9535698955878615,2.9552001245319843
189,NH1182,M,0.029717682020802376,0.05274888558692422,2.8417227840908326,2.8374552726745605,0.04536568373441696,2.8374552726745605,2.841991841048002,2.846528409421444,2.8510649777948855,2.860138114541769,2.8714795354753733,2.8828209564089775
190,NH1183,M,0.030832095096582468,0.046805349182763745,3.3534207499999997,3.195228099822998,0.11047491431236267,3.195228099822998,3.2062755912542342,3.2173230826854704,3.228370574116707,3.2504655569791794,3.27808428555727,3.3057030141353607
191,NH1184,M,0.031575037147102525,0.04977711738484398,3.0837863863637507,2.9876554012298584,0.05992096662521362,2.9876554012298584,2.99364749789238,2.999639594554901,3.0056316912174226,3.017615884542465,3.0325961261987686,3.047576367855072
192,NH1185,M,0.029346210995542348,0.04940564635958395,3.0111420492420833,2.9576942920684814,0.06915644556283951,2.9576942920684814,2.9646099366247656,2.9715255811810493,2.9784412257373334,2.992272514849901,3.009561626240611,3.026850737631321
193,NH1186,L,0.02897473997028232,0.041976225854383355,3.1685883068179166,2.9988927841186523,0.061706770211458206,2.9988927841186523,3.005063461139798,3.011234138160944,3.01740481518209,3.0297461692243814,3.045172861777246,3.0605995543301105
194,NH1187,N,0.0007429420505200594,0.03714710252600297,2.7213495416662496,2.652254343032837,-0.054553333669900894,2.652254343032837,2.646799009665847,2.641343676298857,2.6358883429318665,2.6249776761978865,2.6113393427804112,2.597701009362936
195,NH1188,N,0.0003714710252600297,0.03937592867756315,2.6928653446966666,2.747342348098755,-0.014201649464666843,2.747342348098755,2.745922183152288,2.7445020182058215,2.743081853259355,2.7402415233664215,2.7366911110002548,2.733140698634088
196,NH1189,N,0.001114413075780089,0.03863298662704309,2.6151665757570832,2.6805527210235596,-0.015286027453839779,2.6805527210235596,2.6790241182781758,2.6774955155327915,2.6759669127874077,2.6729097072966397,2.6690882004331797,2.66526669356972
197,NH1190,M,0.001114413075780089,0.0475482912332838,2.93180026515125,2.905277967453003,0.025067929178476334,2.905277967453003,2.9077847603708507,2.9102915532886984,2.9127983462065457,2.917811932042241,2.92407891433686,2.9303458966314793
198,NH1193,M,0.029346210995542348,0.05386329866270431,2.980213986741667,2.889587640762329,0.01442539133131504,2.889587640762329,2.8910301798954605,2.892472719028592,2.893915258161724,2.8968003364279866,2.9004066842608154,2.904013032093644
199,NH1194,L,0.030089153046062408,0.04420505200594354,2.8314966515154163,2.8968677520751953,0.04602401331067085,2.8968677520751953,2.9014701534062626,2.9060725547373294,2.9106749560683967,2.9198797587305307,2.9313857620581985,2.942891765385866
200,NH1195,M,0.02897473997028232,0.046805349182763745,2.7425498750008326,2.6950137615203857,0.017398815602064133,2.6950137615203857,2.696753643080592,2.6984935246407984,2.700233406201005,2.703713169321418,2.708062873221934,2.71241257712245
201,NH1200,L,0.045319465081723624,0.03789004457652303,2.57877350000125,2.754892587661743,-0.007273574825376272,2.754892587661743,2.7541652301792054,2.7534378726966677,2.7527105152141305,2.751255800249055,2.749437406542711,2.747619012836367
202,NH1201,N,0.044947994056463596,0.03566121842496285,2.749707674242501,2.789945363998413,0.03675492852926254,2.789945363998413,2.7936208568513394,2.7972963497042658,2.8009718425571917,2.8083228282630444,2.81751156039536,2.8267002925276756
203,NH1202,N,0.0007429420505200594,0.04717682020802377,2.629675180343189,2.634854793548584,0.05021609738469124,2.634854793548584,2.639876403287053,2.6448980130255224,2.649919622763991,2.6599628422409296,2.6725168665871024,2.6850708909332752
204,NH1203,M,0.0003714710252600297,0.04977711738484398,2.5988320479797227,2.6759796142578125,0.024986835196614265,2.6759796142578125,2.678478297777474,2.6809769812971354,2.683475664816797,2.6884730318561196,2.694719740655273,2.7009664494544268
205,NH1204,L,0.0003714710252600297,0.04791976225854384,2.3574198009824325,2.723811626434326,-0.03758765384554863,2.723811626434326,2.7200528610497714,2.7162940956652166,2.7125353302806614,2.705017799511552,2.6956208860501647,2.6862239725887775
206,NH1205,N,0.0007429420505200594,0.04940564635958395,2.572338515151667,2.679780960083008,0.026297857984900475,2.679780960083008,2.682410745881498,2.685040531679988,2.687670317478478,2.692929889075458,2.699504353571683,2.7060788180679083
207,NH1206,L,0.0003714710252600297,0.046433878157503716,2.687268465907917,2.5820870399475098,-0.03744036331772804,2.5820870399475098,2.578343003615737,2.574598967283964,2.5708549309521915,2.5633668582886457,2.5540067674592137,2.5446466766297817
208,NH1207,M,0.0003714710252600297,0.05089153046062407,2.6291659810591668,2.731431007385254,0.04039779305458069,2.731431007385254,2.735470786690712,2.73951056599617,2.743550345301628,2.7516299039125443,2.7617293521761894,2.7718288004398346
209,NH1219,M,0.046433878157503716,0.041976225854383355,2.9587360151520823,2.9590559005737305,0.031876932829618454,2.9590559005737305,2.9622435938566922,2.965431287139654,2.968618980422616,2.9749943669885397,2.9829636001959443,2.990932833403349
210,NH1220,L,0.0007429420505200594,0.04309063893016345,2.9672830025250003,2.9750375747680664,0.048489559441804886,2.9750375747680664,2.979886530712247,2.9847354866564273,2.989584442600608,2.999282354488969,3.01140474434942,3.0235271342098713
211,NH1221,N,0.0007429420505200594,0.041604754829123326,2.643035222221944,2.746278762817383,0.01399985607713461,2.746278762817383,2.747678748425096,2.7490787340328096,2.7504787196405234,2.75327869085595,2.7567786548752338,2.7602786188945174
212,NH1222,M,0.0014858841010401188,0.044947994056463596,3.0194293863636106,2.905447006225586,0.045481741428375244,2.905447006225586,2.9099951803684236,2.914543354511261,2.9190915286540986,2.9281878769397736,2.9395583122968674,2.950928747653961
213,NH1223,L,0.0003714710252600297,0.05163447251114413,3.0404031515145826,2.939936399459839,-0.0069381678476929665,2.939936399459839,2.9392425826750697,2.9385487658903005,2.937854949105531,2.9364673155359924,2.934732773574069,2.932998231612146
214,NH1225,L,0.0014858841010401188,0.05237741456166419,2.8717347196962506,2.840339422225952,0.03271879628300667,2.840339422225952,2.843611301854253,2.8468831814825535,2.850155061110854,2.8566988203674555,2.864878519438207,2.873058218508959
215,NH1226,N,0.0007429420505200594,0.03900445765230312,2.5619430681829165,2.640617847442627,-0.05192568525671959,2.640617847442627,2.635425278916955,2.630232710391283,2.625040141865611,2.614655004814267,2.6016735835000873,2.5886921621859074
216,NH1227,L,0.0007429420505200594,0.04977711738484398,2.976135439395,2.9530723094940186,-0.043534234166145325,2.9530723094940186,2.948718886077404,2.9443654626607896,2.940012039244175,2.931305192410946,2.9204216338694096,2.9095380753278732
217,NH1228,N,0.0003714710252600297,0.037518573551263,2.5142494621208336,2.6492319107055664,-0.007469351403415203,2.6492319107055664,2.648484975565225,2.6477380404248834,2.646991105284542,2.645497235003859,2.643629897153005,2.641762559302151
218,NH1229,N,0.0018573551263001485,0.04569093610698365,3.0191763598487498,2.9792871475219727,-0.03158605098724365,2.9792871475219727,2.976128542423248,2.9729699373245237,2.9698113322257997,2.963494122028351,2.95559760928154,2.947701096534729
219,NH1231,M,0.0014858841010401188,0.046805349182763745,2.6904530774407402,2.8698618412017822,0.03654089197516441,2.8698618412017822,2.8735159303992988,2.8771700195968153,2.8808241087943314,2.8881322871893644,2.8972675101831555,2.9064027331769466
220,NH1236,N,0.0,0.03789004457652303,2.8226209318179167,2.8263752460479736,0.04065719619393349,2.8263752460479736,2.830440965667367,2.8345066852867604,2.8385724049061536,2.8467038441449404,2.8568681431934237,2.867032442241907
221,NH1237,M,0.0007429420505200594,0.056835066864784546,2.6849211477270836,2.6002392768859863,-0.0735824927687645,2.6002392768859863,2.59288102760911,2.5855227783322334,2.578164529055357,2.563448030501604,2.545052407309413,2.526656784117222
222,NH1239,N,0.001114413075780089,0.046805349182763745,2.676292512626111,2.78535795211792,0.015162034891545773,2.78535795211792,2.7868741556070744,2.788390359096229,2.789906562585384,2.792938969563693,2.7967294782865793,2.8005199870094657
223,NH1240,M,0.0,0.046805349182763745,3.0709346388886116,3.020176887512207,0.046909306198358536,3.020176887512207,3.024867818132043,3.029558748751879,3.0342496793717144,3.0436315406113863,3.055358867160976,3.0670861937105656
224,NH1241,N,0.0003714710252600297,0.044947994056463596,2.9817649848483327,2.9434025287628174,-0.013489244505763054,2.9434025287628174,2.942053604312241,2.940704679861665,2.9393557554110883,2.936657906509936,2.933285595383495,2.9299132842570543
225,NH1242,M,0.0007429420505200594,0.04977711738484398,3.08223808712125,2.92152738571167,0.07019588351249695,2.92152738571167,2.9285469740629195,2.935566562414169,2.942586150765419,2.9566253274679184,2.9741742983460426,2.991723269224167
226,NH1243,L,0.0014858841010401188,0.038261515601783064,2.6136988535347228,2.5730514526367188,-0.06878583878278732,2.5730514526367188,2.56617286875844,2.559294284880161,2.5524157010018826,2.538658533245325,2.5214620735496283,2.5042656138539314
227,NH1244,L,0.0014858841010401188,0.04011887072808321,2.6863285833333332,2.758870840072632,-0.018890639767050743,2.758870840072632,2.7569817760959268,2.7550927121192217,2.7532036481425166,2.7494255201891065,2.744702860247344,2.739980200305581
228,NH1245,M,0.002228826151560178,0.05274888558692422,2.769121068182084,2.719834327697754,-0.011178488843142986,2.719834327697754,2.7187164788134397,2.7175986299291255,2.716480781044811,2.7142450832761824,2.7114504610653967,2.708655838854611
229,NH1246,N,0.0,0.03677563150074294,2.3859403901512497,2.4669864177703857,0.009294118732213974,2.4669864177703857,2.4679158296436072,2.4688452415168287,2.4697746533900498,2.4716334771364927,2.4739570068195462,2.4762805365025997
230,NH1247,N,0.0,0.036404160475482915,2.536356874999166,2.5481691360473633,-0.042690131813287735,2.5481691360473633,2.5439001228660345,2.5396311096847057,2.535362096503377,2.5268240701407194,2.5161515371873975,2.5054790042340755
231,NH1248,L,0.0003714710252600297,0.04606240713224369,2.837624732323611,2.890141248703003,-0.00017210672376677394,2.890141248703003,2.8901240380306263,2.8901068273582498,2.8900896166858727,2.8900551953411195,2.890012168660178,2.889969141979236
232,NH1249,N,0.0003714710252600297,0.04457652303120357,2.5249590732322225,2.7228007316589355,-0.017395177856087685,2.7228007316589355,2.721061213873327,2.719321696087718,2.7175821783021092,2.7141031427308917,2.70975434826687,2.705405553802848
233,NH1250,M,0.002228826151560178,0.04903417533432392,2.5162415555561113,2.6089630126953125,-0.03031926043331623,2.6089630126953125,2.6059310866519807,2.6028991606086493,2.5998672345653175,2.5938033824786544,2.5862235673703253,2.5786437522619963
234,NH1252,L,0.029717682020802376,0.033432392273402674,3.126440696969666,3.023036003112793,-0.015176026150584221,3.023036003112793,3.0215184004977345,3.020000797882676,3.018483195267618,3.015447990037501,3.011653983499855,3.0078599769622087
235,NH1253,N,0.11181277860326895,0.034918276374442794,2.8340224621213883,2.7623472213745117,0.01863059401512146,2.7623472213745117,2.764210280776024,2.766073340177536,2.7679363995790482,2.7716625183820724,2.776320166885853,2.780977815389633
236,NH1254,M,0.0014858841010401188,0.04903417533432392,3.004899825757777,3.0263376235961914,0.055486973375082016,3.0263376235961914,3.0318863209336997,3.037435018271208,3.042983715608716,3.0540811102837324,3.067952853627503,3.0818245969712734
237,NH1255,L,0.0003714710252600297,0.04049034175334324,2.7242681792936114,2.744917392730713,-0.054240670055150986,2.744917392730713,2.739493325725198,2.734069258719683,2.7286451917141674,2.7177970577031374,2.7042368901893497,2.690676722675562
238,NH1256,M,0.0007429420505200594,0.04791976225854384,2.8328890353527774,2.8617513179779053,0.03421831503510475,2.8617513179779053,2.8651731494814157,2.868594980984926,2.872016812488437,2.8788604754954576,2.887415054254234,2.89596963301301
239,NH1257,M,0.0007429420505200594,0.04791976225854384,2.831951083332778,2.7171993255615234,0.0024366341531276703,2.7171993255615234,2.717442988976836,2.717686652392149,2.717930315807462,2.7184176426380873,2.719026801176369,2.719635959714651
240,NH1258,L,0.0003714710252600297,0.03231797919762259,2.654602325757222,2.605862617492676,-0.05871155485510826,2.605862617492676,2.599991462007165,2.594120306521654,2.5882491510361434,2.5765068400651217,2.5618289513513446,2.5471510626375675
241,NH1259,N,0.0003714710252600297,0.03900445765230312,3.1357789444447226,2.9396674633026123,0.05423861742019653,2.9396674633026123,2.945091325044632,2.9505151867866517,2.955939048528671,2.9667867720127106,2.9803464263677597,2.993906080722809
242,NH1260,N,0.0007429420505200594,0.0475482912332838,2.6399200227275,2.7072227001190186,0.0169666800647974,2.7072227001190186,2.7089193681254984,2.710616036131978,2.7123127041384576,2.7157060401514173,2.7199477101676166,2.724189380183816
243,NH1261,N,0.0018573551263001485,0.041604754829123326,2.472241170454583,2.4938933849334717,0.003957304172217846,2.4938933849334717,2.4942891153506936,2.494684845767915,2.495080576185137,2.4958720370195806,2.496861363062635,2.4978506891056895
244,NH1262,N,0.0018573551263001485,0.046805349182763745,2.4691630643929168,2.514375925064087,-0.09950043261051178,2.514375925064087,2.504425881803036,2.4944758385419847,2.484525795280933,2.464625708758831,2.439750600606203,2.414875492453575
245,NH1263,N,0.0003714710252600297,0.04420505200594354,2.296183890152083,2.4343948364257812,-0.08668699860572815,2.4343948364257812,2.4257261365652085,2.417057436704636,2.4083887368440626,2.391051337122917,2.369379587471485,2.347707837820053
246,NH1264,N,0.002228826151560178,0.03974739970282318,2.4585983143933334,2.4594063758850098,-0.16637413203716278,2.4594063758850098,2.4427689626812934,2.426131549477577,2.409494136273861,2.3762193098664284,2.3346257768571377,2.293032243847847
247,NH1265,N,0.0018573551263001485,0.048291233283803865,2.7016733560620825,2.6432464122772217,-0.13289430737495422,2.6432464122772217,2.6299569815397263,2.616667550802231,2.6033781200647352,2.5767992585897446,2.543575681746006,2.5103521049022675
248,NH1266,N,0.0003714710252600297,0.04309063893016345,2.468450204545833,2.529820203781128,-0.11167125403881073,2.529820203781128,2.518653078377247,2.507485952973366,2.4963188275694845,2.4739845767617226,2.44606676325202,2.418148949742317
249,NH1267,N,0.0007429420505200594,0.04234769687964339,2.5241426553024997,2.5631396770477295,-0.018300743773579597,2.5631396770477295,2.5613096026703714,2.5594795282930134,2.557649453915656,2.5539893051609397,2.549414119217545,2.54483893327415
250,NH1268,N,0.0007429420505200594,0.050148588410104014,2.5759929696966672,2.544262647628784,-0.019650625064969063,2.544262647628784,2.542297585122287,2.5403325226157905,2.5383674601092934,2.5344373350962996,2.5295246788300574,2.524612022563815
251,NH1269,N,0.0003714710252600297,0.043833580980683504,2.5378497500000003,2.6001250743865967,0.007284942083060741,2.6001250743865967,2.6008535685949026,2.601582062803209,2.602310557011515,2.603767545428127,2.6055887809488922,2.6074100164696574
252,NH1271,N,0.0007429420505200594,0.048291233283803865,2.506554670455417,2.4910264015197754,-0.01986299455165863,2.4910264015197754,2.4890401020646093,2.4870538026094438,2.4850675031542777,2.481094904243946,2.4761291556060314,2.4711634069681168
253,NH1272,M,0.0007429420505200594,0.05609212481426449,2.941386454545417,2.704188823699951,0.006702834274619818,2.704188823699951,2.704859107127413,2.705529390554875,2.7061996739823373,2.707540240837261,2.709215949405916,2.710891657974571
254,NH1273,M,0.0007429420505200594,0.05572065378900446,2.850796257575001,2.940592050552368,0.06562577933073044,2.940592050552368,2.9471546284854413,2.9537172064185144,2.960279784351587,2.9734049402177334,2.989811385050416,3.0062178298830986
255,NH1277,M,0.0007429420505200594,0.04977711738484398,2.7712728068183337,2.9595112800598145,-0.04339662194252014,2.9595112800598145,2.9551716178655623,2.9508319556713105,2.9464922934770583,2.9378129690885544,2.9269638136029243,2.9161146581172943
256,NH1278,N,0.001114413075780089,0.048662704309063894,2.7603419734845835,2.7415828704833984,0.049319732934236526,2.7415828704833984,2.746514843776822,2.7514468170702457,2.7563787903636694,2.7662427369505167,2.778572670184076,2.790902603417635
257,NH1279,L,0.0003714710252600297,0.03714710252600297,2.854402593433611,2.921323776245117,-0.052213918417692184,2.921323776245117,2.916102384403348,2.910880992561579,2.9056596007198094,2.895216817036271,2.882163337431848,2.869109857827425
258,NH1280,N,0.002600297176820208,0.037518573551263,2.643564111111388,2.6977760791778564,-0.024766188114881516,2.6977760791778564,2.6952994603663685,2.69282284155488,2.690346222743392,2.6853929851204157,2.6792014380916953,2.673009891062975
259,NH1281,M,0.0014858841010401188,0.050148588410104014,2.4853121843427775,2.615065097808838,-0.001717748586088419,2.615065097808838,2.614893322950229,2.6147215480916204,2.614549773233011,2.6142062235157937,2.6137767863692716,2.6133473492227495
260,NH1282,N,0.0018573551263001485,0.04271916790490342,2.623553575758333,2.5625762939453125,-0.006668895483016968,2.5625762939453125,2.561909404397011,2.561242514848709,2.5605756253004075,2.559241846203804,2.5575746223330498,2.5559073984622955
261,NH1283,N,0.0003714710252600297,0.04903417533432392,2.453483984847917,2.4984240531921387,-0.07035147398710251,2.4984240531921387,2.4913889057934284,2.484353758394718,2.477318610996008,2.4632483161985874,2.445660447701812,2.428072579205036
262,NH1284,N,0.0003714710252600297,0.03603268945022288,2.4937691704554164,2.5342800617218018,-0.03996153920888901,2.5342800617218018,2.530283907800913,2.526287753880024,2.522291599959135,2.5142992921173573,2.504308907315135,2.4943185225129128
263,NH1285,N,0.0014858841010401188,0.05200594353640416,2.531765268939167,2.5877599716186523,-0.024136478081345558,2.5877599716186523,2.585346323810518,2.5829326760023834,2.5805190281942485,2.5756917325779796,2.569657613057643,2.563623493537307
264,NH1286,N,0.001114413075780089,0.0412332838038633,2.569353840909167,2.5420429706573486,-0.009945586323738098,2.5420429706573486,2.541048412024975,2.540053853392601,2.5390592947602273,2.5370701774954796,2.534583780914545,2.5320973843336105
265,NH1287,N,0.0007429420505200594,0.03937592867756315,2.4672966704549997,2.5123190879821777,-0.04432949423789978,2.5123190879821777,2.507886138558388,2.5034531891345977,2.499020239710808,2.490154340863228,2.479071967303753,2.467989593744278
266,NH1288,M,0.02786032689450223,0.048291233283803865,2.745617397727917,2.6735622882843018,0.039281465113162994,2.6735622882843018,2.677490434795618,2.6814185813069344,2.6853467278182506,2.6932030208408833,2.703023387119174,2.7128437533974648
267,NH1289,L,0.02711738484398217,0.0475482912332838,2.8609133787891667,2.7813620567321777,-0.07481460273265839,2.7813620567321777,2.7738805964589117,2.766399136185646,2.75891767591238,2.7439547553658485,2.725251104682684,2.7065474539995193
268,NH1290,L,0.02711738484398217,0.04271916790490342,2.6928882613641667,2.6334025859832764,-0.008096695877611637,2.6334025859832764,2.6325929163955153,2.631783246807754,2.6309735772199927,2.6293542380444705,2.6273300640750676,2.6253058901056647
269,NH1291,M,0.029346210995542348,0.05163447251114413,2.8228221780299996,2.5777766704559326,-0.021136723458766937,2.5777766704559326,2.575662998110056,2.573549325764179,2.5714356534183027,2.567208308726549,2.5619241278618574,2.5566399469971657
270,NH1292,N,0.0014858841010401188,0.04049034175334324,2.6127516944444453,2.538569450378418,-0.01246961485594511,2.538569450378418,2.5373224888928236,2.536075527407229,2.5348285659216345,2.5323346429504454,2.529217239236459,2.526099835522473
271,NH1293,M,0.0007429420505200594,0.0512630014858841,2.493363959596666,2.5618467330932617,0.0033556008711457253,2.5618467330932617,2.5621822931803764,2.562517853267491,2.5628534133546053,2.5635245335288346,2.564363433746621,2.5652023339644074
272,NH1294,L,0.0003714710252600297,0.04234769687964339,2.7839180277775006,2.822502613067627,-0.07119893282651901,2.822502613067627,2.8153827197849752,2.808262826502323,2.8011429332196713,2.7869031466543674,2.7691034134477377,2.751303680241108
273,NH1295,N,0.0007429420505200594,0.03789004457652303,2.5581307499999992,2.494202136993408,0.011775595135986805,2.494202136993408,2.495379696507007,2.4965572560206057,2.497734815534204,2.5000899345614016,2.5030338333453983,2.505977732129395
274,NH1296,N,0.0007429420505200594,0.03603268945022288,2.6449486590916664,2.6190414428710938,0.020454484969377518,2.6190414428710938,2.6210868913680314,2.623132339864969,2.625177788361907,2.6292686853557825,2.634382306598127,2.6394959278404713
275,NH1297,M,0.0007429420505200594,0.046805349182763745,2.486670829545,2.6211893558502197,-0.06526229530572891,2.6211893558502197,2.614663126319647,2.608136896789074,2.601610667258501,2.5885582081973553,2.572242634370923,2.555927060544491
276,NH1298,N,0.002600297176820208,0.030832095096582468,2.6032306893933335,2.513662099838257,0.0011474211933091283,2.513662099838257,2.5137768419575877,2.5138915840769185,2.5140063261962498,2.5142358104349114,2.5145226657332387,2.514809521031566
277,NH1299,M,0.0003714710252600297,0.048291233283803865,2.55315451894,2.525977373123169,-0.02373376302421093,2.525977373123169,2.5236039968207478,2.5212306205183266,2.518857244215906,2.5141104916110635,2.5081770508550107,2.502243610098958
278,NH1300,M,0.0007429420505200594,0.03937592867756315,2.615341871212083,2.5492727756500244,-0.04676856845617294,2.5492727756500244,2.544595918804407,2.53991906195879,2.5352422051131724,2.525888491421938,2.5141963493078947,2.5025042071938515
279,NH1301,L,0.001114413075780089,0.04086181277860327,2.7468906780295828,2.796931266784668,-0.0022987371776252985,2.796931266784668,2.7967013930669054,2.7964715193491427,2.7962416456313806,2.7957818981958553,2.795207213901449,2.7946325296070427
280,NH1302,N,0.0,0.03789004457652303,3.014583128788751,2.7753539085388184,-0.0507907010614872,2.7753539085388184,2.7702748384326696,2.765195768326521,2.760116698220372,2.7499585580080748,2.737260882742703,2.724563207477331
281,NH1303,N,0.02897473997028232,0.03900445765230312,2.4516604166666665,2.527294635772705,-0.04986584186553955,2.527294635772705,2.522308051586151,2.517321467399597,2.512334883213043,2.5023617148399353,2.4898952543735504,2.4774287939071655
282,NH1306,N,0.0,0.03789004457652303,2.5635624797980565,2.579281806945801,-0.01922736130654812,2.579281806945801,2.577359070815146,2.575436334684491,2.5735135985538364,2.5696681262925267,2.5648612859658897,2.5600544456392527
283,NH1309,N,0.001114413075780089,0.04049034175334324,2.57859885606,2.6388251781463623,-0.010642887093126774,2.6388251781463623,2.6377608894370494,2.636696600727737,2.635632312018424,2.633503734599799,2.6308430128265172,2.6281822910532355
284,NH1310,N,0.0003714710252600297,0.03789004457652303,2.8150244583333346,2.75943660736084,0.05087302625179291,2.75943660736084,2.764523909986019,2.7696112126111982,2.774698515236378,2.7848731204867363,2.7975913770496845,2.8103096336126328
285,NH1311,N,0.04420505200594354,0.03789004457652303,2.6374902689395836,2.604344367980957,-0.029240179806947708,2.604344367980957,2.601420350000262,2.5984963320195673,2.595572314038873,2.589724278077483,2.5824142331257463,2.5751041881740093
286,NH1312,N,0.002228826151560178,0.03863298662704309,2.9368905568179167,2.8659071922302246,0.013819146901369095,2.8659071922302246,2.8672891069203614,2.8686710216104983,2.8700529363006355,2.872816765680909,2.8762715524062514,2.8797263391315937
287,NH1314,N,0.045319465081723624,0.04011887072808321,2.688623280302917,2.651379346847534,-0.028299402445554733,2.651379346847534,2.648549406602979,2.645719466358423,2.642889526113868,2.637229645624757,2.630154795013368,2.6230799444019794
288,NH1316,M,0.0003714710252600297,0.056835066864784546,2.5534413068183337,2.689985752105713,-0.030591748654842377,2.689985752105713,2.6869265772402287,2.6838674023747444,2.68080822750926,2.6746898777782917,2.667041940614581,2.6593940034508705
289,NH1317,M,0.0,0.057206537890044575,2.550327037878333,2.5035340785980225,-0.06769885122776031,2.5035340785980225,2.4967641934752463,2.4899943083524705,2.4832244232296943,2.4696846529841423,2.4527599401772022,2.435835227370262
290,NH1318,M,0.001114413075780089,0.05460624071322437,2.7490894924241664,2.6736342906951904,0.008496519178152084,2.6736342906951904,2.674483942613006,2.6753335945308208,2.676183246448636,2.6778825502842665,2.6800066800788045,2.6821308098733425
291,NH1319,N,0.0014858841010401188,0.043833580980683504,2.64879105681875,2.737218141555786,0.0008751917630434036,2.737218141555786,2.7373056607320905,2.737393179908395,2.737480699084699,2.737655737437308,2.7378745353780687,2.7380933333188295
292,NH1321,M,0.0003714710252600297,0.04234769687964339,2.472396916666667,2.7664794921875,-0.031089603900909424,2.7664794921875,2.763370531797409,2.760261571407318,2.757152611017227,2.7509346902370453,2.743162289261818,2.7353898882865906
293,NH1322,L,0.0007429420505200594,0.0475482912332838,2.8165363030316675,2.804924249649048,0.013161824084818363,2.804924249649048,2.8062404320575296,2.8075566144660113,2.8088727968744935,2.811505161691457,2.8147956177126616,2.818086073733866
294,NH1322,L,0.0007429420505200594,0.0475482912332838,2.8165363030316675,2.823011875152588,0.008048401214182377,2.823011875152588,2.823816715274006,2.8246215553954244,2.8254263955168426,2.827036075759679,2.8290481760632247,2.8310602763667703
295,NH1323,N,0.001114413075780089,0.041976225854383355,2.5266099848475,2.5613200664520264,-0.026454977691173553,2.5613200664520264,2.558674568682909,2.556029070913792,2.553383573144674,2.5480925776064396,2.541478833183646,2.534865088760853
296,NH1323,N,0.001114413075780089,0.041976225854383355,2.5266099848475,2.563215970993042,-0.027874238789081573,2.563215970993042,2.560428547114134,2.557641123235226,2.5548536993563173,2.549278851598501,2.542310291901231,2.5353417322039604
297,NH1324,M,0.0014858841010401188,0.04977711738484398,2.9338776060612504,2.930755615234375,-0.008724130690097809,2.930755615234375,2.929883202165365,2.9290107890963553,2.928138376027346,2.926393549889326,2.9242125172168016,2.922031484544277
298,NH1324,M,0.0018573551263001485,0.04977711738484398,2.9338776060612504,2.9255003929138184,0.05096163600683212,2.9255003929138184,2.9305965565145016,2.935692720115185,2.940788883715868,2.9509812109172344,2.9637216199189425,2.9764620289206505
299,NH1325,L,0.001114413075780089,0.038261515601783064,2.6817118977270833,2.508490562438965,-0.0636742115020752,2.508490562438965,2.5021231412887572,2.4957557201385496,2.4893882989883425,2.4766534566879272,2.4607349038124084,2.4448163509368896
300,NH1326,M,0.0007429420505200594,0.0475482912332838,2.5767791515150003,2.588778257369995,0.03411972150206566,2.588778257369995,2.5921902295202015,2.5956022016704083,2.5990141738206147,2.605838118121028,2.6143680484965444,2.6228979788720608
301,NH1327,L,0.0007429420505200594,0.03789004457652303,2.477386280302916,2.683955669403076,0.018301157280802727,2.683955669403076,2.6857857851311566,2.6876159008592366,2.689446016587317,2.6931062480434775,2.697681537363678,2.702256826683879
302,NH1328,M,0.0014858841010401188,0.04940564635958395,2.4199650151525,2.6033222675323486,-0.04718245193362236,2.6033222675323486,2.5986040223389866,2.593885777145624,2.589167531952262,2.5797310415655375,2.567935428582132,2.5561398155987263
303,NH1329,L,0.02674591381872214,0.04271916790490342,2.662665681819167,2.6089582443237305,-0.013591907918453217,2.6089582443237305,2.607599053531885,2.60623986274004,2.6048806719481945,2.602162290364504,2.5987643133848906,2.5953663364052773
304,NH1330,N,0.029346210995542348,0.04606240713224369,2.744171212121249,2.703457832336426,0.01285218633711338,2.703457832336426,2.704743050970137,2.7060282696038485,2.70731348823756,2.7098839255049825,2.713096972089261,2.716310018673539
305,NH1331,N,0.0014858841010401188,0.0412332838038633,2.491312761364167,2.5932106971740723,-0.01478540152311325,2.5932106971740723,2.591732157021761,2.5902536168694494,2.5887750767171385,2.5858179964125156,2.5821216460317373,2.578425295650959
306,NH1334,N,0.0014858841010401188,0.04234769687964339,2.5767567424237505,2.5835208892822266,-0.043657124042510986,2.5835208892822266,2.5791551768779755,2.5747894644737244,2.5704237520694733,2.561692327260971,2.5507780462503433,2.5398637652397156
307,NH1335,N,0.003714710252600297,0.044947994056463596,3.0797070101005546,2.791261911392212,0.059788137674331665,2.791261911392212,2.797240725159645,2.8032195389270784,2.8091983526945112,2.8211559802293777,2.8361030146479607,2.8510500490665436
308,NH1336,M,0.001114413075780089,0.04606240713224369,2.6871744873736114,2.5956897735595703,-0.01865285262465477,2.5956897735595703,2.5938244882971047,2.5919592030346394,2.590093917772174,2.586363347247243,2.5817001340910792,2.5770369209349155
309,NH1337,L,0.001114413075780089,0.03789004457652303,2.9226101060613896,2.902928590774536,0.05402649566531181,2.902928590774536,2.9083312403410675,2.9137338899075984,2.9191365394741298,2.929941838607192,2.94344846252352,2.956955086439848
310,NH1338,M,0.045319465081723624,0.043833580980683504,2.9221314431825003,2.7812108993530273,0.02038886956870556,2.7812108993530273,2.7832497863098977,2.7852886732667685,2.787327560223639,2.79140533413738,2.7965025515295565,2.801599768921733
311,NH1339,N,0.0018573551263001485,0.04271916790490342,2.6399382676763885,2.6281566619873047,0.001595181878656149,2.6281566619873047,2.62831618017517,2.6284756983630357,2.6286352165509017,2.6289542529266328,2.629353048396297,2.629751843865961
312,NH1340,M,0.0003714710252600297,0.05163447251114413,2.7187097020208335,2.6821417808532715,0.006984000559896231,2.6821417808532715,2.682840180909261,2.6835385809652506,2.6842369810212405,2.6856337811332196,2.6873797812731937,2.6891257814131677
313,NH1341,L,0.001114413075780089,0.05089153046062407,2.8546977247477785,2.8559844493865967,0.010396560654044151,2.8559844493865967,2.857024105452001,2.8580637615174056,2.85910341758281,2.8611827297136188,2.86378186987713,2.866381010040641
314,NH1342,N,0.02711738484398217,0.04011887072808321,2.991576204545834,2.857973098754883,0.10637114197015762,2.857973098754883,2.8686102129518987,2.8792473271489145,2.88988444134593,2.9111586697399616,2.937751455232501,2.9643442407250404
315,NH1343,M,0.030089153046062408,0.05386329866270431,2.693697265150833,2.6641950607299805,-0.012375544756650925,2.6641950607299805,2.6629575062543154,2.6617199517786503,2.660482397302985,2.658007288351655,2.6549134021624923,2.6518195159733295
316,NH1344,N,0.02674591381872214,0.03937592867756315,2.6682699621208332,2.571868658065796,-0.004245054442435503,2.571868658065796,2.5714441526215523,2.571019647177309,2.5705951417330652,2.569746130844578,2.5686848672339693,2.5676236036233604
317,NH1345,M,0.02786032689450223,0.05349182763744428,2.617128162878333,2.682248592376709,0.03707325831055641,2.682248592376709,2.685955918207765,2.68966324403882,2.693370569869876,2.700785221531987,2.7100535361096263,2.7193218506872654
318,NH1346,M,0.0274888558692422,0.04457652303120357,2.8472591401512504,2.7058732509613037,-0.018846293911337852,2.7058732509613037,2.70398862157017,2.702103992179036,2.7002193627879025,2.696450104005635,2.6917385305278003,2.687026957049966
319,NH1347,N,0.02711738484398217,0.04420505200594354,2.7911444242425,2.67372727394104,0.011542737483978271,2.67372727394104,2.674881547689438,2.6760358214378357,2.6771900951862335,2.679498642683029,2.6823843270540237,2.6852700114250183
320,NH1348,N,0.0003714710252600297,0.034918276374442794,2.6559603181822227,2.6210670471191406,-0.0012724475236609578,2.6210670471191406,2.6209398023667747,2.6208125576144083,2.6206853128620424,2.62043082335731,2.620112711476395,2.6197945995954797
321,NH1349,M,0.0007429420505200594,0.05609212481426449,2.7990816994947227,2.633394479751587,0.022916482761502266,2.633394479751587,2.635686128027737,2.637977776303887,2.6402694245800378,2.644852721132338,2.6505818418227136,2.656310962513089
322,NH1350,L,0.0007429420505200594,0.041604754829123326,2.7984811085850003,2.791701316833496,-0.011397065594792366,2.791701316833496,2.790561610274017,2.789421903714538,2.788282197155058,2.7860027840361,2.783153517637402,2.7803042512387037
323,NH1352,N,0.0003714710252600297,0.04309063893016345,2.7900420984851406,3.033813714981079,-0.01481555588543415,3.033813714981079,3.032332159392536,3.030850603803992,3.029369048215449,3.026405937038362,3.0227020480670035,3.018998159095645
324,NH1353,L,0.0007429420505200594,0.04903417533432392,2.6507707045455557,2.666774034500122,-0.04260864853858948,2.666774034500122,2.662513169646263,2.6582523047924043,2.653991439938545,2.6454697102308273,2.63481754809618,2.6241653859615326
325,NH1354,N,0.0007429420505200594,0.044947994056463596,2.5145562550505547,2.5219616889953613,-0.011227411217987537,2.5219616889953613,2.5208389478735627,2.519716206751764,2.518593465629965,2.5163479833863676,2.5135411305818707,2.510734277777374
326,NH1356,N,0.02786032689450223,0.04791976225854384,2.6516924090904164,2.727006196975708,0.02533833496272564,2.727006196975708,2.7295400304719806,2.732073863968253,2.7346076974645257,2.739675364457071,2.7460099481977522,2.7523445319384336
327,NH1357,L,0.02786032689450223,0.046433878157503716,2.849412655302917,2.8121354579925537,0.07729862630367279,2.8121354579925537,2.819865320622921,2.827595183253288,2.8353250458836556,2.85078477114439,2.8701094277203083,2.8894340842962265
328,NH1358,N,0.0274888558692422,0.041604754829123326,2.738566556817916,2.6735119819641113,0.01053612306714058,2.6735119819641113,2.6745655942708253,2.6756192065775393,2.6766728188842537,2.6787800434976816,2.6814140742644668,2.684048105031252
329,NH1359,L,0.02711738484398217,0.0475482912332838,2.7056219431808333,2.6557109355926514,-0.015055837109684944,2.6557109355926514,2.654205351881683,2.6526997681707143,2.651194184459746,2.648183017037809,2.6444190577603877,2.6406550984829664
330,NH1360,L,0.0,0.0475482912332838,2.920682946969167,2.8637592792510986,-0.04874926060438156,2.8637592792510986,2.8588843531906605,2.8540094271302223,2.849134501069784,2.839384648948908,2.8271973337978125,2.815010018646717
331,NH1361,N,0.0007429420505200594,0.038261515601783064,2.670264651515,2.635505437850952,0.022358277812600136,2.635505437850952,2.6377412656322123,2.639977093413472,2.6422129211947323,2.646684576757252,2.6522741462104023,2.6578637156635523
332,NH1362,M,0.0003714710252600297,0.05200594353640416,2.5204641931825,2.665226697921753,0.005589038599282503,2.665226697921753,2.665785601781681,2.6663445056416095,2.6669034095015376,2.668021217221394,2.669418476871215,2.6708157365210354
333,NH1363,L,0.002600297176820208,0.04234769687964339,2.8111716136362497,2.6901748180389404,0.035736847668886185,2.6901748180389404,2.6937485028058292,2.6973221875727176,2.7008958723396064,2.7080432418733835,2.716977453790605,2.7259116657078266
334,NH1364,N,0.0018573551263001485,0.0412332838038633,2.7324893257579177,2.661332130432129,-0.025851579383015633,2.661332130432129,2.6587469724938275,2.6561618145555257,2.6535766566172243,2.648406340740621,2.641943445894867,2.6354805510491133
335,NH1365,N,0.0003714710252600297,0.04011887072808321,2.4130399090912498,2.568176746368408,-0.03991840034723282,2.568176746368408,2.564184906333685,2.560193066298962,2.556201226264238,2.548217546194792,2.5382379461079836,2.5282583460211754
336,NH1366,L,0.002228826151560178,0.04271916790490342,2.8110285681816665,2.7752060890197754,-0.037284184247255325,2.7752060890197754,2.7714776705950497,2.7677492521703244,2.7640208337455987,2.7565639968961477,2.747242950834334,2.73792190477252
337,NH1367,L,0.002228826151560178,0.04049034175334324,2.5282417234850003,2.6152963638305664,-0.06610997766256332,2.6152963638305664,2.60868536606431,2.602074368298054,2.5954633705317973,2.5822413749992847,2.565713880583644,2.549186386168003
338,NH1368,N,0.0007429420505200594,0.03937592867756315,2.9217660000004164,2.9183743000030518,-0.010274611413478851,2.9183743000030518,2.917346838861704,2.916319377720356,2.915291916579008,2.9132369942963123,2.9106683414429426,2.908099688589573
339,NH1371,N,0.0018573551263001485,0.03528974739970282,2.6560071606063334,2.72381854057312,0.011671910993754864,2.72381854057312,2.7249857316724957,2.7261529227718713,2.7273201138712464,2.7296544960699975,2.7325724738184363,2.735490451566875
340,NH1376,N,0.002228826151560178,0.03789004457652303,2.9502337462116666,2.932331085205078,0.0030840574763715267,2.932331085205078,2.9326394909527154,2.9329478967003526,2.9332563024479894,2.933873113943264,2.9346441283123568,2.9354151426814497
341,NH1377,N,0.0033432392273402673,0.03900445765230312,3.017101999999166,2.8742918968200684,0.0038954089395701885,2.8742918968200684,2.8746814377140253,2.875070978607982,2.8754605195019396,2.8762396012898535,2.877213453524746,2.8781873057596385
342,NH1378,N,0.0018573551263001485,0.038261515601783064,2.6396423143937504,2.787186861038208,0.004277520347386599,2.787186861038208,2.7876146130729467,2.7880423651076853,2.788470117142424,2.7893256212119013,2.790395001298748,2.7914643813855946
343,NH1379,L,0.0007429420505200594,0.04234769687964339,2.427929627272333,2.6624948978424072,-0.05625660717487335,2.6624948978424072,2.65686923712492,2.6512435764074325,2.6456179156899453,2.6343665942549706,2.620302442461252,2.606238290667534
344,NH1380,N,0.0007429420505200594,0.03900445765230312,2.5106332075753324,2.5220959186553955,-0.10084562003612518,2.5220959186553955,2.512011356651783,2.5019267946481705,2.491842232644558,2.471673108637333,2.4464617036283016,2.4212502986192703
345,NH1381,L,0.0007429420505200594,0.03714710252600297,2.791738484848332,2.6807785034179688,0.01582561619579792,2.6807785034179688,2.6823610650375485,2.683943626657128,2.6855261882767083,2.6886913115158677,2.692647715564817,2.6966041196137667
346,NH1382,L,0.0014858841010401188,0.043833580980683504,2.5365751893945836,2.7299671173095703,0.04216644540429115,2.7299671173095703,2.7341837618499993,2.7384004063904284,2.742617050930858,2.751050340011716,2.7615919513627887,2.7721335627138615
347,NH1383,L,0.001114413075780089,0.038261515601783064,2.715058503788333,2.6683409214019775,-0.028365299105644226,2.6683409214019775,2.665504391491413,2.662667861580849,2.659831331670284,2.6541582718491554,2.6470669470727444,2.6399756222963333
348,NH1384,L,0.0007429420505200594,0.03974739970282318,2.7460927310595826,2.617050886154175,-0.06369566172361374,2.617050886154175,2.6106813199818135,2.6043117538094522,2.5979421876370905,2.585203055292368,2.5692791398614645,2.553355224430561
349,NH1385,N,0.0007429420505200594,0.03974739970282318,2.677818651515833,2.724733591079712,0.012839952483773232,2.724733591079712,2.7260175863280893,2.7273015815764667,2.7285855768248437,2.7311535673215985,2.734363555442542,2.737573543563485
350,NH1386,L,0.0003714710252600297,0.0338038632986627,3.0376429507583333,2.9387130737304688,0.02905229479074478,2.9387130737304688,2.9416183032095433,2.944523532688618,2.947428762167692,2.953239221125841,2.9605022948235273,2.9677653685212135
351,NH1387,N,0.0003714710252600297,0.03789004457652303,2.6446771856066666,2.62580943107605,-0.00741962343454361,2.62580943107605,2.6250674687325954,2.624325506389141,2.6235835440456867,2.622099619358778,2.620244713500142,2.618389807641506
352,NH1388,M,0.001114413075780089,0.04717682020802377,2.7922012689387503,2.9309606552124023,0.014425529167056084,2.9309606552124023,2.932403208129108,2.9338457610458137,2.935288313962519,2.9381734197959304,2.9417798020876944,2.9453861843794584
353,NH1389,L,0.0007429420505200594,0.046805349182763745,2.744722598485416,2.7321767807006836,0.016452057287096977,2.7321767807006836,2.733821986429393,2.735467192158103,2.7371123978868126,2.740402809344232,2.7445158236660063,2.7486288379877806
354,NH1390,M,0.0003714710252600297,0.041976225854383355,2.601928625,2.5841283798217773,-0.011053909547626972,2.5841283798217773,2.5830229888670146,2.581917597912252,2.5808122069574893,2.578601425047964,2.575837947661057,2.5730744702741504
355,NH1391,L,0.0007429420505200594,0.04420505200594354,3.0596034772720824,2.9996230602264404,0.04204972833395004,2.9996230602264404,3.0038280330598353,3.0080330058932305,3.0122379787266254,3.0206479243934155,3.031160356476903,3.0416727885603905
356,NH1392,M,0.0007429420505200594,0.044947994056463596,2.6571546022733328,2.746461868286133,-0.002420369302853942,2.746461868286133,2.7462198313558472,2.745977794425562,2.7457357574952765,2.745251683634706,2.7446465913089924,2.744041498983279
357,NH1393,L,0.0003714710252600297,0.0412332838038633,2.7594724431812505,2.6777498722076416,0.026030326262116432,2.6777498722076416,2.6803529048338532,2.682955937460065,2.6855589700862765,2.6907650353387,2.697272616904229,2.703780198469758
358,NH1394,M,0.0014858841010401188,0.050148588410104014,2.61070518939375,2.652205467224121,-0.028082018718123436,2.652205467224121,2.6493972653523086,2.6465890634804965,2.643780861608684,2.6381644578650594,2.6311439531855285,2.6241234485059977
359,NH1396,N,0.10772659732540862,0.03603268945022288,2.5963870378785012,2.612870693206787,-0.017075803130865097,2.612870693206787,2.6111631128937005,2.609455532580614,2.6077479522675278,2.6043327916413546,2.6000638408586383,2.595794890075922
360,NH1397,L,0.10921248142644874,0.02637444279346211,2.622993156565277,2.623034715652466,-0.06435675173997879,2.623034715652466,2.616599040478468,2.6101633653044702,2.603727690130472,2.5908563397824764,2.5747671518474817,2.558677963912487
361,NH1398,N,0.10884101040118871,0.030832095096582468,2.8257200202024997,2.7467451095581055,-0.04530142620205879,2.7467451095581055,2.7422149669378997,2.737684824317694,2.7331546816974877,2.724094396457076,2.7127690399065614,2.7014436833560467
362,NH1400,N,0.0018573551263001485,0.04234769687964339,2.8297341931820834,2.7458932399749756,-0.020590418949723244,2.7458932399749756,2.743834198080003,2.7417751561850308,2.739716114290059,2.735598030500114,2.730450425762683,2.7253028210252523
363,NH1401,M,0.002228826151560178,0.048291233283803865,2.51667469696875,2.5870862007141113,-0.07915524393320084,2.5870862007141113,2.5791706763207913,2.5712551519274713,2.563339627534151,2.547508578747511,2.5277197677642107,2.5079309567809105
364,NH1402,N,0.0003714710252600297,0.037518573551263,2.7964503750012497,2.606584310531616,-0.08879353851079941,2.606584310531616,2.5977049566805364,2.5888256028294565,2.579946248978376,2.5621875412762165,2.5399891566485167,2.517790772020817
365,NH1403,L,0.0003714710252600297,0.043833580980683504,2.6668114507575003,2.7193920612335205,0.027047600597143173,2.7193920612335205,2.722096821293235,2.724801581352949,2.7275063414126635,2.732915861532092,2.739677761681378,2.7464396618306637
366,NH1404,N,0.0003714710252600297,0.03789004457652303,2.76952707197,2.804544448852539,0.05931330844759941,2.804544448852539,2.810475779697299,2.816407110542059,2.822338441386819,2.8342011030763388,2.8490294301882386,2.8638577573001385
367,NH1405,M,0.0003714710252600297,0.04791976225854384,2.5459914393941667,2.5905063152313232,-0.025212451815605164,2.5905063152313232,2.5879850700497626,2.585463824868202,2.582942579686642,2.5779000893235207,2.5715969763696194,2.565293863415718
368,NH1406,N,0.0007429420505200594,0.03789004457652303,2.6985776186861115,2.632455348968506,0.00857433583587408,2.632455348968506,2.6333127825520934,2.6341702161356806,2.635027649719268,2.636742516886443,2.6388861008454114,2.64102968480438
369,NH1407,M,0.0,0.046805349182763745,2.3724959797983334,2.5486583709716797,-0.030819201841950417,2.5486583709716797,2.5455764507874847,2.54249453060329,2.5394126104190944,2.5332487700507045,2.525543969590217,2.5178391691297293
370,NH1408,N,0.0007429420505200594,0.04049034175334324,2.9403473358586107,2.900782346725464,0.02756805717945099,2.900782346725464,2.903539152443409,2.906295958161354,2.9090527638792993,2.9145663753151894,2.921458389610052,2.928350403904915
371,NH1409,L,0.0007429420505200594,0.04271916790490342,2.9119232272733337,2.8204500675201416,0.020575404167175293,2.8204500675201416,2.822507607936859,2.8245651483535767,2.826622688770294,2.8307377696037292,2.835881620645523,2.841025471687317
372,NH1410,M,0.0014858841010401188,0.04717682020802377,2.5341386022729164,2.6347970962524414,-0.040165193378925323,2.6347970962524414,2.6307805769145487,2.6267640575766564,2.6227475382387637,2.6147144995629787,2.6046732012182474,2.594631902873516
373,NH1411,M,0.001114413075780089,0.046805349182763745,2.836565439392917,2.7438714504241943,-0.00992630422115326,2.7438714504241943,2.742878820002079,2.7418861895799638,2.7408935591578483,2.7389082983136177,2.7364267222583294,2.733945146203041
374,NH1412,L,0.0003714710252600297,0.04049034175334324,2.7662135151520832,2.781346321105957,0.04406062886118889,2.781346321105957,2.785752383992076,2.790158446878195,2.7945645097643137,2.8033766355365515,2.8143917927518487,2.825406949967146
375,NH1413,M,0.001114413075780089,0.04717682020802377,2.5141197272720834,2.595273494720459,-0.019905518740415573,2.595273494720459,2.5932829428464172,2.591292390972376,2.5893018390983342,2.585320735350251,2.5803443556651473,2.5753679759800434
376,NH1414,M,0.0,0.04234769687964339,2.5805085795449996,2.617999792098999,0.00652468902990222,2.617999792098999,2.6186522610019893,2.6193047299049796,2.6199571988079695,2.62126213661395,2.6228933088714257,2.6245244811289012
377,NH1415,M,0.0,0.04234769687964339,2.6120531174233337,2.5883336067199707,-0.0008336140308529139,2.5883336067199707,2.5882502453168854,2.5881668839138,2.588083522510715,2.5879167997045442,2.587708396196831,2.587499992689118
378,NH1416,M,0.001114413075780089,0.046433878157503716,2.6666781780308337,2.635550022125244,-0.022768856957554817,2.635550022125244,2.6332731364294886,2.630996250733733,2.628719365037978,2.6241655936464667,2.618473379407078,2.6127811651676893
379,NH1420,N,0.0,0.03863298662704309,2.88418860984875,2.7870450019836426,-0.03493671119213104,2.7870450019836426,2.7835513308644293,2.7800576597452165,2.776563988626003,2.769576646387577,2.7608424685895443,2.7521082907915115
380,NH1421,M,0.0014858841010401188,0.05163447251114413,2.6350029640147916,2.6038732528686523,-0.052446119487285614,2.6038732528686523,2.598628640919924,2.593384028971195,2.5881394170224667,2.5776501931250095,2.564538663253188,2.5514271333813667
381,NH1422,M,0.0,0.043462109955423475,2.732614287878125,2.803077220916748,-0.005887877196073532,2.803077220916748,2.8024884331971407,2.8018996454775333,2.801310857757926,2.8001332823187113,2.798661313019693,2.7971893437206745
382,NH1423,L,0.001114413075780089,0.045319465081723624,2.795841687499792,2.7993664741516113,0.03493155911564827,2.7993664741516113,2.802859630063176,2.806352785974741,2.809845941886306,2.8168322537094355,2.8255651434883475,2.8342980332672596
383,NH1424,M,0.0007429420505200594,0.044947994056463596,2.603203013257291,2.624234914779663,-0.007333258166909218,2.624234914779663,2.6235015889629723,2.6227682631462814,2.62203493732959,2.6205682856962085,2.618734971154481,2.616901656612754
384,NH1425,L,0.001114413075780089,0.03677563150074294,3.090623825757918,3.0800135135650635,0.047712795436382294,3.0800135135650635,3.084784793108702,3.08955607265234,3.094327352195978,3.1038699112832546,3.11579811014235,3.1277263090014458
385,NH1426,L,0.0007429420505200594,0.041604754829123326,2.9159720511366674,2.729907751083374,0.00995699129998684,2.729907751083374,2.730903450213373,2.7318991493433713,2.73289484847337,2.7348862467333674,2.737375494558364,2.739864742383361
386,NH1427,L,0.02786032689450223,0.04234769687964339,2.572204270201666,2.6554014682769775,-0.11402665823698044,2.6554014682769775,2.6439988024532797,2.6325961366295814,2.6211934708058835,2.5983881391584873,2.569881474599242,2.541374810039997
387,NH1428,L,0.02711738484398217,0.03714710252600297,2.4962147626258337,2.6304056644439697,0.04159573093056679,2.6304056644439697,2.6345652375370263,2.638724810630083,2.64288438372314,2.651203529909253,2.661602462641895,2.6720013953745365
388,NH1429,L,0.02786032689450223,0.038261515601783064,2.7701933131311107,2.6514816284179688,-0.10386969894170761,2.6514816284179688,2.641094658523798,2.6307076886296272,2.6203207187354565,2.599546778947115,2.573579354211688,2.547611929476261
389,NH1430,N,0.0,0.03417533432392273,2.598982184847709,2.756089448928833,0.028323806822299957,2.756089448928833,2.758921829611063,2.761754210293293,2.764586590975523,2.770251352339983,2.777332304045558,2.784413255751133
390,NH1431,L,0.0007429420505200594,0.05089153046062407,2.8693135707070834,2.810169219970703,0.04026301950216293,2.810169219970703,2.8141955219209196,2.8182218238711356,2.822248125821352,2.8303007297217846,2.8403664845973253,2.850432239472866
391,NH1432,M,0.0007429420505200594,0.045319465081723624,2.4809344823230552,2.4663515090942383,-0.06252332031726837,2.4663515090942383,2.4600991770625114,2.4538468450307844,2.447594512999058,2.435089848935604,2.419459018856287,2.40382818877697
392,NH1433,L,0.0003714710252600297,0.04049034175334324,2.8484010959591677,2.8245623111724854,-0.008058528415858746,2.8245623111724854,2.8237564583308994,2.8229506054893134,2.822144752647728,2.820533046964556,2.8185184148605913,2.8165037827566266
393,NH1434,N,0.0007429420505200594,0.048662704309063894,2.8610414507566673,2.7177157402038574,-0.00622651306912303,2.7177157402038574,2.717093088896945,2.716470437590033,2.7158477862831205,2.714602483669296,2.713045855402015,2.7114892271347344
394,NH1435,M,0.0,0.0475482912332838,2.5875511931825,2.544520854949951,-0.0037794411182403564,2.544520854949951,2.544142910838127,2.543764966726303,2.5433870226144792,2.542631134390831,2.541686274111271,2.540741413831711
395,NH1436,N,0.001114413075780089,0.041976225854383355,2.9314942272737503,2.837933301925659,0.03318949043750763,2.837933301925659,2.84125225096941,2.844571200013161,2.8478901490569113,2.854528047144413,2.86282541975379,2.871122792363167
396,NH1437,M,0.0,0.04791976225854384,2.4572546287883332,2.5742571353912354,-0.025973062962293625,2.5742571353912354,2.571659829095006,2.5690625227987764,2.5664652165025474,2.5612706039100885,2.554777338169515,2.5482840724289417
397,NH1438,N,0.0014858841010401188,0.041604754829123326,2.8197956249991667,2.830474853515625,-0.00995703786611557,2.830474853515625,2.8294791497290133,2.828483445942402,2.8274877421557902,2.825496334582567,2.8230070751160383,2.8205178156495094
398,NH1439,M,0.0,0.04940564635958395,2.6040388181808334,2.637495994567871,-0.010197259485721588,2.637495994567871,2.636476268619299,2.6354565426707266,2.634436816722155,2.6323973648250103,2.62984804995358,2.6272987350821495
399,NH1440,M,0.001114413075780089,0.04606240713224369,2.4855075101008333,2.6446657180786133,-0.019420266151428223,2.6446657180786133,2.6427236914634706,2.6407816648483275,2.638839638233185,2.634955585002899,2.630100518465042,2.625245451927185
400,NH1441,N,0.0003714710252600297,0.03974739970282318,2.6845978813138895,2.790726661682129,-0.0029019485227763653,2.790726661682129,2.7904364668298514,2.790146271977574,2.789856077125296,2.7892756874207407,2.7885502002900466,2.7878247131593525
401,NH1442,M,0.0003714710252600297,0.037518573551263,2.690955692424499,2.835744857788086,-0.05319971963763237,2.835744857788086,2.8304248858243226,2.8251049138605593,2.8197849418967964,2.8091449979692698,2.7958450680598617,2.7825451381504536
402,NH1443,M,0.0007429420505200594,0.043462109955423475,2.6812744053033337,2.6630053520202637,-0.01672549545764923,2.6630053520202637,2.6613328024744987,2.6596602529287336,2.657987703382969,2.654642604291439,2.6504612304270267,2.6462798565626144
403,NH1444,M,0.0003714710252600297,0.043462109955423475,2.7301533333329164,2.652578353881836,-0.029818039387464523,2.652578353881836,2.6495965499430896,2.646614746004343,2.6436329420655964,2.6376693341881037,2.6302148243412375,2.6227603144943714
404,NH1445,L,0.0003714710252600297,0.0412332838038633,2.918158560606666,2.8410613536834717,0.010967097245156765,2.8410613536834717,2.8421580634079873,2.843254773132503,2.844351482857019,2.84654490230605,2.8492866766173393,2.8520284509286284
405,NH1446,N,0.0,0.044947994056463596,2.772907863636667,2.8665387630462646,-0.03347951918840408,2.8665387630462646,2.8631908111274242,2.859842859208584,2.8564949072897434,2.8497990034520626,2.8414291236549616,2.8330592438578606
406,NH1447,M,0.0014858841010401188,0.043833580980683504,2.79463993939375,2.736905813217163,0.021596482023596764,2.736905813217163,2.7390654614195227,2.7412251096218823,2.7433847578242423,2.7477040542289615,2.7531031747348607,2.75850229524076
407,NH1448,N,0.0,0.043833580980683504,2.7518247045458337,2.787928581237793,-0.027521999552845955,2.787928581237793,2.7851763812825086,2.7824241813272237,2.7796719813719393,2.77416758146137,2.7672870815731585,2.760406581684947
408,NH1449,L,0.0018573551263001485,0.04086181277860327,2.8542932992424994,2.834688663482666,0.008021771907806396,2.834688663482666,2.8354908406734465,2.8362930178642274,2.837095195055008,2.838699549436569,2.840704992413521,2.8427104353904724
409,NH1450,J,0.0014858841010401188,0.04049034175334324,2.755381289925676,2.93937611579895,0.06038616597652435,2.93937611579895,2.9454147323966025,2.951453348994255,2.9574919655919074,2.9695691987872124,2.9846657402813435,2.9997622817754745
410,NH1451,J,0.001114413075780089,0.04791976225854384,3.0433975808080547,2.886815309524536,-0.04333662614226341,2.886815309524536,2.8824816469103096,2.8781479842960835,2.873814321681857,2.8651469964534044,2.8543128399178386,2.8434786833822727
411,NH1452,J,0.0,0.041604754829123326,3.246185393939722,3.1682534217834473,0.06154812499880791,3.1682534217834473,3.174408234283328,3.1805630467832087,3.18671785928309,3.199027484282851,3.214414515532553,3.229801546782255
412,NH1454,L,0.0018573551263001485,0.03863298662704309,2.8213227462112505,2.8071982860565186,-0.025749240070581436,2.8071982860565186,2.8046233620494605,2.8020484380424024,2.799473514035344,2.794323666021228,2.7878863560035825,2.781449045985937
413,NH1455,N,0.002228826151560178,0.0412332838038633,2.7748878939404165,2.8133275508880615,-0.013386419974267483,2.8133275508880615,2.8119889088906347,2.810650266893208,2.8093116248957815,2.806634340900928,2.803287735907361,2.799941130913794
414,NH1456,L,0.0003714710252600297,0.0412332838038633,2.539858378787917,2.6537511348724365,-0.07632864266633987,2.6537511348724365,2.6461182706058026,2.6384854063391687,2.6308525420725344,2.6155868135392666,2.5965046528726816,2.5774224922060966
415,NH1457,N,0.0007429420505200594,0.03789004457652303,2.965334935605833,2.9726085662841797,0.0030218821484595537,2.9726085662841797,2.9729107544990256,2.9732129427138716,2.9735151309287176,2.9741195073584095,2.9748749778955244,2.9756304484326392
416,NH1458,N,0.0014858841010401188,0.041976225854383355,2.8149711704537497,2.7816853523254395,-0.034227337688207626,2.7816853523254395,2.7782626185566186,2.7748398847877978,2.7714171510189773,2.7645716834813356,2.7560148490592837,2.747458014637232
417,NH1460,N,0.0014858841010401188,0.04049034175334324,2.915021795454443,2.7780725955963135,-0.07863057404756546,2.7780725955963135,2.770209538191557,2.7623464807868006,2.7544834233820437,2.7387573085725307,2.7190996650606394,2.699442021548748
418,NH1461,L,0.0,0.03268945022288262,2.707362411616389,2.6725807189941406,-0.058028362691402435,2.6725807189941406,2.6667778827250004,2.66097504645586,2.65517221018672,2.6435665376484394,2.629059446975589,2.614552356302738
419,NH1462,N,0.0007429420505200594,0.03231797919762259,2.6863496919191663,2.73960018157959,0.0007030420820228755,2.73960018157959,2.739670485787792,2.7397407899959942,2.739811094204197,2.7399517026206013,2.740127463141107,2.7403032236616127
420,NH1463,L,0.12741456166419018,0.028603268945022287,2.520522416666666,2.7522284984588623,-0.08519093692302704,2.7522284984588623,2.74370940476656,2.735190311074257,2.7266712173819543,2.709633029997349,2.688335295766592,2.6670375615358353
421,NH1464,N,0.0003714710252600297,0.03974739970282318,2.8710665303020826,2.7651166915893555,0.011701375246047974,2.7651166915893555,2.76628682911396,2.767456966638565,2.76862710416317,2.7709673792123795,2.7738927230238914,2.7768180668354034
422,NH1465,N,0.0003714710252600297,0.04011887072808321,3.1901213409087497,3.0372960567474365,-0.03287838026881218,3.0372960567474365,3.0340082187205555,3.030720380693674,3.027432542666793,3.0208568666130304,3.0126372715458274,3.0044176764786243
423,NH1466,N,0.001114413075780089,0.03714710252600297,2.797970242424584,2.727837562561035,-0.02480674721300602,2.727837562561035,2.7253568878397347,2.722876213118434,2.7203955383971334,2.715434188954532,2.7092325021512806,2.703030815348029
424,NH1467,N,0.0007429420505200594,0.044947994056463596,2.779368295454374,2.756931781768799,-0.008191900327801704,2.756931781768799,2.7561125917360187,2.7552934017032387,2.754474211670458,2.752835831604898,2.7507878565229475,2.748739881440997
425,NH1468,L,0.001114413075780089,0.041976225854383355,2.851153931818126,2.773618459701538,0.046435873955488205,2.773618459701538,2.778262047097087,2.7829056344926357,2.7875492218881845,2.796836396679282,2.8084453651681542,2.8200543336570263
426,NH1469,N,0.0,0.044947994056463596,3.3536392916670836,3.290790557861328,0.19033069908618927,3.290790557861328,3.309823627769947,3.328856697678566,3.347889767587185,3.3859559074044228,3.43353858217597,3.4811212569475174
427,NH1469,N,0.0003714710252600297,0.044947994056463596,3.3536392916670836,3.328150749206543,0.2273239940404892,3.328150749206543,3.350883148610592,3.373615548014641,3.3963479474186897,3.4418127462267876,3.49864374473691,3.555474743247032
428,NH1470,L,0.0007429420505200594,0.037518573551263,2.9344255719695838,2.9082043170928955,0.10083866119384766,2.9082043170928955,2.9182881832122805,2.928372049331665,2.93845591545105,2.9586236476898193,2.9838333129882812,3.009042978286743
429,NH1470,L,0.001114413075780089,0.037518573551263,2.9344255719695838,2.9155077934265137,0.07518459111452103,2.9155077934265137,2.9230262525379658,2.930544711649418,2.93806317076087,2.953100088983774,2.9718962367624044,2.9906923845410347
430,NH1471,N,0.0003714710252600297,0.03937592867756315,2.700038464015417,2.689985752105713,-0.036562737077474594,2.689985752105713,2.6863294783979654,2.682673204690218,2.6790169309824705,2.6717043835669756,2.662563699297607,2.6534230150282383
431,NH1472,L,0.0007429420505200594,0.0412332838038633,2.871240454544792,2.906507968902588,0.07303498685359955,2.906507968902588,2.913811467587948,2.921114966273308,2.9284184649586678,2.9430254623293877,2.9612842090427876,2.9795429557561874
432,NH1473,N,0.001114413075780089,0.041604754829123326,2.8334246988633334,2.8175549507141113,0.0043726470321416855,2.8175549507141113,2.8179922154173256,2.81842948012054,2.8188667448237537,2.819741274230182,2.8208344359882176,2.821927597746253
433,NH1474,N,0.001114413075780089,0.03974739970282318,2.944900195834292,2.925258159637451,0.02184789441525936,2.925258159637451,2.9274429490789773,2.929627738520503,2.931812527962029,2.936182106845081,2.9416440804488957,2.9471060540527105
434,NH1475,N,0.0018573551263001485,0.0412332838038633,2.9112718484852085,2.804121732711792,-0.039456192404031754,2.804121732711792,2.8001761134713887,2.7962304942309855,2.7922848749905826,2.784393636509776,2.774529588408768,2.7646655403077602
435,NH1476,L,0.0007429420505200594,0.037518573551263,2.697709937500001,2.67161226272583,-0.056036386638879776,2.67161226272583,2.6660086240619423,2.660404985398054,2.6548013467341662,2.64359406940639,2.6295849727466702,2.6155758760869503
436,NH1477,N,0.0003714710252600297,0.037518573551263,2.8579737840900004,2.7953941822052,0.005336468107998371,2.7953941822052,2.795927829016,2.7964614758268,2.7969951226375995,2.7980624162591994,2.799396533286199,2.8007306503131986
437,NH1478,N,0.0014858841010401188,0.038261515601783064,2.9087390106059994,3.063025712966919,0.03361911326646805,3.063025712966919,3.066387624293566,3.0697495356202125,3.0731114469468594,3.079835269600153,3.08824004791677,3.096644826233387
438,NH1479,N,0.0,0.04049034175334324,2.7656549090905553,2.732484817504883,-0.017097512260079384,2.732484817504883,2.730775066278875,2.7290653150528668,2.727355563826859,2.723936061374843,2.7196616833098233,2.7153873052448034
439,NH1480,N,0.001114413075780089,0.04977711738484398,2.856577093434167,2.85339617729187,-0.014569221995770931,2.85339617729187,2.851939255092293,2.850482332892716,2.8490254106931387,2.8461115662939847,2.842469260795042,2.838826955296099
440,NH1481,N,0.001114413075780089,0.036404160475482915,2.5367798143945834,2.6696038246154785,-0.02537005953490734,2.6696038246154785,2.6670668186619877,2.664529812708497,2.6619928067550065,2.656918794848025,2.650576279964298,2.644233765080571
441,NH1482,N,0.0014858841010401188,0.03566121842496285,3.0714249128787503,3.0710110664367676,0.04756385087966919,3.0710110664367676,3.0757674515247344,3.0805238366127012,3.0852802217006685,3.094792991876602,3.1066839545965195,3.1185749173164368
442,NH1483,J,0.002228826151560178,0.04791976225854384,3.305119875,3.16811203956604,0.1089312806725502,3.16811203956604,3.179005167633295,3.18989829570055,3.200791423767805,3.222577679902315,3.2498105000704527,3.2770433202385902
443,NH1484,J,0.0029717682020802376,0.03789004457652303,3.04554245454625,2.928971290588379,0.03241970017552376,2.928971290588379,2.9322132606059315,2.9354552306234836,2.938697200641036,2.945181140676141,2.9532860657200217,2.9613909907639027
444,NH1485,J,0.0003714710252600297,0.03714710252600297,2.8668407803025,2.826720952987671,-0.011667962186038494,2.826720952987671,2.825554156769067,2.824387360550463,2.8232205643318595,2.8208869718946517,2.817969981348142,2.8150529908016324
445,NH1486,J,0.0007429420505200594,0.04086181277860327,2.9221965719687497,2.9981231689453125,-0.1268797069787979,2.9981231689453125,2.9854351982474325,2.972747227549553,2.960059256851673,2.9346833154559135,2.902963388711214,2.8712434619665146
446,NH1487,J,0.0,0.043462109955423475,2.7554371666662503,2.939695119857788,0.005233759060502052,2.939695119857788,2.940218495763838,2.9407418716698883,2.941265247575939,2.942311999388039,2.9436204391531646,2.94492887891829
447,NH1488,J,0.0003714710252600297,0.04977711738484398,3.213455666666251,3.134871006011963,0.06924332678318024,3.134871006011963,3.141795338690281,3.1487196713685988,3.155644004046917,3.169492669403553,3.186803501099348,3.204114332795143
448,NH1489,J,0.0014858841010401188,0.034918276374442794,2.961716594697083,2.894927501678467,-0.0003019791329279542,2.894927501678467,2.894897303765174,2.894867105851881,2.8948369079385885,2.894776512112003,2.894701017328771,2.894625522545539
449,NH1490,J,0.0007429420505200594,0.038261515601783064,3.205263837121666,3.3146753311157227,0.1489388793706894,3.3146753311157227,3.3295692190527917,3.3444631069898607,3.3593569949269293,3.3891447708010674,3.4263794906437397,3.463614210486412
450,NH1491,N,0.0003714710252600297,0.03417533432392273,2.4046029571968743,2.553779363632202,-0.03107883408665657,2.553779363632202,2.5506714802235364,2.5475635968148707,2.5444557134062054,2.538239946588874,2.5304702380672097,2.5227005295455456
451,NH1492,N,0.0003714710252600297,0.03194650817236255,2.7699136931808335,2.7695000171661377,-0.04615851864218712,2.7695000171661377,2.764884165301919,2.7602683134377,2.7556524615734816,2.746420757845044,2.7348811281844974,2.7233414985239506
452,NH1493,L,0.0003714710252600297,0.04903417533432392,2.756723655304167,2.6778464317321777,-0.020239360630512238,2.6778464317321777,2.6758224956691263,2.6737985596060754,2.671774623543024,2.6677267514169216,2.6626669112592936,2.6576070711016655
453,NH1494,N,0.001114413075780089,0.04271916790490342,2.8766519621216666,2.6610610485076904,0.007303078193217516,2.6610610485076904,2.6617913563270124,2.662521664146334,2.6632519719656558,2.664712587604299,2.6665383571526036,2.668364126700908
454,NH1495,N,0.0014858841010401188,0.030089153046062408,2.5458145189391668,2.682584047317505,-0.004771951586008072,2.682584047317505,2.682106852158904,2.681629657000303,2.6811524618417026,2.680198071524501,2.679005083627999,2.677812095731497
455,NH1496,N,0.0007429420505200594,0.030832095096582468,2.794155,2.9429075717926025,0.00328535633161664,2.9429075717926025,2.943236107425764,2.943564643058926,2.9438931786920874,2.944550249958411,2.945371589041315,2.946192928124219
456,NH1497,N,0.0,0.04011887072808321,2.7536738371212492,2.7183055877685547,-0.011049872264266014,2.7183055877685547,2.717200600542128,2.7160956133157015,2.714990626089275,2.7127806516364217,2.710018183570355,2.7072557155042887
457,NH1498,L,0.0003714710252600297,0.031203566121842496,2.580586496212916,2.635817766189575,-0.04593717306852341,2.635817766189575,2.6312240488827228,2.6266303315758703,2.6220366142690184,2.6128491796553135,2.6013648863881826,2.589880593121052
458,NH1499,N,0.001114413075780089,0.04791976225854384,3.0142012803036105,2.9099419116973877,0.0008246650686487556,2.9099419116973877,2.9100243782042527,2.9101068447111174,2.9101893112179824,2.910354244231712,2.9105604104988743,2.9107665767660365
459,NH1500,L,0.0,0.0412332838038633,2.7833541388886114,2.749124765396118,-0.056407686322927475,2.749124765396118,2.7434839967638256,2.7378432281315326,2.73220245949924,2.7209209222346544,2.7068190006539226,2.6927170790731907
460,NH1501,N,0.0003714710252600297,0.03603268945022288,3.142547452020001,3.0090694427490234,-0.02206735871732235,3.0090694427490234,3.0068627068772913,3.004655971005559,3.0024492351338266,2.9980357633903623,2.9925189237110317,2.987002084031701
461,NH1502,N,0.0003714710252600297,0.03417533432392273,2.919967611743666,3.056349754333496,0.007365924771875143,3.056349754333496,3.0570863468106837,3.0578229392878713,3.0585595317650585,3.0600327167194337,3.0618741979124025,3.0637156791053712
462,NH1503,N,0.0007429420505200594,0.03268945022288262,2.989936401514583,2.807602643966675,0.007662588730454445,2.807602643966675,2.80836890283972,2.809135161712766,2.809901420585811,2.811433938331902,2.8133495855145156,2.8152652326971292
463,NH1504,L,0.0007429420505200594,0.04940564635958395,2.7883351439399995,2.8786628246307373,0.011668546125292778,2.8786628246307373,2.8798296792432665,2.8809965338557957,2.8821633884683253,2.8844970976933837,2.887414234224707,2.89033137075603
464,NH1505,J,0.002228826151560178,0.044947994056463596,3.096972156565,3.1144349575042725,0.043064285069704056,3.1144349575042725,3.118741386011243,3.1230478145182134,3.1273542430251835,3.1359671000391245,3.1467331713065505,3.1574992425739765
465,NH1506,J,0.0018573551263001485,0.044947994056463596,2.8570248535352776,2.8130240440368652,-0.06465758383274078,2.8130240440368652,2.8065582856535913,2.800092527270317,2.793626768887043,2.780695252120495,2.7645308561623096,2.7483664602041245
466,NH1507,J,0.002228826151560178,0.04234769687964339,2.773399805556389,2.803537368774414,0.03591719642281532,2.803537368774414,2.8071290884166955,2.810720808058977,2.814312527701259,2.8214959669858217,2.8304752660915256,2.8394545651972294
467,NH1508,N,0.0003714710252600297,0.0412332838038633,2.7506098939383334,2.78765869140625,-0.05382771044969559,2.78765869140625,2.7822759203612804,2.7768931493163107,2.7715103782713415,2.760744836181402,2.7472879085689783,2.7338309809565544
468,NH1509,L,0.002600297176820208,0.04234769687964339,2.7863670681812502,2.870685577392578,0.005661106202751398,2.870685577392578,2.8712516880128534,2.8718177986331286,2.8723839092534034,2.873516130493954,2.8749314070446417,2.8763466835953295
469,NH1510,N,0.0018573551263001485,0.041604754829123326,2.82887276894,2.7571072578430176,-0.008610791526734829,2.7571072578430176,2.7562461786903443,2.7553850995376705,2.754524020384997,2.75280186207965,2.7506491641979665,2.7484964663162827
470,NH1511,N,0.0003714710252600297,0.04309063893016345,2.811349795454166,2.8611717224121094,0.03242891654372215,2.8611717224121094,2.8644146140664817,2.867657505720854,2.870900397375226,2.8773861806839705,2.885493409819901,2.8936006389558315
471,NH1512,L,0.002600297176820208,0.03974739970282318,2.5712548257574994,2.6073288917541504,-0.04785067215561867,2.6073288917541504,2.6025438245385883,2.5977587573230267,2.5929736901074647,2.583403555676341,2.5714408876374364,2.5594782195985317
472,NH1513,L,0.001114413075780089,0.03566121842496285,2.8397837083341666,2.778730869293213,0.012089582160115242,2.778730869293213,2.7799398275092244,2.781148785725236,2.7823577439412475,2.7847756603732705,2.7877980559132993,2.790820451453328
473,NH1514,L,0.0014858841010401188,0.046805349182763745,2.848514276515833,2.8879194259643555,-0.036324769258499146,2.8879194259643555,2.8842869490385055,2.8806544721126555,2.877021995186806,2.869757041335106,2.860675849020481,2.8515946567058563
474,NH1515,L,0.0003714710252600297,0.04309063893016345,2.855452022727083,2.738908529281616,-0.0014055956853553653,2.738908529281616,2.7387679697130807,2.738627410144545,2.7384868505760096,2.7382057314389385,2.7378543325175997,2.737502933596261
475,NH1516,N,0.0007429420505200594,0.04271916790490342,2.918081704544584,2.7768189907073975,0.02896491251885891,2.7768189907073975,2.7797154819592835,2.782611973211169,2.7855084644630552,2.791301446966827,2.7985426750965416,2.8057839032262564
476,NH1517,L,0.001114413075780089,0.04234769687964339,2.7876860757570836,2.8155689239501953,0.010668160393834114,2.8155689239501953,2.8166357399895787,2.817702556028962,2.8187693720683455,2.8209030041471124,2.823570044245571,2.8262370843440294
477,NH1518,L,0.0014858841010401188,0.04606240713224369,2.7509270113641673,2.8293063640594482,-0.02726539596915245,2.8293063640594482,2.826579824462533,2.823853284865618,2.8211267452687023,2.815673666074872,2.808857317082584,2.802040968090296
478,NH1519,J,0.02786032689450223,0.03789004457652303,2.9073547348479165,2.873443603515625,0.04475941136479378,2.873443603515625,2.877919544652104,2.882395485788584,2.886871426925063,2.895823309198022,2.9070131620392203,2.9182030148804188
479,NH1520,J,0.02711738484398217,0.03528974739970282,2.7224765946977083,2.6885485649108887,0.017480751499533653,2.6885485649108887,2.690296640060842,2.6920447152107956,2.6937927903607486,2.6972889406606555,2.701659128535539,2.7060293164104223
480,NH1521,J,0.02674591381872214,0.03677563150074294,2.683536670454166,2.7994086742401123,-0.03319079801440239,2.7994086742401123,2.796089594438672,2.792770514637232,2.7894514348357915,2.782813275232911,2.7745155757293105,2.76621787622571
481,NH1522,J,0.029717682020802376,0.03937592867756315,2.93052868939375,2.8657946586608887,0.06424742192029953,2.8657946586608887,2.8722194008529187,2.8786441430449488,2.8850688852369784,2.8979183696210384,2.9139802251011133,2.930042080581188
482,NH1528,N,0.0003714710252600297,0.0338038632986627,2.695868310606111,2.745290517807007,0.02699042484164238,2.745290517807007,2.7479895602911713,2.7506886027753352,2.7533876452594996,2.758785730227828,2.7655333364382386,2.772280942648649
483,NH1529,L,0.0014858841010401188,0.041976225854383355,2.8512445277777783,2.8388102054595947,0.08932498097419739,2.8388102054595947,2.8477427035570146,2.856675201654434,2.865607699751854,2.8834726959466934,2.9058039411902428,2.928135186433792
484,NH1530,N,0.0,0.03566121842496285,3.0451293030302775,2.923783779144287,0.021614305675029755,2.923783779144287,2.92594520971179,2.9281066402792932,2.930268070846796,2.934590931981802,2.9399945084005594,2.945398084819317
485,NH1543,N,0.0014858841010401188,0.04420505200594354,2.9225200530312496,2.903202772140503,0.01796291396021843,2.903202772140503,2.9049990635365246,2.9067953549325467,2.9085916463285684,2.912184229120612,2.9166749576106668,2.9211656861007214
486,NH1543,N,0.0014858841010401188,0.04420505200594354,2.9225200530312496,2.9073002338409424,0.013784725219011307,2.9073002338409424,2.9086787063628434,2.9100571788847445,2.911435651406646,2.914192596450448,2.917638777755201,2.9210849590599537
487,NH1544,N,0.002228826151560178,0.04309063893016345,2.946005458334166,2.9082212448120117,0.018468325957655907,2.9082212448120117,2.9100680774077774,2.911914910003543,2.9137617425993083,2.9174554077908397,2.9220724892802536,2.9266895707696676
488,NH1544,N,0.0033432392273402673,0.04309063893016345,2.946005458334166,2.9290473461151123,0.03447084501385689,2.9290473461151123,2.932494430616498,2.9359415151178836,2.9393885996192695,2.9462827686220407,2.954900479875505,2.963518191128969
489,NH1545,N,0.0014858841010401188,0.04420505200594354,2.5472088636362504,2.5866758823394775,-0.13865913450717926,2.5866758823394775,2.57280996888876,2.5589440554380416,2.545078141987324,2.517346315085888,2.482681531459093,2.4480167478322983
490,NH1545,N,0.0014858841010401188,0.04420505200594354,2.5472088636362504,2.569195508956909,-0.23626035451889038,2.569195508956909,2.54556947350502,2.521943438053131,2.4983174026012422,2.451065331697464,2.3920002430677414,2.332935154438019
491,NH1546,N,0.0003714710252600297,0.044947994056463596,2.8856455378787507,2.7340073585510254,-0.09585341066122055,2.7340073585510254,2.7244220174849034,2.7148366764187815,2.705251335352659,2.686080653220415,2.66211730055511,2.638153947889805
492,NH1546,N,0.0007429420505200594,0.044947994056463596,2.8856455378787507,2.734642744064331,-0.09215638041496277,2.734642744064331,2.7254271060228348,2.7162114679813385,2.7069958299398422,2.6885645538568497,2.665525458753109,2.6424863636493683
493,NH1547,N,0.0007429420505200594,0.04011887072808321,2.8696522222222227,2.9907469749450684,0.007511765696108341,2.9907469749450684,2.991498151514679,2.99224932808429,2.9930005046539008,2.9945028577931225,2.9963807992171496,2.9982587406411767
494,NH1548,L,0.0003714710252600297,0.038261515601783064,2.752624828283055,2.796260118484497,0.012891248799860477,2.796260118484497,2.7975492433644833,2.798838368244469,2.8001274931244553,2.8027057428844273,2.8059285550843924,2.8091513672843575
495,NH1549,N,0.0029717682020802376,0.03603268945022288,2.7769003611119447,2.7192249298095703,0.021440546959638596,2.7192249298095703,2.721368984505534,2.723513039201498,2.725657093897462,2.7299452032893896,2.7353053400292993,2.740665476769209
496,NH1550,J,0.001114413075780089,0.04569093610698365,3.04824503409125,2.9516284465789795,-0.007128783967345953,2.9516284465789795,2.950915568182245,2.9502026897855105,2.9494898113887755,2.9480640545953065,2.94628185860347,2.9444996626116335
497,NH1551,J,0.0,0.03900445765230312,2.9346339166674995,3.0121006965637207,0.01198611781001091,3.0121006965637207,3.0132993083447217,3.0144979201257227,3.015696531906724,3.018093755468726,3.021090284921229,3.0240868143737316
498,NH1552,J,0.0007429420505200594,0.031575037147102525,2.9805125303024997,2.839332342147827,0.019474158063530922,2.839332342147827,2.8412797579541804,2.8432271737605332,2.8451745895668865,2.8490694211795926,2.8539379606954753,2.858806500211358
499,NH1553,J,0.001114413075780089,0.04940564635958395,3.1458612083337503,3.0433382987976074,0.13639181852340698,3.0433382987976074,3.056977480649948,3.070616662502289,3.0842558443546295,3.111534208059311,3.1456321626901627,3.1797301173210144
500,NH1554,J,0.0018573551263001485,0.03528974739970282,3.266245939393751,3.167755126953125,0.04325692355632782,3.167755126953125,3.172080819308758,3.1764065116643905,3.1807322040200234,3.189383588731289,3.200197819620371,3.211012050509453
501,NH1555,J,0.0014858841010401188,0.033060921248142645,3.2611557727279177,3.230764627456665,0.06732890754938126,3.230764627456665,3.2374975182116033,3.2442304089665415,3.2509632997214792,3.2644290812313557,3.281261308118701,3.2980935350060463
502,NH1556,J,0.0003714710252600297,0.04791976225854384,3.185668829544583,3.0899689197540283,0.07004597038030624,3.0899689197540283,3.096973516792059,3.1039781138300895,3.1109827108681203,3.1249919049441814,3.142503397539258,3.1600148901343346
503,NH1557,J,0.002228826151560178,0.03194650817236255,3.2407133977274993,3.2457733154296875,0.003269704757258296,3.2457733154296875,3.2461002859054133,3.246427256381139,3.246754226856865,3.2474081678083166,3.248225593997631,3.249043020186946
504,NH1558,J,0.0007429420505200594,0.033432392273402674,3.2605349431808333,3.222626209259033,0.02828514762222767,3.222626209259033,3.225454724021256,3.2282832387834786,3.2311117535457017,3.236768783070147,3.243840069975704,3.250911356881261
505,NH1559,J,0.0003714710252600297,0.04309063893016345,3.026218575757916,3.011296510696411,0.019682886078953743,3.011296510696411,3.0132647993043067,3.015233087912202,3.0172013765200973,3.021137953735888,3.0260586752556264,3.030979396775365
506,NH1560,J,0.0003714710252600297,0.03789004457652303,2.8437803522733334,3.011615753173828,0.05568736419081688,3.011615753173828,3.0171844895929096,3.0227532260119916,3.028321962431073,3.0394594352692366,3.053381276316941,3.067303117364645
507,NH1561,J,0.0018573551263001485,0.038261515601783064,2.9154196856066665,2.921560764312744,0.06678114086389542,2.921560764312744,2.9282388783991338,2.9349169924855234,2.9415951065719126,2.954951334744692,2.9716466199606657,2.9883419051766396
508,NH1562,J,0.0033432392273402673,0.04011887072808321,2.9867449545445828,2.8721957206726074,0.024273695424199104,2.8721957206726074,2.874623090215027,2.8770504597574473,2.879477829299867,2.884332568384707,2.8904009922407568,2.8964694160968065
509,NH1563,J,0.0029717682020802376,0.041604754829123326,3.209558715909166,3.182354688644409,0.1087862104177475,3.182354688644409,3.193233309686184,3.204111930727959,3.2149905517697333,3.236747793853283,3.26394434645772,3.2911408990621567
510,NH1564,J,0.001114413075780089,0.03974739970282318,3.3299264583341674,3.3427064418792725,0.07157030701637268,3.3427064418792725,3.3498634725809096,3.357020503282547,3.364177533984184,3.378491595387459,3.396384172141552,3.414276748895645
511,NH1565,J,0.0033432392273402673,0.03974739970282318,3.0193580075754163,2.910902976989746,0.06739991903305054,2.910902976989746,2.917642968893051,2.9243829607963563,2.931122952699661,2.9446029365062714,2.961452916264534,2.9783028960227966
512,NH1566,J,0.0003714710252600297,0.04049034175334324,2.8937555492425004,3.060746431350708,0.10850108414888382,3.060746431350708,3.071596539765596,3.082446648180485,3.093296756595373,3.11499697342515,3.142122244462371,3.169247515499592
513,NH1567,J,0.0018573551263001485,0.04309063893016345,3.4054379431804156,3.275278329849243,0.051680728793144226,3.275278329849243,3.2804464027285576,3.285614475607872,3.2907825484871864,3.3011186942458153,3.3140388764441013,3.3269590586423874
514,NH1568,J,0.0003714710252600297,0.03937592867756315,2.873743284090417,2.894320487976074,-0.03923346847295761,2.894320487976074,2.8903971411287785,2.886473794281483,2.8825504474341868,2.8747037537395954,2.864895386621356,2.8550870195031166
515,NH1569,J,0.0003714710252600297,0.041604754829123326,3.258172492424584,3.0232222080230713,-0.028911365196108818,3.0232222080230713,3.0203310715034606,3.0174399349838494,3.0145487984642387,3.008766525425017,3.0015386841259897,2.9943108428269625
516,NH1570,N,0.0014858841010401188,0.04420505200594354,2.5346034412883336,2.6894795894622803,-0.005659718997776508,2.6894795894622803,2.688913617562503,2.688347645662725,2.6877816737629474,2.686649729963392,2.685234800213948,2.6838198704645038
517,NH1571,N,0.0007429420505200594,0.0412332838038633,2.6675930037875,2.8237547874450684,0.006535241845995188,2.8237547874450684,2.824408311629668,2.8250618358142674,2.825715359998867,2.827022408368066,2.8286562188295648,2.8302900292910635
518,NH1572,L,0.0014858841010401188,0.04457652303120357,2.8438639431825004,2.763111114501953,-0.019672434777021408,2.763111114501953,2.761143871024251,2.759176627546549,2.7572093840688465,2.7532748971134424,2.748356788419187,2.7434386797249317
519,NH1573,N,0.002600297176820208,0.03937592867756315,2.7471295151525,2.7333481311798096,-0.03345928713679314,2.7333481311798096,2.7300022024661303,2.726656273752451,2.7233103450387715,2.716618487611413,2.7082536658272147,2.6998888440430164
520,NH1573,N,0.003714710252600297,0.03937592867756315,2.7471295151525,2.747939348220825,-0.034983184188604355,2.747939348220825,2.7444410298019646,2.7409427113831044,2.737444392964244,2.730447756126523,2.721701960079372,2.712956164032221
521,NH1574,N,0.0003714710252600297,0.04903417533432392,2.7811293674241666,2.7850425243377686,0.043059639632701874,2.7850425243377686,2.7893484883010387,2.7936544522643088,2.7979604162275793,2.8065723441541195,2.817337254062295,2.8281021639704704
522,NH1574,N,0.0003714710252600297,0.04903417533432392,2.7811293674241666,2.789827823638916,0.06914376467466354,2.789827823638916,2.796742200106382,2.803656576573849,2.810570953041315,2.824399705976248,2.8416856471449137,2.8589715883135796
523,NH1575,N,0.0003714710252600297,0.04309063893016345,2.53008267424125,2.618119478225708,-0.03516265004873276,2.618119478225708,2.6146032132208346,2.6110869482159615,2.607570683211088,2.6005381532013416,2.5917474906891584,2.5829568281769753
524,NH1576,L,0.001114413075780089,0.03566121842496285,2.7670094217169448,2.6500279903411865,0.02653387561440468,2.6500279903411865,2.652681377902627,2.6553347654640675,2.657988153025508,2.663294928148389,2.66992839705199,2.676561865955591
525,NH1577,N,0.0014858841010401188,0.03900445765230312,2.7140443080811116,2.65095591545105,-0.10648861527442932,2.65095591545105,2.640307053923607,2.629658192396164,2.619009330868721,2.597711607813835,2.571089453995228,2.5444673001766205
526,NH1578,L,0.001114413075780089,0.041604754829123326,2.928948969696666,2.829523801803589,0.029215412214398384,2.829523801803589,2.8324453430250287,2.8353668842464685,2.8382884254679084,2.844131507910788,2.8514353609643877,2.8587392140179873
527,NH1579,J,0.0018573551263001485,0.038261515601783064,2.998226829545417,3.062041997909546,0.04868997633457184,3.062041997909546,3.066910995543003,3.0717799931764604,3.0766489908099173,3.086386986076832,3.0985594801604748,3.1107319742441177
528,NH1581,J,0.002228826151560178,0.034546805349182766,2.899883191288333,2.923210859298706,0.00578850694000721,2.923210859298706,2.9237897099927066,2.9243685606867076,2.924947411380708,2.9261051127687097,2.9275522395037115,2.9289993662387133
529,NH1582,J,0.001114413075780089,0.03900445765230312,2.8859325037879158,3.0445632934570312,0.050203483551740646,3.0445632934570312,3.0495836418122053,3.0546039901673794,3.0596243385225534,3.0696650352329016,3.0822159061208367,3.094766777008772
530,NH1583,J,0.0014858841010401188,0.037518573551263,3.185311647726667,3.184978485107422,0.00978454202413559,3.184978485107422,3.1859569393098353,3.186935393512249,3.1879138477146625,3.1898707561194897,3.1923168916255236,3.1947630271315575
531,NH1584,J,0.0007429420505200594,0.03789004457652303,2.83940724242375,2.914318799972534,-0.013294379226863384,2.914318799972534,2.912989362049848,2.9116599241271617,2.910330486204475,2.9076716103591025,2.9043480155523866,2.901024420745671
532,NH1585,J,0.001114413075780089,0.04011887072808321,3.1895223143949996,3.20867919921875,0.05703411251306534,3.20867919921875,3.2143826104700564,3.220086021721363,3.2257894329726695,3.2371962554752827,3.251454783603549,3.2657133117318153
533,NH1586,J,0.001114413075780089,0.03417533432392273,2.8946791931820837,2.9775946140289307,0.057757604867219925,2.9775946140289307,2.9833703745156526,2.9891461350023745,2.994921895489097,3.0064734164625406,3.0209128176793456,3.0353522188961506
534,NH1587,J,0.002228826151560178,0.0412332838038633,2.9320918768935416,3.0306098461151123,0.029724661260843277,3.0306098461151123,3.0335823122411965,3.036554778367281,3.039527244493365,3.045472176745534,3.0529033420607448,3.0603345073759556
535,NH1588,J,0.0007429420505200594,0.03566121842496285,3.229330869317708,3.286478042602539,0.02992960251867771,3.286478042602539,3.2894710028544067,3.2924639631062744,3.2954569233581426,3.301442843861878,3.3089252444915473,3.3164076451212168
536,NH1589,J,0.0014858841010401188,0.04086181277860327,3.1033055530299998,2.928731679916382,-0.030432134866714478,2.928731679916382,2.9256884664297105,2.922645252943039,2.9196020394563673,2.9135156124830246,2.905907578766346,2.8982995450496674
537,NH1590,J,0.0007429420505200594,0.03937592867756315,3.10421795833375,3.032489776611328,0.03298117592930794,3.032489776611328,3.035787894204259,3.0390860117971896,3.0423841293901206,3.048980364575982,3.057225658558309,3.065470952540636
538,NH1591,J,0.0003714710252600297,0.041976225854383355,3.243477958333125,3.2213010787963867,0.022771071642637253,3.2213010787963867,3.2235781859606503,3.2258552931249143,3.228132400289178,3.2326866146177053,3.2383793825283647,3.244072150439024
539,NH1592,J,0.0,0.04086181277860327,2.9873053598491666,3.0457372665405273,0.055809665471315384,3.0457372665405273,3.0513182330876587,3.0568991996347905,3.062480166181922,3.073642099276185,3.087594515644014,3.1015469320118427
540,NH1593,J,0.0003714710252600297,0.04309063893016345,3.007452212120417,2.9283103942871094,0.0236490648239851,2.9283103942871094,2.930675300769508,2.9330402072519064,2.935405113734305,2.940134926699102,2.946047192905098,2.9519594591110945
541,NH1594,J,0.0007429420505200594,0.03677563150074294,2.8696292537883332,2.698561906814575,-0.006136890966445208,2.698561906814575,2.6979482177179306,2.697334528621286,2.696720839524642,2.6954934613313526,2.6939592385897413,2.69242501584813
542,NH1595,J,0.0007429420505200594,0.044947994056463596,2.847530583332917,2.780820369720459,-0.008128141053020954,2.780820369720459,2.780007555615157,2.779194741509855,2.7783819274045527,2.7767562991939485,2.7747242639306933,2.772692228667438
543,NH1596,J,0.0014858841010401188,0.04234769687964339,2.9677918446975,2.8917717933654785,-0.009220074862241745,2.8917717933654785,2.8908497858792543,2.88992777839303,2.889005770906806,2.8871617559343576,2.884856737218797,2.8825517185032368
544,NH1597,J,0.0014858841010401188,0.036404160475482915,3.32966174242375,3.296718120574951,0.11148937046527863,3.296718120574951,3.307867057621479,3.319015994668007,3.3301649317145348,3.3524628058075905,3.38033514842391,3.40820749104023
545,NH1598,L,0.0,0.04011887072808321,2.583565361110278,2.6740036010742188,0.005649639293551445,2.6740036010742188,2.674568565003574,2.675133528932929,2.675698492862284,2.6768284207209945,2.6782408305443823,2.67965324036777
546,NH1599,L,0.0003714710252600297,0.03863298662704309,2.7516804595958333,2.699985980987549,0.037997953593730927,2.699985980987549,2.7037857763469217,2.707585571706295,2.711385367065668,2.7189849577844143,2.728484446182847,2.7379839345812798
547,NH1600,L,0.0003714710252600297,0.033432392273402674,2.8901921085852775,2.8888285160064697,0.012675886042416096,2.8888285160064697,2.8900961046107114,2.891363693214953,2.8926312818191944,2.8951664590276778,2.898335430538282,2.901504402048886
548,NH1601,L,0.0007429420505200594,0.03528974739970282,2.679304651514722,2.837203025817871,-0.04792654886841774,2.837203025817871,2.8324103709310293,2.8276177160441875,2.8228250611573458,2.8132397513836622,2.801258114166558,2.7892764769494534
549,NH1602,N,0.0003714710252600297,0.046433878157503716,2.6095519949491663,2.739288091659546,-0.024215275421738625,2.739288091659546,2.736866564117372,2.734445036575198,2.7320235090330245,2.7271804539486766,2.721126635093242,2.7150728162378073
550,NH1603,L,0.0,0.029717682020802376,2.4643921868686105,2.6168994903564453,-0.04500323161482811,2.6168994903564453,2.6123991671949627,2.6078988440334796,2.603398520871997,2.5943978745490313,2.5831470666453242,2.571896258741617
551,NH1604,L,0.029717682020802376,0.04011887072808321,2.894043181817917,2.8084654808044434,0.01869521103799343,2.8084654808044434,2.8103350019082427,2.812204523012042,2.8140740441158414,2.81781308632344,2.8224868890829384,2.827160691842437
552,NH1605,N,0.02711738484398217,0.033432392273402674,2.539839329545001,2.7699649333953857,0.01670052297413349,2.7699649333953857,2.771634985692799,2.7733050379902124,2.774975090287626,2.7783151948824525,2.782490325625986,2.7866654563695192
553,NH1606,N,0.02711738484398217,0.03268945022288262,2.7267650037887496,2.8606362342834473,0.0444384329020977,2.8606362342834473,2.865080077573657,2.869523920863867,2.8739677641540764,2.882855450734496,2.8939650589600205,2.905074667185545
554,NH1607,L,0.02711738484398217,0.033060921248142645,2.794889651515416,2.785499095916748,-0.006963771767914295,2.785499095916748,2.7848027187399564,2.7841063415631653,2.7834099643863737,2.782017210032791,2.7802762670908123,2.7785353241488338
555,NH1608,N,0.028603268945022287,0.0338038632986627,2.7100046969695835,2.684525966644287,-0.02143109031021595,2.684525966644287,2.6823828576132653,2.680239748582244,2.6780966395512222,2.673810421489179,2.668452648911625,2.663094876334071
556,NH1609,N,0.028603268945022287,0.030089153046062408,2.808178026515416,2.8771843910217285,-0.012529034167528152,2.8771843910217285,2.8759314876049755,2.874678584188223,2.87342568077147,2.8709198739379644,2.8677876153960824,2.8646553568542004
557,NH1610,J,0.001114413075780089,0.03714710252600297,2.4609179873736116,2.71614408493042,-0.03478158265352249,2.71614408493042,2.7126659266650677,2.7091877683997154,2.705709610134363,2.6987532936036587,2.690057897940278,2.6813625022768974
558,NH1611,J,0.0003714710252600297,0.05052005943536404,2.5755620909088894,2.810535430908203,-0.03699908405542374,2.810535430908203,2.8068355225026607,2.803135614097118,2.799435705691576,2.7920358888804913,2.7827861178666353,2.7735363468527794
559,NH1612,J,0.0007429420505200594,0.038261515601783064,2.621274502524444,2.5381691455841064,-0.06051221862435341,2.5381691455841064,2.532117923721671,2.5260667018592358,2.5200154799968004,2.5079130362719297,2.4927849816158414,2.477656926959753
560,NH1613,N,0.0003714710252600297,0.04271916790490342,3.1174297348480544,3.049409866333008,0.07525388896465302,3.049409866333008,3.0569352552294733,3.0644606441259383,3.071986033022404,3.0870368108153343,3.1058502830564976,3.124663755297661
561,NH1614,N,0.001114413075780089,0.038261515601783064,2.909926568181389,2.881932020187378,0.05101582407951355,2.881932020187378,2.8870336025953294,2.892135185003281,2.897236767411232,2.9074399322271347,2.920193888247013,2.9329478442668915
562,NH1615,N,0.0007429420505200594,0.04309063893016345,2.9249686262625003,2.8729565143585205,0.02231040969491005,2.8729565143585205,2.8751875553280115,2.8774185962975025,2.8796496372669935,2.8841117192059755,2.889689321629703,2.8952669240534306
563,NH1616,N,0.002600297176820208,0.04049034175334324,3.038251255681042,3.0185022354125977,0.0009782310808077455,3.0185022354125977,3.0186000585206783,3.0186978816287593,3.01879570473684,3.0189913509530015,3.0192359087232035,3.0194804664934054
564,NH1617,N,0.002228826151560178,0.03974739970282318,2.737297123106042,2.890573263168335,0.022078918293118477,2.890573263168335,2.892781154997647,2.8949890468269586,2.8971969386562706,2.901612722314894,2.907132451888174,2.9126521814614534
565,NH1619,N,0.0007429420505200594,0.04049034175334324,2.9540384015145826,2.842327833175659,0.09352131187915802,2.842327833175659,2.851679964363575,2.861032095551491,2.8703842267394064,2.889088489115238,2.9124688170850277,2.935849145054817
566,NH1620,J,0.0007429420505200594,0.048662704309063894,2.893701810606112,2.9221365451812744,0.02950303442776203,2.9221365451812744,2.9250868486240504,2.928037152066827,2.930987455509603,2.9368880623951554,2.944263821002096,2.9516395796090364
567,NH1621,J,0.0,0.03268945022288262,2.6374142760940753,2.7402782440185547,-0.032284561544656754,2.7402782440185547,2.737049787864089,2.733821331709623,2.730592875555158,2.7241359632462263,2.716064822860062,2.707993682473898
568,NH1622,J,0.0003714710252600297,0.046805349182763745,2.78111150505,2.7971932888031006,-0.013063264079391956,2.7971932888031006,2.795886962395161,2.7945806359872223,2.793274309579283,2.7906616567634046,2.7873958407435566,2.7841300247237086
569,NH1623,J,0.0003714710252600297,0.033432392273402674,2.941981262625833,2.9199962615966797,-0.015042940154671669,2.9199962615966797,2.9184919675812124,2.916987673565745,2.9154833795502784,2.912474791519344,2.908714056480676,2.904953321442008
570,NH1624,J,0.0018573551263001485,0.03603268945022288,3.112737872727167,3.071913480758667,0.06602133810520172,3.071913480758667,3.078515614569187,3.0851177483797074,3.0917198821902274,3.104924149811268,3.1214294843375683,3.1379348188638687
571,NH1625,J,0.0003714710252600297,0.041976225854383355,3.022505628787084,2.869504451751709,0.03172682970762253,2.869504451751709,2.8726771347224713,2.8758498176932337,2.8790225006639956,2.8853678666055202,2.893299574032426,2.9012312814593315
572,NH1626,J,0.0003714710252600297,0.036404160475482915,2.6289725101013888,2.795698404312134,-0.05234434828162193,2.795698404312134,2.7904639694839717,2.7852295346558096,2.779995099827647,2.769526230171323,2.7564401431009173,2.743354056030512
573,NH1627,J,0.002600297176820208,0.05572065378900446,2.64773330808,2.8016576766967773,-0.037234608083963394,2.8016576766967773,2.797934215888381,2.794210755079985,2.790487294271588,2.7830403726547956,2.773731720633805,2.764423068612814
574,NH1628,J,0.002228826151560178,0.043833580980683504,2.765108738181733,2.6851985454559326,-0.0423787385225296,2.6851985454559326,2.6809606716036796,2.6767227977514265,2.672484923899174,2.664009176194668,2.6534144915640354,2.642819806933403
575,NH1629,J,0.0007429420505200594,0.05460624071322437,2.7709344015144453,2.743786573410034,0.030126361176371574,2.743786573410034,2.7467992095276714,2.7498118456453087,2.7528244817629455,2.75884975399822,2.766381344292313,2.7739129345864058
576,NH1630,J,0.0014858841010401188,0.043462109955423475,2.9784578535355566,2.9678821563720703,0.010255908593535423,2.9678821563720703,2.968907747231424,2.9699333380907773,2.970958928950131,2.973010110668838,2.975574087817222,2.9781380649656057
577,NH1631,L,0.0274888558692422,0.036404160475482915,2.9908430984849996,2.906745195388794,0.03525305911898613,2.906745195388794,2.9102705013006926,2.9137958072125913,2.9173211131244896,2.924371724948287,2.9331849897280335,2.94199825450778
578,NH1632,N,0.02674591381872214,0.030832095096582468,2.9853468585863894,3.0317492485046387,0.07705604285001755,3.0317492485046387,3.0394548527896403,3.047160457074642,3.054866061359644,3.0702772699296474,3.089541280642152,3.108805291354656
579,NH1633,N,0.02823179791976226,0.033432392273402674,3.001783654545001,2.932330846786499,0.035757895559072495,2.932330846786499,2.9359066363424065,2.9394824258983134,2.943058215454221,2.9502097945660353,2.9591492684558034,2.9680887423455715
580,NH1634,N,0.028603268945022287,0.02897473997028232,3.1808558661602775,3.1028249263763428,0.0025144480168819427,3.1028249263763428,3.103076371178031,3.103327815979719,3.1035792607814074,3.1040821503847837,3.1047107623890042,3.1053393743932247
581,NH1635,L,0.02823179791976226,0.03194650817236255,2.9771905227274993,2.8714709281921387,-0.009785992093384266,2.8714709281921387,2.8704923289828,2.8695137297734616,2.8685351305641236,2.8665779321454465,2.8641314341221005,2.8616849360987544
582,NH1636,N,0.02786032689450223,0.02711738484398217,2.9940467095961107,3.0013468265533447,0.056060079485177994,3.0013468265533447,3.0069528345018623,3.0125588424503804,3.018164850398898,3.0293768662959337,3.043391886167228,3.0574069060385227
583,NH1663,N,0.0014858841010401188,0.043833580980683504,2.9450829810606245,2.8562116622924805,-0.018186667934060097,2.8562116622924805,2.8543929954990745,2.8525743287056686,2.8507556619122623,2.8471183283254504,2.8425716613419354,2.8380249943584204
584,NH1664,M,0.036404160475482915,0.041976225854383355,2.5381910833333334,2.7511305809020996,-0.02122107893228531,2.7511305809020996,2.749008473008871,2.7468863651156425,2.744764257222414,2.740520041435957,2.7352147717028856,2.7299095019698143
585,NH1665,L,0.03863298662704309,0.048662704309063894,2.4984651515149996,2.8381049633026123,-0.03944120556116104,2.8381049633026123,2.8341608427464964,2.83021672219038,2.826272601634264,2.818384360522032,2.8085240591317415,2.7986637577414513
586,NH1666,M,0.08209509658246657,0.03528974739970282,3.0737420606058334,2.9966111183166504,0.018756844103336334,2.9966111183166504,2.998486802726984,3.0003624871373176,3.0022381715476514,3.0059895403683186,3.0106787513941526,3.0153679624199867
587,NH1667,J,0.0007429420505200594,0.048662704309063894,2.7702204938575674,2.7535245418548584,-0.053098034113645554,2.7535245418548584,2.748214738443494,2.7429049350321293,2.7375951316207647,2.7269755247980356,2.7137010162696242,2.700426507741213
588,NH1668,J,0.0007429420505200594,0.03789004457652303,2.9043724090908336,2.81683087348938,-0.03652723878622055,2.81683087348938,2.8131781496107577,2.8095254257321356,2.805872701853514,2.7985672540962696,2.7894354443997145,2.7803036347031593
589,NH1669,J,0.0014858841010401188,0.046805349182763745,2.9228999570700003,2.9394583702087402,0.005778253078460693,2.9394583702087402,2.940036195516586,2.9406140208244325,2.9411918461322784,2.9423474967479706,2.9437920600175858,2.945236623287201
590,NH1671,L,0.0007429420505200594,0.030832095096582468,2.7723035265154166,2.526176929473877,-0.06882966309785843,2.526176929473877,2.519293963164091,2.5124109968543054,2.5055280305445193,2.4917620979249477,2.474554682150483,2.4573472663760185
591,NH1672,L,0.0007429420505200594,0.034918276374442794,2.7109870606066666,2.796018123626709,0.07884399592876434,2.796018123626709,2.8039025232195853,2.8117869228124617,2.8196713224053385,2.835440121591091,2.8551511205732822,2.8748621195554733
592,NH1682,O,0.0003714710252600297,0.03863298662704309,2.9118870189395833,3.0611629486083984,-0.0313812792301178,3.0611629486083984,3.058024820685387,3.054886692762375,3.051748564839363,3.0454723089933395,3.03762698918581,3.0297816693782806
593,NH1683,N,0.001114413075780089,0.03677563150074294,2.8445862613637503,2.8092684745788574,-0.02708052098751068,2.8092684745788574,2.806560422480106,2.8038523703813554,2.801144318282604,2.795728214085102,2.7889580838382244,2.7821879535913467
594,NH1684,O,0.0014858841010401188,0.03677563150074294,2.8141230492429163,2.980354070663452,0.02034394070506096,2.980354070663452,2.9823884647339582,2.9844228588044643,2.9864572528749704,2.9905260410159826,2.995612026192248,3.000698011368513
595,NH1685,N,0.001114413075780089,0.03974739970282318,2.9339350757569456,2.930051565170288,0.0141398711130023,2.930051565170288,2.9314655522815882,2.9328795393928884,2.934293526504189,2.9371215007267892,2.94065646850504,2.9441914362832904
596,NH1686,N,0.001114413075780089,0.04420505200594354,3.1082548999995008,3.15928316116333,0.03456619381904602,3.15928316116333,3.162739780545235,3.166196399927139,3.169653019309044,3.176566258072853,3.1852078065276146,3.193849354982376
597,NH1688,N,0.0007429420505200594,0.03937592867756315,2.848719204545,2.769860029220581,0.01988416165113449,2.769860029220581,2.7718484453856944,2.7738368615508078,2.7758252777159216,2.7798021100461483,2.784773150458932,2.7897441908717155
598,NH1689,N,0.0033432392273402673,0.04606240713224369,3.006316,3.109616756439209,-0.028044356033205986,3.109616756439209,3.106812320835888,3.104007885232568,3.101203449629247,3.095594578422606,3.0885834894143045,3.081572400406003
599,NH1702,L,0.0003714710252600297,0.04086181277860327,3.0610138762624994,3.057861089706421,-0.005425635259598494,3.057861089706421,3.057318526180461,3.056775962654501,3.0562333991285415,3.0551482720766217,3.053791863261722,3.0524354544468224
600,NH1703,N,0.0003714710252600297,0.04271916790490342,2.8691397777783334,2.846946954727173,-0.004061842802911997,2.846946954727173,2.8465407704468815,2.8461345861665905,2.845728401886299,2.844916033325717,2.843900572624989,2.842885111924261
601,NH1704,L,0.0003714710252600297,0.04049034175334324,3.0184068282827776,2.9591503143310547,0.028372516855597496,2.9591503143310547,2.9619875660166146,2.964824817702174,2.967662069387734,2.9733365727588534,2.980429701972753,2.987522831186652
602,NH1705,N,0.0003714710252600297,0.03603268945022288,2.8160141338380558,2.889784574508667,0.017728103324770927,2.889784574508667,2.891557384841144,2.893330195173621,2.8951030055060984,2.8986486261710525,2.903080652002245,2.907512677833438
603,NH1706,N,0.0007429420505200594,0.03974739970282318,2.9392557462116664,2.8996591567993164,0.02606184408068657,2.8996591567993164,2.902265341207385,2.904871525615454,2.9074777100235223,2.9126900788396597,2.9192055398598313,2.925721000880003
604,NH1707,L,0.0003714710252600297,0.045319465081723624,2.8687946666664588,2.8464276790618896,-0.01906042918562889,2.8464276790618896,2.8445216361433268,2.842615593224764,2.840709550306201,2.836897464469075,2.832132357172668,2.8273672498762608
605,NH1709,N,0.0007429420505200594,0.03863298662704309,2.7457053522729167,2.8589041233062744,0.022348711267113686,2.8589041233062744,2.8611389944329857,2.863373865559697,2.8656087366864087,2.8700784789398313,2.8756656567566097,2.881252834573388
606,NH1710,N,0.0007429420505200594,0.04271916790490342,2.9376880075758334,2.978010892868042,0.02885458990931511,2.978010892868042,2.9808963518589735,2.983781810849905,2.9866672698408365,2.9924381878226995,2.9996518353000283,3.006865482777357
607,NH1711,N,0.0003714710252600297,0.04234769687964339,3.096050136364167,3.1244115829467773,0.0327911339700222,3.1244115829467773,3.1276906963437794,3.130969809740782,3.134248923137784,3.1408071499317884,3.149004933424294,3.1572027169167995
608,NH1712,L,0.0007429420505200594,0.044947994056463596,2.877750958333749,2.8515625,-0.002881563501432538,2.8515625,2.8512743436498567,2.8509861872997133,2.8506980309495704,2.8501217182492837,2.8494013273739256,2.8486809364985675
609,NH1714,N,0.0003714710252600297,0.038261515601783064,2.8468540606070833,2.7778573036193848,-0.013547464273869991,2.7778573036193848,2.7765025571919977,2.7751478107646106,2.773793064337224,2.7710835714824498,2.7676967054139823,2.7643098393455148
610,NH1716,N,0.001114413075780089,0.050148588410104014,2.9423472500008336,2.979808807373047,0.04830162972211838,2.979808807373047,2.9846389703452587,2.9894691333174706,2.9942992962896824,3.003959622234106,3.0160350296646357,3.0281104370951653
611,NH1717,L,0.001114413075780089,0.04903417533432392,2.772616829545833,2.7950241565704346,-0.02002335898578167,2.7950241565704346,2.7930218206718562,2.7910194847732783,2.7890171488747,2.7850124770775437,2.7800066373310983,2.775000797584653
612,NH1718,M,0.0018573551263001485,0.0338038632986627,2.5934370416666668,2.736450672149658,-0.018629422411322594,2.736450672149658,2.734587729908526,2.7327247876673937,2.7308618454262614,2.727135960943997,2.7224786053411663,2.7178212497383356
613,NH1719,M,0.0018573551263001485,0.03900445765230312,2.8422278863641672,2.836360454559326,-0.02365177497267723,2.836360454559326,2.8339952770620584,2.8316300995647907,2.829264922067523,2.8245345670729876,2.8186216233298182,2.812708679586649
614,NH1721,L,0.002600297176820208,0.041976225854383355,2.8604159356050007,2.839973211288452,0.005249883979558945,2.839973211288452,2.840498199686408,2.841023188084364,2.84154817648232,2.8425981532782316,2.8439106242731214,2.845223095268011
615,NH1722,N,0.0007429420505200594,0.03194650817236255,2.86136358712125,2.7746975421905518,0.02022576704621315,2.7746975421905518,2.776720118895173,2.7787426955997945,2.7807652723044156,2.7848104257136583,2.7898668674752116,2.794923309236765
616,NH1724,O,0.0018573551263001485,0.03566121842496285,2.983917755049999,2.919811487197876,-0.055673498660326004,2.919811487197876,2.9142441373318433,2.9086767874658106,2.9031094375997784,2.891974737867713,2.8780563632026315,2.86413798853755
617,NH1725,N,0.0018573551263001485,0.037518573551263,3.005704808080278,3.0158071517944336,0.01512397825717926,3.0158071517944336,3.0173195496201517,3.0188319474458694,3.0203443452715875,3.0233691409230232,3.027150135487318,3.030931130051613
618,NH1726,L,0.0,0.041976225854383355,2.7433783434338888,2.759230852127075,-0.005971293896436691,2.759230852127075,2.7586337227374313,2.758036593347788,2.757439463958144,2.756245205178857,2.7547523817047477,2.7532595582306385
619,NH1727,O,0.002228826151560178,0.038261515601783064,3.033899217172222,2.980750322341919,-0.0002643168845679611,2.980750322341919,2.9807238906534623,2.9806974589650053,2.9806710272765486,2.980618163899635,2.980552084678493,2.980486005457351
620,NH1728,N,0.0007429420505200594,0.036404160475482915,3.1653335303028323,3.118323564529419,0.05563167482614517,3.118323564529419,3.1238867320120334,3.129449899494648,3.1350130669772627,3.1461394019424915,3.160047320649028,3.173955239355564
621,NH1729,L,0.0007429420505200594,0.04457652303120357,2.909598431818333,2.825957775115967,0.003580594900995493,2.825957775115967,2.826315834606066,2.826673894096166,2.8270319535862654,2.8277480725664645,2.8286432212917134,2.8295383700169623
622,NH1730,O,0.0003714710252600297,0.03937592867756315,3.09583614015125,3.085979700088501,0.018681710585951805,3.085979700088501,3.0878478711470962,3.0897160422056915,3.0915842132642863,3.095320555381477,3.099990983027965,3.104661410674453
623,NH1731,N,0.0018573551263001485,0.045319465081723624,2.957467170454167,2.7784616947174072,-0.017708096653223038,2.7784616947174072,2.776690885052085,2.7749200753867624,2.7731492657214405,2.7696076463907957,2.76518062222749,2.760753598064184
624,NH1732,N,0.0014858841010401188,0.03863298662704309,2.9242628580675003,2.988757848739624,-0.020694110542535782,2.988757848739624,2.9866884376853706,2.984619026631117,2.9825496155768634,2.978410793468356,2.973237265832722,2.9680637381970882
625,NH1733,L,0.08172362555720654,0.03789004457652303,2.632047236741875,2.8520090579986572,-0.01567717082798481,2.8520090579986572,2.8504413409158587,2.84887362383306,2.847305906750262,2.844170472584665,2.8402511798776686,2.8363318871706724
626,NH1734,N,0.038261515601783064,0.03863298662704309,3.0625282613649993,3.0345993041992188,-0.01444757916033268,3.0345993041992188,3.0331545462831855,3.031709788367152,3.030265030451119,3.0273755146190524,3.0237636198289692,3.020151725038886
627,NH1744,N,0.0003714710252600297,0.03937592867756315,2.7187532601002786,2.7243759632110596,-0.003531571477651596,2.7243759632110596,2.7240228060632945,2.7236696489155294,2.723316491767764,2.7226101774722338,2.721727284602821,2.720844391733408
628,NH1745,L,0.0007429420505200594,0.043462109955423475,2.559162946969445,2.6987271308898926,0.003940486814826727,2.6987271308898926,2.6991211795713754,2.699515228252858,2.6999092769343407,2.700697374297306,2.7016824960010126,2.7026676177047193
629,NH1746,N,0.0,0.03566121842496285,2.9451490631305544,2.9343204498291016,0.010723606683313847,2.9343204498291016,2.935392810497433,2.9364651711657643,2.9375375318340957,2.9396822531707585,2.942363154841587,2.9450440565124154
630,NH1750,N,0.02897473997028232,0.037518573551263,2.993140595959167,2.8683154582977295,0.025864655151963234,2.8683154582977295,2.8709019238129256,2.8734883893281222,2.8760748548433184,2.881247785873711,2.887713949661702,2.8941801134496927
631,NH1752,N,0.029346210995542348,0.034918276374442794,3.0762563636374995,3.0650806427001953,0.025623904541134834,3.0650806427001953,3.067643033154309,3.070205423608422,3.072767814062536,3.0778925949707627,3.0842985711060464,3.09070454724133
632,NH1754,N,0.0003714710252600297,0.04420505200594354,2.7977523131311104,2.789708137512207,-0.04379234090447426,2.789708137512207,2.7853289034217594,2.7809496693313123,2.7765704352408647,2.76781196705997,2.7568638818338513,2.7459157966077328
633,NH1755,N,0.0003714710252600297,0.033432392273402674,2.868438573232777,2.90034818649292,0.023822885006666183,2.90034818649292,2.9027304749935867,2.905112763494253,2.90749505199492,2.912259628996253,2.9182153502479196,2.924171071499586
634,NH1757,N,0.001114413075780089,0.03231797919762259,2.8736678383836107,2.740088939666748,0.07075978815555573,2.740088939666748,2.7471649184823037,2.7542408972978594,2.7613168761134146,2.775468833744526,2.793158780783415,2.8108487278223038
635,NH1758,N,0.0029717682020802376,0.04420505200594354,2.7538293484841665,2.7966015338897705,0.03015049546957016,2.7966015338897705,2.7996165834367277,2.8026316329836845,2.8056466825306416,2.8116767816245556,2.819214405491948,2.8267520293593407
636,NH1765,J,0.0007429420505200594,0.036404160475482915,3.146891314395417,3.032688617706299,-0.006999194156378508,3.032688617706299,3.031988698290661,3.031288778875023,3.0305888594593853,3.0291890206281096,3.027439222089015,3.0256894235499203
637,NH1766,J,0.0018573551263001485,0.034546805349182766,2.774261397727083,2.907369613647461,0.002971020992845297,2.907369613647461,2.9076667157467453,2.90796381784603,2.9082609199453144,2.9088551241438836,2.909597879392095,2.9103406346403062
638,NH1767,J,0.0007429420505200594,0.03900445765230312,2.9929210568175,2.8916919231414795,0.012298855930566788,2.8916919231414795,2.892921808734536,2.8941516943275927,2.8953815799206497,2.897841351106763,2.9009160650894046,2.9039907790720463
639,NH1768,J,0.0003714710252600297,0.03268945022288262,2.818932253787083,2.8277149200439453,0.0058746375143527985,2.8277149200439453,2.8283023837953807,2.828889847546816,2.829477311298251,2.8306522388011217,2.83212089817971,2.833589557558298
640,NH1769,O,0.0003714710252600297,0.04420505200594354,2.9994482575762498,3.0528385639190674,0.026577457785606384,3.0528385639190674,3.055496309697628,3.0581540554761886,3.0608118012547494,3.0661272928118706,3.072771657258272,3.0794160217046738
641,NH1770,O,0.0003714710252600297,0.043462109955423475,3.0840344545449994,3.020594596862793,0.012840124778449535,3.020594596862793,3.021878609340638,3.023162621818483,3.0244466342963277,3.0270146592520177,3.03022469044663,3.0334347216412425
642,NH1771,O,0.0014858841010401188,0.043833580980683504,3.0430837992420834,3.1152942180633545,0.10829993337392807,3.1152942180633545,3.1261242114007475,3.13695420473814,3.147784198075533,3.1694441847503185,3.1965191680938005,3.2235941514372826
643,NH1772,O,0.0007429420505200594,0.04457652303120357,3.204778238636667,3.097572088241577,-0.018904849886894226,3.097572088241577,3.0956816032528875,3.0937911182641984,3.091900633275509,3.08811966329813,3.0833934508264065,3.078667238354683
644,NH1773,O,0.0003714710252600297,0.043833580980683504,3.0746478371216663,3.0812580585479736,0.05546097457408905,3.0812580585479736,3.0868041560053827,3.0923502534627914,3.0978963509202004,3.108988545835018,3.1228537894785404,3.1367190331220627
645,NH1774,O,0.0007429420505200594,0.04420505200594354,3.007947106060417,3.08530855178833,0.06564472615718842,3.08530855178833,3.091873024404049,3.0984374970197677,3.1050019696354867,3.1181309148669243,3.1345420964062214,3.1509532779455185
646,NH1776,J,0.02897473997028232,0.03194650817236255,2.980085080807223,2.98773193359375,0.025539452210068703,2.98773193359375,2.990285878814757,2.9928398240357637,2.9953937692567707,3.0005016596987844,3.0068865227513015,3.0132713858038187
647,NH1777,J,0.02711738484398217,0.031203566121842496,3.01455415909125,3.0854408740997314,0.07608315348625183,3.0854408740997314,3.0930491894483567,3.100657504796982,3.108265820145607,3.1234824508428574,3.1425032392144203,3.1615240275859833
648,NH1778,J,0.0274888558692422,0.030460624071322436,2.758398689393333,2.8090691566467285,-0.01006228569895029,2.8090691566467285,2.8080629280768337,2.8070566995069384,2.8060504709370435,2.8040380137972534,2.801522442372516,2.7990068709477782
649,NH1779,J,0.02786032689450223,0.03417533432392273,2.7614538989908333,2.8248820304870605,-0.04364214837551117,2.8248820304870605,2.8205178156495094,2.8161536008119583,2.811789385974407,2.803060956299305,2.792150419205427,2.7812398821115494
650,NH1780,J,0.02711738484398217,0.036404160475482915,2.6930897878783333,2.768782615661621,-0.009769657626748085,2.768782615661621,2.7678056498989463,2.7668286841362715,2.7658517183735967,2.763897786848247,2.76145537244156,2.759012958034873
651,NH1781,J,0.02786032689450223,0.03194650817236255,3.201655295454167,2.9150567054748535,0.0027312403544783592,2.9150567054748535,2.915329829510301,2.9156029535457493,2.915876077581197,2.9164223256520927,2.9171051357407123,2.917787945829332
652,NH1782,J,0.0274888558692422,0.02488855869242199,3.008942829544999,2.9650726318359375,0.09434075653553009,2.9650726318359375,2.9745067074894904,2.9839407831430433,2.9933748587965967,3.0122430101037025,3.035828199237585,3.0594133883714676
653,NH1783,J,0.02823179791976226,0.03528974739970282,3.2464855959600003,3.075604200363159,0.027809930965304375,3.075604200363159,3.0783851934596895,3.08116618655622,3.0839471796527507,3.0895091658458114,3.0964616485871375,3.1034141313284636
654,NH1784,N,0.0003714710252600297,0.03863298662704309,3.1749845909087493,3.13651180267334,0.07548058778047562,3.13651180267334,3.1440598614513875,3.151607920229435,3.1591559790074824,3.1742520965635777,3.1931222435086966,3.2119923904538155
655,NH1785,N,0.002228826151560178,0.03937592867756315,3.0303871742425006,3.129915714263916,0.018167860805988312,3.129915714263916,3.1317325003445147,3.1335492864251138,3.1353660725057124,3.13899964466691,3.1435416098684072,3.1480835750699043
656,NH1787,O,0.0003714710252600297,0.034546805349182766,3.123567117424167,3.271522283554077,0.10649114102125168,3.271522283554077,3.282171397656202,3.2928205117583276,3.3034696258604526,3.324767854064703,3.351390639320016,3.378013424575329
657,NH1788,O,0.0018573551263001485,0.03231797919762259,3.068357560605417,2.9119391441345215,-0.04425156116485596,2.9119391441345215,2.907513988018036,2.90308883190155,2.898663675785065,2.8898133635520935,2.8787504732608795,2.8676875829696655
658,NH1789,J,0.0007429420505200594,0.05274888558692422,2.9286468459597224,2.9509878158569336,0.035553693771362305,2.9509878158569336,2.95454318523407,2.958098554611206,2.9616539239883424,2.9687646627426147,2.9776530861854553,2.986541509628296
659,NH1790,J,0.0018573551263001485,0.03937592867756315,2.8337587954544445,2.8153626918792725,0.03782571107149124,2.8153626918792725,2.8191452629864218,2.8229278340935706,2.82671040520072,2.834275547415018,2.843731975182891,2.8531884029507637
660,NH1791,J,0.0003714710252600297,0.04717682020802377,3.113605141414166,3.1169769763946533,0.06058717519044876,3.1169769763946533,3.1230356939136983,3.1290944114327433,3.1351531289517878,3.1472705639898777,3.16241735778749,3.177564151585102
661,NH1792,J,0.002600297176820208,0.04049034175334324,2.9300635050505566,2.8741343021392822,-0.007147661410272121,2.8741343021392822,2.873419535998255,2.872704769857228,2.8719900037162005,2.870560471434146,2.868773556081578,2.86698664072901
662,NH1793,J,0.0014858841010401188,0.030832095096582468,2.960229969697221,2.9248099327087402,0.016862740740180016,2.9248099327087402,2.9264962067827582,2.9281824808567762,2.9298687549307942,2.9332413030788302,2.9374569882638752,2.9416726734489202
663,NH1794,J,0.0007429420505200594,0.030089153046062408,2.8837655101011124,2.852938413619995,-0.05490664765238762,2.852938413619995,2.8474477488547563,2.8419570840895174,2.836466419324279,2.8254850897938013,2.8117584278807044,2.7980317659676075
664,NH1795,J,0.0007429420505200594,0.04420505200594354,2.9566671212122224,2.8497796058654785,-0.021845467388629913,2.8497796058654785,2.8475950591266157,2.8454105123877524,2.8432259656488896,2.8388568721711636,2.833395505324006,2.8279341384768486
665,NH1796,J,0.0007429420505200594,0.036404160475482915,3.072160527777222,3.0945770740509033,0.03684166073799133,3.0945770740509033,3.0982612401247023,3.1019454061985017,3.1056295722723006,3.112997904419899,3.122208319604397,3.1314187347888947
666,NH1797,J,0.0018573551263001485,0.031203566121842496,2.849835247475,2.916121006011963,0.06282255053520203,2.916121006011963,2.922403261065483,2.9286855161190033,2.9349677711725235,2.947532281279564,2.9632379189133644,2.978943556547165
667,NH1799,O,0.02823179791976226,0.03231797919762259,2.8961089031301643,2.861910104751587,0.01082784403115511,2.861910104751587,2.8629928891547025,2.864075673557818,2.8651584579609333,2.8673240267671645,2.8700309877749532,2.872737948782742
668,NH1800,N,0.02711738484398217,0.02897473997028232,2.9398054747483333,2.7636308670043945,-0.055295430123806,2.7636308670043945,2.758101323992014,2.7525717809796335,2.7470422379672526,2.7359831519424915,2.72215929441154,2.7083354368805885
669,NH1801,M,0.02823179791976226,0.029346210995542348,2.7769959646461113,2.9089102745056152,-0.03118959628045559,2.9089102745056152,2.9057913148775696,2.902672355249524,2.8995533956214787,2.8933154763653874,2.8855180772952735,2.8777206782251596
670,NH1802,M,0.10846953937592868,0.029346210995542348,2.79249957954625,2.7929327487945557,-0.08465292304754257,2.7929327487945557,2.7844674564898013,2.776002164185047,2.767536871880293,2.7506062872707844,2.7294430565088987,2.708279825747013
671,NH1803,N,0.10958395245170877,0.031203566121842496,2.9375010151520837,2.8716671466827393,-0.14257203042507172,2.8716671466827393,2.8574099436402323,2.843152740597725,2.828895537555218,2.8003811314702034,2.7647381238639355,2.7290951162576675
672,NH1804,N,0.10772659732540862,0.02637444279346211,2.8409999696970827,2.79127836227417,-0.05939997360110283,2.79127836227417,2.7853383649140597,2.7793983675539495,2.773458370193839,2.7615783754736185,2.746728382073343,2.731878388673067
673,NH1805,M,0.002228826151560178,0.030832095096582468,2.8744327196983335,2.8690388202667236,0.016353365033864975,2.8690388202667236,2.87067415677011,2.8723094932734967,2.873944829776883,2.877215502783656,2.8813038440421224,2.8853921853005886
674,NH1806,L,0.0014858841010401188,0.048662704309063894,2.9500520265145838,2.8326234817504883,-0.004298563115298748,2.8326234817504883,2.8321936254389586,2.8317637691274284,2.8313339128158987,2.830474200192839,2.829399559414014,2.8283249186351895
675,NH1807,M,0.0014858841010401188,0.029717682020802376,2.917260655304167,2.7402193546295166,-0.0849575400352478,2.7402193546295166,2.7317236006259917,2.723227846622467,2.7147320926189424,2.6977405846118927,2.6765011996030807,2.655261814594269
676,NH1808,L,0.001114413075780089,0.04457652303120357,3.069874257576251,3.0449867248535156,-0.009245431050658226,3.0449867248535156,3.04406218174845,3.043137638643384,3.042213095538318,3.0403640093281865,3.038052651565522,3.0357412938028574
677,NH1809,N,0.0003714710252600297,0.04309063893016345,2.9861731515158336,2.952091693878174,0.037736937403678894,2.952091693878174,2.955865387618542,2.9596390813589095,2.9634127750992776,2.9709601625800133,2.980394396930933,2.9898286312818527
678,NH1810,O,0.0007429420505200594,0.031575037147102525,3.153575530303333,3.087207794189453,0.037184733897447586,3.087207794189453,3.090926267579198,3.094644740968943,3.0983632143586872,3.105800161138177,3.115096344612539,3.1243925280869007
679,NH1811,J,0.001114413075780089,0.0412332838038633,2.871042633838056,2.7846391201019287,-0.009687679819762707,2.7846391201019287,2.7836703521199526,2.782701584137976,2.781732816156,2.7797952801920474,2.7773733602371067,2.774951440282166
680,NH1812,J,0.001114413075780089,0.0338038632986627,2.8218975429294444,2.8636276721954346,0.00019098271150141954,2.8636276721954346,2.863646770466585,2.8636658687377348,2.863684967008885,2.8637231635511853,2.8637709092290606,2.863818654906936
681,NH1814,N,0.002600297176820208,0.037518573551263,3.083927734847778,3.005894422531128,0.05423165485262871,3.005894422531128,3.0113175880163907,3.0167407535016535,3.0221639189869167,3.0330102499574423,3.0465681636705995,3.0601260773837566
682,NH1815,M,0.0,0.031575037147102525,2.989412714646667,2.9643890857696533,0.0015716691268607974,2.9643890857696533,2.9645462526823394,2.9647034195950255,2.9648605865077116,2.9651749203330837,2.965567837614799,2.965960754896514
683,NH1816,O,0.002228826151560178,0.041976225854383355,2.8569499621211114,2.7658729553222656,-0.06605498492717743,2.7658729553222656,2.759267456829548,2.75266195833683,2.7460564598441124,2.732845462858677,2.7163317166268826,2.699817970395088
684,NH1817,N,0.0018573551263001485,0.03900445765230312,3.2316994898988884,3.061298370361328,0.03330770134925842,3.061298370361328,3.064629140496254,3.06795991063118,3.0712906807661056,3.0779522210359573,3.086279146373272,3.0946060717105865
685,NH1818,O,0.002228826151560178,0.04011887072808321,2.880580770201944,2.9958956241607666,0.010605521500110626,2.9958956241607666,2.9969561763107775,2.998016728460789,2.9990772806107997,3.001198384910822,3.0038497652858496,3.0065011456608772
686,NH1819,N,0.0018573551263001485,0.03937592867756315,2.922420189394166,2.8646063804626465,-0.02358880452811718,2.8646063804626465,2.862247500009835,2.8598886195570232,2.857529739104211,2.852811978198588,2.8469147770665586,2.8410175759345293
687,NH1820,N,0.029346210995542348,0.1188707280832095,3.049317465908335,2.90378999710083,0.10121611505746841,2.90378999710083,2.913911608606577,2.9240332201123236,2.934154831618071,2.9543980546295643,2.9797020833939314,3.0050061121582985
688,NH1821,N,0.02786032689450223,0.11701337295690936,2.910305911616388,2.7445356845855713,0.1335984319448471,2.7445356845855713,2.757895527780056,2.771255370974541,2.7846152141690252,2.811334900557995,2.8447345085442066,2.8781341165304184
689,NH1822,O,0.02823179791976226,0.03677563150074294,2.9383589368683327,2.86257266998291,-0.06396599113941193,2.86257266998291,2.856176070868969,2.8497794717550278,2.8433828726410866,2.830589674413204,2.814598176628351,2.7986066788434982
690,NH1823,O,0.029717682020802376,0.04271916790490342,3.1580758712116666,2.9820401668548584,-0.0799771174788475,2.9820401668548584,2.9740424551069737,2.966044743359089,2.958047031611204,2.9420516081154346,2.9220573287457228,2.902063049376011
691,NH1824,N,0.02786032689450223,0.0338038632986627,2.831751537879583,2.9035134315490723,0.0057549504563212395,2.9035134315490723,2.9040889265947043,2.9046644216403363,2.905239916685969,2.906390906777233,2.907829644391313,2.9092683820053935
692,NH1825,J,0.02786032689450223,0.028603268945022287,2.9999524747463884,2.863856077194214,0.00775242829695344,2.863856077194214,2.8646313200239093,2.8654065628536047,2.8661818056832997,2.8677322913426906,2.869670398416929,2.8716085054911673
693,NH1826,J,0.0274888558692422,0.02711738484398217,2.7532827399000004,2.810431480407715,-0.010496360249817371,2.810431480407715,2.809381844382733,2.8083322083577515,2.8072825723327695,2.805183300282806,2.802559210220352,2.7999351201578975
694,NH1827,J,0.02786032689450223,0.03566121842496285,2.753110962121389,2.84572172164917,0.02950565330684185,2.84572172164917,2.848672286979854,2.8516228523105385,2.8545734176412223,2.860474548302591,2.8678509616293013,2.8752273749560118
695,NH1828,O,0.0018573551263001485,0.0338038632986627,2.8586238282833327,2.808886766433716,-0.005285810679197311,2.808886766433716,2.808358185365796,2.8078296042978765,2.8073010232299564,2.806243861094117,2.804922408424318,2.8036009557545185
696,NH1829,O,0.0007429420505200594,0.038261515601783064,2.8647285833333336,2.8867759704589844,0.009323128499090672,2.8867759704589844,2.8877082833088936,2.8886405961588024,2.8895729090087117,2.8914375347085297,2.8937683168333024,2.896099098958075
697,NH1830,O,0.001114413075780089,0.0338038632986627,3.099469366161389,2.9346671104431152,-0.01802785135805607,2.9346671104431152,2.9328643253073094,2.931061540171504,2.9292587550356983,2.925653184764087,2.921146221924573,2.916639259085059
698,NH1831,L,0.0003714710252600297,0.03417533432392273,2.923653117424166,2.8580973148345947,-0.001287951017729938,2.8580973148345947,2.8579685197328217,2.8578397246310487,2.8577109295292757,2.8574533393257298,2.8571313515712973,2.856809363816865
699,NH1832,L,0.002600297176820208,0.04234769687964339,2.6255228674241664,2.6371724605560303,-0.06935393810272217,2.6371724605560303,2.630237066745758,2.6233016729354857,2.616366279125214,2.602495491504669,2.5851570069789886,2.567818522453308
700,NH1833,L,0.001114413075780089,0.03789004457652303,2.8878988219712505,2.716817855834961,-0.022219019010663033,2.716817855834961,2.7145959539338946,2.7123740520328283,2.710152150131762,2.7057083463296294,2.7001535915769637,2.694598836824298
701,NH1834,L,0.0007429420505200594,0.034918276374442794,2.9990765151516663,2.990400791168213,0.0172561202198267,2.990400791168213,2.9921264031901957,2.993852015212178,2.995577627234161,2.9990288512781262,3.003342881333083,3.0076569113880396
702,NH1835,O,0.002600297176820208,0.03528974739970282,1.6142395746208331,2.8999783992767334,-0.06022104620933533,2.8999783992767334,2.8939562946558,2.8879341900348665,2.8819120854139326,2.8698678761720657,2.854812614619732,2.839757353067398
703,NH1836,L,0.001114413075780089,0.04309063893016345,2.9368110719699994,2.806612730026245,-0.04662233963608742,2.806612730026245,2.8019504960626365,2.797288262099028,2.7926260281354187,2.7833015602082014,2.7716459752991796,2.7599903903901577
704,NH1837,M,0.002600297176820208,0.03714710252600297,2.8521571136358332,2.8527424335479736,0.03709902614355087,2.8527424335479736,2.8564523361623286,2.8601622387766836,2.863872141391039,2.871291946619749,2.880566703155637,2.8898414596915245
705,NH1838,O,0.0007429420505200594,0.02563150074294205,2.8414712916666662,2.8704471588134766,-0.0014110923511907458,2.8704471588134766,2.8703060495783577,2.8701649403432383,2.8700238311081194,2.869741612637881,2.8693888395500835,2.869036066462286
706,NH1839,N,0.0014858841010401188,0.03863298662704309,2.7466042613633332,2.792215347290039,-0.03931150585412979,2.792215347290039,2.788284196704626,2.784353046119213,2.7804218955338,2.772559594362974,2.7627317178994417,2.7529038414359093
707,NH1840,J,0.0274888558692422,0.0338038632986627,2.874379613635833,2.833916425704956,-0.04538140818476677,2.833916425704956,2.8293782848864795,2.824840144068003,2.820302003249526,2.8112257216125727,2.799880369566381,2.7885350175201893
708,NH1841,J,0.02711738484398217,0.02600297176820208,2.8665584999991673,2.840874671936035,-0.0795549750328064,2.840874671936035,2.8329191744327544,2.8249636769294737,2.8170081794261934,2.801097184419632,2.7812084406614304,2.7613196969032288
709,NH1842,J,0.02823179791976226,0.029717682020802376,2.87035814015125,2.8346989154815674,-0.05414629727602005,2.8346989154815674,2.8292842857539653,2.823869656026363,2.8184550262987615,2.8076257668435574,2.7940891925245523,2.7805526182055473
710,NH1843,N,0.02823179791976226,0.03231797919762259,2.7602009621225,2.9196951389312744,-0.020347077399492264,2.9196951389312744,2.917660431191325,2.915625723451376,2.9135910157114266,2.9095216002315283,2.904434830881655,2.899348061531782
711,NH1844,O,0.02711738484398217,0.02711738484398217,2.8990067462116658,2.9332475662231445,0.014280449599027634,2.9332475662231445,2.934675611183047,2.93610365614295,2.937531701102853,2.9403877910226583,2.9439579034224153,2.947528015822172
712,NH1845,O,0.02711738484398217,0.02674591381872214,2.8713014015145832,3.006781578063965,0.02344129979610443,3.006781578063965,3.0091257080435754,3.011469838023186,3.013813968002796,3.018502227962017,3.024362552911043,3.0302228778600693
713,NH1846,O,0.002228826151560178,0.03900445765230312,2.6601665732322215,2.698258399963379,-0.008801311254501343,2.698258399963379,2.697378268837929,2.696498137712479,2.6956180065870283,2.6938577443361282,2.691657416522503,2.6894570887088776
714,NH1847,O,0.001114413075780089,0.030832095096582468,2.6349156792933326,2.7069308757781982,-0.030257025733590126,2.7069308757781982,2.703905173204839,2.70087947063148,2.6978537680581214,2.691802362911403,2.6842381064780056,2.676673850044608
715,NH1848,O,0.0014858841010401188,0.03863298662704309,2.5659426136366656,2.8417320251464844,-0.01020258478820324,2.8417320251464844,2.8407117666676642,2.8396915081888436,2.8386712497100235,2.8366307327523828,2.834080086555332,2.831529440358281
716,NH1851,O,0.002228826151560178,0.03566121842496285,2.747714659090833,2.811354398727417,-0.029057802632451057,2.811354398727417,2.8084486184641717,2.805542838200927,2.8026370579376816,2.7968254974111915,2.7895610467530787,2.782296596094966
717,NH1852,O,0.002228826151560178,0.038261515601783064,2.7962288712124996,2.825730562210083,-0.04325529932975769,2.825730562210083,2.821405032277107,2.8170795023441313,2.812753972411156,2.804102912545204,2.7932890877127647,2.7824752628803253
718,NH1853,O,0.0014858841010401188,0.030460624071322436,2.638273719695417,2.7767157554626465,-0.05592421069741249,2.7767157554626465,2.771123334392905,2.765530913323164,2.759938492253423,2.7487536501139402,2.734772597439587,2.720791544765234
719,NH1854,J,0.0003714710252600297,0.031203566121842496,3.230940229798056,3.28662109375,0.0569758415222168,3.28662109375,3.2923186779022218,3.2980162620544435,3.303713846206665,3.3151090145111084,3.3293529748916626,3.343596935272217
720,NH1855,J,0.001114413075780089,0.03417533432392273,3.0071051666666664,2.963026523590088,0.10927626490592957,2.963026523590088,2.9739541500806808,2.9848817765712736,2.995809403061867,3.0176646560430527,3.044983722269535,3.0723027884960175
721,NH1856,J,0.002600297176820208,0.030832095096582468,2.6143279836063944,3.0473575592041016,-0.04766102135181427,3.0473575592041016,3.0425914570689203,3.0378253549337386,3.0330592527985574,3.0235270485281944,3.011611793190241,2.9996965378522873
722,NH1857,J,0.0014858841010401188,0.0338038632986627,2.542369007576389,2.8397176265716553,-0.017732972279191017,2.8397176265716553,2.837944329343736,2.836171032115817,2.834397734887898,2.8308511404320598,2.826417897362262,2.8219846542924643
723,NH1858,J,0.0014858841010401188,0.03789004457652303,2.962446318182917,2.9624061584472656,0.06178552657365799,2.9624061584472656,2.9685847111046315,2.9747632637619974,2.980941816419363,2.9932989217340946,3.008745303377509,3.0241916850209236
724,NH1859,J,0.0014858841010401188,0.029717682020802376,2.93402264015125,2.9855704307556152,-0.031843941658735275,2.9855704307556152,2.982386036589742,2.979201642423868,2.9760172482579947,2.9696484599262476,2.9616874745115638,2.95372648909688
725,NH1860,J,0.0029717682020802376,0.031203566121842496,3.2950815606061115,3.060936212539673,0.009489614516496658,3.060936212539673,3.0618851739913224,3.062834135442972,3.063783096894622,3.065681019797921,3.0680534234270453,3.0704258270561695
726,NH1861,J,0.001114413075780089,0.033432392273402674,2.9741623308077783,2.9656124114990234,0.004947011824697256,2.9656124114990234,2.966107112681493,2.9666018138639627,2.967096515046433,2.968085917411372,2.9693226703675464,2.9705594233237207
727,NH1862,O,0.0014858841010401188,0.03231797919762259,3.2410290732322222,3.2685232162475586,0.061818189918994904,3.2685232162475586,3.274705035239458,3.2808868542313574,3.2870686732232572,3.299432311207056,3.3148868586868048,3.3303414061665535
728,NH1863,N,0.0007429420505200594,0.034546805349182766,2.8970417272727773,2.94401478767395,0.059563636779785156,2.94401478767395,2.949971151351929,2.955927515029907,2.961883878707886,2.9737966060638428,2.988687515258789,3.0035784244537354
729,NH1864,O,0.002600297176820208,0.03194650817236255,2.9720060656563896,2.928774833679199,0.06767266243696213,2.928774833679199,2.9355420999228956,2.9423093661665916,2.949076632410288,2.9626111648976803,2.979529330506921,2.9964474961161613
730,NH1865,O,0.03677563150074294,0.02674591381872214,2.960540078282778,2.87043833732605,-0.1760060042142868,2.87043833732605,2.852837736904621,2.8352371364831925,2.8176365360617637,2.7824353352189064,2.7384338341653347,2.694432333111763
731,NH1866,N,0.03566121842496285,0.037518573551263,2.380365381313055,2.68550443649292,-0.053670044988393784,2.68550443649292,2.6801374319940807,2.674770427495241,2.669403422996402,2.658669413998723,2.6452519027516246,2.631834391504526
732,NH1867,O,0.03714710252600297,0.031203566121842496,2.8067165050500003,2.7347259521484375,-0.1253805160522461,2.7347259521484375,2.722187900543213,2.709649848937988,2.697111797332764,2.6720356941223145,2.640690565109253,2.6093454360961914
733,NH1868,J,0.001114413075780089,0.03900445765230312,3.0244165656569444,2.9958126544952393,0.011812456883490086,2.9958126544952393,2.9969939001835884,2.9981751458719375,2.999356391560286,3.0017188829369843,3.004671997157857,3.0076251113787293
734,NH1869,J,0.001114413075780089,0.0338038632986627,3.088743020202778,3.0541675090789795,0.028063379228115082,3.0541675090789795,3.056973847001791,3.0597801849246027,3.062586522847414,3.068199198693037,3.075215043500066,3.0822308883070946
735,NH1870,J,0.0007429420505200594,0.036404160475482915,2.7013262929288895,2.8030953407287598,-0.03203586861491203,2.8030953407287598,2.7998917538672687,2.7966881670057773,2.7934845801442862,2.7870774064213037,2.7790684392675757,2.7710594721138477
736,NH1871,J,0.0003714710252600297,0.034918276374442794,2.854200143939445,2.8759639263153076,-0.0477682426571846,2.8759639263153076,2.871187102049589,2.8664102777838707,2.8616334535181522,2.8520798049867153,2.840137744322419,2.828195683658123
737,NH1872,J,0.001114413075780089,0.03528974739970282,2.942174520202223,2.9206550121307373,-0.01650322414934635,2.9206550121307373,2.919004689715803,2.917354367300868,2.9157040448859335,2.912403400056064,2.9082775940187275,2.904151787981391
738,NH1873,J,0.0003714710252600297,0.034918276374442794,3.0056338358586103,2.9027185440063477,-0.06964194774627686,2.9027185440063477,2.89575434923172,2.888790154457092,2.8818259596824647,2.8678975701332092,2.85048708319664,2.833076596260071
739,NH1874,M,0.004457652303120356,0.036404160475482915,2.994959267676389,2.940054416656494,0.04547714814543724,2.940054416656494,2.9446021314710378,2.9491498462855814,2.9536975611001255,2.9627929907292128,2.974162277765572,2.9855315648019314
740,NH1875,O,0.001114413075780089,0.03528974739970282,2.9547060252525004,2.980318069458008,-0.0072341253980994225,2.980318069458008,2.9795946569181977,2.978871244378388,2.978147831838578,2.976701006758958,2.9748924754094332,2.9730839440599084
741,NH1876,N,0.0014858841010401188,0.02711738484398217,2.9141102474752776,2.860388994216919,0.026826614513993263,2.860388994216919,2.8630716556683184,2.8657543171197175,2.868436978571117,2.8738023014739156,2.880508955102414,2.887215608730912
742,NH1877,M,0.001114413075780089,0.034918276374442794,2.7871418661619445,2.7328391075134277,-0.026523632928729057,2.7328391075134277,2.7301867442205547,2.7275343809276817,2.724882017634809,2.719577291049063,2.712946382816881,2.7063154745846987
743,NH1878,N,0.0014858841010401188,0.033060921248142645,2.881115969696111,2.887247085571289,0.04374580830335617,2.887247085571289,2.8916216664016248,2.8959962472319605,2.9003708280622957,2.909119989722967,2.920056441798806,2.9309928938746452
744,NH1879,M,0.0007429420505200594,0.034546805349182766,2.7095501969699995,2.8764514923095703,-0.007905601523816586,2.8764514923095703,2.8756609321571887,2.874870372004807,2.8740798118524253,2.872498691547662,2.870522291166708,2.8685458907857537
745,NH1880,L,0.02823179791976226,0.037518573551263,2.8977145909094437,2.8418030738830566,-0.02946491166949272,2.8418030738830566,2.838856582716107,2.835910091549158,2.8329636003822087,2.8270706180483103,2.819704390130937,2.812338162213564
746,NH1881,O,0.028603268945022287,0.03714710252600297,3.0694516515147225,3.118117094039917,0.08404884487390518,3.118117094039917,3.1265219785273075,3.134926863014698,3.1433317475020885,3.1601415164768696,3.181153727695346,3.202165938913822
747,NH1882,L,0.0274888558692422,0.03566121842496285,3.1094892235862153,3.023610830307007,0.04491676390171051,3.023610830307007,3.028102506697178,3.032594183087349,3.03708585947752,3.046069212257862,3.0572984032332897,3.0685275942087173
748,NH1883,O,0.0274888558692422,0.03863298662704309,3.145264628787778,2.9135193824768066,0.0474037230014801,2.9135193824768066,2.9182597547769547,2.9230001270771027,2.9277404993772507,2.9372212439775467,2.9490721747279167,2.9609231054782867
749,NH1884,L,0.0274888558692422,0.0338038632986627,3.180182585858889,3.0133724212646484,0.04956435039639473,3.0133724212646484,3.018328856304288,3.023285291343927,3.028241726383567,3.038154596462846,3.0505456840619445,3.062936771661043
750,NH1885,O,0.02786032689450223,0.03677563150074294,3.093912742424167,3.0895674228668213,0.08119972050189972,3.0895674228668213,3.097687394917011,3.105807366967201,3.1139273390173914,3.130167283117771,3.150467213243246,3.170767143368721
751,NH1886,M,0.0018573551263001485,0.03268945022288262,2.939886005050278,2.8958022594451904,-0.10739123076200485,2.8958022594451904,2.88506313636899,2.8743240132927896,2.863584890216589,2.842106644064188,2.815258836373687,2.7884110286831856
752,NH1887,O,0.0014858841010401188,0.034918276374442794,2.731580166666667,2.8797762393951416,-0.09422220289707184,2.8797762393951416,2.8703540191054344,2.8609317988157272,2.85150957852602,2.8326651379466057,2.8091095872223377,2.7855540364980698
753,NH1888,L,0.001114413075780089,0.038261515601783064,2.8290362626252783,2.792447805404663,0.008861350826919079,2.792447805404663,2.793333940487355,2.794220075570047,2.795106210652739,2.7968784808181226,2.7990938185248524,2.801309156231582
754,NH1889,J,0.0007429420505200594,0.0274888558692422,2.7347963308080554,2.7783923149108887,0.037114840000867844,2.7783923149108887,2.7821037989109754,2.785815282911062,2.789526766911149,2.7969497349113226,2.8062284449115396,2.8155071549117565
755,NH1890,J,0.001114413075780089,0.03677563150074294,2.724288702020557,2.6530508995056152,-0.14579850435256958,2.6530508995056152,2.6384710490703585,2.6238911986351012,2.6093113481998444,2.5801516473293304,2.543702021241188,2.5072523951530457
756,NH1891,J,0.001114413075780089,0.033060921248142645,2.8633116767680553,2.8425920009613037,-0.05963863059878349,2.8425920009613037,2.8366281379014255,2.830664274841547,2.8247004117816688,2.812772685661912,2.797863028012216,2.78295337036252
757,NH1892,N,0.002600297176820208,0.04086181277860327,2.857573138888055,2.7759838104248047,-0.006259113550186157,2.7759838104248047,2.7753578990697862,2.7747319877147674,2.774106076359749,2.7728542536497116,2.771289475262165,2.7697246968746185
758,NH1893,M,0.001114413075780089,0.034546805349182766,2.7234406489902776,2.765288829803467,-0.01465229969471693,2.765288829803467,2.7638235998339953,2.7623583698645233,2.760893139895052,2.7579626799561083,2.754299605032429,2.75063653010875
759,NH1894,O,0.001114413075780089,0.03900445765230312,3.029373813131944,2.918318033218384,0.028435684740543365,2.918318033218384,2.921161601692438,2.9240051701664926,2.9268487386405466,2.9325358755886555,2.9396447967737913,2.946753717958927
760,NH1895,M,0.02711738484398217,0.03603268945022288,2.993994939392917,3.003192186355591,0.08365737646818161,3.003192186355591,3.011557924002409,3.0199236616492273,3.028289399296045,3.0450208745896816,3.065935218706727,3.0868495628237724
761,NH1896,L,0.028603268945022287,0.029717682020802376,3.098168814394583,3.058983325958252,0.05351968854665756,3.058983325958252,3.064335294812918,3.0696872636675834,3.0750392325222493,3.0857431702315807,3.099123092368245,3.1125030145049095
762,NH1897,O,0.02786032689450223,0.03268945022288262,3.4524270227275,3.2191884517669678,0.1110428050160408,3.2191884517669678,3.230292732268572,3.241397012770176,3.25250129327178,3.274709854274988,3.3024705555289984,3.3302312567830086
763,NH1898,M,0.02711738484398217,0.029346210995542348,2.9688397462108327,2.9046716690063477,0.0166164543479681,2.9046716690063477,2.9063333144411443,2.9079949598759414,2.909656605310738,2.9129798961803317,2.9171340097673237,2.9212881233543158
764,NH1899,O,0.02786032689450223,0.02897473997028232,3.144453011363333,2.974335193634033,0.0971931740641594,2.974335193634033,2.984054511040449,2.993773828446865,3.003493145853281,3.022931780666113,3.0472300741821527,3.0715283676981926
765,NH1900,M,0.02711738484398217,0.029346210995542348,2.9686246174241666,3.015876531600952,0.053598519414663315,3.015876531600952,3.0212363835424183,3.026596235483885,3.031956087425351,3.042675791308284,3.0560754211619496,3.0694750510156155
766,NH1901,O,0.02823179791976226,0.02823179791976226,3.157630246211667,3.1044154167175293,0.0887647494673729,3.1044154167175293,3.1132918916642667,3.122168366611004,3.131044841557741,3.1487977914512157,3.170988978818059,3.193180166184902
767,NH1902,L,0.02786032689450223,0.03566121842496285,3.051669253787917,2.891639471054077,0.02507876604795456,2.891639471054077,2.8941473476588726,2.896655224263668,2.8991631008684635,2.9041788540780544,2.910448545590043,2.9167182371020317
768,NH1903,L,0.028603268945022287,0.02786032689450223,3.0322009696975005,3.0003583431243896,0.05225963518023491,3.0003583431243896,3.005584306642413,3.0108102701604365,3.0160362336784603,3.026488160714507,3.039553069509566,3.0526179783046246
769,NH1904,M,0.0007429420505200594,0.03714710252600297,2.7241102272730555,2.784553050994873,-0.05665602535009384,2.784553050994873,2.7788874484598636,2.773221845924854,2.767556243389845,2.756225038319826,2.7420610319823027,2.727897025644779
770,NH1905,L,0.0014858841010401188,0.04011887072808321,2.746016212121389,2.598219394683838,-0.12582509219646454,2.598219394683838,2.5856368854641913,2.573054376244545,2.5604718670248987,2.5353068485856056,2.5038505755364895,2.4723943024873734
771,NH1906,J,0.0274888558692422,0.03937592867756315,2.7964260378791668,2.833127975463867,0.04023374617099762,2.833127975463867,2.837151350080967,2.8411747246980665,2.8451980993151667,2.853244848549366,2.8633032850921154,2.873361721634865
772,NH1912,N,0.0,0.04086181277860327,2.5437110277763884,2.5770740509033203,-0.1613895446062088,2.5770740509033203,2.5609350964426993,2.5447961419820784,2.528657187521458,2.496379278600216,2.4560318924486637,2.4156845062971115
773,NH1913,L,0.0007429420505200594,0.033432392273402674,2.746056801515166,2.7769522666931152,-0.04201357066631317,2.7769522666931152,2.7727509096264837,2.7685495525598527,2.764348195493221,2.7559454813599586,2.7454420886933804,2.734938696026802
774,NH1914,O,0.0007429420505200594,0.03974739970282318,2.5260578863641667,2.6742818355560303,0.008358134888112545,2.6742818355560303,2.6751176490448416,2.675953462533653,2.676789276022464,2.6784609030000865,2.6805504367221147,2.682639970444143
775,NH1915,L,0.0007429420505200594,0.03714710252600297,2.79499519318125,2.721116065979004,0.021823052316904068,2.721116065979004,2.7232983712106944,2.725480676442385,2.727662981674075,2.732027592137456,2.737483355216682,2.742939118295908
776,NH1915,N,0.0014858841010401188,0.11218424962852898,2.79499519318125,2.692711114883423,0.10432759672403336,2.692711114883423,2.7031438745558263,2.7135766342282297,2.7240093939006327,2.7448749132454395,2.770956812426448,2.797038711607456
777,NH1916,L,0.0007429420505200594,0.03714710252600297,2.4743899356062498,2.715214729309082,-0.0326443575322628,2.715214729309082,2.711950293555856,2.7086858578026294,2.7054214220494033,2.6988925505429506,2.690731461159885,2.6825703717768192
778,NH1918,J,0.02823179791976226,0.03417533432392273,3.1180686818183343,2.991549015045166,0.10521608591079712,2.991549015045166,3.0020706236362455,3.0125922322273255,3.023113840818405,3.0441570580005646,3.070461079478264,3.096765100955963
779,NH1919,J,0.0274888558692422,0.028603268945022287,3.080316560607499,2.9643142223358154,0.05308535322546959,2.9643142223358154,2.9696227576583625,2.9749312929809095,2.980239828303456,2.9908568989485502,3.0041282372549176,3.017399575561285
780,NH1920,J,0.02823179791976226,0.02451708766716196,3.074781935605833,3.074765682220459,0.03248382732272148,3.074765682220459,3.078014064952731,3.0812624476850035,3.0845108304172753,3.0910075958818197,3.0991285527125,3.1072495095431805
781,NH1921,J,0.0274888558692422,0.030089153046062408,3.0350634280308326,3.0502817630767822,0.05170835927128792,3.0502817630767822,3.055452599003911,3.0606234349310397,3.0657942708581687,3.076135942712426,3.089063032530248,3.10199012234807
782,NH1922,J,0.02897473997028232,0.02786032689450223,3.0634608787883337,3.171893358230591,0.051598209887742996,3.171893358230591,3.177053179219365,3.1822130002081392,3.187372821196914,3.1976924631744623,3.210592015646398,3.223491568118334
783,NH1923,J,0.02823179791976226,0.02897473997028232,3.1264781780304163,3.126804828643799,0.009213583543896675,3.126804828643799,3.1277261869981885,3.128647545352578,3.129568903706968,3.131411620415747,3.1337150163017213,3.1360184121876955
784,NH1924,J,0.0274888558692422,0.02711738484398217,3.056521689394167,3.176826000213623,0.047843191772699356,3.176826000213623,3.181610319390893,3.1863946385681627,3.191178957745433,3.2007475960999727,3.2127083940431476,3.2246691919863224
785,NH1925,J,0.028603268945022287,0.02897473997028232,3.265213636364166,3.0976879596710205,0.061289411038160324,3.0976879596710205,3.1038169007748366,3.1099458418786528,3.1160747829824684,3.1283326651901007,3.1436550179496408,3.158977370709181
786,NH1926,J,0.02786032689450223,0.02786032689450223,3.3058413598475007,3.1640703678131104,0.02407490275800228,3.1640703678131104,3.1664778580889106,3.168885348364711,3.171292838640511,3.1761078191921115,3.182126544881612,3.1881452705711126
787,NH1927,J,0.0014858841010401188,0.03231797919762259,2.8397461098491656,2.701408863067627,0.02366532012820244,2.701408863067627,2.7037753950804473,2.7061419270932676,2.7085084591060875,2.713241523131728,2.719157853163779,2.7250741831958294
788,NH1928,J,0.002228826151560178,0.033060921248142645,2.5245502537879165,2.87532114982605,-0.05241789668798447,2.87532114982605,2.870079360157251,2.864837570488453,2.8595957808196544,2.8491122014820576,2.8360077273100615,2.8229032531380653
789,NH1929,J,0.001114413075780089,0.034918276374442794,2.7255756818183334,2.72857403755188,0.01855682022869587,2.72857403755188,2.7304297195747496,2.7322854015976192,2.7341410836204885,2.737852447666228,2.742491652723402,2.7471308577805758
790,NH1930,J,0.001114413075780089,0.033060921248142645,2.7980310681816665,2.74637770652771,0.005097007378935814,2.74637770652771,2.7468874072656035,2.747397108003497,2.7479068087413907,2.748926210217178,2.750200462061912,2.7514747139066458
791,NH1934,L,0.0274888558692422,0.0412332838038633,2.8276744242425,2.7503137588500977,0.0205569788813591,2.7503137588500977,2.7523694567382337,2.7544251546263694,2.7564808525145055,2.760592248290777,2.765731493011117,2.7708707377314568
792,NH1935,O,0.030089153046062408,0.03194650817236255,2.9520165227275004,2.7452569007873535,0.12259425222873688,2.7452569007873535,2.757516326010227,2.7697757512331007,2.7820351764559748,2.806554026901722,2.837202589958906,2.8678511530160904
793,NH1936,L,0.02786032689450223,0.04049034175334324,2.8923221287880567,2.8437676429748535,0.0052557820454239845,2.8437676429748535,2.844293221179396,2.8448187993839382,2.845344377588481,2.8463955339975655,2.8477094795089215,2.8490234250202775
794,NH1937,L,0.0014858841010401188,0.033432392273402674,2.6368848844695836,2.7549984455108643,-0.016142280772328377,2.7549984455108643,2.7533842174336316,2.7517699893563985,2.750155761279166,2.7469273051247,2.742891734931618,2.738856164738536
795,NH1938,N,0.0007429420505200594,0.02823179791976226,2.5318498636364577,2.7952163219451904,-0.0340697206556797,2.7952163219451904,2.7918093498796224,2.7884023778140543,2.7849954057484867,2.7781814616173506,2.7696640314534307,2.7611466012895107
796,NH1939,L,0.0018573551263001485,0.029717682020802376,2.74553563447,2.7774477005004883,-0.04511398449540138,2.7774477005004883,2.7729363020509483,2.768424903601408,2.763913505151868,2.7548907082527876,2.7436122121289372,2.732333716005087
797,NH1940,N,0.0007429420505200594,0.029346210995542348,2.7288744848485424,2.791480302810669,-0.055051349103450775,2.791480302810669,2.785975167900324,2.780470032989979,2.7749648980796335,2.7639546282589436,2.750191790983081,2.736428953707218
798,NH1941,L,0.0007429420505200594,0.028603268945022287,2.890727479167292,2.849837303161621,-0.032860469073057175,2.849837303161621,2.8465512562543154,2.8432652093470097,2.839979162439704,2.8334070686250925,2.825191951356828,2.816976834088564
799,NH1942,N,0.0018573551263001485,0.029717682020802376,2.826486689394166,2.8511688709259033,0.0059650191105902195,2.8511688709259033,2.8517653728369625,2.8523618747480213,2.8529583766590805,2.8541513804811984,2.855642635258846,2.8571338900364935
