fold,row_index,ID,group,time_proxy,model,selected_candidate,actual,prediction
1,340,NH1376,340,1498536981.0,nested_selected,full_d2,2.9502337462116666,2.9305010636647544
1,341,NH1377,341,1498537987.0,nested_selected,full_d2,3.017101999999166,2.8194580078125
1,308,NH1336,308,1498543128.0,nested_selected,full_d2,2.6871744873736114,2.533962885538737
1,352,NH1388,352,1498544686.0,nested_selected,full_d2,2.7922012689387503,2.909238815307617
1,353,NH1389,353,1498544840.5,nested_selected,full_d2,2.744722598485416,2.6173547903696694
1,406,NH1447,406,1498545499.0,nested_selected,full_d2,2.79463993939375,2.7138192653656006
1,269,NH1291,269,1498555067.0,nested_selected,full_d2,2.8228221780299996,2.646407683690389
1,268,NH1290,268,1498555272.5,nested_selected,full_d2,2.6928882613641667,2.6122050285339355
1,385,NH1426,385,1498556905.5,nested_selected,full_d2,2.9159720511366674,2.637061357498169
1,267,NH1289,267,1498557415.5,nested_selected,full_d2,2.8609133787891667,2.6729048093159995
1,266,NH1288,266,1498557641.0,nested_selected,full_d2,2.745617397727917,2.6643246014912925
1,307,NH1335,307,1498564294.0,nested_selected,full_d2,3.0797070101005546,2.726739009221395
1,393,NH1434,393,1498570353.0,nested_selected,full_d2,2.8610414507566673,2.5669135252634683
1,369,NH1407,369,1498572947.5,nested_selected,full_d2,2.3724959797983334,2.5216418902079263
1,368,NH1406,368,1498573072.0,nested_selected,full_d2,2.6985776186861115,2.587996482849121
1,370,NH1408,370,1498573120.5,nested_selected,full_d2,2.9403473358586107,2.8447192509969077
1,351,NH1387,351,1498575475.0,nested_selected,full_d2,2.6446771856066666,2.5096275806427
1,356,NH1392,356,1498575825.0,nested_selected,full_d2,2.6571546022733328,2.6466683546702066
1,354,NH1390,354,1498575916.0,nested_selected,full_d2,2.601928625,2.5271899700164795
1,355,NH1391,355,1498576163.0,nested_selected,full_d2,3.0596034772720824,2.894347826639811
1,357,NH1393,357,1498576169.5,nested_selected,full_d2,2.7594724431812505,2.552273432413737
1,396,NH1437,396,1498580643.5,nested_selected,full_d2,2.4572546287883332,2.585334618886312
1,397,NH1438,397,1498580706.0,nested_selected,full_d2,2.8197956249991667,2.653130054473877
1,394,NH1435,394,1498581117.5,nested_selected,full_d2,2.5875511931825,2.579496145248413
1,395,NH1436,395,1498581200.0,nested_selected,full_d2,2.9314942272737503,2.7015557289123535
1,374,NH1412,374,1498581338.0,nested_selected,full_d2,2.7662135151520832,2.6644785404205322
1,373,NH1411,373,1498581417.0,nested_selected,full_d2,2.836565439392917,2.7227141857147217
1,376,NH1414,376,1498582161.0,nested_selected,full_d2,2.5805085795449996,2.6517550150553384
1,377,NH1415,377,1498582635.0,nested_selected,full_d2,2.6120531174233337,2.5950234731038413
1,378,NH1416,378,1498582950.5,nested_selected,full_d2,2.6666781780308337,2.5944020748138428
1,372,NH1410,372,1498583234.0,nested_selected,full_d2,2.5341386022729164,2.6810824076334634
1,371,NH1409,371,1498583313.0,nested_selected,full_d2,2.9119232272733337,2.683226982752482
1,381,NH1422,381,1498583329.5,nested_selected,full_d2,2.732614287878125,2.8006906509399414
1,382,NH1423,382,1498583392.0,nested_selected,full_d2,2.795841687499792,2.707477251688639
1,383,NH1424,383,1498583487.5,nested_selected,full_d2,2.603203013257291,2.643752654393514
1,384,NH1425,384,1498584024.0,nested_selected,full_d2,3.090623825757918,2.9205161730448403
1,379,NH1420,379,1498585225.5,nested_selected,full_d2,2.88418860984875,2.723458449045817
1,380,NH1421,380,1498585288.0,nested_selected,full_d2,2.6350029640147916,2.7156358559926352
1,309,NH1337,309,1498585683.0,nested_selected,full_d2,2.9226101060613896,2.890902519226074
1,310,NH1338,310,1498586473.0,nested_selected,full_d2,2.9221314431825003,2.7898405392964682
1,400,NH1441,400,1498587262.0,nested_selected,full_d2,2.6845978813138895,2.6141796112060547
1,399,NH1440,399,1498587350.5,nested_selected,full_d2,2.4855075101008333,2.6112115383148193
1,401,NH1442,401,1498587370.0,nested_selected,full_d2,2.690955692424499,2.880667050679525
1,398,NH1439,398,1498589292.0,nested_selected,full_d2,2.6040388181808334,2.6725881894429526
1,402,NH1443,402,1498589308.0,nested_selected,full_d2,2.6812744053033337,2.687961975733439
1,365,NH1403,365,1498596283.0,nested_selected,full_d2,2.6668114507575003,2.5855268637339273
1,364,NH1402,364,1498596364.0,nested_selected,full_d2,2.7964503750012497,2.4930219650268555
1,366,NH1404,366,1498597027.0,nested_selected,full_d2,2.76952707197,2.5982418060302734
1,367,NH1405,367,1498597108.0,nested_selected,full_d2,2.5459914393941667,2.5732692877451577
1,362,NH1400,362,1498598136.0,nested_selected,full_d2,2.8297341931820834,2.620260794957479
1,390,NH1431,390,1498603234.0,nested_selected,full_d2,2.8693135707070834,2.825265407562256
1,391,NH1432,391,1498603301.0,nested_selected,full_d2,2.4809344823230552,2.517686605453491
1,392,NH1433,392,1498603537.0,nested_selected,full_d2,2.8484010959591677,2.7672990957895913
1,405,NH1446,405,1498608284.5,nested_selected,full_d2,2.772907863636667,2.871671517690023
1,408,NH1449,408,1498609102.0,nested_selected,full_d2,2.8542932992424994,2.6499791940053306
1,407,NH1448,407,1498609164.5,nested_selected,full_d2,2.7518247045458337,2.7364798386891684
1,403,NH1444,403,1498610132.0,nested_selected,full_d2,2.7301533333329164,2.4991068045298257
1,404,NH1445,404,1498610214.0,nested_selected,full_d2,2.918158560606666,2.739335775375366
1,221,NH1237,221,1498612523.0,nested_selected,full_d2,2.6849211477270836,2.748858372370402
1,220,NH1236,220,1498614384.5,nested_selected,full_d2,2.8226209318179167,2.6577375729878745
1,298,NH1324,297,1498614937.0,nested_selected,full_d2,2.9338776060612504,2.792966286341349
1,296,NH1323,295,1498614992.5,nested_selected,full_d2,2.5266099848475,2.586946646372477
1,294,NH1322,293,1498615071.5,nested_selected,full_d2,2.8165363030316675,2.595648924509684
1,517,NH1571,517,1498616800.0,nested_selected,full_d2,2.6675930037875,2.73431388537089
1,518,NH1572,518,1498617353.0,nested_selected,full_d2,2.8438639431825004,2.804840644200643
1,520,NH1573,519,1498617768.0,nested_selected,full_d2,2.7471295151525,2.837028900782267
1,522,NH1574,521,1498621809.0,nested_selected,full_d2,2.7811293674241666,2.7412022749582925
1,280,NH1302,280,1498637058.5,nested_selected,full_d2,3.014583128788751,2.726701100667318
1,450,NH1491,450,1498643325.0,nested_selected,full_d2,2.4046029571968743,2.60478409131368
1,452,NH1493,452,1498643373.5,nested_selected,full_d2,2.756723655304167,2.763250748316447
1,451,NH1492,451,1498643617.0,nested_selected,full_d2,2.7699136931808335,2.8524890740712485
1,453,NH1494,453,1498644078.0,nested_selected,full_d2,2.8766519621216666,2.779489278793335
1,454,NH1495,454,1498644534.0,nested_selected,full_d2,2.5458145189391668,2.6684697469075522
1,455,NH1496,455,1498644867.0,nested_selected,full_d2,2.794155,2.979891379674276
1,456,NH1497,456,1498645064.0,nested_selected,full_d2,2.7536738371212492,2.7748626867930093
1,457,NH1498,457,1498645284.0,nested_selected,full_d2,2.580586496212916,2.6889293988545737
1,521,NH1574,521,1498647951.0,nested_selected,full_d2,2.7811293674241666,2.732074578603109
1,519,NH1573,519,1498648050.0,nested_selected,full_d2,2.7471295151525,2.8317067623138428
1,523,NH1575,523,1498648396.0,nested_selected,full_d2,2.53008267424125,2.589749495188395
1,516,NH1570,516,1498649017.0,nested_selected,full_d2,2.5346034412883336,2.646188418070475
1,359,NH1396,359,1498653566.0,nested_selected,full_d2,2.5963870378785012,2.764537493387858
1,360,NH1397,360,1498653680.0,nested_selected,full_d2,2.622993156565277,2.6228888034820557
1,361,NH1398,361,1498653781.5,nested_selected,full_d2,2.8257200202024997,2.8745145003000894
1,389,NH1430,389,1498660227.0,nested_selected,full_d2,2.598982184847709,2.634823799133301
1,335,NH1365,335,1498660890.5,nested_selected,full_d2,2.4130399090912498,2.548283656438192
1,336,NH1366,336,1498661007.0,nested_selected,full_d2,2.8110285681816665,2.8515806198120117
1,337,NH1367,337,1498661220.0,nested_selected,full_d2,2.5282417234850003,2.58132537206014
1,338,NH1368,338,1498662841.0,nested_selected,full_d2,2.9217660000004164,2.9203783671061196
1,334,NH1364,334,1498663018.0,nested_selected,full_d2,2.7324893257579177,2.6160961786905923
1,333,NH1363,333,1498663097.0,nested_selected,full_d2,2.8111716136362497,2.690272490183512
1,387,NH1428,387,1498677536.5,nested_selected,full_d2,2.4962147626258337,2.6674291292826333
1,386,NH1427,386,1498677807.5,nested_selected,full_d2,2.572204270201666,2.6727426846822104
1,388,NH1429,388,1498678052.0,nested_selected,full_d2,2.7701933131311107,2.8447981675465903
1,240,NH1258,240,1498682283.0,nested_selected,full_d2,2.654602325757222,2.6113643646240234
1,239,NH1257,239,1498682427.0,nested_selected,full_d2,2.831951083332778,2.7686652342478433
1,241,NH1259,241,1498682470.0,nested_selected,full_d2,3.1357789444447226,2.8229563236236572
1,444,NH1485,444,1498730538.0,nested_selected,full_d2,2.8668407803025,2.6358073552449546
1,445,NH1486,445,1498731001.0,nested_selected,full_d2,2.9221965719687497,2.773702621459961
1,446,NH1487,446,1498731620.0,nested_selected,full_d2,2.7554371666662503,2.60178271929423
1,448,NH1489,448,1498731806.5,nested_selected,full_d2,2.961716594697083,2.607102553049723
1,340,NH1376,340,1498536981.0,fixed_raw_d2,full_d2,2.9502337462116666,2.865234057108561
1,341,NH1377,341,1498537987.0,fixed_raw_d2,full_d2,3.017101999999166,2.877229372660319
1,308,NH1336,308,1498543128.0,fixed_raw_d2,full_d2,2.6871744873736114,2.585129658381144
1,352,NH1388,352,1498544686.0,fixed_raw_d2,full_d2,2.7922012689387503,2.924715042114258
1,353,NH1389,353,1498544840.5,fixed_raw_d2,full_d2,2.744722598485416,2.589470704396566
1,406,NH1447,406,1498545499.0,fixed_raw_d2,full_d2,2.79463993939375,2.7927170594533286
1,269,NH1291,269,1498555067.0,fixed_raw_d2,full_d2,2.8228221780299996,2.6751883029937744
1,268,NH1290,268,1498555272.5,fixed_raw_d2,full_d2,2.6928882613641667,2.594151496887207
1,385,NH1426,385,1498556905.5,fixed_raw_d2,full_d2,2.9159720511366674,2.6114004453023276
1,267,NH1289,267,1498557415.5,fixed_raw_d2,full_d2,2.8609133787891667,2.7284393310546875
1,266,NH1288,266,1498557641.0,fixed_raw_d2,full_d2,2.745617397727917,2.6843775113423667
1,307,NH1335,307,1498564294.0,fixed_raw_d2,full_d2,3.0797070101005546,2.7870167891184487
1,393,NH1434,393,1498570353.0,fixed_raw_d2,full_d2,2.8610414507566673,2.6023078759511313
1,369,NH1407,369,1498572947.5,fixed_raw_d2,full_d2,2.3724959797983334,2.539275805155436
1,368,NH1406,368,1498573072.0,fixed_raw_d2,full_d2,2.6985776186861115,2.548849185307821
1,370,NH1408,370,1498573120.5,fixed_raw_d2,full_d2,2.9403473358586107,2.8631378014882407
1,351,NH1387,351,1498575475.0,fixed_raw_d2,full_d2,2.6446771856066666,2.5121382077534995
1,356,NH1392,356,1498575825.0,fixed_raw_d2,full_d2,2.6571546022733328,2.6679023106892905
1,354,NH1390,354,1498575916.0,fixed_raw_d2,full_d2,2.601928625,2.548461437225342
1,355,NH1391,355,1498576163.0,fixed_raw_d2,full_d2,3.0596034772720824,2.935853878657023
1,357,NH1393,357,1498576169.5,fixed_raw_d2,full_d2,2.7594724431812505,2.5523085594177246
1,396,NH1437,396,1498580643.5,fixed_raw_d2,full_d2,2.4572546287883332,2.55604616800944
1,397,NH1438,397,1498580706.0,fixed_raw_d2,full_d2,2.8197956249991667,2.6346370379130044
1,394,NH1435,394,1498581117.5,fixed_raw_d2,full_d2,2.5875511931825,2.598568598429362
1,395,NH1436,395,1498581200.0,fixed_raw_d2,full_d2,2.9314942272737503,2.715200662612915
1,374,NH1412,374,1498581338.0,fixed_raw_d2,full_d2,2.7662135151520832,2.627063433329264
1,373,NH1411,373,1498581417.0,fixed_raw_d2,full_d2,2.836565439392917,2.7021783192952475
1,376,NH1414,376,1498582161.0,fixed_raw_d2,full_d2,2.5805085795449996,2.622597614924113
1,377,NH1415,377,1498582635.0,fixed_raw_d2,full_d2,2.6120531174233337,2.6134480635325112
1,378,NH1416,378,1498582950.5,fixed_raw_d2,full_d2,2.6666781780308337,2.592350959777832
1,372,NH1410,372,1498583234.0,fixed_raw_d2,full_d2,2.5341386022729164,2.6330032348632812
1,371,NH1409,371,1498583313.0,fixed_raw_d2,full_d2,2.9119232272733337,2.626597801844279
1,381,NH1422,381,1498583329.5,fixed_raw_d2,full_d2,2.732614287878125,2.7549938360850015
1,382,NH1423,382,1498583392.0,fixed_raw_d2,full_d2,2.795841687499792,2.670726458231608
1,383,NH1424,383,1498583487.5,fixed_raw_d2,full_d2,2.603203013257291,2.611384630203247
1,384,NH1425,384,1498584024.0,fixed_raw_d2,full_d2,3.090623825757918,2.9609031677246094
1,379,NH1420,379,1498585225.5,fixed_raw_d2,full_d2,2.88418860984875,2.6943604151407876
1,380,NH1421,380,1498585288.0,fixed_raw_d2,full_d2,2.6350029640147916,2.664691209793091
1,309,NH1337,309,1498585683.0,fixed_raw_d2,full_d2,2.9226101060613896,2.8227193355560303
1,310,NH1338,310,1498586473.0,fixed_raw_d2,full_d2,2.9221314431825003,2.786770979563395
1,400,NH1441,400,1498587262.0,fixed_raw_d2,full_d2,2.6845978813138895,2.592707713445028
1,399,NH1440,399,1498587350.5,fixed_raw_d2,full_d2,2.4855075101008333,2.5736582279205322
1,401,NH1442,401,1498587370.0,fixed_raw_d2,full_d2,2.690955692424499,2.823785384496053
1,398,NH1439,398,1498589292.0,fixed_raw_d2,full_d2,2.6040388181808334,2.637104352315267
1,402,NH1443,402,1498589308.0,fixed_raw_d2,full_d2,2.6812744053033337,2.705528974533081
1,365,NH1403,365,1498596283.0,fixed_raw_d2,full_d2,2.6668114507575003,2.6065118312835693
1,364,NH1402,364,1498596364.0,fixed_raw_d2,full_d2,2.7964503750012497,2.5198961098988852
1,366,NH1404,366,1498597027.0,fixed_raw_d2,full_d2,2.76952707197,2.657667795817057
1,367,NH1405,367,1498597108.0,fixed_raw_d2,full_d2,2.5459914393941667,2.5945103963216147
1,362,NH1400,362,1498598136.0,fixed_raw_d2,full_d2,2.8297341931820834,2.67201034228007
1,390,NH1431,390,1498603234.0,fixed_raw_d2,full_d2,2.8693135707070834,2.8155504862467446
1,391,NH1432,391,1498603301.0,fixed_raw_d2,full_d2,2.4809344823230552,2.4984896183013916
1,392,NH1433,392,1498603537.0,fixed_raw_d2,full_d2,2.8484010959591677,2.775911569595337
1,405,NH1446,405,1498608284.5,fixed_raw_d2,full_d2,2.772907863636667,2.897895654042562
1,408,NH1449,408,1498609102.0,fixed_raw_d2,full_d2,2.8542932992424994,2.675090789794922
1,407,NH1448,407,1498609164.5,fixed_raw_d2,full_d2,2.7518247045458337,2.7851692040761313
1,403,NH1444,403,1498610132.0,fixed_raw_d2,full_d2,2.7301533333329164,2.5587048530578613
1,404,NH1445,404,1498610214.0,fixed_raw_d2,full_d2,2.918158560606666,2.7642327149709067
1,221,NH1237,221,1498612523.0,fixed_raw_d2,full_d2,2.6849211477270836,2.728475014368693
1,220,NH1236,220,1498614384.5,fixed_raw_d2,full_d2,2.8226209318179167,2.6841302712758384
1,298,NH1324,297,1498614937.0,fixed_raw_d2,full_d2,2.9338776060612504,2.8140817483266196
1,296,NH1323,295,1498614992.5,fixed_raw_d2,full_d2,2.5266099848475,2.5663785139719644
1,294,NH1322,293,1498615071.5,fixed_raw_d2,full_d2,2.8165363030316675,2.6453046798706055
1,517,NH1571,517,1498616800.0,fixed_raw_d2,full_d2,2.6675930037875,2.7666521072387695
1,518,NH1572,518,1498617353.0,fixed_raw_d2,full_d2,2.8438639431825004,2.8315773010253906
1,520,NH1573,519,1498617768.0,fixed_raw_d2,full_d2,2.7471295151525,2.827950954437256
1,522,NH1574,521,1498621809.0,fixed_raw_d2,full_d2,2.7811293674241666,2.8719748655954995
1,280,NH1302,280,1498637058.5,fixed_raw_d2,full_d2,3.014583128788751,2.7255899906158447
1,450,NH1491,450,1498643325.0,fixed_raw_d2,full_d2,2.4046029571968743,2.5239035288492837
1,452,NH1493,452,1498643373.5,fixed_raw_d2,full_d2,2.756723655304167,2.7829264799753823
1,451,NH1492,451,1498643617.0,fixed_raw_d2,full_d2,2.7699136931808335,2.8208718299865723
1,453,NH1494,453,1498644078.0,fixed_raw_d2,full_d2,2.8766519621216666,2.771183490753174
1,454,NH1495,454,1498644534.0,fixed_raw_d2,full_d2,2.5458145189391668,2.6291797161102295
1,455,NH1496,455,1498644867.0,fixed_raw_d2,full_d2,2.794155,2.9064153035481772
1,456,NH1497,456,1498645064.0,fixed_raw_d2,full_d2,2.7536738371212492,2.7116966247558594
1,457,NH1498,457,1498645284.0,fixed_raw_d2,full_d2,2.580586496212916,2.6184388796488443
1,521,NH1574,521,1498647951.0,fixed_raw_d2,full_d2,2.7811293674241666,2.8719748655954995
1,519,NH1573,519,1498648050.0,fixed_raw_d2,full_d2,2.7471295151525,2.827950954437256
1,523,NH1575,523,1498648396.0,fixed_raw_d2,full_d2,2.53008267424125,2.636368989944458
1,516,NH1570,516,1498649017.0,fixed_raw_d2,full_d2,2.5346034412883336,2.7170180479685464
1,359,NH1396,359,1498653566.0,fixed_raw_d2,full_d2,2.5963870378785012,2.7767717838287354
1,360,NH1397,360,1498653680.0,fixed_raw_d2,full_d2,2.622993156565277,2.655351003011068
1,361,NH1398,361,1498653781.5,fixed_raw_d2,full_d2,2.8257200202024997,2.8353284200032554
1,389,NH1430,389,1498660227.0,fixed_raw_d2,full_d2,2.598982184847709,2.6547751426696777
1,335,NH1365,335,1498660890.5,fixed_raw_d2,full_d2,2.4130399090912498,2.551812251408895
1,336,NH1366,336,1498661007.0,fixed_raw_d2,full_d2,2.8110285681816665,2.9066229661305747
1,337,NH1367,337,1498661220.0,fixed_raw_d2,full_d2,2.5282417234850003,2.570283571879069
1,338,NH1368,338,1498662841.0,fixed_raw_d2,full_d2,2.9217660000004164,2.886101007461548
1,334,NH1364,334,1498663018.0,fixed_raw_d2,full_d2,2.7324893257579177,2.582535982131958
1,333,NH1363,333,1498663097.0,fixed_raw_d2,full_d2,2.8111716136362497,2.7230989138285318
1,387,NH1428,387,1498677536.5,fixed_raw_d2,full_d2,2.4962147626258337,2.697391986846924
1,386,NH1427,386,1498677807.5,fixed_raw_d2,full_d2,2.572204270201666,2.752967198689779
1,388,NH1429,388,1498678052.0,fixed_raw_d2,full_d2,2.7701933131311107,2.869023084640503
1,240,NH1258,240,1498682283.0,fixed_raw_d2,full_d2,2.654602325757222,2.5172369480133057
1,239,NH1257,239,1498682427.0,fixed_raw_d2,full_d2,2.831951083332778,2.7470640341440835
1,241,NH1259,241,1498682470.0,fixed_raw_d2,full_d2,3.1357789444447226,2.861102342605591
1,444,NH1485,444,1498730538.0,fixed_raw_d2,full_d2,2.8668407803025,2.639199177424113
1,445,NH1486,445,1498731001.0,fixed_raw_d2,full_d2,2.9221965719687497,2.788530111312866
1,446,NH1487,446,1498731620.0,fixed_raw_d2,full_d2,2.7554371666662503,2.6230556964874268
1,448,NH1489,448,1498731806.5,fixed_raw_d2,full_d2,2.961716594697083,2.654930591583252
1,340,NH1376,340,1498536981.0,fixed_full_d2,full_d2,2.9502337462116666,2.9305010636647544
1,341,NH1377,341,1498537987.0,fixed_full_d2,full_d2,3.017101999999166,2.8194580078125
1,308,NH1336,308,1498543128.0,fixed_full_d2,full_d2,2.6871744873736114,2.533962885538737
1,352,NH1388,352,1498544686.0,fixed_full_d2,full_d2,2.7922012689387503,2.909238815307617
1,353,NH1389,353,1498544840.5,fixed_full_d2,full_d2,2.744722598485416,2.6173547903696694
1,406,NH1447,406,1498545499.0,fixed_full_d2,full_d2,2.79463993939375,2.7138192653656006
1,269,NH1291,269,1498555067.0,fixed_full_d2,full_d2,2.8228221780299996,2.646407683690389
1,268,NH1290,268,1498555272.5,fixed_full_d2,full_d2,2.6928882613641667,2.6122050285339355
1,385,NH1426,385,1498556905.5,fixed_full_d2,full_d2,2.9159720511366674,2.637061357498169
1,267,NH1289,267,1498557415.5,fixed_full_d2,full_d2,2.8609133787891667,2.6729048093159995
1,266,NH1288,266,1498557641.0,fixed_full_d2,full_d2,2.745617397727917,2.6643246014912925
1,307,NH1335,307,1498564294.0,fixed_full_d2,full_d2,3.0797070101005546,2.726739009221395
1,393,NH1434,393,1498570353.0,fixed_full_d2,full_d2,2.8610414507566673,2.5669135252634683
1,369,NH1407,369,1498572947.5,fixed_full_d2,full_d2,2.3724959797983334,2.5216418902079263
1,368,NH1406,368,1498573072.0,fixed_full_d2,full_d2,2.6985776186861115,2.587996482849121
1,370,NH1408,370,1498573120.5,fixed_full_d2,full_d2,2.9403473358586107,2.8447192509969077
1,351,NH1387,351,1498575475.0,fixed_full_d2,full_d2,2.6446771856066666,2.5096275806427
1,356,NH1392,356,1498575825.0,fixed_full_d2,full_d2,2.6571546022733328,2.6466683546702066
1,354,NH1390,354,1498575916.0,fixed_full_d2,full_d2,2.601928625,2.5271899700164795
1,355,NH1391,355,1498576163.0,fixed_full_d2,full_d2,3.0596034772720824,2.894347826639811
1,357,NH1393,357,1498576169.5,fixed_full_d2,full_d2,2.7594724431812505,2.552273432413737
1,396,NH1437,396,1498580643.5,fixed_full_d2,full_d2,2.4572546287883332,2.585334618886312
1,397,NH1438,397,1498580706.0,fixed_full_d2,full_d2,2.8197956249991667,2.653130054473877
1,394,NH1435,394,1498581117.5,fixed_full_d2,full_d2,2.5875511931825,2.579496145248413
1,395,NH1436,395,1498581200.0,fixed_full_d2,full_d2,2.9314942272737503,2.7015557289123535
1,374,NH1412,374,1498581338.0,fixed_full_d2,full_d2,2.7662135151520832,2.6644785404205322
1,373,NH1411,373,1498581417.0,fixed_full_d2,full_d2,2.836565439392917,2.7227141857147217
1,376,NH1414,376,1498582161.0,fixed_full_d2,full_d2,2.5805085795449996,2.6517550150553384
1,377,NH1415,377,1498582635.0,fixed_full_d2,full_d2,2.6120531174233337,2.5950234731038413
1,378,NH1416,378,1498582950.5,fixed_full_d2,full_d2,2.6666781780308337,2.5944020748138428
1,372,NH1410,372,1498583234.0,fixed_full_d2,full_d2,2.5341386022729164,2.6810824076334634
1,371,NH1409,371,1498583313.0,fixed_full_d2,full_d2,2.9119232272733337,2.683226982752482
1,381,NH1422,381,1498583329.5,fixed_full_d2,full_d2,2.732614287878125,2.8006906509399414
1,382,NH1423,382,1498583392.0,fixed_full_d2,full_d2,2.795841687499792,2.707477251688639
1,383,NH1424,383,1498583487.5,fixed_full_d2,full_d2,2.603203013257291,2.643752654393514
1,384,NH1425,384,1498584024.0,fixed_full_d2,full_d2,3.090623825757918,2.9205161730448403
1,379,NH1420,379,1498585225.5,fixed_full_d2,full_d2,2.88418860984875,2.723458449045817
1,380,NH1421,380,1498585288.0,fixed_full_d2,full_d2,2.6350029640147916,2.7156358559926352
1,309,NH1337,309,1498585683.0,fixed_full_d2,full_d2,2.9226101060613896,2.890902519226074
1,310,NH1338,310,1498586473.0,fixed_full_d2,full_d2,2.9221314431825003,2.7898405392964682
1,400,NH1441,400,1498587262.0,fixed_full_d2,full_d2,2.6845978813138895,2.6141796112060547
1,399,NH1440,399,1498587350.5,fixed_full_d2,full_d2,2.4855075101008333,2.6112115383148193
1,401,NH1442,401,1498587370.0,fixed_full_d2,full_d2,2.690955692424499,2.880667050679525
1,398,NH1439,398,1498589292.0,fixed_full_d2,full_d2,2.6040388181808334,2.6725881894429526
1,402,NH1443,402,1498589308.0,fixed_full_d2,full_d2,2.6812744053033337,2.687961975733439
1,365,NH1403,365,1498596283.0,fixed_full_d2,full_d2,2.6668114507575003,2.5855268637339273
1,364,NH1402,364,1498596364.0,fixed_full_d2,full_d2,2.7964503750012497,2.4930219650268555
1,366,NH1404,366,1498597027.0,fixed_full_d2,full_d2,2.76952707197,2.5982418060302734
1,367,NH1405,367,1498597108.0,fixed_full_d2,full_d2,2.5459914393941667,2.5732692877451577
1,362,NH1400,362,1498598136.0,fixed_full_d2,full_d2,2.8297341931820834,2.620260794957479
1,390,NH1431,390,1498603234.0,fixed_full_d2,full_d2,2.8693135707070834,2.825265407562256
1,391,NH1432,391,1498603301.0,fixed_full_d2,full_d2,2.4809344823230552,2.517686605453491
1,392,NH1433,392,1498603537.0,fixed_full_d2,full_d2,2.8484010959591677,2.7672990957895913
1,405,NH1446,405,1498608284.5,fixed_full_d2,full_d2,2.772907863636667,2.871671517690023
1,408,NH1449,408,1498609102.0,fixed_full_d2,full_d2,2.8542932992424994,2.6499791940053306
1,407,NH1448,407,1498609164.5,fixed_full_d2,full_d2,2.7518247045458337,2.7364798386891684
1,403,NH1444,403,1498610132.0,fixed_full_d2,full_d2,2.7301533333329164,2.4991068045298257
1,404,NH1445,404,1498610214.0,fixed_full_d2,full_d2,2.918158560606666,2.739335775375366
1,221,NH1237,221,1498612523.0,fixed_full_d2,full_d2,2.6849211477270836,2.748858372370402
1,220,NH1236,220,1498614384.5,fixed_full_d2,full_d2,2.8226209318179167,2.6577375729878745
1,298,NH1324,297,1498614937.0,fixed_full_d2,full_d2,2.9338776060612504,2.792966286341349
1,296,NH1323,295,1498614992.5,fixed_full_d2,full_d2,2.5266099848475,2.586946646372477
1,294,NH1322,293,1498615071.5,fixed_full_d2,full_d2,2.8165363030316675,2.595648924509684
1,517,NH1571,517,1498616800.0,fixed_full_d2,full_d2,2.6675930037875,2.73431388537089
1,518,NH1572,518,1498617353.0,fixed_full_d2,full_d2,2.8438639431825004,2.804840644200643
1,520,NH1573,519,1498617768.0,fixed_full_d2,full_d2,2.7471295151525,2.837028900782267
1,522,NH1574,521,1498621809.0,fixed_full_d2,full_d2,2.7811293674241666,2.7412022749582925
1,280,NH1302,280,1498637058.5,fixed_full_d2,full_d2,3.014583128788751,2.726701100667318
1,450,NH1491,450,1498643325.0,fixed_full_d2,full_d2,2.4046029571968743,2.60478409131368
1,452,NH1493,452,1498643373.5,fixed_full_d2,full_d2,2.756723655304167,2.763250748316447
1,451,NH1492,451,1498643617.0,fixed_full_d2,full_d2,2.7699136931808335,2.8524890740712485
1,453,NH1494,453,1498644078.0,fixed_full_d2,full_d2,2.8766519621216666,2.779489278793335
1,454,NH1495,454,1498644534.0,fixed_full_d2,full_d2,2.5458145189391668,2.6684697469075522
1,455,NH1496,455,1498644867.0,fixed_full_d2,full_d2,2.794155,2.979891379674276
1,456,NH1497,456,1498645064.0,fixed_full_d2,full_d2,2.7536738371212492,2.7748626867930093
1,457,NH1498,457,1498645284.0,fixed_full_d2,full_d2,2.580586496212916,2.6889293988545737
1,521,NH1574,521,1498647951.0,fixed_full_d2,full_d2,2.7811293674241666,2.732074578603109
1,519,NH1573,519,1498648050.0,fixed_full_d2,full_d2,2.7471295151525,2.8317067623138428
1,523,NH1575,523,1498648396.0,fixed_full_d2,full_d2,2.53008267424125,2.589749495188395
1,516,NH1570,516,1498649017.0,fixed_full_d2,full_d2,2.5346034412883336,2.646188418070475
1,359,NH1396,359,1498653566.0,fixed_full_d2,full_d2,2.5963870378785012,2.764537493387858
1,360,NH1397,360,1498653680.0,fixed_full_d2,full_d2,2.622993156565277,2.6228888034820557
1,361,NH1398,361,1498653781.5,fixed_full_d2,full_d2,2.8257200202024997,2.8745145003000894
1,389,NH1430,389,1498660227.0,fixed_full_d2,full_d2,2.598982184847709,2.634823799133301
1,335,NH1365,335,1498660890.5,fixed_full_d2,full_d2,2.4130399090912498,2.548283656438192
1,336,NH1366,336,1498661007.0,fixed_full_d2,full_d2,2.8110285681816665,2.8515806198120117
1,337,NH1367,337,1498661220.0,fixed_full_d2,full_d2,2.5282417234850003,2.58132537206014
1,338,NH1368,338,1498662841.0,fixed_full_d2,full_d2,2.9217660000004164,2.9203783671061196
1,334,NH1364,334,1498663018.0,fixed_full_d2,full_d2,2.7324893257579177,2.6160961786905923
1,333,NH1363,333,1498663097.0,fixed_full_d2,full_d2,2.8111716136362497,2.690272490183512
1,387,NH1428,387,1498677536.5,fixed_full_d2,full_d2,2.4962147626258337,2.6674291292826333
1,386,NH1427,386,1498677807.5,fixed_full_d2,full_d2,2.572204270201666,2.6727426846822104
1,388,NH1429,388,1498678052.0,fixed_full_d2,full_d2,2.7701933131311107,2.8447981675465903
1,240,NH1258,240,1498682283.0,fixed_full_d2,full_d2,2.654602325757222,2.6113643646240234
1,239,NH1257,239,1498682427.0,fixed_full_d2,full_d2,2.831951083332778,2.7686652342478433
1,241,NH1259,241,1498682470.0,fixed_full_d2,full_d2,3.1357789444447226,2.8229563236236572
1,444,NH1485,444,1498730538.0,fixed_full_d2,full_d2,2.8668407803025,2.6358073552449546
1,445,NH1486,445,1498731001.0,fixed_full_d2,full_d2,2.9221965719687497,2.773702621459961
1,446,NH1487,446,1498731620.0,fixed_full_d2,full_d2,2.7554371666662503,2.60178271929423
1,448,NH1489,448,1498731806.5,fixed_full_d2,full_d2,2.961716594697083,2.607102553049723
1,340,NH1376,340,1498536981.0,mean_baseline,full_d2,2.9502337462116666,2.782196858891911
1,341,NH1377,341,1498537987.0,mean_baseline,full_d2,3.017101999999166,2.782196858891911
1,308,NH1336,308,1498543128.0,mean_baseline,full_d2,2.6871744873736114,2.782196858891911
1,352,NH1388,352,1498544686.0,mean_baseline,full_d2,2.7922012689387503,2.782196858891911
1,353,NH1389,353,1498544840.5,mean_baseline,full_d2,2.744722598485416,2.782196858891911
1,406,NH1447,406,1498545499.0,mean_baseline,full_d2,2.79463993939375,2.782196858891911
1,269,NH1291,269,1498555067.0,mean_baseline,full_d2,2.8228221780299996,2.782196858891911
1,268,NH1290,268,1498555272.5,mean_baseline,full_d2,2.6928882613641667,2.782196858891911
1,385,NH1426,385,1498556905.5,mean_baseline,full_d2,2.9159720511366674,2.782196858891911
1,267,NH1289,267,1498557415.5,mean_baseline,full_d2,2.8609133787891667,2.782196858891911
1,266,NH1288,266,1498557641.0,mean_baseline,full_d2,2.745617397727917,2.782196858891911
1,307,NH1335,307,1498564294.0,mean_baseline,full_d2,3.0797070101005546,2.782196858891911
1,393,NH1434,393,1498570353.0,mean_baseline,full_d2,2.8610414507566673,2.782196858891911
1,369,NH1407,369,1498572947.5,mean_baseline,full_d2,2.3724959797983334,2.782196858891911
1,368,NH1406,368,1498573072.0,mean_baseline,full_d2,2.6985776186861115,2.782196858891911
1,370,NH1408,370,1498573120.5,mean_baseline,full_d2,2.9403473358586107,2.782196858891911
1,351,NH1387,351,1498575475.0,mean_baseline,full_d2,2.6446771856066666,2.782196858891911
1,356,NH1392,356,1498575825.0,mean_baseline,full_d2,2.6571546022733328,2.782196858891911
1,354,NH1390,354,1498575916.0,mean_baseline,full_d2,2.601928625,2.782196858891911
1,355,NH1391,355,1498576163.0,mean_baseline,full_d2,3.0596034772720824,2.782196858891911
1,357,NH1393,357,1498576169.5,mean_baseline,full_d2,2.7594724431812505,2.782196858891911
1,396,NH1437,396,1498580643.5,mean_baseline,full_d2,2.4572546287883332,2.782196858891911
1,397,NH1438,397,1498580706.0,mean_baseline,full_d2,2.8197956249991667,2.782196858891911
1,394,NH1435,394,1498581117.5,mean_baseline,full_d2,2.5875511931825,2.782196858891911
1,395,NH1436,395,1498581200.0,mean_baseline,full_d2,2.9314942272737503,2.782196858891911
1,374,NH1412,374,1498581338.0,mean_baseline,full_d2,2.7662135151520832,2.782196858891911
1,373,NH1411,373,1498581417.0,mean_baseline,full_d2,2.836565439392917,2.782196858891911
1,376,NH1414,376,1498582161.0,mean_baseline,full_d2,2.5805085795449996,2.782196858891911
1,377,NH1415,377,1498582635.0,mean_baseline,full_d2,2.6120531174233337,2.782196858891911
1,378,NH1416,378,1498582950.5,mean_baseline,full_d2,2.6666781780308337,2.782196858891911
1,372,NH1410,372,1498583234.0,mean_baseline,full_d2,2.5341386022729164,2.782196858891911
1,371,NH1409,371,1498583313.0,mean_baseline,full_d2,2.9119232272733337,2.782196858891911
1,381,NH1422,381,1498583329.5,mean_baseline,full_d2,2.732614287878125,2.782196858891911
1,382,NH1423,382,1498583392.0,mean_baseline,full_d2,2.795841687499792,2.782196858891911
1,383,NH1424,383,1498583487.5,mean_baseline,full_d2,2.603203013257291,2.782196858891911
1,384,NH1425,384,1498584024.0,mean_baseline,full_d2,3.090623825757918,2.782196858891911
1,379,NH1420,379,1498585225.5,mean_baseline,full_d2,2.88418860984875,2.782196858891911
1,380,NH1421,380,1498585288.0,mean_baseline,full_d2,2.6350029640147916,2.782196858891911
1,309,NH1337,309,1498585683.0,mean_baseline,full_d2,2.9226101060613896,2.782196858891911
1,310,NH1338,310,1498586473.0,mean_baseline,full_d2,2.9221314431825003,2.782196858891911
1,400,NH1441,400,1498587262.0,mean_baseline,full_d2,2.6845978813138895,2.782196858891911
1,399,NH1440,399,1498587350.5,mean_baseline,full_d2,2.4855075101008333,2.782196858891911
1,401,NH1442,401,1498587370.0,mean_baseline,full_d2,2.690955692424499,2.782196858891911
1,398,NH1439,398,1498589292.0,mean_baseline,full_d2,2.6040388181808334,2.782196858891911
1,402,NH1443,402,1498589308.0,mean_baseline,full_d2,2.6812744053033337,2.782196858891911
1,365,NH1403,365,1498596283.0,mean_baseline,full_d2,2.6668114507575003,2.782196858891911
1,364,NH1402,364,1498596364.0,mean_baseline,full_d2,2.7964503750012497,2.782196858891911
1,366,NH1404,366,1498597027.0,mean_baseline,full_d2,2.76952707197,2.782196858891911
1,367,NH1405,367,1498597108.0,mean_baseline,full_d2,2.5459914393941667,2.782196858891911
1,362,NH1400,362,1498598136.0,mean_baseline,full_d2,2.8297341931820834,2.782196858891911
1,390,NH1431,390,1498603234.0,mean_baseline,full_d2,2.8693135707070834,2.782196858891911
1,391,NH1432,391,1498603301.0,mean_baseline,full_d2,2.4809344823230552,2.782196858891911
1,392,NH1433,392,1498603537.0,mean_baseline,full_d2,2.8484010959591677,2.782196858891911
1,405,NH1446,405,1498608284.5,mean_baseline,full_d2,2.772907863636667,2.782196858891911
1,408,NH1449,408,1498609102.0,mean_baseline,full_d2,2.8542932992424994,2.782196858891911
1,407,NH1448,407,1498609164.5,mean_baseline,full_d2,2.7518247045458337,2.782196858891911
1,403,NH1444,403,1498610132.0,mean_baseline,full_d2,2.7301533333329164,2.782196858891911
1,404,NH1445,404,1498610214.0,mean_baseline,full_d2,2.918158560606666,2.782196858891911
1,221,NH1237,221,1498612523.0,mean_baseline,full_d2,2.6849211477270836,2.782196858891911
1,220,NH1236,220,1498614384.5,mean_baseline,full_d2,2.8226209318179167,2.782196858891911
1,298,NH1324,297,1498614937.0,mean_baseline,full_d2,2.9338776060612504,2.782196858891911
1,296,NH1323,295,1498614992.5,mean_baseline,full_d2,2.5266099848475,2.782196858891911
1,294,NH1322,293,1498615071.5,mean_baseline,full_d2,2.8165363030316675,2.782196858891911
1,517,NH1571,517,1498616800.0,mean_baseline,full_d2,2.6675930037875,2.782196858891911
1,518,NH1572,518,1498617353.0,mean_baseline,full_d2,2.8438639431825004,2.782196858891911
1,520,NH1573,519,1498617768.0,mean_baseline,full_d2,2.7471295151525,2.782196858891911
1,522,NH1574,521,1498621809.0,mean_baseline,full_d2,2.7811293674241666,2.782196858891911
1,280,NH1302,280,1498637058.5,mean_baseline,full_d2,3.014583128788751,2.782196858891911
1,450,NH1491,450,1498643325.0,mean_baseline,full_d2,2.4046029571968743,2.782196858891911
1,452,NH1493,452,1498643373.5,mean_baseline,full_d2,2.756723655304167,2.782196858891911
1,451,NH1492,451,1498643617.0,mean_baseline,full_d2,2.7699136931808335,2.782196858891911
1,453,NH1494,453,1498644078.0,mean_baseline,full_d2,2.8766519621216666,2.782196858891911
1,454,NH1495,454,1498644534.0,mean_baseline,full_d2,2.5458145189391668,2.782196858891911
1,455,NH1496,455,1498644867.0,mean_baseline,full_d2,2.794155,2.782196858891911
1,456,NH1497,456,1498645064.0,mean_baseline,full_d2,2.7536738371212492,2.782196858891911
1,457,NH1498,457,1498645284.0,mean_baseline,full_d2,2.580586496212916,2.782196858891911
1,521,NH1574,521,1498647951.0,mean_baseline,full_d2,2.7811293674241666,2.782196858891911
1,519,NH1573,519,1498648050.0,mean_baseline,full_d2,2.7471295151525,2.782196858891911
1,523,NH1575,523,1498648396.0,mean_baseline,full_d2,2.53008267424125,2.782196858891911
1,516,NH1570,516,1498649017.0,mean_baseline,full_d2,2.5346034412883336,2.782196858891911
1,359,NH1396,359,1498653566.0,mean_baseline,full_d2,2.5963870378785012,2.782196858891911
1,360,NH1397,360,1498653680.0,mean_baseline,full_d2,2.622993156565277,2.782196858891911
1,361,NH1398,361,1498653781.5,mean_baseline,full_d2,2.8257200202024997,2.782196858891911
1,389,NH1430,389,1498660227.0,mean_baseline,full_d2,2.598982184847709,2.782196858891911
1,335,NH1365,335,1498660890.5,mean_baseline,full_d2,2.4130399090912498,2.782196858891911
1,336,NH1366,336,1498661007.0,mean_baseline,full_d2,2.8110285681816665,2.782196858891911
1,337,NH1367,337,1498661220.0,mean_baseline,full_d2,2.5282417234850003,2.782196858891911
1,338,NH1368,338,1498662841.0,mean_baseline,full_d2,2.9217660000004164,2.782196858891911
1,334,NH1364,334,1498663018.0,mean_baseline,full_d2,2.7324893257579177,2.782196858891911
1,333,NH1363,333,1498663097.0,mean_baseline,full_d2,2.8111716136362497,2.782196858891911
1,387,NH1428,387,1498677536.5,mean_baseline,full_d2,2.4962147626258337,2.782196858891911
1,386,NH1427,386,1498677807.5,mean_baseline,full_d2,2.572204270201666,2.782196858891911
1,388,NH1429,388,1498678052.0,mean_baseline,full_d2,2.7701933131311107,2.782196858891911
1,240,NH1258,240,1498682283.0,mean_baseline,full_d2,2.654602325757222,2.782196858891911
1,239,NH1257,239,1498682427.0,mean_baseline,full_d2,2.831951083332778,2.782196858891911
1,241,NH1259,241,1498682470.0,mean_baseline,full_d2,3.1357789444447226,2.782196858891911
1,444,NH1485,444,1498730538.0,mean_baseline,full_d2,2.8668407803025,2.782196858891911
1,445,NH1486,445,1498731001.0,mean_baseline,full_d2,2.9221965719687497,2.782196858891911
1,446,NH1487,446,1498731620.0,mean_baseline,full_d2,2.7554371666662503,2.782196858891911
1,448,NH1489,448,1498731806.5,mean_baseline,full_d2,2.961716594697083,2.782196858891911
2,447,NH1488,447,1498732022.0,nested_selected,raw_d3,3.213455666666251,2.979753255844116
2,449,NH1490,449,1498732951.0,nested_selected,raw_d3,3.205263837121666,3.0755417346954346
2,443,NH1484,443,1498733098.0,nested_selected,raw_d3,3.04554245454625,2.9334795475006104
2,442,NH1483,442,1498734414.0,nested_selected,raw_d3,3.305119875,3.019479592641195
2,438,NH1479,438,1498736997.5,nested_selected,raw_d3,2.7656549090905553,2.6314103603363037
2,437,NH1478,437,1498737267.5,nested_selected,raw_d3,2.9087390106059994,2.93878706296285
2,439,NH1480,439,1498737459.0,nested_selected,raw_d3,2.856577093434167,2.8594184716542563
2,440,NH1481,440,1498737814.0,nested_selected,raw_d3,2.5367798143945834,2.599120616912842
2,441,NH1482,441,1498738591.0,nested_selected,raw_d3,3.0714249128787503,2.993326266606649
2,436,NH1477,436,1498739759.0,nested_selected,raw_d3,2.8579737840900004,2.689683755238851
2,421,NH1464,421,1498741055.0,nested_selected,raw_d3,2.8710665303020826,2.7702482541402182
2,422,NH1465,422,1498741322.0,nested_selected,raw_d3,3.1901213409087497,3.041322708129883
2,423,NH1466,423,1498741937.0,nested_selected,raw_d3,2.797970242424584,2.6771746476491294
2,469,NH1510,469,1498825160.0,nested_selected,raw_d3,2.82887276894,2.729806979497274
2,468,NH1509,468,1498825229.0,nested_selected,raw_d3,2.7863670681812502,2.934302488962809
2,470,NH1511,470,1498826279.0,nested_selected,raw_d3,2.811349795454166,2.834070841471354
2,471,NH1512,471,1498826374.0,nested_selected,raw_d3,2.5712548257574994,2.6698074340820312
2,472,NH1513,472,1498827126.0,nested_selected,raw_d3,2.8397837083341666,2.8363184928894043
2,467,NH1508,467,1498827363.0,nested_selected,raw_d3,2.7506098939383334,2.851325432459513
2,507,NH1561,507,1498838962.5,nested_selected,raw_d3,2.9154196856066665,2.7544447580973306
2,508,NH1562,508,1498838990.0,nested_selected,raw_d3,2.9867449545445828,2.6247571309407554
2,509,NH1563,509,1498839097.0,nested_selected,raw_d3,3.209558715909166,2.9194705486297607
2,510,NH1564,510,1498839854.0,nested_selected,raw_d3,3.3299264583341674,2.9727848370869956
2,512,NH1566,512,1498839920.5,nested_selected,raw_d3,2.8937555492425004,2.702737013498942
2,511,NH1565,511,1498840185.0,nested_selected,raw_d3,3.0193580075754163,2.6926773389180503
2,513,NH1567,513,1498841074.0,nested_selected,raw_d3,3.4054379431804156,2.9565347035725913
2,506,NH1560,506,1498841096.0,nested_selected,raw_d3,2.8437803522733334,2.6776797771453857
2,505,NH1559,505,1498841312.0,nested_selected,raw_d3,3.026218575757916,2.771125872929891
2,525,NH1577,525,1498855582.0,nested_selected,raw_d3,2.7140443080811116,2.684525410334269
2,526,NH1578,526,1498855650.0,nested_selected,raw_d3,2.928948969696666,2.7767083644866943
2,524,NH1576,524,1498855717.0,nested_selected,raw_d3,2.7670094217169448,2.6021319230397544
2,493,NH1547,493,1498882998.0,nested_selected,raw_d3,2.8696522222222227,2.831169287363688
2,494,NH1548,494,1498883032.0,nested_selected,raw_d3,2.752624828283055,2.7581209341684976
2,495,NH1549,495,1498883413.0,nested_selected,raw_d3,2.7769003611119447,2.6150388717651367
2,482,NH1528,482,1498932471.0,nested_selected,raw_d3,2.695868310606111,2.593405803044637
2,483,NH1529,483,1498932508.0,nested_selected,raw_d3,2.8512445277777783,2.7692674001057944
2,484,NH1530,484,1498932605.5,nested_selected,raw_d3,3.0451293030302775,2.8536809285481772
2,546,NH1599,546,1498942687.5,nested_selected,raw_d3,2.7516804595958333,2.715116818745931
2,545,NH1598,545,1498942743.0,nested_selected,raw_d3,2.583565361110278,2.6377243200937905
2,547,NH1600,547,1498942959.5,nested_selected,raw_d3,2.8901921085852775,2.888983408610026
2,542,NH1595,542,1498945670.0,nested_selected,raw_d3,2.847530583332917,2.618544816970825
2,541,NH1594,541,1498945775.0,nested_selected,raw_d3,2.8696292537883332,2.6155124505360923
2,543,NH1596,543,1498946970.0,nested_selected,raw_d3,2.9677918446975,2.6740517616271973
2,544,NH1597,544,1498948067.0,nested_selected,raw_d3,3.32966174242375,3.0298970540364585
2,539,NH1592,539,1498948161.5,nested_selected,raw_d3,2.9873053598491666,2.754422903060913
2,540,NH1593,540,1498948271.0,nested_selected,raw_d3,3.007452212120417,2.689258337020874
2,549,NH1602,549,1498948491.0,nested_selected,raw_d3,2.6095519949491663,2.6429492632548013
2,548,NH1601,548,1498948570.0,nested_selected,raw_d3,2.679304651514722,2.927027622858683
2,550,NH1603,550,1498948597.0,nested_selected,raw_d3,2.4643921868686105,2.647474527359009
2,514,NH1568,514,1498953600.0,nested_selected,raw_d3,2.873743284090417,2.694961150487264
2,515,NH1569,515,1498953600.0,nested_selected,raw_d3,3.258172492424584,2.875121831893921
2,552,NH1605,552,1498953600.0,nested_selected,raw_d3,2.539839329545001,2.749266783396403
2,553,NH1606,553,1498953600.0,nested_selected,raw_d3,2.7267650037887496,2.909982204437256
2,554,NH1607,554,1498953600.0,nested_selected,raw_d3,2.794889651515416,2.7176221211751304
2,555,NH1608,555,1498953600.0,nested_selected,raw_d3,2.7100046969695835,2.7334887186686196
2,426,NH1469,426,1498954010.5,nested_selected,raw_d3,3.3536392916670836,2.9888149897257485
2,427,NH1469,426,1498954010.5,nested_selected,raw_d3,3.3536392916670836,2.9880831241607666
2,428,NH1470,428,1498954068.0,nested_selected,raw_d3,2.9344255719695838,2.8001797993977866
2,429,NH1470,428,1498954068.0,nested_selected,raw_d3,2.9344255719695838,2.799489418665568
2,430,NH1471,430,1498954145.0,nested_selected,raw_d3,2.700038464015417,2.6120105584462485
2,431,NH1472,431,1498954226.0,nested_selected,raw_d3,2.871240454544792,3.0559540589650473
2,432,NH1473,432,1498954563.5,nested_selected,raw_d3,2.8334246988633334,2.740060647328695
2,433,NH1474,433,1498954901.5,nested_selected,raw_d3,2.944900195834292,2.9553160667419434
2,556,NH1609,556,1498961594.5,nested_selected,raw_d3,2.808178026515416,2.9158146381378174
2,551,NH1604,551,1498961718.0,nested_selected,raw_d3,2.894043181817917,2.7746731440226235
2,417,NH1460,417,1498963460.5,nested_selected,raw_d3,2.915021795454443,2.7791720231374106
2,418,NH1461,418,1498963483.0,nested_selected,raw_d3,2.707362411616389,2.773001273473104
2,419,NH1462,419,1498973496.5,nested_selected,raw_d3,2.6863496919191663,2.5833831628163657
2,420,NH1463,420,1498974149.0,nested_selected,raw_d3,2.520522416666666,2.694211721420288
2,409,NH1450,409,1498975878.0,nested_selected,raw_d3,2.755381289925676,2.6893324851989746
2,410,NH1451,410,1498975989.0,nested_selected,raw_d3,3.0433975808080547,2.7737303574879966
2,411,NH1452,411,1498976094.5,nested_selected,raw_d3,3.246185393939722,2.8804306189219155
2,434,NH1475,434,1498987965.5,nested_selected,raw_d3,2.9112718484852085,2.706388791402181
2,424,NH1467,424,1498988835.5,nested_selected,raw_d3,2.779368295454374,2.6819053490956626
2,435,NH1476,435,1498988891.0,nested_selected,raw_d3,2.697709937500001,2.689277251561483
2,425,NH1468,425,1498989163.5,nested_selected,raw_d3,2.851153931818126,2.8201540311177573
2,558,NH1611,558,1499034494.0,nested_selected,raw_d3,2.5755620909088894,2.784234364827474
2,557,NH1610,557,1499034572.0,nested_selected,raw_d3,2.4609179873736116,2.61818790435791
2,559,NH1612,559,1499034745.5,nested_selected,raw_d3,2.621274502524444,2.5937360922495523
2,479,NH1520,479,1499040000.0,nested_selected,raw_d3,2.7224765946977083,2.730775992075602
2,480,NH1521,480,1499040000.0,nested_selected,raw_d3,2.683536670454166,2.722574551900228
2,481,NH1522,481,1499040000.0,nested_selected,raw_d3,2.93052868939375,2.7804129123687744
2,478,NH1519,478,1499044236.5,nested_selected,raw_d3,2.9073547348479165,2.796862999598185
2,634,NH1757,634,1499044346.0,nested_selected,raw_d3,2.8736678383836107,2.724173625310262
2,635,NH1758,635,1499045010.0,nested_selected,raw_d3,2.7538293484841665,2.7061577637990317
2,633,NH1755,633,1499051628.0,nested_selected,raw_d3,2.868438573232777,2.828709840774536
2,632,NH1754,632,1499051707.0,nested_selected,raw_d3,2.7977523131311104,2.739607095718384
2,413,NH1455,413,1499060294.0,nested_selected,raw_d3,2.7748878939404165,2.6900697549184165
2,415,NH1457,415,1499060343.5,nested_selected,raw_d3,2.965334935605833,2.927281061808268
2,412,NH1454,412,1499060373.0,nested_selected,raw_d3,2.8213227462112505,2.970792373021444
2,414,NH1456,414,1499060399.0,nested_selected,raw_d3,2.539858378787917,2.7136076291402182
2,416,NH1458,416,1499060952.0,nested_selected,raw_d3,2.8149711704537497,2.6741410891215005
2,590,NH1671,590,1499087696.5,nested_selected,raw_d3,2.7723035265154166,2.526127020517985
2,591,NH1672,591,1499089211.0,nested_selected,raw_d3,2.7109870606066666,2.620853821436564
2,574,NH1628,574,1499093143.0,nested_selected,raw_d3,2.765108738181733,2.6815266609191895
2,575,NH1629,575,1499093442.0,nested_selected,raw_d3,2.7709344015144453,2.7325123151143393
2,576,NH1630,576,1499093764.0,nested_selected,raw_d3,2.9784578535355566,2.9137537479400635
2,579,NH1633,579,1499095925.0,nested_selected,raw_d3,3.001783654545001,2.708369572957357
2,572,NH1626,572,1499095930.5,nested_selected,raw_d3,2.6289725101013888,2.7437729835510254
2,573,NH1627,573,1499096060.0,nested_selected,raw_d3,2.64773330808,2.7470060189565024
2,447,NH1488,447,1498732022.0,fixed_raw_d2,raw_d3,3.213455666666251,2.9949217637379966
2,449,NH1490,449,1498732951.0,fixed_raw_d2,raw_d3,3.205263837121666,3.117262681325277
2,443,NH1484,443,1498733098.0,fixed_raw_d2,raw_d3,3.04554245454625,2.9270877043406167
2,442,NH1483,442,1498734414.0,fixed_raw_d2,raw_d3,3.305119875,3.0651938120524087
2,438,NH1479,438,1498736997.5,fixed_raw_d2,raw_d3,2.7656549090905553,2.622935692469279
2,437,NH1478,437,1498737267.5,fixed_raw_d2,raw_d3,2.9087390106059994,2.9272252718607583
2,439,NH1480,439,1498737459.0,fixed_raw_d2,raw_d3,2.856577093434167,2.8407065073649087
2,440,NH1481,440,1498737814.0,fixed_raw_d2,raw_d3,2.5367798143945834,2.5785272121429443
2,441,NH1482,441,1498738591.0,fixed_raw_d2,raw_d3,3.0714249128787503,2.9976563453674316
2,436,NH1477,436,1498739759.0,fixed_raw_d2,raw_d3,2.8579737840900004,2.691004753112793
2,421,NH1464,421,1498741055.0,fixed_raw_d2,raw_d3,2.8710665303020826,2.780663172403971
2,422,NH1465,422,1498741322.0,fixed_raw_d2,raw_d3,3.1901213409087497,3.0359702905019126
2,423,NH1466,423,1498741937.0,fixed_raw_d2,raw_d3,2.797970242424584,2.700553019841512
2,469,NH1510,469,1498825160.0,fixed_raw_d2,raw_d3,2.82887276894,2.7383905251820884
2,468,NH1509,468,1498825229.0,fixed_raw_d2,raw_d3,2.7863670681812502,2.9270095825195312
2,470,NH1511,470,1498826279.0,fixed_raw_d2,raw_d3,2.811349795454166,2.8492890993754068
2,471,NH1512,471,1498826374.0,fixed_raw_d2,raw_d3,2.5712548257574994,2.6552064418792725
2,472,NH1513,472,1498827126.0,fixed_raw_d2,raw_d3,2.8397837083341666,2.810152610143026
2,467,NH1508,467,1498827363.0,fixed_raw_d2,raw_d3,2.7506098939383334,2.8370063304901123
2,507,NH1561,507,1498838962.5,fixed_raw_d2,raw_d3,2.9154196856066665,2.77135435740153
2,508,NH1562,508,1498838990.0,fixed_raw_d2,raw_d3,2.9867449545445828,2.6169958114624023
2,509,NH1563,509,1498839097.0,fixed_raw_d2,raw_d3,3.209558715909166,2.9161439736684165
2,510,NH1564,510,1498839854.0,fixed_raw_d2,raw_d3,3.3299264583341674,2.996836503346761
2,512,NH1566,512,1498839920.5,fixed_raw_d2,raw_d3,2.8937555492425004,2.6785078048706055
2,511,NH1565,511,1498840185.0,fixed_raw_d2,raw_d3,3.0193580075754163,2.7139455477396646
2,513,NH1567,513,1498841074.0,fixed_raw_d2,raw_d3,3.4054379431804156,2.957142988840739
2,506,NH1560,506,1498841096.0,fixed_raw_d2,raw_d3,2.8437803522733334,2.683568557103475
2,505,NH1559,505,1498841312.0,fixed_raw_d2,raw_d3,3.026218575757916,2.783515532811483
2,525,NH1577,525,1498855582.0,fixed_raw_d2,raw_d3,2.7140443080811116,2.659729798634847
2,526,NH1578,526,1498855650.0,fixed_raw_d2,raw_d3,2.928948969696666,2.7760469118754068
2,524,NH1576,524,1498855717.0,fixed_raw_d2,raw_d3,2.7670094217169448,2.6153891881306968
2,493,NH1547,493,1498882998.0,fixed_raw_d2,raw_d3,2.8696522222222227,2.8258917331695557
2,494,NH1548,494,1498883032.0,fixed_raw_d2,raw_d3,2.752624828283055,2.74241042137146
2,495,NH1549,495,1498883413.0,fixed_raw_d2,raw_d3,2.7769003611119447,2.6195484002431235
2,482,NH1528,482,1498932471.0,fixed_raw_d2,raw_d3,2.695868310606111,2.597720464070638
2,483,NH1529,483,1498932508.0,fixed_raw_d2,raw_d3,2.8512445277777783,2.762181123097738
2,484,NH1530,484,1498932605.5,fixed_raw_d2,raw_d3,3.0451293030302775,2.8330589135487876
2,546,NH1599,546,1498942687.5,fixed_raw_d2,raw_d3,2.7516804595958333,2.715127944946289
2,545,NH1598,545,1498942743.0,fixed_raw_d2,raw_d3,2.583565361110278,2.631826162338257
2,547,NH1600,547,1498942959.5,fixed_raw_d2,raw_d3,2.8901921085852775,2.9130584398905435
2,542,NH1595,542,1498945670.0,fixed_raw_d2,raw_d3,2.847530583332917,2.601865291595459
2,541,NH1594,541,1498945775.0,fixed_raw_d2,raw_d3,2.8696292537883332,2.6186527411142984
2,543,NH1596,543,1498946970.0,fixed_raw_d2,raw_d3,2.9677918446975,2.6571877797444663
2,544,NH1597,544,1498948067.0,fixed_raw_d2,raw_d3,3.32966174242375,3.04099448521932
2,539,NH1592,539,1498948161.5,fixed_raw_d2,raw_d3,2.9873053598491666,2.7353382110595703
2,540,NH1593,540,1498948271.0,fixed_raw_d2,raw_d3,3.007452212120417,2.6968077023824057
2,549,NH1602,549,1498948491.0,fixed_raw_d2,raw_d3,2.6095519949491663,2.630380392074585
2,548,NH1601,548,1498948570.0,fixed_raw_d2,raw_d3,2.679304651514722,2.913410266240438
2,550,NH1603,550,1498948597.0,fixed_raw_d2,raw_d3,2.4643921868686105,2.623959541320801
2,514,NH1568,514,1498953600.0,fixed_raw_d2,raw_d3,2.873743284090417,2.6605844497680664
2,515,NH1569,515,1498953600.0,fixed_raw_d2,raw_d3,3.258172492424584,2.8649442195892334
2,552,NH1605,552,1498953600.0,fixed_raw_d2,raw_d3,2.539839329545001,2.750648816426595
2,553,NH1606,553,1498953600.0,fixed_raw_d2,raw_d3,2.7267650037887496,2.889432668685913
2,554,NH1607,554,1498953600.0,fixed_raw_d2,raw_d3,2.794889651515416,2.719121217727661
2,555,NH1608,555,1498953600.0,fixed_raw_d2,raw_d3,2.7100046969695835,2.710909605026245
2,426,NH1469,426,1498954010.5,fixed_raw_d2,raw_d3,3.3536392916670836,2.979908307393392
2,427,NH1469,426,1498954010.5,fixed_raw_d2,raw_d3,3.3536392916670836,2.9779693285624185
2,428,NH1470,428,1498954068.0,fixed_raw_d2,raw_d3,2.9344255719695838,2.7911156018575034
2,429,NH1470,428,1498954068.0,fixed_raw_d2,raw_d3,2.9344255719695838,2.7887445290883384
2,430,NH1471,430,1498954145.0,fixed_raw_d2,raw_d3,2.700038464015417,2.60892120997111
2,431,NH1472,431,1498954226.0,fixed_raw_d2,raw_d3,2.871240454544792,3.0590224266052246
2,432,NH1473,432,1498954563.5,fixed_raw_d2,raw_d3,2.8334246988633334,2.723745346069336
2,433,NH1474,433,1498954901.5,fixed_raw_d2,raw_d3,2.944900195834292,2.952615737915039
2,556,NH1609,556,1498961594.5,fixed_raw_d2,raw_d3,2.808178026515416,2.9357380867004395
2,551,NH1604,551,1498961718.0,fixed_raw_d2,raw_d3,2.894043181817917,2.79644775390625
2,417,NH1460,417,1498963460.5,fixed_raw_d2,raw_d3,2.915021795454443,2.7608052094777427
2,418,NH1461,418,1498963483.0,fixed_raw_d2,raw_d3,2.707362411616389,2.7889605363210044
2,419,NH1462,419,1498973496.5,fixed_raw_d2,raw_d3,2.6863496919191663,2.560541311899821
2,420,NH1463,420,1498974149.0,fixed_raw_d2,raw_d3,2.520522416666666,2.6880878607432046
2,409,NH1450,409,1498975878.0,fixed_raw_d2,raw_d3,2.755381289925676,2.705763101577759
2,410,NH1451,410,1498975989.0,fixed_raw_d2,raw_d3,3.0433975808080547,2.774984916051229
2,411,NH1452,411,1498976094.5,fixed_raw_d2,raw_d3,3.246185393939722,2.888521750768026
2,434,NH1475,434,1498987965.5,fixed_raw_d2,raw_d3,2.9112718484852085,2.6820024649302163
2,424,NH1467,424,1498988835.5,fixed_raw_d2,raw_d3,2.779368295454374,2.662811279296875
2,435,NH1476,435,1498988891.0,fixed_raw_d2,raw_d3,2.697709937500001,2.66111954053243
2,425,NH1468,425,1498989163.5,fixed_raw_d2,raw_d3,2.851153931818126,2.841491460800171
2,558,NH1611,558,1499034494.0,fixed_raw_d2,raw_d3,2.5755620909088894,2.788557767868042
2,557,NH1610,557,1499034572.0,fixed_raw_d2,raw_d3,2.4609179873736116,2.5898664792378745
2,559,NH1612,559,1499034745.5,fixed_raw_d2,raw_d3,2.621274502524444,2.5892744859059653
2,479,NH1520,479,1499040000.0,fixed_raw_d2,raw_d3,2.7224765946977083,2.7203129132588706
2,480,NH1521,480,1499040000.0,fixed_raw_d2,raw_d3,2.683536670454166,2.730773131052653
2,481,NH1522,481,1499040000.0,fixed_raw_d2,raw_d3,2.93052868939375,2.783886114756266
2,478,NH1519,478,1499044236.5,fixed_raw_d2,raw_d3,2.9073547348479165,2.823663314183553
2,634,NH1757,634,1499044346.0,fixed_raw_d2,raw_d3,2.8736678383836107,2.6992873350779214
2,635,NH1758,635,1499045010.0,fixed_raw_d2,raw_d3,2.7538293484841665,2.708018143971761
2,633,NH1755,633,1499051628.0,fixed_raw_d2,raw_d3,2.868438573232777,2.8486502170562744
2,632,NH1754,632,1499051707.0,fixed_raw_d2,raw_d3,2.7977523131311104,2.7319303353627524
2,413,NH1455,413,1499060294.0,fixed_raw_d2,raw_d3,2.7748878939404165,2.6293387413024902
2,415,NH1457,415,1499060343.5,fixed_raw_d2,raw_d3,2.965334935605833,2.890669902165731
2,412,NH1454,412,1499060373.0,fixed_raw_d2,raw_d3,2.8213227462112505,2.927323579788208
2,414,NH1456,414,1499060399.0,fixed_raw_d2,raw_d3,2.539858378787917,2.6892075538635254
2,416,NH1458,416,1499060952.0,fixed_raw_d2,raw_d3,2.8149711704537497,2.6226471265157065
2,590,NH1671,590,1499087696.5,fixed_raw_d2,raw_d3,2.7723035265154166,2.51776917775472
2,591,NH1672,591,1499089211.0,fixed_raw_d2,raw_d3,2.7109870606066666,2.6147239208221436
2,574,NH1628,574,1499093143.0,fixed_raw_d2,raw_d3,2.765108738181733,2.683165947596232
2,575,NH1629,575,1499093442.0,fixed_raw_d2,raw_d3,2.7709344015144453,2.708418687184652
2,576,NH1630,576,1499093764.0,fixed_raw_d2,raw_d3,2.9784578535355566,2.9234127203623452
2,579,NH1633,579,1499095925.0,fixed_raw_d2,raw_d3,3.001783654545001,2.7116320927937827
2,572,NH1626,572,1499095930.5,fixed_raw_d2,raw_d3,2.6289725101013888,2.7243268489837646
2,573,NH1627,573,1499096060.0,fixed_raw_d2,raw_d3,2.64773330808,2.721691449483236
2,447,NH1488,447,1498732022.0,fixed_full_d2,raw_d3,3.213455666666251,3.0354665915171304
2,449,NH1490,449,1498732951.0,fixed_full_d2,raw_d3,3.205263837121666,3.0976738929748535
2,443,NH1484,443,1498733098.0,fixed_full_d2,raw_d3,3.04554245454625,2.849722067515055
2,442,NH1483,442,1498734414.0,fixed_full_d2,raw_d3,3.305119875,3.048889954884847
2,438,NH1479,438,1498736997.5,fixed_full_d2,raw_d3,2.7656549090905553,2.6880789597829184
2,437,NH1478,437,1498737267.5,fixed_full_d2,raw_d3,2.9087390106059994,2.955854892730713
2,439,NH1480,439,1498737459.0,fixed_full_d2,raw_d3,2.856577093434167,2.8917765617370605
2,440,NH1481,440,1498737814.0,fixed_full_d2,raw_d3,2.5367798143945834,2.518440008163452
2,441,NH1482,441,1498738591.0,fixed_full_d2,raw_d3,3.0714249128787503,3.023378849029541
2,436,NH1477,436,1498739759.0,fixed_full_d2,raw_d3,2.8579737840900004,2.708171526590983
2,421,NH1464,421,1498741055.0,fixed_full_d2,raw_d3,2.8710665303020826,2.81769069035848
2,422,NH1465,422,1498741322.0,fixed_full_d2,raw_d3,3.1901213409087497,3.048668384552002
2,423,NH1466,423,1498741937.0,fixed_full_d2,raw_d3,2.797970242424584,2.7291731039683023
2,469,NH1510,469,1498825160.0,fixed_full_d2,raw_d3,2.82887276894,2.7797412077585855
2,468,NH1509,468,1498825229.0,fixed_full_d2,raw_d3,2.7863670681812502,2.8765288988749185
2,470,NH1511,470,1498826279.0,fixed_full_d2,raw_d3,2.811349795454166,2.8720357418060303
2,471,NH1512,471,1498826374.0,fixed_full_d2,raw_d3,2.5712548257574994,2.696164687474569
2,472,NH1513,472,1498827126.0,fixed_full_d2,raw_d3,2.8397837083341666,2.7868043581644693
2,467,NH1508,467,1498827363.0,fixed_full_d2,raw_d3,2.7506098939383334,2.833712180455526
2,507,NH1561,507,1498838962.5,fixed_full_d2,raw_d3,2.9154196856066665,2.717574675877889
2,508,NH1562,508,1498838990.0,fixed_full_d2,raw_d3,2.9867449545445828,2.5926413536071777
2,509,NH1563,509,1498839097.0,fixed_full_d2,raw_d3,3.209558715909166,2.917022466659546
2,510,NH1564,510,1498839854.0,fixed_full_d2,raw_d3,3.3299264583341674,3.0117979049682617
2,512,NH1566,512,1498839920.5,fixed_full_d2,raw_d3,2.8937555492425004,2.6881887912750244
2,511,NH1565,511,1498840185.0,fixed_full_d2,raw_d3,3.0193580075754163,2.7576345602671304
2,513,NH1567,513,1498841074.0,fixed_full_d2,raw_d3,3.4054379431804156,2.948058287302653
2,506,NH1560,506,1498841096.0,fixed_full_d2,raw_d3,2.8437803522733334,2.672316312789917
2,505,NH1559,505,1498841312.0,fixed_full_d2,raw_d3,3.026218575757916,2.7266778151194253
2,525,NH1577,525,1498855582.0,fixed_full_d2,raw_d3,2.7140443080811116,2.6626192728678384
2,526,NH1578,526,1498855650.0,fixed_full_d2,raw_d3,2.928948969696666,2.807795524597168
2,524,NH1576,524,1498855717.0,fixed_full_d2,raw_d3,2.7670094217169448,2.5981403986612954
2,493,NH1547,493,1498882998.0,fixed_full_d2,raw_d3,2.8696522222222227,2.9020110766092935
2,494,NH1548,494,1498883032.0,fixed_full_d2,raw_d3,2.752624828283055,2.827950874964396
2,495,NH1549,495,1498883413.0,fixed_full_d2,raw_d3,2.7769003611119447,2.623514095942179
2,482,NH1528,482,1498932471.0,fixed_full_d2,raw_d3,2.695868310606111,2.6185854276021323
2,483,NH1529,483,1498932508.0,fixed_full_d2,raw_d3,2.8512445277777783,2.763716697692871
2,484,NH1530,484,1498932605.5,fixed_full_d2,raw_d3,3.0451293030302775,2.8514062563578286
2,546,NH1599,546,1498942687.5,fixed_full_d2,raw_d3,2.7516804595958333,2.6569701035817466
2,545,NH1598,545,1498942743.0,fixed_full_d2,raw_d3,2.583565361110278,2.576387961705526
2,547,NH1600,547,1498942959.5,fixed_full_d2,raw_d3,2.8901921085852775,2.835675080617269
2,542,NH1595,542,1498945670.0,fixed_full_d2,raw_d3,2.847530583332917,2.6126293341318765
2,541,NH1594,541,1498945775.0,fixed_full_d2,raw_d3,2.8696292537883332,2.6358575026194253
2,543,NH1596,543,1498946970.0,fixed_full_d2,raw_d3,2.9677918446975,2.703117529551188
2,544,NH1597,544,1498948067.0,fixed_full_d2,raw_d3,3.32966174242375,3.0440852642059326
2,539,NH1592,539,1498948161.5,fixed_full_d2,raw_d3,2.9873053598491666,2.8042070070902505
2,540,NH1593,540,1498948271.0,fixed_full_d2,raw_d3,3.007452212120417,2.744986375172933
2,549,NH1602,549,1498948491.0,fixed_full_d2,raw_d3,2.6095519949491663,2.651378313700358
2,548,NH1601,548,1498948570.0,fixed_full_d2,raw_d3,2.679304651514722,2.875682751337687
2,550,NH1603,550,1498948597.0,fixed_full_d2,raw_d3,2.4643921868686105,2.6022247473398843
2,514,NH1568,514,1498953600.0,fixed_full_d2,raw_d3,2.873743284090417,2.7204304536183677
2,515,NH1569,515,1498953600.0,fixed_full_d2,raw_d3,3.258172492424584,2.9651615619659424
2,552,NH1605,552,1498953600.0,fixed_full_d2,raw_d3,2.539839329545001,2.765401045481364
2,553,NH1606,553,1498953600.0,fixed_full_d2,raw_d3,2.7267650037887496,2.890653610229492
2,554,NH1607,554,1498953600.0,fixed_full_d2,raw_d3,2.794889651515416,2.7007420857747397
2,555,NH1608,555,1498953600.0,fixed_full_d2,raw_d3,2.7100046969695835,2.730305035909017
2,426,NH1469,426,1498954010.5,fixed_full_d2,raw_d3,3.3536392916670836,3.0197017192840576
2,427,NH1469,426,1498954010.5,fixed_full_d2,raw_d3,3.3536392916670836,3.02821413675944
2,428,NH1470,428,1498954068.0,fixed_full_d2,raw_d3,2.9344255719695838,2.7362520694732666
2,429,NH1470,428,1498954068.0,fixed_full_d2,raw_d3,2.9344255719695838,2.7484634717305503
2,430,NH1471,430,1498954145.0,fixed_full_d2,raw_d3,2.700038464015417,2.584812800089518
2,431,NH1472,431,1498954226.0,fixed_full_d2,raw_d3,2.871240454544792,3.0629755655924478
2,432,NH1473,432,1498954563.5,fixed_full_d2,raw_d3,2.8334246988633334,2.7473622957865396
2,433,NH1474,433,1498954901.5,fixed_full_d2,raw_d3,2.944900195834292,2.9562062422434487
2,556,NH1609,556,1498961594.5,fixed_full_d2,raw_d3,2.808178026515416,2.9366663297017417
2,551,NH1604,551,1498961718.0,fixed_full_d2,raw_d3,2.894043181817917,2.8076794147491455
2,417,NH1460,417,1498963460.5,fixed_full_d2,raw_d3,2.915021795454443,2.7858313719431558
2,418,NH1461,418,1498963483.0,fixed_full_d2,raw_d3,2.707362411616389,2.8003276189168296
2,419,NH1462,419,1498973496.5,fixed_full_d2,raw_d3,2.6863496919191663,2.54624350865682
2,420,NH1463,420,1498974149.0,fixed_full_d2,raw_d3,2.520522416666666,2.7166014512379966
2,409,NH1450,409,1498975878.0,fixed_full_d2,raw_d3,2.755381289925676,2.686828851699829
2,410,NH1451,410,1498975989.0,fixed_full_d2,raw_d3,3.0433975808080547,2.7988456090291343
2,411,NH1452,411,1498976094.5,fixed_full_d2,raw_d3,3.246185393939722,2.91260560353597
2,434,NH1475,434,1498987965.5,fixed_full_d2,raw_d3,2.9112718484852085,2.70365047454834
2,424,NH1467,424,1498988835.5,fixed_full_d2,raw_d3,2.779368295454374,2.700249433517456
2,435,NH1476,435,1498988891.0,fixed_full_d2,raw_d3,2.697709937500001,2.6378668944040933
2,425,NH1468,425,1498989163.5,fixed_full_d2,raw_d3,2.851153931818126,2.8605138460795083
2,558,NH1611,558,1499034494.0,fixed_full_d2,raw_d3,2.5755620909088894,2.822661797205607
2,557,NH1610,557,1499034572.0,fixed_full_d2,raw_d3,2.4609179873736116,2.667062997817993
2,559,NH1612,559,1499034745.5,fixed_full_d2,raw_d3,2.621274502524444,2.6164929072062173
2,479,NH1520,479,1499040000.0,fixed_full_d2,raw_d3,2.7224765946977083,2.750433842341105
2,480,NH1521,480,1499040000.0,fixed_full_d2,raw_d3,2.683536670454166,2.814040501912435
2,481,NH1522,481,1499040000.0,fixed_full_d2,raw_d3,2.93052868939375,2.8260250091552734
2,478,NH1519,478,1499044236.5,fixed_full_d2,raw_d3,2.9073547348479165,2.801307280858358
2,634,NH1757,634,1499044346.0,fixed_full_d2,raw_d3,2.8736678383836107,2.7923502922058105
2,635,NH1758,635,1499045010.0,fixed_full_d2,raw_d3,2.7538293484841665,2.7013771533966064
2,633,NH1755,633,1499051628.0,fixed_full_d2,raw_d3,2.868438573232777,2.8858500321706138
2,632,NH1754,632,1499051707.0,fixed_full_d2,raw_d3,2.7977523131311104,2.7538166840871177
2,413,NH1455,413,1499060294.0,fixed_full_d2,raw_d3,2.7748878939404165,2.6662067572275796
2,415,NH1457,415,1499060343.5,fixed_full_d2,raw_d3,2.965334935605833,2.9685701529184976
2,412,NH1454,412,1499060373.0,fixed_full_d2,raw_d3,2.8213227462112505,2.9938395023345947
2,414,NH1456,414,1499060399.0,fixed_full_d2,raw_d3,2.539858378787917,2.7151502768198648
2,416,NH1458,416,1499060952.0,fixed_full_d2,raw_d3,2.8149711704537497,2.678609927495321
2,590,NH1671,590,1499087696.5,fixed_full_d2,raw_d3,2.7723035265154166,2.5451451937357583
2,591,NH1672,591,1499089211.0,fixed_full_d2,raw_d3,2.7109870606066666,2.6500206788380942
2,574,NH1628,574,1499093143.0,fixed_full_d2,raw_d3,2.765108738181733,2.6901734670003257
2,575,NH1629,575,1499093442.0,fixed_full_d2,raw_d3,2.7709344015144453,2.734781185785929
2,576,NH1630,576,1499093764.0,fixed_full_d2,raw_d3,2.9784578535355566,3.0040953159332275
2,579,NH1633,579,1499095925.0,fixed_full_d2,raw_d3,3.001783654545001,2.733241001764933
2,572,NH1626,572,1499095930.5,fixed_full_d2,raw_d3,2.6289725101013888,2.755525827407837
2,573,NH1627,573,1499096060.0,fixed_full_d2,raw_d3,2.64773330808,2.7502225240071616
2,447,NH1488,447,1498732022.0,mean_baseline,raw_d3,3.213455666666251,2.7736830395720364
2,449,NH1490,449,1498732951.0,mean_baseline,raw_d3,3.205263837121666,2.7736830395720364
2,443,NH1484,443,1498733098.0,mean_baseline,raw_d3,3.04554245454625,2.7736830395720364
2,442,NH1483,442,1498734414.0,mean_baseline,raw_d3,3.305119875,2.7736830395720364
2,438,NH1479,438,1498736997.5,mean_baseline,raw_d3,2.7656549090905553,2.7736830395720364
2,437,NH1478,437,1498737267.5,mean_baseline,raw_d3,2.9087390106059994,2.7736830395720364
2,439,NH1480,439,1498737459.0,mean_baseline,raw_d3,2.856577093434167,2.7736830395720364
2,440,NH1481,440,1498737814.0,mean_baseline,raw_d3,2.5367798143945834,2.7736830395720364
2,441,NH1482,441,1498738591.0,mean_baseline,raw_d3,3.0714249128787503,2.7736830395720364
2,436,NH1477,436,1498739759.0,mean_baseline,raw_d3,2.8579737840900004,2.7736830395720364
2,421,NH1464,421,1498741055.0,mean_baseline,raw_d3,2.8710665303020826,2.7736830395720364
2,422,NH1465,422,1498741322.0,mean_baseline,raw_d3,3.1901213409087497,2.7736830395720364
2,423,NH1466,423,1498741937.0,mean_baseline,raw_d3,2.797970242424584,2.7736830395720364
2,469,NH1510,469,1498825160.0,mean_baseline,raw_d3,2.82887276894,2.7736830395720364
2,468,NH1509,468,1498825229.0,mean_baseline,raw_d3,2.7863670681812502,2.7736830395720364
2,470,NH1511,470,1498826279.0,mean_baseline,raw_d3,2.811349795454166,2.7736830395720364
2,471,NH1512,471,1498826374.0,mean_baseline,raw_d3,2.5712548257574994,2.7736830395720364
2,472,NH1513,472,1498827126.0,mean_baseline,raw_d3,2.8397837083341666,2.7736830395720364
2,467,NH1508,467,1498827363.0,mean_baseline,raw_d3,2.7506098939383334,2.7736830395720364
2,507,NH1561,507,1498838962.5,mean_baseline,raw_d3,2.9154196856066665,2.7736830395720364
2,508,NH1562,508,1498838990.0,mean_baseline,raw_d3,2.9867449545445828,2.7736830395720364
2,509,NH1563,509,1498839097.0,mean_baseline,raw_d3,3.209558715909166,2.7736830395720364
2,510,NH1564,510,1498839854.0,mean_baseline,raw_d3,3.3299264583341674,2.7736830395720364
2,512,NH1566,512,1498839920.5,mean_baseline,raw_d3,2.8937555492425004,2.7736830395720364
2,511,NH1565,511,1498840185.0,mean_baseline,raw_d3,3.0193580075754163,2.7736830395720364
2,513,NH1567,513,1498841074.0,mean_baseline,raw_d3,3.4054379431804156,2.7736830395720364
2,506,NH1560,506,1498841096.0,mean_baseline,raw_d3,2.8437803522733334,2.7736830395720364
2,505,NH1559,505,1498841312.0,mean_baseline,raw_d3,3.026218575757916,2.7736830395720364
2,525,NH1577,525,1498855582.0,mean_baseline,raw_d3,2.7140443080811116,2.7736830395720364
2,526,NH1578,526,1498855650.0,mean_baseline,raw_d3,2.928948969696666,2.7736830395720364
2,524,NH1576,524,1498855717.0,mean_baseline,raw_d3,2.7670094217169448,2.7736830395720364
2,493,NH1547,493,1498882998.0,mean_baseline,raw_d3,2.8696522222222227,2.7736830395720364
2,494,NH1548,494,1498883032.0,mean_baseline,raw_d3,2.752624828283055,2.7736830395720364
2,495,NH1549,495,1498883413.0,mean_baseline,raw_d3,2.7769003611119447,2.7736830395720364
2,482,NH1528,482,1498932471.0,mean_baseline,raw_d3,2.695868310606111,2.7736830395720364
2,483,NH1529,483,1498932508.0,mean_baseline,raw_d3,2.8512445277777783,2.7736830395720364
2,484,NH1530,484,1498932605.5,mean_baseline,raw_d3,3.0451293030302775,2.7736830395720364
2,546,NH1599,546,1498942687.5,mean_baseline,raw_d3,2.7516804595958333,2.7736830395720364
2,545,NH1598,545,1498942743.0,mean_baseline,raw_d3,2.583565361110278,2.7736830395720364
2,547,NH1600,547,1498942959.5,mean_baseline,raw_d3,2.8901921085852775,2.7736830395720364
2,542,NH1595,542,1498945670.0,mean_baseline,raw_d3,2.847530583332917,2.7736830395720364
2,541,NH1594,541,1498945775.0,mean_baseline,raw_d3,2.8696292537883332,2.7736830395720364
2,543,NH1596,543,1498946970.0,mean_baseline,raw_d3,2.9677918446975,2.7736830395720364
2,544,NH1597,544,1498948067.0,mean_baseline,raw_d3,3.32966174242375,2.7736830395720364
2,539,NH1592,539,1498948161.5,mean_baseline,raw_d3,2.9873053598491666,2.7736830395720364
2,540,NH1593,540,1498948271.0,mean_baseline,raw_d3,3.007452212120417,2.7736830395720364
2,549,NH1602,549,1498948491.0,mean_baseline,raw_d3,2.6095519949491663,2.7736830395720364
2,548,NH1601,548,1498948570.0,mean_baseline,raw_d3,2.679304651514722,2.7736830395720364
2,550,NH1603,550,1498948597.0,mean_baseline,raw_d3,2.4643921868686105,2.7736830395720364
2,514,NH1568,514,1498953600.0,mean_baseline,raw_d3,2.873743284090417,2.7736830395720364
2,515,NH1569,515,1498953600.0,mean_baseline,raw_d3,3.258172492424584,2.7736830395720364
2,552,NH1605,552,1498953600.0,mean_baseline,raw_d3,2.539839329545001,2.7736830395720364
2,553,NH1606,553,1498953600.0,mean_baseline,raw_d3,2.7267650037887496,2.7736830395720364
2,554,NH1607,554,1498953600.0,mean_baseline,raw_d3,2.794889651515416,2.7736830395720364
2,555,NH1608,555,1498953600.0,mean_baseline,raw_d3,2.7100046969695835,2.7736830395720364
2,426,NH1469,426,1498954010.5,mean_baseline,raw_d3,3.3536392916670836,2.7736830395720364
2,427,NH1469,426,1498954010.5,mean_baseline,raw_d3,3.3536392916670836,2.7736830395720364
2,428,NH1470,428,1498954068.0,mean_baseline,raw_d3,2.9344255719695838,2.7736830395720364
2,429,NH1470,428,1498954068.0,mean_baseline,raw_d3,2.9344255719695838,2.7736830395720364
2,430,NH1471,430,1498954145.0,mean_baseline,raw_d3,2.700038464015417,2.7736830395720364
2,431,NH1472,431,1498954226.0,mean_baseline,raw_d3,2.871240454544792,2.7736830395720364
2,432,NH1473,432,1498954563.5,mean_baseline,raw_d3,2.8334246988633334,2.7736830395720364
2,433,NH1474,433,1498954901.5,mean_baseline,raw_d3,2.944900195834292,2.7736830395720364
2,556,NH1609,556,1498961594.5,mean_baseline,raw_d3,2.808178026515416,2.7736830395720364
2,551,NH1604,551,1498961718.0,mean_baseline,raw_d3,2.894043181817917,2.7736830395720364
2,417,NH1460,417,1498963460.5,mean_baseline,raw_d3,2.915021795454443,2.7736830395720364
2,418,NH1461,418,1498963483.0,mean_baseline,raw_d3,2.707362411616389,2.7736830395720364
2,419,NH1462,419,1498973496.5,mean_baseline,raw_d3,2.6863496919191663,2.7736830395720364
2,420,NH1463,420,1498974149.0,mean_baseline,raw_d3,2.520522416666666,2.7736830395720364
2,409,NH1450,409,1498975878.0,mean_baseline,raw_d3,2.755381289925676,2.7736830395720364
2,410,NH1451,410,1498975989.0,mean_baseline,raw_d3,3.0433975808080547,2.7736830395720364
2,411,NH1452,411,1498976094.5,mean_baseline,raw_d3,3.246185393939722,2.7736830395720364
2,434,NH1475,434,1498987965.5,mean_baseline,raw_d3,2.9112718484852085,2.7736830395720364
2,424,NH1467,424,1498988835.5,mean_baseline,raw_d3,2.779368295454374,2.7736830395720364
2,435,NH1476,435,1498988891.0,mean_baseline,raw_d3,2.697709937500001,2.7736830395720364
2,425,NH1468,425,1498989163.5,mean_baseline,raw_d3,2.851153931818126,2.7736830395720364
2,558,NH1611,558,1499034494.0,mean_baseline,raw_d3,2.5755620909088894,2.7736830395720364
2,557,NH1610,557,1499034572.0,mean_baseline,raw_d3,2.4609179873736116,2.7736830395720364
2,559,NH1612,559,1499034745.5,mean_baseline,raw_d3,2.621274502524444,2.7736830395720364
2,479,NH1520,479,1499040000.0,mean_baseline,raw_d3,2.7224765946977083,2.7736830395720364
2,480,NH1521,480,1499040000.0,mean_baseline,raw_d3,2.683536670454166,2.7736830395720364
2,481,NH1522,481,1499040000.0,mean_baseline,raw_d3,2.93052868939375,2.7736830395720364
2,478,NH1519,478,1499044236.5,mean_baseline,raw_d3,2.9073547348479165,2.7736830395720364
2,634,NH1757,634,1499044346.0,mean_baseline,raw_d3,2.8736678383836107,2.7736830395720364
2,635,NH1758,635,1499045010.0,mean_baseline,raw_d3,2.7538293484841665,2.7736830395720364
2,633,NH1755,633,1499051628.0,mean_baseline,raw_d3,2.868438573232777,2.7736830395720364
2,632,NH1754,632,1499051707.0,mean_baseline,raw_d3,2.7977523131311104,2.7736830395720364
2,413,NH1455,413,1499060294.0,mean_baseline,raw_d3,2.7748878939404165,2.7736830395720364
2,415,NH1457,415,1499060343.5,mean_baseline,raw_d3,2.965334935605833,2.7736830395720364
2,412,NH1454,412,1499060373.0,mean_baseline,raw_d3,2.8213227462112505,2.7736830395720364
2,414,NH1456,414,1499060399.0,mean_baseline,raw_d3,2.539858378787917,2.7736830395720364
2,416,NH1458,416,1499060952.0,mean_baseline,raw_d3,2.8149711704537497,2.7736830395720364
2,590,NH1671,590,1499087696.5,mean_baseline,raw_d3,2.7723035265154166,2.7736830395720364
2,591,NH1672,591,1499089211.0,mean_baseline,raw_d3,2.7109870606066666,2.7736830395720364
2,574,NH1628,574,1499093143.0,mean_baseline,raw_d3,2.765108738181733,2.7736830395720364
2,575,NH1629,575,1499093442.0,mean_baseline,raw_d3,2.7709344015144453,2.7736830395720364
2,576,NH1630,576,1499093764.0,mean_baseline,raw_d3,2.9784578535355566,2.7736830395720364
2,579,NH1633,579,1499095925.0,mean_baseline,raw_d3,3.001783654545001,2.7736830395720364
2,572,NH1626,572,1499095930.5,mean_baseline,raw_d3,2.6289725101013888,2.7736830395720364
2,573,NH1627,573,1499096060.0,mean_baseline,raw_d3,2.64773330808,2.7736830395720364
3,580,NH1634,580,1499096476.0,nested_selected,raw_d2,3.1808558661602775,3.0830156008402505
3,581,NH1635,581,1499097904.0,nested_selected,raw_d2,2.9771905227274993,2.7165464560190835
3,582,NH1636,582,1499098641.0,nested_selected,raw_d2,2.9940467095961107,2.867744207382202
3,578,NH1632,578,1499098691.5,nested_selected,raw_d2,2.9853468585863894,2.934138059616089
3,577,NH1631,577,1499098747.0,nested_selected,raw_d2,2.9908430984849996,2.745463768641154
3,343,NH1379,343,1499098964.0,nested_selected,raw_d2,2.427929627272333,2.764580488204956
3,344,NH1380,344,1499099075.0,nested_selected,raw_d2,2.5106332075753324,2.433451255162557
3,345,NH1381,345,1499099397.0,nested_selected,raw_d2,2.791738484848332,2.6692002614339194
3,346,NH1382,346,1499099613.0,nested_selected,raw_d2,2.5365751893945836,2.766277631123861
3,347,NH1383,347,1499099831.0,nested_selected,raw_d2,2.715058503788333,2.5872934659322104
3,348,NH1384,348,1499100022.0,nested_selected,raw_d2,2.7460927310595826,2.8508997758229575
3,349,NH1385,349,1499100479.0,nested_selected,raw_d2,2.677818651515833,2.748161792755127
3,350,NH1386,350,1499101459.0,nested_selected,raw_d2,3.0376429507583333,2.8952048619588218
3,342,NH1378,342,1499101807.0,nested_selected,raw_d2,2.6396423143937504,2.5968283812204995
3,500,NH1554,500,1499110948.0,nested_selected,raw_d2,3.266245939393751,3.012409766515096
3,587,NH1667,587,1499111389.0,nested_selected,raw_d2,2.7702204938575674,2.664169947306315
3,528,NH1581,528,1499117894.0,nested_selected,raw_d2,2.899883191288333,2.911792755126953
3,529,NH1582,529,1499117915.0,nested_selected,raw_d2,2.8859325037879158,2.9085253874460855
3,530,NH1583,530,1499118028.5,nested_selected,raw_d2,3.185311647726667,3.052048444747925
3,531,NH1584,531,1499118063.0,nested_selected,raw_d2,2.83940724242375,2.8866659800211587
3,532,NH1585,532,1499118631.5,nested_selected,raw_d2,3.1895223143949996,3.1286176840464273
3,534,NH1587,534,1499118981.0,nested_selected,raw_d2,2.9320918768935416,2.9235740502675376
3,535,NH1588,535,1499119044.0,nested_selected,raw_d2,3.229330869317708,3.1413026650746665
3,533,NH1586,533,1499119050.0,nested_selected,raw_d2,2.8946791931820837,2.8779075145721436
3,536,NH1589,536,1499119119.0,nested_selected,raw_d2,3.1033055530299998,2.8828109900156655
3,538,NH1591,538,1499119821.0,nested_selected,raw_d2,3.243477958333125,3.2036542097727456
3,537,NH1590,537,1499120066.0,nested_selected,raw_d2,3.10421795833375,2.9260098934173584
3,527,NH1579,527,1499120244.0,nested_selected,raw_d2,2.998226829545417,2.943577686945597
3,567,NH1621,567,1499123132.0,nested_selected,raw_d2,2.6374142760940753,2.7788700262705484
3,568,NH1622,568,1499123244.0,nested_selected,raw_d2,2.78111150505,2.8108482360839844
3,569,NH1623,569,1499123539.0,nested_selected,raw_d2,2.941981262625833,2.998598655064901
3,570,NH1624,570,1499125299.5,nested_selected,raw_d2,3.112737872727167,3.036162773768107
3,571,NH1625,571,1499125410.0,nested_selected,raw_d2,3.022505628787084,2.8830503622690835
3,566,NH1620,566,1499125843.0,nested_selected,raw_d2,2.893701810606112,2.881098906199137
3,640,NH1769,640,1499149063.5,nested_selected,raw_d2,2.9994482575762498,2.8060203393300376
3,641,NH1770,641,1499149239.0,nested_selected,raw_d2,3.0840344545449994,2.7903663317362466
3,642,NH1771,642,1499149701.0,nested_selected,raw_d2,3.0430837992420834,2.836368719736735
3,643,NH1772,643,1499149787.0,nested_selected,raw_d2,3.204778238636667,2.872075080871582
3,644,NH1773,644,1499150224.0,nested_selected,raw_d2,3.0746478371216663,2.8172695636749268
3,645,NH1774,645,1499150337.0,nested_selected,raw_d2,3.007947106060417,2.796483357747396
3,616,NH1724,616,1499151510.0,nested_selected,raw_d2,2.983917755049999,2.876995881398519
3,617,NH1725,617,1499151621.0,nested_selected,raw_d2,3.005704808080278,2.980316638946533
3,618,NH1726,618,1499151726.5,nested_selected,raw_d2,2.7433783434338888,2.623269001642863
3,620,NH1728,620,1499152752.0,nested_selected,raw_d2,3.1653335303028323,3.069971720377604
3,619,NH1727,619,1499152807.5,nested_selected,raw_d2,3.033899217172222,2.833715041478475
3,622,NH1730,622,1499152969.0,nested_selected,raw_d2,3.09583614015125,2.9091004530588784
3,621,NH1729,621,1499153214.0,nested_selected,raw_d2,2.909598431818333,2.743628184000651
3,623,NH1731,623,1499154023.0,nested_selected,raw_d2,2.957467170454167,2.814539114634196
3,639,NH1768,639,1499154270.5,nested_selected,raw_d2,2.818932253787083,2.709542910257975
3,615,NH1722,615,1499154298.0,nested_selected,raw_d2,2.86136358712125,2.6835147539774575
3,638,NH1767,638,1499154541.5,nested_selected,raw_d2,2.9929210568175,2.8899947802225747
3,637,NH1766,637,1499157052.0,nested_selected,raw_d2,2.774261397727083,2.769979953765869
3,636,NH1765,636,1499157139.0,nested_selected,raw_d2,3.146891314395417,3.0649824142456055
3,565,NH1619,565,1499161993.5,nested_selected,raw_d2,2.9540384015145826,2.69702140490214
3,596,NH1686,596,1499163186.0,nested_selected,raw_d2,3.1082548999995008,3.0712481339772544
3,597,NH1688,597,1499163406.0,nested_selected,raw_d2,2.848719204545,2.669132630030314
3,598,NH1689,598,1499164495.0,nested_selected,raw_d2,3.006316,3.0703417460123696
3,595,NH1685,595,1499165894.0,nested_selected,raw_d2,2.9339350757569456,2.7825187842051187
3,458,NH1499,458,1499171054.0,nested_selected,raw_d2,3.0142012803036105,2.781731208165487
3,459,NH1500,459,1499171249.5,nested_selected,raw_d2,2.7833541388886114,2.6761209964752197
3,460,NH1501,460,1499171260.0,nested_selected,raw_d2,3.142547452020001,2.9178877671559653
3,461,NH1502,461,1499171844.0,nested_selected,raw_d2,2.919967611743666,2.8947863578796387
3,462,NH1503,462,1499172128.0,nested_selected,raw_d2,2.989936401514583,2.6087578932444253
3,463,NH1504,463,1499172863.0,nested_selected,raw_d2,2.7883351439399995,2.7099631627400718
3,601,NH1704,601,1499176710.5,nested_selected,raw_d2,3.0184068282827776,2.9290718237559
3,600,NH1703,600,1499176766.0,nested_selected,raw_d2,2.8691397777783334,2.716702461242676
3,602,NH1705,602,1499177075.0,nested_selected,raw_d2,2.8160141338380558,2.6790250142415366
3,599,NH1702,599,1499179309.5,nested_selected,raw_d2,3.0610138762624994,2.950950304667155
3,659,NH1790,659,1499188064.0,nested_selected,raw_d2,2.8337587954544445,2.703488349914551
3,658,NH1789,658,1499188124.0,nested_selected,raw_d2,2.9286468459597224,2.888982613881429
3,660,NH1791,660,1499188343.0,nested_selected,raw_d2,3.113605141414166,3.046372572580973
3,628,NH1745,628,1499213488.0,nested_selected,raw_d2,2.559162946969445,2.6390248934427896
3,627,NH1744,627,1499213557.0,nested_selected,raw_d2,2.7187532601002786,2.6644533475240073
3,629,NH1746,629,1499213595.5,nested_selected,raw_d2,2.9451490631305544,2.818246285120646
3,563,NH1616,563,1499226262.0,nested_selected,raw_d2,3.038251255681042,2.973067045211792
3,605,NH1709,605,1499251437.0,nested_selected,raw_d2,2.7457053522729167,2.791315952936808
3,606,NH1710,606,1499268693.0,nested_selected,raw_d2,2.9376880075758334,2.818302551905314
3,607,NH1711,607,1499269035.0,nested_selected,raw_d2,3.096050136364167,3.0933088461558023
3,608,NH1712,608,1499269310.0,nested_selected,raw_d2,2.877750958333749,2.7706636587778726
3,604,NH1707,604,1499270402.0,nested_selected,raw_d2,2.8687946666664588,2.727356274922689
3,603,NH1706,603,1499270496.0,nested_selected,raw_d2,2.9392557462116664,2.7907172044118247
3,609,NH1714,609,1499272386.0,nested_selected,raw_d2,2.8468540606070833,2.6326122283935547
3,610,NH1716,610,1499274272.0,nested_selected,raw_d2,2.9423472500008336,2.826809883117676
3,593,NH1683,593,1499275237.0,nested_selected,raw_d2,2.8445862613637503,2.7431321938832602
3,592,NH1682,592,1499275578.0,nested_selected,raw_d2,2.9118870189395833,2.9481752713521323
3,594,NH1684,594,1499275807.5,nested_selected,raw_d2,2.8141230492429163,2.7873074213663735
3,475,NH1516,475,1499294849.0,nested_selected,raw_d2,2.918081704544584,2.655064582824707
3,474,NH1515,474,1499294880.0,nested_selected,raw_d2,2.855452022727083,2.632999817530314
3,476,NH1517,476,1499295965.0,nested_selected,raw_d2,2.7876860757570836,2.662536382675171
3,477,NH1518,477,1499296302.5,nested_selected,raw_d2,2.7509270113641673,2.7348042329152427
3,473,NH1514,473,1499296839.0,nested_selected,raw_d2,2.848514276515833,2.773443857828776
3,588,NH1668,588,1499299447.5,nested_selected,raw_d2,2.9043724090908336,2.749577363332113
3,589,NH1669,589,1499299686.0,nested_selected,raw_d2,2.9228999570700003,2.973794460296631
3,499,NH1553,499,1499301599.5,nested_selected,raw_d2,3.1458612083337503,2.8849008878072104
3,498,NH1552,498,1499301660.5,nested_selected,raw_d2,2.9805125303024997,2.736541191736857
3,624,NH1732,624,1499311659.5,nested_selected,raw_d2,2.9242628580675003,3.0517467657725015
3,703,NH1836,703,1499311843.0,nested_selected,raw_d2,2.9368110719699994,2.6297848224639893
3,625,NH1733,625,1499315397.0,nested_selected,raw_d2,2.632047236741875,2.7656424840291343
3,626,NH1734,626,1499315419.0,nested_selected,raw_d2,3.0625282613649993,2.997272570927938
3,704,NH1837,704,1499316830.0,nested_selected,raw_d2,2.8521571136358332,2.7762096722920737
3,580,NH1634,580,1499096476.0,fixed_raw_d2,raw_d2,3.1808558661602775,3.0830156008402505
3,581,NH1635,581,1499097904.0,fixed_raw_d2,raw_d2,2.9771905227274993,2.7165464560190835
3,582,NH1636,582,1499098641.0,fixed_raw_d2,raw_d2,2.9940467095961107,2.867744207382202
3,578,NH1632,578,1499098691.5,fixed_raw_d2,raw_d2,2.9853468585863894,2.934138059616089
3,577,NH1631,577,1499098747.0,fixed_raw_d2,raw_d2,2.9908430984849996,2.745463768641154
3,343,NH1379,343,1499098964.0,fixed_raw_d2,raw_d2,2.427929627272333,2.764580488204956
3,344,NH1380,344,1499099075.0,fixed_raw_d2,raw_d2,2.5106332075753324,2.433451255162557
3,345,NH1381,345,1499099397.0,fixed_raw_d2,raw_d2,2.791738484848332,2.6692002614339194
3,346,NH1382,346,1499099613.0,fixed_raw_d2,raw_d2,2.5365751893945836,2.766277631123861
3,347,NH1383,347,1499099831.0,fixed_raw_d2,raw_d2,2.715058503788333,2.5872934659322104
3,348,NH1384,348,1499100022.0,fixed_raw_d2,raw_d2,2.7460927310595826,2.8508997758229575
3,349,NH1385,349,1499100479.0,fixed_raw_d2,raw_d2,2.677818651515833,2.748161792755127
3,350,NH1386,350,1499101459.0,fixed_raw_d2,raw_d2,3.0376429507583333,2.8952048619588218
3,342,NH1378,342,1499101807.0,fixed_raw_d2,raw_d2,2.6396423143937504,2.5968283812204995
3,500,NH1554,500,1499110948.0,fixed_raw_d2,raw_d2,3.266245939393751,3.012409766515096
3,587,NH1667,587,1499111389.0,fixed_raw_d2,raw_d2,2.7702204938575674,2.664169947306315
3,528,NH1581,528,1499117894.0,fixed_raw_d2,raw_d2,2.899883191288333,2.911792755126953
3,529,NH1582,529,1499117915.0,fixed_raw_d2,raw_d2,2.8859325037879158,2.9085253874460855
3,530,NH1583,530,1499118028.5,fixed_raw_d2,raw_d2,3.185311647726667,3.052048444747925
3,531,NH1584,531,1499118063.0,fixed_raw_d2,raw_d2,2.83940724242375,2.8866659800211587
3,532,NH1585,532,1499118631.5,fixed_raw_d2,raw_d2,3.1895223143949996,3.1286176840464273
3,534,NH1587,534,1499118981.0,fixed_raw_d2,raw_d2,2.9320918768935416,2.9235740502675376
3,535,NH1588,535,1499119044.0,fixed_raw_d2,raw_d2,3.229330869317708,3.1413026650746665
3,533,NH1586,533,1499119050.0,fixed_raw_d2,raw_d2,2.8946791931820837,2.8779075145721436
3,536,NH1589,536,1499119119.0,fixed_raw_d2,raw_d2,3.1033055530299998,2.8828109900156655
3,538,NH1591,538,1499119821.0,fixed_raw_d2,raw_d2,3.243477958333125,3.2036542097727456
3,537,NH1590,537,1499120066.0,fixed_raw_d2,raw_d2,3.10421795833375,2.9260098934173584
3,527,NH1579,527,1499120244.0,fixed_raw_d2,raw_d2,2.998226829545417,2.943577686945597
3,567,NH1621,567,1499123132.0,fixed_raw_d2,raw_d2,2.6374142760940753,2.7788700262705484
3,568,NH1622,568,1499123244.0,fixed_raw_d2,raw_d2,2.78111150505,2.8108482360839844
3,569,NH1623,569,1499123539.0,fixed_raw_d2,raw_d2,2.941981262625833,2.998598655064901
3,570,NH1624,570,1499125299.5,fixed_raw_d2,raw_d2,3.112737872727167,3.036162773768107
3,571,NH1625,571,1499125410.0,fixed_raw_d2,raw_d2,3.022505628787084,2.8830503622690835
3,566,NH1620,566,1499125843.0,fixed_raw_d2,raw_d2,2.893701810606112,2.881098906199137
3,640,NH1769,640,1499149063.5,fixed_raw_d2,raw_d2,2.9994482575762498,2.8060203393300376
3,641,NH1770,641,1499149239.0,fixed_raw_d2,raw_d2,3.0840344545449994,2.7903663317362466
3,642,NH1771,642,1499149701.0,fixed_raw_d2,raw_d2,3.0430837992420834,2.836368719736735
3,643,NH1772,643,1499149787.0,fixed_raw_d2,raw_d2,3.204778238636667,2.872075080871582
3,644,NH1773,644,1499150224.0,fixed_raw_d2,raw_d2,3.0746478371216663,2.8172695636749268
3,645,NH1774,645,1499150337.0,fixed_raw_d2,raw_d2,3.007947106060417,2.796483357747396
3,616,NH1724,616,1499151510.0,fixed_raw_d2,raw_d2,2.983917755049999,2.876995881398519
3,617,NH1725,617,1499151621.0,fixed_raw_d2,raw_d2,3.005704808080278,2.980316638946533
3,618,NH1726,618,1499151726.5,fixed_raw_d2,raw_d2,2.7433783434338888,2.623269001642863
3,620,NH1728,620,1499152752.0,fixed_raw_d2,raw_d2,3.1653335303028323,3.069971720377604
3,619,NH1727,619,1499152807.5,fixed_raw_d2,raw_d2,3.033899217172222,2.833715041478475
3,622,NH1730,622,1499152969.0,fixed_raw_d2,raw_d2,3.09583614015125,2.9091004530588784
3,621,NH1729,621,1499153214.0,fixed_raw_d2,raw_d2,2.909598431818333,2.743628184000651
3,623,NH1731,623,1499154023.0,fixed_raw_d2,raw_d2,2.957467170454167,2.814539114634196
3,639,NH1768,639,1499154270.5,fixed_raw_d2,raw_d2,2.818932253787083,2.709542910257975
3,615,NH1722,615,1499154298.0,fixed_raw_d2,raw_d2,2.86136358712125,2.6835147539774575
3,638,NH1767,638,1499154541.5,fixed_raw_d2,raw_d2,2.9929210568175,2.8899947802225747
3,637,NH1766,637,1499157052.0,fixed_raw_d2,raw_d2,2.774261397727083,2.769979953765869
3,636,NH1765,636,1499157139.0,fixed_raw_d2,raw_d2,3.146891314395417,3.0649824142456055
3,565,NH1619,565,1499161993.5,fixed_raw_d2,raw_d2,2.9540384015145826,2.69702140490214
3,596,NH1686,596,1499163186.0,fixed_raw_d2,raw_d2,3.1082548999995008,3.0712481339772544
3,597,NH1688,597,1499163406.0,fixed_raw_d2,raw_d2,2.848719204545,2.669132630030314
3,598,NH1689,598,1499164495.0,fixed_raw_d2,raw_d2,3.006316,3.0703417460123696
3,595,NH1685,595,1499165894.0,fixed_raw_d2,raw_d2,2.9339350757569456,2.7825187842051187
3,458,NH1499,458,1499171054.0,fixed_raw_d2,raw_d2,3.0142012803036105,2.781731208165487
3,459,NH1500,459,1499171249.5,fixed_raw_d2,raw_d2,2.7833541388886114,2.6761209964752197
3,460,NH1501,460,1499171260.0,fixed_raw_d2,raw_d2,3.142547452020001,2.9178877671559653
3,461,NH1502,461,1499171844.0,fixed_raw_d2,raw_d2,2.919967611743666,2.8947863578796387
3,462,NH1503,462,1499172128.0,fixed_raw_d2,raw_d2,2.989936401514583,2.6087578932444253
3,463,NH1504,463,1499172863.0,fixed_raw_d2,raw_d2,2.7883351439399995,2.7099631627400718
3,601,NH1704,601,1499176710.5,fixed_raw_d2,raw_d2,3.0184068282827776,2.9290718237559
3,600,NH1703,600,1499176766.0,fixed_raw_d2,raw_d2,2.8691397777783334,2.716702461242676
3,602,NH1705,602,1499177075.0,fixed_raw_d2,raw_d2,2.8160141338380558,2.6790250142415366
3,599,NH1702,599,1499179309.5,fixed_raw_d2,raw_d2,3.0610138762624994,2.950950304667155
3,659,NH1790,659,1499188064.0,fixed_raw_d2,raw_d2,2.8337587954544445,2.703488349914551
3,658,NH1789,658,1499188124.0,fixed_raw_d2,raw_d2,2.9286468459597224,2.888982613881429
3,660,NH1791,660,1499188343.0,fixed_raw_d2,raw_d2,3.113605141414166,3.046372572580973
3,628,NH1745,628,1499213488.0,fixed_raw_d2,raw_d2,2.559162946969445,2.6390248934427896
3,627,NH1744,627,1499213557.0,fixed_raw_d2,raw_d2,2.7187532601002786,2.6644533475240073
3,629,NH1746,629,1499213595.5,fixed_raw_d2,raw_d2,2.9451490631305544,2.818246285120646
3,563,NH1616,563,1499226262.0,fixed_raw_d2,raw_d2,3.038251255681042,2.973067045211792
3,605,NH1709,605,1499251437.0,fixed_raw_d2,raw_d2,2.7457053522729167,2.791315952936808
3,606,NH1710,606,1499268693.0,fixed_raw_d2,raw_d2,2.9376880075758334,2.818302551905314
3,607,NH1711,607,1499269035.0,fixed_raw_d2,raw_d2,3.096050136364167,3.0933088461558023
3,608,NH1712,608,1499269310.0,fixed_raw_d2,raw_d2,2.877750958333749,2.7706636587778726
3,604,NH1707,604,1499270402.0,fixed_raw_d2,raw_d2,2.8687946666664588,2.727356274922689
3,603,NH1706,603,1499270496.0,fixed_raw_d2,raw_d2,2.9392557462116664,2.7907172044118247
3,609,NH1714,609,1499272386.0,fixed_raw_d2,raw_d2,2.8468540606070833,2.6326122283935547
3,610,NH1716,610,1499274272.0,fixed_raw_d2,raw_d2,2.9423472500008336,2.826809883117676
3,593,NH1683,593,1499275237.0,fixed_raw_d2,raw_d2,2.8445862613637503,2.7431321938832602
3,592,NH1682,592,1499275578.0,fixed_raw_d2,raw_d2,2.9118870189395833,2.9481752713521323
3,594,NH1684,594,1499275807.5,fixed_raw_d2,raw_d2,2.8141230492429163,2.7873074213663735
3,475,NH1516,475,1499294849.0,fixed_raw_d2,raw_d2,2.918081704544584,2.655064582824707
3,474,NH1515,474,1499294880.0,fixed_raw_d2,raw_d2,2.855452022727083,2.632999817530314
3,476,NH1517,476,1499295965.0,fixed_raw_d2,raw_d2,2.7876860757570836,2.662536382675171
3,477,NH1518,477,1499296302.5,fixed_raw_d2,raw_d2,2.7509270113641673,2.7348042329152427
3,473,NH1514,473,1499296839.0,fixed_raw_d2,raw_d2,2.848514276515833,2.773443857828776
3,588,NH1668,588,1499299447.5,fixed_raw_d2,raw_d2,2.9043724090908336,2.749577363332113
3,589,NH1669,589,1499299686.0,fixed_raw_d2,raw_d2,2.9228999570700003,2.973794460296631
3,499,NH1553,499,1499301599.5,fixed_raw_d2,raw_d2,3.1458612083337503,2.8849008878072104
3,498,NH1552,498,1499301660.5,fixed_raw_d2,raw_d2,2.9805125303024997,2.736541191736857
3,624,NH1732,624,1499311659.5,fixed_raw_d2,raw_d2,2.9242628580675003,3.0517467657725015
3,703,NH1836,703,1499311843.0,fixed_raw_d2,raw_d2,2.9368110719699994,2.6297848224639893
3,625,NH1733,625,1499315397.0,fixed_raw_d2,raw_d2,2.632047236741875,2.7656424840291343
3,626,NH1734,626,1499315419.0,fixed_raw_d2,raw_d2,3.0625282613649993,2.997272570927938
3,704,NH1837,704,1499316830.0,fixed_raw_d2,raw_d2,2.8521571136358332,2.7762096722920737
3,580,NH1634,580,1499096476.0,fixed_full_d2,raw_d2,3.1808558661602775,3.0689028898874917
3,581,NH1635,581,1499097904.0,fixed_full_d2,raw_d2,2.9771905227274993,2.7383457819620767
3,582,NH1636,582,1499098641.0,fixed_full_d2,raw_d2,2.9940467095961107,2.8532429536183677
3,578,NH1632,578,1499098691.5,fixed_full_d2,raw_d2,2.9853468585863894,2.923332691192627
3,577,NH1631,577,1499098747.0,fixed_full_d2,raw_d2,2.9908430984849996,2.734589417775472
3,343,NH1379,343,1499098964.0,fixed_full_d2,raw_d2,2.427929627272333,2.810560862223307
3,344,NH1380,344,1499099075.0,fixed_full_d2,raw_d2,2.5106332075753324,2.4861071904500327
3,345,NH1381,345,1499099397.0,fixed_full_d2,raw_d2,2.791738484848332,2.64955735206604
3,346,NH1382,346,1499099613.0,fixed_full_d2,raw_d2,2.5365751893945836,2.822199821472168
3,347,NH1383,347,1499099831.0,fixed_full_d2,raw_d2,2.715058503788333,2.641855080922445
3,348,NH1384,348,1499100022.0,fixed_full_d2,raw_d2,2.7460927310595826,2.860663096110026
3,349,NH1385,349,1499100479.0,fixed_full_d2,raw_d2,2.677818651515833,2.7900858720143638
3,350,NH1386,350,1499101459.0,fixed_full_d2,raw_d2,3.0376429507583333,2.9522955417633057
3,342,NH1378,342,1499101807.0,fixed_full_d2,raw_d2,2.6396423143937504,2.6125086148579917
3,500,NH1554,500,1499110948.0,fixed_full_d2,raw_d2,3.266245939393751,3.0394179821014404
3,587,NH1667,587,1499111389.0,fixed_full_d2,raw_d2,2.7702204938575674,2.7306853930155435
3,528,NH1581,528,1499117894.0,fixed_full_d2,raw_d2,2.899883191288333,2.924326181411743
3,529,NH1582,529,1499117915.0,fixed_full_d2,raw_d2,2.8859325037879158,2.9289628664652505
3,530,NH1583,530,1499118028.5,fixed_full_d2,raw_d2,3.185311647726667,3.1264808177948
3,531,NH1584,531,1499118063.0,fixed_full_d2,raw_d2,2.83940724242375,2.9128568967183432
3,532,NH1585,532,1499118631.5,fixed_full_d2,raw_d2,3.1895223143949996,3.1890060106913247
3,534,NH1587,534,1499118981.0,fixed_full_d2,raw_d2,2.9320918768935416,2.9527875582377114
3,535,NH1588,535,1499119044.0,fixed_full_d2,raw_d2,3.229330869317708,3.176647504170736
3,533,NH1586,533,1499119050.0,fixed_full_d2,raw_d2,2.8946791931820837,2.8736019134521484
3,536,NH1589,536,1499119119.0,fixed_full_d2,raw_d2,3.1033055530299998,2.9188353220621743
3,538,NH1591,538,1499119821.0,fixed_full_d2,raw_d2,3.243477958333125,3.2380998929341636
3,537,NH1590,537,1499120066.0,fixed_full_d2,raw_d2,3.10421795833375,2.9206107457478843
3,527,NH1579,527,1499120244.0,fixed_full_d2,raw_d2,2.998226829545417,2.9711223443349204
3,567,NH1621,567,1499123132.0,fixed_full_d2,raw_d2,2.6374142760940753,2.791030248006185
3,568,NH1622,568,1499123244.0,fixed_full_d2,raw_d2,2.78111150505,2.8742345174153647
3,569,NH1623,569,1499123539.0,fixed_full_d2,raw_d2,2.941981262625833,3.0178330739339194
3,570,NH1624,570,1499125299.5,fixed_full_d2,raw_d2,3.112737872727167,2.9932491779327393
3,571,NH1625,571,1499125410.0,fixed_full_d2,raw_d2,3.022505628787084,2.9077003796895347
3,566,NH1620,566,1499125843.0,fixed_full_d2,raw_d2,2.893701810606112,2.8633145491282144
3,640,NH1769,640,1499149063.5,fixed_full_d2,raw_d2,2.9994482575762498,2.8306995232899985
3,641,NH1770,641,1499149239.0,fixed_full_d2,raw_d2,3.0840344545449994,2.8423033555348716
3,642,NH1771,642,1499149701.0,fixed_full_d2,raw_d2,3.0430837992420834,2.8425420920054116
3,643,NH1772,643,1499149787.0,fixed_full_d2,raw_d2,3.204778238636667,2.9093428452809653
3,644,NH1773,644,1499150224.0,fixed_full_d2,raw_d2,3.0746478371216663,2.8699698448181152
3,645,NH1774,645,1499150337.0,fixed_full_d2,raw_d2,3.007947106060417,2.8154114882151284
3,616,NH1724,616,1499151510.0,fixed_full_d2,raw_d2,2.983917755049999,2.76876433690389
3,617,NH1725,617,1499151621.0,fixed_full_d2,raw_d2,3.005704808080278,2.9749197165171304
3,618,NH1726,618,1499151726.5,fixed_full_d2,raw_d2,2.7433783434338888,2.6128238836924234
3,620,NH1728,620,1499152752.0,fixed_full_d2,raw_d2,3.1653335303028323,3.0191782315572104
3,619,NH1727,619,1499152807.5,fixed_full_d2,raw_d2,3.033899217172222,2.7925278345743814
3,622,NH1730,622,1499152969.0,fixed_full_d2,raw_d2,3.09583614015125,2.8123950958251953
3,621,NH1729,621,1499153214.0,fixed_full_d2,raw_d2,2.909598431818333,2.7332099278767905
3,623,NH1731,623,1499154023.0,fixed_full_d2,raw_d2,2.957467170454167,2.839113712310791
3,639,NH1768,639,1499154270.5,fixed_full_d2,raw_d2,2.818932253787083,2.743090788523356
3,615,NH1722,615,1499154298.0,fixed_full_d2,raw_d2,2.86136358712125,2.6844695409139
3,638,NH1767,638,1499154541.5,fixed_full_d2,raw_d2,2.9929210568175,2.8828835487365723
3,637,NH1766,637,1499157052.0,fixed_full_d2,raw_d2,2.774261397727083,2.787273645401001
3,636,NH1765,636,1499157139.0,fixed_full_d2,raw_d2,3.146891314395417,3.006800969441732
3,565,NH1619,565,1499161993.5,fixed_full_d2,raw_d2,2.9540384015145826,2.7056962649027505
3,596,NH1686,596,1499163186.0,fixed_full_d2,raw_d2,3.1082548999995008,3.1012114683787027
3,597,NH1688,597,1499163406.0,fixed_full_d2,raw_d2,2.848719204545,2.745664119720459
3,598,NH1689,598,1499164495.0,fixed_full_d2,raw_d2,3.006316,3.0745464166005454
3,595,NH1685,595,1499165894.0,fixed_full_d2,raw_d2,2.9339350757569456,2.858917474746704
3,458,NH1499,458,1499171054.0,fixed_full_d2,raw_d2,3.0142012803036105,2.8273162841796875
3,459,NH1500,459,1499171249.5,fixed_full_d2,raw_d2,2.7833541388886114,2.722123702367147
3,460,NH1501,460,1499171260.0,fixed_full_d2,raw_d2,3.142547452020001,2.920172929763794
3,461,NH1502,461,1499171844.0,fixed_full_d2,raw_d2,2.919967611743666,2.934734503428141
3,462,NH1503,462,1499172128.0,fixed_full_d2,raw_d2,2.989936401514583,2.6834566593170166
3,463,NH1504,463,1499172863.0,fixed_full_d2,raw_d2,2.7883351439399995,2.7482120196024575
3,601,NH1704,601,1499176710.5,fixed_full_d2,raw_d2,3.0184068282827776,2.976748784383138
3,600,NH1703,600,1499176766.0,fixed_full_d2,raw_d2,2.8691397777783334,2.746469418207804
3,602,NH1705,602,1499177075.0,fixed_full_d2,raw_d2,2.8160141338380558,2.736624797185262
3,599,NH1702,599,1499179309.5,fixed_full_d2,raw_d2,3.0610138762624994,2.9763848781585693
3,659,NH1790,659,1499188064.0,fixed_full_d2,raw_d2,2.8337587954544445,2.820725440979004
3,658,NH1789,658,1499188124.0,fixed_full_d2,raw_d2,2.9286468459597224,3.0029804706573486
3,660,NH1791,660,1499188343.0,fixed_full_d2,raw_d2,3.113605141414166,3.1233495076497397
3,628,NH1745,628,1499213488.0,fixed_full_d2,raw_d2,2.559162946969445,2.642221132914225
3,627,NH1744,627,1499213557.0,fixed_full_d2,raw_d2,2.7187532601002786,2.6992765267690024
3,629,NH1746,629,1499213595.5,fixed_full_d2,raw_d2,2.9451490631305544,2.878559668858846
3,563,NH1616,563,1499226262.0,fixed_full_d2,raw_d2,3.038251255681042,3.0022366841634116
3,605,NH1709,605,1499251437.0,fixed_full_d2,raw_d2,2.7457053522729167,2.78963565826416
3,606,NH1710,606,1499268693.0,fixed_full_d2,raw_d2,2.9376880075758334,2.8311594327290854
3,607,NH1711,607,1499269035.0,fixed_full_d2,raw_d2,3.096050136364167,3.072213570276896
3,608,NH1712,608,1499269310.0,fixed_full_d2,raw_d2,2.877750958333749,2.7971524397532144
3,604,NH1707,604,1499270402.0,fixed_full_d2,raw_d2,2.8687946666664588,2.7883880933125815
3,603,NH1706,603,1499270496.0,fixed_full_d2,raw_d2,2.9392557462116664,2.828519423802694
3,609,NH1714,609,1499272386.0,fixed_full_d2,raw_d2,2.8468540606070833,2.6169214248657227
3,610,NH1716,610,1499274272.0,fixed_full_d2,raw_d2,2.9423472500008336,2.79534920056661
3,593,NH1683,593,1499275237.0,fixed_full_d2,raw_d2,2.8445862613637503,2.8355944951375327
3,592,NH1682,592,1499275578.0,fixed_full_d2,raw_d2,2.9118870189395833,3.0118090311686196
3,594,NH1684,594,1499275807.5,fixed_full_d2,raw_d2,2.8141230492429163,2.8143823941548667
3,475,NH1516,475,1499294849.0,fixed_full_d2,raw_d2,2.918081704544584,2.7034707069396973
3,474,NH1515,474,1499294880.0,fixed_full_d2,raw_d2,2.855452022727083,2.696443716684977
3,476,NH1517,476,1499295965.0,fixed_full_d2,raw_d2,2.7876860757570836,2.7092893918355307
3,477,NH1518,477,1499296302.5,fixed_full_d2,raw_d2,2.7509270113641673,2.7245174249013266
3,473,NH1514,473,1499296839.0,fixed_full_d2,raw_d2,2.848514276515833,2.77201239267985
3,588,NH1668,588,1499299447.5,fixed_full_d2,raw_d2,2.9043724090908336,2.796605189641317
3,589,NH1669,589,1499299686.0,fixed_full_d2,raw_d2,2.9228999570700003,3.061020533243815
3,499,NH1553,499,1499301599.5,fixed_full_d2,raw_d2,3.1458612083337503,2.846419890721639
3,498,NH1552,498,1499301660.5,fixed_full_d2,raw_d2,2.9805125303024997,2.8224756717681885
3,624,NH1732,624,1499311659.5,fixed_full_d2,raw_d2,2.9242628580675003,3.0887603759765625
3,703,NH1836,703,1499311843.0,fixed_full_d2,raw_d2,2.9368110719699994,2.663389046986898
3,625,NH1733,625,1499315397.0,fixed_full_d2,raw_d2,2.632047236741875,2.819596449534098
3,626,NH1734,626,1499315419.0,fixed_full_d2,raw_d2,3.0625282613649993,3.056298812230428
3,704,NH1837,704,1499316830.0,fixed_full_d2,raw_d2,2.8521571136358332,2.759829044342041
3,580,NH1634,580,1499096476.0,mean_baseline,raw_d2,3.1808558661602775,2.790795334093093
3,581,NH1635,581,1499097904.0,mean_baseline,raw_d2,2.9771905227274993,2.790795334093093
3,582,NH1636,582,1499098641.0,mean_baseline,raw_d2,2.9940467095961107,2.790795334093093
3,578,NH1632,578,1499098691.5,mean_baseline,raw_d2,2.9853468585863894,2.790795334093093
3,577,NH1631,577,1499098747.0,mean_baseline,raw_d2,2.9908430984849996,2.790795334093093
3,343,NH1379,343,1499098964.0,mean_baseline,raw_d2,2.427929627272333,2.790795334093093
3,344,NH1380,344,1499099075.0,mean_baseline,raw_d2,2.5106332075753324,2.790795334093093
3,345,NH1381,345,1499099397.0,mean_baseline,raw_d2,2.791738484848332,2.790795334093093
3,346,NH1382,346,1499099613.0,mean_baseline,raw_d2,2.5365751893945836,2.790795334093093
3,347,NH1383,347,1499099831.0,mean_baseline,raw_d2,2.715058503788333,2.790795334093093
3,348,NH1384,348,1499100022.0,mean_baseline,raw_d2,2.7460927310595826,2.790795334093093
3,349,NH1385,349,1499100479.0,mean_baseline,raw_d2,2.677818651515833,2.790795334093093
3,350,NH1386,350,1499101459.0,mean_baseline,raw_d2,3.0376429507583333,2.790795334093093
3,342,NH1378,342,1499101807.0,mean_baseline,raw_d2,2.6396423143937504,2.790795334093093
3,500,NH1554,500,1499110948.0,mean_baseline,raw_d2,3.266245939393751,2.790795334093093
3,587,NH1667,587,1499111389.0,mean_baseline,raw_d2,2.7702204938575674,2.790795334093093
3,528,NH1581,528,1499117894.0,mean_baseline,raw_d2,2.899883191288333,2.790795334093093
3,529,NH1582,529,1499117915.0,mean_baseline,raw_d2,2.8859325037879158,2.790795334093093
3,530,NH1583,530,1499118028.5,mean_baseline,raw_d2,3.185311647726667,2.790795334093093
3,531,NH1584,531,1499118063.0,mean_baseline,raw_d2,2.83940724242375,2.790795334093093
3,532,NH1585,532,1499118631.5,mean_baseline,raw_d2,3.1895223143949996,2.790795334093093
3,534,NH1587,534,1499118981.0,mean_baseline,raw_d2,2.9320918768935416,2.790795334093093
3,535,NH1588,535,1499119044.0,mean_baseline,raw_d2,3.229330869317708,2.790795334093093
3,533,NH1586,533,1499119050.0,mean_baseline,raw_d2,2.8946791931820837,2.790795334093093
3,536,NH1589,536,1499119119.0,mean_baseline,raw_d2,3.1033055530299998,2.790795334093093
3,538,NH1591,538,1499119821.0,mean_baseline,raw_d2,3.243477958333125,2.790795334093093
3,537,NH1590,537,1499120066.0,mean_baseline,raw_d2,3.10421795833375,2.790795334093093
3,527,NH1579,527,1499120244.0,mean_baseline,raw_d2,2.998226829545417,2.790795334093093
3,567,NH1621,567,1499123132.0,mean_baseline,raw_d2,2.6374142760940753,2.790795334093093
3,568,NH1622,568,1499123244.0,mean_baseline,raw_d2,2.78111150505,2.790795334093093
3,569,NH1623,569,1499123539.0,mean_baseline,raw_d2,2.941981262625833,2.790795334093093
3,570,NH1624,570,1499125299.5,mean_baseline,raw_d2,3.112737872727167,2.790795334093093
3,571,NH1625,571,1499125410.0,mean_baseline,raw_d2,3.022505628787084,2.790795334093093
3,566,NH1620,566,1499125843.0,mean_baseline,raw_d2,2.893701810606112,2.790795334093093
3,640,NH1769,640,1499149063.5,mean_baseline,raw_d2,2.9994482575762498,2.790795334093093
3,641,NH1770,641,1499149239.0,mean_baseline,raw_d2,3.0840344545449994,2.790795334093093
3,642,NH1771,642,1499149701.0,mean_baseline,raw_d2,3.0430837992420834,2.790795334093093
3,643,NH1772,643,1499149787.0,mean_baseline,raw_d2,3.204778238636667,2.790795334093093
3,644,NH1773,644,1499150224.0,mean_baseline,raw_d2,3.0746478371216663,2.790795334093093
3,645,NH1774,645,1499150337.0,mean_baseline,raw_d2,3.007947106060417,2.790795334093093
3,616,NH1724,616,1499151510.0,mean_baseline,raw_d2,2.983917755049999,2.790795334093093
3,617,NH1725,617,1499151621.0,mean_baseline,raw_d2,3.005704808080278,2.790795334093093
3,618,NH1726,618,1499151726.5,mean_baseline,raw_d2,2.7433783434338888,2.790795334093093
3,620,NH1728,620,1499152752.0,mean_baseline,raw_d2,3.1653335303028323,2.790795334093093
3,619,NH1727,619,1499152807.5,mean_baseline,raw_d2,3.033899217172222,2.790795334093093
3,622,NH1730,622,1499152969.0,mean_baseline,raw_d2,3.09583614015125,2.790795334093093
3,621,NH1729,621,1499153214.0,mean_baseline,raw_d2,2.909598431818333,2.790795334093093
3,623,NH1731,623,1499154023.0,mean_baseline,raw_d2,2.957467170454167,2.790795334093093
3,639,NH1768,639,1499154270.5,mean_baseline,raw_d2,2.818932253787083,2.790795334093093
3,615,NH1722,615,1499154298.0,mean_baseline,raw_d2,2.86136358712125,2.790795334093093
3,638,NH1767,638,1499154541.5,mean_baseline,raw_d2,2.9929210568175,2.790795334093093
3,637,NH1766,637,1499157052.0,mean_baseline,raw_d2,2.774261397727083,2.790795334093093
3,636,NH1765,636,1499157139.0,mean_baseline,raw_d2,3.146891314395417,2.790795334093093
3,565,NH1619,565,1499161993.5,mean_baseline,raw_d2,2.9540384015145826,2.790795334093093
3,596,NH1686,596,1499163186.0,mean_baseline,raw_d2,3.1082548999995008,2.790795334093093
3,597,NH1688,597,1499163406.0,mean_baseline,raw_d2,2.848719204545,2.790795334093093
3,598,NH1689,598,1499164495.0,mean_baseline,raw_d2,3.006316,2.790795334093093
3,595,NH1685,595,1499165894.0,mean_baseline,raw_d2,2.9339350757569456,2.790795334093093
3,458,NH1499,458,1499171054.0,mean_baseline,raw_d2,3.0142012803036105,2.790795334093093
3,459,NH1500,459,1499171249.5,mean_baseline,raw_d2,2.7833541388886114,2.790795334093093
3,460,NH1501,460,1499171260.0,mean_baseline,raw_d2,3.142547452020001,2.790795334093093
3,461,NH1502,461,1499171844.0,mean_baseline,raw_d2,2.919967611743666,2.790795334093093
3,462,NH1503,462,1499172128.0,mean_baseline,raw_d2,2.989936401514583,2.790795334093093
3,463,NH1504,463,1499172863.0,mean_baseline,raw_d2,2.7883351439399995,2.790795334093093
3,601,NH1704,601,1499176710.5,mean_baseline,raw_d2,3.0184068282827776,2.790795334093093
3,600,NH1703,600,1499176766.0,mean_baseline,raw_d2,2.8691397777783334,2.790795334093093
3,602,NH1705,602,1499177075.0,mean_baseline,raw_d2,2.8160141338380558,2.790795334093093
3,599,NH1702,599,1499179309.5,mean_baseline,raw_d2,3.0610138762624994,2.790795334093093
3,659,NH1790,659,1499188064.0,mean_baseline,raw_d2,2.8337587954544445,2.790795334093093
3,658,NH1789,658,1499188124.0,mean_baseline,raw_d2,2.9286468459597224,2.790795334093093
3,660,NH1791,660,1499188343.0,mean_baseline,raw_d2,3.113605141414166,2.790795334093093
3,628,NH1745,628,1499213488.0,mean_baseline,raw_d2,2.559162946969445,2.790795334093093
3,627,NH1744,627,1499213557.0,mean_baseline,raw_d2,2.7187532601002786,2.790795334093093
3,629,NH1746,629,1499213595.5,mean_baseline,raw_d2,2.9451490631305544,2.790795334093093
3,563,NH1616,563,1499226262.0,mean_baseline,raw_d2,3.038251255681042,2.790795334093093
3,605,NH1709,605,1499251437.0,mean_baseline,raw_d2,2.7457053522729167,2.790795334093093
3,606,NH1710,606,1499268693.0,mean_baseline,raw_d2,2.9376880075758334,2.790795334093093
3,607,NH1711,607,1499269035.0,mean_baseline,raw_d2,3.096050136364167,2.790795334093093
3,608,NH1712,608,1499269310.0,mean_baseline,raw_d2,2.877750958333749,2.790795334093093
3,604,NH1707,604,1499270402.0,mean_baseline,raw_d2,2.8687946666664588,2.790795334093093
3,603,NH1706,603,1499270496.0,mean_baseline,raw_d2,2.9392557462116664,2.790795334093093
3,609,NH1714,609,1499272386.0,mean_baseline,raw_d2,2.8468540606070833,2.790795334093093
3,610,NH1716,610,1499274272.0,mean_baseline,raw_d2,2.9423472500008336,2.790795334093093
3,593,NH1683,593,1499275237.0,mean_baseline,raw_d2,2.8445862613637503,2.790795334093093
3,592,NH1682,592,1499275578.0,mean_baseline,raw_d2,2.9118870189395833,2.790795334093093
3,594,NH1684,594,1499275807.5,mean_baseline,raw_d2,2.8141230492429163,2.790795334093093
3,475,NH1516,475,1499294849.0,mean_baseline,raw_d2,2.918081704544584,2.790795334093093
3,474,NH1515,474,1499294880.0,mean_baseline,raw_d2,2.855452022727083,2.790795334093093
3,476,NH1517,476,1499295965.0,mean_baseline,raw_d2,2.7876860757570836,2.790795334093093
3,477,NH1518,477,1499296302.5,mean_baseline,raw_d2,2.7509270113641673,2.790795334093093
3,473,NH1514,473,1499296839.0,mean_baseline,raw_d2,2.848514276515833,2.790795334093093
3,588,NH1668,588,1499299447.5,mean_baseline,raw_d2,2.9043724090908336,2.790795334093093
3,589,NH1669,589,1499299686.0,mean_baseline,raw_d2,2.9228999570700003,2.790795334093093
3,499,NH1553,499,1499301599.5,mean_baseline,raw_d2,3.1458612083337503,2.790795334093093
3,498,NH1552,498,1499301660.5,mean_baseline,raw_d2,2.9805125303024997,2.790795334093093
3,624,NH1732,624,1499311659.5,mean_baseline,raw_d2,2.9242628580675003,2.790795334093093
3,703,NH1836,703,1499311843.0,mean_baseline,raw_d2,2.9368110719699994,2.790795334093093
3,625,NH1733,625,1499315397.0,mean_baseline,raw_d2,2.632047236741875,2.790795334093093
3,626,NH1734,626,1499315419.0,mean_baseline,raw_d2,3.0625282613649993,2.790795334093093
3,704,NH1837,704,1499316830.0,mean_baseline,raw_d2,2.8521571136358332,2.790795334093093
