ID,Tool,row_index,fold,y_true,y_pred,residual,absolute_residual,rank,feature,value,z_score,abs_z_score,operation
NH1835,O,702,5,1.6142395746208331,2.834806442260742,-1.220566867639909,1.220566867639909,1,310X138,5.0,28.24891590840257,28.24891590840257,310
NH1835,O,702,5,1.6142395746208331,2.834806442260742,-1.220566867639909,1.220566867639909,2,310X140,6.0,28.24891590840257,28.24891590840257,310
NH1835,O,702,5,1.6142395746208331,2.834806442260742,-1.220566867639909,1.220566867639909,3,310X139,6.0,28.24891590840256,28.24891590840256,310
NH1835,O,702,5,1.6142395746208331,2.834806442260742,-1.220566867639909,1.220566867639909,4,340X21,3000.0,-8.10016162931658,8.10016162931658,340
NH1835,O,702,5,1.6142395746208331,2.834806442260742,-1.220566867639909,1.220566867639909,5,312X97,10.0,3.1804853481405946,3.1804853481405946,312
NH1835,O,702,5,1.6142395746208331,2.834806442260742,-1.220566867639909,1.220566867639909,6,312X245,19.4,2.9944771803329475,2.9944771803329475,312
NH1835,O,702,5,1.6142395746208331,2.834806442260742,-1.220566867639909,1.220566867639909,7,312X764,105.6,-2.978536642340098,2.978536642340098,312
NH1835,O,702,5,1.6142395746208331,2.834806442260742,-1.220566867639909,1.220566867639909,8,312X758,105.3,-2.8903966517006467,2.8903966517006467,312
NH1835,O,702,5,1.6142395746208331,2.834806442260742,-1.220566867639909,1.220566867639909,9,220X204,-0.00617,-2.8895651034001717,2.8895651034001717,220
NH1835,O,702,5,1.6142395746208331,2.834806442260742,-1.220566867639909,1.220566867639909,10,312X770,104.9,-2.8825291246328617,2.8825291246328617,312
NH1835,O,702,5,1.6142395746208331,2.834806442260742,-1.220566867639909,1.220566867639909,11,440AX60,585.5,2.742862971936992,2.742862971936992,UNKNOWN
NH1835,O,702,5,1.6142395746208331,2.834806442260742,-1.220566867639909,1.220566867639909,12,440AX58,589.8,2.727728544700891,2.727728544700891,UNKNOWN
NH1835,O,702,5,1.6142395746208331,2.834806442260742,-1.220566867639909,1.220566867639909,13,440AX212,1.0,-2.714676227164281,2.714676227164281,UNKNOWN
NH1835,O,702,5,1.6142395746208331,2.834806442260742,-1.220566867639909,1.220566867639909,14,440AX24,440.1,2.6866359389348964,2.6866359389348964,UNKNOWN
NH1835,O,702,5,1.6142395746208331,2.834806442260742,-1.220566867639909,1.220566867639909,15,440AX59,601.3,2.6847815290084776,2.6847815290084776,UNKNOWN
NH1835,O,702,5,1.6142395746208331,2.834806442260742,-1.220566867639909,1.220566867639909,16,440AX23,456.6,2.6819195362122397,2.6819195362122397,UNKNOWN
NH1835,O,702,5,1.6142395746208331,2.834806442260742,-1.220566867639909,1.220566867639909,17,440AX22,444.5,2.6805771841827015,2.6805771841827015,UNKNOWN
NH1835,O,702,5,1.6142395746208331,2.834806442260742,-1.220566867639909,1.220566867639909,18,440AX79,595.1,2.6570631808831435,2.6570631808831435,UNKNOWN
NH1835,O,702,5,1.6142395746208331,2.834806442260742,-1.220566867639909,1.220566867639909,19,440AX133,580.6,2.6547578271663883,2.6547578271663883,UNKNOWN
NH1835,O,702,5,1.6142395746208331,2.834806442260742,-1.220566867639909,1.220566867639909,20,440AX74,598.7,2.65402527794121,2.65402527794121,UNKNOWN
NH1835,O,702,5,1.6142395746208331,2.834806442260742,-1.220566867639909,1.220566867639909,21,440AX68,624.9,2.647921483201779,2.647921483201779,UNKNOWN
NH1835,O,702,5,1.6142395746208331,2.834806442260742,-1.220566867639909,1.220566867639909,22,440AX81,587.6,2.6470292060214664,2.6470292060214664,UNKNOWN
NH1835,O,702,5,1.6142395746208331,2.834806442260742,-1.220566867639909,1.220566867639909,23,440AX56,627.3,2.646002261614514,2.646002261614514,UNKNOWN
NH1835,O,702,5,1.6142395746208331,2.834806442260742,-1.220566867639909,1.220566867639909,24,440AX75,583.9,2.6459805591449927,2.6459805591449927,UNKNOWN
NH1835,O,702,5,1.6142395746208331,2.834806442260742,-1.220566867639909,1.220566867639909,25,440AX55,622.2,2.6440238225563344,2.6440238225563344,UNKNOWN
NH1835,O,702,5,1.6142395746208331,2.834806442260742,-1.220566867639909,1.220566867639909,26,440AX67,619.5,2.6435740188123518,2.6435740188123518,UNKNOWN
NH1835,O,702,5,1.6142395746208331,2.834806442260742,-1.220566867639909,1.220566867639909,27,440AX73,588.5,2.6421430959155106,2.6421430959155106,UNKNOWN
NH1835,O,702,5,1.6142395746208331,2.834806442260742,-1.220566867639909,1.220566867639909,28,440AX48,467.1,2.640719667596168,2.640719667596168,UNKNOWN
NH1835,O,702,5,1.6142395746208331,2.834806442260742,-1.220566867639909,1.220566867639909,29,440AX46,470.3,2.637955326911173,2.637955326911173,UNKNOWN
NH1835,O,702,5,1.6142395746208331,2.834806442260742,-1.220566867639909,1.220566867639909,30,440AX57,619.2,2.637041372112981,2.637041372112981,UNKNOWN
NH1204,L,205,5,2.3574198009824325,2.8407890796661377,-0.48336927868370516,0.48336927868370516,1,220X193,-0.027783,-5.050316321859648,5.050316321859648,220
NH1204,L,205,5,2.3574198009824325,2.8407890796661377,-0.48336927868370516,0.48336927868370516,2,750X696,0.21,4.314118799784802,4.314118799784802,750
NH1204,L,205,5,2.3574198009824325,2.8407890796661377,-0.48336927868370516,0.48336927868370516,3,750X475,0.5,4.142504183352182,4.142504183352182,750
NH1204,L,205,5,2.3574198009824325,2.8407890796661377,-0.48336927868370516,0.48336927868370516,4,750X704,4.9,4.0722893166738885,4.0722893166738885,750
NH1204,L,205,5,2.3574198009824325,2.8407890796661377,-0.48336927868370516,0.48336927868370516,5,420X23,89.8,-3.9525507598417704,3.9525507598417704,420
NH1204,L,205,5,2.3574198009824325,2.8407890796661377,-0.48336927868370516,0.48336927868370516,6,420X19,89.8,-3.9284014351737713,3.9284014351737713,420
NH1204,L,205,5,2.3574198009824325,2.8407890796661377,-0.48336927868370516,0.48336927868370516,7,750X785,0.2,-3.9080389295588485,3.9080389295588485,750
NH1204,L,205,5,2.3574198009824325,2.8407890796661377,-0.48336927868370516,0.48336927868370516,8,344X106,805.0,3.7682991311211476,3.7682991311211476,344
NH1204,L,205,5,2.3574198009824325,2.8407890796661377,-0.48336927868370516,0.48336927868370516,9,750X1245,70.83,-3.741689157822044,3.741689157822044,750
NH1204,L,205,5,2.3574198009824325,2.8407890796661377,-0.48336927868370516,0.48336927868370516,10,750X635,71.01,-3.2901373907849805,3.2901373907849805,750
NH1204,L,205,5,2.3574198009824325,2.8407890796661377,-0.48336927868370516,0.48336927868370516,11,750X155,58.86,-3.2528833174269662,3.2528833174269662,750
NH1204,L,205,5,2.3574198009824325,2.8407890796661377,-0.48336927868370516,0.48336927868370516,12,400X144,2.09,-2.9690517988211864,2.9690517988211864,400
NH1204,L,205,5,2.3574198009824325,2.8407890796661377,-0.48336927868370516,0.48336927868370516,13,750X702,57.43,-2.9378713773612066,2.9378713773612066,750
NH1204,L,205,5,2.3574198009824325,2.8407890796661377,-0.48336927868370516,0.48336927868370516,14,330X193,105.46,2.9322369527943453,2.9322369527943453,330
NH1204,L,205,5,2.3574198009824325,2.8407890796661377,-0.48336927868370516,0.48336927868370516,15,312X175,18.3,-2.927608874116836,2.927608874116836,312
NH1204,L,205,5,2.3574198009824325,2.8407890796661377,-0.48336927868370516,0.48336927868370516,16,312X214,54.1,-2.9015087858669886,2.9015087858669886,312
NH1204,L,205,5,2.3574198009824325,2.8407890796661377,-0.48336927868370516,0.48336927868370516,17,750X327,51.57,-2.8859245412666237,2.8859245412666237,750
NH1204,L,205,5,2.3574198009824325,2.8407890796661377,-0.48336927868370516,0.48336927868370516,18,312X207,54.1,-2.7554759751199494,2.7554759751199494,312
NH1204,L,205,5,2.3574198009824325,2.8407890796661377,-0.48336927868370516,0.48336927868370516,19,312X159,38.0,2.7388409957500928,2.7388409957500928,312
NH1204,L,205,5,2.3574198009824325,2.8407890796661377,-0.48336927868370516,0.48336927868370516,20,312X172,38.0,2.7368984757540926,2.7368984757540926,312
NH1204,L,205,5,2.3574198009824325,2.8407890796661377,-0.48336927868370516,0.48336927868370516,21,312X209,43.5,-2.7368984757540926,2.7368984757540926,312
NH1204,L,205,5,2.3574198009824325,2.8407890796661377,-0.48336927868370516,0.48336927868370516,22,330X300,103.02,2.7218522749201806,2.7218522749201806,330
NH1204,L,205,5,2.3574198009824325,2.8407890796661377,-0.48336927868370516,0.48336927868370516,23,312X266,0.0,-2.717324690986659,2.717324690986659,312
NH1204,L,205,5,2.3574198009824325,2.8407890796661377,-0.48336927868370516,0.48336927868370516,24,340X44,48.8,2.6253896667036236,2.6253896667036236,340
NH1204,L,205,5,2.3574198009824325,2.8407890796661377,-0.48336927868370516,0.48336927868370516,25,340X42,48.9,2.617055448587897,2.617055448587897,340
NH1204,L,205,5,2.3574198009824325,2.8407890796661377,-0.48336927868370516,0.48336927868370516,26,340X43,48.7,2.603578890820162,2.603578890820162,340
NH1204,L,205,5,2.3574198009824325,2.8407890796661377,-0.48336927868370516,0.48336927868370516,27,340X41,48.8,2.5904567334677244,2.5904567334677244,340
NH1204,L,205,5,2.3574198009824325,2.8407890796661377,-0.48336927868370516,0.48336927868370516,28,312X38,79.7,-2.5881534208585735,2.5881534208585735,312
NH1204,L,205,5,2.3574198009824325,2.8407890796661377,-0.48336927868370516,0.48336927868370516,29,750X765,57.21,-2.575663204023926,2.575663204023926,750
NH1204,L,205,5,2.3574198009824325,2.8407890796661377,-0.48336927868370516,0.48336927868370516,30,750X228,65.59,-2.566330404643728,2.566330404643728,750
NH1856,J,721,1,2.6143279836063944,3.043776035308838,-0.4294480517024435,0.4294480517024435,1,440AX210,101.0,6.134289391105587,6.134289391105587,UNKNOWN
NH1856,J,721,1,2.6143279836063944,3.043776035308838,-0.4294480517024435,0.4294480517024435,2,440AX124,590.3,5.124817190954682,5.124817190954682,UNKNOWN
NH1856,J,721,1,2.6143279836063944,3.043776035308838,-0.4294480517024435,0.4294480517024435,3,440AX146,595.4,4.966720748663688,4.966720748663688,UNKNOWN
NH1856,J,721,1,2.6143279836063944,3.043776035308838,-0.4294480517024435,0.4294480517024435,4,440AX148,586.0,4.916860508009173,4.916860508009173,UNKNOWN
NH1856,J,721,1,2.6143279836063944,3.043776035308838,-0.4294480517024435,0.4294480517024435,5,440AX115,588.2,4.691027239026339,4.691027239026339,UNKNOWN
NH1856,J,721,1,2.6143279836063944,3.043776035308838,-0.4294480517024435,0.4294480517024435,6,440AX112,588.0,4.648332641059309,4.648332641059309,UNKNOWN
NH1856,J,721,1,2.6143279836063944,3.043776035308838,-0.4294480517024435,0.4294480517024435,7,440AX127,590.7,4.564952402992738,4.564952402992738,UNKNOWN
NH1856,J,721,1,2.6143279836063944,3.043776035308838,-0.4294480517024435,0.4294480517024435,8,440AX110,598.9,4.400111779480098,4.400111779480098,UNKNOWN
NH1856,J,721,1,2.6143279836063944,3.043776035308838,-0.4294480517024435,0.4294480517024435,9,440AX113,597.5,4.147040097308978,4.147040097308978,UNKNOWN
NH1856,J,721,1,2.6143279836063944,3.043776035308838,-0.4294480517024435,0.4294480517024435,10,440AX131,586.6,4.132591167436357,4.132591167436357,UNKNOWN
NH1856,J,721,1,2.6143279836063944,3.043776035308838,-0.4294480517024435,0.4294480517024435,11,440AX122,597.3,4.099167016863301,4.099167016863301,UNKNOWN
NH1856,J,721,1,2.6143279836063944,3.043776035308838,-0.4294480517024435,0.4294480517024435,12,210X191,0.34,3.9542135297131376,3.9542135297131376,210
NH1856,J,721,1,2.6143279836063944,3.043776035308838,-0.4294480517024435,0.4294480517024435,13,310X188,-0.012319,-3.7740689016031728,3.7740689016031728,310
NH1856,J,721,1,2.6143279836063944,3.043776035308838,-0.4294480517024435,0.4294480517024435,14,440AX145,590.2,3.7132581186225884,3.7132581186225884,UNKNOWN
NH1856,J,721,1,2.6143279836063944,3.043776035308838,-0.4294480517024435,0.4294480517024435,15,440AX125,597.8,3.3449688592806424,3.3449688592806424,UNKNOWN
NH1856,J,721,1,2.6143279836063944,3.043776035308838,-0.4294480517024435,0.4294480517024435,16,360X1267,3.94,-3.197777000442882,3.197777000442882,360
NH1856,J,721,1,2.6143279836063944,3.043776035308838,-0.4294480517024435,0.4294480517024435,17,400X148,2.09,-3.136203245935707,3.136203245935707,400
NH1856,J,721,1,2.6143279836063944,3.043776035308838,-0.4294480517024435,0.4294480517024435,18,360X785,0.1,-3.1139485979722714,3.1139485979722714,360
NH1856,J,721,1,2.6143279836063944,3.043776035308838,-0.4294480517024435,0.4294480517024435,19,440AX143,600.8,3.101498094823125,3.101498094823125,UNKNOWN
NH1856,J,721,1,2.6143279836063944,3.043776035308838,-0.4294480517024435,0.4294480517024435,20,360X829,45.8,3.0849494587231887,3.0849494587231887,360
NH1856,J,721,1,2.6143279836063944,3.043776035308838,-0.4294480517024435,0.4294480517024435,21,360X796,5.1,-3.0843757670495098,3.0843757670495098,360
NH1856,J,721,1,2.6143279836063944,3.043776035308838,-0.4294480517024435,0.4294480517024435,22,360X434,32.2,-3.056232202999679,3.056232202999679,360
NH1856,J,721,1,2.6143279836063944,3.043776035308838,-0.4294480517024435,0.4294480517024435,23,312X171,37.8,-3.047340030500695,3.047340030500695,312
NH1856,J,721,1,2.6143279836063944,3.043776035308838,-0.4294480517024435,0.4294480517024435,24,360X401,3.33,-2.992690881050195,2.992690881050195,360
NH1856,J,721,1,2.6143279836063944,3.043776035308838,-0.4294480517024435,0.4294480517024435,25,440AX134,586.3,2.9482386711303676,2.9482386711303676,UNKNOWN
NH1856,J,721,1,2.6143279836063944,3.043776035308838,-0.4294480517024435,0.4294480517024435,26,312X165,37.9,-2.9373042103424987,2.9373042103424987,312
NH1856,J,721,1,2.6143279836063944,3.043776035308838,-0.4294480517024435,0.4294480517024435,27,360X704,-100.1,-2.920874961176958,2.920874961176958,360
NH1856,J,721,1,2.6143279836063944,3.043776035308838,-0.4294480517024435,0.4294480517024435,28,360X611,4.06,-2.7388858574201747,2.7388858574201747,360
NH1856,J,721,1,2.6143279836063944,3.043776035308838,-0.4294480517024435,0.4294480517024435,29,312X692,3008.0,-2.590082860323172,2.590082860323172,312
NH1856,J,721,1,2.6143279836063944,3.043776035308838,-0.4294480517024435,0.4294480517024435,30,360X475,0.5,2.5721275013108698,2.5721275013108698,360
NH1928,J,788,5,2.5245502537879165,2.917616844177246,-0.39306659038932956,0.39306659038932956,1,312X186,14.9,-9.363114771865293,9.363114771865293,312
NH1928,J,788,5,2.5245502537879165,2.917616844177246,-0.39306659038932956,0.39306659038932956,2,330X913,158.0,-5.030898611009431,5.030898611009431,330
NH1928,J,788,5,2.5245502537879165,2.917616844177246,-0.39306659038932956,0.39306659038932956,3,330X910,158.0,-5.024326334336449,5.024326334336449,330
NH1928,J,788,5,2.5245502537879165,2.917616844177246,-0.39306659038932956,0.39306659038932956,4,330X916,158.0,-5.017188799672962,5.017188799672962,330
NH1928,J,788,5,2.5245502537879165,2.917616844177246,-0.39306659038932956,0.39306659038932956,5,340X108,46678.0,4.498314245267847,4.498314245267847,340
NH1928,J,788,5,2.5245502537879165,2.917616844177246,-0.39306659038932956,0.39306659038932956,6,330X560,4.67,-4.201762162951178,4.201762162951178,330
NH1928,J,788,5,2.5245502537879165,2.917616844177246,-0.39306659038932956,0.39306659038932956,7,330X567,4.67,-4.2001539094490905,4.2001539094490905,330
NH1928,J,788,5,2.5245502537879165,2.917616844177246,-0.39306659038932956,0.39306659038932956,8,330X553,4.67,-4.197293524011179,4.197293524011179,330
NH1928,J,788,5,2.5245502537879165,2.917616844177246,-0.39306659038932956,0.39306659038932956,9,520X33,494.0,4.075491125036777,4.075491125036777,520
NH1928,J,788,5,2.5245502537879165,2.917616844177246,-0.39306659038932956,0.39306659038932956,10,520X18,485.0,4.066693783555845,4.066693783555845,520
NH1928,J,788,5,2.5245502537879165,2.917616844177246,-0.39306659038932956,0.39306659038932956,11,340X57,-1.0,-3.8332308058043054,3.8332308058043054,340
NH1928,J,788,5,2.5245502537879165,2.917616844177246,-0.39306659038932956,0.39306659038932956,12,330X537,1.978,-3.73888264320543,3.73888264320543,330
NH1928,J,788,5,2.5245502537879165,2.917616844177246,-0.39306659038932956,0.39306659038932956,13,330X527,2.023,-3.733928250873517,3.733928250873517,330
NH1928,J,788,5,2.5245502537879165,2.917616844177246,-0.39306659038932956,0.39306659038932956,14,330X1150,4.6,-3.7330963068163188,3.7330963068163188,330
NH1928,J,788,5,2.5245502537879165,2.917616844177246,-0.39306659038932956,0.39306659038932956,15,330X1147,4.6,-3.7291341547034373,3.7291341547034373,330
NH1928,J,788,5,2.5245502537879165,2.917616844177246,-0.39306659038932956,0.39306659038932956,16,330X546,2.004,-3.726159677805742,3.726159677805742,330
NH1928,J,788,5,2.5245502537879165,2.917616844177246,-0.39306659038932956,0.39306659038932956,17,330X1153,4.6,-3.725391944307939,3.725391944307939,330
NH1928,J,788,5,2.5245502537879165,2.917616844177246,-0.39306659038932956,0.39306659038932956,18,520X262,12.4,-3.722270346100399,3.722270346100399,520
NH1928,J,788,5,2.5245502537879165,2.917616844177246,-0.39306659038932956,0.39306659038932956,19,312X239,20.0,3.6360802431082377,3.6360802431082377,312
NH1928,J,788,5,2.5245502537879165,2.917616844177246,-0.39306659038932956,0.39306659038932956,20,520X16,485.0,3.625887296937535,3.625887296937535,520
NH1928,J,788,5,2.5245502537879165,2.917616844177246,-0.39306659038932956,0.39306659038932956,21,340X109,32194.0,-3.608384494396605,3.608384494396605,340
NH1928,J,788,5,2.5245502537879165,2.917616844177246,-0.39306659038932956,0.39306659038932956,22,520X259,12.5,-3.5702885809001574,3.5702885809001574,520
NH1928,J,788,5,2.5245502537879165,2.917616844177246,-0.39306659038932956,0.39306659038932956,23,330X933,166.3,-3.562642368786844,3.562642368786844,330
NH1928,J,788,5,2.5245502537879165,2.917616844177246,-0.39306659038932956,0.39306659038932956,24,330X930,166.3,-3.558638130998404,3.558638130998404,330
NH1928,J,788,5,2.5245502537879165,2.917616844177246,-0.39306659038932956,0.39306659038932956,25,330X936,166.3,-3.552504099804765,3.552504099804765,330
NH1928,J,788,5,2.5245502537879165,2.917616844177246,-0.39306659038932956,0.39306659038932956,26,520X17,486.0,3.5339806123548287,3.5339806123548287,520
NH1928,J,788,5,2.5245502537879165,2.917616844177246,-0.39306659038932956,0.39306659038932956,27,330X923,18.4,-3.471737352579523,3.471737352579523,330
NH1928,J,788,5,2.5245502537879165,2.917616844177246,-0.39306659038932956,0.39306659038932956,28,344X163,44.0,3.466147719304913,3.466147719304913,344
NH1928,J,788,5,2.5245502537879165,2.917616844177246,-0.39306659038932956,0.39306659038932956,29,520X261,12.2,-3.4431807715827976,3.4431807715827976,520
NH1928,J,788,5,2.5245502537879165,2.917616844177246,-0.39306659038932956,0.39306659038932956,30,210X65,0.009,3.4100048963220373,3.4100048963220373,210
NH1665,L,585,3,2.4984651515149996,2.869434118270874,-0.37096896675587443,0.37096896675587443,1,220X6,-1.915973,-11.041687179986623,11.041687179986623,220
NH1665,L,585,3,2.4984651515149996,2.869434118270874,-0.37096896675587443,0.37096896675587443,2,220X5,-3.840137,-10.540811511137967,10.540811511137967,220
NH1665,L,585,3,2.4984651515149996,2.869434118270874,-0.37096896675587443,0.37096896675587443,3,220X12,-4.786002,-9.033548577287698,9.033548577287698,220
NH1665,L,585,3,2.4984651515149996,2.869434118270874,-0.37096896675587443,0.37096896675587443,4,520X376,6.3,-8.097291759373288,8.097291759373288,520
NH1665,L,585,3,2.4984651515149996,2.869434118270874,-0.37096896675587443,0.37096896675587443,5,220X13,-3.142442,-7.382870716834488,7.382870716834488,220
NH1665,L,585,3,2.4984651515149996,2.869434118270874,-0.37096896675587443,0.37096896675587443,6,310X6,-4.575146,-5.755165002138998,5.755165002138998,310
NH1665,L,585,3,2.4984651515149996,2.869434118270874,-0.37096896675587443,0.37096896675587443,7,310X5,-5.358714,-5.268739171437209,5.268739171437209,310
NH1665,L,585,3,2.4984651515149996,2.869434118270874,-0.37096896675587443,0.37096896675587443,8,310X107,5.276876,5.047745314654325,5.047745314654325,310
NH1665,L,585,3,2.4984651515149996,2.869434118270874,-0.37096896675587443,0.37096896675587443,9,310X13,-4.471103,-4.997447183641762,4.997447183641762,310
NH1665,L,585,3,2.4984651515149996,2.869434118270874,-0.37096896675587443,0.37096896675587443,10,310X12,-5.543905,-4.56446420843766,4.56446420843766,310
NH1665,L,585,3,2.4984651515149996,2.869434118270874,-0.37096896675587443,0.37096896675587443,11,220X122,6.173476,4.368970373391295,4.368970373391295,220
NH1665,L,585,3,2.4984651515149996,2.869434118270874,-0.37096896675587443,0.37096896675587443,12,340X108,46071.0,4.368165213257902,4.368165213257902,340
NH1665,L,585,3,2.4984651515149996,2.869434118270874,-0.37096896675587443,0.37096896675587443,13,310X162,0.232323,3.948736849872015,3.948736849872015,310
NH1665,L,585,3,2.4984651515149996,2.869434118270874,-0.37096896675587443,0.37096896675587443,14,340X57,-1.0,-3.8332308058043054,3.8332308058043054,340
NH1665,L,585,3,2.4984651515149996,2.869434118270874,-0.37096896675587443,0.37096896675587443,15,310X103,5.113209,3.7849088256790284,3.7849088256790284,310
NH1665,L,585,3,2.4984651515149996,2.869434118270874,-0.37096896675587443,0.37096896675587443,16,340X109,31995.0,-3.6588089190045308,3.6588089190045308,340
NH1665,L,585,3,2.4984651515149996,2.869434118270874,-0.37096896675587443,0.37096896675587443,17,750X1337,5.38,3.3007429633776773,3.3007429633776773,750
NH1665,L,585,3,2.4984651515149996,2.869434118270874,-0.37096896675587443,0.37096896675587443,18,750X1321,5.49,3.2619862833090196,3.2619862833090196,750
NH1665,L,585,3,2.4984651515149996,2.869434118270874,-0.37096896675587443,0.37096896675587443,19,750X1329,44.7,3.2594107107154504,3.2594107107154504,750
NH1665,L,585,3,2.4984651515149996,2.869434118270874,-0.37096896675587443,0.37096896675587443,20,750X1313,44.5,3.2580352241476866,3.2580352241476866,750
NH1665,L,585,3,2.4984651515149996,2.869434118270874,-0.37096896675587443,0.37096896675587443,21,420X153,0.1,3.252992375327935,3.252992375327935,420
NH1665,L,585,3,2.4984651515149996,2.869434118270874,-0.37096896675587443,0.37096896675587443,22,310X99,4.7741,3.146985147781248,3.146985147781248,310
NH1665,L,585,3,2.4984651515149996,2.869434118270874,-0.37096896675587443,0.37096896675587443,23,310X31,13.087,-3.0988526169047454,3.0988526169047454,310
NH1665,L,585,3,2.4984651515149996,2.869434118270874,-0.37096896675587443,0.37096896675587443,24,340X49,3.0,3.032229537702678,3.032229537702678,340
NH1665,L,585,3,2.4984651515149996,2.869434118270874,-0.37096896675587443,0.37096896675587443,25,310X206,34.0,3.021881263909201,3.021881263909201,310
NH1665,L,585,3,2.4984651515149996,2.869434118270874,-0.37096896675587443,0.37096896675587443,26,340X31,3085.0,2.9981324123056563,2.9981324123056563,340
NH1665,L,585,3,2.4984651515149996,2.869434118270874,-0.37096896675587443,0.37096896675587443,27,340X192,92.0,2.996395690486084,2.996395690486084,340
NH1665,L,585,3,2.4984651515149996,2.869434118270874,-0.37096896675587443,0.37096896675587443,28,340X3,103.0,-2.9418029101359284,2.9418029101359284,340
NH1665,L,585,3,2.4984651515149996,2.869434118270874,-0.37096896675587443,0.37096896675587443,29,220X204,-0.006092,-2.8733563981754475,2.8733563981754475,220
NH1665,L,585,3,2.4984651515149996,2.869434118270874,-0.37096896675587443,0.37096896675587443,30,310X121,-3.463488,-2.8480646525595095,2.8480646525595095,310
NH1321,M,292,2,2.472396916666667,2.7955565452575684,-0.3231596285909015,0.3231596285909015,1,312X448,9.8,-3.500207033214266,3.500207033214266,312
NH1321,M,292,2,2.472396916666667,2.7955565452575684,-0.3231596285909015,0.3231596285909015,2,220X204,-0.007416,-3.148488779169482,3.148488779169482,220
NH1321,M,292,2,2.472396916666667,2.7955565452575684,-0.3231596285909015,0.3231596285909015,3,360X1,2.1,-3.0495548143527498,3.0495548143527498,360
NH1321,M,292,2,2.472396916666667,2.7955565452575684,-0.3231596285909015,0.3231596285909015,4,312X171,37.8,-3.047340030500695,3.047340030500695,312
NH1321,M,292,2,2.472396916666667,2.7955565452575684,-0.3231596285909015,0.3231596285909015,5,344X44,111.4,2.8199433574180652,2.8199433574180652,344
NH1321,M,292,2,2.472396916666667,2.7955565452575684,-0.3231596285909015,0.3231596285909015,6,344X39,111.5,2.8041492200144362,2.8041492200144362,344
NH1321,M,292,2,2.472396916666667,2.7955565452575684,-0.3231596285909015,0.3231596285909015,7,344X41,112.0,2.7371345108557454,2.7371345108557454,344
NH1321,M,292,2,2.472396916666667,2.7955565452575684,-0.3231596285909015,0.3231596285909015,8,344X43,111.4,2.715120683327273,2.715120683327273,344
NH1321,M,292,2,2.472396916666667,2.7955565452575684,-0.3231596285909015,0.3231596285909015,9,310X22,-0.539,-2.7098056928263934,2.7098056928263934,310
NH1321,M,292,2,2.472396916666667,2.7955565452575684,-0.3231596285909015,0.3231596285909015,10,400X124,20.5,2.576103115493019,2.576103115493019,400
NH1321,M,292,2,2.472396916666667,2.7955565452575684,-0.3231596285909015,0.3231596285909015,11,310X15,-0.1608,-2.4514730398505487,2.4514730398505487,310
NH1321,M,292,2,2.472396916666667,2.7955565452575684,-0.3231596285909015,0.3231596285909015,12,220X169,0.526913,2.4156728249887727,2.4156728249887727,220
NH1321,M,292,2,2.472396916666667,2.7955565452575684,-0.3231596285909015,0.3231596285909015,13,220X216,-0.062,-2.409134335892703,2.409134335892703,220
NH1321,M,292,2,2.472396916666667,2.7955565452575684,-0.3231596285909015,0.3231596285909015,14,312X220,53.8,2.408572330583642,2.408572330583642,312
NH1321,M,292,2,2.472396916666667,2.7955565452575684,-0.3231596285909015,0.3231596285909015,15,210X209,0.0,-2.3750981461058758,2.3750981461058758,210
NH1321,M,292,2,2.472396916666667,2.7955565452575684,-0.3231596285909015,0.3231596285909015,16,210X1,0.0,-2.359409944557311,2.359409944557311,210
NH1321,M,292,2,2.472396916666667,2.7955565452575684,-0.3231596285909015,0.3231596285909015,17,312X166,38.3,-2.3417353559141465,2.3417353559141465,312
NH1321,M,292,2,2.472396916666667,2.7955565452575684,-0.3231596285909015,0.3231596285909015,18,220X186,0.034798,-2.2891545484821196,2.2891545484821196,220
NH1321,M,292,2,2.472396916666667,2.7955565452575684,-0.3231596285909015,0.3231596285909015,19,310X24,-0.1608,-2.280896144297315,2.280896144297315,310
NH1321,M,292,2,2.472396916666667,2.7955565452575684,-0.3231596285909015,0.3231596285909015,20,220X173,0.168821,2.2768205332702096,2.2768205332702096,220
NH1321,M,292,2,2.472396916666667,2.7955565452575684,-0.3231596285909015,0.3231596285909015,21,312X55,231.0,2.268500840841383,2.268500840841383,312
NH1321,M,292,2,2.472396916666667,2.7955565452575684,-0.3231596285909015,0.3231596285909015,22,210X39,0.0,-2.218110344881983,2.218110344881983,210
NH1321,M,292,2,2.472396916666667,2.7955565452575684,-0.3231596285909015,0.3231596285909015,23,344X146,25520.0,-2.216732611517101,2.216732611517101,344
NH1321,M,292,2,2.472396916666667,2.7955565452575684,-0.3231596285909015,0.3231596285909015,24,210X5,0.0,-2.1935736611988026,2.1935736611988026,210
NH1321,M,292,2,2.472396916666667,2.7955565452575684,-0.3231596285909015,0.3231596285909015,25,210X182,0.21,2.184229137220557,2.184229137220557,210
NH1321,M,292,2,2.472396916666667,2.7955565452575684,-0.3231596285909015,0.3231596285909015,26,311X53,491.0,2.1274973031412285,2.1274973031412285,311
NH1321,M,292,2,2.472396916666667,2.7955565452575684,-0.3231596285909015,0.3231596285909015,27,210X180,0.205,2.1009044079299803,2.1009044079299803,210
NH1321,M,292,2,2.472396916666667,2.7955565452575684,-0.3231596285909015,0.3231596285909015,28,311X31,302.0,2.0984553243896378,2.0984553243896378,311
NH1321,M,292,2,2.472396916666667,2.7955565452575684,-0.3231596285909015,0.3231596285909015,29,210X183,0.195,2.077531995973887,2.077531995973887,210
NH1321,M,292,2,2.472396916666667,2.7955565452575684,-0.3231596285909015,0.3231596285909015,30,312X210,47.3,2.075197910959499,2.075197910959499,312
NH1569,J,515,1,3.258172492424584,2.9370834827423096,0.3210890096822743,0.3210890096822743,1,312X341,-1.0,-5.506326460857923,5.506326460857923,312
NH1569,J,515,1,3.258172492424584,2.9370834827423096,0.3210890096822743,0.3210890096822743,2,520X8,57.0,-3.7240325367382883,3.7240325367382883,520
NH1569,J,515,1,3.258172492424584,2.9370834827423096,0.3210890096822743,0.3210890096822743,3,420X23,90.2,3.619604245775526,3.619604245775526,420
NH1569,J,515,1,3.258172492424584,2.9370834827423096,0.3210890096822743,0.3210890096822743,4,310X152,-0.265508,-3.564028915136108,3.564028915136108,310
NH1569,J,515,1,3.258172492424584,2.9370834827423096,0.3210890096822743,0.3210890096822743,5,420X21,90.3,3.4516320503321616,3.4516320503321616,420
NH1569,J,515,1,3.258172492424584,2.9370834827423096,0.3210890096822743,0.3210890096822743,6,520X399,20.0,3.138835993702459,3.138835993702459,520
NH1569,J,515,1,3.258172492424584,2.9370834827423096,0.3210890096822743,0.3210890096822743,7,520X394,14.32,-3.1226693056736927,3.1226693056736927,520
NH1569,J,515,1,3.258172492424584,2.9370834827423096,0.3210890096822743,0.3210890096822743,8,312X340,-1.0,-3.0900335099768603,3.0900335099768603,312
NH1569,J,515,1,3.258172492424584,2.9370834827423096,0.3210890096822743,0.3210890096822743,9,520X297,9.7,2.6641463079274463,2.6641463079274463,520
NH1569,J,515,1,3.258172492424584,2.9370834827423096,0.3210890096822743,0.3210890096822743,10,520X393,14.32,-2.611834690679411,2.611834690679411,520
NH1569,J,515,1,3.258172492424584,2.9370834827423096,0.3210890096822743,0.3210890096822743,11,312X586,3000.0,2.598880650642741,2.598880650642741,312
NH1569,J,515,1,3.258172492424584,2.9370834827423096,0.3210890096822743,0.3210890096822743,12,520X392,14.32,-2.589124401856165,2.589124401856165,520
NH1569,J,515,1,3.258172492424584,2.9370834827423096,0.3210890096822743,0.3210890096822743,13,520X396,14.32,-2.576682117552555,2.576682117552555,520
NH1569,J,515,1,3.258172492424584,2.9370834827423096,0.3210890096822743,0.3210890096822743,14,310X32,11.725,-2.5716347445760905,2.5716347445760905,310
NH1569,J,515,1,3.258172492424584,2.9370834827423096,0.3210890096822743,0.3210890096822743,15,220X176,0.143802,2.5320340144283575,2.5320340144283575,220
NH1569,J,515,1,3.258172492424584,2.9370834827423096,0.3210890096822743,0.3210890096822743,16,520X395,14.32,-2.454028470175652,2.454028470175652,520
NH1569,J,515,1,3.258172492424584,2.9370834827423096,0.3210890096822743,0.3210890096822743,17,220X54,-451.0,-2.3498016014886187,2.3498016014886187,220
NH1569,J,515,1,3.258172492424584,2.9370834827423096,0.3210890096822743,0.3210890096822743,18,210X28,0.002,-2.342847770748871,2.342847770748871,210
NH1569,J,515,1,3.258172492424584,2.9370834827423096,0.3210890096822743,0.3210890096822743,19,520X397,14.36,-2.3270188427757676,2.3270188427757676,520
NH1569,J,515,1,3.258172492424584,2.9370834827423096,0.3210890096822743,0.3210890096822743,20,520X6,125.0,-2.305888160447369,2.305888160447369,520
NH1569,J,515,1,3.258172492424584,2.9370834827423096,0.3210890096822743,0.3210890096822743,21,520X295,9.7,2.2623783543758345,2.2623783543758345,520
NH1569,J,515,1,3.258172492424584,2.9370834827423096,0.3210890096822743,0.3210890096822743,22,420X136,-0.1,-2.2505472887040736,2.2505472887040736,420
NH1569,J,515,1,3.258172492424584,2.9370834827423096,0.3210890096822743,0.3210890096822743,23,210X105,1.5,2.217133373878963,2.217133373878963,210
NH1569,J,515,1,3.258172492424584,2.9370834827423096,0.3210890096822743,0.3210890096822743,24,210X191,0.22,2.1923807122413965,2.1923807122413965,210
NH1569,J,515,1,3.258172492424584,2.9370834827423096,0.3210890096822743,0.3210890096822743,25,311X30,300.0,-2.1339412864657303,2.1339412864657303,311
NH1569,J,515,1,3.258172492424584,2.9370834827423096,0.3210890096822743,0.3210890096822743,26,520X294,9.6,2.0543122586119127,2.0543122586119127,520
NH1569,J,515,1,3.258172492424584,2.9370834827423096,0.3210890096822743,0.3210890096822743,27,312X456,3000.0,2.049238251918396,2.049238251918396,312
NH1569,J,515,1,3.258172492424584,2.9370834827423096,0.3210890096822743,0.3210890096822743,28,312X283,1130.0,2.0341902262832927,2.0341902262832927,312
NH1569,J,515,1,3.258172492424584,2.9370834827423096,0.3210890096822743,0.3210890096822743,29,420X14,15.4,2.0319988293513944,2.0319988293513944,420
NH1569,J,515,1,3.258172492424584,2.9370834827423096,0.3210890096822743,0.3210890096822743,30,520X296,9.6,2.025888476478018,2.025888476478018,520
NH1231,M,219,4,2.6904530774407402,2.9987919330596924,-0.30833885561895213,0.30833885561895213,1,330X552,33.57,-19.163508231126226,19.163508231126226,330
NH1231,M,219,4,2.6904530774407402,2.9987919330596924,-0.30833885561895213,0.30833885561895213,2,330X559,33.53,-18.878569800242857,18.878569800242857,330
NH1231,M,219,4,2.6904530774407402,2.9987919330596924,-0.30833885561895213,0.30833885561895213,3,330X544,33.16,-18.447270878371867,18.447270878371867,330
NH1231,M,219,4,2.6904530774407402,2.9987919330596924,-0.30833885561895213,0.30833885561895213,4,330X525,33.18,-17.661990445572144,17.661990445572144,330
NH1231,M,219,4,2.6904530774407402,2.9987919330596924,-0.30833885561895213,0.30833885561895213,5,330X535,32.91,-16.960083948814404,16.960083948814404,330
NH1231,M,219,4,2.6904530774407402,2.9987919330596924,-0.30833885561895213,0.30833885561895213,6,330X566,39.15,-16.67516902657877,16.67516902657877,330
NH1231,M,219,4,2.6904530774407402,2.9987919330596924,-0.30833885561895213,0.30833885561895213,7,330X508,33.2,-16.6429511672839,16.6429511672839,330
NH1231,M,219,4,2.6904530774407402,2.9987919330596924,-0.30833885561895213,0.30833885561895213,8,330X488,33.23,-16.26968692827015,16.26968692827015,330
NH1231,M,219,4,2.6904530774407402,2.9987919330596924,-0.30833885561895213,0.30833885561895213,9,330X498,33.14,-16.15696556949381,16.15696556949381,330
NH1231,M,219,4,2.6904530774407402,2.9987919330596924,-0.30833885561895213,0.30833885561895213,10,330X615,55.2,-14.7302850238425,14.7302850238425,330
NH1231,M,219,4,2.6904530774407402,2.9987919330596924,-0.30833885561895213,0.30833885561895213,11,330X573,39.44,-14.213772078970454,14.213772078970454,330
NH1231,M,219,4,2.6904530774407402,2.9987919330596924,-0.30833885561895213,0.30833885561895213,12,330X608,55.11,-14.16487508828805,14.16487508828805,330
NH1231,M,219,4,2.6904530774407402,2.9987919330596924,-0.30833885561895213,0.30833885561895213,13,330X601,54.08,-13.609976131387134,13.609976131387134,330
NH1231,M,219,4,2.6904530774407402,2.9987919330596924,-0.30833885561895213,0.30833885561895213,14,330X516,53.73,-12.575945967052633,12.575945967052633,330
NH1231,M,219,4,2.6904530774407402,2.9987919330596924,-0.30833885561895213,0.30833885561895213,15,330X409,51.98,-11.999787378435784,11.999787378435784,330
NH1231,M,219,4,2.6904530774407402,2.9987919330596924,-0.30833885561895213,0.30833885561895213,16,330X580,41.34,-11.465502602885275,11.465502602885275,330
NH1231,M,219,4,2.6904530774407402,2.9987919330596924,-0.30833885561895213,0.30833885561895213,17,330X622,67.62,-11.433731293248512,11.433731293248512,330
NH1231,M,219,4,2.6904530774407402,2.9987919330596924,-0.30833885561895213,0.30833885561895213,18,330X302,49.6,-11.10841552593268,11.10841552593268,330
NH1231,M,219,4,2.6904530774407402,2.9987919330596924,-0.30833885561895213,0.30833885561895213,19,330X111,68.73,-11.085556297192257,11.085556297192257,330
NH1231,M,219,4,2.6904530774407402,2.9987919330596924,-0.30833885561895213,0.30833885561895213,20,330X204,67.5,-11.052471281111268,11.052471281111268,330
NH1231,M,219,4,2.6904530774407402,2.9987919330596924,-0.30833885561895213,0.30833885561895213,21,330X438,66.06,-10.846084388530835,10.846084388530835,330
NH1231,M,219,4,2.6904530774407402,2.9987919330596924,-0.30833885561895213,0.30833885561895213,22,330X214,64.55,-10.79625593919914,10.79625593919914,330
NH1231,M,219,4,2.6904530774407402,2.9987919330596924,-0.30833885561895213,0.30833885561895213,23,330X185,67.59,-10.767001065629495,10.767001065629495,330
NH1231,M,219,4,2.6904530774407402,2.9987919330596924,-0.30833885561895213,0.30833885561895213,24,330X448,66.02,-10.705876314816665,10.705876314816665,330
NH1231,M,219,4,2.6904530774407402,2.9987919330596924,-0.30833885561895213,0.30833885561895213,25,330X165,68.33,-10.566426072522905,10.566426072522905,330
NH1231,M,219,4,2.6904530774407402,2.9987919330596924,-0.30833885561895213,0.30833885561895213,26,330X428,66.19,-10.52456099799485,10.52456099799485,330
NH1231,M,219,4,2.6904530774407402,2.9987919330596924,-0.30833885561895213,0.30833885561895213,27,330X175,68.04,-10.49443221813093,10.49443221813093,330
NH1231,M,219,4,2.6904530774407402,2.9987919330596924,-0.30833885561895213,0.30833885561895213,28,330X224,65.0,-10.404851562931915,10.404851562931915,330
NH1231,M,219,4,2.6904530774407402,2.9987919330596924,-0.30833885561895213,0.30833885561895213,29,330X234,66.13,-10.067879461613048,10.067879461613048,330
NH1231,M,219,4,2.6904530774407402,2.9987919330596924,-0.30833885561895213,0.30833885561895213,30,330X146,69.6,-10.00608949655253,10.00608949655253,330
NH1857,J,722,5,2.542369007576389,2.848600387573242,-0.306231379996853,0.306231379996853,1,440AX210,101.0,6.134289391105587,6.134289391105587,UNKNOWN
NH1857,J,722,5,2.542369007576389,2.848600387573242,-0.306231379996853,0.306231379996853,2,440AX148,582.6,3.6169887488014165,3.6169887488014165,UNKNOWN
NH1857,J,722,5,2.542369007576389,2.848600387573242,-0.306231379996853,0.306231379996853,3,440AX146,590.2,3.2031872633068517,3.2031872633068517,UNKNOWN
NH1857,J,722,5,2.542369007576389,2.848600387573242,-0.306231379996853,0.306231379996853,4,360X1267,3.94,-3.197777000442882,3.197777000442882,360
NH1857,J,722,5,2.542369007576389,2.848600387573242,-0.306231379996853,0.306231379996853,5,360X785,0.1,-3.1139485979722714,3.1139485979722714,360
NH1857,J,722,5,2.542369007576389,2.848600387573242,-0.306231379996853,0.306231379996853,6,360X829,45.8,3.0849494587231887,3.0849494587231887,360
NH1857,J,722,5,2.542369007576389,2.848600387573242,-0.306231379996853,0.306231379996853,7,360X796,5.1,-3.0843757670495098,3.0843757670495098,360
NH1857,J,722,5,2.542369007576389,2.848600387573242,-0.306231379996853,0.306231379996853,8,360X434,32.2,-3.056232202999679,3.056232202999679,360
NH1857,J,722,5,2.542369007576389,2.848600387573242,-0.306231379996853,0.306231379996853,9,360X401,3.33,-2.992690881050195,2.992690881050195,360
NH1857,J,722,5,2.542369007576389,2.848600387573242,-0.306231379996853,0.306231379996853,10,360X704,-100.1,-2.920874961176958,2.920874961176958,360
NH1857,J,722,5,2.542369007576389,2.848600387573242,-0.306231379996853,0.306231379996853,11,360X611,4.06,-2.7388858574201747,2.7388858574201747,360
NH1857,J,722,5,2.542369007576389,2.848600387573242,-0.306231379996853,0.306231379996853,12,311X105,0.0,-2.683019730822983,2.683019730822983,311
NH1857,J,722,5,2.542369007576389,2.848600387573242,-0.306231379996853,0.306231379996853,13,360X475,0.5,2.5721275013108698,2.5721275013108698,360
NH1857,J,722,5,2.542369007576389,2.848600387573242,-0.306231379996853,0.306231379996853,14,210X76,0.002,2.52359068196889,2.52359068196889,210
NH1857,J,722,5,2.542369007576389,2.848600387573242,-0.306231379996853,0.306231379996853,15,360X582,0.614,-2.4310859270632195,2.4310859270632195,360
NH1857,J,722,5,2.542369007576389,2.848600387573242,-0.306231379996853,0.306231379996853,16,311X145,-0.2,-2.4243353011670834,2.4243353011670834,311
NH1857,J,722,5,2.542369007576389,2.848600387573242,-0.306231379996853,0.306231379996853,17,340X73,1197.0,-2.420759850785877,2.420759850785877,340
NH1857,J,722,5,2.542369007576389,2.848600387573242,-0.306231379996853,0.306231379996853,18,360X1356,0.0,2.4198707634299734,2.4198707634299734,360
NH1857,J,722,5,2.542369007576389,2.848600387573242,-0.306231379996853,0.306231379996853,19,360X1364,0.14,-2.3925985228424196,2.3925985228424196,360
NH1857,J,722,5,2.542369007576389,2.848600387573242,-0.306231379996853,0.306231379996853,20,311X149,-0.2,-2.352292584452814,2.352292584452814,311
NH1857,J,722,5,2.542369007576389,2.848600387573242,-0.306231379996853,0.306231379996853,21,312X166,38.3,-2.3417353559141465,2.3417353559141465,312
NH1857,J,722,5,2.542369007576389,2.848600387573242,-0.306231379996853,0.306231379996853,22,400X200,6.35,-2.334502750945979,2.334502750945979,400
NH1857,J,722,5,2.542369007576389,2.848600387573242,-0.306231379996853,0.306231379996853,23,344X37,110.3,2.2797083724158433,2.2797083724158433,344
NH1857,J,722,5,2.542369007576389,2.848600387573242,-0.306231379996853,0.306231379996853,24,310X148,-0.31796,-2.2790821642681163,2.2790821642681163,310
NH1857,J,722,5,2.542369007576389,2.848600387573242,-0.306231379996853,0.306231379996853,25,310X179,0.055561,2.243481409480136,2.243481409480136,310
NH1857,J,722,5,2.542369007576389,2.848600387573242,-0.306231379996853,0.306231379996853,26,360X1006,158.8,-2.2396762604330718,2.2396762604330718,360
NH1857,J,722,5,2.542369007576389,2.848600387573242,-0.306231379996853,0.306231379996853,27,360X696,0.15,2.2180498115864062,2.2180498115864062,360
NH1857,J,722,5,2.542369007576389,2.848600387573242,-0.306231379996853,0.306231379996853,28,312X693,3008.6,-2.165740196414051,2.165740196414051,312
NH1857,J,722,5,2.542369007576389,2.848600387573242,-0.306231379996853,0.306231379996853,29,344X35,111.1,2.141909919725582,2.141909919725582,344
NH1857,J,722,5,2.542369007576389,2.848600387573242,-0.306231379996853,0.306231379996853,30,360X1201,3.95,-2.136502171762044,2.136502171762044,360
NH1085,L,110,1,3.1800548977274996,2.878791332244873,0.30126356548262656,0.30126356548262656,1,360X327,33.65,-4.055209650564142,4.055209650564142,360
NH1085,L,110,1,3.1800548977274996,2.878791332244873,0.30126356548262656,0.30126356548262656,2,360X115,35.04,-3.999105548613625,3.999105548613625,360
NH1085,L,110,1,3.1800548977274996,2.878791332244873,0.30126356548262656,0.30126356548262656,3,360X109,0.78,-3.817943748845335,3.817943748845335,360
NH1085,L,110,1,3.1800548977274996,2.878791332244873,0.30126356548262656,0.30126356548262656,4,750X111,4.079,3.685683641043604,3.685683641043604,750
NH1085,L,110,1,3.1800548977274996,2.878791332244873,0.30126356548262656,0.30126356548262656,5,360X659,0.94,-3.5498932741483142,3.5498932741483142,360
NH1085,L,110,1,3.1800548977274996,2.878791332244873,0.30126356548262656,0.30126356548262656,6,750X335,0.73,-3.436181596296756,3.436181596296756,750
NH1085,L,110,1,3.1800548977274996,2.878791332244873,0.30126356548262656,0.30126356548262656,7,311X105,0.2,3.342405935855751,3.342405935855751,311
NH1085,L,110,1,3.1800548977274996,2.878791332244873,0.30126356548262656,0.30126356548262656,8,750X368,26.58,-3.2689706712596798,3.2689706712596798,750
NH1085,L,110,1,3.1800548977274996,2.878791332244873,0.30126356548262656,0.30126356548262656,9,750X211,4.225,3.2584239195912432,3.2584239195912432,750
NH1085,L,110,1,3.1800548977274996,2.878791332244873,0.30126356548262656,0.30126356548262656,10,312X97,10.0,3.1804853481405946,3.1804853481405946,312
NH1085,L,110,1,3.1800548977274996,2.878791332244873,0.30126356548262656,0.30126356548262656,11,750X329,4.199,3.1675105582519953,3.1675105582519953,750
NH1085,L,110,1,3.1800548977274996,2.878791332244873,0.30126356548262656,0.30126356548262656,12,340X140,315.0,2.8365843657930996,2.8365843657930996,340
NH1085,L,110,1,3.1800548977274996,2.878791332244873,0.30126356548262656,0.30126356548262656,13,340X138,316.0,2.710650541287515,2.710650541287515,340
NH1085,L,110,1,3.1800548977274996,2.878791332244873,0.30126356548262656,0.30126356548262656,14,750X109,2.07,-2.6760288210913292,2.6760288210913292,750
NH1085,L,110,1,3.1800548977274996,2.878791332244873,0.30126356548262656,0.30126356548262656,15,340X139,318.0,2.656869925582903,2.656869925582903,340
NH1085,L,110,1,3.1800548977274996,2.878791332244873,0.30126356548262656,0.30126356548262656,16,750X434,20.0,-2.644852655784642,2.644852655784642,750
NH1085,L,110,1,3.1800548977274996,2.878791332244873,0.30126356548262656,0.30126356548262656,17,400X151,0.0,2.5711425105434755,2.5711425105434755,400
NH1085,L,110,1,3.1800548977274996,2.878791332244873,0.30126356548262656,0.30126356548262656,18,750X327,54.56,-2.5568641211131524,2.5568641211131524,750
NH1085,L,110,1,3.1800548977274996,2.878791332244873,0.30126356548262656,0.30126356548262656,19,520X176,6085.0,2.5333740532815607,2.5333740532815607,520
NH1085,L,110,1,3.1800548977274996,2.878791332244873,0.30126356548262656,0.30126356548262656,20,330X66,49.9,2.5161780339110162,2.5161780339110162,330
NH1085,L,110,1,3.1800548977274996,2.878791332244873,0.30126356548262656,0.30126356548262656,21,330X76,49.8,2.5160374839768966,2.5160374839768966,330
NH1085,L,110,1,3.1800548977274996,2.878791332244873,0.30126356548262656,0.30126356548262656,22,330X63,49.9,2.5155253898142957,2.5155253898142957,330
NH1085,L,110,1,3.1800548977274996,2.878791332244873,0.30126356548262656,0.30126356548262656,23,330X73,49.8,2.515517616332336,2.515517616332336,330
NH1085,L,110,1,3.1800548977274996,2.878791332244873,0.30126356548262656,0.30126356548262656,24,330X79,49.8,2.511165407611071,2.511165407611071,330
NH1085,L,110,1,3.1800548977274996,2.878791332244873,0.30126356548262656,0.30126356548262656,25,330X69,49.9,2.5103725510303554,2.5103725510303554,330
NH1085,L,110,1,3.1800548977274996,2.878791332244873,0.30126356548262656,0.30126356548262656,26,750X157,4.167,2.50954181726538,2.50954181726538,750
NH1085,L,110,1,3.1800548977274996,2.878791332244873,0.30126356548262656,0.30126356548262656,27,311X147,0.0,2.5078097916628326,2.5078097916628326,311
NH1085,L,110,1,3.1800548977274996,2.878791332244873,0.30126356548262656,0.30126356548262656,28,750X47,0.23,2.4853911828026884,2.4853911828026884,750
NH1085,L,110,1,3.1800548977274996,2.878791332244873,0.30126356548262656,0.30126356548262656,29,210X188,29245.1,2.366927223115654,2.366927223115654,210
NH1085,L,110,1,3.1800548977274996,2.878791332244873,0.30126356548262656,0.30126356548262656,30,750X702,61.48,-2.357279613820487,2.357279613820487,750
NH1848,O,715,1,2.5659426136366656,2.8459954261779785,-0.28005281254131287,0.28005281254131287,1,340X143,15009.0,4.417463810642048,4.417463810642048,340
NH1848,O,715,1,2.5659426136366656,2.8459954261779785,-0.28005281254131287,0.28005281254131287,2,420X28,9999.0,4.172724386675407,4.172724386675407,420
NH1848,O,715,1,2.5659426136366656,2.8459954261779785,-0.28005281254131287,0.28005281254131287,3,420X40,24.0,3.5403871323255705,3.5403871323255705,420
NH1848,O,715,1,2.5659426136366656,2.8459954261779785,-0.28005281254131287,0.28005281254131287,4,750X1329,44.8,3.30723333462324,3.30723333462324,750
NH1848,O,715,1,2.5659426136366656,2.8459954261779785,-0.28005281254131287,0.28005281254131287,5,750X1337,5.37,3.2619386551482825,3.2619386551482825,750
NH1848,O,715,1,2.5659426136366656,2.8459954261779785,-0.28005281254131287,0.28005281254131287,6,750X1313,44.5,3.2580352241476866,3.2580352241476866,750
NH1848,O,715,1,2.5659426136366656,2.8459954261779785,-0.28005281254131287,0.28005281254131287,7,750X565,3.838,-3.2365814211288773,3.2365814211288773,750
NH1848,O,715,1,2.5659426136366656,2.8459954261779785,-0.28005281254131287,0.28005281254131287,8,750X1321,5.48,3.2236477488261257,3.2236477488261257,750
NH1848,O,715,1,2.5659426136366656,2.8459954261779785,-0.28005281254131287,0.28005281254131287,9,310X150,-0.299585,-3.0721890225188377,3.0721890225188377,310
NH1848,O,715,1,2.5659426136366656,2.8459954261779785,-0.28005281254131287,0.28005281254131287,10,420X213,5.6,-3.0123955855410314,3.0123955855410314,420
NH1848,O,715,1,2.5659426136366656,2.8459954261779785,-0.28005281254131287,0.28005281254131287,11,420X217,5.6,-3.001088874571789,3.001088874571789,420
NH1848,O,715,1,2.5659426136366656,2.8459954261779785,-0.28005281254131287,0.28005281254131287,12,420X215,5.61,-2.9960755334110276,2.9960755334110276,420
NH1848,O,715,1,2.5659426136366656,2.8459954261779785,-0.28005281254131287,0.28005281254131287,13,312X768,104.7,-2.9840395575633023,2.9840395575633023,312
NH1848,O,715,1,2.5659426136366656,2.8459954261779785,-0.28005281254131287,0.28005281254131287,14,420X214,5.6,-2.981217298700704,2.981217298700704,420
NH1848,O,715,1,2.5659426136366656,2.8459954261779785,-0.28005281254131287,0.28005281254131287,15,312X774,104.5,-2.9531233697900863,2.9531233697900863,312
NH1848,O,715,1,2.5659426136366656,2.8459954261779785,-0.28005281254131287,0.28005281254131287,16,312X456,2998.0,-2.918612055763659,2.918612055763659,312
NH1848,O,715,1,2.5659426136366656,2.8459954261779785,-0.28005281254131287,0.28005281254131287,17,312X762,104.7,-2.9075267035977608,2.9075267035977608,312
NH1848,O,715,1,2.5659426136366656,2.8459954261779785,-0.28005281254131287,0.28005281254131287,18,312X773,105.1,-2.7525164598534015,2.7525164598534015,312
NH1848,O,715,1,2.5659426136366656,2.8459954261779785,-0.28005281254131287,0.28005281254131287,19,312X761,105.4,-2.6604418177004,2.6604418177004,312
NH1848,O,715,1,2.5659426136366656,2.8459954261779785,-0.28005281254131287,0.28005281254131287,20,312X767,105.6,-2.63795046287214,2.63795046287214,312
NH1848,O,715,1,2.5659426136366656,2.8459954261779785,-0.28005281254131287,0.28005281254131287,21,750X661,3.899,-2.6169833220525227,2.6169833220525227,750
NH1848,O,715,1,2.5659426136366656,2.8459954261779785,-0.28005281254131287,0.28005281254131287,22,750X1383,150.0,2.5061815531092764,2.5061815531092764,750
NH1848,O,715,1,2.5659426136366656,2.8459954261779785,-0.28005281254131287,0.28005281254131287,23,750X80,100.1,2.4414313994266226,2.4414313994266226,750
NH1848,O,715,1,2.5659426136366656,2.8459954261779785,-0.28005281254131287,0.28005281254131287,24,311X145,-0.2,-2.4243353011670834,2.4243353011670834,311
NH1848,O,715,1,2.5659426136366656,2.8459954261779785,-0.28005281254131287,0.28005281254131287,25,420X211,33.4,-2.4120589946174644,2.4120589946174644,420
NH1848,O,715,1,2.5659426136366656,2.8459954261779785,-0.28005281254131287,0.28005281254131287,26,750X447,3.732,-2.398781429153874,2.398781429153874,750
NH1848,O,715,1,2.5659426136366656,2.8459954261779785,-0.28005281254131287,0.28005281254131287,27,310X148,-0.313663,-2.2599912333468177,2.2599912333468177,310
NH1848,O,715,1,2.5659426136366656,2.8459954261779785,-0.28005281254131287,0.28005281254131287,28,311X91,9.8,2.177984251558464,2.177984251558464,311
NH1848,O,715,1,2.5659426136366656,2.8459954261779785,-0.28005281254131287,0.28005281254131287,29,750X23,4.08,2.1538168942197484,2.1538168942197484,750
NH1848,O,715,1,2.5659426136366656,2.8459954261779785,-0.28005281254131287,0.28005281254131287,30,420X216,5.07,-2.1516136617468797,2.1516136617468797,420
NH1139,L,153,3,2.617799515150833,2.8942971229553223,-0.2764976078044894,0.2764976078044894,1,312X199,15.0,8.69235323896324,8.69235323896324,312
NH1139,L,153,3,2.617799515150833,2.8942971229553223,-0.2764976078044894,0.2764976078044894,2,340X109,29812.0,-4.211957255281428,4.211957255281428,340
NH1139,L,153,3,2.617799515150833,2.8942971229553223,-0.2764976078044894,0.2764976078044894,3,340X57,-1.0,-3.8332308058043054,3.8332308058043054,340
NH1139,L,153,3,2.617799515150833,2.8942971229553223,-0.2764976078044894,0.2764976078044894,4,340X108,43145.0,3.7407911314439075,3.7407911314439075,340
NH1139,L,153,3,2.617799515150833,2.8942971229553223,-0.2764976078044894,0.2764976078044894,5,312X580,3003.0,3.4745973624200466,3.4745973624200466,312
NH1139,L,153,3,2.617799515150833,2.8942971229553223,-0.2764976078044894,0.2764976078044894,6,340X49,3.0,3.032229537702678,3.032229537702678,340
NH1139,L,153,3,2.617799515150833,2.8942971229553223,-0.2764976078044894,0.2764976078044894,7,311X195,12.66,-3.008261399994915,3.008261399994915,311
NH1139,L,153,3,2.617799515150833,2.8942971229553223,-0.2764976078044894,0.2764976078044894,8,340X31,3085.0,2.9981324123056563,2.9981324123056563,340
NH1139,L,153,3,2.617799515150833,2.8942971229553223,-0.2764976078044894,0.2764976078044894,9,340X192,92.0,2.996395690486084,2.996395690486084,340
NH1139,L,153,3,2.617799515150833,2.8942971229553223,-0.2764976078044894,0.2764976078044894,10,340X3,103.0,-2.9418029101359284,2.9418029101359284,340
NH1139,L,153,3,2.617799515150833,2.8942971229553223,-0.2764976078044894,0.2764976078044894,11,340X53,2.0,2.8166059527521345,2.8166059527521345,340
NH1139,L,153,3,2.617799515150833,2.8942971229553223,-0.2764976078044894,0.2764976078044894,12,520X239,5.4,-2.814246527110197,2.814246527110197,520
NH1139,L,153,3,2.617799515150833,2.8942971229553223,-0.2764976078044894,0.2764976078044894,13,520X159,33.3,2.7176300423196458,2.7176300423196458,520
NH1139,L,153,3,2.617799515150833,2.8942971229553223,-0.2764976078044894,0.2764976078044894,14,520X160,33.6,2.7083918083534284,2.7083918083534284,520
NH1139,L,153,3,2.617799515150833,2.8942971229553223,-0.2764976078044894,0.2764976078044894,15,311X130,0.2,2.6595578973389737,2.6595578973389737,311
NH1139,L,153,3,2.617799515150833,2.8942971229553223,-0.2764976078044894,0.2764976078044894,16,520X307,-0.1,-2.659358232416002,2.659358232416002,520
NH1139,L,153,3,2.617799515150833,2.8942971229553223,-0.2764976078044894,0.2764976078044894,17,520X158,33.3,2.609942725996963,2.609942725996963,520
NH1139,L,153,3,2.617799515150833,2.8942971229553223,-0.2764976078044894,0.2764976078044894,18,400X124,20.5,2.576103115493019,2.576103115493019,400
NH1139,L,153,3,2.617799515150833,2.8942971229553223,-0.2764976078044894,0.2764976078044894,19,520X161,33.0,2.5749086415805347,2.5749086415805347,520
NH1139,L,153,3,2.617799515150833,2.8942971229553223,-0.2764976078044894,0.2764976078044894,20,310X154,0.167,2.5693329930609488,2.5693329930609488,310
NH1139,L,153,3,2.617799515150833,2.8942971229553223,-0.2764976078044894,0.2764976078044894,21,310X171,-0.017325,-2.56924729775343,2.56924729775343,310
NH1139,L,153,3,2.617799515150833,2.8942971229553223,-0.2764976078044894,0.2764976078044894,22,311X128,0.2,2.5577325193033027,2.5577325193033027,311
NH1139,L,153,3,2.617799515150833,2.8942971229553223,-0.2764976078044894,0.2764976078044894,23,340X126,14.0,-2.52081629268993,2.52081629268993,340
NH1139,L,153,3,2.617799515150833,2.8942971229553223,-0.2764976078044894,0.2764976078044894,24,520X237,6.6,-2.479091370375756,2.479091370375756,520
NH1139,L,153,3,2.617799515150833,2.8942971229553223,-0.2764976078044894,0.2764976078044894,25,520X162,33.2,2.447911161181583,2.447911161181583,520
NH1139,L,153,3,2.617799515150833,2.8942971229553223,-0.2764976078044894,0.2764976078044894,26,311X71,4.1,-2.439018505350849,2.439018505350849,311
NH1139,L,153,3,2.617799515150833,2.8942971229553223,-0.2764976078044894,0.2764976078044894,27,340X73,1197.0,-2.420759850785877,2.420759850785877,340
NH1139,L,153,3,2.617799515150833,2.8942971229553223,-0.2764976078044894,0.2764976078044894,28,344X37,110.8,2.386800207040563,2.386800207040563,344
NH1139,L,153,3,2.617799515150833,2.8942971229553223,-0.2764976078044894,0.2764976078044894,29,220X8,0.233972,-2.3679037474547395,2.3679037474547395,220
NH1139,L,153,3,2.617799515150833,2.8942971229553223,-0.2764976078044894,0.2764976078044894,30,312X168,18.5,2.365648512938712,2.365648512938712,312
NH1781,J,651,4,3.201655295454167,2.9300127029418945,0.2716425925122725,0.2716425925122725,1,312X337,-2.0,-4.353544944909694,4.353544944909694,312
NH1781,J,651,4,3.201655295454167,2.9300127029418945,0.2716425925122725,0.2716425925122725,2,312X338,-2.0,-4.139315999263954,4.139315999263954,312
NH1781,J,651,4,3.201655295454167,2.9300127029418945,0.2716425925122725,0.2716425925122725,3,312X66,186.0,-2.9946271977814973,2.9946271977814973,312
NH1781,J,651,4,3.201655295454167,2.9300127029418945,0.2716425925122725,0.2716425925122725,4,310X155,-0.104488,-2.886239484658934,2.886239484658934,310
NH1781,J,651,4,3.201655295454167,2.9300127029418945,0.2716425925122725,0.2716425925122725,5,312X754,67.0,2.6022962801533915,2.6022962801533915,312
NH1781,J,651,4,3.201655295454167,2.9300127029418945,0.2716425925122725,0.2716425925122725,6,520X42,482.0,-2.556194992822029,2.556194992822029,520
NH1781,J,651,4,3.201655295454167,2.9300127029418945,0.2716425925122725,0.2716425925122725,7,312X447,9.2,-2.525598426793068,2.525598426793068,312
NH1781,J,651,4,3.201655295454167,2.9300127029418945,0.2716425925122725,0.2716425925122725,8,210X76,0.002,2.52359068196889,2.52359068196889,210
NH1781,J,651,4,3.201655295454167,2.9300127029418945,0.2716425925122725,0.2716425925122725,9,312X667,3604.0,-2.5204488953830513,2.5204488953830513,312
NH1781,J,651,4,3.201655295454167,2.9300127029418945,0.2716425925122725,0.2716425925122725,10,312X679,3601.0,-2.518333123286941,2.518333123286941,312
NH1781,J,651,4,3.201655295454167,2.9300127029418945,0.2716425925122725,0.2716425925122725,11,312X673,3608.0,-2.5151423339264087,2.5151423339264087,312
NH1781,J,651,4,3.201655295454167,2.9300127029418945,0.2716425925122725,0.2716425925122725,12,312X585,11999.0,-2.5147894804870865,2.5147894804870865,312
NH1781,J,651,4,3.201655295454167,2.9300127029418945,0.2716425925122725,0.2716425925122725,13,312X579,12001.0,-2.5145221673721827,2.5145221673721827,312
NH1781,J,651,4,3.201655295454167,2.9300127029418945,0.2716425925122725,0.2716425925122725,14,312X578,12002.0,-2.514495608975701,2.514495608975701,312
NH1781,J,651,4,3.201655295454167,2.9300127029418945,0.2716425925122725,0.2716425925122725,15,312X464,12003.0,-2.5144955275880974,2.5144955275880974,312
NH1781,J,651,4,3.201655295454167,2.9300127029418945,0.2716425925122725,0.2716425925122725,16,312X583,11998.0,-2.5144331311566552,2.5144331311566552,312
NH1781,J,651,4,3.201655295454167,2.9300127029418945,0.2716425925122725,0.2716425925122725,17,312X457,12000.0,-2.5144288579887806,2.5144288579887806,312
NH1781,J,651,4,3.201655295454167,2.9300127029418945,0.2716425925122725,0.2716425925122725,18,312X511,12000.0,-2.5144288579887806,2.5144288579887806,312
NH1781,J,651,4,3.201655295454167,2.9300127029418945,0.2716425925122725,0.2716425925122725,19,312X458,12000.0,-2.514428824437925,2.514428824437925,312
NH1781,J,651,4,3.201655295454167,2.9300127029418945,0.2716425925122725,0.2716425925122725,20,312X577,12002.0,-2.5143754148590696,2.5143754148590696,312
NH1781,J,651,4,3.201655295454167,2.9300127029418945,0.2716425925122725,0.2716425925122725,21,312X469,11998.0,-2.514366374953331,2.514366374953331,312
NH1781,J,651,4,3.201655295454167,2.9300127029418945,0.2716425925122725,0.2716425925122725,22,312X584,11998.0,-2.5141749709304064,2.5141749709304064,312
NH1781,J,651,4,3.201655295454167,2.9300127029418945,0.2716425925122725,0.2716425925122725,23,312X470,11998.0,-2.514147632347517,2.514147632347517,312
NH1781,J,651,4,3.201655295454167,2.9300127029418945,0.2716425925122725,0.2716425925122725,24,312X463,12006.0,-2.5138765418241626,2.5138765418241626,312
NH1781,J,651,4,3.201655295454167,2.9300127029418945,0.2716425925122725,0.2716425925122725,25,312X674,3597.0,-2.5081649085316817,2.5081649085316817,312
NH1781,J,651,4,3.201655295454167,2.9300127029418945,0.2716425925122725,0.2716425925122725,26,312X680,3562.0,-2.506554009035286,2.506554009035286,312
NH1781,J,651,4,3.201655295454167,2.9300127029418945,0.2716425925122725,0.2716425925122725,27,312X668,3589.0,-2.503915522009687,2.503915522009687,312
NH1781,J,651,4,3.201655295454167,2.9300127029418945,0.2716425925122725,0.2716425925122725,28,312X334,3.0,2.5022771581169065,2.5022771581169065,312
NH1781,J,651,4,3.201655295454167,2.9300127029418945,0.2716425925122725,0.2716425925122725,29,312X675,3730.0,-2.4969953019244175,2.4969953019244175,312
NH1781,J,651,4,3.201655295454167,2.9300127029418945,0.2716425925122725,0.2716425925122725,30,312X669,3727.0,-2.4949750770249453,2.4949750770249453,312
NH1866,N,731,4,2.380365381313055,2.6475040912628174,-0.2671387099497622,0.2671387099497622,1,400X29,0.0,-16.2890939997697,16.2890939997697,400
NH1866,N,731,4,2.380365381313055,2.6475040912628174,-0.2671387099497622,0.2671387099497622,2,312X703,2945.0,-4.4407499862634845,4.4407499862634845,312
NH1866,N,731,4,2.380365381313055,2.6475040912628174,-0.2671387099497622,0.2671387099497622,3,420X40,24.0,3.5403871323255705,3.5403871323255705,420
NH1866,N,731,4,2.380365381313055,2.6475040912628174,-0.2671387099497622,0.2671387099497622,4,312X340,-1.0,-3.0900335099768603,3.0900335099768603,312
NH1866,N,731,4,2.380365381313055,2.6475040912628174,-0.2671387099497622,0.2671387099497622,5,340X143,15007.0,2.993049845098328,2.993049845098328,340
NH1866,N,731,4,2.380365381313055,2.6475040912628174,-0.2671387099497622,0.2671387099497622,6,220X177,0.381901,2.9615703708437557,2.9615703708437557,220
NH1866,N,731,4,2.380365381313055,2.6475040912628174,-0.2671387099497622,0.2671387099497622,7,420X213,5.61,-2.7509051944733347,2.7509051944733347,420
NH1866,N,731,4,2.380365381313055,2.6475040912628174,-0.2671387099497622,0.2671387099497622,8,420X215,5.62,-2.7340300302141105,2.7340300302141105,420
NH1866,N,731,4,2.380365381313055,2.6475040912628174,-0.2671387099497622,0.2671387099497622,9,360X1278,0.2,2.722457771167353,2.722457771167353,360
NH1866,N,731,4,2.380365381313055,2.6475040912628174,-0.2671387099497622,0.2671387099497622,10,420X214,5.61,-2.7209860266570685,2.7209860266570685,420
NH1866,N,731,4,2.380365381313055,2.6475040912628174,-0.2671387099497622,0.2671387099497622,11,420X216,5.01,-2.6690149430772867,2.6690149430772867,420
NH1866,N,731,4,2.380365381313055,2.6475040912628174,-0.2671387099497622,0.2671387099497622,12,440AX124,584.9,2.6416737529093837,2.6416737529093837,UNKNOWN
NH1866,N,731,4,2.380365381313055,2.6475040912628174,-0.2671387099497622,0.2671387099497622,13,210X155,0.834,2.6127427770404137,2.6127427770404137,210
NH1866,N,731,4,2.380365381313055,2.6475040912628174,-0.2671387099497622,0.2671387099497622,14,312X753,137.0,2.597102164764546,2.597102164764546,312
NH1866,N,731,4,2.380365381313055,2.6475040912628174,-0.2671387099497622,0.2671387099497622,15,210X179,0.14,2.5904912601158694,2.5904912601158694,210
NH1866,N,731,4,2.380365381313055,2.6475040912628174,-0.2671387099497622,0.2671387099497622,16,312X525,62.0,2.552598902813116,2.552598902813116,312
NH1866,N,731,4,2.380365381313055,2.6475040912628174,-0.2671387099497622,0.2671387099497622,17,210X161,0.139,2.549572928105287,2.549572928105287,210
NH1866,N,731,4,2.380365381313055,2.6475040912628174,-0.2671387099497622,0.2671387099497622,18,220X8,0.672243,2.5399048168412315,2.5399048168412315,220
NH1866,N,731,4,2.380365381313055,2.6475040912628174,-0.2671387099497622,0.2671387099497622,19,312X447,9.2,-2.525598426793068,2.525598426793068,312
NH1866,N,731,4,2.380365381313055,2.6475040912628174,-0.2671387099497622,0.2671387099497622,20,312X679,3600.0,-2.5219853457974706,2.5219853457974706,312
NH1866,N,731,4,2.380365381313055,2.6475040912628174,-0.2671387099497622,0.2671387099497622,21,312X66,191.0,-2.5176692718899734,2.5176692718899734,312
NH1866,N,731,4,2.380365381313055,2.6475040912628174,-0.2671387099497622,0.2671387099497622,22,312X470,11996.0,-2.515118780983411,2.515118780983411,312
NH1866,N,731,4,2.380365381313055,2.6475040912628174,-0.2671387099497622,0.2671387099497622,23,312X584,11997.0,-2.5146602083844627,2.5146602083844627,312
NH1866,N,731,4,2.380365381313055,2.6475040912628174,-0.2671387099497622,0.2671387099497622,24,312X579,12001.0,-2.5145221673721827,2.5145221673721827,312
NH1866,N,731,4,2.380365381313055,2.6475040912628174,-0.2671387099497622,0.2671387099497622,25,312X578,12002.0,-2.514495608975701,2.514495608975701,312
NH1866,N,731,4,2.380365381313055,2.6475040912628174,-0.2671387099497622,0.2671387099497622,26,312X464,12003.0,-2.5144955275880974,2.5144955275880974,312
NH1866,N,731,4,2.380365381313055,2.6475040912628174,-0.2671387099497622,0.2671387099497622,27,312X457,12000.0,-2.5144288579887806,2.5144288579887806,312
NH1866,N,731,4,2.380365381313055,2.6475040912628174,-0.2671387099497622,0.2671387099497622,28,312X511,12000.0,-2.5144288579887806,2.5144288579887806,312
NH1866,N,731,4,2.380365381313055,2.6475040912628174,-0.2671387099497622,0.2671387099497622,29,312X458,12000.0,-2.514428824437925,2.514428824437925,312
NH1866,N,731,4,2.380365381313055,2.6475040912628174,-0.2671387099497622,0.2671387099497622,30,312X577,12002.0,-2.5143754148590696,2.5143754148590696,312
NH1610,J,557,4,2.4609179873736116,2.7261734008789062,-0.2652554135052947,0.2652554135052947,1,210X30,0.0,-4.603878196091254,4.603878196091254,210
NH1610,J,557,4,2.4609179873736116,2.7261734008789062,-0.2652554135052947,0.2652554135052947,2,420X19,90.2,3.5749160030946063,3.5749160030946063,420
NH1610,J,557,4,2.4609179873736116,2.7261734008789062,-0.2652554135052947,0.2652554135052947,3,420X21,90.3,3.4516320503321616,3.4516320503321616,420
NH1610,J,557,4,2.4609179873736116,2.7261734008789062,-0.2652554135052947,0.2652554135052947,4,220X217,-0.055001,-3.181170563082991,3.181170563082991,220
NH1610,J,557,4,2.4609179873736116,2.7261734008789062,-0.2652554135052947,0.2652554135052947,5,210X186,16249.6,-3.166971949503793,3.166971949503793,210
NH1610,J,557,4,2.4609179873736116,2.7261734008789062,-0.2652554135052947,0.2652554135052947,6,330X254,88.07,-2.8341052603235153,2.8341052603235153,330
NH1610,J,557,4,2.4609179873736116,2.7261734008789062,-0.2652554135052947,0.2652554135052947,7,330X777,5.39,2.8232482609086538,2.8232482609086538,330
NH1610,J,557,4,2.4609179873736116,2.7261734008789062,-0.2652554135052947,0.2652554135052947,8,330X228,88.783,-2.796465393438322,2.796465393438322,330
NH1610,J,557,4,2.4609179873736116,2.7261734008789062,-0.2652554135052947,0.2652554135052947,9,330X234,86.93,-2.796260765810002,2.796260765810002,330
NH1610,J,557,4,2.4609179873736116,2.7261734008789062,-0.2652554135052947,0.2652554135052947,10,330X771,5.39,2.7920623519483376,2.7920623519483376,330
NH1610,J,557,4,2.4609179873736116,2.7261734008789062,-0.2652554135052947,0.2652554135052947,11,210X74,0.009,2.774846882823517,2.774846882823517,210
NH1610,J,557,4,2.4609179873736116,2.7261734008789062,-0.2652554135052947,0.2652554135052947,12,330X618,92.56,-2.7676269979116213,2.7676269979116213,330
NH1610,J,557,4,2.4609179873736116,2.7261734008789062,-0.2652554135052947,0.2652554135052947,13,330X774,5.39,2.765947354375857,2.765947354375857,330
NH1610,J,557,4,2.4609179873736116,2.7261734008789062,-0.2652554135052947,0.2652554135052947,14,312X207,54.1,-2.7554759751199494,2.7554759751199494,312
NH1610,J,557,4,2.4609179873736116,2.7261734008789062,-0.2652554135052947,0.2652554135052947,15,330X244,87.66,-2.7505601831774706,2.7505601831774706,330
NH1610,J,557,4,2.4609179873736116,2.7261734008789062,-0.2652554135052947,0.2652554135052947,16,330X188,77.063,-2.7436329382007063,2.7436329382007063,330
NH1610,J,557,4,2.4609179873736116,2.7261734008789062,-0.2652554135052947,0.2652554135052947,17,312X159,38.0,2.7388409957500928,2.7388409957500928,312
NH1610,J,557,4,2.4609179873736116,2.7261734008789062,-0.2652554135052947,0.2652554135052947,18,312X172,38.0,2.7368984757540926,2.7368984757540926,312
NH1610,J,557,4,2.4609179873736116,2.7261734008789062,-0.2652554135052947,0.2652554135052947,19,312X209,43.5,-2.7368984757540926,2.7368984757540926,312
NH1610,J,557,4,2.4609179873736116,2.7261734008789062,-0.2652554135052947,0.2652554135052947,20,330X248,90.033,-2.728423606513325,2.728423606513325,330
NH1610,J,557,4,2.4609179873736116,2.7261734008789062,-0.2652554135052947,0.2652554135052947,21,312X266,0.0,-2.717324690986659,2.717324690986659,312
NH1610,J,557,4,2.4609179873736116,2.7261734008789062,-0.2652554135052947,0.2652554135052947,22,330X264,88.9,-2.695567494758356,2.695567494758356,330
NH1610,J,557,4,2.4609179873736116,2.7261734008789062,-0.2652554135052947,0.2652554135052947,23,330X102,78.07,-2.6645947870782867,2.6645947870782867,330
NH1610,J,557,4,2.4609179873736116,2.7261734008789062,-0.2652554135052947,0.2652554135052947,24,330X238,89.55,-2.661320262671433,2.661320262671433,330
NH1610,J,557,4,2.4609179873736116,2.7261734008789062,-0.2652554135052947,0.2652554135052947,25,330X114,93.307,-2.6180759331142407,2.6180759331142407,330
NH1610,J,557,4,2.4609179873736116,2.7261734008789062,-0.2652554135052947,0.2652554135052947,26,520X412,5.47,-2.6180542582004573,2.6180542582004573,520
NH1610,J,557,4,2.4609179873736116,2.7261734008789062,-0.2652554135052947,0.2652554135052947,27,330X284,89.87,-2.6137745582490597,2.6137745582490597,330
NH1610,J,557,4,2.4609179873736116,2.7261734008789062,-0.2652554135052947,0.2652554135052947,28,210X19,1.0,-2.6010185889705517,2.6010185889705517,210
NH1610,J,557,4,2.4609179873736116,2.7261734008789062,-0.2652554135052947,0.2652554135052947,29,520X408,5.47,-2.5983693430391157,2.5983693430391157,520
NH1610,J,557,4,2.4609179873736116,2.7261734008789062,-0.2652554135052947,0.2652554135052947,30,330X224,86.61,-2.5885387358669067,2.5885387358669067,330
NH1379,L,343,5,2.427929627272333,2.6895053386688232,-0.2615757113964903,0.2615757113964903,1,311X76,8.6,4.60860677436663,4.60860677436663,311
NH1379,L,343,5,2.427929627272333,2.6895053386688232,-0.2615757113964903,0.2615757113964903,2,311X210,5.39,-4.45727546961201,4.45727546961201,311
NH1379,L,343,5,2.427929627272333,2.6895053386688232,-0.2615757113964903,0.2615757113964903,3,311X208,5.39,-4.408844442867361,4.408844442867361,311
NH1379,L,343,5,2.427929627272333,2.6895053386688232,-0.2615757113964903,0.2615757113964903,4,311X73,8.8,4.387769805454365,4.387769805454365,311
NH1379,L,343,5,2.427929627272333,2.6895053386688232,-0.2615757113964903,0.2615757113964903,5,311X75,8.0,4.233250025938376,4.233250025938376,311
NH1379,L,343,5,2.427929627272333,2.6895053386688232,-0.2615757113964903,0.2615757113964903,6,311X74,9.5,4.222066398716507,4.222066398716507,311
NH1379,L,343,5,2.427929627272333,2.6895053386688232,-0.2615757113964903,0.2615757113964903,7,311X72,8.4,4.195978313088396,4.195978313088396,311
NH1379,L,343,5,2.427929627272333,2.6895053386688232,-0.2615757113964903,0.2615757113964903,8,311X212,5.4,-4.107434559671912,4.107434559671912,311
NH1379,L,343,5,2.427929627272333,2.6895053386688232,-0.2615757113964903,0.2615757113964903,9,750X1061,10.42,4.083540674628347,4.083540674628347,750
NH1379,L,343,5,2.427929627272333,2.6895053386688232,-0.2615757113964903,0.2615757113964903,10,311X93,6.2,-4.018498675077937,4.018498675077937,311
NH1379,L,343,5,2.427929627272333,2.6895053386688232,-0.2615757113964903,0.2615757113964903,11,750X1105,9.89,4.004528815592667,4.004528815592667,750
NH1379,L,343,5,2.427929627272333,2.6895053386688232,-0.2615757113964903,0.2615757113964903,12,311X209,5.36,-3.987804989577525,3.987804989577525,311
NH1379,L,343,5,2.427929627272333,2.6895053386688232,-0.2615757113964903,0.2615757113964903,13,750X1083,10.06,3.8826149710842124,3.8826149710842124,750
NH1379,L,343,5,2.427929627272333,2.6895053386688232,-0.2615757113964903,0.2615757113964903,14,311X92,6.0,-3.865277750776613,3.865277750776613,311
NH1379,L,343,5,2.427929627272333,2.6895053386688232,-0.2615757113964903,0.2615757113964903,15,311X91,6.2,-3.735487836441083,3.735487836441083,311
NH1379,L,343,5,2.427929627272333,2.6895053386688232,-0.2615757113964903,0.2615757113964903,16,311X197,13.99,-3.716140110729367,3.716140110729367,311
NH1379,L,343,5,2.427929627272333,2.6895053386688232,-0.2615757113964903,0.2615757113964903,17,311X94,5.6,-3.703405796248094,3.703405796248094,311
NH1379,L,343,5,2.427929627272333,2.6895053386688232,-0.2615757113964903,0.2615757113964903,18,344X49,3001.0,-3.2179495542692256,3.2179495542692256,344
NH1379,L,343,5,2.427929627272333,2.6895053386688232,-0.2615757113964903,0.2615757113964903,19,344X173,4000.0,-3.21794955426885,3.21794955426885,344
NH1379,L,343,5,2.427929627272333,2.6895053386688232,-0.2615757113964903,0.2615757113964903,20,ERROR:#N/A_10,10000.0,-3.2179495542688494,3.2179495542688494,UNKNOWN
NH1379,L,343,5,2.427929627272333,2.6895053386688232,-0.2615757113964903,0.2615757113964903,21,311X146,0.0,3.1912938525282364,3.1912938525282364,311
NH1379,L,343,5,2.427929627272333,2.6895053386688232,-0.2615757113964903,0.2615757113964903,22,311X89,5.4,-3.132190792145799,3.132190792145799,311
NH1379,L,343,5,2.427929627272333,2.6895053386688232,-0.2615757113964903,0.2615757113964903,23,311X86,6.0,-3.073968779543708,3.073968779543708,311
NH1379,L,343,5,2.427929627272333,2.6895053386688232,-0.2615757113964903,0.2615757113964903,24,344X192,10004.0,-2.9986937292816145,2.9986937292816145,344
NH1379,L,343,5,2.427929627272333,2.6895053386688232,-0.2615757113964903,0.2615757113964903,25,344X191,10000.0,-2.996914781224459,2.996914781224459,344
NH1379,L,343,5,2.427929627272333,2.6895053386688232,-0.2615757113964903,0.2615757113964903,26,344X156,3999.0,-2.9900812751792745,2.9900812751792745,344
NH1379,L,343,5,2.427929627272333,2.6895053386688232,-0.2615757113964903,0.2615757113964903,27,311X87,5.9,-2.9646435962190707,2.9646435962190707,311
NH1379,L,343,5,2.427929627272333,2.6895053386688232,-0.2615757113964903,0.2615757113964903,28,311X88,6.2,-2.9644210393625063,2.9644210393625063,311
NH1379,L,343,5,2.427929627272333,2.6895053386688232,-0.2615757113964903,0.2615757113964903,29,312X189,3.5,2.957220390675078,2.957220390675078,312
NH1379,L,343,5,2.427929627272333,2.6895053386688232,-0.2615757113964903,0.2615757113964903,30,312X165,37.9,-2.9373042103424987,2.9373042103424987,312
NH1084,L,109,1,3.018355268938333,2.7648465633392334,0.25350870559909966,0.25350870559909966,1,360X327,33.33,-4.087245157584027,4.087245157584027,360
NH1084,L,109,1,3.018355268938333,2.7648465633392334,0.25350870559909966,0.25350870559909966,2,360X115,34.71,-4.03469754161884,4.03469754161884,360
NH1084,L,109,1,3.018355268938333,2.7648465633392334,0.25350870559909966,0.25350870559909966,3,360X109,0.77,-3.8333196184781304,3.8333196184781304,360
NH1084,L,109,1,3.018355268938333,2.7648465633392334,0.25350870559909966,0.25350870559909966,4,750X111,4.093,3.7532705596892497,3.7532705596892497,750
NH1084,L,109,1,3.018355268938333,2.7648465633392334,0.25350870559909966,0.25350870559909966,5,360X659,0.93,-3.5652948643523836,3.5652948643523836,360
NH1084,L,109,1,3.018355268938333,2.7648465633392334,0.25350870559909966,0.25350870559909966,6,750X335,0.73,-3.436181596296756,3.436181596296756,750
NH1084,L,109,1,3.018355268938333,2.7648465633392334,0.25350870559909966,0.25350870559909966,7,750X211,4.244,3.3556631882511754,3.3556631882511754,750
NH1084,L,109,1,3.018355268938333,2.7648465633392334,0.25350870559909966,0.25350870559909966,8,750X329,4.216,3.284797017432011,3.284797017432011,750
NH1084,L,109,1,3.018355268938333,2.7648465633392334,0.25350870559909966,0.25350870559909966,9,750X368,26.59,-3.26821231495864,3.26821231495864,750
NH1084,L,109,1,3.018355268938333,2.7648465633392334,0.25350870559909966,0.25350870559909966,10,330X248,106.123,2.9345420044622146,2.9345420044622146,330
NH1084,L,109,1,3.018355268938333,2.7648465633392334,0.25350870559909966,0.25350870559909966,11,330X258,107.323,2.9315871754918628,2.9315871754918628,330
NH1084,L,109,1,3.018355268938333,2.7648465633392334,0.25350870559909966,0.25350870559909966,12,330X218,102.57,2.9299824341865524,2.9299824341865524,330
NH1084,L,109,1,3.018355268938333,2.7648465633392334,0.25350870559909966,0.25350870559909966,13,400X148,2.11,2.924092881475855,2.924092881475855,400
NH1084,L,109,1,3.018355268938333,2.7648465633392334,0.25350870559909966,0.25350870559909966,14,330X268,108.073,2.9203694697628135,2.9203694697628135,330
NH1084,L,109,1,3.018355268938333,2.7648465633392334,0.25350870559909966,0.25350870559909966,15,312X764,105.7,-2.9022519287444943,2.9022519287444943,312
NH1084,L,109,1,3.018355268938333,2.7648465633392334,0.25350870559909966,0.25350870559909966,16,330X238,105.12,2.8923290683967435,2.8923290683967435,330
NH1084,L,109,1,3.018355268938333,2.7648465633392334,0.25350870559909966,0.25350870559909966,17,312X758,105.3,-2.8903966517006467,2.8903966517006467,312
NH1084,L,109,1,3.018355268938333,2.7648465633392334,0.25350870559909966,0.25350870559909966,18,310X34,2047.0,2.8894827315020817,2.8894827315020817,310
NH1084,L,109,1,3.018355268938333,2.7648465633392334,0.25350870559909966,0.25350870559909966,19,312X770,104.9,-2.8825291246328617,2.8825291246328617,312
NH1084,L,109,1,3.018355268938333,2.7648465633392334,0.25350870559909966,0.25350870559909966,20,210X188,33087.8,2.853993863551284,2.853993863551284,210
NH1084,L,109,1,3.018355268938333,2.7648465633392334,0.25350870559909966,0.25350870559909966,21,330X228,103.86,2.8526568682399316,2.8526568682399316,330
NH1084,L,109,1,3.018355268938333,2.7648465633392334,0.25350870559909966,0.25350870559909966,22,330X618,104.263,2.815615066022884,2.815615066022884,330
NH1084,L,109,1,3.018355268938333,2.7648465633392334,0.25350870559909966,0.25350870559909966,23,330X179,102.703,2.795187830772069,2.795187830772069,330
NH1084,L,109,1,3.018355268938333,2.7648465633392334,0.25350870559909966,0.25350870559909966,24,330X274,106.31,2.7933970695299544,2.7933970695299544,330
NH1084,L,109,1,3.018355268938333,2.7648465633392334,0.25350870559909966,0.25350870559909966,25,330X890,124.0,-2.7808252473664385,2.7808252473664385,330
NH1084,L,109,1,3.018355268938333,2.7648465633392334,0.25350870559909966,0.25350870559909966,26,330X98,101.35,2.7445552844171943,2.7445552844171943,330
NH1084,L,109,1,3.018355268938333,2.7648465633392334,0.25350870559909966,0.25350870559909966,27,330X264,105.53,2.743333671264529,2.743333671264529,330
NH1084,L,109,1,3.018355268938333,2.7648465633392334,0.25350870559909966,0.25350870559909966,28,330X1221,126.5,2.7315087601928663,2.7315087601928663,330
NH1084,L,109,1,3.018355268938333,2.7648465633392334,0.25350870559909966,0.25350870559909966,29,330X169,102.48,2.729696646404119,2.729696646404119,330
NH1084,L,109,1,3.018355268938333,2.7648465633392334,0.25350870559909966,0.25350870559909966,30,330X611,105.197,2.7257392280726958,2.7257392280726958,330
NH1463,L,420,3,2.520522416666666,2.770944118499756,-0.25042170183308965,0.25042170183308965,1,312X752,20.0,-22.559413313712753,22.559413313712753,312
NH1463,L,420,3,2.520522416666666,2.770944118499756,-0.25042170183308965,0.25042170183308965,2,312X81,7.65,13.612007854328754,13.612007854328754,312
NH1463,L,420,3,2.520522416666666,2.770944118499756,-0.25042170183308965,0.25042170183308965,3,312X69,9.18,13.00432248247979,13.00432248247979,312
NH1463,L,420,3,2.520522416666666,2.770944118499756,-0.25042170183308965,0.25042170183308965,4,312X75,12.63,7.3807802381503755,7.3807802381503755,312
NH1463,L,420,3,2.520522416666666,2.770944118499756,-0.25042170183308965,0.25042170183308965,5,312X690,3004.6,-4.6630229658022575,4.6630229658022575,312
NH1463,L,420,3,2.520522416666666,2.770944118499756,-0.25042170183308965,0.25042170183308965,6,520X8,56.0,-3.972637894155246,3.972637894155246,520
NH1463,L,420,3,2.520522416666666,2.770944118499756,-0.25042170183308965,0.25042170183308965,7,312X474,29.0,3.709726539687803,3.709726539687803,312
NH1463,L,420,3,2.520522416666666,2.770944118499756,-0.25042170183308965,0.25042170183308965,8,310X152,-0.26979,-3.5918123601566414,3.5918123601566414,310
NH1463,L,420,3,2.520522416666666,2.770944118499756,-0.25042170183308965,0.25042170183308965,9,220X177,0.381901,2.9615703708437557,2.9615703708437557,220
NH1463,L,420,3,2.520522416666666,2.770944118499756,-0.25042170183308965,0.25042170183308965,10,312X165,37.9,-2.9373042103424987,2.9373042103424987,312
NH1463,L,420,3,2.520522416666666,2.770944118499756,-0.25042170183308965,0.25042170183308965,11,520X63,497.0,2.7305915129051637,2.7305915129051637,520
NH1463,L,420,3,2.520522416666666,2.770944118499756,-0.25042170183308965,0.25042170183308965,12,520X78,498.0,2.6199144982234377,2.6199144982234377,520
NH1463,L,420,3,2.520522416666666,2.770944118499756,-0.25042170183308965,0.25042170183308965,13,210X89,0.34,2.5307591202302824,2.5307591202302824,210
NH1463,L,420,3,2.520522416666666,2.770944118499756,-0.25042170183308965,0.25042170183308965,14,210X125,0.007,2.476835119692854,2.476835119692854,210
NH1463,L,420,3,2.520522416666666,2.770944118499756,-0.25042170183308965,0.25042170183308965,15,311X145,-0.2,-2.4243353011670834,2.4243353011670834,311
NH1463,L,420,3,2.520522416666666,2.770944118499756,-0.25042170183308965,0.25042170183308965,16,210X58,0.007,2.412969690000416,2.412969690000416,210
NH1463,L,420,3,2.520522416666666,2.770944118499756,-0.25042170183308965,0.25042170183308965,17,310X200,-0.053,-2.4016251700329754,2.4016251700329754,310
NH1463,L,420,3,2.520522416666666,2.770944118499756,-0.25042170183308965,0.25042170183308965,18,420X132,0.1,2.3910166748666266,2.3910166748666266,420
NH1463,L,420,3,2.520522416666666,2.770944118499756,-0.25042170183308965,0.25042170183308965,19,312X695,3062.0,2.359289121338594,2.359289121338594,312
NH1463,L,420,3,2.520522416666666,2.770944118499756,-0.25042170183308965,0.25042170183308965,20,311X149,-0.2,-2.352292584452814,2.352292584452814,311
NH1463,L,420,3,2.520522416666666,2.770944118499756,-0.25042170183308965,0.25042170183308965,21,210X91,0.19,2.3140158966530087,2.3140158966530087,210
NH1463,L,420,3,2.520522416666666,2.770944118499756,-0.25042170183308965,0.25042170183308965,22,520X61,497.0,2.3111605611178647,2.3111605611178647,520
NH1463,L,420,3,2.520522416666666,2.770944118499756,-0.25042170183308965,0.25042170183308965,23,520X76,498.0,2.2380927075547357,2.2380927075547357,520
NH1463,L,420,3,2.520522416666666,2.770944118499756,-0.25042170183308965,0.25042170183308965,24,220X186,0.05213,2.219225495338772,2.219225495338772,220
NH1463,L,420,3,2.520522416666666,2.770944118499756,-0.25042170183308965,0.25042170183308965,25,311X195,13.98,2.1878039660731714,2.1878039660731714,311
NH1463,L,420,3,2.520522416666666,2.770944118499756,-0.25042170183308965,0.25042170183308965,26,400X109,0.0,-2.1512811446624727,2.1512811446624727,400
NH1463,L,420,3,2.520522416666666,2.770944118499756,-0.25042170183308965,0.25042170183308965,27,344X41,111.5,2.1335434615463544,2.1335434615463544,344
NH1463,L,420,3,2.520522416666666,2.770944118499756,-0.25042170183308965,0.25042170183308965,28,400X108,0.0,-2.1240515124606105,2.1240515124606105,400
NH1463,L,420,3,2.520522416666666,2.770944118499756,-0.25042170183308965,0.25042170183308965,29,310X32,12.105,-2.109046468350365,2.109046468350365,310
NH1463,L,420,3,2.520522416666666,2.770944118499756,-0.25042170183308965,0.25042170183308965,30,310X148,-0.279289,-2.107272671678509,2.107272671678509,310
NH1483,J,442,2,3.305119875,3.0547144412994385,0.25040543370056145,0.25040543370056145,1,311X209,5.32,-4.992894937018001,4.992894937018001,311
NH1483,J,442,2,3.305119875,3.0547144412994385,0.25040543370056145,0.25040543370056145,2,311X76,8.8,4.891474358664757,4.891474358664757,311
NH1483,J,442,2,3.305119875,3.0547144412994385,0.25040543370056145,0.25040543370056145,3,311X75,8.4,4.816766934585279,4.816766934585279,311
NH1483,J,442,2,3.305119875,3.0547144412994385,0.25040543370056145,0.25040543370056145,4,311X72,8.8,4.744269364847975,4.744269364847975,311
NH1483,J,442,2,3.305119875,3.0547144412994385,0.25040543370056145,0.25040543370056145,5,210X30,0.0,-4.603878196091254,4.603878196091254,210
NH1483,J,442,2,3.305119875,3.0547144412994385,0.25040543370056145,0.25040543370056145,6,311X73,8.9,4.537803224608611,4.537803224608611,311
NH1483,J,442,2,3.305119875,3.0547144412994385,0.25040543370056145,0.25040543370056145,7,311X208,5.39,-4.408844442867361,4.408844442867361,311
NH1483,J,442,2,3.305119875,3.0547144412994385,0.25040543370056145,0.25040543370056145,8,311X212,5.39,-4.404236093478439,4.404236093478439,311
NH1483,J,442,2,3.305119875,3.0547144412994385,0.25040543370056145,0.25040543370056145,9,311X74,9.6,4.370671471855021,4.370671471855021,311
NH1483,J,442,2,3.305119875,3.0547144412994385,0.25040543370056145,0.25040543370056145,10,344X22,1.2,4.368713370160277,4.368713370160277,344
NH1483,J,442,2,3.305119875,3.0547144412994385,0.25040543370056145,0.25040543370056145,11,311X210,5.4,-4.163255058199648,4.163255058199648,311
NH1483,J,442,2,3.305119875,3.0547144412994385,0.25040543370056145,0.25040543370056145,12,344X21,1.06,4.137272356485766,4.137272356485766,344
NH1483,J,442,2,3.305119875,3.0547144412994385,0.25040543370056145,0.25040543370056145,13,311X197,13.99,-3.716140110729367,3.716140110729367,311
NH1483,J,442,2,3.305119875,3.0547144412994385,0.25040543370056145,0.25040543370056145,14,312X774,103.8,-3.395638366100891,3.395638366100891,312
NH1483,J,442,2,3.305119875,3.0547144412994385,0.25040543370056145,0.25040543370056145,15,344X20,1.4,3.382231636039641,3.382231636039641,344
NH1483,J,442,2,3.305119875,3.0547144412994385,0.25040543370056145,0.25040543370056145,16,312X762,104.0,-3.3539426861261226,3.3539426861261226,312
NH1483,J,442,2,3.305119875,3.0547144412994385,0.25040543370056145,0.25040543370056145,17,311X67,6.9,3.319457558580419,3.319457558580419,311
NH1483,J,442,2,3.305119875,3.0547144412994385,0.25040543370056145,0.25040543370056145,18,312X768,104.2,-3.305475066292957,3.305475066292957,312
NH1483,J,442,2,3.305119875,3.0547144412994385,0.25040543370056145,0.25040543370056145,19,210X193,0.51,3.2890990926621306,3.2890990926621306,210
NH1483,J,442,2,3.305119875,3.0547144412994385,0.25040543370056145,0.25040543370056145,20,330X218,103.313,3.219282177023419,3.219282177023419,330
NH1483,J,442,2,3.305119875,3.0547144412994385,0.25040543370056145,0.25040543370056145,21,311X146,0.0,3.1912938525282364,3.1912938525282364,311
NH1483,J,442,2,3.305119875,3.0547144412994385,0.25040543370056145,0.25040543370056145,22,330X228,104.723,3.176009823856323,3.176009823856323,330
NH1483,J,442,2,3.305119875,3.0547144412994385,0.25040543370056145,0.25040543370056145,23,312X773,104.5,-3.1543057512649177,3.1543057512649177,312
NH1483,J,442,2,3.305119875,3.0547144412994385,0.25040543370056145,0.25040543370056145,24,312X761,104.7,-3.1362012206419023,3.1362012206419023,312
NH1483,J,442,2,3.305119875,3.0547144412994385,0.25040543370056145,0.25040543370056145,25,311X199,151.0,3.1072859370916492,3.1072859370916492,311
NH1483,J,442,2,3.305119875,3.0547144412994385,0.25040543370056145,0.25040543370056145,26,311X211,4.43,-3.0976866421294074,3.0976866421294074,311
NH1483,J,442,2,3.305119875,3.0547144412994385,0.25040543370056145,0.25040543370056145,27,330X238,105.69,3.095641857010027,3.095641857010027,330
NH1483,J,442,2,3.305119875,3.0547144412994385,0.25040543370056145,0.25040543370056145,28,311X70,6.4,3.073689885590438,3.073689885590438,311
NH1483,J,442,2,3.305119875,3.0547144412994385,0.25040543370056145,0.25040543370056145,29,312X767,105.0,-3.0532652254011667,3.0532652254011667,312
NH1483,J,442,2,3.305119875,3.0547144412994385,0.25040543370056145,0.25040543370056145,30,330X248,106.393,3.029570016579267,3.029570016579267,330
NH1272,M,253,4,2.941386454545417,2.6928484439849854,0.24853801056043157,0.24853801056043157,1,330X642,3.0,3.595129715411503,3.595129715411503,330
NH1272,M,253,4,2.941386454545417,2.6928484439849854,0.24853801056043157,0.24853801056043157,2,312X339,406.0,-2.712465134846851,2.712465134846851,312
NH1272,M,253,4,2.941386454545417,2.6928484439849854,0.24853801056043157,0.24853801056043157,3,311X53,574.0,2.7026073544447327,2.7026073544447327,311
NH1272,M,253,4,2.941386454545417,2.6928484439849854,0.24853801056043157,0.24853801056043157,4,312X586,3000.0,2.598880650642741,2.598880650642741,312
NH1272,M,253,4,2.941386454545417,2.6928484439849854,0.24853801056043157,0.24853801056043157,5,310X200,-0.056,-2.466014061618698,2.466014061618698,310
NH1272,M,253,4,2.941386454545417,2.6928484439849854,0.24853801056043157,0.24853801056043157,6,312X335,3.0,2.3949404963314236,2.3949404963314236,312
NH1272,M,253,4,2.941386454545417,2.6928484439849854,0.24853801056043157,0.24853801056043157,7,210X209,0.0,-2.3750981461058758,2.3750981461058758,210
NH1272,M,253,4,2.941386454545417,2.6928484439849854,0.24853801056043157,0.24853801056043157,8,312X168,18.5,2.365648512938712,2.365648512938712,312
NH1272,M,253,4,2.941386454545417,2.6928484439849854,0.24853801056043157,0.24853801056043157,9,210X1,0.0,-2.359409944557311,2.359409944557311,210
NH1272,M,253,4,2.941386454545417,2.6928484439849854,0.24853801056043157,0.24853801056043157,10,420X199,14.48,-2.3536452913721475,2.3536452913721475,420
NH1272,M,253,4,2.941386454545417,2.6928484439849854,0.24853801056043157,0.24853801056043157,11,220X186,0.034798,-2.2891545484821196,2.2891545484821196,220
NH1272,M,253,4,2.941386454545417,2.6928484439849854,0.24853801056043157,0.24853801056043157,12,312X167,3.2,2.2775640662961494,2.2775640662961494,312
NH1272,M,253,4,2.941386454545417,2.6928484439849854,0.24853801056043157,0.24853801056043157,13,220X169,0.518482,2.264494114224949,2.264494114224949,220
NH1272,M,253,4,2.941386454545417,2.6928484439849854,0.24853801056043157,0.24853801056043157,14,210X180,0.215,2.244277822445748,2.244277822445748,210
NH1272,M,253,4,2.941386454545417,2.6928484439849854,0.24853801056043157,0.24853801056043157,15,210X39,0.0,-2.218110344881983,2.218110344881983,210
NH1272,M,253,4,2.941386454545417,2.6928484439849854,0.24853801056043157,0.24853801056043157,16,750X554,3.789,-2.206790391108408,2.206790391108408,750
NH1272,M,253,4,2.941386454545417,2.6928484439849854,0.24853801056043157,0.24853801056043157,17,750X543,3.793,-2.195971976430276,2.195971976430276,750
NH1272,M,253,4,2.941386454545417,2.6928484439849854,0.24853801056043157,0.24853801056043157,18,210X5,0.0,-2.1935736611988026,2.1935736611988026,210
NH1272,M,253,4,2.941386454545417,2.6928484439849854,0.24853801056043157,0.24853801056043157,19,312X331,3.0,2.16227901061929,2.16227901061929,312
NH1272,M,253,4,2.941386454545417,2.6928484439849854,0.24853801056043157,0.24853801056043157,20,750X165,3.738,-2.1311719237060798,2.1311719237060798,750
NH1272,M,253,4,2.941386454545417,2.6928484439849854,0.24853801056043157,0.24853801056043157,21,400X108,0.0,-2.1240515124606105,2.1240515124606105,400
NH1272,M,253,4,2.941386454545417,2.6928484439849854,0.24853801056043157,0.24853801056043157,22,420X16,13.4,-2.12096732349103,2.12096732349103,420
NH1272,M,253,4,2.941386454545417,2.6928484439849854,0.24853801056043157,0.24853801056043157,23,750X176,3.802,-2.0836526649159053,2.0836526649159053,750
NH1272,M,253,4,2.941386454545417,2.6928484439849854,0.24853801056043157,0.24853801056043157,24,420X73,3.0,-2.054607458831155,2.054607458831155,420
NH1272,M,253,4,2.941386454545417,2.6928484439849854,0.24853801056043157,0.24853801056043157,25,750X157,3.746,-2.0519809902761263,2.0519809902761263,750
NH1272,M,253,4,2.941386454545417,2.6928484439849854,0.24853801056043157,0.24853801056043157,26,210X182,0.2,2.0394355649286102,2.0394355649286102,210
NH1272,M,253,4,2.941386454545417,2.6928484439849854,0.24853801056043157,0.24853801056043157,27,400X133,-0.1,-2.03864874602699,2.03864874602699,400
NH1272,M,253,4,2.941386454545417,2.6928484439849854,0.24853801056043157,0.24853801056043157,28,312X283,1130.0,2.0341902262832927,2.0341902262832927,312
NH1272,M,253,4,2.941386454545417,2.6928484439849854,0.24853801056043157,0.24853801056043157,29,210X142,3.885,2.030040729129554,2.030040729129554,210
NH1272,M,253,4,2.941386454545417,2.6928484439849854,0.24853801056043157,0.24853801056043157,30,420X15,13.2,-2.024632282046449,2.024632282046449,420
NH1200,L,201,5,2.57877350000125,2.824389696121216,-0.24561619611996566,0.24561619611996566,1,750X14,9.9,-6.995623631957292,6.995623631957292,750
NH1200,L,201,5,2.57877350000125,2.824389696121216,-0.24561619611996566,0.24561619611996566,2,750X696,0.21,4.314118799784802,4.314118799784802,750
NH1200,L,201,5,2.57877350000125,2.824389696121216,-0.24561619611996566,0.24561619611996566,3,750X475,0.5,4.142504183352182,4.142504183352182,750
NH1200,L,201,5,2.57877350000125,2.824389696121216,-0.24561619611996566,0.24561619611996566,4,750X704,4.9,4.0722893166738885,4.0722893166738885,750
NH1200,L,201,5,2.57877350000125,2.824389696121216,-0.24561619611996566,0.24561619611996566,5,750X785,0.2,-3.9080389295588485,3.9080389295588485,750
NH1200,L,201,5,2.57877350000125,2.824389696121216,-0.24561619611996566,0.24561619611996566,6,750X1245,70.83,-3.741689157822044,3.741689157822044,750
NH1200,L,201,5,2.57877350000125,2.824389696121216,-0.24561619611996566,0.24561619611996566,7,750X635,71.01,-3.2901373907849805,3.2901373907849805,750
NH1200,L,201,5,2.57877350000125,2.824389696121216,-0.24561619611996566,0.24561619611996566,8,750X155,58.88,-3.2497145085505466,3.2497145085505466,750
NH1200,L,201,5,2.57877350000125,2.824389696121216,-0.24561619611996566,0.24561619611996566,9,750X702,57.43,-2.9378713773612066,2.9378713773612066,750
NH1200,L,201,5,2.57877350000125,2.824389696121216,-0.24561619611996566,0.24561619611996566,10,750X327,51.57,-2.8859245412666237,2.8859245412666237,750
NH1200,L,201,5,2.57877350000125,2.824389696121216,-0.24561619611996566,0.24561619611996566,11,312X698,3062.0,2.807510495706637,2.807510495706637,312
NH1200,L,201,5,2.57877350000125,2.824389696121216,-0.24561619611996566,0.24561619611996566,12,340X44,48.8,2.6253896667036236,2.6253896667036236,340
NH1200,L,201,5,2.57877350000125,2.824389696121216,-0.24561619611996566,0.24561619611996566,13,340X42,48.9,2.617055448587897,2.617055448587897,340
NH1200,L,201,5,2.57877350000125,2.824389696121216,-0.24561619611996566,0.24561619611996566,14,340X43,48.7,2.603578890820162,2.603578890820162,340
NH1200,L,201,5,2.57877350000125,2.824389696121216,-0.24561619611996566,0.24561619611996566,15,340X41,48.8,2.5904567334677244,2.5904567334677244,340
NH1200,L,201,5,2.57877350000125,2.824389696121216,-0.24561619611996566,0.24561619611996566,16,750X765,57.2,-2.5769464424344517,2.5769464424344517,750
NH1200,L,201,5,2.57877350000125,2.824389696121216,-0.24561619611996566,0.24561619611996566,17,400X124,20.5,2.576103115493019,2.576103115493019,400
NH1200,L,201,5,2.57877350000125,2.824389696121216,-0.24561619611996566,0.24561619611996566,18,750X228,65.59,-2.566330404643728,2.566330404643728,750
NH1200,L,201,5,2.57877350000125,2.824389696121216,-0.24561619611996566,0.24561619611996566,19,750X3,8.6,-2.440124513616047,2.440124513616047,750
NH1200,L,201,5,2.57877350000125,2.824389696121216,-0.24561619611996566,0.24561619611996566,20,750X1364,2.61,2.41694671612269,2.41694671612269,750
NH1200,L,201,5,2.57877350000125,2.824389696121216,-0.24561619611996566,0.24561619611996566,21,310X200,-0.053,-2.4016251700329754,2.4016251700329754,310
NH1200,L,201,5,2.57877350000125,2.824389696121216,-0.24561619611996566,0.24561619611996566,22,750X1356,-21.1,-2.376745460229988,2.376745460229988,750
NH1200,L,201,5,2.57877350000125,2.824389696121216,-0.24561619611996566,0.24561619611996566,23,312X695,3062.0,2.359289121338594,2.359289121338594,312
NH1200,L,201,5,2.57877350000125,2.824389696121216,-0.24561619611996566,0.24561619611996566,24,750X1061,10.33,2.3468901809884124,2.3468901809884124,750
NH1200,L,201,5,2.57877350000125,2.824389696121216,-0.24561619611996566,0.24561619611996566,25,220X216,-0.058,-2.3281303549021,2.3281303549021,220
NH1200,L,201,5,2.57877350000125,2.824389696121216,-0.24561619611996566,0.24561619611996566,26,750X1146,0.43,-2.3041972099541765,2.3041972099541765,750
NH1200,L,201,5,2.57877350000125,2.824389696121216,-0.24561619611996566,0.24561619611996566,27,210X178,0.109,2.303096409634125,2.303096409634125,210
NH1200,L,201,5,2.57877350000125,2.824389696121216,-0.24561619611996566,0.24561619611996566,28,210X160,0.109,2.3020391258724375,2.3020391258724375,210
NH1200,L,201,5,2.57877350000125,2.824389696121216,-0.24561619611996566,0.24561619611996566,29,312X690,3007.7,-2.2851525989341357,2.2851525989341357,312
NH1200,L,201,5,2.57877350000125,2.824389696121216,-0.24561619611996566,0.24561619611996566,30,750X1138,39.0,-2.2723420863096155,2.2723420863096155,750
NH1938,N,795,1,2.5318498636364577,2.777418851852417,-0.2455689882159593,0.2455689882159593,1,312X186,14.9,-9.363114771865293,9.363114771865293,312
NH1938,N,795,1,2.5318498636364577,2.777418851852417,-0.2455689882159593,0.2455689882159593,2,440AX131,593.2,8.050935011432996,8.050935011432996,UNKNOWN
NH1938,N,795,1,2.5318498636364577,2.777418851852417,-0.2455689882159593,0.2455689882159593,3,440AX133,592.3,7.795975501228517,7.795975501228517,UNKNOWN
NH1938,N,795,1,2.5318498636364577,2.777418851852417,-0.2455689882159593,0.2455689882159593,4,440AX134,595.1,7.088676390765307,7.088676390765307,UNKNOWN
NH1938,N,795,1,2.5318498636364577,2.777418851852417,-0.2455689882159593,0.2455689882159593,5,440AX136,593.9,6.514215505705217,6.514215505705217,UNKNOWN
NH1938,N,795,1,2.5318498636364577,2.777418851852417,-0.2455689882159593,0.2455689882159593,6,440AX115,591.7,6.112658344118039,6.112658344118039,UNKNOWN
NH1938,N,795,1,2.5318498636364577,2.777418851852417,-0.2455689882159593,0.2455689882159593,7,440AX148,588.1,5.719722476931625,5.719722476931625,UNKNOWN
NH1938,N,795,1,2.5318498636364577,2.777418851852417,-0.2455689882159593,0.2455689882159593,8,440AX112,588.6,4.847399374436232,4.847399374436232,UNKNOWN
NH1938,N,795,1,2.5318498636364577,2.777418851852417,-0.2455689882159593,0.2455689882159593,9,520X329,0.2,4.711546852819431,4.711546852819431,520
NH1938,N,795,1,2.5318498636364577,2.777418851852417,-0.2455689882159593,0.2455689882159593,10,310X20,0.9256,4.564867851531917,4.564867851531917,310
NH1938,N,795,1,2.5318498636364577,2.777418851852417,-0.2455689882159593,0.2455689882159593,11,310X21,-0.2637,-4.441693444323352,4.441693444323352,310
NH1938,N,795,1,2.5318498636364577,2.777418851852417,-0.2455689882159593,0.2455689882159593,12,440AX95,631.4,4.414298119551115,4.414298119551115,UNKNOWN
NH1938,N,795,1,2.5318498636364577,2.777418851852417,-0.2455689882159593,0.2455689882159593,13,520X331,0.2,4.096836966993065,4.096836966993065,520
NH1938,N,795,1,2.5318498636364577,2.777418851852417,-0.2455689882159593,0.2455689882159593,14,520X242,5.9,-4.091599544826395,4.091599544826395,520
NH1938,N,795,1,2.5318498636364577,2.777418851852417,-0.2455689882159593,0.2455689882159593,15,440AX92,625.8,4.076900303448044,4.076900303448044,UNKNOWN
NH1938,N,795,1,2.5318498636364577,2.777418851852417,-0.2455689882159593,0.2455689882159593,16,440AX62,629.5,4.0616851203493045,4.0616851203493045,UNKNOWN
NH1938,N,795,1,2.5318498636364577,2.777418851852417,-0.2455689882159593,0.2455689882159593,17,440AX59,634.5,3.9895950399539033,3.9895950399539033,UNKNOWN
NH1938,N,795,1,2.5318498636364577,2.777418851852417,-0.2455689882159593,0.2455689882159593,18,312X697,3070.0,3.9103371063160637,3.9103371063160637,312
NH1938,N,795,1,2.5318498636364577,2.777418851852417,-0.2455689882159593,0.2455689882159593,19,520X245,5.3,-3.8100294667077583,3.8100294667077583,520
NH1938,N,795,1,2.5318498636364577,2.777418851852417,-0.2455689882159593,0.2455689882159593,20,420X213,5.57,-3.796866758744052,3.796866758744052,420
NH1938,N,795,1,2.5318498636364577,2.777418851852417,-0.2455689882159593,0.2455689882159593,21,520X237,6.0,-3.7962040585883763,3.7962040585883763,520
NH1938,N,795,1,2.5318498636364577,2.777418851852417,-0.2455689882159593,0.2455689882159593,22,440AX94,609.5,3.7786776145382177,3.7786776145382177,UNKNOWN
NH1938,N,795,1,2.5318498636364577,2.777418851852417,-0.2455689882159593,0.2455689882159593,23,440AX61,610.8,3.7734632933416368,3.7734632933416368,UNKNOWN
NH1938,N,795,1,2.5318498636364577,2.777418851852417,-0.2455689882159593,0.2455689882159593,24,440AX91,604.1,3.670867880053747,3.670867880053747,UNKNOWN
NH1938,N,795,1,2.5318498636364577,2.777418851852417,-0.2455689882159593,0.2455689882159593,25,440AX58,617.7,3.658002588384468,3.658002588384468,UNKNOWN
NH1938,N,795,1,2.5318498636364577,2.777418851852417,-0.2455689882159593,0.2455689882159593,26,440AX146,591.5,3.644070634646051,3.644070634646051,UNKNOWN
NH1938,N,795,1,2.5318498636364577,2.777418851852417,-0.2455689882159593,0.2455689882159593,27,440AX63,603.0,3.621491076585401,3.621491076585401,UNKNOWN
NH1938,N,795,1,2.5318498636364577,2.777418851852417,-0.2455689882159593,0.2455689882159593,28,520X243,6.6,-3.6021682892951365,3.6021682892951365,520
NH1938,N,795,1,2.5318498636364577,2.777418851852417,-0.2455689882159593,0.2455689882159593,29,440AX96,600.7,3.561715027416116,3.561715027416116,UNKNOWN
NH1938,N,795,1,2.5318498636364577,2.777418851852417,-0.2455689882159593,0.2455689882159593,30,420X40,24.0,3.5403871323255705,3.5403871323255705,420
NH1611,J,558,4,2.5755620909088894,2.820359945297241,-0.24479785438835178,0.24479785438835178,1,210X30,0.0,-4.603878196091254,4.603878196091254,210
NH1611,J,558,4,2.5755620909088894,2.820359945297241,-0.24479785438835178,0.24479785438835178,2,330X432,103.683,3.854281617375968,3.854281617375968,330
NH1611,J,558,4,2.5755620909088894,2.820359945297241,-0.24479785438835178,0.24479785438835178,3,330X442,104.45,3.7895925829563906,3.7895925829563906,330
NH1611,J,558,4,2.5755620909088894,2.820359945297241,-0.24479785438835178,0.24479785438835178,4,330X445,105.59,3.7268115956683907,3.7268115956683907,330
NH1611,J,558,4,2.5755620909088894,2.820359945297241,-0.24479785438835178,0.24479785438835178,5,330X550,107.88,3.706588198848456,3.706588198848456,330
NH1611,J,558,4,2.5755620909088894,2.820359945297241,-0.24479785438835178,0.24479785438835178,6,330X455,107.02,3.686730639364911,3.686730639364911,330
NH1611,J,558,4,2.5755620909088894,2.820359945297241,-0.24479785438835178,0.24479785438835178,7,312X239,20.0,3.6360802431082377,3.6360802431082377,312
NH1611,J,558,4,2.5755620909088894,2.820359945297241,-0.24479785438835178,0.24479785438835178,8,330X435,104.8,3.593730780663693,3.593730780663693,330
NH1611,J,558,4,2.5755620909088894,2.820359945297241,-0.24479785438835178,0.24479785438835178,9,310X188,-0.011078,-3.592208362308717,3.592208362308717,310
NH1611,J,558,4,2.5755620909088894,2.820359945297241,-0.24479785438835178,0.24479785438835178,10,330X548,106.083,3.5796498333378577,3.5796498333378577,330
NH1611,J,558,4,2.5755620909088894,2.820359945297241,-0.24479785438835178,0.24479785438835178,11,330X452,105.987,3.575565368993578,3.575565368993578,330
NH1611,J,558,4,2.5755620909088894,2.820359945297241,-0.24479785438835178,0.24479785438835178,12,330X541,106.76,3.5060651214269862,3.5060651214269862,330
NH1611,J,558,4,2.5755620909088894,2.820359945297241,-0.24479785438835178,0.24479785438835178,13,330X555,105.893,3.4814581381495278,3.4814581381495278,330
NH1611,J,558,4,2.5755620909088894,2.820359945297241,-0.24479785438835178,0.24479785438835178,14,330X422,103.04,3.47039391225293,3.47039391225293,330
NH1611,J,558,4,2.5755620909088894,2.820359945297241,-0.24479785438835178,0.24479785438835178,15,330X557,107.74,3.4462821919578586,3.4462821919578586,330
NH1611,J,558,4,2.5755620909088894,2.820359945297241,-0.24479785438835178,0.24479785438835178,16,330X562,106.283,3.3141304663790616,3.3141304663790616,330
NH1611,J,558,4,2.5755620909088894,2.820359945297241,-0.24479785438835178,0.24479785438835178,17,330X412,103.42,3.294550014154747,3.294550014154747,330
NH1611,J,558,4,2.5755620909088894,2.820359945297241,-0.24479785438835178,0.24479785438835178,18,330X522,107.09,3.253240484805231,3.253240484805231,330
NH1611,J,558,4,2.5755620909088894,2.820359945297241,-0.24479785438835178,0.24479785438835178,19,330X539,105.19,3.222963775788393,3.222963775788393,330
NH1611,J,558,4,2.5755620909088894,2.820359945297241,-0.24479785438835178,0.24479785438835178,20,330X425,104.17,3.2041019979502927,3.2041019979502927,330
NH1611,J,558,4,2.5755620909088894,2.820359945297241,-0.24479785438835178,0.24479785438835178,21,312X97,10.0,3.1804853481405946,3.1804853481405946,312
NH1611,J,558,4,2.5755620909088894,2.820359945297241,-0.24479785438835178,0.24479785438835178,22,330X564,108.03,3.104444433815825,3.104444433815825,330
NH1611,J,558,4,2.5755620909088894,2.820359945297241,-0.24479785438835178,0.24479785438835178,23,330X415,104.54,3.005375918228984,3.005375918228984,330
NH1611,J,558,4,2.5755620909088894,2.820359945297241,-0.24479785438835178,0.24479785438835178,24,330X395,104.123,2.9611602638734364,2.9611602638734364,330
NH1611,J,558,4,2.5755620909088894,2.820359945297241,-0.24479785438835178,0.24479785438835178,25,330X519,105.79,2.94633376338118,2.94633376338118,330
NH1611,J,558,4,2.5755620909088894,2.820359945297241,-0.24479785438835178,0.24479785438835178,26,330X774,5.42,2.9428076317377716,2.9428076317377716,330
NH1611,J,558,4,2.5755620909088894,2.820359945297241,-0.24479785438835178,0.24479785438835178,27,330X771,5.41,2.9105005614990462,2.9105005614990462,330
NH1611,J,558,4,2.5755620909088894,2.820359945297241,-0.24479785438835178,0.24479785438835178,28,330X569,105.873,2.8950707148080523,2.8950707148080523,330
NH1611,J,558,4,2.5755620909088894,2.820359945297241,-0.24479785438835178,0.24479785438835178,29,330X777,5.4,2.882771218049965,2.882771218049965,330
NH1611,J,558,4,2.5755620909088894,2.820359945297241,-0.24479785438835178,0.24479785438835178,30,330X505,107.1,2.86281243695401,2.86281243695401,330
NH1122,L,138,5,2.3921322121216675,2.6365244388580322,-0.24439222673636474,0.24439222673636474,1,340X109,29812.0,-4.211957255281428,4.211957255281428,340
NH1122,L,138,5,2.3921322121216675,2.6365244388580322,-0.24439222673636474,0.24439222673636474,2,520X381,51.2,4.055539961135992,4.055539961135992,520
NH1122,L,138,5,2.3921322121216675,2.6365244388580322,-0.24439222673636474,0.24439222673636474,3,520X380,50.4,4.055539961135986,4.055539961135986,520
NH1122,L,138,5,2.3921322121216675,2.6365244388580322,-0.24439222673636474,0.24439222673636474,4,340X57,-1.0,-3.8332308058043054,3.8332308058043054,340
NH1122,L,138,5,2.3921322121216675,2.6365244388580322,-0.24439222673636474,0.24439222673636474,5,340X108,43145.0,3.7407911314439075,3.7407911314439075,340
NH1122,L,138,5,2.3921322121216675,2.6365244388580322,-0.24439222673636474,0.24439222673636474,6,220X172,-0.107249,-3.60765144003432,3.60765144003432,220
NH1122,L,138,5,2.3921322121216675,2.6365244388580322,-0.24439222673636474,0.24439222673636474,7,220X204,-0.007874,-3.243662971386452,3.243662971386452,220
NH1122,L,138,5,2.3921322121216675,2.6365244388580322,-0.24439222673636474,0.24439222673636474,8,312X580,3001.0,-3.040272692117911,3.040272692117911,312
NH1122,L,138,5,2.3921322121216675,2.6365244388580322,-0.24439222673636474,0.24439222673636474,9,340X49,3.0,3.032229537702678,3.032229537702678,340
NH1122,L,138,5,2.3921322121216675,2.6365244388580322,-0.24439222673636474,0.24439222673636474,10,340X31,3085.0,2.9981324123056563,2.9981324123056563,340
NH1122,L,138,5,2.3921322121216675,2.6365244388580322,-0.24439222673636474,0.24439222673636474,11,340X192,92.0,2.996395690486084,2.996395690486084,340
NH1122,L,138,5,2.3921322121216675,2.6365244388580322,-0.24439222673636474,0.24439222673636474,12,340X3,103.0,-2.9418029101359284,2.9418029101359284,340
NH1122,L,138,5,2.3921322121216675,2.6365244388580322,-0.24439222673636474,0.24439222673636474,13,340X53,2.0,2.8166059527521345,2.8166059527521345,340
NH1122,L,138,5,2.3921322121216675,2.6365244388580322,-0.24439222673636474,0.24439222673636474,14,330X774,5.37,2.6480405028012504,2.6480405028012504,330
NH1122,L,138,5,2.3921322121216675,2.6365244388580322,-0.24439222673636474,0.24439222673636474,15,330X777,5.36,2.6446793894847342,2.6446793894847342,330
NH1122,L,138,5,2.3921322121216675,2.6365244388580322,-0.24439222673636474,0.24439222673636474,16,330X771,5.363,2.632170769054889,2.632170769054889,330
NH1122,L,138,5,2.3921322121216675,2.6365244388580322,-0.24439222673636474,0.24439222673636474,17,360X1083,47.02,-2.608489839754475,2.608489839754475,360
NH1122,L,138,5,2.3921322121216675,2.6365244388580322,-0.24439222673636474,0.24439222673636474,18,360X1061,48.66,-2.5946572676019106,2.5946572676019106,360
NH1122,L,138,5,2.3921322121216675,2.6365244388580322,-0.24439222673636474,0.24439222673636474,19,400X151,0.0,2.5711425105434755,2.5711425105434755,400
NH1122,L,138,5,2.3921322121216675,2.6365244388580322,-0.24439222673636474,0.24439222673636474,20,310X171,-0.017325,-2.56924729775343,2.56924729775343,310
NH1122,L,138,5,2.3921322121216675,2.6365244388580322,-0.24439222673636474,0.24439222673636474,21,344X37,111.1,2.451055307815394,2.451055307815394,344
NH1122,L,138,5,2.3921322121216675,2.6365244388580322,-0.24439222673636474,0.24439222673636474,22,220X143,468.550477,2.4408450570720386,2.4408450570720386,220
NH1122,L,138,5,2.3921322121216675,2.6365244388580322,-0.24439222673636474,0.24439222673636474,23,520X180,278.0,2.4390330111992737,2.4390330111992737,520
NH1122,L,138,5,2.3921322121216675,2.6365244388580322,-0.24439222673636474,0.24439222673636474,24,340X73,1197.0,-2.420759850785877,2.420759850785877,340
NH1122,L,138,5,2.3921322121216675,2.6365244388580322,-0.24439222673636474,0.24439222673636474,25,360X1105,46.26,-2.4194379199798983,2.4194379199798983,360
NH1122,L,138,5,2.3921322121216675,2.6365244388580322,-0.24439222673636474,0.24439222673636474,26,311X149,-0.2,-2.352292584452814,2.352292584452814,311
NH1122,L,138,5,2.3921322121216675,2.6365244388580322,-0.24439222673636474,0.24439222673636474,27,340X81,-5.0,-2.307585398191735,2.307585398191735,340
NH1122,L,138,5,2.3921322121216675,2.6365244388580322,-0.24439222673636474,0.24439222673636474,28,344X35,111.8,2.2831026564537185,2.2831026564537185,344
NH1122,L,138,5,2.3921322121216675,2.6365244388580322,-0.24439222673636474,0.24439222673636474,29,360X1039,19.37,-2.276119743567246,2.276119743567246,360
NH1122,L,138,5,2.3921322121216675,2.6365244388580322,-0.24439222673636474,0.24439222673636474,30,520X432,19.0,2.2673537724090993,2.2673537724090993,520
NH1335,N,307,3,3.0797070101005546,2.8361313343048096,0.24357567579574502,0.24357567579574502,1,312X259,2390.0,7.0420587965492185,7.0420587965492185,312
NH1335,N,307,3,3.0797070101005546,2.8361313343048096,0.24357567579574502,0.24357567579574502,2,400X110,0.0,-5.454926346988842,5.454926346988842,400
NH1335,N,307,3,3.0797070101005546,2.8361313343048096,0.24357567579574502,0.24357567579574502,3,311X76,9.1,5.315775735111944,5.315775735111944,311
NH1335,N,307,3,3.0797070101005546,2.8361313343048096,0.24357567579574502,0.24357567579574502,4,311X75,8.7,5.254404616070454,5.254404616070454,311
NH1335,N,307,3,3.0797070101005546,2.8361313343048096,0.24357567579574502,0.24357567579574502,5,311X72,9.1,5.155487653667658,5.155487653667658,311
NH1335,N,307,3,3.0797070101005546,2.8361313343048096,0.24357567579574502,0.24357567579574502,6,311X209,5.32,-4.992894937018001,4.992894937018001,311
NH1335,N,307,3,3.0797070101005546,2.8361313343048096,0.24357567579574502,0.24357567579574502,7,311X73,9.1,4.837870062917101,4.837870062917101,311
NH1335,N,307,3,3.0797070101005546,2.8361313343048096,0.24357567579574502,0.24357567579574502,8,311X74,9.8,4.66788161813205,4.66788161813205,311
NH1335,N,307,3,3.0797070101005546,2.8361313343048096,0.24357567579574502,0.24357567579574502,9,311X199,181.0,4.62519285800261,4.62519285800261,311
NH1335,N,307,3,3.0797070101005546,2.8361313343048096,0.24357567579574502,0.24357567579574502,10,420X28,9999.0,4.172724386675407,4.172724386675407,420
NH1335,N,307,3,3.0797070101005546,2.8361313343048096,0.24357567579574502,0.24357567579574502,11,311X210,5.4,-4.163255058199648,4.163255058199648,311
NH1335,N,307,3,3.0797070101005546,2.8361313343048096,0.24357567579574502,0.24357567579574502,12,311X208,5.4,-4.111833059757472,4.111833059757472,311
NH1335,N,307,3,3.0797070101005546,2.8361313343048096,0.24357567579574502,0.24357567579574502,13,311X212,5.4,-4.107434559671912,4.107434559671912,311
NH1335,N,307,3,3.0797070101005546,2.8361313343048096,0.24357567579574502,0.24357567579574502,14,750X285,4.46,4.090320539882972,4.090320539882972,750
NH1335,N,307,3,3.0797070101005546,2.8361313343048096,0.24357567579574502,0.24357567579574502,15,750X252,4.48,4.0528438627972685,4.0528438627972685,750
NH1335,N,307,3,3.0797070101005546,2.8361313343048096,0.24357567579574502,0.24357567579574502,16,750X274,4.461,4.019383436643311,4.019383436643311,750
NH1335,N,307,3,3.0797070101005546,2.8361313343048096,0.24357567579574502,0.24357567579574502,17,750X241,4.449,4.010672552349964,4.010672552349964,750
NH1335,N,307,3,3.0797070101005546,2.8361313343048096,0.24357567579574502,0.24357567579574502,18,750X263,4.472,4.004325261260178,4.004325261260178,750
NH1335,N,307,3,3.0797070101005546,2.8361313343048096,0.24357567579574502,0.24357567579574502,19,750X296,4.398,3.938597367317149,3.938597367317149,750
NH1335,N,307,3,3.0797070101005546,2.8361313343048096,0.24357567579574502,0.24357567579574502,20,340X108,44065.0,3.9380516082958814,3.9380516082958814,340
NH1335,N,307,3,3.0797070101005546,2.8361313343048096,0.24357567579574502,0.24357567579574502,21,340X109,30926.0,-3.929681833104395,3.929681833104395,340
NH1335,N,307,3,3.0797070101005546,2.8361313343048096,0.24357567579574502,0.24357567579574502,22,340X57,-1.0,-3.8332308058043054,3.8332308058043054,340
NH1335,N,307,3,3.0797070101005546,2.8361313343048096,0.24357567579574502,0.24357567579574502,23,750X230,4.408,3.8153326263179532,3.8153326263179532,750
NH1335,N,307,3,3.0797070101005546,2.8361313343048096,0.24357567579574502,0.24357567579574502,24,750X307,4.331,3.7409485222422325,3.7409485222422325,750
NH1335,N,307,3,3.0797070101005546,2.8361313343048096,0.24357567579574502,0.24357567579574502,25,311X197,13.99,-3.716140110729367,3.716140110729367,311
NH1335,N,307,3,3.0797070101005546,2.8361313343048096,0.24357567579574502,0.24357567579574502,26,750X219,4.464,3.705457103348341,3.705457103348341,750
NH1335,N,307,3,3.0797070101005546,2.8361313343048096,0.24357567579574502,0.24357567579574502,27,750X318,4.352,3.6861831229099007,3.6861831229099007,750
NH1335,N,307,3,3.0797070101005546,2.8361313343048096,0.24357567579574502,0.24357567579574502,28,750X337,4.31,3.5620469573869338,3.5620469573869338,750
NH1335,N,307,3,3.0797070101005546,2.8361313343048096,0.24357567579574502,0.24357567579574502,29,311X70,6.6,3.5189898325689146,3.5189898325689146,311
NH1335,N,307,3,3.0797070101005546,2.8361313343048096,0.24357567579574502,0.24357567579574502,30,750X198,4.432,3.4845743787966628,3.4845743787966628,750
NH1352,N,323,1,2.7900420984851406,3.033477306365967,-0.24343520788082618,0.24343520788082618,1,360X712,5.0,6.242805146785787,6.242805146785787,360
NH1352,N,323,1,2.7900420984851406,3.033477306365967,-0.24343520788082618,0.24343520788082618,2,520X167,90.4,5.008466636722648,5.008466636722648,520
NH1352,N,323,1,2.7900420984851406,3.033477306365967,-0.24343520788082618,0.24343520788082618,3,420X122,0.0,-4.805430820677384,4.805430820677384,420
NH1352,N,323,1,2.7900420984851406,3.033477306365967,-0.24343520788082618,0.24343520788082618,4,520X166,90.2,4.4799709466029345,4.4799709466029345,520
NH1352,N,323,1,2.7900420984851406,3.033477306365967,-0.24343520788082618,0.24343520788082618,5,750X261,0.8,-4.3003407027925595,4.3003407027925595,750
NH1352,N,323,1,2.7900420984851406,3.033477306365967,-0.24343520788082618,0.24343520788082618,6,750X115,24.92,-4.135979642405758,4.135979642405758,750
NH1352,N,323,1,2.7900420984851406,3.033477306365967,-0.24343520788082618,0.24343520788082618,7,750X659,0.49,-3.864079987738274,3.864079987738274,750
NH1352,N,323,1,2.7900420984851406,3.033477306365967,-0.24343520788082618,0.24343520788082618,8,340X145,14997.0,-3.820245308386716,3.820245308386716,340
NH1352,N,323,1,2.7900420984851406,3.033477306365967,-0.24343520788082618,0.24343520788082618,9,750X294,31.0,-3.6007080781441254,3.6007080781441254,750
NH1352,N,323,1,2.7900420984851406,3.033477306365967,-0.24343520788082618,0.24343520788082618,10,312X785,98.7,-3.4120095680821647,3.4120095680821647,312
NH1352,N,323,1,2.7900420984851406,3.033477306365967,-0.24343520788082618,0.24343520788082618,11,312X778,98.6,-3.3985382848079553,3.3985382848079553,312
NH1352,N,323,1,2.7900420984851406,3.033477306365967,-0.24343520788082618,0.24343520788082618,12,312X784,98.7,-3.3713106261558914,3.3713106261558914,312
NH1352,N,323,1,2.7900420984851406,3.033477306365967,-0.24343520788082618,0.24343520788082618,13,312X777,98.6,-3.3589633396602148,3.3589633396602148,312
NH1352,N,323,1,2.7900420984851406,3.033477306365967,-0.24343520788082618,0.24343520788082618,14,750X853,1.8,-3.350385559999155,3.350385559999155,750
NH1352,N,323,1,2.7900420984851406,3.033477306365967,-0.24343520788082618,0.24343520788082618,15,312X789,98.5,-3.3429967882336022,3.3429967882336022,312
NH1352,N,323,1,2.7900420984851406,3.033477306365967,-0.24343520788082618,0.24343520788082618,16,312X783,98.7,-3.3395041197450697,3.3395041197450697,312
NH1352,N,323,1,2.7900420984851406,3.033477306365967,-0.24343520788082618,0.24343520788082618,17,210X109,0.1,3.332763208819463,3.332763208819463,210
NH1352,N,323,1,2.7900420984851406,3.033477306365967,-0.24343520788082618,0.24343520788082618,18,400X136,0.1,3.330457489616566,3.330457489616566,400
NH1352,N,323,1,2.7900420984851406,3.033477306365967,-0.24343520788082618,0.24343520788082618,19,312X791,98.6,-3.330099138775728,3.330099138775728,312
NH1352,N,323,1,2.7900420984851406,3.033477306365967,-0.24343520788082618,0.24343520788082618,20,312X779,98.7,-3.3104758943511916,3.3104758943511916,312
NH1352,N,323,1,2.7900420984851406,3.033477306365967,-0.24343520788082618,0.24343520788082618,21,312X782,98.7,-3.300592266256895,3.300592266256895,312
NH1352,N,323,1,2.7900420984851406,3.033477306365967,-0.24343520788082618,0.24343520788082618,22,312X788,98.5,-3.2974358169655553,3.2974358169655553,312
NH1352,N,323,1,2.7900420984851406,3.033477306365967,-0.24343520788082618,0.24343520788082618,23,312X776,98.6,-3.2961665262738995,3.2961665262738995,312
NH1352,N,323,1,2.7900420984851406,3.033477306365967,-0.24343520788082618,0.24343520788082618,24,312X792,98.6,-3.274748002311285,3.274748002311285,312
NH1352,N,323,1,2.7900420984851406,3.033477306365967,-0.24343520788082618,0.24343520788082618,25,312X790,98.6,-3.259650320332966,3.259650320332966,312
NH1352,N,323,1,2.7900420984851406,3.033477306365967,-0.24343520788082618,0.24343520788082618,26,312X780,98.7,-3.251779842765044,3.251779842765044,312
NH1352,N,323,1,2.7900420984851406,3.033477306365967,-0.24343520788082618,0.24343520788082618,27,312X786,98.8,-3.1959719139630294,3.1959719139630294,312
NH1352,N,323,1,2.7900420984851406,3.033477306365967,-0.24343520788082618,0.24343520788082618,28,311X146,0.0,3.1912938525282364,3.1912938525282364,311
NH1352,N,323,1,2.7900420984851406,3.033477306365967,-0.24343520788082618,0.24343520788082618,29,312X580,3001.0,-3.040272692117911,3.040272692117911,312
NH1352,N,323,1,2.7900420984851406,3.033477306365967,-0.24343520788082618,0.24343520788082618,30,312X189,3.5,2.957220390675078,2.957220390675078,312
NH1664,M,584,2,2.5381910833333334,2.7815496921539307,-0.24335860882059723,0.24335860882059723,1,220X6,-2.007051,-11.290604218576483,11.290604218576483,220
NH1664,M,584,2,2.5381910833333334,2.7815496921539307,-0.24335860882059723,0.24335860882059723,2,220X5,-4.039729,-11.054176063394829,11.054176063394829,220
NH1664,M,584,2,2.5381910833333334,2.7815496921539307,-0.24335860882059723,0.24335860882059723,3,220X12,-4.985594,-9.466940682505681,9.466940682505681,220
NH1664,M,584,2,2.5381910833333334,2.7815496921539307,-0.24335860882059723,0.24335860882059723,4,340X133,74.0,9.135198059577052,9.135198059577052,340
NH1664,M,584,2,2.5381910833333334,2.7815496921539307,-0.24335860882059723,0.24335860882059723,5,340X125,43.0,8.376556068564678,8.376556068564678,340
NH1664,M,584,2,2.5381910833333334,2.7815496921539307,-0.24335860882059723,0.24335860882059723,6,520X376,6.3,-8.097291759373288,8.097291759373288,520
NH1664,M,584,2,2.5381910833333334,2.7815496921539307,-0.24335860882059723,0.24335860882059723,7,220X13,-3.23352,-7.534484287480152,7.534484287480152,220
NH1664,M,584,2,2.5381910833333334,2.7815496921539307,-0.24335860882059723,0.24335860882059723,8,310X107,6.362129,5.9516530170331166,5.9516530170331166,310
NH1664,M,584,2,2.5381910833333334,2.7815496921539307,-0.24335860882059723,0.24335860882059723,9,210X228,3.3,5.947678375484653,5.947678375484653,210
NH1664,M,584,2,2.5381910833333334,2.7815496921539307,-0.24335860882059723,0.24335860882059723,10,310X6,-4.503178,-5.67215680489422,5.67215680489422,310
NH1664,M,584,2,2.5381910833333334,2.7815496921539307,-0.24335860882059723,0.24335860882059723,11,210X12,2.566,5.439136808782275,5.439136808782275,210
NH1664,M,584,2,2.5381910833333334,2.7815496921539307,-0.24335860882059723,0.24335860882059723,12,310X5,-5.35446,-5.2633223453088505,5.2633223453088505,310
NH1664,M,584,2,2.5381910833333334,2.7815496921539307,-0.24335860882059723,0.24335860882059723,13,310X13,-4.399136,-4.915568422324419,4.915568422324419,310
NH1664,M,584,2,2.5381910833333334,2.7815496921539307,-0.24335860882059723,0.24335860882059723,14,340X149,66.0,-4.914852337774451,4.914852337774451,340
NH1664,M,584,2,2.5381910833333334,2.7815496921539307,-0.24335860882059723,0.24335860882059723,15,340X147,65.0,-4.897379382778852,4.897379382778852,340
NH1664,M,584,2,2.5381910833333334,2.7815496921539307,-0.24335860882059723,0.24335860882059723,16,340X151,60.0,-4.856228912450773,4.856228912450773,340
NH1664,M,584,2,2.5381910833333334,2.7815496921539307,-0.24335860882059723,0.24335860882059723,17,310X103,7.255365,4.576751557595669,4.576751557595669,310
NH1664,M,584,2,2.5381910833333334,2.7815496921539307,-0.24335860882059723,0.24335860882059723,18,310X12,-5.539651,-4.5592870441992215,4.5592870441992215,310
NH1664,M,584,2,2.5381910833333334,2.7815496921539307,-0.24335860882059723,0.24335860882059723,19,220X122,6.35731,4.557057676057291,4.557057676057291,220
NH1664,M,584,2,2.5381910833333334,2.7815496921539307,-0.24335860882059723,0.24335860882059723,20,210X107,2.9,4.451286851769546,4.451286851769546,210
NH1664,M,584,2,2.5381910833333334,2.7815496921539307,-0.24335860882059723,0.24335860882059723,21,340X108,46070.0,4.367950799696107,4.367950799696107,340
NH1664,M,584,2,2.5381910833333334,2.7815496921539307,-0.24335860882059723,0.24335860882059723,22,340X20,3006.0,4.243247785472921,4.243247785472921,340
NH1664,M,584,2,2.5381910833333334,2.7815496921539307,-0.24335860882059723,0.24335860882059723,23,340X110,7.0,3.955639434191815,3.955639434191815,340
NH1664,M,584,2,2.5381910833333334,2.7815496921539307,-0.24335860882059723,0.24335860882059723,24,310X162,0.232323,3.948736849872015,3.948736849872015,310
NH1664,M,584,2,2.5381910833333334,2.7815496921539307,-0.24335860882059723,0.24335860882059723,25,310X99,8.85212,3.910603363376403,3.910603363376403,310
NH1664,M,584,2,2.5381910833333334,2.7815496921539307,-0.24335860882059723,0.24335860882059723,26,340X109,31995.0,-3.6588089190045308,3.6588089190045308,340
NH1664,M,584,2,2.5381910833333334,2.7815496921539307,-0.24335860882059723,0.24335860882059723,27,312X448,9.8,-3.500207033214266,3.500207033214266,312
NH1664,M,584,2,2.5381910833333334,2.7815496921539307,-0.24335860882059723,0.24335860882059723,28,210X230,4.0,3.4958692858483413,3.4958692858483413,210
NH1664,M,584,2,2.5381910833333334,2.7815496921539307,-0.24335860882059723,0.24335860882059723,29,340X10,108.0,3.468141124143872,3.468141124143872,340
NH1664,M,584,2,2.5381910833333334,2.7815496921539307,-0.24335860882059723,0.24335860882059723,30,310X43,-2.0,3.3909305872399567,3.3909305872399567,310
NH1302,N,280,3,3.014583128788751,2.7735753059387207,0.24100782285003008,0.24100782285003008,1,210X80,1.0,5.808647039955399,5.808647039955399,210
NH1302,N,280,3,3.014583128788751,2.7735753059387207,0.24100782285003008,0.24100782285003008,2,210X214,3.0,5.096792098155824,5.096792098155824,210
NH1302,N,280,3,3.014583128788751,2.7735753059387207,0.24100782285003008,0.24100782285003008,3,310X152,-0.26979,-3.5918123601566414,3.5918123601566414,310
NH1302,N,280,3,3.014583128788751,2.7735753059387207,0.24100782285003008,0.24100782285003008,4,312X214,54.3,3.4674624226701254,3.4674624226701254,312
NH1302,N,280,3,3.014583128788751,2.7735753059387207,0.24100782285003008,0.24100782285003008,5,210X109,0.1,3.332763208819463,3.332763208819463,210
NH1302,N,280,3,3.014583128788751,2.7735753059387207,0.24100782285003008,0.24100782285003008,6,340X143,15007.0,2.993049845098328,2.993049845098328,340
NH1302,N,280,3,3.014583128788751,2.7735753059387207,0.24100782285003008,0.24100782285003008,7,400X16,31.3,2.8773725486314214,2.8773725486314214,400
NH1302,N,280,3,3.014583128788751,2.7735753059387207,0.24100782285003008,0.24100782285003008,8,310X155,-0.09645,-2.7593030345778917,2.7593030345778917,310
NH1302,N,280,3,3.014583128788751,2.7735753059387207,0.24100782285003008,0.24100782285003008,9,310X180,0.055713,2.6000234508435978,2.6000234508435978,310
NH1302,N,280,3,3.014583128788751,2.7735753059387207,0.24100782285003008,0.24100782285003008,10,400X151,0.0,2.5711425105434755,2.5711425105434755,400
NH1302,N,280,3,3.014583128788751,2.7735753059387207,0.24100782285003008,0.24100782285003008,11,400X38,113.0,2.5366741645301967,2.5366741645301967,400
NH1302,N,280,3,3.014583128788751,2.7735753059387207,0.24100782285003008,0.24100782285003008,12,340X13,261.0,2.422860471519106,2.422860471519106,340
NH1302,N,280,3,3.014583128788751,2.7735753059387207,0.24100782285003008,0.24100782285003008,13,340X11,257.0,2.3043792064875883,2.3043792064875883,340
NH1302,N,280,3,3.014583128788751,2.7735753059387207,0.24100782285003008,0.24100782285003008,14,312X696,3062.0,2.28606532778004,2.28606532778004,312
NH1302,N,280,3,3.014583128788751,2.7735753059387207,0.24100782285003008,0.24100782285003008,15,340X15,248.0,2.2657216121666353,2.2657216121666353,340
NH1302,N,280,3,3.014583128788751,2.7735753059387207,0.24100782285003008,0.24100782285003008,16,210X105,1.5,2.217133373878963,2.217133373878963,210
NH1302,N,280,3,3.014583128788751,2.7735753059387207,0.24100782285003008,0.24100782285003008,17,310X148,-0.300773,-2.2027228834339616,2.2027228834339616,310
NH1302,N,280,3,3.014583128788751,2.7735753059387207,0.24100782285003008,0.24100782285003008,18,210X186,36259.8,-2.117896486854157,2.117896486854157,210
NH1302,N,280,3,3.014583128788751,2.7735753059387207,0.24100782285003008,0.24100782285003008,19,310X201,-0.058091,-2.0952698495190605,2.0952698495190605,310
NH1302,N,280,3,3.014583128788751,2.7735753059387207,0.24100782285003008,0.24100782285003008,20,312X215,43.8,2.085586324352305,2.085586324352305,312
NH1302,N,280,3,3.014583128788751,2.7735753059387207,0.24100782285003008,0.24100782285003008,21,312X210,47.3,2.075197910959499,2.075197910959499,312
NH1302,N,280,3,3.014583128788751,2.7735753059387207,0.24100782285003008,0.24100782285003008,22,310X151,-0.381209,-2.0701381869125357,2.0701381869125357,310
NH1302,N,280,3,3.014583128788751,2.7735753059387207,0.24100782285003008,0.24100782285003008,23,312X486,24.0,2.0638936453955643,2.0638936453955643,312
NH1302,N,280,3,3.014583128788751,2.7735753059387207,0.24100782285003008,0.24100782285003008,24,312X474,25.0,2.0400887159183276,2.0400887159183276,312
NH1302,N,280,3,3.014583128788751,2.7735753059387207,0.24100782285003008,0.24100782285003008,25,400X133,-0.1,-2.03864874602699,2.03864874602699,400
NH1302,N,280,3,3.014583128788751,2.7735753059387207,0.24100782285003008,0.24100782285003008,26,420X35,227.0,2.0242060486919375,2.0242060486919375,420
NH1302,N,280,3,3.014583128788751,2.7735753059387207,0.24100782285003008,0.24100782285003008,27,420X34,227.0,2.0161722517986727,2.0161722517986727,420
NH1302,N,280,3,3.014583128788751,2.7735753059387207,0.24100782285003008,0.24100782285003008,28,420X37,227.0,2.0105208351914996,2.0105208351914996,420
NH1302,N,280,3,3.014583128788751,2.7735753059387207,0.24100782285003008,0.24100782285003008,29,420X38,227.0,2.008208617406911,2.008208617406911,420
NH1302,N,280,3,3.014583128788751,2.7735753059387207,0.24100782285003008,0.24100782285003008,30,420X228,114.0,1.968718922369986,1.968718922369986,420
NH1069,O,90,2,3.190142772727084,2.951843738555908,0.2382990341711757,0.2382990341711757,1,420X146,1.61,5.793658056246768,5.793658056246768,420
NH1069,O,90,2,3.190142772727084,2.951843738555908,0.2382990341711757,0.2382990341711757,2,420X133,0.1,5.793658056246622,5.793658056246622,420
NH1069,O,90,2,3.190142772727084,2.951843738555908,0.2382990341711757,0.2382990341711757,3,210X99,0.09,5.745972078304932,5.745972078304932,210
NH1069,O,90,2,3.190142772727084,2.951843738555908,0.2382990341711757,0.2382990341711757,4,210X97,0.09,5.614866738323963,5.614866738323963,210
NH1069,O,90,2,3.190142772727084,2.951843738555908,0.2382990341711757,0.2382990341711757,5,420X148,1.61,5.156377324085503,5.156377324085503,420
NH1069,O,90,2,3.190142772727084,2.951843738555908,0.2382990341711757,0.2382990341711757,6,420X144,1.61,5.0715991008311905,5.0715991008311905,420
NH1069,O,90,2,3.190142772727084,2.951843738555908,0.2382990341711757,0.2382990341711757,7,210X98,0.12,4.161192218566317,4.161192218566317,210
NH1069,O,90,2,3.190142772727084,2.951843738555908,0.2382990341711757,0.2382990341711757,8,ERROR:#N/A_11,54.0,3.662610721826705,3.662610721826705,UNKNOWN
NH1069,O,90,2,3.190142772727084,2.951843738555908,0.2382990341711757,0.2382990341711757,9,344X221,3372.0,-3.5677822241604478,3.5677822241604478,344
NH1069,O,90,2,3.190142772727084,2.951843738555908,0.2382990341711757,0.2382990341711757,10,344X158,4087.0,3.535168800131422,3.535168800131422,344
NH1069,O,90,2,3.190142772727084,2.951843738555908,0.2382990341711757,0.2382990341711757,11,344X208,41.0,3.4989120364725506,3.4989120364725506,344
NH1069,O,90,2,3.190142772727084,2.951843738555908,0.2382990341711757,0.2382990341711757,12,344X114,1204.0,3.4910865736822605,3.4910865736822605,344
NH1069,O,90,2,3.190142772727084,2.951843738555908,0.2382990341711757,0.2382990341711757,13,344X87,2.0,-3.4822515946189982,3.4822515946189982,344
NH1069,O,90,2,3.190142772727084,2.951843738555908,0.2382990341711757,0.2382990341711757,14,344X112,1199.0,3.4822225497872963,3.4822225497872963,344
NH1069,O,90,2,3.190142772727084,2.951843738555908,0.2382990341711757,0.2382990341711757,15,344X105,802.0,3.4816579914730577,3.4816579914730577,344
NH1069,O,90,2,3.190142772727084,2.951843738555908,0.2382990341711757,0.2382990341711757,16,344X103,799.0,3.481446947653814,3.481446947653814,344
NH1069,O,90,2,3.190142772727084,2.951843738555908,0.2382990341711757,0.2382990341711757,17,344X85,1.0,-3.4793102657824315,3.4793102657824315,344
NH1069,O,90,2,3.190142772727084,2.951843738555908,0.2382990341711757,0.2382990341711757,18,344X154,10.0,-3.4784494614321635,3.4784494614321635,344
NH1069,O,90,2,3.190142772727084,2.951843738555908,0.2382990341711757,0.2382990341711757,19,ERROR:#N/A_16,5.0,3.478449461432163,3.478449461432163,UNKNOWN
NH1069,O,90,2,3.190142772727084,2.951843738555908,0.2382990341711757,0.2382990341711757,20,344X119,1200.0,3.4784494614321626,3.4784494614321626,344
NH1069,O,90,2,3.190142772727084,2.951843738555908,0.2382990341711757,0.2382990341711757,21,344X172,4000.0,3.4784494614321626,3.4784494614321626,344
NH1069,O,90,2,3.190142772727084,2.951843738555908,0.2382990341711757,0.2382990341711757,22,344X92,0.0,-3.4784494614321626,3.4784494614321626,344
NH1069,O,90,2,3.190142772727084,2.951843738555908,0.2382990341711757,0.2382990341711757,23,344X110,800.0,3.4784494614321626,3.4784494614321626,344
NH1069,O,90,2,3.190142772727084,2.951843738555908,0.2382990341711757,0.2382990341711757,24,344X225,3173.0,-3.477839060546036,3.477839060546036,344
NH1069,O,90,2,3.190142772727084,2.951843738555908,0.2382990341711757,0.2382990341711757,25,344X149,10.0,-3.476125074103659,3.476125074103659,344
NH1069,O,90,2,3.190142772727084,2.951843738555908,0.2382990341711757,0.2382990341711757,26,344X48,3001.0,-3.452931647692903,3.452931647692903,344
NH1069,O,90,2,3.190142772727084,2.951843738555908,0.2382990341711757,0.2382990341711757,27,344X159,3936.0,3.4497394328447655,3.4497394328447655,344
NH1069,O,90,2,3.190142772727084,2.951843738555908,0.2382990341711757,0.2382990341711757,28,344X186,871.0,3.4255288119998744,3.4255288119998744,344
NH1069,O,90,2,3.190142772727084,2.951843738555908,0.2382990341711757,0.2382990341711757,29,344X150,10.3,-3.399319789044254,3.399319789044254,344
NH1069,O,90,2,3.190142772727084,2.951843738555908,0.2382990341711757,0.2382990341711757,30,ERROR:#N/A_14,3672.0,-3.350520920875715,3.350520920875715,UNKNOWN
NH1291,M,269,5,2.8228221780299996,2.5857250690460205,0.23709710898397907,0.23709710898397907,1,344X27,3020.0,6.512535442195665,6.512535442195665,344
NH1291,M,269,5,2.8228221780299996,2.5857250690460205,0.23709710898397907,0.23709710898397907,2,750X261,0.46,-4.92773705926855,4.92773705926855,750
NH1291,M,269,5,2.8228221780299996,2.5857250690460205,0.23709710898397907,0.23709710898397907,3,750X115,22.34,-4.362657648694828,4.362657648694828,750
NH1291,M,269,5,2.8228221780299996,2.5857250690460205,0.23709710898397907,0.23709710898397907,4,750X294,23.08,-4.288134240770122,4.288134240770122,750
NH1291,M,269,5,2.8228221780299996,2.5857250690460205,0.23709710898397907,0.23709710898397907,5,312X338,-2.0,-4.139315999263954,4.139315999263954,312
NH1291,M,269,5,2.8228221780299996,2.5857250690460205,0.23709710898397907,0.23709710898397907,6,750X659,0.41,-3.9883288054029538,3.9883288054029538,750
NH1291,M,269,5,2.8228221780299996,2.5857250690460205,0.23709710898397907,0.23709710898397907,7,220X218,-0.056237,-3.606091479950111,3.606091479950111,220
NH1291,M,269,5,2.8228221780299996,2.5857250690460205,0.23709710898397907,0.23709710898397907,8,312X525,63.0,2.773566023435833,2.773566023435833,312
NH1291,M,269,5,2.8228221780299996,2.5857250690460205,0.23709710898397907,0.23709710898397907,9,312X753,139.0,2.7627180815726287,2.7627180815726287,312
NH1291,M,269,5,2.8228221780299996,2.5857250690460205,0.23709710898397907,0.23709710898397907,10,312X518,60.0,2.6778734824332417,2.6778734824332417,312
NH1291,M,269,5,2.8228221780299996,2.5857250690460205,0.23709710898397907,0.23709710898397907,11,312X567,402.0,2.6336914915843406,2.6336914915843406,312
NH1291,M,269,5,2.8228221780299996,2.5857250690460205,0.23709710898397907,0.23709710898397907,12,312X565,1026.0,2.627105095316814,2.627105095316814,312
NH1291,M,269,5,2.8228221780299996,2.5857250690460205,0.23709710898397907,0.23709710898397907,13,312X517,72.0,2.6138927018345477,2.6138927018345477,312
NH1291,M,269,5,2.8228221780299996,2.5857250690460205,0.23709710898397907,0.23709710898397907,14,312X754,67.0,2.6022962801533915,2.6022962801533915,312
NH1291,M,269,5,2.8228221780299996,2.5857250690460205,0.23709710898397907,0.23709710898397907,15,312X54,217.0,-2.594952359045114,2.594952359045114,312
NH1291,M,269,5,2.8228221780299996,2.5857250690460205,0.23709710898397907,0.23709710898397907,16,312X524,61.0,2.5926758064564766,2.5926758064564766,312
NH1291,M,269,5,2.8228221780299996,2.5857250690460205,0.23709710898397907,0.23709710898397907,17,312X555,406.0,2.5920172476485766,2.5920172476485766,312
NH1291,M,269,5,2.8228221780299996,2.5857250690460205,0.23709710898397907,0.23709710898397907,18,312X700,2885.0,-2.589518202335257,2.589518202335257,312
NH1291,M,269,5,2.8228221780299996,2.5857250690460205,0.23709710898397907,0.23709710898397907,19,312X523,73.0,2.567239294385208,2.567239294385208,312
NH1291,M,269,5,2.8228221780299996,2.5857250690460205,0.23709710898397907,0.23709710898397907,20,312X553,1063.0,2.566710646113233,2.566710646113233,312
NH1291,M,269,5,2.8228221780299996,2.5857250690460205,0.23709710898397907,0.23709710898397907,21,312X673,3596.0,-2.5580675730219617,2.5580675730219617,312
NH1291,M,269,5,2.8228221780299996,2.5857250690460205,0.23709710898397907,0.23709710898397907,22,312X667,3594.0,-2.556334236052223,2.556334236052223,312
NH1291,M,269,5,2.8228221780299996,2.5857250690460205,0.23709710898397907,0.23709710898397907,23,312X679,3591.0,-2.554855348392239,2.554855348392239,312
NH1291,M,269,5,2.8228221780299996,2.5857250690460205,0.23709710898397907,0.23709710898397907,24,312X559,1075.0,2.546808734931656,2.546808734931656,312
NH1291,M,269,5,2.8228221780299996,2.5857250690460205,0.23709710898397907,0.23709710898397907,25,312X675,3715.0,-2.5452836147066935,2.5452836147066935,312
NH1291,M,269,5,2.8228221780299996,2.5857250690460205,0.23709710898397907,0.23709710898397907,26,312X669,3712.0,-2.544111437790073,2.544111437790073,312
NH1291,M,269,5,2.8228221780299996,2.5857250690460205,0.23709710898397907,0.23709710898397907,27,312X681,3711.0,-2.5419821554048965,2.5419821554048965,312
NH1291,M,269,5,2.8228221780299996,2.5857250690460205,0.23709710898397907,0.23709710898397907,28,312X668,3582.0,-2.529171746190335,2.529171746190335,312
NH1291,M,269,5,2.8228221780299996,2.5857250690460205,0.23709710898397907,0.23709710898397907,29,312X680,3556.0,-2.527607007474789,2.527607007474789,312
NH1291,M,269,5,2.8228221780299996,2.5857250690460205,0.23709710898397907,0.23709710898397907,30,312X674,3592.0,-2.526315949504334,2.526315949504334,312
