scope,fold,model,row_index,ID,group,time_proxy,actual,prediction
sensitivity,1,reference_seed42,340,NH1376,340,1498536981.0,2.9502337462116666,2.9268124
sensitivity,1,reference_seed42,341,NH1377,341,1498537987.0,3.017101999999166,2.8122272
sensitivity,1,reference_seed42,308,NH1336,308,1498543128.0,2.6871744873736114,2.5275304
sensitivity,1,reference_seed42,352,NH1388,352,1498544686.0,2.7922012689387503,2.8938057
sensitivity,1,reference_seed42,353,NH1389,353,1498544840.5,2.744722598485416,2.6294777
sensitivity,1,reference_seed42,406,NH1447,406,1498545499.0,2.79463993939375,2.710105
sensitivity,1,reference_seed42,269,NH1291,269,1498555067.0,2.8228221780299996,2.6335042
sensitivity,1,reference_seed42,268,NH1290,268,1498555272.5,2.6928882613641667,2.6035895
sensitivity,1,reference_seed42,385,NH1426,385,1498556905.5,2.9159720511366674,2.595559
sensitivity,1,reference_seed42,267,NH1289,267,1498557415.5,2.8609133787891667,2.6667473
sensitivity,1,reference_seed42,266,NH1288,266,1498557641.0,2.745617397727917,2.6611903
sensitivity,1,reference_seed42,307,NH1335,307,1498564294.0,3.0797070101005546,2.7031968
sensitivity,1,reference_seed42,393,NH1434,393,1498570353.0,2.8610414507566673,2.5345721
sensitivity,1,reference_seed42,369,NH1407,369,1498572947.5,2.3724959797983334,2.5066042
sensitivity,1,reference_seed42,368,NH1406,368,1498573072.0,2.6985776186861115,2.5706737
sensitivity,1,reference_seed42,370,NH1408,370,1498573120.5,2.9403473358586107,2.8177114
sensitivity,1,reference_seed42,351,NH1387,351,1498575475.0,2.6446771856066666,2.5156705
sensitivity,1,reference_seed42,356,NH1392,356,1498575825.0,2.6571546022733328,2.6017826
sensitivity,1,reference_seed42,354,NH1390,354,1498575916.0,2.601928625,2.538446
sensitivity,1,reference_seed42,355,NH1391,355,1498576163.0,3.0596034772720824,2.869314
sensitivity,1,reference_seed42,357,NH1393,357,1498576169.5,2.7594724431812505,2.5329745
sensitivity,1,reference_seed42,396,NH1437,396,1498580643.5,2.4572546287883332,2.5926492
sensitivity,1,reference_seed42,397,NH1438,397,1498580706.0,2.8197956249991667,2.6190956
sensitivity,1,reference_seed42,394,NH1435,394,1498581117.5,2.5875511931825,2.5798628
sensitivity,1,reference_seed42,395,NH1436,395,1498581200.0,2.9314942272737503,2.6980124
sensitivity,1,reference_seed42,374,NH1412,374,1498581338.0,2.7662135151520832,2.6643186
sensitivity,1,reference_seed42,373,NH1411,373,1498581417.0,2.836565439392917,2.7176523
sensitivity,1,reference_seed42,376,NH1414,376,1498582161.0,2.5805085795449996,2.6361322
sensitivity,1,reference_seed42,377,NH1415,377,1498582635.0,2.6120531174233337,2.5940943
sensitivity,1,reference_seed42,378,NH1416,378,1498582950.5,2.6666781780308337,2.57541
sensitivity,1,reference_seed42,372,NH1410,372,1498583234.0,2.5341386022729164,2.6651292
sensitivity,1,reference_seed42,371,NH1409,371,1498583313.0,2.9119232272733337,2.6555462
sensitivity,1,reference_seed42,381,NH1422,381,1498583329.5,2.732614287878125,2.799908
sensitivity,1,reference_seed42,382,NH1423,382,1498583392.0,2.795841687499792,2.7226706
sensitivity,1,reference_seed42,383,NH1424,383,1498583487.5,2.603203013257291,2.608434
sensitivity,1,reference_seed42,384,NH1425,384,1498584024.0,3.090623825757918,2.9011426
sensitivity,1,reference_seed42,379,NH1420,379,1498585225.5,2.88418860984875,2.7106957
sensitivity,1,reference_seed42,380,NH1421,380,1498585288.0,2.6350029640147916,2.7274964
sensitivity,1,reference_seed42,309,NH1337,309,1498585683.0,2.9226101060613896,2.881366
sensitivity,1,reference_seed42,310,NH1338,310,1498586473.0,2.9221314431825003,2.7614343
sensitivity,1,reference_seed42,400,NH1441,400,1498587262.0,2.6845978813138895,2.594491
sensitivity,1,reference_seed42,399,NH1440,399,1498587350.5,2.4855075101008333,2.5985212
sensitivity,1,reference_seed42,401,NH1442,401,1498587370.0,2.690955692424499,2.8569984
sensitivity,1,reference_seed42,398,NH1439,398,1498589292.0,2.6040388181808334,2.6648843
sensitivity,1,reference_seed42,402,NH1443,402,1498589308.0,2.6812744053033337,2.6797633
sensitivity,1,reference_seed42,365,NH1403,365,1498596283.0,2.6668114507575003,2.5905466
sensitivity,1,reference_seed42,364,NH1402,364,1498596364.0,2.7964503750012497,2.4854782
sensitivity,1,reference_seed42,366,NH1404,366,1498597027.0,2.76952707197,2.5746024
sensitivity,1,reference_seed42,367,NH1405,367,1498597108.0,2.5459914393941667,2.5672407
sensitivity,1,reference_seed42,362,NH1400,362,1498598136.0,2.8297341931820834,2.6468935
sensitivity,1,reference_seed42,390,NH1431,390,1498603234.0,2.8693135707070834,2.834535
sensitivity,1,reference_seed42,391,NH1432,391,1498603301.0,2.4809344823230552,2.521796
sensitivity,1,reference_seed42,392,NH1433,392,1498603537.0,2.8484010959591677,2.7966254
sensitivity,1,reference_seed42,405,NH1446,405,1498608284.5,2.772907863636667,2.85259
sensitivity,1,reference_seed42,408,NH1449,408,1498609102.0,2.8542932992424994,2.6684673
sensitivity,1,reference_seed42,407,NH1448,407,1498609164.5,2.7518247045458337,2.7347245
sensitivity,1,reference_seed42,403,NH1444,403,1498610132.0,2.7301533333329164,2.5252614
sensitivity,1,reference_seed42,404,NH1445,404,1498610214.0,2.918158560606666,2.7688878
sensitivity,1,reference_seed42,221,NH1237,221,1498612523.0,2.6849211477270836,2.723169
sensitivity,1,reference_seed42,220,NH1236,220,1498614384.5,2.8226209318179167,2.6436086
sensitivity,1,reference_seed42,298,NH1324,297,1498614937.0,2.9338776060612504,2.7658
sensitivity,1,reference_seed42,296,NH1323,295,1498614992.5,2.5266099848475,2.584679
sensitivity,1,reference_seed42,294,NH1322,293,1498615071.5,2.8165363030316675,2.5958974
sensitivity,1,reference_seed42,517,NH1571,517,1498616800.0,2.6675930037875,2.7227595
sensitivity,1,reference_seed42,518,NH1572,518,1498617353.0,2.8438639431825004,2.8063633
sensitivity,1,reference_seed42,520,NH1573,519,1498617768.0,2.7471295151525,2.84494
sensitivity,1,reference_seed42,522,NH1574,521,1498621809.0,2.7811293674241666,2.7372546
sensitivity,1,reference_seed42,280,NH1302,280,1498637058.5,3.014583128788751,2.6932871
sensitivity,1,reference_seed42,450,NH1491,450,1498643325.0,2.4046029571968743,2.6435344
sensitivity,1,reference_seed42,452,NH1493,452,1498643373.5,2.756723655304167,2.792193
sensitivity,1,reference_seed42,451,NH1492,451,1498643617.0,2.7699136931808335,2.889899
sensitivity,1,reference_seed42,453,NH1494,453,1498644078.0,2.8766519621216666,2.807881
sensitivity,1,reference_seed42,454,NH1495,454,1498644534.0,2.5458145189391668,2.6693296
sensitivity,1,reference_seed42,455,NH1496,455,1498644867.0,2.794155,2.9854302
sensitivity,1,reference_seed42,456,NH1497,456,1498645064.0,2.7536738371212492,2.7847488
sensitivity,1,reference_seed42,457,NH1498,457,1498645284.0,2.580586496212916,2.6774976
sensitivity,1,reference_seed42,521,NH1574,521,1498647951.0,2.7811293674241666,2.7214627
sensitivity,1,reference_seed42,519,NH1573,519,1498648050.0,2.7471295151525,2.8319921
sensitivity,1,reference_seed42,523,NH1575,523,1498648396.0,2.53008267424125,2.5806592
sensitivity,1,reference_seed42,516,NH1570,516,1498649017.0,2.5346034412883336,2.6126533
sensitivity,1,reference_seed42,359,NH1396,359,1498653566.0,2.5963870378785012,2.7519162
sensitivity,1,reference_seed42,360,NH1397,360,1498653680.0,2.622993156565277,2.598363
sensitivity,1,reference_seed42,361,NH1398,361,1498653781.5,2.8257200202024997,2.8584838
sensitivity,1,reference_seed42,389,NH1430,389,1498660227.0,2.598982184847709,2.6178744
sensitivity,1,reference_seed42,335,NH1365,335,1498660890.5,2.4130399090912498,2.5454786
sensitivity,1,reference_seed42,336,NH1366,336,1498661007.0,2.8110285681816665,2.8681974
sensitivity,1,reference_seed42,337,NH1367,337,1498661220.0,2.5282417234850003,2.5874827
sensitivity,1,reference_seed42,338,NH1368,338,1498662841.0,2.9217660000004164,2.9494631
sensitivity,1,reference_seed42,334,NH1364,334,1498663018.0,2.7324893257579177,2.5951762
sensitivity,1,reference_seed42,333,NH1363,333,1498663097.0,2.8111716136362497,2.6831381
sensitivity,1,reference_seed42,387,NH1428,387,1498677536.5,2.4962147626258337,2.6605844
sensitivity,1,reference_seed42,386,NH1427,386,1498677807.5,2.572204270201666,2.6609645
sensitivity,1,reference_seed42,388,NH1429,388,1498678052.0,2.7701933131311107,2.830259
sensitivity,1,reference_seed42,240,NH1258,240,1498682283.0,2.654602325757222,2.603311
sensitivity,1,reference_seed42,239,NH1257,239,1498682427.0,2.831951083332778,2.7527783
sensitivity,1,reference_seed42,241,NH1259,241,1498682470.0,3.1357789444447226,2.7903254
sensitivity,1,reference_seed42,444,NH1485,444,1498730538.0,2.8668407803025,2.6394665
sensitivity,1,reference_seed42,445,NH1486,445,1498731001.0,2.9221965719687497,2.7848253
sensitivity,1,reference_seed42,446,NH1487,446,1498731620.0,2.7554371666662503,2.616025
sensitivity,1,reference_seed42,448,NH1489,448,1498731806.5,2.961716594697083,2.604811
sensitivity,1,importance_0.5,340,NH1376,340,1498536981.0,2.9502337462116666,2.9943242
sensitivity,1,importance_0.5,341,NH1377,341,1498537987.0,3.017101999999166,2.819087
sensitivity,1,importance_0.5,308,NH1336,308,1498543128.0,2.6871744873736114,2.5501938
sensitivity,1,importance_0.5,352,NH1388,352,1498544686.0,2.7922012689387503,2.9447613
sensitivity,1,importance_0.5,353,NH1389,353,1498544840.5,2.744722598485416,2.6066122
sensitivity,1,importance_0.5,406,NH1447,406,1498545499.0,2.79463993939375,2.7326996
sensitivity,1,importance_0.5,269,NH1291,269,1498555067.0,2.8228221780299996,2.6512554
sensitivity,1,importance_0.5,268,NH1290,268,1498555272.5,2.6928882613641667,2.5905268
sensitivity,1,importance_0.5,385,NH1426,385,1498556905.5,2.9159720511366674,2.5971956
sensitivity,1,importance_0.5,267,NH1289,267,1498557415.5,2.8609133787891667,2.6815217
sensitivity,1,importance_0.5,266,NH1288,266,1498557641.0,2.745617397727917,2.65357
sensitivity,1,importance_0.5,307,NH1335,307,1498564294.0,3.0797070101005546,2.7078385
sensitivity,1,importance_0.5,393,NH1434,393,1498570353.0,2.8610414507566673,2.5497468
sensitivity,1,importance_0.5,369,NH1407,369,1498572947.5,2.3724959797983334,2.4801235
sensitivity,1,importance_0.5,368,NH1406,368,1498573072.0,2.6985776186861115,2.5822945
sensitivity,1,importance_0.5,370,NH1408,370,1498573120.5,2.9403473358586107,2.830043
sensitivity,1,importance_0.5,351,NH1387,351,1498575475.0,2.6446771856066666,2.5117762
sensitivity,1,importance_0.5,356,NH1392,356,1498575825.0,2.6571546022733328,2.5850444
sensitivity,1,importance_0.5,354,NH1390,354,1498575916.0,2.601928625,2.5531657
sensitivity,1,importance_0.5,355,NH1391,355,1498576163.0,3.0596034772720824,2.8840988
sensitivity,1,importance_0.5,357,NH1393,357,1498576169.5,2.7594724431812505,2.5967414
sensitivity,1,importance_0.5,396,NH1437,396,1498580643.5,2.4572546287883332,2.5788224
sensitivity,1,importance_0.5,397,NH1438,397,1498580706.0,2.8197956249991667,2.6586275
sensitivity,1,importance_0.5,394,NH1435,394,1498581117.5,2.5875511931825,2.5639412
sensitivity,1,importance_0.5,395,NH1436,395,1498581200.0,2.9314942272737503,2.7315133
sensitivity,1,importance_0.5,374,NH1412,374,1498581338.0,2.7662135151520832,2.6922593
sensitivity,1,importance_0.5,373,NH1411,373,1498581417.0,2.836565439392917,2.7686546
sensitivity,1,importance_0.5,376,NH1414,376,1498582161.0,2.5805085795449996,2.6627126
sensitivity,1,importance_0.5,377,NH1415,377,1498582635.0,2.6120531174233337,2.588657
sensitivity,1,importance_0.5,378,NH1416,378,1498582950.5,2.6666781780308337,2.588006
sensitivity,1,importance_0.5,372,NH1410,372,1498583234.0,2.5341386022729164,2.648342
sensitivity,1,importance_0.5,371,NH1409,371,1498583313.0,2.9119232272733337,2.709967
sensitivity,1,importance_0.5,381,NH1422,381,1498583329.5,2.732614287878125,2.7509487
sensitivity,1,importance_0.5,382,NH1423,382,1498583392.0,2.795841687499792,2.6846635
sensitivity,1,importance_0.5,383,NH1424,383,1498583487.5,2.603203013257291,2.5635283
sensitivity,1,importance_0.5,384,NH1425,384,1498584024.0,3.090623825757918,2.894467
sensitivity,1,importance_0.5,379,NH1420,379,1498585225.5,2.88418860984875,2.7176828
sensitivity,1,importance_0.5,380,NH1421,380,1498585288.0,2.6350029640147916,2.6534567
sensitivity,1,importance_0.5,309,NH1337,309,1498585683.0,2.9226101060613896,2.8452868
sensitivity,1,importance_0.5,310,NH1338,310,1498586473.0,2.9221314431825003,2.740794
sensitivity,1,importance_0.5,400,NH1441,400,1498587262.0,2.6845978813138895,2.5820518
sensitivity,1,importance_0.5,399,NH1440,399,1498587350.5,2.4855075101008333,2.5828645
sensitivity,1,importance_0.5,401,NH1442,401,1498587370.0,2.690955692424499,2.852536
sensitivity,1,importance_0.5,398,NH1439,398,1498589292.0,2.6040388181808334,2.6693995
sensitivity,1,importance_0.5,402,NH1443,402,1498589308.0,2.6812744053033337,2.6790142
sensitivity,1,importance_0.5,365,NH1403,365,1498596283.0,2.6668114507575003,2.640393
sensitivity,1,importance_0.5,364,NH1402,364,1498596364.0,2.7964503750012497,2.516171
sensitivity,1,importance_0.5,366,NH1404,366,1498597027.0,2.76952707197,2.610632
sensitivity,1,importance_0.5,367,NH1405,367,1498597108.0,2.5459914393941667,2.5848637
sensitivity,1,importance_0.5,362,NH1400,362,1498598136.0,2.8297341931820834,2.6637716
sensitivity,1,importance_0.5,390,NH1431,390,1498603234.0,2.8693135707070834,2.8236709
sensitivity,1,importance_0.5,391,NH1432,391,1498603301.0,2.4809344823230552,2.5403416
sensitivity,1,importance_0.5,392,NH1433,392,1498603537.0,2.8484010959591677,2.7774434
sensitivity,1,importance_0.5,405,NH1446,405,1498608284.5,2.772907863636667,2.8324354
sensitivity,1,importance_0.5,408,NH1449,408,1498609102.0,2.8542932992424994,2.6842594
sensitivity,1,importance_0.5,407,NH1448,407,1498609164.5,2.7518247045458337,2.7820752
sensitivity,1,importance_0.5,403,NH1444,403,1498610132.0,2.7301533333329164,2.500955
sensitivity,1,importance_0.5,404,NH1445,404,1498610214.0,2.918158560606666,2.7238843
sensitivity,1,importance_0.5,221,NH1237,221,1498612523.0,2.6849211477270836,2.7336557
sensitivity,1,importance_0.5,220,NH1236,220,1498614384.5,2.8226209318179167,2.6780655
sensitivity,1,importance_0.5,298,NH1324,297,1498614937.0,2.9338776060612504,2.747663
sensitivity,1,importance_0.5,296,NH1323,295,1498614992.5,2.5266099848475,2.5474572
sensitivity,1,importance_0.5,294,NH1322,293,1498615071.5,2.8165363030316675,2.597281
sensitivity,1,importance_0.5,517,NH1571,517,1498616800.0,2.6675930037875,2.7469966
sensitivity,1,importance_0.5,518,NH1572,518,1498617353.0,2.8438639431825004,2.8122127
sensitivity,1,importance_0.5,520,NH1573,519,1498617768.0,2.7471295151525,2.838473
sensitivity,1,importance_0.5,522,NH1574,521,1498621809.0,2.7811293674241666,2.765995
sensitivity,1,importance_0.5,280,NH1302,280,1498637058.5,3.014583128788751,2.6982148
sensitivity,1,importance_0.5,450,NH1491,450,1498643325.0,2.4046029571968743,2.5927742
sensitivity,1,importance_0.5,452,NH1493,452,1498643373.5,2.756723655304167,2.7928479
sensitivity,1,importance_0.5,451,NH1492,451,1498643617.0,2.7699136931808335,2.8408735
sensitivity,1,importance_0.5,453,NH1494,453,1498644078.0,2.8766519621216666,2.764468
sensitivity,1,importance_0.5,454,NH1495,454,1498644534.0,2.5458145189391668,2.643992
sensitivity,1,importance_0.5,455,NH1496,455,1498644867.0,2.794155,2.9944837
sensitivity,1,importance_0.5,456,NH1497,456,1498645064.0,2.7536738371212492,2.73694
sensitivity,1,importance_0.5,457,NH1498,457,1498645284.0,2.580586496212916,2.6899843
sensitivity,1,importance_0.5,521,NH1574,521,1498647951.0,2.7811293674241666,2.759563
sensitivity,1,importance_0.5,519,NH1573,519,1498648050.0,2.7471295151525,2.833075
sensitivity,1,importance_0.5,523,NH1575,523,1498648396.0,2.53008267424125,2.5728068
sensitivity,1,importance_0.5,516,NH1570,516,1498649017.0,2.5346034412883336,2.5930364
sensitivity,1,importance_0.5,359,NH1396,359,1498653566.0,2.5963870378785012,2.7310996
sensitivity,1,importance_0.5,360,NH1397,360,1498653680.0,2.622993156565277,2.5716918
sensitivity,1,importance_0.5,361,NH1398,361,1498653781.5,2.8257200202024997,2.875026
sensitivity,1,importance_0.5,389,NH1430,389,1498660227.0,2.598982184847709,2.5765018
sensitivity,1,importance_0.5,335,NH1365,335,1498660890.5,2.4130399090912498,2.5579128
sensitivity,1,importance_0.5,336,NH1366,336,1498661007.0,2.8110285681816665,2.8673112
sensitivity,1,importance_0.5,337,NH1367,337,1498661220.0,2.5282417234850003,2.5672092
sensitivity,1,importance_0.5,338,NH1368,338,1498662841.0,2.9217660000004164,2.9869502
sensitivity,1,importance_0.5,334,NH1364,334,1498663018.0,2.7324893257579177,2.5865886
sensitivity,1,importance_0.5,333,NH1363,333,1498663097.0,2.8111716136362497,2.6754284
sensitivity,1,importance_0.5,387,NH1428,387,1498677536.5,2.4962147626258337,2.6608148
sensitivity,1,importance_0.5,386,NH1427,386,1498677807.5,2.572204270201666,2.7183697
sensitivity,1,importance_0.5,388,NH1429,388,1498678052.0,2.7701933131311107,2.858106
sensitivity,1,importance_0.5,240,NH1258,240,1498682283.0,2.654602325757222,2.5874028
sensitivity,1,importance_0.5,239,NH1257,239,1498682427.0,2.831951083332778,2.7472634
sensitivity,1,importance_0.5,241,NH1259,241,1498682470.0,3.1357789444447226,2.809025
sensitivity,1,importance_0.5,444,NH1485,444,1498730538.0,2.8668407803025,2.6061413
sensitivity,1,importance_0.5,445,NH1486,445,1498731001.0,2.9221965719687497,2.7726443
sensitivity,1,importance_0.5,446,NH1487,446,1498731620.0,2.7554371666662503,2.5946505
sensitivity,1,importance_0.5,448,NH1489,448,1498731806.5,2.961716594697083,2.574713
sensitivity,1,importance_0.9,340,NH1376,340,1498536981.0,2.9502337462116666,2.953352
sensitivity,1,importance_0.9,341,NH1377,341,1498537987.0,3.017101999999166,2.8193107
sensitivity,1,importance_0.9,308,NH1336,308,1498543128.0,2.6871744873736114,2.5727348
sensitivity,1,importance_0.9,352,NH1388,352,1498544686.0,2.7922012689387503,2.9386747
sensitivity,1,importance_0.9,353,NH1389,353,1498544840.5,2.744722598485416,2.6154573
sensitivity,1,importance_0.9,406,NH1447,406,1498545499.0,2.79463993939375,2.7281795
sensitivity,1,importance_0.9,269,NH1291,269,1498555067.0,2.8228221780299996,2.6531625
sensitivity,1,importance_0.9,268,NH1290,268,1498555272.5,2.6928882613641667,2.6148677
sensitivity,1,importance_0.9,385,NH1426,385,1498556905.5,2.9159720511366674,2.6110446
sensitivity,1,importance_0.9,267,NH1289,267,1498557415.5,2.8609133787891667,2.717306
sensitivity,1,importance_0.9,266,NH1288,266,1498557641.0,2.745617397727917,2.6645653
sensitivity,1,importance_0.9,307,NH1335,307,1498564294.0,3.0797070101005546,2.7538323
sensitivity,1,importance_0.9,393,NH1434,393,1498570353.0,2.8610414507566673,2.520897
sensitivity,1,importance_0.9,369,NH1407,369,1498572947.5,2.3724959797983334,2.520838
sensitivity,1,importance_0.9,368,NH1406,368,1498573072.0,2.6985776186861115,2.5901332
sensitivity,1,importance_0.9,370,NH1408,370,1498573120.5,2.9403473358586107,2.8428555
sensitivity,1,importance_0.9,351,NH1387,351,1498575475.0,2.6446771856066666,2.5146492
sensitivity,1,importance_0.9,356,NH1392,356,1498575825.0,2.6571546022733328,2.6441183
sensitivity,1,importance_0.9,354,NH1390,354,1498575916.0,2.601928625,2.5244699
sensitivity,1,importance_0.9,355,NH1391,355,1498576163.0,3.0596034772720824,2.886214
sensitivity,1,importance_0.9,357,NH1393,357,1498576169.5,2.7594724431812505,2.536114
sensitivity,1,importance_0.9,396,NH1437,396,1498580643.5,2.4572546287883332,2.5801084
sensitivity,1,importance_0.9,397,NH1438,397,1498580706.0,2.8197956249991667,2.7222135
sensitivity,1,importance_0.9,394,NH1435,394,1498581117.5,2.5875511931825,2.5795772
sensitivity,1,importance_0.9,395,NH1436,395,1498581200.0,2.9314942272737503,2.7345762
sensitivity,1,importance_0.9,374,NH1412,374,1498581338.0,2.7662135151520832,2.7060678
sensitivity,1,importance_0.9,373,NH1411,373,1498581417.0,2.836565439392917,2.734706
sensitivity,1,importance_0.9,376,NH1414,376,1498582161.0,2.5805085795449996,2.6477227
sensitivity,1,importance_0.9,377,NH1415,377,1498582635.0,2.6120531174233337,2.6087723
sensitivity,1,importance_0.9,378,NH1416,378,1498582950.5,2.6666781780308337,2.6178784
sensitivity,1,importance_0.9,372,NH1410,372,1498583234.0,2.5341386022729164,2.6911852
sensitivity,1,importance_0.9,371,NH1409,371,1498583313.0,2.9119232272733337,2.6856425
sensitivity,1,importance_0.9,381,NH1422,381,1498583329.5,2.732614287878125,2.780222
sensitivity,1,importance_0.9,382,NH1423,382,1498583392.0,2.795841687499792,2.7310474
sensitivity,1,importance_0.9,383,NH1424,383,1498583487.5,2.603203013257291,2.5939515
sensitivity,1,importance_0.9,384,NH1425,384,1498584024.0,3.090623825757918,2.9076114
sensitivity,1,importance_0.9,379,NH1420,379,1498585225.5,2.88418860984875,2.6782355
sensitivity,1,importance_0.9,380,NH1421,380,1498585288.0,2.6350029640147916,2.6799507
sensitivity,1,importance_0.9,309,NH1337,309,1498585683.0,2.9226101060613896,2.8639739
sensitivity,1,importance_0.9,310,NH1338,310,1498586473.0,2.9221314431825003,2.7543325
sensitivity,1,importance_0.9,400,NH1441,400,1498587262.0,2.6845978813138895,2.6016757
sensitivity,1,importance_0.9,399,NH1440,399,1498587350.5,2.4855075101008333,2.5687945
sensitivity,1,importance_0.9,401,NH1442,401,1498587370.0,2.690955692424499,2.8756266
sensitivity,1,importance_0.9,398,NH1439,398,1498589292.0,2.6040388181808334,2.658691
sensitivity,1,importance_0.9,402,NH1443,402,1498589308.0,2.6812744053033337,2.6557693
sensitivity,1,importance_0.9,365,NH1403,365,1498596283.0,2.6668114507575003,2.5959778
sensitivity,1,importance_0.9,364,NH1402,364,1498596364.0,2.7964503750012497,2.506451
sensitivity,1,importance_0.9,366,NH1404,366,1498597027.0,2.76952707197,2.5992448
sensitivity,1,importance_0.9,367,NH1405,367,1498597108.0,2.5459914393941667,2.5590458
sensitivity,1,importance_0.9,362,NH1400,362,1498598136.0,2.8297341931820834,2.6433706
sensitivity,1,importance_0.9,390,NH1431,390,1498603234.0,2.8693135707070834,2.857229
sensitivity,1,importance_0.9,391,NH1432,391,1498603301.0,2.4809344823230552,2.5313363
sensitivity,1,importance_0.9,392,NH1433,392,1498603537.0,2.8484010959591677,2.7976694
sensitivity,1,importance_0.9,405,NH1446,405,1498608284.5,2.772907863636667,2.8343248
sensitivity,1,importance_0.9,408,NH1449,408,1498609102.0,2.8542932992424994,2.7067263
sensitivity,1,importance_0.9,407,NH1448,407,1498609164.5,2.7518247045458337,2.7572742
sensitivity,1,importance_0.9,403,NH1444,403,1498610132.0,2.7301533333329164,2.553018
sensitivity,1,importance_0.9,404,NH1445,404,1498610214.0,2.918158560606666,2.785708
sensitivity,1,importance_0.9,221,NH1237,221,1498612523.0,2.6849211477270836,2.7043738
sensitivity,1,importance_0.9,220,NH1236,220,1498614384.5,2.8226209318179167,2.650929
sensitivity,1,importance_0.9,298,NH1324,297,1498614937.0,2.9338776060612504,2.7646337
sensitivity,1,importance_0.9,296,NH1323,295,1498614992.5,2.5266099848475,2.5836732
sensitivity,1,importance_0.9,294,NH1322,293,1498615071.5,2.8165363030316675,2.6207142
sensitivity,1,importance_0.9,517,NH1571,517,1498616800.0,2.6675930037875,2.7396858
sensitivity,1,importance_0.9,518,NH1572,518,1498617353.0,2.8438639431825004,2.764742
sensitivity,1,importance_0.9,520,NH1573,519,1498617768.0,2.7471295151525,2.7940996
sensitivity,1,importance_0.9,522,NH1574,521,1498621809.0,2.7811293674241666,2.7335587
sensitivity,1,importance_0.9,280,NH1302,280,1498637058.5,3.014583128788751,2.7120707
sensitivity,1,importance_0.9,450,NH1491,450,1498643325.0,2.4046029571968743,2.6347833
sensitivity,1,importance_0.9,452,NH1493,452,1498643373.5,2.756723655304167,2.7734284
sensitivity,1,importance_0.9,451,NH1492,451,1498643617.0,2.7699136931808335,2.857281
sensitivity,1,importance_0.9,453,NH1494,453,1498644078.0,2.8766519621216666,2.8083959
sensitivity,1,importance_0.9,454,NH1495,454,1498644534.0,2.5458145189391668,2.6646748
sensitivity,1,importance_0.9,455,NH1496,455,1498644867.0,2.794155,3.0474572
sensitivity,1,importance_0.9,456,NH1497,456,1498645064.0,2.7536738371212492,2.8047726
sensitivity,1,importance_0.9,457,NH1498,457,1498645284.0,2.580586496212916,2.63475
sensitivity,1,importance_0.9,521,NH1574,521,1498647951.0,2.7811293674241666,2.720193
sensitivity,1,importance_0.9,519,NH1573,519,1498648050.0,2.7471295151525,2.8010855
sensitivity,1,importance_0.9,523,NH1575,523,1498648396.0,2.53008267424125,2.5986638
sensitivity,1,importance_0.9,516,NH1570,516,1498649017.0,2.5346034412883336,2.6048863
sensitivity,1,importance_0.9,359,NH1396,359,1498653566.0,2.5963870378785012,2.7604795
sensitivity,1,importance_0.9,360,NH1397,360,1498653680.0,2.622993156565277,2.5900905
sensitivity,1,importance_0.9,361,NH1398,361,1498653781.5,2.8257200202024997,2.8514194
sensitivity,1,importance_0.9,389,NH1430,389,1498660227.0,2.598982184847709,2.5896199
sensitivity,1,importance_0.9,335,NH1365,335,1498660890.5,2.4130399090912498,2.5137532
sensitivity,1,importance_0.9,336,NH1366,336,1498661007.0,2.8110285681816665,2.8157325
sensitivity,1,importance_0.9,337,NH1367,337,1498661220.0,2.5282417234850003,2.5828195
sensitivity,1,importance_0.9,338,NH1368,338,1498662841.0,2.9217660000004164,2.9506178
sensitivity,1,importance_0.9,334,NH1364,334,1498663018.0,2.7324893257579177,2.5883389
sensitivity,1,importance_0.9,333,NH1363,333,1498663097.0,2.8111716136362497,2.6901152
sensitivity,1,importance_0.9,387,NH1428,387,1498677536.5,2.4962147626258337,2.6605513
sensitivity,1,importance_0.9,386,NH1427,386,1498677807.5,2.572204270201666,2.692563
sensitivity,1,importance_0.9,388,NH1429,388,1498678052.0,2.7701933131311107,2.8179662
sensitivity,1,importance_0.9,240,NH1258,240,1498682283.0,2.654602325757222,2.5665786
sensitivity,1,importance_0.9,239,NH1257,239,1498682427.0,2.831951083332778,2.7267992
sensitivity,1,importance_0.9,241,NH1259,241,1498682470.0,3.1357789444447226,2.8123255
sensitivity,1,importance_0.9,444,NH1485,444,1498730538.0,2.8668407803025,2.6224875
sensitivity,1,importance_0.9,445,NH1486,445,1498731001.0,2.9221965719687497,2.7187803
sensitivity,1,importance_0.9,446,NH1487,446,1498731620.0,2.7554371666662503,2.649374
sensitivity,1,importance_0.9,448,NH1489,448,1498731806.5,2.961716594697083,2.6193562
sensitivity,1,drift_0,340,NH1376,340,1498536981.0,2.9502337462116666,2.968956
sensitivity,1,drift_0,341,NH1377,341,1498537987.0,3.017101999999166,2.839426
sensitivity,1,drift_0,308,NH1336,308,1498543128.0,2.6871744873736114,2.5224771
sensitivity,1,drift_0,352,NH1388,352,1498544686.0,2.7922012689387503,2.9114857
sensitivity,1,drift_0,353,NH1389,353,1498544840.5,2.744722598485416,2.6193314
sensitivity,1,drift_0,406,NH1447,406,1498545499.0,2.79463993939375,2.6946952
sensitivity,1,drift_0,269,NH1291,269,1498555067.0,2.8228221780299996,2.6372757
sensitivity,1,drift_0,268,NH1290,268,1498555272.5,2.6928882613641667,2.607141
sensitivity,1,drift_0,385,NH1426,385,1498556905.5,2.9159720511366674,2.640367
sensitivity,1,drift_0,267,NH1289,267,1498557415.5,2.8609133787891667,2.6679127
sensitivity,1,drift_0,266,NH1288,266,1498557641.0,2.745617397727917,2.6799815
sensitivity,1,drift_0,307,NH1335,307,1498564294.0,3.0797070101005546,2.7063172
sensitivity,1,drift_0,393,NH1434,393,1498570353.0,2.8610414507566673,2.5318897
sensitivity,1,drift_0,369,NH1407,369,1498572947.5,2.3724959797983334,2.4976301
sensitivity,1,drift_0,368,NH1406,368,1498573072.0,2.6985776186861115,2.585939
sensitivity,1,drift_0,370,NH1408,370,1498573120.5,2.9403473358586107,2.8341892
sensitivity,1,drift_0,351,NH1387,351,1498575475.0,2.6446771856066666,2.5307174
sensitivity,1,drift_0,356,NH1392,356,1498575825.0,2.6571546022733328,2.6472113
sensitivity,1,drift_0,354,NH1390,354,1498575916.0,2.601928625,2.5396755
sensitivity,1,drift_0,355,NH1391,355,1498576163.0,3.0596034772720824,2.890175
sensitivity,1,drift_0,357,NH1393,357,1498576169.5,2.7594724431812505,2.591044
sensitivity,1,drift_0,396,NH1437,396,1498580643.5,2.4572546287883332,2.586788
sensitivity,1,drift_0,397,NH1438,397,1498580706.0,2.8197956249991667,2.6478698
sensitivity,1,drift_0,394,NH1435,394,1498581117.5,2.5875511931825,2.551525
sensitivity,1,drift_0,395,NH1436,395,1498581200.0,2.9314942272737503,2.7105114
sensitivity,1,drift_0,374,NH1412,374,1498581338.0,2.7662135151520832,2.6957364
sensitivity,1,drift_0,373,NH1411,373,1498581417.0,2.836565439392917,2.7368302
sensitivity,1,drift_0,376,NH1414,376,1498582161.0,2.5805085795449996,2.6609752
sensitivity,1,drift_0,377,NH1415,377,1498582635.0,2.6120531174233337,2.5971615
sensitivity,1,drift_0,378,NH1416,378,1498582950.5,2.6666781780308337,2.5919733
sensitivity,1,drift_0,372,NH1410,372,1498583234.0,2.5341386022729164,2.6780772
sensitivity,1,drift_0,371,NH1409,371,1498583313.0,2.9119232272733337,2.6929765
sensitivity,1,drift_0,381,NH1422,381,1498583329.5,2.732614287878125,2.7827795
sensitivity,1,drift_0,382,NH1423,382,1498583392.0,2.795841687499792,2.7085242
sensitivity,1,drift_0,383,NH1424,383,1498583487.5,2.603203013257291,2.6140118
sensitivity,1,drift_0,384,NH1425,384,1498584024.0,3.090623825757918,2.909595
sensitivity,1,drift_0,379,NH1420,379,1498585225.5,2.88418860984875,2.6995716
sensitivity,1,drift_0,380,NH1421,380,1498585288.0,2.6350029640147916,2.677405
sensitivity,1,drift_0,309,NH1337,309,1498585683.0,2.9226101060613896,2.882233
sensitivity,1,drift_0,310,NH1338,310,1498586473.0,2.9221314431825003,2.721138
sensitivity,1,drift_0,400,NH1441,400,1498587262.0,2.6845978813138895,2.5813642
sensitivity,1,drift_0,399,NH1440,399,1498587350.5,2.4855075101008333,2.6005828
sensitivity,1,drift_0,401,NH1442,401,1498587370.0,2.690955692424499,2.856562
sensitivity,1,drift_0,398,NH1439,398,1498589292.0,2.6040388181808334,2.6483226
sensitivity,1,drift_0,402,NH1443,402,1498589308.0,2.6812744053033337,2.686154
sensitivity,1,drift_0,365,NH1403,365,1498596283.0,2.6668114507575003,2.6083221
sensitivity,1,drift_0,364,NH1402,364,1498596364.0,2.7964503750012497,2.5010927
sensitivity,1,drift_0,366,NH1404,366,1498597027.0,2.76952707197,2.6239812
sensitivity,1,drift_0,367,NH1405,367,1498597108.0,2.5459914393941667,2.5600421
sensitivity,1,drift_0,362,NH1400,362,1498598136.0,2.8297341931820834,2.6738863
sensitivity,1,drift_0,390,NH1431,390,1498603234.0,2.8693135707070834,2.8043356
sensitivity,1,drift_0,391,NH1432,391,1498603301.0,2.4809344823230552,2.5418928
sensitivity,1,drift_0,392,NH1433,392,1498603537.0,2.8484010959591677,2.7828717
sensitivity,1,drift_0,405,NH1446,405,1498608284.5,2.772907863636667,2.8565361
sensitivity,1,drift_0,408,NH1449,408,1498609102.0,2.8542932992424994,2.6388426
sensitivity,1,drift_0,407,NH1448,407,1498609164.5,2.7518247045458337,2.7503703
sensitivity,1,drift_0,403,NH1444,403,1498610132.0,2.7301533333329164,2.5027256
sensitivity,1,drift_0,404,NH1445,404,1498610214.0,2.918158560606666,2.744862
sensitivity,1,drift_0,221,NH1237,221,1498612523.0,2.6849211477270836,2.7466168
sensitivity,1,drift_0,220,NH1236,220,1498614384.5,2.8226209318179167,2.6891053
sensitivity,1,drift_0,298,NH1324,297,1498614937.0,2.9338776060612504,2.7649927
sensitivity,1,drift_0,296,NH1323,295,1498614992.5,2.5266099848475,2.5804732
sensitivity,1,drift_0,294,NH1322,293,1498615071.5,2.8165363030316675,2.5907557
sensitivity,1,drift_0,517,NH1571,517,1498616800.0,2.6675930037875,2.7293696
sensitivity,1,drift_0,518,NH1572,518,1498617353.0,2.8438639431825004,2.8214598
sensitivity,1,drift_0,520,NH1573,519,1498617768.0,2.7471295151525,2.82347
sensitivity,1,drift_0,522,NH1574,521,1498621809.0,2.7811293674241666,2.765263
sensitivity,1,drift_0,280,NH1302,280,1498637058.5,3.014583128788751,2.7396932
sensitivity,1,drift_0,450,NH1491,450,1498643325.0,2.4046029571968743,2.6045303
sensitivity,1,drift_0,452,NH1493,452,1498643373.5,2.756723655304167,2.810305
sensitivity,1,drift_0,451,NH1492,451,1498643617.0,2.7699136931808335,2.834069
sensitivity,1,drift_0,453,NH1494,453,1498644078.0,2.8766519621216666,2.7860026
sensitivity,1,drift_0,454,NH1495,454,1498644534.0,2.5458145189391668,2.6609914
sensitivity,1,drift_0,455,NH1496,455,1498644867.0,2.794155,3.0171068
sensitivity,1,drift_0,456,NH1497,456,1498645064.0,2.7536738371212492,2.7842143
sensitivity,1,drift_0,457,NH1498,457,1498645284.0,2.580586496212916,2.6785164
sensitivity,1,drift_0,521,NH1574,521,1498647951.0,2.7811293674241666,2.7510767
sensitivity,1,drift_0,519,NH1573,519,1498648050.0,2.7471295151525,2.8167784
sensitivity,1,drift_0,523,NH1575,523,1498648396.0,2.53008267424125,2.6008213
sensitivity,1,drift_0,516,NH1570,516,1498649017.0,2.5346034412883336,2.6166432
sensitivity,1,drift_0,359,NH1396,359,1498653566.0,2.5963870378785012,2.7355387
sensitivity,1,drift_0,360,NH1397,360,1498653680.0,2.622993156565277,2.6101604
sensitivity,1,drift_0,361,NH1398,361,1498653781.5,2.8257200202024997,2.8340642
sensitivity,1,drift_0,389,NH1430,389,1498660227.0,2.598982184847709,2.620378
sensitivity,1,drift_0,335,NH1365,335,1498660890.5,2.4130399090912498,2.5584729
sensitivity,1,drift_0,336,NH1366,336,1498661007.0,2.8110285681816665,2.8944676
sensitivity,1,drift_0,337,NH1367,337,1498661220.0,2.5282417234850003,2.605982
sensitivity,1,drift_0,338,NH1368,338,1498662841.0,2.9217660000004164,3.0052817
sensitivity,1,drift_0,334,NH1364,334,1498663018.0,2.7324893257579177,2.6204493
sensitivity,1,drift_0,333,NH1363,333,1498663097.0,2.8111716136362497,2.7046447
sensitivity,1,drift_0,387,NH1428,387,1498677536.5,2.4962147626258337,2.6736825
sensitivity,1,drift_0,386,NH1427,386,1498677807.5,2.572204270201666,2.7018597
sensitivity,1,drift_0,388,NH1429,388,1498678052.0,2.7701933131311107,2.8419132
sensitivity,1,drift_0,240,NH1258,240,1498682283.0,2.654602325757222,2.6153128
sensitivity,1,drift_0,239,NH1257,239,1498682427.0,2.831951083332778,2.7539454
sensitivity,1,drift_0,241,NH1259,241,1498682470.0,3.1357789444447226,2.7979424
sensitivity,1,drift_0,444,NH1485,444,1498730538.0,2.8668407803025,2.6458247
sensitivity,1,drift_0,445,NH1486,445,1498731001.0,2.9221965719687497,2.8045697
sensitivity,1,drift_0,446,NH1487,446,1498731620.0,2.7554371666662503,2.5872462
sensitivity,1,drift_0,448,NH1489,448,1498731806.5,2.961716594697083,2.6061594
sensitivity,1,drift_0.5,340,NH1376,340,1498536981.0,2.9502337462116666,2.9299889
sensitivity,1,drift_0.5,341,NH1377,341,1498537987.0,3.017101999999166,2.8272965
sensitivity,1,drift_0.5,308,NH1336,308,1498543128.0,2.6871744873736114,2.548391
sensitivity,1,drift_0.5,352,NH1388,352,1498544686.0,2.7922012689387503,2.8933263
sensitivity,1,drift_0.5,353,NH1389,353,1498544840.5,2.744722598485416,2.6672997
sensitivity,1,drift_0.5,406,NH1447,406,1498545499.0,2.79463993939375,2.6967285
sensitivity,1,drift_0.5,269,NH1291,269,1498555067.0,2.8228221780299996,2.6516364
sensitivity,1,drift_0.5,268,NH1290,268,1498555272.5,2.6928882613641667,2.61477
sensitivity,1,drift_0.5,385,NH1426,385,1498556905.5,2.9159720511366674,2.5786824
sensitivity,1,drift_0.5,267,NH1289,267,1498557415.5,2.8609133787891667,2.7134812
sensitivity,1,drift_0.5,266,NH1288,266,1498557641.0,2.745617397727917,2.6856098
sensitivity,1,drift_0.5,307,NH1335,307,1498564294.0,3.0797070101005546,2.748794
sensitivity,1,drift_0.5,393,NH1434,393,1498570353.0,2.8610414507566673,2.5921848
sensitivity,1,drift_0.5,369,NH1407,369,1498572947.5,2.3724959797983334,2.5203447
sensitivity,1,drift_0.5,368,NH1406,368,1498573072.0,2.6985776186861115,2.5661318
sensitivity,1,drift_0.5,370,NH1408,370,1498573120.5,2.9403473358586107,2.7969759
sensitivity,1,drift_0.5,351,NH1387,351,1498575475.0,2.6446771856066666,2.5376747
sensitivity,1,drift_0.5,356,NH1392,356,1498575825.0,2.6571546022733328,2.62173
sensitivity,1,drift_0.5,354,NH1390,354,1498575916.0,2.601928625,2.5410898
sensitivity,1,drift_0.5,355,NH1391,355,1498576163.0,3.0596034772720824,2.8863204
sensitivity,1,drift_0.5,357,NH1393,357,1498576169.5,2.7594724431812505,2.5535972
sensitivity,1,drift_0.5,396,NH1437,396,1498580643.5,2.4572546287883332,2.6040645
sensitivity,1,drift_0.5,397,NH1438,397,1498580706.0,2.8197956249991667,2.6866593
sensitivity,1,drift_0.5,394,NH1435,394,1498581117.5,2.5875511931825,2.609648
sensitivity,1,drift_0.5,395,NH1436,395,1498581200.0,2.9314942272737503,2.680513
sensitivity,1,drift_0.5,374,NH1412,374,1498581338.0,2.7662135151520832,2.7239082
sensitivity,1,drift_0.5,373,NH1411,373,1498581417.0,2.836565439392917,2.7512057
sensitivity,1,drift_0.5,376,NH1414,376,1498582161.0,2.5805085795449996,2.5826206
sensitivity,1,drift_0.5,377,NH1415,377,1498582635.0,2.6120531174233337,2.611792
sensitivity,1,drift_0.5,378,NH1416,378,1498582950.5,2.6666781780308337,2.595264
sensitivity,1,drift_0.5,372,NH1410,372,1498583234.0,2.5341386022729164,2.6664941
sensitivity,1,drift_0.5,371,NH1409,371,1498583313.0,2.9119232272733337,2.6959453
sensitivity,1,drift_0.5,381,NH1422,381,1498583329.5,2.732614287878125,2.8087456
sensitivity,1,drift_0.5,382,NH1423,382,1498583392.0,2.795841687499792,2.7041707
sensitivity,1,drift_0.5,383,NH1424,383,1498583487.5,2.603203013257291,2.5945013
sensitivity,1,drift_0.5,384,NH1425,384,1498584024.0,3.090623825757918,2.8625104
sensitivity,1,drift_0.5,379,NH1420,379,1498585225.5,2.88418860984875,2.675671
sensitivity,1,drift_0.5,380,NH1421,380,1498585288.0,2.6350029640147916,2.7161534
sensitivity,1,drift_0.5,309,NH1337,309,1498585683.0,2.9226101060613896,2.8383276
sensitivity,1,drift_0.5,310,NH1338,310,1498586473.0,2.9221314431825003,2.768967
sensitivity,1,drift_0.5,400,NH1441,400,1498587262.0,2.6845978813138895,2.609268
sensitivity,1,drift_0.5,399,NH1440,399,1498587350.5,2.4855075101008333,2.568511
sensitivity,1,drift_0.5,401,NH1442,401,1498587370.0,2.690955692424499,2.8381145
sensitivity,1,drift_0.5,398,NH1439,398,1498589292.0,2.6040388181808334,2.6971931
sensitivity,1,drift_0.5,402,NH1443,402,1498589308.0,2.6812744053033337,2.6662703
sensitivity,1,drift_0.5,365,NH1403,365,1498596283.0,2.6668114507575003,2.5796158
sensitivity,1,drift_0.5,364,NH1402,364,1498596364.0,2.7964503750012497,2.5015614
sensitivity,1,drift_0.5,366,NH1404,366,1498597027.0,2.76952707197,2.633225
sensitivity,1,drift_0.5,367,NH1405,367,1498597108.0,2.5459914393941667,2.5734572
sensitivity,1,drift_0.5,362,NH1400,362,1498598136.0,2.8297341931820834,2.6093047
sensitivity,1,drift_0.5,390,NH1431,390,1498603234.0,2.8693135707070834,2.876231
sensitivity,1,drift_0.5,391,NH1432,391,1498603301.0,2.4809344823230552,2.5447507
sensitivity,1,drift_0.5,392,NH1433,392,1498603537.0,2.8484010959591677,2.755387
sensitivity,1,drift_0.5,405,NH1446,405,1498608284.5,2.772907863636667,2.8280644
sensitivity,1,drift_0.5,408,NH1449,408,1498609102.0,2.8542932992424994,2.6836596
sensitivity,1,drift_0.5,407,NH1448,407,1498609164.5,2.7518247045458337,2.7514443
sensitivity,1,drift_0.5,403,NH1444,403,1498610132.0,2.7301533333329164,2.5248897
sensitivity,1,drift_0.5,404,NH1445,404,1498610214.0,2.918158560606666,2.7587817
sensitivity,1,drift_0.5,221,NH1237,221,1498612523.0,2.6849211477270836,2.7532089
sensitivity,1,drift_0.5,220,NH1236,220,1498614384.5,2.8226209318179167,2.6718454
sensitivity,1,drift_0.5,298,NH1324,297,1498614937.0,2.9338776060612504,2.766759
sensitivity,1,drift_0.5,296,NH1323,295,1498614992.5,2.5266099848475,2.5721035
sensitivity,1,drift_0.5,294,NH1322,293,1498615071.5,2.8165363030316675,2.6768513
sensitivity,1,drift_0.5,517,NH1571,517,1498616800.0,2.6675930037875,2.7396207
sensitivity,1,drift_0.5,518,NH1572,518,1498617353.0,2.8438639431825004,2.7655952
sensitivity,1,drift_0.5,520,NH1573,519,1498617768.0,2.7471295151525,2.79984
sensitivity,1,drift_0.5,522,NH1574,521,1498621809.0,2.7811293674241666,2.7493675
sensitivity,1,drift_0.5,280,NH1302,280,1498637058.5,3.014583128788751,2.7254672
sensitivity,1,drift_0.5,450,NH1491,450,1498643325.0,2.4046029571968743,2.6271162
sensitivity,1,drift_0.5,452,NH1493,452,1498643373.5,2.756723655304167,2.79822
sensitivity,1,drift_0.5,451,NH1492,451,1498643617.0,2.7699136931808335,2.8381033
sensitivity,1,drift_0.5,453,NH1494,453,1498644078.0,2.8766519621216666,2.803151
sensitivity,1,drift_0.5,454,NH1495,454,1498644534.0,2.5458145189391668,2.6753693
sensitivity,1,drift_0.5,455,NH1496,455,1498644867.0,2.794155,3.0017023
sensitivity,1,drift_0.5,456,NH1497,456,1498645064.0,2.7536738371212492,2.7865279
sensitivity,1,drift_0.5,457,NH1498,457,1498645284.0,2.580586496212916,2.6734042
sensitivity,1,drift_0.5,521,NH1574,521,1498647951.0,2.7811293674241666,2.7293231
sensitivity,1,drift_0.5,519,NH1573,519,1498648050.0,2.7471295151525,2.789108
sensitivity,1,drift_0.5,523,NH1575,523,1498648396.0,2.53008267424125,2.6118999
sensitivity,1,drift_0.5,516,NH1570,516,1498649017.0,2.5346034412883336,2.625239
sensitivity,1,drift_0.5,359,NH1396,359,1498653566.0,2.5963870378785012,2.7713866
sensitivity,1,drift_0.5,360,NH1397,360,1498653680.0,2.622993156565277,2.617892
sensitivity,1,drift_0.5,361,NH1398,361,1498653781.5,2.8257200202024997,2.9050107
sensitivity,1,drift_0.5,389,NH1430,389,1498660227.0,2.598982184847709,2.621203
sensitivity,1,drift_0.5,335,NH1365,335,1498660890.5,2.4130399090912498,2.5556767
sensitivity,1,drift_0.5,336,NH1366,336,1498661007.0,2.8110285681816665,2.8648074
sensitivity,1,drift_0.5,337,NH1367,337,1498661220.0,2.5282417234850003,2.5746903
sensitivity,1,drift_0.5,338,NH1368,338,1498662841.0,2.9217660000004164,2.9598105
sensitivity,1,drift_0.5,334,NH1364,334,1498663018.0,2.7324893257579177,2.605479
sensitivity,1,drift_0.5,333,NH1363,333,1498663097.0,2.8111716136362497,2.699401
sensitivity,1,drift_0.5,387,NH1428,387,1498677536.5,2.4962147626258337,2.6849935
sensitivity,1,drift_0.5,386,NH1427,386,1498677807.5,2.572204270201666,2.7246306
sensitivity,1,drift_0.5,388,NH1429,388,1498678052.0,2.7701933131311107,2.855443
sensitivity,1,drift_0.5,240,NH1258,240,1498682283.0,2.654602325757222,2.577684
sensitivity,1,drift_0.5,239,NH1257,239,1498682427.0,2.831951083332778,2.7190306
sensitivity,1,drift_0.5,241,NH1259,241,1498682470.0,3.1357789444447226,2.7431254
sensitivity,1,drift_0.5,444,NH1485,444,1498730538.0,2.8668407803025,2.6314187
sensitivity,1,drift_0.5,445,NH1486,445,1498731001.0,2.9221965719687497,2.7860165
sensitivity,1,drift_0.5,446,NH1487,446,1498731620.0,2.7554371666662503,2.644146
sensitivity,1,drift_0.5,448,NH1489,448,1498731806.5,2.961716594697083,2.6083558
sensitivity,1,top160,340,NH1376,340,1498536981.0,2.9502337462116666,2.9535651
sensitivity,1,top160,341,NH1377,341,1498537987.0,3.017101999999166,2.8007019
sensitivity,1,top160,308,NH1336,308,1498543128.0,2.6871744873736114,2.5587628
sensitivity,1,top160,352,NH1388,352,1498544686.0,2.7922012689387503,2.868317
sensitivity,1,top160,353,NH1389,353,1498544840.5,2.744722598485416,2.6250367
sensitivity,1,top160,406,NH1447,406,1498545499.0,2.79463993939375,2.7067392
sensitivity,1,top160,269,NH1291,269,1498555067.0,2.8228221780299996,2.6566706
sensitivity,1,top160,268,NH1290,268,1498555272.5,2.6928882613641667,2.6071393
sensitivity,1,top160,385,NH1426,385,1498556905.5,2.9159720511366674,2.624666
sensitivity,1,top160,267,NH1289,267,1498557415.5,2.8609133787891667,2.6546662
sensitivity,1,top160,266,NH1288,266,1498557641.0,2.745617397727917,2.6531978
sensitivity,1,top160,307,NH1335,307,1498564294.0,3.0797070101005546,2.763148
sensitivity,1,top160,393,NH1434,393,1498570353.0,2.8610414507566673,2.549771
sensitivity,1,top160,369,NH1407,369,1498572947.5,2.3724959797983334,2.5409424
sensitivity,1,top160,368,NH1406,368,1498573072.0,2.6985776186861115,2.5775793
sensitivity,1,top160,370,NH1408,370,1498573120.5,2.9403473358586107,2.8401535
sensitivity,1,top160,351,NH1387,351,1498575475.0,2.6446771856066666,2.53102
sensitivity,1,top160,356,NH1392,356,1498575825.0,2.6571546022733328,2.6202366
sensitivity,1,top160,354,NH1390,354,1498575916.0,2.601928625,2.5081387
sensitivity,1,top160,355,NH1391,355,1498576163.0,3.0596034772720824,2.8839686
sensitivity,1,top160,357,NH1393,357,1498576169.5,2.7594724431812505,2.5600529
sensitivity,1,top160,396,NH1437,396,1498580643.5,2.4572546287883332,2.6020064
sensitivity,1,top160,397,NH1438,397,1498580706.0,2.8197956249991667,2.6946611
sensitivity,1,top160,394,NH1435,394,1498581117.5,2.5875511931825,2.6084502
sensitivity,1,top160,395,NH1436,395,1498581200.0,2.9314942272737503,2.6903782
sensitivity,1,top160,374,NH1412,374,1498581338.0,2.7662135151520832,2.6775386
sensitivity,1,top160,373,NH1411,373,1498581417.0,2.836565439392917,2.7088683
sensitivity,1,top160,376,NH1414,376,1498582161.0,2.5805085795449996,2.602722
sensitivity,1,top160,377,NH1415,377,1498582635.0,2.6120531174233337,2.5824971
sensitivity,1,top160,378,NH1416,378,1498582950.5,2.6666781780308337,2.5612366
sensitivity,1,top160,372,NH1410,372,1498583234.0,2.5341386022729164,2.6460319
sensitivity,1,top160,371,NH1409,371,1498583313.0,2.9119232272733337,2.6873975
sensitivity,1,top160,381,NH1422,381,1498583329.5,2.732614287878125,2.8161926
sensitivity,1,top160,382,NH1423,382,1498583392.0,2.795841687499792,2.7145305
sensitivity,1,top160,383,NH1424,383,1498583487.5,2.603203013257291,2.6295753
sensitivity,1,top160,384,NH1425,384,1498584024.0,3.090623825757918,2.9224875
sensitivity,1,top160,379,NH1420,379,1498585225.5,2.88418860984875,2.728392
sensitivity,1,top160,380,NH1421,380,1498585288.0,2.6350029640147916,2.7067115
sensitivity,1,top160,309,NH1337,309,1498585683.0,2.9226101060613896,2.8776383
sensitivity,1,top160,310,NH1338,310,1498586473.0,2.9221314431825003,2.7937922
sensitivity,1,top160,400,NH1441,400,1498587262.0,2.6845978813138895,2.6389217
sensitivity,1,top160,399,NH1440,399,1498587350.5,2.4855075101008333,2.5837307
sensitivity,1,top160,401,NH1442,401,1498587370.0,2.690955692424499,2.863831
sensitivity,1,top160,398,NH1439,398,1498589292.0,2.6040388181808334,2.6726525
sensitivity,1,top160,402,NH1443,402,1498589308.0,2.6812744053033337,2.6968582
sensitivity,1,top160,365,NH1403,365,1498596283.0,2.6668114507575003,2.5804396
sensitivity,1,top160,364,NH1402,364,1498596364.0,2.7964503750012497,2.472549
sensitivity,1,top160,366,NH1404,366,1498597027.0,2.76952707197,2.5733633
sensitivity,1,top160,367,NH1405,367,1498597108.0,2.5459914393941667,2.598063
sensitivity,1,top160,362,NH1400,362,1498598136.0,2.8297341931820834,2.6076512
sensitivity,1,top160,390,NH1431,390,1498603234.0,2.8693135707070834,2.8933287
sensitivity,1,top160,391,NH1432,391,1498603301.0,2.4809344823230552,2.5479627
sensitivity,1,top160,392,NH1433,392,1498603537.0,2.8484010959591677,2.7681239
sensitivity,1,top160,405,NH1446,405,1498608284.5,2.772907863636667,2.851964
sensitivity,1,top160,408,NH1449,408,1498609102.0,2.8542932992424994,2.7070773
sensitivity,1,top160,407,NH1448,407,1498609164.5,2.7518247045458337,2.7598064
sensitivity,1,top160,403,NH1444,403,1498610132.0,2.7301533333329164,2.5372875
sensitivity,1,top160,404,NH1445,404,1498610214.0,2.918158560606666,2.779507
sensitivity,1,top160,221,NH1237,221,1498612523.0,2.6849211477270836,2.7403736
sensitivity,1,top160,220,NH1236,220,1498614384.5,2.8226209318179167,2.6527698
sensitivity,1,top160,298,NH1324,297,1498614937.0,2.9338776060612504,2.7847342
sensitivity,1,top160,296,NH1323,295,1498614992.5,2.5266099848475,2.585904
sensitivity,1,top160,294,NH1322,293,1498615071.5,2.8165363030316675,2.6112125
sensitivity,1,top160,517,NH1571,517,1498616800.0,2.6675930037875,2.721204
sensitivity,1,top160,518,NH1572,518,1498617353.0,2.8438639431825004,2.800229
sensitivity,1,top160,520,NH1573,519,1498617768.0,2.7471295151525,2.824167
sensitivity,1,top160,522,NH1574,521,1498621809.0,2.7811293674241666,2.7771685
sensitivity,1,top160,280,NH1302,280,1498637058.5,3.014583128788751,2.6843858
sensitivity,1,top160,450,NH1491,450,1498643325.0,2.4046029571968743,2.6714594
sensitivity,1,top160,452,NH1493,452,1498643373.5,2.756723655304167,2.8176863
sensitivity,1,top160,451,NH1492,451,1498643617.0,2.7699136931808335,2.8316286
sensitivity,1,top160,453,NH1494,453,1498644078.0,2.8766519621216666,2.8012748
sensitivity,1,top160,454,NH1495,454,1498644534.0,2.5458145189391668,2.6295648
sensitivity,1,top160,455,NH1496,455,1498644867.0,2.794155,2.9838367
sensitivity,1,top160,456,NH1497,456,1498645064.0,2.7536738371212492,2.7678452
sensitivity,1,top160,457,NH1498,457,1498645284.0,2.580586496212916,2.6615715
sensitivity,1,top160,521,NH1574,521,1498647951.0,2.7811293674241666,2.7691238
sensitivity,1,top160,519,NH1573,519,1498648050.0,2.7471295151525,2.8224206
sensitivity,1,top160,523,NH1575,523,1498648396.0,2.53008267424125,2.5943842
sensitivity,1,top160,516,NH1570,516,1498649017.0,2.5346034412883336,2.6643932
sensitivity,1,top160,359,NH1396,359,1498653566.0,2.5963870378785012,2.7774405
sensitivity,1,top160,360,NH1397,360,1498653680.0,2.622993156565277,2.6362388
sensitivity,1,top160,361,NH1398,361,1498653781.5,2.8257200202024997,2.8868723
sensitivity,1,top160,389,NH1430,389,1498660227.0,2.598982184847709,2.6029794
sensitivity,1,top160,335,NH1365,335,1498660890.5,2.4130399090912498,2.5241244
sensitivity,1,top160,336,NH1366,336,1498661007.0,2.8110285681816665,2.888301
sensitivity,1,top160,337,NH1367,337,1498661220.0,2.5282417234850003,2.5513792
sensitivity,1,top160,338,NH1368,338,1498662841.0,2.9217660000004164,2.9437106
sensitivity,1,top160,334,NH1364,334,1498663018.0,2.7324893257579177,2.5848126
sensitivity,1,top160,333,NH1363,333,1498663097.0,2.8111716136362497,2.6790676
sensitivity,1,top160,387,NH1428,387,1498677536.5,2.4962147626258337,2.6848235
sensitivity,1,top160,386,NH1427,386,1498677807.5,2.572204270201666,2.7317326
sensitivity,1,top160,388,NH1429,388,1498678052.0,2.7701933131311107,2.8629417
sensitivity,1,top160,240,NH1258,240,1498682283.0,2.654602325757222,2.58113
sensitivity,1,top160,239,NH1257,239,1498682427.0,2.831951083332778,2.7640479
sensitivity,1,top160,241,NH1259,241,1498682470.0,3.1357789444447226,2.8182042
sensitivity,1,top160,444,NH1485,444,1498730538.0,2.8668407803025,2.6058376
sensitivity,1,top160,445,NH1486,445,1498731001.0,2.9221965719687497,2.7594962
sensitivity,1,top160,446,NH1487,446,1498731620.0,2.7554371666662503,2.6169965
sensitivity,1,top160,448,NH1489,448,1498731806.5,2.961716594697083,2.613671
sensitivity,1,top640,340,NH1376,340,1498536981.0,2.9502337462116666,2.9365666
sensitivity,1,top640,341,NH1377,341,1498537987.0,3.017101999999166,2.8024178
sensitivity,1,top640,308,NH1336,308,1498543128.0,2.6871744873736114,2.5707767
sensitivity,1,top640,352,NH1388,352,1498544686.0,2.7922012689387503,2.91242
sensitivity,1,top640,353,NH1389,353,1498544840.5,2.744722598485416,2.6251383
sensitivity,1,top640,406,NH1447,406,1498545499.0,2.79463993939375,2.736256
sensitivity,1,top640,269,NH1291,269,1498555067.0,2.8228221780299996,2.6987705
sensitivity,1,top640,268,NH1290,268,1498555272.5,2.6928882613641667,2.6749
sensitivity,1,top640,385,NH1426,385,1498556905.5,2.9159720511366674,2.6077893
sensitivity,1,top640,267,NH1289,267,1498557415.5,2.8609133787891667,2.6996694
sensitivity,1,top640,266,NH1288,266,1498557641.0,2.745617397727917,2.6909618
sensitivity,1,top640,307,NH1335,307,1498564294.0,3.0797070101005546,2.767112
sensitivity,1,top640,393,NH1434,393,1498570353.0,2.8610414507566673,2.5680227
sensitivity,1,top640,369,NH1407,369,1498572947.5,2.3724959797983334,2.5286462
sensitivity,1,top640,368,NH1406,368,1498573072.0,2.6985776186861115,2.6008406
sensitivity,1,top640,370,NH1408,370,1498573120.5,2.9403473358586107,2.8482916
sensitivity,1,top640,351,NH1387,351,1498575475.0,2.6446771856066666,2.5271912
sensitivity,1,top640,356,NH1392,356,1498575825.0,2.6571546022733328,2.6544278
sensitivity,1,top640,354,NH1390,354,1498575916.0,2.601928625,2.5606937
sensitivity,1,top640,355,NH1391,355,1498576163.0,3.0596034772720824,2.8861017
sensitivity,1,top640,357,NH1393,357,1498576169.5,2.7594724431812505,2.6177032
sensitivity,1,top640,396,NH1437,396,1498580643.5,2.4572546287883332,2.5920625
sensitivity,1,top640,397,NH1438,397,1498580706.0,2.8197956249991667,2.6805496
sensitivity,1,top640,394,NH1435,394,1498581117.5,2.5875511931825,2.6417165
sensitivity,1,top640,395,NH1436,395,1498581200.0,2.9314942272737503,2.7353392
sensitivity,1,top640,374,NH1412,374,1498581338.0,2.7662135151520832,2.7006335
sensitivity,1,top640,373,NH1411,373,1498581417.0,2.836565439392917,2.750209
sensitivity,1,top640,376,NH1414,376,1498582161.0,2.5805085795449996,2.6502602
sensitivity,1,top640,377,NH1415,377,1498582635.0,2.6120531174233337,2.6110184
sensitivity,1,top640,378,NH1416,378,1498582950.5,2.6666781780308337,2.6224267
sensitivity,1,top640,372,NH1410,372,1498583234.0,2.5341386022729164,2.7296898
sensitivity,1,top640,371,NH1409,371,1498583313.0,2.9119232272733337,2.7134843
sensitivity,1,top640,381,NH1422,381,1498583329.5,2.732614287878125,2.7960134
sensitivity,1,top640,382,NH1423,382,1498583392.0,2.795841687499792,2.7044432
sensitivity,1,top640,383,NH1424,383,1498583487.5,2.603203013257291,2.6211755
sensitivity,1,top640,384,NH1425,384,1498584024.0,3.090623825757918,2.9016361
sensitivity,1,top640,379,NH1420,379,1498585225.5,2.88418860984875,2.7559674
sensitivity,1,top640,380,NH1421,380,1498585288.0,2.6350029640147916,2.734169
sensitivity,1,top640,309,NH1337,309,1498585683.0,2.9226101060613896,2.827182
sensitivity,1,top640,310,NH1338,310,1498586473.0,2.9221314431825003,2.7619898
sensitivity,1,top640,400,NH1441,400,1498587262.0,2.6845978813138895,2.6087801
sensitivity,1,top640,399,NH1440,399,1498587350.5,2.4855075101008333,2.6240551
sensitivity,1,top640,401,NH1442,401,1498587370.0,2.690955692424499,2.9103284
sensitivity,1,top640,398,NH1439,398,1498589292.0,2.6040388181808334,2.717147
sensitivity,1,top640,402,NH1443,402,1498589308.0,2.6812744053033337,2.6822407
sensitivity,1,top640,365,NH1403,365,1498596283.0,2.6668114507575003,2.6400657
sensitivity,1,top640,364,NH1402,364,1498596364.0,2.7964503750012497,2.5354366
sensitivity,1,top640,366,NH1404,366,1498597027.0,2.76952707197,2.6174946
sensitivity,1,top640,367,NH1405,367,1498597108.0,2.5459914393941667,2.6109033
sensitivity,1,top640,362,NH1400,362,1498598136.0,2.8297341931820834,2.6781876
sensitivity,1,top640,390,NH1431,390,1498603234.0,2.8693135707070834,2.7987494
sensitivity,1,top640,391,NH1432,391,1498603301.0,2.4809344823230552,2.5869756
sensitivity,1,top640,392,NH1433,392,1498603537.0,2.8484010959591677,2.809147
sensitivity,1,top640,405,NH1446,405,1498608284.5,2.772907863636667,2.8733864
sensitivity,1,top640,408,NH1449,408,1498609102.0,2.8542932992424994,2.6665843
sensitivity,1,top640,407,NH1448,407,1498609164.5,2.7518247045458337,2.768215
sensitivity,1,top640,403,NH1444,403,1498610132.0,2.7301533333329164,2.5359352
sensitivity,1,top640,404,NH1445,404,1498610214.0,2.918158560606666,2.7357497
sensitivity,1,top640,221,NH1237,221,1498612523.0,2.6849211477270836,2.786406
sensitivity,1,top640,220,NH1236,220,1498614384.5,2.8226209318179167,2.7587996
sensitivity,1,top640,298,NH1324,297,1498614937.0,2.9338776060612504,2.8122416
sensitivity,1,top640,296,NH1323,295,1498614992.5,2.5266099848475,2.5969207
sensitivity,1,top640,294,NH1322,293,1498615071.5,2.8165363030316675,2.674436
sensitivity,1,top640,517,NH1571,517,1498616800.0,2.6675930037875,2.7765062
sensitivity,1,top640,518,NH1572,518,1498617353.0,2.8438639431825004,2.7883127
sensitivity,1,top640,520,NH1573,519,1498617768.0,2.7471295151525,2.8057508
sensitivity,1,top640,522,NH1574,521,1498621809.0,2.7811293674241666,2.7655149
sensitivity,1,top640,280,NH1302,280,1498637058.5,3.014583128788751,2.746633
sensitivity,1,top640,450,NH1491,450,1498643325.0,2.4046029571968743,2.5952418
sensitivity,1,top640,452,NH1493,452,1498643373.5,2.756723655304167,2.7724042
sensitivity,1,top640,451,NH1492,451,1498643617.0,2.7699136931808335,2.8589947
sensitivity,1,top640,453,NH1494,453,1498644078.0,2.8766519621216666,2.7968607
sensitivity,1,top640,454,NH1495,454,1498644534.0,2.5458145189391668,2.6768754
sensitivity,1,top640,455,NH1496,455,1498644867.0,2.794155,2.9999228
sensitivity,1,top640,456,NH1497,456,1498645064.0,2.7536738371212492,2.7881587
sensitivity,1,top640,457,NH1498,457,1498645284.0,2.580586496212916,2.6613863
sensitivity,1,top640,521,NH1574,521,1498647951.0,2.7811293674241666,2.7552607
sensitivity,1,top640,519,NH1573,519,1498648050.0,2.7471295151525,2.8043425
sensitivity,1,top640,523,NH1575,523,1498648396.0,2.53008267424125,2.63535
sensitivity,1,top640,516,NH1570,516,1498649017.0,2.5346034412883336,2.7206943
sensitivity,1,top640,359,NH1396,359,1498653566.0,2.5963870378785012,2.7944615
sensitivity,1,top640,360,NH1397,360,1498653680.0,2.622993156565277,2.6315403
sensitivity,1,top640,361,NH1398,361,1498653781.5,2.8257200202024997,2.8508978
sensitivity,1,top640,389,NH1430,389,1498660227.0,2.598982184847709,2.652966
sensitivity,1,top640,335,NH1365,335,1498660890.5,2.4130399090912498,2.4911306
sensitivity,1,top640,336,NH1366,336,1498661007.0,2.8110285681816665,2.7831213
sensitivity,1,top640,337,NH1367,337,1498661220.0,2.5282417234850003,2.5805411
sensitivity,1,top640,338,NH1368,338,1498662841.0,2.9217660000004164,2.9208682
sensitivity,1,top640,334,NH1364,334,1498663018.0,2.7324893257579177,2.592872
sensitivity,1,top640,333,NH1363,333,1498663097.0,2.8111716136362497,2.6742916
sensitivity,1,top640,387,NH1428,387,1498677536.5,2.4962147626258337,2.7134078
sensitivity,1,top640,386,NH1427,386,1498677807.5,2.572204270201666,2.6586645
sensitivity,1,top640,388,NH1429,388,1498678052.0,2.7701933131311107,2.8410463
sensitivity,1,top640,240,NH1258,240,1498682283.0,2.654602325757222,2.6220615
sensitivity,1,top640,239,NH1257,239,1498682427.0,2.831951083332778,2.7964423
sensitivity,1,top640,241,NH1259,241,1498682470.0,3.1357789444447226,2.7873418
sensitivity,1,top640,444,NH1485,444,1498730538.0,2.8668407803025,2.632856
sensitivity,1,top640,445,NH1486,445,1498731001.0,2.9221965719687497,2.8024135
sensitivity,1,top640,446,NH1487,446,1498731620.0,2.7554371666662503,2.6522496
sensitivity,1,top640,448,NH1489,448,1498731806.5,2.961716594697083,2.6429195
sensitivity,1,mask0,340,NH1376,340,1498536981.0,2.9502337462116666,2.911425
sensitivity,1,mask0,341,NH1377,341,1498537987.0,3.017101999999166,2.8171608
sensitivity,1,mask0,308,NH1336,308,1498543128.0,2.6871744873736114,2.542938
sensitivity,1,mask0,352,NH1388,352,1498544686.0,2.7922012689387503,2.9232256
sensitivity,1,mask0,353,NH1389,353,1498544840.5,2.744722598485416,2.654569
sensitivity,1,mask0,406,NH1447,406,1498545499.0,2.79463993939375,2.7248049
sensitivity,1,mask0,269,NH1291,269,1498555067.0,2.8228221780299996,2.6470544
sensitivity,1,mask0,268,NH1290,268,1498555272.5,2.6928882613641667,2.6034815
sensitivity,1,mask0,385,NH1426,385,1498556905.5,2.9159720511366674,2.5752084
sensitivity,1,mask0,267,NH1289,267,1498557415.5,2.8609133787891667,2.6787763
sensitivity,1,mask0,266,NH1288,266,1498557641.0,2.745617397727917,2.6440687
sensitivity,1,mask0,307,NH1335,307,1498564294.0,3.0797070101005546,2.7491217
sensitivity,1,mask0,393,NH1434,393,1498570353.0,2.8610414507566673,2.533645
sensitivity,1,mask0,369,NH1407,369,1498572947.5,2.3724959797983334,2.524185
sensitivity,1,mask0,368,NH1406,368,1498573072.0,2.6985776186861115,2.5863879
sensitivity,1,mask0,370,NH1408,370,1498573120.5,2.9403473358586107,2.7986937
sensitivity,1,mask0,351,NH1387,351,1498575475.0,2.6446771856066666,2.5192416
sensitivity,1,mask0,356,NH1392,356,1498575825.0,2.6571546022733328,2.6348307
sensitivity,1,mask0,354,NH1390,354,1498575916.0,2.601928625,2.5375583
sensitivity,1,mask0,355,NH1391,355,1498576163.0,3.0596034772720824,2.9000306
sensitivity,1,mask0,357,NH1393,357,1498576169.5,2.7594724431812505,2.5780394
sensitivity,1,mask0,396,NH1437,396,1498580643.5,2.4572546287883332,2.5983422
sensitivity,1,mask0,397,NH1438,397,1498580706.0,2.8197956249991667,2.6799679
sensitivity,1,mask0,394,NH1435,394,1498581117.5,2.5875511931825,2.5902424
sensitivity,1,mask0,395,NH1436,395,1498581200.0,2.9314942272737503,2.7250855
sensitivity,1,mask0,374,NH1412,374,1498581338.0,2.7662135151520832,2.716202
sensitivity,1,mask0,373,NH1411,373,1498581417.0,2.836565439392917,2.7261815
sensitivity,1,mask0,376,NH1414,376,1498582161.0,2.5805085795449996,2.6514332
sensitivity,1,mask0,377,NH1415,377,1498582635.0,2.6120531174233337,2.6147048
sensitivity,1,mask0,378,NH1416,378,1498582950.5,2.6666781780308337,2.6079483
sensitivity,1,mask0,372,NH1410,372,1498583234.0,2.5341386022729164,2.6925633
sensitivity,1,mask0,371,NH1409,371,1498583313.0,2.9119232272733337,2.7122288
sensitivity,1,mask0,381,NH1422,381,1498583329.5,2.732614287878125,2.7745476
sensitivity,1,mask0,382,NH1423,382,1498583392.0,2.795841687499792,2.72073
sensitivity,1,mask0,383,NH1424,383,1498583487.5,2.603203013257291,2.5865974
sensitivity,1,mask0,384,NH1425,384,1498584024.0,3.090623825757918,2.8823588
sensitivity,1,mask0,379,NH1420,379,1498585225.5,2.88418860984875,2.6639256
sensitivity,1,mask0,380,NH1421,380,1498585288.0,2.6350029640147916,2.6673467
sensitivity,1,mask0,309,NH1337,309,1498585683.0,2.9226101060613896,2.8849804
sensitivity,1,mask0,310,NH1338,310,1498586473.0,2.9221314431825003,2.7755024
sensitivity,1,mask0,400,NH1441,400,1498587262.0,2.6845978813138895,2.5949736
sensitivity,1,mask0,399,NH1440,399,1498587350.5,2.4855075101008333,2.5858665
sensitivity,1,mask0,401,NH1442,401,1498587370.0,2.690955692424499,2.8400517
sensitivity,1,mask0,398,NH1439,398,1498589292.0,2.6040388181808334,2.641318
sensitivity,1,mask0,402,NH1443,402,1498589308.0,2.6812744053033337,2.6615627
sensitivity,1,mask0,365,NH1403,365,1498596283.0,2.6668114507575003,2.6210213
sensitivity,1,mask0,364,NH1402,364,1498596364.0,2.7964503750012497,2.4975445
sensitivity,1,mask0,366,NH1404,366,1498597027.0,2.76952707197,2.5798903
sensitivity,1,mask0,367,NH1405,367,1498597108.0,2.5459914393941667,2.563105
sensitivity,1,mask0,362,NH1400,362,1498598136.0,2.8297341931820834,2.6371102
sensitivity,1,mask0,390,NH1431,390,1498603234.0,2.8693135707070834,2.8596494
sensitivity,1,mask0,391,NH1432,391,1498603301.0,2.4809344823230552,2.5511723
sensitivity,1,mask0,392,NH1433,392,1498603537.0,2.8484010959591677,2.7932906
sensitivity,1,mask0,405,NH1446,405,1498608284.5,2.772907863636667,2.8601487
sensitivity,1,mask0,408,NH1449,408,1498609102.0,2.8542932992424994,2.6734347
sensitivity,1,mask0,407,NH1448,407,1498609164.5,2.7518247045458337,2.756453
sensitivity,1,mask0,403,NH1444,403,1498610132.0,2.7301533333329164,2.5460982
sensitivity,1,mask0,404,NH1445,404,1498610214.0,2.918158560606666,2.756859
sensitivity,1,mask0,221,NH1237,221,1498612523.0,2.6849211477270836,2.7496634
sensitivity,1,mask0,220,NH1236,220,1498614384.5,2.8226209318179167,2.6665325
sensitivity,1,mask0,298,NH1324,297,1498614937.0,2.9338776060612504,2.7637281
sensitivity,1,mask0,296,NH1323,295,1498614992.5,2.5266099848475,2.5714648
sensitivity,1,mask0,294,NH1322,293,1498615071.5,2.8165363030316675,2.596999
sensitivity,1,mask0,517,NH1571,517,1498616800.0,2.6675930037875,2.7277112
sensitivity,1,mask0,518,NH1572,518,1498617353.0,2.8438639431825004,2.7780643
sensitivity,1,mask0,520,NH1573,519,1498617768.0,2.7471295151525,2.8185318
sensitivity,1,mask0,522,NH1574,521,1498621809.0,2.7811293674241666,2.750726
sensitivity,1,mask0,280,NH1302,280,1498637058.5,3.014583128788751,2.7409244
sensitivity,1,mask0,450,NH1491,450,1498643325.0,2.4046029571968743,2.60559
sensitivity,1,mask0,452,NH1493,452,1498643373.5,2.756723655304167,2.7647464
sensitivity,1,mask0,451,NH1492,451,1498643617.0,2.7699136931808335,2.8128676
sensitivity,1,mask0,453,NH1494,453,1498644078.0,2.8766519621216666,2.7973442
sensitivity,1,mask0,454,NH1495,454,1498644534.0,2.5458145189391668,2.6921694
sensitivity,1,mask0,455,NH1496,455,1498644867.0,2.794155,3.001365
sensitivity,1,mask0,456,NH1497,456,1498645064.0,2.7536738371212492,2.7703671
sensitivity,1,mask0,457,NH1498,457,1498645284.0,2.580586496212916,2.6911356
sensitivity,1,mask0,521,NH1574,521,1498647951.0,2.7811293674241666,2.7456672
sensitivity,1,mask0,519,NH1573,519,1498648050.0,2.7471295151525,2.8086498
sensitivity,1,mask0,523,NH1575,523,1498648396.0,2.53008267424125,2.6020336
sensitivity,1,mask0,516,NH1570,516,1498649017.0,2.5346034412883336,2.6180038
sensitivity,1,mask0,359,NH1396,359,1498653566.0,2.5963870378785012,2.7362945
sensitivity,1,mask0,360,NH1397,360,1498653680.0,2.622993156565277,2.599023
sensitivity,1,mask0,361,NH1398,361,1498653781.5,2.8257200202024997,2.8380692
sensitivity,1,mask0,389,NH1430,389,1498660227.0,2.598982184847709,2.6204896
sensitivity,1,mask0,335,NH1365,335,1498660890.5,2.4130399090912498,2.548327
sensitivity,1,mask0,336,NH1366,336,1498661007.0,2.8110285681816665,2.9003327
sensitivity,1,mask0,337,NH1367,337,1498661220.0,2.5282417234850003,2.562821
sensitivity,1,mask0,338,NH1368,338,1498662841.0,2.9217660000004164,2.9531188
sensitivity,1,mask0,334,NH1364,334,1498663018.0,2.7324893257579177,2.5760896
sensitivity,1,mask0,333,NH1363,333,1498663097.0,2.8111716136362497,2.719956
sensitivity,1,mask0,387,NH1428,387,1498677536.5,2.4962147626258337,2.6464937
sensitivity,1,mask0,386,NH1427,386,1498677807.5,2.572204270201666,2.6934638
sensitivity,1,mask0,388,NH1429,388,1498678052.0,2.7701933131311107,2.824365
sensitivity,1,mask0,240,NH1258,240,1498682283.0,2.654602325757222,2.5975542
sensitivity,1,mask0,239,NH1257,239,1498682427.0,2.831951083332778,2.7545261
sensitivity,1,mask0,241,NH1259,241,1498682470.0,3.1357789444447226,2.7800362
sensitivity,1,mask0,444,NH1485,444,1498730538.0,2.8668407803025,2.6452823
sensitivity,1,mask0,445,NH1486,445,1498731001.0,2.9221965719687497,2.8212888
sensitivity,1,mask0,446,NH1487,446,1498731620.0,2.7554371666662503,2.6496766
sensitivity,1,mask0,448,NH1489,448,1498731806.5,2.961716594697083,2.6110442
sensitivity,1,mask0.02,340,NH1376,340,1498536981.0,2.9502337462116666,2.8938663
sensitivity,1,mask0.02,341,NH1377,341,1498537987.0,3.017101999999166,2.7875955
sensitivity,1,mask0.02,308,NH1336,308,1498543128.0,2.6871744873736114,2.5386605
sensitivity,1,mask0.02,352,NH1388,352,1498544686.0,2.7922012689387503,2.9357803
sensitivity,1,mask0.02,353,NH1389,353,1498544840.5,2.744722598485416,2.6298816
sensitivity,1,mask0.02,406,NH1447,406,1498545499.0,2.79463993939375,2.6996548
sensitivity,1,mask0.02,269,NH1291,269,1498555067.0,2.8228221780299996,2.6303215
sensitivity,1,mask0.02,268,NH1290,268,1498555272.5,2.6928882613641667,2.581193
sensitivity,1,mask0.02,385,NH1426,385,1498556905.5,2.9159720511366674,2.585493
sensitivity,1,mask0.02,267,NH1289,267,1498557415.5,2.8609133787891667,2.673482
sensitivity,1,mask0.02,266,NH1288,266,1498557641.0,2.745617397727917,2.6586385
sensitivity,1,mask0.02,307,NH1335,307,1498564294.0,3.0797070101005546,2.7434623
sensitivity,1,mask0.02,393,NH1434,393,1498570353.0,2.8610414507566673,2.527788
sensitivity,1,mask0.02,369,NH1407,369,1498572947.5,2.3724959797983334,2.4965026
sensitivity,1,mask0.02,368,NH1406,368,1498573072.0,2.6985776186861115,2.5860188
sensitivity,1,mask0.02,370,NH1408,370,1498573120.5,2.9403473358586107,2.8423398
sensitivity,1,mask0.02,351,NH1387,351,1498575475.0,2.6446771856066666,2.5429027
sensitivity,1,mask0.02,356,NH1392,356,1498575825.0,2.6571546022733328,2.596075
sensitivity,1,mask0.02,354,NH1390,354,1498575916.0,2.601928625,2.5365841
sensitivity,1,mask0.02,355,NH1391,355,1498576163.0,3.0596034772720824,2.885981
sensitivity,1,mask0.02,357,NH1393,357,1498576169.5,2.7594724431812505,2.5645735
sensitivity,1,mask0.02,396,NH1437,396,1498580643.5,2.4572546287883332,2.567353
sensitivity,1,mask0.02,397,NH1438,397,1498580706.0,2.8197956249991667,2.658836
sensitivity,1,mask0.02,394,NH1435,394,1498581117.5,2.5875511931825,2.5624878
sensitivity,1,mask0.02,395,NH1436,395,1498581200.0,2.9314942272737503,2.696885
sensitivity,1,mask0.02,374,NH1412,374,1498581338.0,2.7662135151520832,2.701739
sensitivity,1,mask0.02,373,NH1411,373,1498581417.0,2.836565439392917,2.7603364
sensitivity,1,mask0.02,376,NH1414,376,1498582161.0,2.5805085795449996,2.6495192
sensitivity,1,mask0.02,377,NH1415,377,1498582635.0,2.6120531174233337,2.5854511
sensitivity,1,mask0.02,378,NH1416,378,1498582950.5,2.6666781780308337,2.6070044
sensitivity,1,mask0.02,372,NH1410,372,1498583234.0,2.5341386022729164,2.675255
sensitivity,1,mask0.02,371,NH1409,371,1498583313.0,2.9119232272733337,2.6998017
sensitivity,1,mask0.02,381,NH1422,381,1498583329.5,2.732614287878125,2.815499
sensitivity,1,mask0.02,382,NH1423,382,1498583392.0,2.795841687499792,2.7274616
sensitivity,1,mask0.02,383,NH1424,383,1498583487.5,2.603203013257291,2.587703
sensitivity,1,mask0.02,384,NH1425,384,1498584024.0,3.090623825757918,2.9104667
sensitivity,1,mask0.02,379,NH1420,379,1498585225.5,2.88418860984875,2.6995788
sensitivity,1,mask0.02,380,NH1421,380,1498585288.0,2.6350029640147916,2.6695826
sensitivity,1,mask0.02,309,NH1337,309,1498585683.0,2.9226101060613896,2.870534
sensitivity,1,mask0.02,310,NH1338,310,1498586473.0,2.9221314431825003,2.7556415
sensitivity,1,mask0.02,400,NH1441,400,1498587262.0,2.6845978813138895,2.5884306
sensitivity,1,mask0.02,399,NH1440,399,1498587350.5,2.4855075101008333,2.5960188
sensitivity,1,mask0.02,401,NH1442,401,1498587370.0,2.690955692424499,2.8831584
sensitivity,1,mask0.02,398,NH1439,398,1498589292.0,2.6040388181808334,2.6849833
sensitivity,1,mask0.02,402,NH1443,402,1498589308.0,2.6812744053033337,2.6593406
sensitivity,1,mask0.02,365,NH1403,365,1498596283.0,2.6668114507575003,2.598098
sensitivity,1,mask0.02,364,NH1402,364,1498596364.0,2.7964503750012497,2.4837294
sensitivity,1,mask0.02,366,NH1404,366,1498597027.0,2.76952707197,2.6324015
sensitivity,1,mask0.02,367,NH1405,367,1498597108.0,2.5459914393941667,2.5873935
sensitivity,1,mask0.02,362,NH1400,362,1498598136.0,2.8297341931820834,2.6426864
sensitivity,1,mask0.02,390,NH1431,390,1498603234.0,2.8693135707070834,2.863105
sensitivity,1,mask0.02,391,NH1432,391,1498603301.0,2.4809344823230552,2.5391405
sensitivity,1,mask0.02,392,NH1433,392,1498603537.0,2.8484010959591677,2.8012815
sensitivity,1,mask0.02,405,NH1446,405,1498608284.5,2.772907863636667,2.8530085
sensitivity,1,mask0.02,408,NH1449,408,1498609102.0,2.8542932992424994,2.6610007
sensitivity,1,mask0.02,407,NH1448,407,1498609164.5,2.7518247045458337,2.7459843
sensitivity,1,mask0.02,403,NH1444,403,1498610132.0,2.7301533333329164,2.4990032
sensitivity,1,mask0.02,404,NH1445,404,1498610214.0,2.918158560606666,2.741238
sensitivity,1,mask0.02,221,NH1237,221,1498612523.0,2.6849211477270836,2.7311568
sensitivity,1,mask0.02,220,NH1236,220,1498614384.5,2.8226209318179167,2.6556706
sensitivity,1,mask0.02,298,NH1324,297,1498614937.0,2.9338776060612504,2.7710464
sensitivity,1,mask0.02,296,NH1323,295,1498614992.5,2.5266099848475,2.572672
sensitivity,1,mask0.02,294,NH1322,293,1498615071.5,2.8165363030316675,2.6118076
sensitivity,1,mask0.02,517,NH1571,517,1498616800.0,2.6675930037875,2.7167294
sensitivity,1,mask0.02,518,NH1572,518,1498617353.0,2.8438639431825004,2.7838285
sensitivity,1,mask0.02,520,NH1573,519,1498617768.0,2.7471295151525,2.7856011
sensitivity,1,mask0.02,522,NH1574,521,1498621809.0,2.7811293674241666,2.7413843
sensitivity,1,mask0.02,280,NH1302,280,1498637058.5,3.014583128788751,2.6885145
sensitivity,1,mask0.02,450,NH1491,450,1498643325.0,2.4046029571968743,2.6047711
sensitivity,1,mask0.02,452,NH1493,452,1498643373.5,2.756723655304167,2.8241134
sensitivity,1,mask0.02,451,NH1492,451,1498643617.0,2.7699136931808335,2.873328
sensitivity,1,mask0.02,453,NH1494,453,1498644078.0,2.8766519621216666,2.778226
sensitivity,1,mask0.02,454,NH1495,454,1498644534.0,2.5458145189391668,2.6477249
sensitivity,1,mask0.02,455,NH1496,455,1498644867.0,2.794155,2.9962988
sensitivity,1,mask0.02,456,NH1497,456,1498645064.0,2.7536738371212492,2.7777379
sensitivity,1,mask0.02,457,NH1498,457,1498645284.0,2.580586496212916,2.6779604
sensitivity,1,mask0.02,521,NH1574,521,1498647951.0,2.7811293674241666,2.7327294
sensitivity,1,mask0.02,519,NH1573,519,1498648050.0,2.7471295151525,2.779937
sensitivity,1,mask0.02,523,NH1575,523,1498648396.0,2.53008267424125,2.5675309
sensitivity,1,mask0.02,516,NH1570,516,1498649017.0,2.5346034412883336,2.5727859
sensitivity,1,mask0.02,359,NH1396,359,1498653566.0,2.5963870378785012,2.740698
sensitivity,1,mask0.02,360,NH1397,360,1498653680.0,2.622993156565277,2.6491299
sensitivity,1,mask0.02,361,NH1398,361,1498653781.5,2.8257200202024997,2.865532
sensitivity,1,mask0.02,389,NH1430,389,1498660227.0,2.598982184847709,2.6084597
sensitivity,1,mask0.02,335,NH1365,335,1498660890.5,2.4130399090912498,2.5772567
sensitivity,1,mask0.02,336,NH1366,336,1498661007.0,2.8110285681816665,2.860139
sensitivity,1,mask0.02,337,NH1367,337,1498661220.0,2.5282417234850003,2.6114602
sensitivity,1,mask0.02,338,NH1368,338,1498662841.0,2.9217660000004164,2.9814055
sensitivity,1,mask0.02,334,NH1364,334,1498663018.0,2.7324893257579177,2.5882864
sensitivity,1,mask0.02,333,NH1363,333,1498663097.0,2.8111716136362497,2.7405908
sensitivity,1,mask0.02,387,NH1428,387,1498677536.5,2.4962147626258337,2.7102218
sensitivity,1,mask0.02,386,NH1427,386,1498677807.5,2.572204270201666,2.721647
sensitivity,1,mask0.02,388,NH1429,388,1498678052.0,2.7701933131311107,2.8430302
sensitivity,1,mask0.02,240,NH1258,240,1498682283.0,2.654602325757222,2.5918221
sensitivity,1,mask0.02,239,NH1257,239,1498682427.0,2.831951083332778,2.7472599
sensitivity,1,mask0.02,241,NH1259,241,1498682470.0,3.1357789444447226,2.7661548
sensitivity,1,mask0.02,444,NH1485,444,1498730538.0,2.8668407803025,2.6296453
sensitivity,1,mask0.02,445,NH1486,445,1498731001.0,2.9221965719687497,2.755036
sensitivity,1,mask0.02,446,NH1487,446,1498731620.0,2.7554371666662503,2.633435
sensitivity,1,mask0.02,448,NH1489,448,1498731806.5,2.961716594697083,2.5932055
sensitivity,1,rounds600,340,NH1376,340,1498536981.0,2.9502337462116666,2.9278238
sensitivity,1,rounds600,341,NH1377,341,1498537987.0,3.017101999999166,2.8186047
sensitivity,1,rounds600,308,NH1336,308,1498543128.0,2.6871744873736114,2.5265338
sensitivity,1,rounds600,352,NH1388,352,1498544686.0,2.7922012689387503,2.8975937
sensitivity,1,rounds600,353,NH1389,353,1498544840.5,2.744722598485416,2.6244926
sensitivity,1,rounds600,406,NH1447,406,1498545499.0,2.79463993939375,2.7076569
sensitivity,1,rounds600,269,NH1291,269,1498555067.0,2.8228221780299996,2.637505
sensitivity,1,rounds600,268,NH1290,268,1498555272.5,2.6928882613641667,2.6048436
sensitivity,1,rounds600,385,NH1426,385,1498556905.5,2.9159720511366674,2.5932086
sensitivity,1,rounds600,267,NH1289,267,1498557415.5,2.8609133787891667,2.6633978
sensitivity,1,rounds600,266,NH1288,266,1498557641.0,2.745617397727917,2.6579843
sensitivity,1,rounds600,307,NH1335,307,1498564294.0,3.0797070101005546,2.6994226
sensitivity,1,rounds600,393,NH1434,393,1498570353.0,2.8610414507566673,2.5350537
sensitivity,1,rounds600,369,NH1407,369,1498572947.5,2.3724959797983334,2.5122721
sensitivity,1,rounds600,368,NH1406,368,1498573072.0,2.6985776186861115,2.5667248
sensitivity,1,rounds600,370,NH1408,370,1498573120.5,2.9403473358586107,2.813654
sensitivity,1,rounds600,351,NH1387,351,1498575475.0,2.6446771856066666,2.5112815
sensitivity,1,rounds600,356,NH1392,356,1498575825.0,2.6571546022733328,2.600535
sensitivity,1,rounds600,354,NH1390,354,1498575916.0,2.601928625,2.539603
sensitivity,1,rounds600,355,NH1391,355,1498576163.0,3.0596034772720824,2.8644347
sensitivity,1,rounds600,357,NH1393,357,1498576169.5,2.7594724431812505,2.5306063
sensitivity,1,rounds600,396,NH1437,396,1498580643.5,2.4572546287883332,2.5970833
sensitivity,1,rounds600,397,NH1438,397,1498580706.0,2.8197956249991667,2.6212957
sensitivity,1,rounds600,394,NH1435,394,1498581117.5,2.5875511931825,2.5880756
sensitivity,1,rounds600,395,NH1436,395,1498581200.0,2.9314942272737503,2.701645
sensitivity,1,rounds600,374,NH1412,374,1498581338.0,2.7662135151520832,2.6562297
sensitivity,1,rounds600,373,NH1411,373,1498581417.0,2.836565439392917,2.7230256
sensitivity,1,rounds600,376,NH1414,376,1498582161.0,2.5805085795449996,2.6358135
sensitivity,1,rounds600,377,NH1415,377,1498582635.0,2.6120531174233337,2.5969958
sensitivity,1,rounds600,378,NH1416,378,1498582950.5,2.6666781780308337,2.5785756
sensitivity,1,rounds600,372,NH1410,372,1498583234.0,2.5341386022729164,2.6668952
sensitivity,1,rounds600,371,NH1409,371,1498583313.0,2.9119232272733337,2.6469173
sensitivity,1,rounds600,381,NH1422,381,1498583329.5,2.732614287878125,2.8099127
sensitivity,1,rounds600,382,NH1423,382,1498583392.0,2.795841687499792,2.720451
sensitivity,1,rounds600,383,NH1424,383,1498583487.5,2.603203013257291,2.6108184
sensitivity,1,rounds600,384,NH1425,384,1498584024.0,3.090623825757918,2.906619
sensitivity,1,rounds600,379,NH1420,379,1498585225.5,2.88418860984875,2.713402
sensitivity,1,rounds600,380,NH1421,380,1498585288.0,2.6350029640147916,2.7289612
sensitivity,1,rounds600,309,NH1337,309,1498585683.0,2.9226101060613896,2.8707452
sensitivity,1,rounds600,310,NH1338,310,1498586473.0,2.9221314431825003,2.7681942
sensitivity,1,rounds600,400,NH1441,400,1498587262.0,2.6845978813138895,2.5910559
sensitivity,1,rounds600,399,NH1440,399,1498587350.5,2.4855075101008333,2.6059387
sensitivity,1,rounds600,401,NH1442,401,1498587370.0,2.690955692424499,2.8695831
sensitivity,1,rounds600,398,NH1439,398,1498589292.0,2.6040388181808334,2.6677334
sensitivity,1,rounds600,402,NH1443,402,1498589308.0,2.6812744053033337,2.6844344
sensitivity,1,rounds600,365,NH1403,365,1498596283.0,2.6668114507575003,2.5849946
sensitivity,1,rounds600,364,NH1402,364,1498596364.0,2.7964503750012497,2.4838598
sensitivity,1,rounds600,366,NH1404,366,1498597027.0,2.76952707197,2.5749578
sensitivity,1,rounds600,367,NH1405,367,1498597108.0,2.5459914393941667,2.566286
sensitivity,1,rounds600,362,NH1400,362,1498598136.0,2.8297341931820834,2.6470912
sensitivity,1,rounds600,390,NH1431,390,1498603234.0,2.8693135707070834,2.8273678
sensitivity,1,rounds600,391,NH1432,391,1498603301.0,2.4809344823230552,2.5263996
sensitivity,1,rounds600,392,NH1433,392,1498603537.0,2.8484010959591677,2.789389
sensitivity,1,rounds600,405,NH1446,405,1498608284.5,2.772907863636667,2.8551342
sensitivity,1,rounds600,408,NH1449,408,1498609102.0,2.8542932992424994,2.6686518
sensitivity,1,rounds600,407,NH1448,407,1498609164.5,2.7518247045458337,2.7378616
sensitivity,1,rounds600,403,NH1444,403,1498610132.0,2.7301533333329164,2.5320044
sensitivity,1,rounds600,404,NH1445,404,1498610214.0,2.918158560606666,2.7736742
sensitivity,1,rounds600,221,NH1237,221,1498612523.0,2.6849211477270836,2.723843
sensitivity,1,rounds600,220,NH1236,220,1498614384.5,2.8226209318179167,2.6407666
sensitivity,1,rounds600,298,NH1324,297,1498614937.0,2.9338776060612504,2.7649195
sensitivity,1,rounds600,296,NH1323,295,1498614992.5,2.5266099848475,2.579557
sensitivity,1,rounds600,294,NH1322,293,1498615071.5,2.8165363030316675,2.599019
sensitivity,1,rounds600,517,NH1571,517,1498616800.0,2.6675930037875,2.7291677
sensitivity,1,rounds600,518,NH1572,518,1498617353.0,2.8438639431825004,2.806916
sensitivity,1,rounds600,520,NH1573,519,1498617768.0,2.7471295151525,2.8466945
sensitivity,1,rounds600,522,NH1574,521,1498621809.0,2.7811293674241666,2.742166
sensitivity,1,rounds600,280,NH1302,280,1498637058.5,3.014583128788751,2.6950176
sensitivity,1,rounds600,450,NH1491,450,1498643325.0,2.4046029571968743,2.6402667
sensitivity,1,rounds600,452,NH1493,452,1498643373.5,2.756723655304167,2.7898057
sensitivity,1,rounds600,451,NH1492,451,1498643617.0,2.7699136931808335,2.8944068
sensitivity,1,rounds600,453,NH1494,453,1498644078.0,2.8766519621216666,2.8029613
sensitivity,1,rounds600,454,NH1495,454,1498644534.0,2.5458145189391668,2.6724942
sensitivity,1,rounds600,455,NH1496,455,1498644867.0,2.794155,2.9870534
sensitivity,1,rounds600,456,NH1497,456,1498645064.0,2.7536738371212492,2.7876947
sensitivity,1,rounds600,457,NH1498,457,1498645284.0,2.580586496212916,2.6724799
sensitivity,1,rounds600,521,NH1574,521,1498647951.0,2.7811293674241666,2.7238884
sensitivity,1,rounds600,519,NH1573,519,1498648050.0,2.7471295151525,2.831176
sensitivity,1,rounds600,523,NH1575,523,1498648396.0,2.53008267424125,2.5873382
sensitivity,1,rounds600,516,NH1570,516,1498649017.0,2.5346034412883336,2.6151242
sensitivity,1,rounds600,359,NH1396,359,1498653566.0,2.5963870378785012,2.7585099
sensitivity,1,rounds600,360,NH1397,360,1498653680.0,2.622993156565277,2.6014977
sensitivity,1,rounds600,361,NH1398,361,1498653781.5,2.8257200202024997,2.8678873
sensitivity,1,rounds600,389,NH1430,389,1498660227.0,2.598982184847709,2.6221154
sensitivity,1,rounds600,335,NH1365,335,1498660890.5,2.4130399090912498,2.5453198
sensitivity,1,rounds600,336,NH1366,336,1498661007.0,2.8110285681816665,2.869022
sensitivity,1,rounds600,337,NH1367,337,1498661220.0,2.5282417234850003,2.5798533
sensitivity,1,rounds600,338,NH1368,338,1498662841.0,2.9217660000004164,2.9502785
sensitivity,1,rounds600,334,NH1364,334,1498663018.0,2.7324893257579177,2.59434
sensitivity,1,rounds600,333,NH1363,333,1498663097.0,2.8111716136362497,2.6878064
sensitivity,1,rounds600,387,NH1428,387,1498677536.5,2.4962147626258337,2.6564372
sensitivity,1,rounds600,386,NH1427,386,1498677807.5,2.572204270201666,2.6684237
sensitivity,1,rounds600,388,NH1429,388,1498678052.0,2.7701933131311107,2.8326876
sensitivity,1,rounds600,240,NH1258,240,1498682283.0,2.654602325757222,2.6073182
sensitivity,1,rounds600,239,NH1257,239,1498682427.0,2.831951083332778,2.751047
sensitivity,1,rounds600,241,NH1259,241,1498682470.0,3.1357789444447226,2.7868495
sensitivity,1,rounds600,444,NH1485,444,1498730538.0,2.8668407803025,2.6332922
sensitivity,1,rounds600,445,NH1486,445,1498731001.0,2.9221965719687497,2.7838008
sensitivity,1,rounds600,446,NH1487,446,1498731620.0,2.7554371666662503,2.6137044
sensitivity,1,rounds600,448,NH1489,448,1498731806.5,2.961716594697083,2.6056986
sensitivity,1,lr0.025,340,NH1376,340,1498536981.0,2.9502337462116666,2.928886
sensitivity,1,lr0.025,341,NH1377,341,1498537987.0,3.017101999999166,2.840716
sensitivity,1,lr0.025,308,NH1336,308,1498543128.0,2.6871744873736114,2.547658
sensitivity,1,lr0.025,352,NH1388,352,1498544686.0,2.7922012689387503,2.9236972
sensitivity,1,lr0.025,353,NH1389,353,1498544840.5,2.744722598485416,2.6174529
sensitivity,1,lr0.025,406,NH1447,406,1498545499.0,2.79463993939375,2.7282863
sensitivity,1,lr0.025,269,NH1291,269,1498555067.0,2.8228221780299996,2.646086
sensitivity,1,lr0.025,268,NH1290,268,1498555272.5,2.6928882613641667,2.6066158
sensitivity,1,lr0.025,385,NH1426,385,1498556905.5,2.9159720511366674,2.6226878
sensitivity,1,lr0.025,267,NH1289,267,1498557415.5,2.8609133787891667,2.6630864
sensitivity,1,lr0.025,266,NH1288,266,1498557641.0,2.745617397727917,2.666721
sensitivity,1,lr0.025,307,NH1335,307,1498564294.0,3.0797070101005546,2.7530115
sensitivity,1,lr0.025,393,NH1434,393,1498570353.0,2.8610414507566673,2.5478044
sensitivity,1,lr0.025,369,NH1407,369,1498572947.5,2.3724959797983334,2.5075378
sensitivity,1,lr0.025,368,NH1406,368,1498573072.0,2.6985776186861115,2.5930846
sensitivity,1,lr0.025,370,NH1408,370,1498573120.5,2.9403473358586107,2.821368
sensitivity,1,lr0.025,351,NH1387,351,1498575475.0,2.6446771856066666,2.5112066
sensitivity,1,lr0.025,356,NH1392,356,1498575825.0,2.6571546022733328,2.6345396
sensitivity,1,lr0.025,354,NH1390,354,1498575916.0,2.601928625,2.5411983
sensitivity,1,lr0.025,355,NH1391,355,1498576163.0,3.0596034772720824,2.901305
sensitivity,1,lr0.025,357,NH1393,357,1498576169.5,2.7594724431812505,2.548971
sensitivity,1,lr0.025,396,NH1437,396,1498580643.5,2.4572546287883332,2.6205242
sensitivity,1,lr0.025,397,NH1438,397,1498580706.0,2.8197956249991667,2.6373217
sensitivity,1,lr0.025,394,NH1435,394,1498581117.5,2.5875511931825,2.6192613
sensitivity,1,lr0.025,395,NH1436,395,1498581200.0,2.9314942272737503,2.7038913
sensitivity,1,lr0.025,374,NH1412,374,1498581338.0,2.7662135151520832,2.6673927
sensitivity,1,lr0.025,373,NH1411,373,1498581417.0,2.836565439392917,2.769543
sensitivity,1,lr0.025,376,NH1414,376,1498582161.0,2.5805085795449996,2.65234
sensitivity,1,lr0.025,377,NH1415,377,1498582635.0,2.6120531174233337,2.5972335
sensitivity,1,lr0.025,378,NH1416,378,1498582950.5,2.6666781780308337,2.6093144
sensitivity,1,lr0.025,372,NH1410,372,1498583234.0,2.5341386022729164,2.6888335
sensitivity,1,lr0.025,371,NH1409,371,1498583313.0,2.9119232272733337,2.6710258
sensitivity,1,lr0.025,381,NH1422,381,1498583329.5,2.732614287878125,2.810878
sensitivity,1,lr0.025,382,NH1423,382,1498583392.0,2.795841687499792,2.690826
sensitivity,1,lr0.025,383,NH1424,383,1498583487.5,2.603203013257291,2.6145456
sensitivity,1,lr0.025,384,NH1425,384,1498584024.0,3.090623825757918,2.9051893
sensitivity,1,lr0.025,379,NH1420,379,1498585225.5,2.88418860984875,2.6879625
sensitivity,1,lr0.025,380,NH1421,380,1498585288.0,2.6350029640147916,2.667035
sensitivity,1,lr0.025,309,NH1337,309,1498585683.0,2.9226101060613896,2.8772454
sensitivity,1,lr0.025,310,NH1338,310,1498586473.0,2.9221314431825003,2.76735
sensitivity,1,lr0.025,400,NH1441,400,1498587262.0,2.6845978813138895,2.5914106
sensitivity,1,lr0.025,399,NH1440,399,1498587350.5,2.4855075101008333,2.5956266
sensitivity,1,lr0.025,401,NH1442,401,1498587370.0,2.690955692424499,2.8611288
sensitivity,1,lr0.025,398,NH1439,398,1498589292.0,2.6040388181808334,2.662341
sensitivity,1,lr0.025,402,NH1443,402,1498589308.0,2.6812744053033337,2.677212
sensitivity,1,lr0.025,365,NH1403,365,1498596283.0,2.6668114507575003,2.6074834
sensitivity,1,lr0.025,364,NH1402,364,1498596364.0,2.7964503750012497,2.507095
sensitivity,1,lr0.025,366,NH1404,366,1498597027.0,2.76952707197,2.6290936
sensitivity,1,lr0.025,367,NH1405,367,1498597108.0,2.5459914393941667,2.5654292
sensitivity,1,lr0.025,362,NH1400,362,1498598136.0,2.8297341931820834,2.6474206
sensitivity,1,lr0.025,390,NH1431,390,1498603234.0,2.8693135707070834,2.8346467
sensitivity,1,lr0.025,391,NH1432,391,1498603301.0,2.4809344823230552,2.5326207
sensitivity,1,lr0.025,392,NH1433,392,1498603537.0,2.8484010959591677,2.7576578
sensitivity,1,lr0.025,405,NH1446,405,1498608284.5,2.772907863636667,2.8610606
sensitivity,1,lr0.025,408,NH1449,408,1498609102.0,2.8542932992424994,2.6790006
sensitivity,1,lr0.025,407,NH1448,407,1498609164.5,2.7518247045458337,2.7600994
sensitivity,1,lr0.025,403,NH1444,403,1498610132.0,2.7301533333329164,2.5537937
sensitivity,1,lr0.025,404,NH1445,404,1498610214.0,2.918158560606666,2.7599227
sensitivity,1,lr0.025,221,NH1237,221,1498612523.0,2.6849211477270836,2.7283604
sensitivity,1,lr0.025,220,NH1236,220,1498614384.5,2.8226209318179167,2.67657
sensitivity,1,lr0.025,298,NH1324,297,1498614937.0,2.9338776060612504,2.7549872
sensitivity,1,lr0.025,296,NH1323,295,1498614992.5,2.5266099848475,2.561333
sensitivity,1,lr0.025,294,NH1322,293,1498615071.5,2.8165363030316675,2.5826578
sensitivity,1,lr0.025,517,NH1571,517,1498616800.0,2.6675930037875,2.7624047
sensitivity,1,lr0.025,518,NH1572,518,1498617353.0,2.8438639431825004,2.8332405
sensitivity,1,lr0.025,520,NH1573,519,1498617768.0,2.7471295151525,2.86114
sensitivity,1,lr0.025,522,NH1574,521,1498621809.0,2.7811293674241666,2.7665546
sensitivity,1,lr0.025,280,NH1302,280,1498637058.5,3.014583128788751,2.7169654
sensitivity,1,lr0.025,450,NH1491,450,1498643325.0,2.4046029571968743,2.6152291
sensitivity,1,lr0.025,452,NH1493,452,1498643373.5,2.756723655304167,2.7670596
sensitivity,1,lr0.025,451,NH1492,451,1498643617.0,2.7699136931808335,2.866061
sensitivity,1,lr0.025,453,NH1494,453,1498644078.0,2.8766519621216666,2.7600546
sensitivity,1,lr0.025,454,NH1495,454,1498644534.0,2.5458145189391668,2.6713989
sensitivity,1,lr0.025,455,NH1496,455,1498644867.0,2.794155,3.0117612
sensitivity,1,lr0.025,456,NH1497,456,1498645064.0,2.7536738371212492,2.769468
sensitivity,1,lr0.025,457,NH1498,457,1498645284.0,2.580586496212916,2.67339
sensitivity,1,lr0.025,521,NH1574,521,1498647951.0,2.7811293674241666,2.7579253
sensitivity,1,lr0.025,519,NH1573,519,1498648050.0,2.7471295151525,2.8543243
sensitivity,1,lr0.025,523,NH1575,523,1498648396.0,2.53008267424125,2.5906596
sensitivity,1,lr0.025,516,NH1570,516,1498649017.0,2.5346034412883336,2.6356332
sensitivity,1,lr0.025,359,NH1396,359,1498653566.0,2.5963870378785012,2.757471
sensitivity,1,lr0.025,360,NH1397,360,1498653680.0,2.622993156565277,2.6051702
sensitivity,1,lr0.025,361,NH1398,361,1498653781.5,2.8257200202024997,2.8884315
sensitivity,1,lr0.025,389,NH1430,389,1498660227.0,2.598982184847709,2.6403296
sensitivity,1,lr0.025,335,NH1365,335,1498660890.5,2.4130399090912498,2.543084
sensitivity,1,lr0.025,336,NH1366,336,1498661007.0,2.8110285681816665,2.8827715
sensitivity,1,lr0.025,337,NH1367,337,1498661220.0,2.5282417234850003,2.57902
sensitivity,1,lr0.025,338,NH1368,338,1498662841.0,2.9217660000004164,2.9593616
sensitivity,1,lr0.025,334,NH1364,334,1498663018.0,2.7324893257579177,2.5725262
sensitivity,1,lr0.025,333,NH1363,333,1498663097.0,2.8111716136362497,2.7040586
sensitivity,1,lr0.025,387,NH1428,387,1498677536.5,2.4962147626258337,2.638966
sensitivity,1,lr0.025,386,NH1427,386,1498677807.5,2.572204270201666,2.7210858
sensitivity,1,lr0.025,388,NH1429,388,1498678052.0,2.7701933131311107,2.8802454
sensitivity,1,lr0.025,240,NH1258,240,1498682283.0,2.654602325757222,2.580874
sensitivity,1,lr0.025,239,NH1257,239,1498682427.0,2.831951083332778,2.7493613
sensitivity,1,lr0.025,241,NH1259,241,1498682470.0,3.1357789444447226,2.8172424
sensitivity,1,lr0.025,444,NH1485,444,1498730538.0,2.8668407803025,2.6401265
sensitivity,1,lr0.025,445,NH1486,445,1498731001.0,2.9221965719687497,2.803184
sensitivity,1,lr0.025,446,NH1487,446,1498731620.0,2.7554371666662503,2.626463
sensitivity,1,lr0.025,448,NH1489,448,1498731806.5,2.961716594697083,2.615183
sensitivity,1,reg0_1,340,NH1376,340,1498536981.0,2.9502337462116666,2.8859847
sensitivity,1,reg0_1,341,NH1377,341,1498537987.0,3.017101999999166,2.8009777
sensitivity,1,reg0_1,308,NH1336,308,1498543128.0,2.6871744873736114,2.5242577
sensitivity,1,reg0_1,352,NH1388,352,1498544686.0,2.7922012689387503,2.9101772
sensitivity,1,reg0_1,353,NH1389,353,1498544840.5,2.744722598485416,2.6517222
sensitivity,1,reg0_1,406,NH1447,406,1498545499.0,2.79463993939375,2.7171347
sensitivity,1,reg0_1,269,NH1291,269,1498555067.0,2.8228221780299996,2.6309714
sensitivity,1,reg0_1,268,NH1290,268,1498555272.5,2.6928882613641667,2.6029499
sensitivity,1,reg0_1,385,NH1426,385,1498556905.5,2.9159720511366674,2.5814629
sensitivity,1,reg0_1,267,NH1289,267,1498557415.5,2.8609133787891667,2.6509628
sensitivity,1,reg0_1,266,NH1288,266,1498557641.0,2.745617397727917,2.6829133
sensitivity,1,reg0_1,307,NH1335,307,1498564294.0,3.0797070101005546,2.7077212
sensitivity,1,reg0_1,393,NH1434,393,1498570353.0,2.8610414507566673,2.5323844
sensitivity,1,reg0_1,369,NH1407,369,1498572947.5,2.3724959797983334,2.501183
sensitivity,1,reg0_1,368,NH1406,368,1498573072.0,2.6985776186861115,2.5731168
sensitivity,1,reg0_1,370,NH1408,370,1498573120.5,2.9403473358586107,2.790053
sensitivity,1,reg0_1,351,NH1387,351,1498575475.0,2.6446771856066666,2.5204616
sensitivity,1,reg0_1,356,NH1392,356,1498575825.0,2.6571546022733328,2.6286275
sensitivity,1,reg0_1,354,NH1390,354,1498575916.0,2.601928625,2.5471444
sensitivity,1,reg0_1,355,NH1391,355,1498576163.0,3.0596034772720824,2.8636727
sensitivity,1,reg0_1,357,NH1393,357,1498576169.5,2.7594724431812505,2.5545745
sensitivity,1,reg0_1,396,NH1437,396,1498580643.5,2.4572546287883332,2.6078424
sensitivity,1,reg0_1,397,NH1438,397,1498580706.0,2.8197956249991667,2.6149824
sensitivity,1,reg0_1,394,NH1435,394,1498581117.5,2.5875511931825,2.5734653
sensitivity,1,reg0_1,395,NH1436,395,1498581200.0,2.9314942272737503,2.703394
sensitivity,1,reg0_1,374,NH1412,374,1498581338.0,2.7662135151520832,2.7125244
sensitivity,1,reg0_1,373,NH1411,373,1498581417.0,2.836565439392917,2.7275398
sensitivity,1,reg0_1,376,NH1414,376,1498582161.0,2.5805085795449996,2.6545558
sensitivity,1,reg0_1,377,NH1415,377,1498582635.0,2.6120531174233337,2.595988
sensitivity,1,reg0_1,378,NH1416,378,1498582950.5,2.6666781780308337,2.582361
sensitivity,1,reg0_1,372,NH1410,372,1498583234.0,2.5341386022729164,2.6946747
sensitivity,1,reg0_1,371,NH1409,371,1498583313.0,2.9119232272733337,2.6945207
sensitivity,1,reg0_1,381,NH1422,381,1498583329.5,2.732614287878125,2.8102212
sensitivity,1,reg0_1,382,NH1423,382,1498583392.0,2.795841687499792,2.7429492
sensitivity,1,reg0_1,383,NH1424,383,1498583487.5,2.603203013257291,2.6197245
sensitivity,1,reg0_1,384,NH1425,384,1498584024.0,3.090623825757918,2.9263597
sensitivity,1,reg0_1,379,NH1420,379,1498585225.5,2.88418860984875,2.7220628
sensitivity,1,reg0_1,380,NH1421,380,1498585288.0,2.6350029640147916,2.7259703
sensitivity,1,reg0_1,309,NH1337,309,1498585683.0,2.9226101060613896,2.850201
sensitivity,1,reg0_1,310,NH1338,310,1498586473.0,2.9221314431825003,2.7768703
sensitivity,1,reg0_1,400,NH1441,400,1498587262.0,2.6845978813138895,2.5645487
sensitivity,1,reg0_1,399,NH1440,399,1498587350.5,2.4855075101008333,2.5913708
sensitivity,1,reg0_1,401,NH1442,401,1498587370.0,2.690955692424499,2.8565557
sensitivity,1,reg0_1,398,NH1439,398,1498589292.0,2.6040388181808334,2.6690445
sensitivity,1,reg0_1,402,NH1443,402,1498589308.0,2.6812744053033337,2.6726544
sensitivity,1,reg0_1,365,NH1403,365,1498596283.0,2.6668114507575003,2.6158433
sensitivity,1,reg0_1,364,NH1402,364,1498596364.0,2.7964503750012497,2.4795985
sensitivity,1,reg0_1,366,NH1404,366,1498597027.0,2.76952707197,2.5872836
sensitivity,1,reg0_1,367,NH1405,367,1498597108.0,2.5459914393941667,2.5497253
sensitivity,1,reg0_1,362,NH1400,362,1498598136.0,2.8297341931820834,2.654354
sensitivity,1,reg0_1,390,NH1431,390,1498603234.0,2.8693135707070834,2.8700194
sensitivity,1,reg0_1,391,NH1432,391,1498603301.0,2.4809344823230552,2.5392463
sensitivity,1,reg0_1,392,NH1433,392,1498603537.0,2.8484010959591677,2.8140016
sensitivity,1,reg0_1,405,NH1446,405,1498608284.5,2.772907863636667,2.8188176
sensitivity,1,reg0_1,408,NH1449,408,1498609102.0,2.8542932992424994,2.686667
sensitivity,1,reg0_1,407,NH1448,407,1498609164.5,2.7518247045458337,2.7578247
sensitivity,1,reg0_1,403,NH1444,403,1498610132.0,2.7301533333329164,2.5264084
sensitivity,1,reg0_1,404,NH1445,404,1498610214.0,2.918158560606666,2.771451
sensitivity,1,reg0_1,221,NH1237,221,1498612523.0,2.6849211477270836,2.740458
sensitivity,1,reg0_1,220,NH1236,220,1498614384.5,2.8226209318179167,2.6618087
sensitivity,1,reg0_1,298,NH1324,297,1498614937.0,2.9338776060612504,2.7622178
sensitivity,1,reg0_1,296,NH1323,295,1498614992.5,2.5266099848475,2.5685477
sensitivity,1,reg0_1,294,NH1322,293,1498615071.5,2.8165363030316675,2.6018102
sensitivity,1,reg0_1,517,NH1571,517,1498616800.0,2.6675930037875,2.701977
sensitivity,1,reg0_1,518,NH1572,518,1498617353.0,2.8438639431825004,2.7941997
sensitivity,1,reg0_1,520,NH1573,519,1498617768.0,2.7471295151525,2.8331137
sensitivity,1,reg0_1,522,NH1574,521,1498621809.0,2.7811293674241666,2.7817788
sensitivity,1,reg0_1,280,NH1302,280,1498637058.5,3.014583128788751,2.7040813
sensitivity,1,reg0_1,450,NH1491,450,1498643325.0,2.4046029571968743,2.6218708
sensitivity,1,reg0_1,452,NH1493,452,1498643373.5,2.756723655304167,2.813561
sensitivity,1,reg0_1,451,NH1492,451,1498643617.0,2.7699136931808335,2.885138
sensitivity,1,reg0_1,453,NH1494,453,1498644078.0,2.8766519621216666,2.7846093
sensitivity,1,reg0_1,454,NH1495,454,1498644534.0,2.5458145189391668,2.6651926
sensitivity,1,reg0_1,455,NH1496,455,1498644867.0,2.794155,3.0048368
sensitivity,1,reg0_1,456,NH1497,456,1498645064.0,2.7536738371212492,2.7865467
sensitivity,1,reg0_1,457,NH1498,457,1498645284.0,2.580586496212916,2.6720955
sensitivity,1,reg0_1,521,NH1574,521,1498647951.0,2.7811293674241666,2.7632163
sensitivity,1,reg0_1,519,NH1573,519,1498648050.0,2.7471295151525,2.8136106
sensitivity,1,reg0_1,523,NH1575,523,1498648396.0,2.53008267424125,2.556788
sensitivity,1,reg0_1,516,NH1570,516,1498649017.0,2.5346034412883336,2.610644
sensitivity,1,reg0_1,359,NH1396,359,1498653566.0,2.5963870378785012,2.715652
sensitivity,1,reg0_1,360,NH1397,360,1498653680.0,2.622993156565277,2.6357203
sensitivity,1,reg0_1,361,NH1398,361,1498653781.5,2.8257200202024997,2.844052
sensitivity,1,reg0_1,389,NH1430,389,1498660227.0,2.598982184847709,2.6128309
sensitivity,1,reg0_1,335,NH1365,335,1498660890.5,2.4130399090912498,2.575227
sensitivity,1,reg0_1,336,NH1366,336,1498661007.0,2.8110285681816665,2.8903048
sensitivity,1,reg0_1,337,NH1367,337,1498661220.0,2.5282417234850003,2.6058702
sensitivity,1,reg0_1,338,NH1368,338,1498662841.0,2.9217660000004164,2.973934
sensitivity,1,reg0_1,334,NH1364,334,1498663018.0,2.7324893257579177,2.61588
sensitivity,1,reg0_1,333,NH1363,333,1498663097.0,2.8111716136362497,2.7538188
sensitivity,1,reg0_1,387,NH1428,387,1498677536.5,2.4962147626258337,2.6859076
sensitivity,1,reg0_1,386,NH1427,386,1498677807.5,2.572204270201666,2.7369087
sensitivity,1,reg0_1,388,NH1429,388,1498678052.0,2.7701933131311107,2.8684654
sensitivity,1,reg0_1,240,NH1258,240,1498682283.0,2.654602325757222,2.6025174
sensitivity,1,reg0_1,239,NH1257,239,1498682427.0,2.831951083332778,2.7464142
sensitivity,1,reg0_1,241,NH1259,241,1498682470.0,3.1357789444447226,2.8140936
sensitivity,1,reg0_1,444,NH1485,444,1498730538.0,2.8668407803025,2.6272972
sensitivity,1,reg0_1,445,NH1486,445,1498731001.0,2.9221965719687497,2.753648
sensitivity,1,reg0_1,446,NH1487,446,1498731620.0,2.7554371666662503,2.6351552
sensitivity,1,reg0_1,448,NH1489,448,1498731806.5,2.961716594697083,2.59084
sensitivity,1,reg0.1_10,340,NH1376,340,1498536981.0,2.9502337462116666,2.938103
sensitivity,1,reg0.1_10,341,NH1377,341,1498537987.0,3.017101999999166,2.8094022
sensitivity,1,reg0.1_10,308,NH1336,308,1498543128.0,2.6871744873736114,2.5083487
sensitivity,1,reg0.1_10,352,NH1388,352,1498544686.0,2.7922012689387503,2.9454532
sensitivity,1,reg0.1_10,353,NH1389,353,1498544840.5,2.744722598485416,2.6191773
sensitivity,1,reg0.1_10,406,NH1447,406,1498545499.0,2.79463993939375,2.6954865
sensitivity,1,reg0.1_10,269,NH1291,269,1498555067.0,2.8228221780299996,2.6228476
sensitivity,1,reg0.1_10,268,NH1290,268,1498555272.5,2.6928882613641667,2.6167667
sensitivity,1,reg0.1_10,385,NH1426,385,1498556905.5,2.9159720511366674,2.592216
sensitivity,1,reg0.1_10,267,NH1289,267,1498557415.5,2.8609133787891667,2.704982
sensitivity,1,reg0.1_10,266,NH1288,266,1498557641.0,2.745617397727917,2.6163943
sensitivity,1,reg0.1_10,307,NH1335,307,1498564294.0,3.0797070101005546,2.7328966
sensitivity,1,reg0.1_10,393,NH1434,393,1498570353.0,2.8610414507566673,2.5277944
sensitivity,1,reg0.1_10,369,NH1407,369,1498572947.5,2.3724959797983334,2.519074
sensitivity,1,reg0.1_10,368,NH1406,368,1498573072.0,2.6985776186861115,2.5886266
sensitivity,1,reg0.1_10,370,NH1408,370,1498573120.5,2.9403473358586107,2.8298464
sensitivity,1,reg0.1_10,351,NH1387,351,1498575475.0,2.6446771856066666,2.5273795
sensitivity,1,reg0.1_10,356,NH1392,356,1498575825.0,2.6571546022733328,2.6498327
sensitivity,1,reg0.1_10,354,NH1390,354,1498575916.0,2.601928625,2.5369718
sensitivity,1,reg0.1_10,355,NH1391,355,1498576163.0,3.0596034772720824,2.8755822
sensitivity,1,reg0.1_10,357,NH1393,357,1498576169.5,2.7594724431812505,2.5396178
sensitivity,1,reg0.1_10,396,NH1437,396,1498580643.5,2.4572546287883332,2.5714018
sensitivity,1,reg0.1_10,397,NH1438,397,1498580706.0,2.8197956249991667,2.6612766
sensitivity,1,reg0.1_10,394,NH1435,394,1498581117.5,2.5875511931825,2.5580168
sensitivity,1,reg0.1_10,395,NH1436,395,1498581200.0,2.9314942272737503,2.6730015
sensitivity,1,reg0.1_10,374,NH1412,374,1498581338.0,2.7662135151520832,2.6540802
sensitivity,1,reg0.1_10,373,NH1411,373,1498581417.0,2.836565439392917,2.7192166
sensitivity,1,reg0.1_10,376,NH1414,376,1498582161.0,2.5805085795449996,2.6494677
sensitivity,1,reg0.1_10,377,NH1415,377,1498582635.0,2.6120531174233337,2.5908315
sensitivity,1,reg0.1_10,378,NH1416,378,1498582950.5,2.6666781780308337,2.5547721
sensitivity,1,reg0.1_10,372,NH1410,372,1498583234.0,2.5341386022729164,2.6877756
sensitivity,1,reg0.1_10,371,NH1409,371,1498583313.0,2.9119232272733337,2.642196
sensitivity,1,reg0.1_10,381,NH1422,381,1498583329.5,2.732614287878125,2.7752883
sensitivity,1,reg0.1_10,382,NH1423,382,1498583392.0,2.795841687499792,2.7353191
sensitivity,1,reg0.1_10,383,NH1424,383,1498583487.5,2.603203013257291,2.5841875
sensitivity,1,reg0.1_10,384,NH1425,384,1498584024.0,3.090623825757918,2.944909
sensitivity,1,reg0.1_10,379,NH1420,379,1498585225.5,2.88418860984875,2.6725848
sensitivity,1,reg0.1_10,380,NH1421,380,1498585288.0,2.6350029640147916,2.6673195
sensitivity,1,reg0.1_10,309,NH1337,309,1498585683.0,2.9226101060613896,2.8738716
sensitivity,1,reg0.1_10,310,NH1338,310,1498586473.0,2.9221314431825003,2.7690208
sensitivity,1,reg0.1_10,400,NH1441,400,1498587262.0,2.6845978813138895,2.5898066
sensitivity,1,reg0.1_10,399,NH1440,399,1498587350.5,2.4855075101008333,2.6037493
sensitivity,1,reg0.1_10,401,NH1442,401,1498587370.0,2.690955692424499,2.845078
sensitivity,1,reg0.1_10,398,NH1439,398,1498589292.0,2.6040388181808334,2.6567774
sensitivity,1,reg0.1_10,402,NH1443,402,1498589308.0,2.6812744053033337,2.6745193
sensitivity,1,reg0.1_10,365,NH1403,365,1498596283.0,2.6668114507575003,2.5880806
sensitivity,1,reg0.1_10,364,NH1402,364,1498596364.0,2.7964503750012497,2.4923031
sensitivity,1,reg0.1_10,366,NH1404,366,1498597027.0,2.76952707197,2.5727215
sensitivity,1,reg0.1_10,367,NH1405,367,1498597108.0,2.5459914393941667,2.5803354
sensitivity,1,reg0.1_10,362,NH1400,362,1498598136.0,2.8297341931820834,2.6582131
sensitivity,1,reg0.1_10,390,NH1431,390,1498603234.0,2.8693135707070834,2.8253753
sensitivity,1,reg0.1_10,391,NH1432,391,1498603301.0,2.4809344823230552,2.5083213
sensitivity,1,reg0.1_10,392,NH1433,392,1498603537.0,2.8484010959591677,2.7689395
sensitivity,1,reg0.1_10,405,NH1446,405,1498608284.5,2.772907863636667,2.849756
sensitivity,1,reg0.1_10,408,NH1449,408,1498609102.0,2.8542932992424994,2.6350923
sensitivity,1,reg0.1_10,407,NH1448,407,1498609164.5,2.7518247045458337,2.7488027
sensitivity,1,reg0.1_10,403,NH1444,403,1498610132.0,2.7301533333329164,2.516913
sensitivity,1,reg0.1_10,404,NH1445,404,1498610214.0,2.918158560606666,2.7506516
sensitivity,1,reg0.1_10,221,NH1237,221,1498612523.0,2.6849211477270836,2.680825
sensitivity,1,reg0.1_10,220,NH1236,220,1498614384.5,2.8226209318179167,2.6396039
sensitivity,1,reg0.1_10,298,NH1324,297,1498614937.0,2.9338776060612504,2.7915838
sensitivity,1,reg0.1_10,296,NH1323,295,1498614992.5,2.5266099848475,2.5842261
sensitivity,1,reg0.1_10,294,NH1322,293,1498615071.5,2.8165363030316675,2.630653
sensitivity,1,reg0.1_10,517,NH1571,517,1498616800.0,2.6675930037875,2.7191188
sensitivity,1,reg0.1_10,518,NH1572,518,1498617353.0,2.8438639431825004,2.7727146
sensitivity,1,reg0.1_10,520,NH1573,519,1498617768.0,2.7471295151525,2.8191376
sensitivity,1,reg0.1_10,522,NH1574,521,1498621809.0,2.7811293674241666,2.7420325
sensitivity,1,reg0.1_10,280,NH1302,280,1498637058.5,3.014583128788751,2.7537744
sensitivity,1,reg0.1_10,450,NH1491,450,1498643325.0,2.4046029571968743,2.638756
sensitivity,1,reg0.1_10,452,NH1493,452,1498643373.5,2.756723655304167,2.756
sensitivity,1,reg0.1_10,451,NH1492,451,1498643617.0,2.7699136931808335,2.8593333
sensitivity,1,reg0.1_10,453,NH1494,453,1498644078.0,2.8766519621216666,2.7635045
sensitivity,1,reg0.1_10,454,NH1495,454,1498644534.0,2.5458145189391668,2.6562173
sensitivity,1,reg0.1_10,455,NH1496,455,1498644867.0,2.794155,2.9585445
sensitivity,1,reg0.1_10,456,NH1497,456,1498645064.0,2.7536738371212492,2.7897003
sensitivity,1,reg0.1_10,457,NH1498,457,1498645284.0,2.580586496212916,2.6293805
sensitivity,1,reg0.1_10,521,NH1574,521,1498647951.0,2.7811293674241666,2.7363322
sensitivity,1,reg0.1_10,519,NH1573,519,1498648050.0,2.7471295151525,2.8062828
sensitivity,1,reg0.1_10,523,NH1575,523,1498648396.0,2.53008267424125,2.5931282
sensitivity,1,reg0.1_10,516,NH1570,516,1498649017.0,2.5346034412883336,2.5867407
sensitivity,1,reg0.1_10,359,NH1396,359,1498653566.0,2.5963870378785012,2.7111654
sensitivity,1,reg0.1_10,360,NH1397,360,1498653680.0,2.622993156565277,2.5772913
sensitivity,1,reg0.1_10,361,NH1398,361,1498653781.5,2.8257200202024997,2.8202384
sensitivity,1,reg0.1_10,389,NH1430,389,1498660227.0,2.598982184847709,2.6146247
sensitivity,1,reg0.1_10,335,NH1365,335,1498660890.5,2.4130399090912498,2.5413854
sensitivity,1,reg0.1_10,336,NH1366,336,1498661007.0,2.8110285681816665,2.8718834
sensitivity,1,reg0.1_10,337,NH1367,337,1498661220.0,2.5282417234850003,2.5589647
sensitivity,1,reg0.1_10,338,NH1368,338,1498662841.0,2.9217660000004164,2.9436193
sensitivity,1,reg0.1_10,334,NH1364,334,1498663018.0,2.7324893257579177,2.5926976
sensitivity,1,reg0.1_10,333,NH1363,333,1498663097.0,2.8111716136362497,2.6780286
sensitivity,1,reg0.1_10,387,NH1428,387,1498677536.5,2.4962147626258337,2.5929713
sensitivity,1,reg0.1_10,386,NH1427,386,1498677807.5,2.572204270201666,2.6689088
sensitivity,1,reg0.1_10,388,NH1429,388,1498678052.0,2.7701933131311107,2.8308704
sensitivity,1,reg0.1_10,240,NH1258,240,1498682283.0,2.654602325757222,2.586637
sensitivity,1,reg0.1_10,239,NH1257,239,1498682427.0,2.831951083332778,2.717011
sensitivity,1,reg0.1_10,241,NH1259,241,1498682470.0,3.1357789444447226,2.8101156
sensitivity,1,reg0.1_10,444,NH1485,444,1498730538.0,2.8668407803025,2.6040428
sensitivity,1,reg0.1_10,445,NH1486,445,1498731001.0,2.9221965719687497,2.7702355
sensitivity,1,reg0.1_10,446,NH1487,446,1498731620.0,2.7554371666662503,2.609247
sensitivity,1,reg0.1_10,448,NH1489,448,1498731806.5,2.961716594697083,2.5997543
ablation,1,measurements,340,NH1376,340,1498536981.0,2.9502337462116666,2.889145
ablation,1,measurements,341,NH1377,341,1498537987.0,3.017101999999166,2.8993442
ablation,1,measurements,308,NH1336,308,1498543128.0,2.6871744873736114,2.580065
ablation,1,measurements,352,NH1388,352,1498544686.0,2.7922012689387503,2.9043844
ablation,1,measurements,353,NH1389,353,1498544840.5,2.744722598485416,2.5895634
ablation,1,measurements,406,NH1447,406,1498545499.0,2.79463993939375,2.7871618
ablation,1,measurements,269,NH1291,269,1498555067.0,2.8228221780299996,2.6795075
ablation,1,measurements,268,NH1290,268,1498555272.5,2.6928882613641667,2.5903203
ablation,1,measurements,385,NH1426,385,1498556905.5,2.9159720511366674,2.6009262
ablation,1,measurements,267,NH1289,267,1498557415.5,2.8609133787891667,2.7236652
ablation,1,measurements,266,NH1288,266,1498557641.0,2.745617397727917,2.6895123
ablation,1,measurements,307,NH1335,307,1498564294.0,3.0797070101005546,2.783102
ablation,1,measurements,393,NH1434,393,1498570353.0,2.8610414507566673,2.6006796
ablation,1,measurements,369,NH1407,369,1498572947.5,2.3724959797983334,2.5513752
ablation,1,measurements,368,NH1406,368,1498573072.0,2.6985776186861115,2.5540774
ablation,1,measurements,370,NH1408,370,1498573120.5,2.9403473358586107,2.8516643
ablation,1,measurements,351,NH1387,351,1498575475.0,2.6446771856066666,2.515398
ablation,1,measurements,356,NH1392,356,1498575825.0,2.6571546022733328,2.6506984
ablation,1,measurements,354,NH1390,354,1498575916.0,2.601928625,2.548293
ablation,1,measurements,355,NH1391,355,1498576163.0,3.0596034772720824,2.907849
ablation,1,measurements,357,NH1393,357,1498576169.5,2.7594724431812505,2.5423434
ablation,1,measurements,396,NH1437,396,1498580643.5,2.4572546287883332,2.5588105
ablation,1,measurements,397,NH1438,397,1498580706.0,2.8197956249991667,2.6459873
ablation,1,measurements,394,NH1435,394,1498581117.5,2.5875511931825,2.598015
ablation,1,measurements,395,NH1436,395,1498581200.0,2.9314942272737503,2.7185528
ablation,1,measurements,374,NH1412,374,1498581338.0,2.7662135151520832,2.6043754
ablation,1,measurements,373,NH1411,373,1498581417.0,2.836565439392917,2.69631
ablation,1,measurements,376,NH1414,376,1498582161.0,2.5805085795449996,2.6110306
ablation,1,measurements,377,NH1415,377,1498582635.0,2.6120531174233337,2.600852
ablation,1,measurements,378,NH1416,378,1498582950.5,2.6666781780308337,2.5888236
ablation,1,measurements,372,NH1410,372,1498583234.0,2.5341386022729164,2.6208334
ablation,1,measurements,371,NH1409,371,1498583313.0,2.9119232272733337,2.6278193
ablation,1,measurements,381,NH1422,381,1498583329.5,2.732614287878125,2.7464657
ablation,1,measurements,382,NH1423,382,1498583392.0,2.795841687499792,2.6521564
ablation,1,measurements,383,NH1424,383,1498583487.5,2.603203013257291,2.617059
ablation,1,measurements,384,NH1425,384,1498584024.0,3.090623825757918,2.9211216
ablation,1,measurements,379,NH1420,379,1498585225.5,2.88418860984875,2.6847382
ablation,1,measurements,380,NH1421,380,1498585288.0,2.6350029640147916,2.6587222
ablation,1,measurements,309,NH1337,309,1498585683.0,2.9226101060613896,2.8089018
ablation,1,measurements,310,NH1338,310,1498586473.0,2.9221314431825003,2.7718601
ablation,1,measurements,400,NH1441,400,1498587262.0,2.6845978813138895,2.5875242
ablation,1,measurements,399,NH1440,399,1498587350.5,2.4855075101008333,2.5733163
ablation,1,measurements,401,NH1442,401,1498587370.0,2.690955692424499,2.8032053
ablation,1,measurements,398,NH1439,398,1498589292.0,2.6040388181808334,2.619951
ablation,1,measurements,402,NH1443,402,1498589308.0,2.6812744053033337,2.6968803
ablation,1,measurements,365,NH1403,365,1498596283.0,2.6668114507575003,2.608232
ablation,1,measurements,364,NH1402,364,1498596364.0,2.7964503750012497,2.522862
ablation,1,measurements,366,NH1404,366,1498597027.0,2.76952707197,2.6498644
ablation,1,measurements,367,NH1405,367,1498597108.0,2.5459914393941667,2.5929034
ablation,1,measurements,362,NH1400,362,1498598136.0,2.8297341931820834,2.6716416
ablation,1,measurements,390,NH1431,390,1498603234.0,2.8693135707070834,2.8175745
ablation,1,measurements,391,NH1432,391,1498603301.0,2.4809344823230552,2.502347
ablation,1,measurements,392,NH1433,392,1498603537.0,2.8484010959591677,2.7567418
ablation,1,measurements,405,NH1446,405,1498608284.5,2.772907863636667,2.888532
ablation,1,measurements,408,NH1449,408,1498609102.0,2.8542932992424994,2.6648042
ablation,1,measurements,407,NH1448,407,1498609164.5,2.7518247045458337,2.7669277
ablation,1,measurements,403,NH1444,403,1498610132.0,2.7301533333329164,2.5647287
ablation,1,measurements,404,NH1445,404,1498610214.0,2.918158560606666,2.769168
ablation,1,measurements,221,NH1237,221,1498612523.0,2.6849211477270836,2.711442
ablation,1,measurements,220,NH1236,220,1498614384.5,2.8226209318179167,2.6834831
ablation,1,measurements,298,NH1324,297,1498614937.0,2.9338776060612504,2.823167
ablation,1,measurements,296,NH1323,295,1498614992.5,2.5266099848475,2.577336
ablation,1,measurements,294,NH1322,293,1498615071.5,2.8165363030316675,2.6505487
ablation,1,measurements,517,NH1571,517,1498616800.0,2.6675930037875,2.7714107
ablation,1,measurements,518,NH1572,518,1498617353.0,2.8438639431825004,2.8422496
ablation,1,measurements,520,NH1573,519,1498617768.0,2.7471295151525,2.819977
ablation,1,measurements,522,NH1574,521,1498621809.0,2.7811293674241666,2.8591921
ablation,1,measurements,280,NH1302,280,1498637058.5,3.014583128788751,2.728571
ablation,1,measurements,450,NH1491,450,1498643325.0,2.4046029571968743,2.5333683
ablation,1,measurements,452,NH1493,452,1498643373.5,2.756723655304167,2.7955637
ablation,1,measurements,451,NH1492,451,1498643617.0,2.7699136931808335,2.79999
ablation,1,measurements,453,NH1494,453,1498644078.0,2.8766519621216666,2.7567377
ablation,1,measurements,454,NH1495,454,1498644534.0,2.5458145189391668,2.6345193
ablation,1,measurements,455,NH1496,455,1498644867.0,2.794155,2.8893793
ablation,1,measurements,456,NH1497,456,1498645064.0,2.7536738371212492,2.7059467
ablation,1,measurements,457,NH1498,457,1498645284.0,2.580586496212916,2.6090193
ablation,1,measurements,521,NH1574,521,1498647951.0,2.7811293674241666,2.859084
ablation,1,measurements,519,NH1573,519,1498648050.0,2.7471295151525,2.8198683
ablation,1,measurements,523,NH1575,523,1498648396.0,2.53008267424125,2.6353652
ablation,1,measurements,516,NH1570,516,1498649017.0,2.5346034412883336,2.7303696
ablation,1,measurements,359,NH1396,359,1498653566.0,2.5963870378785012,2.7734616
ablation,1,measurements,360,NH1397,360,1498653680.0,2.622993156565277,2.6429393
ablation,1,measurements,361,NH1398,361,1498653781.5,2.8257200202024997,2.807517
ablation,1,measurements,389,NH1430,389,1498660227.0,2.598982184847709,2.6652048
ablation,1,measurements,335,NH1365,335,1498660890.5,2.4130399090912498,2.550194
ablation,1,measurements,336,NH1366,336,1498661007.0,2.8110285681816665,2.8896859
ablation,1,measurements,337,NH1367,337,1498661220.0,2.5282417234850003,2.5747356
ablation,1,measurements,338,NH1368,338,1498662841.0,2.9217660000004164,2.8731167
ablation,1,measurements,334,NH1364,334,1498663018.0,2.7324893257579177,2.590896
ablation,1,measurements,333,NH1363,333,1498663097.0,2.8111716136362497,2.7085361
ablation,1,measurements,387,NH1428,387,1498677536.5,2.4962147626258337,2.6765804
ablation,1,measurements,386,NH1427,386,1498677807.5,2.572204270201666,2.7623036
ablation,1,measurements,388,NH1429,388,1498678052.0,2.7701933131311107,2.8457785
ablation,1,measurements,240,NH1258,240,1498682283.0,2.654602325757222,2.5156
ablation,1,measurements,239,NH1257,239,1498682427.0,2.831951083332778,2.7554348
ablation,1,measurements,241,NH1259,241,1498682470.0,3.1357789444447226,2.8364136
ablation,1,measurements,444,NH1485,444,1498730538.0,2.8668407803025,2.6359189
ablation,1,measurements,445,NH1486,445,1498731001.0,2.9221965719687497,2.7786934
ablation,1,measurements,446,NH1487,446,1498731620.0,2.7554371666662503,2.6167574
ablation,1,measurements,448,NH1489,448,1498731806.5,2.961716594697083,2.6429362
ablation,1,basic,340,NH1376,340,1498536981.0,2.9502337462116666,2.8652341
ablation,1,basic,341,NH1377,341,1498537987.0,3.017101999999166,2.8772295
ablation,1,basic,308,NH1336,308,1498543128.0,2.6871744873736114,2.5851297
ablation,1,basic,352,NH1388,352,1498544686.0,2.7922012689387503,2.924715
ablation,1,basic,353,NH1389,353,1498544840.5,2.744722598485416,2.5894709
ablation,1,basic,406,NH1447,406,1498545499.0,2.79463993939375,2.792717
ablation,1,basic,269,NH1291,269,1498555067.0,2.8228221780299996,2.6751883
ablation,1,basic,268,NH1290,268,1498555272.5,2.6928882613641667,2.5941515
ablation,1,basic,385,NH1426,385,1498556905.5,2.9159720511366674,2.6114004
ablation,1,basic,267,NH1289,267,1498557415.5,2.8609133787891667,2.7284393
ablation,1,basic,266,NH1288,266,1498557641.0,2.745617397727917,2.6843777
ablation,1,basic,307,NH1335,307,1498564294.0,3.0797070101005546,2.7870166
ablation,1,basic,393,NH1434,393,1498570353.0,2.8610414507566673,2.602308
ablation,1,basic,369,NH1407,369,1498572947.5,2.3724959797983334,2.539276
ablation,1,basic,368,NH1406,368,1498573072.0,2.6985776186861115,2.5488493
ablation,1,basic,370,NH1408,370,1498573120.5,2.9403473358586107,2.863138
ablation,1,basic,351,NH1387,351,1498575475.0,2.6446771856066666,2.5121381
ablation,1,basic,356,NH1392,356,1498575825.0,2.6571546022733328,2.6679022
ablation,1,basic,354,NH1390,354,1498575916.0,2.601928625,2.5484617
ablation,1,basic,355,NH1391,355,1498576163.0,3.0596034772720824,2.935854
ablation,1,basic,357,NH1393,357,1498576169.5,2.7594724431812505,2.5523083
ablation,1,basic,396,NH1437,396,1498580643.5,2.4572546287883332,2.5560462
ablation,1,basic,397,NH1438,397,1498580706.0,2.8197956249991667,2.634637
ablation,1,basic,394,NH1435,394,1498581117.5,2.5875511931825,2.5985687
ablation,1,basic,395,NH1436,395,1498581200.0,2.9314942272737503,2.7152004
ablation,1,basic,374,NH1412,374,1498581338.0,2.7662135151520832,2.6270635
ablation,1,basic,373,NH1411,373,1498581417.0,2.836565439392917,2.7021782
ablation,1,basic,376,NH1414,376,1498582161.0,2.5805085795449996,2.6225977
ablation,1,basic,377,NH1415,377,1498582635.0,2.6120531174233337,2.6134481
ablation,1,basic,378,NH1416,378,1498582950.5,2.6666781780308337,2.592351
ablation,1,basic,372,NH1410,372,1498583234.0,2.5341386022729164,2.6330032
ablation,1,basic,371,NH1409,371,1498583313.0,2.9119232272733337,2.6265976
ablation,1,basic,381,NH1422,381,1498583329.5,2.732614287878125,2.7549937
ablation,1,basic,382,NH1423,382,1498583392.0,2.795841687499792,2.6707265
ablation,1,basic,383,NH1424,383,1498583487.5,2.603203013257291,2.6113846
ablation,1,basic,384,NH1425,384,1498584024.0,3.090623825757918,2.9609032
ablation,1,basic,379,NH1420,379,1498585225.5,2.88418860984875,2.6943605
ablation,1,basic,380,NH1421,380,1498585288.0,2.6350029640147916,2.6646912
ablation,1,basic,309,NH1337,309,1498585683.0,2.9226101060613896,2.8227196
ablation,1,basic,310,NH1338,310,1498586473.0,2.9221314431825003,2.7867708
ablation,1,basic,400,NH1441,400,1498587262.0,2.6845978813138895,2.5927076
ablation,1,basic,399,NH1440,399,1498587350.5,2.4855075101008333,2.5736582
ablation,1,basic,401,NH1442,401,1498587370.0,2.690955692424499,2.8237855
ablation,1,basic,398,NH1439,398,1498589292.0,2.6040388181808334,2.6371043
ablation,1,basic,402,NH1443,402,1498589308.0,2.6812744053033337,2.705529
ablation,1,basic,365,NH1403,365,1498596283.0,2.6668114507575003,2.6065118
ablation,1,basic,364,NH1402,364,1498596364.0,2.7964503750012497,2.5198963
ablation,1,basic,366,NH1404,366,1498597027.0,2.76952707197,2.6576679
ablation,1,basic,367,NH1405,367,1498597108.0,2.5459914393941667,2.5945103
ablation,1,basic,362,NH1400,362,1498598136.0,2.8297341931820834,2.6720104
ablation,1,basic,390,NH1431,390,1498603234.0,2.8693135707070834,2.8155506
ablation,1,basic,391,NH1432,391,1498603301.0,2.4809344823230552,2.4984896
ablation,1,basic,392,NH1433,392,1498603537.0,2.8484010959591677,2.7759116
ablation,1,basic,405,NH1446,405,1498608284.5,2.772907863636667,2.8978956
ablation,1,basic,408,NH1449,408,1498609102.0,2.8542932992424994,2.6750908
ablation,1,basic,407,NH1448,407,1498609164.5,2.7518247045458337,2.7851694
ablation,1,basic,403,NH1444,403,1498610132.0,2.7301533333329164,2.558705
ablation,1,basic,404,NH1445,404,1498610214.0,2.918158560606666,2.7642326
ablation,1,basic,221,NH1237,221,1498612523.0,2.6849211477270836,2.7284749
ablation,1,basic,220,NH1236,220,1498614384.5,2.8226209318179167,2.6841304
ablation,1,basic,298,NH1324,297,1498614937.0,2.9338776060612504,2.814082
ablation,1,basic,296,NH1323,295,1498614992.5,2.5266099848475,2.5663786
ablation,1,basic,294,NH1322,293,1498615071.5,2.8165363030316675,2.6453047
ablation,1,basic,517,NH1571,517,1498616800.0,2.6675930037875,2.766652
ablation,1,basic,518,NH1572,518,1498617353.0,2.8438639431825004,2.8315773
ablation,1,basic,520,NH1573,519,1498617768.0,2.7471295151525,2.8279507
ablation,1,basic,522,NH1574,521,1498621809.0,2.7811293674241666,2.871975
ablation,1,basic,280,NH1302,280,1498637058.5,3.014583128788751,2.72559
ablation,1,basic,450,NH1491,450,1498643325.0,2.4046029571968743,2.5239036
ablation,1,basic,452,NH1493,452,1498643373.5,2.756723655304167,2.7829266
ablation,1,basic,451,NH1492,451,1498643617.0,2.7699136931808335,2.820872
ablation,1,basic,453,NH1494,453,1498644078.0,2.8766519621216666,2.7711837
ablation,1,basic,454,NH1495,454,1498644534.0,2.5458145189391668,2.6291797
ablation,1,basic,455,NH1496,455,1498644867.0,2.794155,2.9064152
ablation,1,basic,456,NH1497,456,1498645064.0,2.7536738371212492,2.7116966
ablation,1,basic,457,NH1498,457,1498645284.0,2.580586496212916,2.618439
ablation,1,basic,521,NH1574,521,1498647951.0,2.7811293674241666,2.871975
ablation,1,basic,519,NH1573,519,1498648050.0,2.7471295151525,2.8279507
ablation,1,basic,523,NH1575,523,1498648396.0,2.53008267424125,2.636369
ablation,1,basic,516,NH1570,516,1498649017.0,2.5346034412883336,2.7170181
ablation,1,basic,359,NH1396,359,1498653566.0,2.5963870378785012,2.7767718
ablation,1,basic,360,NH1397,360,1498653680.0,2.622993156565277,2.655351
ablation,1,basic,361,NH1398,361,1498653781.5,2.8257200202024997,2.8353283
ablation,1,basic,389,NH1430,389,1498660227.0,2.598982184847709,2.654775
ablation,1,basic,335,NH1365,335,1498660890.5,2.4130399090912498,2.5518124
ablation,1,basic,336,NH1366,336,1498661007.0,2.8110285681816665,2.906623
ablation,1,basic,337,NH1367,337,1498661220.0,2.5282417234850003,2.5702837
ablation,1,basic,338,NH1368,338,1498662841.0,2.9217660000004164,2.8861008
ablation,1,basic,334,NH1364,334,1498663018.0,2.7324893257579177,2.582536
ablation,1,basic,333,NH1363,333,1498663097.0,2.8111716136362497,2.723099
ablation,1,basic,387,NH1428,387,1498677536.5,2.4962147626258337,2.6973922
ablation,1,basic,386,NH1427,386,1498677807.5,2.572204270201666,2.7529671
ablation,1,basic,388,NH1429,388,1498678052.0,2.7701933131311107,2.869023
ablation,1,basic,240,NH1258,240,1498682283.0,2.654602325757222,2.517237
ablation,1,basic,239,NH1257,239,1498682427.0,2.831951083332778,2.7470639
ablation,1,basic,241,NH1259,241,1498682470.0,3.1357789444447226,2.8611023
ablation,1,basic,444,NH1485,444,1498730538.0,2.8668407803025,2.639199
ablation,1,basic,445,NH1486,445,1498731001.0,2.9221965719687497,2.78853
ablation,1,basic,446,NH1487,446,1498731620.0,2.7554371666662503,2.6230557
ablation,1,basic,448,NH1489,448,1498731806.5,2.961716594697083,2.6549304
ablation,1,process_only,340,NH1376,340,1498536981.0,2.9502337462116666,2.9788773
ablation,1,process_only,341,NH1377,341,1498537987.0,3.017101999999166,2.8622007
ablation,1,process_only,308,NH1336,308,1498543128.0,2.6871744873736114,2.543946
ablation,1,process_only,352,NH1388,352,1498544686.0,2.7922012689387503,2.9369066
ablation,1,process_only,353,NH1389,353,1498544840.5,2.744722598485416,2.5967011
ablation,1,process_only,406,NH1447,406,1498545499.0,2.79463993939375,2.7260463
ablation,1,process_only,269,NH1291,269,1498555067.0,2.8228221780299996,2.6404088
ablation,1,process_only,268,NH1290,268,1498555272.5,2.6928882613641667,2.588176
ablation,1,process_only,385,NH1426,385,1498556905.5,2.9159720511366674,2.6470237
ablation,1,process_only,267,NH1289,267,1498557415.5,2.8609133787891667,2.6310291
ablation,1,process_only,266,NH1288,266,1498557641.0,2.745617397727917,2.6684759
ablation,1,process_only,307,NH1335,307,1498564294.0,3.0797070101005546,2.7577896
ablation,1,process_only,393,NH1434,393,1498570353.0,2.8610414507566673,2.5291913
ablation,1,process_only,369,NH1407,369,1498572947.5,2.3724959797983334,2.519046
ablation,1,process_only,368,NH1406,368,1498573072.0,2.6985776186861115,2.5744712
ablation,1,process_only,370,NH1408,370,1498573120.5,2.9403473358586107,2.844208
ablation,1,process_only,351,NH1387,351,1498575475.0,2.6446771856066666,2.5070405
ablation,1,process_only,356,NH1392,356,1498575825.0,2.6571546022733328,2.6654074
ablation,1,process_only,354,NH1390,354,1498575916.0,2.601928625,2.5397666
ablation,1,process_only,355,NH1391,355,1498576163.0,3.0596034772720824,2.8960845
ablation,1,process_only,357,NH1393,357,1498576169.5,2.7594724431812505,2.53063
ablation,1,process_only,396,NH1437,396,1498580643.5,2.4572546287883332,2.5649722
ablation,1,process_only,397,NH1438,397,1498580706.0,2.8197956249991667,2.677831
ablation,1,process_only,394,NH1435,394,1498581117.5,2.5875511931825,2.5845835
ablation,1,process_only,395,NH1436,395,1498581200.0,2.9314942272737503,2.7385266
ablation,1,process_only,374,NH1412,374,1498581338.0,2.7662135151520832,2.6436198
ablation,1,process_only,373,NH1411,373,1498581417.0,2.836565439392917,2.733392
ablation,1,process_only,376,NH1414,376,1498582161.0,2.5805085795449996,2.6642838
ablation,1,process_only,377,NH1415,377,1498582635.0,2.6120531174233337,2.626602
ablation,1,process_only,378,NH1416,378,1498582950.5,2.6666781780308337,2.5975628
ablation,1,process_only,372,NH1410,372,1498583234.0,2.5341386022729164,2.6920357
ablation,1,process_only,371,NH1409,371,1498583313.0,2.9119232272733337,2.6770067
ablation,1,process_only,381,NH1422,381,1498583329.5,2.732614287878125,2.7979925
ablation,1,process_only,382,NH1423,382,1498583392.0,2.795841687499792,2.7212021
ablation,1,process_only,383,NH1424,383,1498583487.5,2.603203013257291,2.6341043
ablation,1,process_only,384,NH1425,384,1498584024.0,3.090623825757918,2.9528453
ablation,1,process_only,379,NH1420,379,1498585225.5,2.88418860984875,2.7008407
ablation,1,process_only,380,NH1421,380,1498585288.0,2.6350029640147916,2.7006986
ablation,1,process_only,309,NH1337,309,1498585683.0,2.9226101060613896,2.8371372
ablation,1,process_only,310,NH1338,310,1498586473.0,2.9221314431825003,2.7797387
ablation,1,process_only,400,NH1441,400,1498587262.0,2.6845978813138895,2.6353638
ablation,1,process_only,399,NH1440,399,1498587350.5,2.4855075101008333,2.6398633
ablation,1,process_only,401,NH1442,401,1498587370.0,2.690955692424499,2.8853338
ablation,1,process_only,398,NH1439,398,1498589292.0,2.6040388181808334,2.6821098
ablation,1,process_only,402,NH1443,402,1498589308.0,2.6812744053033337,2.721711
ablation,1,process_only,365,NH1403,365,1498596283.0,2.6668114507575003,2.6118088
ablation,1,process_only,364,NH1402,364,1498596364.0,2.7964503750012497,2.4809608
ablation,1,process_only,366,NH1404,366,1498597027.0,2.76952707197,2.595145
ablation,1,process_only,367,NH1405,367,1498597108.0,2.5459914393941667,2.5754642
ablation,1,process_only,362,NH1400,362,1498598136.0,2.8297341931820834,2.6169417
ablation,1,process_only,390,NH1431,390,1498603234.0,2.8693135707070834,2.7918472
ablation,1,process_only,391,NH1432,391,1498603301.0,2.4809344823230552,2.5385303
ablation,1,process_only,392,NH1433,392,1498603537.0,2.8484010959591677,2.7548866
ablation,1,process_only,405,NH1446,405,1498608284.5,2.772907863636667,2.88215
ablation,1,process_only,408,NH1449,408,1498609102.0,2.8542932992424994,2.64286
ablation,1,process_only,407,NH1448,407,1498609164.5,2.7518247045458337,2.748881
ablation,1,process_only,403,NH1444,403,1498610132.0,2.7301533333329164,2.4890928
ablation,1,process_only,404,NH1445,404,1498610214.0,2.918158560606666,2.7547162
ablation,1,process_only,221,NH1237,221,1498612523.0,2.6849211477270836,2.7197258
ablation,1,process_only,220,NH1236,220,1498614384.5,2.8226209318179167,2.6480181
ablation,1,process_only,298,NH1324,297,1498614937.0,2.9338776060612504,2.7842236
ablation,1,process_only,296,NH1323,295,1498614992.5,2.5266099848475,2.57072
ablation,1,process_only,294,NH1322,293,1498615071.5,2.8165363030316675,2.6055448
ablation,1,process_only,517,NH1571,517,1498616800.0,2.6675930037875,2.737241
ablation,1,process_only,518,NH1572,518,1498617353.0,2.8438639431825004,2.8373444
ablation,1,process_only,520,NH1573,519,1498617768.0,2.7471295151525,2.8553631
ablation,1,process_only,522,NH1574,521,1498621809.0,2.7811293674241666,2.785452
ablation,1,process_only,280,NH1302,280,1498637058.5,3.014583128788751,2.6963177
ablation,1,process_only,450,NH1491,450,1498643325.0,2.4046029571968743,2.6062353
ablation,1,process_only,452,NH1493,452,1498643373.5,2.756723655304167,2.7546632
ablation,1,process_only,451,NH1492,451,1498643617.0,2.7699136931808335,2.8341904
ablation,1,process_only,453,NH1494,453,1498644078.0,2.8766519621216666,2.7937233
ablation,1,process_only,454,NH1495,454,1498644534.0,2.5458145189391668,2.6787176
ablation,1,process_only,455,NH1496,455,1498644867.0,2.794155,2.989959
ablation,1,process_only,456,NH1497,456,1498645064.0,2.7536738371212492,2.757779
ablation,1,process_only,457,NH1498,457,1498645284.0,2.580586496212916,2.6591716
ablation,1,process_only,521,NH1574,521,1498647951.0,2.7811293674241666,2.786623
ablation,1,process_only,519,NH1573,519,1498648050.0,2.7471295151525,2.8560832
ablation,1,process_only,523,NH1575,523,1498648396.0,2.53008267424125,2.6317713
ablation,1,process_only,516,NH1570,516,1498649017.0,2.5346034412883336,2.6680462
ablation,1,process_only,359,NH1396,359,1498653566.0,2.5963870378785012,2.7548006
ablation,1,process_only,360,NH1397,360,1498653680.0,2.622993156565277,2.6298106
ablation,1,process_only,361,NH1398,361,1498653781.5,2.8257200202024997,2.8332605
ablation,1,process_only,389,NH1430,389,1498660227.0,2.598982184847709,2.6218307
ablation,1,process_only,335,NH1365,335,1498660890.5,2.4130399090912498,2.519414
ablation,1,process_only,336,NH1366,336,1498661007.0,2.8110285681816665,2.8346417
ablation,1,process_only,337,NH1367,337,1498661220.0,2.5282417234850003,2.545923
ablation,1,process_only,338,NH1368,338,1498662841.0,2.9217660000004164,2.907259
ablation,1,process_only,334,NH1364,334,1498663018.0,2.7324893257579177,2.5658417
ablation,1,process_only,333,NH1363,333,1498663097.0,2.8111716136362497,2.6641443
ablation,1,process_only,387,NH1428,387,1498677536.5,2.4962147626258337,2.657004
ablation,1,process_only,386,NH1427,386,1498677807.5,2.572204270201666,2.692747
ablation,1,process_only,388,NH1429,388,1498678052.0,2.7701933131311107,2.8431919
ablation,1,process_only,240,NH1258,240,1498682283.0,2.654602325757222,2.6056335
ablation,1,process_only,239,NH1257,239,1498682427.0,2.831951083332778,2.7692492
ablation,1,process_only,241,NH1259,241,1498682470.0,3.1357789444447226,2.7727535
ablation,1,process_only,444,NH1485,444,1498730538.0,2.8668407803025,2.656192
ablation,1,process_only,445,NH1486,445,1498731001.0,2.9221965719687497,2.7979765
ablation,1,process_only,446,NH1487,446,1498731620.0,2.7554371666662503,2.629879
ablation,1,process_only,448,NH1489,448,1498731806.5,2.961716594697083,2.6400938
ablation,1,time_only,340,NH1376,340,1498536981.0,2.9502337462116666,2.8595972
ablation,1,time_only,341,NH1377,341,1498537987.0,3.017101999999166,2.846453
ablation,1,time_only,308,NH1336,308,1498543128.0,2.6871744873736114,2.5766602
ablation,1,time_only,352,NH1388,352,1498544686.0,2.7922012689387503,2.8867292
ablation,1,time_only,353,NH1389,353,1498544840.5,2.744722598485416,2.6116526
ablation,1,time_only,406,NH1447,406,1498545499.0,2.79463993939375,2.756339
ablation,1,time_only,269,NH1291,269,1498555067.0,2.8228221780299996,2.676366
ablation,1,time_only,268,NH1290,268,1498555272.5,2.6928882613641667,2.6143026
ablation,1,time_only,385,NH1426,385,1498556905.5,2.9159720511366674,2.5896113
ablation,1,time_only,267,NH1289,267,1498557415.5,2.8609133787891667,2.7327983
ablation,1,time_only,266,NH1288,266,1498557641.0,2.745617397727917,2.6709716
ablation,1,time_only,307,NH1335,307,1498564294.0,3.0797070101005546,2.7971363
ablation,1,time_only,393,NH1434,393,1498570353.0,2.8610414507566673,2.6062562
ablation,1,time_only,369,NH1407,369,1498572947.5,2.3724959797983334,2.5689418
ablation,1,time_only,368,NH1406,368,1498573072.0,2.6985776186861115,2.568736
ablation,1,time_only,370,NH1408,370,1498573120.5,2.9403473358586107,2.8327475
ablation,1,time_only,351,NH1387,351,1498575475.0,2.6446771856066666,2.5130663
ablation,1,time_only,356,NH1392,356,1498575825.0,2.6571546022733328,2.6735046
ablation,1,time_only,354,NH1390,354,1498575916.0,2.601928625,2.5163047
ablation,1,time_only,355,NH1391,355,1498576163.0,3.0596034772720824,2.9019873
ablation,1,time_only,357,NH1393,357,1498576169.5,2.7594724431812505,2.564522
ablation,1,time_only,396,NH1437,396,1498580643.5,2.4572546287883332,2.5732434
ablation,1,time_only,397,NH1438,397,1498580706.0,2.8197956249991667,2.6557853
ablation,1,time_only,394,NH1435,394,1498581117.5,2.5875511931825,2.5981863
ablation,1,time_only,395,NH1436,395,1498581200.0,2.9314942272737503,2.6930873
ablation,1,time_only,374,NH1412,374,1498581338.0,2.7662135151520832,2.6376173
ablation,1,time_only,373,NH1411,373,1498581417.0,2.836565439392917,2.7025445
ablation,1,time_only,376,NH1414,376,1498582161.0,2.5805085795449996,2.5986516
ablation,1,time_only,377,NH1415,377,1498582635.0,2.6120531174233337,2.5799391
ablation,1,time_only,378,NH1416,378,1498582950.5,2.6666781780308337,2.5619287
ablation,1,time_only,372,NH1410,372,1498583234.0,2.5341386022729164,2.627298
ablation,1,time_only,371,NH1409,371,1498583313.0,2.9119232272733337,2.6363554
ablation,1,time_only,381,NH1422,381,1498583329.5,2.732614287878125,2.7542965
ablation,1,time_only,382,NH1423,382,1498583392.0,2.795841687499792,2.6457746
ablation,1,time_only,383,NH1424,383,1498583487.5,2.603203013257291,2.6094725
ablation,1,time_only,384,NH1425,384,1498584024.0,3.090623825757918,2.8656528
ablation,1,time_only,379,NH1420,379,1498585225.5,2.88418860984875,2.69966
ablation,1,time_only,380,NH1421,380,1498585288.0,2.6350029640147916,2.648079
ablation,1,time_only,309,NH1337,309,1498585683.0,2.9226101060613896,2.8381345
ablation,1,time_only,310,NH1338,310,1498586473.0,2.9221314431825003,2.851899
ablation,1,time_only,400,NH1441,400,1498587262.0,2.6845978813138895,2.5657837
ablation,1,time_only,399,NH1440,399,1498587350.5,2.4855075101008333,2.5337613
ablation,1,time_only,401,NH1442,401,1498587370.0,2.690955692424499,2.7796013
ablation,1,time_only,398,NH1439,398,1498589292.0,2.6040388181808334,2.6253955
ablation,1,time_only,402,NH1443,402,1498589308.0,2.6812744053033337,2.664709
ablation,1,time_only,365,NH1403,365,1498596283.0,2.6668114507575003,2.5929253
ablation,1,time_only,364,NH1402,364,1498596364.0,2.7964503750012497,2.523548
ablation,1,time_only,366,NH1404,366,1498597027.0,2.76952707197,2.624543
ablation,1,time_only,367,NH1405,367,1498597108.0,2.5459914393941667,2.604601
ablation,1,time_only,362,NH1400,362,1498598136.0,2.8297341931820834,2.6681798
ablation,1,time_only,390,NH1431,390,1498603234.0,2.8693135707070834,2.8279781
ablation,1,time_only,391,NH1432,391,1498603301.0,2.4809344823230552,2.485237
ablation,1,time_only,392,NH1433,392,1498603537.0,2.8484010959591677,2.7460365
ablation,1,time_only,405,NH1446,405,1498608284.5,2.772907863636667,2.8546963
ablation,1,time_only,408,NH1449,408,1498609102.0,2.8542932992424994,2.6772768
ablation,1,time_only,407,NH1448,407,1498609164.5,2.7518247045458337,2.7617004
ablation,1,time_only,403,NH1444,403,1498610132.0,2.7301533333329164,2.5370963
ablation,1,time_only,404,NH1445,404,1498610214.0,2.918158560606666,2.7585135
ablation,1,time_only,221,NH1237,221,1498612523.0,2.6849211477270836,2.7538474
ablation,1,time_only,220,NH1236,220,1498614384.5,2.8226209318179167,2.6533613
ablation,1,time_only,298,NH1324,297,1498614937.0,2.9338776060612504,2.8142817
ablation,1,time_only,296,NH1323,295,1498614992.5,2.5266099848475,2.5595715
ablation,1,time_only,294,NH1322,293,1498615071.5,2.8165363030316675,2.6199687
ablation,1,time_only,517,NH1571,517,1498616800.0,2.6675930037875,2.7660472
ablation,1,time_only,518,NH1572,518,1498617353.0,2.8438639431825004,2.7915356
ablation,1,time_only,520,NH1573,519,1498617768.0,2.7471295151525,2.8275683
ablation,1,time_only,522,NH1574,521,1498621809.0,2.7811293674241666,2.8439534
ablation,1,time_only,280,NH1302,280,1498637058.5,3.014583128788751,2.7874203
ablation,1,time_only,450,NH1491,450,1498643325.0,2.4046029571968743,2.5555365
ablation,1,time_only,452,NH1493,452,1498643373.5,2.756723655304167,2.8002436
ablation,1,time_only,451,NH1492,451,1498643617.0,2.7699136931808335,2.82677
ablation,1,time_only,453,NH1494,453,1498644078.0,2.8766519621216666,2.7953527
ablation,1,time_only,454,NH1495,454,1498644534.0,2.5458145189391668,2.6310732
ablation,1,time_only,455,NH1496,455,1498644867.0,2.794155,2.921334
ablation,1,time_only,456,NH1497,456,1498645064.0,2.7536738371212492,2.7574863
ablation,1,time_only,457,NH1498,457,1498645284.0,2.580586496212916,2.6581671
ablation,1,time_only,521,NH1574,521,1498647951.0,2.7811293674241666,2.8198423
ablation,1,time_only,519,NH1573,519,1498648050.0,2.7471295151525,2.815893
ablation,1,time_only,523,NH1575,523,1498648396.0,2.53008267424125,2.6121912
ablation,1,time_only,516,NH1570,516,1498649017.0,2.5346034412883336,2.6898034
ablation,1,time_only,359,NH1396,359,1498653566.0,2.5963870378785012,2.8019123
ablation,1,time_only,360,NH1397,360,1498653680.0,2.622993156565277,2.6159809
ablation,1,time_only,361,NH1398,361,1498653781.5,2.8257200202024997,2.8837678
ablation,1,time_only,389,NH1430,389,1498660227.0,2.598982184847709,2.6801364
ablation,1,time_only,335,NH1365,335,1498660890.5,2.4130399090912498,2.5762742
ablation,1,time_only,336,NH1366,336,1498661007.0,2.8110285681816665,2.9226654
ablation,1,time_only,337,NH1367,337,1498661220.0,2.5282417234850003,2.6019502
ablation,1,time_only,338,NH1368,338,1498662841.0,2.9217660000004164,2.9286768
ablation,1,time_only,334,NH1364,334,1498663018.0,2.7324893257579177,2.6428375
ablation,1,time_only,333,NH1363,333,1498663097.0,2.8111716136362497,2.7537496
ablation,1,time_only,387,NH1428,387,1498677536.5,2.4962147626258337,2.6759121
ablation,1,time_only,386,NH1427,386,1498677807.5,2.572204270201666,2.731372
ablation,1,time_only,388,NH1429,388,1498678052.0,2.7701933131311107,2.8379354
ablation,1,time_only,240,NH1258,240,1498682283.0,2.654602325757222,2.5677538
ablation,1,time_only,239,NH1257,239,1498682427.0,2.831951083332778,2.765744
ablation,1,time_only,241,NH1259,241,1498682470.0,3.1357789444447226,2.8553894
ablation,1,time_only,444,NH1485,444,1498730538.0,2.8668407803025,2.6116583
ablation,1,time_only,445,NH1486,445,1498731001.0,2.9221965719687497,2.7946641
ablation,1,time_only,446,NH1487,446,1498731620.0,2.7554371666662503,2.6129992
ablation,1,time_only,448,NH1489,448,1498731806.5,2.961716594697083,2.6220796
ablation,1,full,340,NH1376,340,1498536981.0,2.9502337462116666,2.930501
ablation,1,full,341,NH1377,341,1498537987.0,3.017101999999166,2.819458
ablation,1,full,308,NH1336,308,1498543128.0,2.6871744873736114,2.533963
ablation,1,full,352,NH1388,352,1498544686.0,2.7922012689387503,2.9092388
ablation,1,full,353,NH1389,353,1498544840.5,2.744722598485416,2.6173546
ablation,1,full,406,NH1447,406,1498545499.0,2.79463993939375,2.7138193
ablation,1,full,269,NH1291,269,1498555067.0,2.8228221780299996,2.6464078
ablation,1,full,268,NH1290,268,1498555272.5,2.6928882613641667,2.6122048
ablation,1,full,385,NH1426,385,1498556905.5,2.9159720511366674,2.6370614
ablation,1,full,267,NH1289,267,1498557415.5,2.8609133787891667,2.672905
ablation,1,full,266,NH1288,266,1498557641.0,2.745617397727917,2.6643248
ablation,1,full,307,NH1335,307,1498564294.0,3.0797070101005546,2.726739
ablation,1,full,393,NH1434,393,1498570353.0,2.8610414507566673,2.5669136
ablation,1,full,369,NH1407,369,1498572947.5,2.3724959797983334,2.521642
ablation,1,full,368,NH1406,368,1498573072.0,2.6985776186861115,2.5879965
ablation,1,full,370,NH1408,370,1498573120.5,2.9403473358586107,2.8447192
ablation,1,full,351,NH1387,351,1498575475.0,2.6446771856066666,2.5096276
ablation,1,full,356,NH1392,356,1498575825.0,2.6571546022733328,2.6466684
ablation,1,full,354,NH1390,354,1498575916.0,2.601928625,2.52719
ablation,1,full,355,NH1391,355,1498576163.0,3.0596034772720824,2.894348
ablation,1,full,357,NH1393,357,1498576169.5,2.7594724431812505,2.5522735
ablation,1,full,396,NH1437,396,1498580643.5,2.4572546287883332,2.5853345
ablation,1,full,397,NH1438,397,1498580706.0,2.8197956249991667,2.6531303
ablation,1,full,394,NH1435,394,1498581117.5,2.5875511931825,2.5794961
ablation,1,full,395,NH1436,395,1498581200.0,2.9314942272737503,2.701556
ablation,1,full,374,NH1412,374,1498581338.0,2.7662135151520832,2.6644785
ablation,1,full,373,NH1411,373,1498581417.0,2.836565439392917,2.7227142
ablation,1,full,376,NH1414,376,1498582161.0,2.5805085795449996,2.651755
ablation,1,full,377,NH1415,377,1498582635.0,2.6120531174233337,2.5950234
ablation,1,full,378,NH1416,378,1498582950.5,2.6666781780308337,2.594402
ablation,1,full,372,NH1410,372,1498583234.0,2.5341386022729164,2.6810825
ablation,1,full,371,NH1409,371,1498583313.0,2.9119232272733337,2.6832268
ablation,1,full,381,NH1422,381,1498583329.5,2.732614287878125,2.8006907
ablation,1,full,382,NH1423,382,1498583392.0,2.795841687499792,2.7074773
ablation,1,full,383,NH1424,383,1498583487.5,2.603203013257291,2.6437528
ablation,1,full,384,NH1425,384,1498584024.0,3.090623825757918,2.9205163
ablation,1,full,379,NH1420,379,1498585225.5,2.88418860984875,2.7234585
ablation,1,full,380,NH1421,380,1498585288.0,2.6350029640147916,2.715636
ablation,1,full,309,NH1337,309,1498585683.0,2.9226101060613896,2.8909025
ablation,1,full,310,NH1338,310,1498586473.0,2.9221314431825003,2.7898405
ablation,1,full,400,NH1441,400,1498587262.0,2.6845978813138895,2.6141796
ablation,1,full,399,NH1440,399,1498587350.5,2.4855075101008333,2.6112115
ablation,1,full,401,NH1442,401,1498587370.0,2.690955692424499,2.880667
ablation,1,full,398,NH1439,398,1498589292.0,2.6040388181808334,2.6725883
ablation,1,full,402,NH1443,402,1498589308.0,2.6812744053033337,2.6879618
ablation,1,full,365,NH1403,365,1498596283.0,2.6668114507575003,2.5855267
ablation,1,full,364,NH1402,364,1498596364.0,2.7964503750012497,2.493022
ablation,1,full,366,NH1404,366,1498597027.0,2.76952707197,2.5982418
ablation,1,full,367,NH1405,367,1498597108.0,2.5459914393941667,2.5732694
ablation,1,full,362,NH1400,362,1498598136.0,2.8297341931820834,2.620261
ablation,1,full,390,NH1431,390,1498603234.0,2.8693135707070834,2.8252652
ablation,1,full,391,NH1432,391,1498603301.0,2.4809344823230552,2.5176866
ablation,1,full,392,NH1433,392,1498603537.0,2.8484010959591677,2.767299
ablation,1,full,405,NH1446,405,1498608284.5,2.772907863636667,2.8716717
ablation,1,full,408,NH1449,408,1498609102.0,2.8542932992424994,2.6499794
ablation,1,full,407,NH1448,407,1498609164.5,2.7518247045458337,2.7364798
ablation,1,full,403,NH1444,403,1498610132.0,2.7301533333329164,2.499107
ablation,1,full,404,NH1445,404,1498610214.0,2.918158560606666,2.7393358
ablation,1,full,221,NH1237,221,1498612523.0,2.6849211477270836,2.7488585
ablation,1,full,220,NH1236,220,1498614384.5,2.8226209318179167,2.6577375
ablation,1,full,298,NH1324,297,1498614937.0,2.9338776060612504,2.7929661
ablation,1,full,296,NH1323,295,1498614992.5,2.5266099848475,2.5869465
ablation,1,full,294,NH1322,293,1498615071.5,2.8165363030316675,2.595649
ablation,1,full,517,NH1571,517,1498616800.0,2.6675930037875,2.734314
ablation,1,full,518,NH1572,518,1498617353.0,2.8438639431825004,2.8048408
ablation,1,full,520,NH1573,519,1498617768.0,2.7471295151525,2.8370287
ablation,1,full,522,NH1574,521,1498621809.0,2.7811293674241666,2.7412024
ablation,1,full,280,NH1302,280,1498637058.5,3.014583128788751,2.726701
ablation,1,full,450,NH1491,450,1498643325.0,2.4046029571968743,2.6047843
ablation,1,full,452,NH1493,452,1498643373.5,2.756723655304167,2.7632506
ablation,1,full,451,NH1492,451,1498643617.0,2.7699136931808335,2.8524888
ablation,1,full,453,NH1494,453,1498644078.0,2.8766519621216666,2.7794895
ablation,1,full,454,NH1495,454,1498644534.0,2.5458145189391668,2.6684697
ablation,1,full,455,NH1496,455,1498644867.0,2.794155,2.9798915
ablation,1,full,456,NH1497,456,1498645064.0,2.7536738371212492,2.7748625
ablation,1,full,457,NH1498,457,1498645284.0,2.580586496212916,2.6889293
ablation,1,full,521,NH1574,521,1498647951.0,2.7811293674241666,2.7320745
ablation,1,full,519,NH1573,519,1498648050.0,2.7471295151525,2.8317068
ablation,1,full,523,NH1575,523,1498648396.0,2.53008267424125,2.5897493
ablation,1,full,516,NH1570,516,1498649017.0,2.5346034412883336,2.6461885
ablation,1,full,359,NH1396,359,1498653566.0,2.5963870378785012,2.7645376
ablation,1,full,360,NH1397,360,1498653680.0,2.622993156565277,2.6228888
ablation,1,full,361,NH1398,361,1498653781.5,2.8257200202024997,2.8745146
ablation,1,full,389,NH1430,389,1498660227.0,2.598982184847709,2.6348238
ablation,1,full,335,NH1365,335,1498660890.5,2.4130399090912498,2.5482836
ablation,1,full,336,NH1366,336,1498661007.0,2.8110285681816665,2.8515806
ablation,1,full,337,NH1367,337,1498661220.0,2.5282417234850003,2.5813253
ablation,1,full,338,NH1368,338,1498662841.0,2.9217660000004164,2.9203784
ablation,1,full,334,NH1364,334,1498663018.0,2.7324893257579177,2.6160963
ablation,1,full,333,NH1363,333,1498663097.0,2.8111716136362497,2.6902723
ablation,1,full,387,NH1428,387,1498677536.5,2.4962147626258337,2.667429
ablation,1,full,386,NH1427,386,1498677807.5,2.572204270201666,2.6727428
ablation,1,full,388,NH1429,388,1498678052.0,2.7701933131311107,2.844798
ablation,1,full,240,NH1258,240,1498682283.0,2.654602325757222,2.6113644
ablation,1,full,239,NH1257,239,1498682427.0,2.831951083332778,2.7686653
ablation,1,full,241,NH1259,241,1498682470.0,3.1357789444447226,2.8229563
ablation,1,full,444,NH1485,444,1498730538.0,2.8668407803025,2.6358073
ablation,1,full,445,NH1486,445,1498731001.0,2.9221965719687497,2.7737026
ablation,1,full,446,NH1487,446,1498731620.0,2.7554371666662503,2.6017828
ablation,1,full,448,NH1489,448,1498731806.5,2.961716594697083,2.6071026
ablation,1,no_mask,340,NH1376,340,1498536981.0,2.9502337462116666,2.9261043
ablation,1,no_mask,341,NH1377,341,1498537987.0,3.017101999999166,2.8284829
ablation,1,no_mask,308,NH1336,308,1498543128.0,2.6871744873736114,2.5312514
ablation,1,no_mask,352,NH1388,352,1498544686.0,2.7922012689387503,2.9174652
ablation,1,no_mask,353,NH1389,353,1498544840.5,2.744722598485416,2.617609
ablation,1,no_mask,406,NH1447,406,1498545499.0,2.79463993939375,2.7314422
ablation,1,no_mask,269,NH1291,269,1498555067.0,2.8228221780299996,2.63784
ablation,1,no_mask,268,NH1290,268,1498555272.5,2.6928882613641667,2.5994782
ablation,1,no_mask,385,NH1426,385,1498556905.5,2.9159720511366674,2.6264155
ablation,1,no_mask,267,NH1289,267,1498557415.5,2.8609133787891667,2.6523488
ablation,1,no_mask,266,NH1288,266,1498557641.0,2.745617397727917,2.6613915
ablation,1,no_mask,307,NH1335,307,1498564294.0,3.0797070101005546,2.7731802
ablation,1,no_mask,393,NH1434,393,1498570353.0,2.8610414507566673,2.5644157
ablation,1,no_mask,369,NH1407,369,1498572947.5,2.3724959797983334,2.518485
ablation,1,no_mask,368,NH1406,368,1498573072.0,2.6985776186861115,2.585904
ablation,1,no_mask,370,NH1408,370,1498573120.5,2.9403473358586107,2.850499
ablation,1,no_mask,351,NH1387,351,1498575475.0,2.6446771856066666,2.4992373
ablation,1,no_mask,356,NH1392,356,1498575825.0,2.6571546022733328,2.6597323
ablation,1,no_mask,354,NH1390,354,1498575916.0,2.601928625,2.52884
ablation,1,no_mask,355,NH1391,355,1498576163.0,3.0596034772720824,2.8864872
ablation,1,no_mask,357,NH1393,357,1498576169.5,2.7594724431812505,2.5433867
ablation,1,no_mask,396,NH1437,396,1498580643.5,2.4572546287883332,2.5690677
ablation,1,no_mask,397,NH1438,397,1498580706.0,2.8197956249991667,2.6740665
ablation,1,no_mask,394,NH1435,394,1498581117.5,2.5875511931825,2.58979
ablation,1,no_mask,395,NH1436,395,1498581200.0,2.9314942272737503,2.724331
ablation,1,no_mask,374,NH1412,374,1498581338.0,2.7662135151520832,2.6529787
ablation,1,no_mask,373,NH1411,373,1498581417.0,2.836565439392917,2.7138348
ablation,1,no_mask,376,NH1414,376,1498582161.0,2.5805085795449996,2.6372252
ablation,1,no_mask,377,NH1415,377,1498582635.0,2.6120531174233337,2.5852797
ablation,1,no_mask,378,NH1416,378,1498582950.5,2.6666781780308337,2.606066
ablation,1,no_mask,372,NH1410,372,1498583234.0,2.5341386022729164,2.6774585
ablation,1,no_mask,371,NH1409,371,1498583313.0,2.9119232272733337,2.6823702
ablation,1,no_mask,381,NH1422,381,1498583329.5,2.732614287878125,2.7835534
ablation,1,no_mask,382,NH1423,382,1498583392.0,2.795841687499792,2.7007787
ablation,1,no_mask,383,NH1424,383,1498583487.5,2.603203013257291,2.616017
ablation,1,no_mask,384,NH1425,384,1498584024.0,3.090623825757918,2.9116
ablation,1,no_mask,379,NH1420,379,1498585225.5,2.88418860984875,2.7215557
ablation,1,no_mask,380,NH1421,380,1498585288.0,2.6350029640147916,2.690135
ablation,1,no_mask,309,NH1337,309,1498585683.0,2.9226101060613896,2.8779173
ablation,1,no_mask,310,NH1338,310,1498586473.0,2.9221314431825003,2.801793
ablation,1,no_mask,400,NH1441,400,1498587262.0,2.6845978813138895,2.6001377
ablation,1,no_mask,399,NH1440,399,1498587350.5,2.4855075101008333,2.601557
ablation,1,no_mask,401,NH1442,401,1498587370.0,2.690955692424499,2.861162
ablation,1,no_mask,398,NH1439,398,1498589292.0,2.6040388181808334,2.6616871
ablation,1,no_mask,402,NH1443,402,1498589308.0,2.6812744053033337,2.6708317
ablation,1,no_mask,365,NH1403,365,1498596283.0,2.6668114507575003,2.6058307
ablation,1,no_mask,364,NH1402,364,1498596364.0,2.7964503750012497,2.5076807
ablation,1,no_mask,366,NH1404,366,1498597027.0,2.76952707197,2.5989783
ablation,1,no_mask,367,NH1405,367,1498597108.0,2.5459914393941667,2.5755823
ablation,1,no_mask,362,NH1400,362,1498598136.0,2.8297341931820834,2.6337137
ablation,1,no_mask,390,NH1431,390,1498603234.0,2.8693135707070834,2.8374863
ablation,1,no_mask,391,NH1432,391,1498603301.0,2.4809344823230552,2.5388806
ablation,1,no_mask,392,NH1433,392,1498603537.0,2.8484010959591677,2.770559
ablation,1,no_mask,405,NH1446,405,1498608284.5,2.772907863636667,2.8812392
ablation,1,no_mask,408,NH1449,408,1498609102.0,2.8542932992424994,2.6714184
ablation,1,no_mask,407,NH1448,407,1498609164.5,2.7518247045458337,2.7814093
ablation,1,no_mask,403,NH1444,403,1498610132.0,2.7301533333329164,2.5146492
ablation,1,no_mask,404,NH1445,404,1498610214.0,2.918158560606666,2.7567282
ablation,1,no_mask,221,NH1237,221,1498612523.0,2.6849211477270836,2.7568138
ablation,1,no_mask,220,NH1236,220,1498614384.5,2.8226209318179167,2.6862495
ablation,1,no_mask,298,NH1324,297,1498614937.0,2.9338776060612504,2.8043826
ablation,1,no_mask,296,NH1323,295,1498614992.5,2.5266099848475,2.5668395
ablation,1,no_mask,294,NH1322,293,1498615071.5,2.8165363030316675,2.5938833
ablation,1,no_mask,517,NH1571,517,1498616800.0,2.6675930037875,2.7364216
ablation,1,no_mask,518,NH1572,518,1498617353.0,2.8438639431825004,2.8046625
ablation,1,no_mask,520,NH1573,519,1498617768.0,2.7471295151525,2.8465872
ablation,1,no_mask,522,NH1574,521,1498621809.0,2.7811293674241666,2.7495492
ablation,1,no_mask,280,NH1302,280,1498637058.5,3.014583128788751,2.7493708
ablation,1,no_mask,450,NH1491,450,1498643325.0,2.4046029571968743,2.6197174
ablation,1,no_mask,452,NH1493,452,1498643373.5,2.756723655304167,2.750716
ablation,1,no_mask,451,NH1492,451,1498643617.0,2.7699136931808335,2.8220997
ablation,1,no_mask,453,NH1494,453,1498644078.0,2.8766519621216666,2.7660792
ablation,1,no_mask,454,NH1495,454,1498644534.0,2.5458145189391668,2.664304
ablation,1,no_mask,455,NH1496,455,1498644867.0,2.794155,2.9776556
ablation,1,no_mask,456,NH1497,456,1498645064.0,2.7536738371212492,2.7590773
ablation,1,no_mask,457,NH1498,457,1498645284.0,2.580586496212916,2.6843636
ablation,1,no_mask,521,NH1574,521,1498647951.0,2.7811293674241666,2.744416
ablation,1,no_mask,519,NH1573,519,1498648050.0,2.7471295151525,2.8474445
ablation,1,no_mask,523,NH1575,523,1498648396.0,2.53008267424125,2.5858302
ablation,1,no_mask,516,NH1570,516,1498649017.0,2.5346034412883336,2.6493082
ablation,1,no_mask,359,NH1396,359,1498653566.0,2.5963870378785012,2.770242
ablation,1,no_mask,360,NH1397,360,1498653680.0,2.622993156565277,2.633662
ablation,1,no_mask,361,NH1398,361,1498653781.5,2.8257200202024997,2.889428
ablation,1,no_mask,389,NH1430,389,1498660227.0,2.598982184847709,2.624894
ablation,1,no_mask,335,NH1365,335,1498660890.5,2.4130399090912498,2.5441976
ablation,1,no_mask,336,NH1366,336,1498661007.0,2.8110285681816665,2.8550084
ablation,1,no_mask,337,NH1367,337,1498661220.0,2.5282417234850003,2.573342
ablation,1,no_mask,338,NH1368,338,1498662841.0,2.9217660000004164,2.9283073
ablation,1,no_mask,334,NH1364,334,1498663018.0,2.7324893257579177,2.6016645
ablation,1,no_mask,333,NH1363,333,1498663097.0,2.8111716136362497,2.7015784
ablation,1,no_mask,387,NH1428,387,1498677536.5,2.4962147626258337,2.656735
ablation,1,no_mask,386,NH1427,386,1498677807.5,2.572204270201666,2.6805427
ablation,1,no_mask,388,NH1429,388,1498678052.0,2.7701933131311107,2.8313744
ablation,1,no_mask,240,NH1258,240,1498682283.0,2.654602325757222,2.611501
ablation,1,no_mask,239,NH1257,239,1498682427.0,2.831951083332778,2.7864711
ablation,1,no_mask,241,NH1259,241,1498682470.0,3.1357789444447226,2.8014934
ablation,1,no_mask,444,NH1485,444,1498730538.0,2.8668407803025,2.6215112
ablation,1,no_mask,445,NH1486,445,1498731001.0,2.9221965719687497,2.7588108
ablation,1,no_mask,446,NH1487,446,1498731620.0,2.7554371666662503,2.596437
ablation,1,no_mask,448,NH1489,448,1498731806.5,2.961716594697083,2.6228917
ablation,1,median_only,340,NH1376,340,1498536981.0,2.9502337462116666,2.9540565
ablation,1,median_only,341,NH1377,341,1498537987.0,3.017101999999166,2.8404858
ablation,1,median_only,308,NH1336,308,1498543128.0,2.6871744873736114,2.5856965
ablation,1,median_only,352,NH1388,352,1498544686.0,2.7922012689387503,2.8981411
ablation,1,median_only,353,NH1389,353,1498544840.5,2.744722598485416,2.5942013
ablation,1,median_only,406,NH1447,406,1498545499.0,2.79463993939375,2.74269
ablation,1,median_only,269,NH1291,269,1498555067.0,2.8228221780299996,2.6453197
ablation,1,median_only,268,NH1290,268,1498555272.5,2.6928882613641667,2.6312017
ablation,1,median_only,385,NH1426,385,1498556905.5,2.9159720511366674,2.6302507
ablation,1,median_only,267,NH1289,267,1498557415.5,2.8609133787891667,2.6726885
ablation,1,median_only,266,NH1288,266,1498557641.0,2.745617397727917,2.685917
ablation,1,median_only,307,NH1335,307,1498564294.0,3.0797070101005546,2.7534606
ablation,1,median_only,393,NH1434,393,1498570353.0,2.8610414507566673,2.5555267
ablation,1,median_only,369,NH1407,369,1498572947.5,2.3724959797983334,2.531273
ablation,1,median_only,368,NH1406,368,1498573072.0,2.6985776186861115,2.5615609
ablation,1,median_only,370,NH1408,370,1498573120.5,2.9403473358586107,2.8207119
ablation,1,median_only,351,NH1387,351,1498575475.0,2.6446771856066666,2.5068924
ablation,1,median_only,356,NH1392,356,1498575825.0,2.6571546022733328,2.6230986
ablation,1,median_only,354,NH1390,354,1498575916.0,2.601928625,2.5403886
ablation,1,median_only,355,NH1391,355,1498576163.0,3.0596034772720824,2.8979676
ablation,1,median_only,357,NH1393,357,1498576169.5,2.7594724431812505,2.5703135
ablation,1,median_only,396,NH1437,396,1498580643.5,2.4572546287883332,2.5939667
ablation,1,median_only,397,NH1438,397,1498580706.0,2.8197956249991667,2.653415
ablation,1,median_only,394,NH1435,394,1498581117.5,2.5875511931825,2.6013677
ablation,1,median_only,395,NH1436,395,1498581200.0,2.9314942272737503,2.6979773
ablation,1,median_only,374,NH1412,374,1498581338.0,2.7662135151520832,2.6728485
ablation,1,median_only,373,NH1411,373,1498581417.0,2.836565439392917,2.737603
ablation,1,median_only,376,NH1414,376,1498582161.0,2.5805085795449996,2.6427097
ablation,1,median_only,377,NH1415,377,1498582635.0,2.6120531174233337,2.5989056
ablation,1,median_only,378,NH1416,378,1498582950.5,2.6666781780308337,2.594612
ablation,1,median_only,372,NH1410,372,1498583234.0,2.5341386022729164,2.6673603
ablation,1,median_only,371,NH1409,371,1498583313.0,2.9119232272733337,2.6785138
ablation,1,median_only,381,NH1422,381,1498583329.5,2.732614287878125,2.791715
ablation,1,median_only,382,NH1423,382,1498583392.0,2.795841687499792,2.7225628
ablation,1,median_only,383,NH1424,383,1498583487.5,2.603203013257291,2.6441405
ablation,1,median_only,384,NH1425,384,1498584024.0,3.090623825757918,2.924239
ablation,1,median_only,379,NH1420,379,1498585225.5,2.88418860984875,2.6878564
ablation,1,median_only,380,NH1421,380,1498585288.0,2.6350029640147916,2.6981928
ablation,1,median_only,309,NH1337,309,1498585683.0,2.9226101060613896,2.8457682
ablation,1,median_only,310,NH1338,310,1498586473.0,2.9221314431825003,2.7857144
ablation,1,median_only,400,NH1441,400,1498587262.0,2.6845978813138895,2.5947187
ablation,1,median_only,399,NH1440,399,1498587350.5,2.4855075101008333,2.559716
ablation,1,median_only,401,NH1442,401,1498587370.0,2.690955692424499,2.8359032
ablation,1,median_only,398,NH1439,398,1498589292.0,2.6040388181808334,2.6472578
ablation,1,median_only,402,NH1443,402,1498589308.0,2.6812744053033337,2.6787748
ablation,1,median_only,365,NH1403,365,1498596283.0,2.6668114507575003,2.5780733
ablation,1,median_only,364,NH1402,364,1498596364.0,2.7964503750012497,2.5097382
ablation,1,median_only,366,NH1404,366,1498597027.0,2.76952707197,2.6259918
ablation,1,median_only,367,NH1405,367,1498597108.0,2.5459914393941667,2.581015
ablation,1,median_only,362,NH1400,362,1498598136.0,2.8297341931820834,2.6100633
ablation,1,median_only,390,NH1431,390,1498603234.0,2.8693135707070834,2.8507059
ablation,1,median_only,391,NH1432,391,1498603301.0,2.4809344823230552,2.5344377
ablation,1,median_only,392,NH1433,392,1498603537.0,2.8484010959591677,2.7719233
ablation,1,median_only,405,NH1446,405,1498608284.5,2.772907863636667,2.8490403
ablation,1,median_only,408,NH1449,408,1498609102.0,2.8542932992424994,2.6594708
ablation,1,median_only,407,NH1448,407,1498609164.5,2.7518247045458337,2.7212183
ablation,1,median_only,403,NH1444,403,1498610132.0,2.7301533333329164,2.538183
ablation,1,median_only,404,NH1445,404,1498610214.0,2.918158560606666,2.7598054
ablation,1,median_only,221,NH1237,221,1498612523.0,2.6849211477270836,2.7446816
ablation,1,median_only,220,NH1236,220,1498614384.5,2.8226209318179167,2.6514719
ablation,1,median_only,298,NH1324,297,1498614937.0,2.9338776060612504,2.7865117
ablation,1,median_only,296,NH1323,295,1498614992.5,2.5266099848475,2.566254
ablation,1,median_only,294,NH1322,293,1498615071.5,2.8165363030316675,2.627209
ablation,1,median_only,517,NH1571,517,1498616800.0,2.6675930037875,2.738654
ablation,1,median_only,518,NH1572,518,1498617353.0,2.8438639431825004,2.7980833
ablation,1,median_only,520,NH1573,519,1498617768.0,2.7471295151525,2.810853
ablation,1,median_only,522,NH1574,521,1498621809.0,2.7811293674241666,2.7610147
ablation,1,median_only,280,NH1302,280,1498637058.5,3.014583128788751,2.7099838
ablation,1,median_only,450,NH1491,450,1498643325.0,2.4046029571968743,2.5904748
ablation,1,median_only,452,NH1493,452,1498643373.5,2.756723655304167,2.7707546
ablation,1,median_only,451,NH1492,451,1498643617.0,2.7699136931808335,2.8274918
ablation,1,median_only,453,NH1494,453,1498644078.0,2.8766519621216666,2.7664516
ablation,1,median_only,454,NH1495,454,1498644534.0,2.5458145189391668,2.6534996
ablation,1,median_only,455,NH1496,455,1498644867.0,2.794155,3.0026178
ablation,1,median_only,456,NH1497,456,1498645064.0,2.7536738371212492,2.759989
ablation,1,median_only,457,NH1498,457,1498645284.0,2.580586496212916,2.6764386
ablation,1,median_only,521,NH1574,521,1498647951.0,2.7811293674241666,2.7531192
ablation,1,median_only,519,NH1573,519,1498648050.0,2.7471295151525,2.8107312
ablation,1,median_only,523,NH1575,523,1498648396.0,2.53008267424125,2.6002085
ablation,1,median_only,516,NH1570,516,1498649017.0,2.5346034412883336,2.6575108
ablation,1,median_only,359,NH1396,359,1498653566.0,2.5963870378785012,2.7644608
ablation,1,median_only,360,NH1397,360,1498653680.0,2.622993156565277,2.6187274
ablation,1,median_only,361,NH1398,361,1498653781.5,2.8257200202024997,2.8679373
ablation,1,median_only,389,NH1430,389,1498660227.0,2.598982184847709,2.6202695
ablation,1,median_only,335,NH1365,335,1498660890.5,2.4130399090912498,2.5225239
ablation,1,median_only,336,NH1366,336,1498661007.0,2.8110285681816665,2.8424006
ablation,1,median_only,337,NH1367,337,1498661220.0,2.5282417234850003,2.562539
ablation,1,median_only,338,NH1368,338,1498662841.0,2.9217660000004164,2.9334202
ablation,1,median_only,334,NH1364,334,1498663018.0,2.7324893257579177,2.6015117
ablation,1,median_only,333,NH1363,333,1498663097.0,2.8111716136362497,2.681732
ablation,1,median_only,387,NH1428,387,1498677536.5,2.4962147626258337,2.6814845
ablation,1,median_only,386,NH1427,386,1498677807.5,2.572204270201666,2.7211196
ablation,1,median_only,388,NH1429,388,1498678052.0,2.7701933131311107,2.8709133
ablation,1,median_only,240,NH1258,240,1498682283.0,2.654602325757222,2.6001513
ablation,1,median_only,239,NH1257,239,1498682427.0,2.831951083332778,2.7403278
ablation,1,median_only,241,NH1259,241,1498682470.0,3.1357789444447226,2.8102713
ablation,1,median_only,444,NH1485,444,1498730538.0,2.8668407803025,2.6214855
ablation,1,median_only,445,NH1486,445,1498731001.0,2.9221965719687497,2.767169
ablation,1,median_only,446,NH1487,446,1498731620.0,2.7554371666662503,2.613726
ablation,1,median_only,448,NH1489,448,1498731806.5,2.961716594697083,2.625186
ablation,1,group_min5,340,NH1376,340,1498536981.0,2.9502337462116666,2.930501
ablation,1,group_min5,341,NH1377,341,1498537987.0,3.017101999999166,2.819458
ablation,1,group_min5,308,NH1336,308,1498543128.0,2.6871744873736114,2.533963
ablation,1,group_min5,352,NH1388,352,1498544686.0,2.7922012689387503,2.9092388
ablation,1,group_min5,353,NH1389,353,1498544840.5,2.744722598485416,2.6173546
ablation,1,group_min5,406,NH1447,406,1498545499.0,2.79463993939375,2.7138193
ablation,1,group_min5,269,NH1291,269,1498555067.0,2.8228221780299996,2.6464078
ablation,1,group_min5,268,NH1290,268,1498555272.5,2.6928882613641667,2.6122048
ablation,1,group_min5,385,NH1426,385,1498556905.5,2.9159720511366674,2.6370614
ablation,1,group_min5,267,NH1289,267,1498557415.5,2.8609133787891667,2.672905
ablation,1,group_min5,266,NH1288,266,1498557641.0,2.745617397727917,2.6643248
ablation,1,group_min5,307,NH1335,307,1498564294.0,3.0797070101005546,2.726739
ablation,1,group_min5,393,NH1434,393,1498570353.0,2.8610414507566673,2.5669136
ablation,1,group_min5,369,NH1407,369,1498572947.5,2.3724959797983334,2.521642
ablation,1,group_min5,368,NH1406,368,1498573072.0,2.6985776186861115,2.5879965
ablation,1,group_min5,370,NH1408,370,1498573120.5,2.9403473358586107,2.8447192
ablation,1,group_min5,351,NH1387,351,1498575475.0,2.6446771856066666,2.5096276
ablation,1,group_min5,356,NH1392,356,1498575825.0,2.6571546022733328,2.6466684
ablation,1,group_min5,354,NH1390,354,1498575916.0,2.601928625,2.52719
ablation,1,group_min5,355,NH1391,355,1498576163.0,3.0596034772720824,2.894348
ablation,1,group_min5,357,NH1393,357,1498576169.5,2.7594724431812505,2.5522735
ablation,1,group_min5,396,NH1437,396,1498580643.5,2.4572546287883332,2.5853345
ablation,1,group_min5,397,NH1438,397,1498580706.0,2.8197956249991667,2.6531303
ablation,1,group_min5,394,NH1435,394,1498581117.5,2.5875511931825,2.5794961
ablation,1,group_min5,395,NH1436,395,1498581200.0,2.9314942272737503,2.701556
ablation,1,group_min5,374,NH1412,374,1498581338.0,2.7662135151520832,2.6644785
ablation,1,group_min5,373,NH1411,373,1498581417.0,2.836565439392917,2.7227142
ablation,1,group_min5,376,NH1414,376,1498582161.0,2.5805085795449996,2.651755
ablation,1,group_min5,377,NH1415,377,1498582635.0,2.6120531174233337,2.5950234
ablation,1,group_min5,378,NH1416,378,1498582950.5,2.6666781780308337,2.594402
ablation,1,group_min5,372,NH1410,372,1498583234.0,2.5341386022729164,2.6810825
ablation,1,group_min5,371,NH1409,371,1498583313.0,2.9119232272733337,2.6832268
ablation,1,group_min5,381,NH1422,381,1498583329.5,2.732614287878125,2.8006907
ablation,1,group_min5,382,NH1423,382,1498583392.0,2.795841687499792,2.7074773
ablation,1,group_min5,383,NH1424,383,1498583487.5,2.603203013257291,2.6437528
ablation,1,group_min5,384,NH1425,384,1498584024.0,3.090623825757918,2.9205163
ablation,1,group_min5,379,NH1420,379,1498585225.5,2.88418860984875,2.7234585
ablation,1,group_min5,380,NH1421,380,1498585288.0,2.6350029640147916,2.715636
ablation,1,group_min5,309,NH1337,309,1498585683.0,2.9226101060613896,2.8909025
ablation,1,group_min5,310,NH1338,310,1498586473.0,2.9221314431825003,2.7898405
ablation,1,group_min5,400,NH1441,400,1498587262.0,2.6845978813138895,2.6141796
ablation,1,group_min5,399,NH1440,399,1498587350.5,2.4855075101008333,2.6112115
ablation,1,group_min5,401,NH1442,401,1498587370.0,2.690955692424499,2.880667
ablation,1,group_min5,398,NH1439,398,1498589292.0,2.6040388181808334,2.6725883
ablation,1,group_min5,402,NH1443,402,1498589308.0,2.6812744053033337,2.6879618
ablation,1,group_min5,365,NH1403,365,1498596283.0,2.6668114507575003,2.5855267
ablation,1,group_min5,364,NH1402,364,1498596364.0,2.7964503750012497,2.493022
ablation,1,group_min5,366,NH1404,366,1498597027.0,2.76952707197,2.5982418
ablation,1,group_min5,367,NH1405,367,1498597108.0,2.5459914393941667,2.5732863
ablation,1,group_min5,362,NH1400,362,1498598136.0,2.8297341931820834,2.620261
ablation,1,group_min5,390,NH1431,390,1498603234.0,2.8693135707070834,2.8252652
ablation,1,group_min5,391,NH1432,391,1498603301.0,2.4809344823230552,2.5176866
ablation,1,group_min5,392,NH1433,392,1498603537.0,2.8484010959591677,2.767299
ablation,1,group_min5,405,NH1446,405,1498608284.5,2.772907863636667,2.8716717
ablation,1,group_min5,408,NH1449,408,1498609102.0,2.8542932992424994,2.6499794
ablation,1,group_min5,407,NH1448,407,1498609164.5,2.7518247045458337,2.7364798
ablation,1,group_min5,403,NH1444,403,1498610132.0,2.7301533333329164,2.499107
ablation,1,group_min5,404,NH1445,404,1498610214.0,2.918158560606666,2.7393358
ablation,1,group_min5,221,NH1237,221,1498612523.0,2.6849211477270836,2.7488585
ablation,1,group_min5,220,NH1236,220,1498614384.5,2.8226209318179167,2.6577375
ablation,1,group_min5,298,NH1324,297,1498614937.0,2.9338776060612504,2.7929661
ablation,1,group_min5,296,NH1323,295,1498614992.5,2.5266099848475,2.5869465
ablation,1,group_min5,294,NH1322,293,1498615071.5,2.8165363030316675,2.595649
ablation,1,group_min5,517,NH1571,517,1498616800.0,2.6675930037875,2.734314
ablation,1,group_min5,518,NH1572,518,1498617353.0,2.8438639431825004,2.8048408
ablation,1,group_min5,520,NH1573,519,1498617768.0,2.7471295151525,2.8370287
ablation,1,group_min5,522,NH1574,521,1498621809.0,2.7811293674241666,2.7412024
ablation,1,group_min5,280,NH1302,280,1498637058.5,3.014583128788751,2.726701
ablation,1,group_min5,450,NH1491,450,1498643325.0,2.4046029571968743,2.6047843
ablation,1,group_min5,452,NH1493,452,1498643373.5,2.756723655304167,2.7632506
ablation,1,group_min5,451,NH1492,451,1498643617.0,2.7699136931808335,2.8524888
ablation,1,group_min5,453,NH1494,453,1498644078.0,2.8766519621216666,2.7794895
ablation,1,group_min5,454,NH1495,454,1498644534.0,2.5458145189391668,2.6684697
ablation,1,group_min5,455,NH1496,455,1498644867.0,2.794155,2.9798915
ablation,1,group_min5,456,NH1497,456,1498645064.0,2.7536738371212492,2.7748625
ablation,1,group_min5,457,NH1498,457,1498645284.0,2.580586496212916,2.6889293
ablation,1,group_min5,521,NH1574,521,1498647951.0,2.7811293674241666,2.7320745
ablation,1,group_min5,519,NH1573,519,1498648050.0,2.7471295151525,2.8317068
ablation,1,group_min5,523,NH1575,523,1498648396.0,2.53008267424125,2.5897493
ablation,1,group_min5,516,NH1570,516,1498649017.0,2.5346034412883336,2.6461885
ablation,1,group_min5,359,NH1396,359,1498653566.0,2.5963870378785012,2.7645376
ablation,1,group_min5,360,NH1397,360,1498653680.0,2.622993156565277,2.6228888
ablation,1,group_min5,361,NH1398,361,1498653781.5,2.8257200202024997,2.8745146
ablation,1,group_min5,389,NH1430,389,1498660227.0,2.598982184847709,2.6348238
ablation,1,group_min5,335,NH1365,335,1498660890.5,2.4130399090912498,2.5482836
ablation,1,group_min5,336,NH1366,336,1498661007.0,2.8110285681816665,2.8515806
ablation,1,group_min5,337,NH1367,337,1498661220.0,2.5282417234850003,2.5813253
ablation,1,group_min5,338,NH1368,338,1498662841.0,2.9217660000004164,2.9203784
ablation,1,group_min5,334,NH1364,334,1498663018.0,2.7324893257579177,2.6160963
ablation,1,group_min5,333,NH1363,333,1498663097.0,2.8111716136362497,2.6902723
ablation,1,group_min5,387,NH1428,387,1498677536.5,2.4962147626258337,2.667429
ablation,1,group_min5,386,NH1427,386,1498677807.5,2.572204270201666,2.6727428
ablation,1,group_min5,388,NH1429,388,1498678052.0,2.7701933131311107,2.844798
ablation,1,group_min5,240,NH1258,240,1498682283.0,2.654602325757222,2.6113644
ablation,1,group_min5,239,NH1257,239,1498682427.0,2.831951083332778,2.7686653
ablation,1,group_min5,241,NH1259,241,1498682470.0,3.1357789444447226,2.8229563
ablation,1,group_min5,444,NH1485,444,1498730538.0,2.8668407803025,2.6358073
ablation,1,group_min5,445,NH1486,445,1498731001.0,2.9221965719687497,2.7737026
ablation,1,group_min5,446,NH1487,446,1498731620.0,2.7554371666662503,2.6017828
ablation,1,group_min5,448,NH1489,448,1498731806.5,2.961716594697083,2.6071026
ablation,1,group_min5_shrink10,340,NH1376,340,1498536981.0,2.9502337462116666,2.930396
ablation,1,group_min5_shrink10,341,NH1377,341,1498537987.0,3.017101999999166,2.803568
ablation,1,group_min5_shrink10,308,NH1336,308,1498543128.0,2.6871744873736114,2.527835
ablation,1,group_min5_shrink10,352,NH1388,352,1498544686.0,2.7922012689387503,2.9049141
ablation,1,group_min5_shrink10,353,NH1389,353,1498544840.5,2.744722598485416,2.6218834
ablation,1,group_min5_shrink10,406,NH1447,406,1498545499.0,2.79463993939375,2.7290227
ablation,1,group_min5_shrink10,269,NH1291,269,1498555067.0,2.8228221780299996,2.6457927
ablation,1,group_min5_shrink10,268,NH1290,268,1498555272.5,2.6928882613641667,2.615736
ablation,1,group_min5_shrink10,385,NH1426,385,1498556905.5,2.9159720511366674,2.6355865
ablation,1,group_min5_shrink10,267,NH1289,267,1498557415.5,2.8609133787891667,2.684614
ablation,1,group_min5_shrink10,266,NH1288,266,1498557641.0,2.745617397727917,2.6774457
ablation,1,group_min5_shrink10,307,NH1335,307,1498564294.0,3.0797070101005546,2.7282383
ablation,1,group_min5_shrink10,393,NH1434,393,1498570353.0,2.8610414507566673,2.543334
ablation,1,group_min5_shrink10,369,NH1407,369,1498572947.5,2.3724959797983334,2.5184555
ablation,1,group_min5_shrink10,368,NH1406,368,1498573072.0,2.6985776186861115,2.5674982
ablation,1,group_min5_shrink10,370,NH1408,370,1498573120.5,2.9403473358586107,2.814768
ablation,1,group_min5_shrink10,351,NH1387,351,1498575475.0,2.6446771856066666,2.5009296
ablation,1,group_min5_shrink10,356,NH1392,356,1498575825.0,2.6571546022733328,2.65206
ablation,1,group_min5_shrink10,354,NH1390,354,1498575916.0,2.601928625,2.5349703
ablation,1,group_min5_shrink10,355,NH1391,355,1498576163.0,3.0596034772720824,2.882434
ablation,1,group_min5_shrink10,357,NH1393,357,1498576169.5,2.7594724431812505,2.5694082
ablation,1,group_min5_shrink10,396,NH1437,396,1498580643.5,2.4572546287883332,2.5662374
ablation,1,group_min5_shrink10,397,NH1438,397,1498580706.0,2.8197956249991667,2.6563022
ablation,1,group_min5_shrink10,394,NH1435,394,1498581117.5,2.5875511931825,2.575259
ablation,1,group_min5_shrink10,395,NH1436,395,1498581200.0,2.9314942272737503,2.6920557
ablation,1,group_min5_shrink10,374,NH1412,374,1498581338.0,2.7662135151520832,2.680588
ablation,1,group_min5_shrink10,373,NH1411,373,1498581417.0,2.836565439392917,2.6931503
ablation,1,group_min5_shrink10,376,NH1414,376,1498582161.0,2.5805085795449996,2.6451364
ablation,1,group_min5_shrink10,377,NH1415,377,1498582635.0,2.6120531174233337,2.5892403
ablation,1,group_min5_shrink10,378,NH1416,378,1498582950.5,2.6666781780308337,2.595772
ablation,1,group_min5_shrink10,372,NH1410,372,1498583234.0,2.5341386022729164,2.6788254
ablation,1,group_min5_shrink10,371,NH1409,371,1498583313.0,2.9119232272733337,2.690997
ablation,1,group_min5_shrink10,381,NH1422,381,1498583329.5,2.732614287878125,2.7897599
ablation,1,group_min5_shrink10,382,NH1423,382,1498583392.0,2.795841687499792,2.7003136
ablation,1,group_min5_shrink10,383,NH1424,383,1498583487.5,2.603203013257291,2.6345835
ablation,1,group_min5_shrink10,384,NH1425,384,1498584024.0,3.090623825757918,2.9115984
ablation,1,group_min5_shrink10,379,NH1420,379,1498585225.5,2.88418860984875,2.7052057
ablation,1,group_min5_shrink10,380,NH1421,380,1498585288.0,2.6350029640147916,2.6945484
ablation,1,group_min5_shrink10,309,NH1337,309,1498585683.0,2.9226101060613896,2.85209
ablation,1,group_min5_shrink10,310,NH1338,310,1498586473.0,2.9221314431825003,2.7690456
ablation,1,group_min5_shrink10,400,NH1441,400,1498587262.0,2.6845978813138895,2.5989482
ablation,1,group_min5_shrink10,399,NH1440,399,1498587350.5,2.4855075101008333,2.5949354
ablation,1,group_min5_shrink10,401,NH1442,401,1498587370.0,2.690955692424499,2.8678958
ablation,1,group_min5_shrink10,398,NH1439,398,1498589292.0,2.6040388181808334,2.662844
ablation,1,group_min5_shrink10,402,NH1443,402,1498589308.0,2.6812744053033337,2.6692593
ablation,1,group_min5_shrink10,365,NH1403,365,1498596283.0,2.6668114507575003,2.5963066
ablation,1,group_min5_shrink10,364,NH1402,364,1498596364.0,2.7964503750012497,2.5136192
ablation,1,group_min5_shrink10,366,NH1404,366,1498597027.0,2.76952707197,2.5964634
ablation,1,group_min5_shrink10,367,NH1405,367,1498597108.0,2.5459914393941667,2.5697691
ablation,1,group_min5_shrink10,362,NH1400,362,1498598136.0,2.8297341931820834,2.626819
ablation,1,group_min5_shrink10,390,NH1431,390,1498603234.0,2.8693135707070834,2.825611
ablation,1,group_min5_shrink10,391,NH1432,391,1498603301.0,2.4809344823230552,2.5369873
ablation,1,group_min5_shrink10,392,NH1433,392,1498603537.0,2.8484010959591677,2.765782
ablation,1,group_min5_shrink10,405,NH1446,405,1498608284.5,2.772907863636667,2.855277
ablation,1,group_min5_shrink10,408,NH1449,408,1498609102.0,2.8542932992424994,2.6410558
ablation,1,group_min5_shrink10,407,NH1448,407,1498609164.5,2.7518247045458337,2.740205
ablation,1,group_min5_shrink10,403,NH1444,403,1498610132.0,2.7301533333329164,2.4971702
ablation,1,group_min5_shrink10,404,NH1445,404,1498610214.0,2.918158560606666,2.745176
ablation,1,group_min5_shrink10,221,NH1237,221,1498612523.0,2.6849211477270836,2.730523
ablation,1,group_min5_shrink10,220,NH1236,220,1498614384.5,2.8226209318179167,2.6497624
ablation,1,group_min5_shrink10,298,NH1324,297,1498614937.0,2.9338776060612504,2.796753
ablation,1,group_min5_shrink10,296,NH1323,295,1498614992.5,2.5266099848475,2.5776088
ablation,1,group_min5_shrink10,294,NH1322,293,1498615071.5,2.8165363030316675,2.5945013
ablation,1,group_min5_shrink10,517,NH1571,517,1498616800.0,2.6675930037875,2.7393408
ablation,1,group_min5_shrink10,518,NH1572,518,1498617353.0,2.8438639431825004,2.7844315
ablation,1,group_min5_shrink10,520,NH1573,519,1498617768.0,2.7471295151525,2.8318403
ablation,1,group_min5_shrink10,522,NH1574,521,1498621809.0,2.7811293674241666,2.74134
ablation,1,group_min5_shrink10,280,NH1302,280,1498637058.5,3.014583128788751,2.717411
ablation,1,group_min5_shrink10,450,NH1491,450,1498643325.0,2.4046029571968743,2.5897121
ablation,1,group_min5_shrink10,452,NH1493,452,1498643373.5,2.756723655304167,2.7435977
ablation,1,group_min5_shrink10,451,NH1492,451,1498643617.0,2.7699136931808335,2.8101022
ablation,1,group_min5_shrink10,453,NH1494,453,1498644078.0,2.8766519621216666,2.7465532
ablation,1,group_min5_shrink10,454,NH1495,454,1498644534.0,2.5458145189391668,2.6536887
ablation,1,group_min5_shrink10,455,NH1496,455,1498644867.0,2.794155,2.9785004
ablation,1,group_min5_shrink10,456,NH1497,456,1498645064.0,2.7536738371212492,2.7466009
ablation,1,group_min5_shrink10,457,NH1498,457,1498645284.0,2.580586496212916,2.673315
ablation,1,group_min5_shrink10,521,NH1574,521,1498647951.0,2.7811293674241666,2.7303734
ablation,1,group_min5_shrink10,519,NH1573,519,1498648050.0,2.7471295151525,2.8264906
ablation,1,group_min5_shrink10,523,NH1575,523,1498648396.0,2.53008267424125,2.5810692
ablation,1,group_min5_shrink10,516,NH1570,516,1498649017.0,2.5346034412883336,2.6346848
ablation,1,group_min5_shrink10,359,NH1396,359,1498653566.0,2.5963870378785012,2.7395709
ablation,1,group_min5_shrink10,360,NH1397,360,1498653680.0,2.622993156565277,2.6174397
ablation,1,group_min5_shrink10,361,NH1398,361,1498653781.5,2.8257200202024997,2.8529682
ablation,1,group_min5_shrink10,389,NH1430,389,1498660227.0,2.598982184847709,2.6123276
ablation,1,group_min5_shrink10,335,NH1365,335,1498660890.5,2.4130399090912498,2.5361423
ablation,1,group_min5_shrink10,336,NH1366,336,1498661007.0,2.8110285681816665,2.84043
ablation,1,group_min5_shrink10,337,NH1367,337,1498661220.0,2.5282417234850003,2.56536
ablation,1,group_min5_shrink10,338,NH1368,338,1498662841.0,2.9217660000004164,2.90892
ablation,1,group_min5_shrink10,334,NH1364,334,1498663018.0,2.7324893257579177,2.5882041
ablation,1,group_min5_shrink10,333,NH1363,333,1498663097.0,2.8111716136362497,2.6962817
ablation,1,group_min5_shrink10,387,NH1428,387,1498677536.5,2.4962147626258337,2.6642156
ablation,1,group_min5_shrink10,386,NH1427,386,1498677807.5,2.572204270201666,2.674858
ablation,1,group_min5_shrink10,388,NH1429,388,1498678052.0,2.7701933131311107,2.8430245
ablation,1,group_min5_shrink10,240,NH1258,240,1498682283.0,2.654602325757222,2.61864
ablation,1,group_min5_shrink10,239,NH1257,239,1498682427.0,2.831951083332778,2.7600107
ablation,1,group_min5_shrink10,241,NH1259,241,1498682470.0,3.1357789444447226,2.8121452
ablation,1,group_min5_shrink10,444,NH1485,444,1498730538.0,2.8668407803025,2.6199753
ablation,1,group_min5_shrink10,445,NH1486,445,1498731001.0,2.9221965719687497,2.7589018
ablation,1,group_min5_shrink10,446,NH1487,446,1498731620.0,2.7554371666662503,2.599684
ablation,1,group_min5_shrink10,448,NH1489,448,1498731806.5,2.961716594697083,2.6071255
reverse_time,1,basic,340,NH1376,340,1498536981.0,2.9502337462116666,3.0108597
reverse_time,1,basic,341,NH1377,341,1498537987.0,3.017101999999166,3.0112445
reverse_time,1,basic,308,NH1336,308,1498543128.0,2.6871744873736114,2.7952092
reverse_time,1,basic,352,NH1388,352,1498544686.0,2.7922012689387503,3.1353033
reverse_time,1,basic,353,NH1389,353,1498544840.5,2.744722598485416,2.8367987
reverse_time,1,basic,406,NH1447,406,1498545499.0,2.79463993939375,2.9190166
reverse_time,1,basic,269,NH1291,269,1498555067.0,2.8228221780299996,2.9110994
reverse_time,1,basic,268,NH1290,268,1498555272.5,2.6928882613641667,2.860533
reverse_time,1,basic,385,NH1426,385,1498556905.5,2.9159720511366674,2.8554974
reverse_time,1,basic,267,NH1289,267,1498557415.5,2.8609133787891667,2.961715
reverse_time,1,basic,266,NH1288,266,1498557641.0,2.745617397727917,2.9421966
reverse_time,1,basic,307,NH1335,307,1498564294.0,3.0797070101005546,2.881891
reverse_time,1,basic,393,NH1434,393,1498570353.0,2.8610414507566673,2.8830101
reverse_time,1,basic,369,NH1407,369,1498572947.5,2.3724959797983334,2.710347
reverse_time,1,basic,368,NH1406,368,1498573072.0,2.6985776186861115,2.668434
reverse_time,1,basic,370,NH1408,370,1498573120.5,2.9403473358586107,2.9196565
reverse_time,1,basic,351,NH1387,351,1498575475.0,2.6446771856066666,2.818517
reverse_time,1,basic,356,NH1392,356,1498575825.0,2.6571546022733328,2.9594867
reverse_time,1,basic,354,NH1390,354,1498575916.0,2.601928625,2.8919067
reverse_time,1,basic,355,NH1391,355,1498576163.0,3.0596034772720824,2.9885712
reverse_time,1,basic,357,NH1393,357,1498576169.5,2.7594724431812505,2.8394773
reverse_time,1,basic,396,NH1437,396,1498580643.5,2.4572546287883332,2.791837
reverse_time,1,basic,397,NH1438,397,1498580706.0,2.8197956249991667,2.947174
reverse_time,1,basic,394,NH1435,394,1498581117.5,2.5875511931825,2.8983715
reverse_time,1,basic,395,NH1436,395,1498581200.0,2.9314942272737503,2.9050379
reverse_time,1,basic,374,NH1412,374,1498581338.0,2.7662135151520832,2.745921
reverse_time,1,basic,373,NH1411,373,1498581417.0,2.836565439392917,2.953358
reverse_time,1,basic,376,NH1414,376,1498582161.0,2.5805085795449996,2.827031
reverse_time,1,basic,377,NH1415,377,1498582635.0,2.6120531174233337,2.8479812
reverse_time,1,basic,378,NH1416,378,1498582950.5,2.6666781780308337,2.8562202
reverse_time,1,basic,372,NH1410,372,1498583234.0,2.5341386022729164,2.8709152
reverse_time,1,basic,371,NH1409,371,1498583313.0,2.9119232272733337,2.8614902
reverse_time,1,basic,381,NH1422,381,1498583329.5,2.732614287878125,3.0073547
reverse_time,1,basic,382,NH1423,382,1498583392.0,2.795841687499792,2.8508556
reverse_time,1,basic,383,NH1424,383,1498583487.5,2.603203013257291,2.828328
reverse_time,1,basic,384,NH1425,384,1498584024.0,3.090623825757918,3.0370305
reverse_time,1,basic,379,NH1420,379,1498585225.5,2.88418860984875,2.8727977
reverse_time,1,basic,380,NH1421,380,1498585288.0,2.6350029640147916,2.935585
reverse_time,1,basic,309,NH1337,309,1498585683.0,2.9226101060613896,2.9704514
reverse_time,1,basic,310,NH1338,310,1498586473.0,2.9221314431825003,2.9354851
reverse_time,1,basic,400,NH1441,400,1498587262.0,2.6845978813138895,2.7904594
reverse_time,1,basic,399,NH1440,399,1498587350.5,2.4855075101008333,2.8731897
reverse_time,1,basic,401,NH1442,401,1498587370.0,2.690955692424499,2.9960146
reverse_time,1,basic,398,NH1439,398,1498589292.0,2.6040388181808334,2.94711
reverse_time,1,basic,402,NH1443,402,1498589308.0,2.6812744053033337,2.907016
reverse_time,1,basic,365,NH1403,365,1498596283.0,2.6668114507575003,2.7048786
reverse_time,1,basic,364,NH1402,364,1498596364.0,2.7964503750012497,2.6909301
reverse_time,1,basic,366,NH1404,366,1498597027.0,2.76952707197,2.8148792
reverse_time,1,basic,367,NH1405,367,1498597108.0,2.5459914393941667,2.8927023
reverse_time,1,basic,362,NH1400,362,1498598136.0,2.8297341931820834,2.8088033
reverse_time,1,basic,390,NH1431,390,1498603234.0,2.8693135707070834,2.8729627
reverse_time,1,basic,391,NH1432,391,1498603301.0,2.4809344823230552,2.7697792
reverse_time,1,basic,392,NH1433,392,1498603537.0,2.8484010959591677,2.9759147
reverse_time,1,basic,405,NH1446,405,1498608284.5,2.772907863636667,2.9038193
reverse_time,1,basic,408,NH1449,408,1498609102.0,2.8542932992424994,2.8561423
reverse_time,1,basic,407,NH1448,407,1498609164.5,2.7518247045458337,2.9401188
reverse_time,1,basic,403,NH1444,403,1498610132.0,2.7301533333329164,2.85582
reverse_time,1,basic,404,NH1445,404,1498610214.0,2.918158560606666,2.9085064
reverse_time,1,basic,221,NH1237,221,1498612523.0,2.6849211477270836,2.9168851
reverse_time,1,basic,220,NH1236,220,1498614384.5,2.8226209318179167,3.0149424
reverse_time,1,basic,298,NH1324,297,1498614937.0,2.9338776060612504,3.0428903
reverse_time,1,basic,296,NH1323,295,1498614992.5,2.5266099848475,2.8079588
reverse_time,1,basic,294,NH1322,293,1498615071.5,2.8165363030316675,2.8834631
reverse_time,1,basic,517,NH1571,517,1498616800.0,2.6675930037875,2.8465512
reverse_time,1,basic,518,NH1572,518,1498617353.0,2.8438639431825004,2.9302921
reverse_time,1,basic,520,NH1573,519,1498617768.0,2.7471295151525,2.9632695
reverse_time,1,basic,522,NH1574,521,1498621809.0,2.7811293674241666,2.8540764
reverse_time,1,basic,280,NH1302,280,1498637058.5,3.014583128788751,2.8247442
reverse_time,1,basic,450,NH1491,450,1498643325.0,2.4046029571968743,2.6513464
reverse_time,1,basic,452,NH1493,452,1498643373.5,2.756723655304167,2.8828318
reverse_time,1,basic,451,NH1492,451,1498643617.0,2.7699136931808335,2.9017708
reverse_time,1,basic,453,NH1494,453,1498644078.0,2.8766519621216666,2.9201057
reverse_time,1,basic,454,NH1495,454,1498644534.0,2.5458145189391668,2.8389933
reverse_time,1,basic,455,NH1496,455,1498644867.0,2.794155,3.0070136
reverse_time,1,basic,456,NH1497,456,1498645064.0,2.7536738371212492,2.9065876
reverse_time,1,basic,457,NH1498,457,1498645284.0,2.580586496212916,2.7990468
reverse_time,1,basic,521,NH1574,521,1498647951.0,2.7811293674241666,2.8540764
reverse_time,1,basic,519,NH1573,519,1498648050.0,2.7471295151525,2.9632695
reverse_time,1,basic,523,NH1575,523,1498648396.0,2.53008267424125,2.805343
reverse_time,1,basic,516,NH1570,516,1498649017.0,2.5346034412883336,2.8854778
reverse_time,1,basic,359,NH1396,359,1498653566.0,2.5963870378785012,2.8603601
reverse_time,1,basic,360,NH1397,360,1498653680.0,2.622993156565277,2.7696412
reverse_time,1,basic,361,NH1398,361,1498653781.5,2.8257200202024997,2.9014215
reverse_time,1,basic,389,NH1430,389,1498660227.0,2.598982184847709,2.826563
reverse_time,1,basic,335,NH1365,335,1498660890.5,2.4130399090912498,2.4753911
reverse_time,1,basic,336,NH1366,336,1498661007.0,2.8110285681816665,2.6777346
reverse_time,1,basic,337,NH1367,337,1498661220.0,2.5282417234850003,2.5069065
reverse_time,1,basic,338,NH1368,338,1498662841.0,2.9217660000004164,2.822958
reverse_time,1,basic,334,NH1364,334,1498663018.0,2.7324893257579177,2.728192
reverse_time,1,basic,333,NH1363,333,1498663097.0,2.8111716136362497,2.6383932
reverse_time,1,basic,387,NH1428,387,1498677536.5,2.4962147626258337,2.8613346
reverse_time,1,basic,386,NH1427,386,1498677807.5,2.572204270201666,2.8612006
reverse_time,1,basic,388,NH1429,388,1498678052.0,2.7701933131311107,3.0422125
reverse_time,1,basic,240,NH1258,240,1498682283.0,2.654602325757222,2.6816628
reverse_time,1,basic,239,NH1257,239,1498682427.0,2.831951083332778,2.895282
reverse_time,1,basic,241,NH1259,241,1498682470.0,3.1357789444447226,2.991443
reverse_time,1,basic,444,NH1485,444,1498730538.0,2.8668407803025,2.948558
reverse_time,1,basic,445,NH1486,445,1498731001.0,2.9221965719687497,3.1254447
reverse_time,1,basic,446,NH1487,446,1498731620.0,2.7554371666662503,2.9256706
reverse_time,1,basic,448,NH1489,448,1498731806.5,2.961716594697083,2.9599411
reverse_time,1,full,340,NH1376,340,1498536981.0,2.9502337462116666,3.0497084
reverse_time,1,full,341,NH1377,341,1498537987.0,3.017101999999166,3.057286
reverse_time,1,full,308,NH1336,308,1498543128.0,2.6871744873736114,2.7874413
reverse_time,1,full,352,NH1388,352,1498544686.0,2.7922012689387503,3.125632
reverse_time,1,full,353,NH1389,353,1498544840.5,2.744722598485416,2.821286
reverse_time,1,full,406,NH1447,406,1498545499.0,2.79463993939375,2.8758404
reverse_time,1,full,269,NH1291,269,1498555067.0,2.8228221780299996,2.8888638
reverse_time,1,full,268,NH1290,268,1498555272.5,2.6928882613641667,2.773877
reverse_time,1,full,385,NH1426,385,1498556905.5,2.9159720511366674,2.8548765
reverse_time,1,full,267,NH1289,267,1498557415.5,2.8609133787891667,2.9317217
reverse_time,1,full,266,NH1288,266,1498557641.0,2.745617397727917,2.870805
reverse_time,1,full,307,NH1335,307,1498564294.0,3.0797070101005546,2.878278
reverse_time,1,full,393,NH1434,393,1498570353.0,2.8610414507566673,2.869922
reverse_time,1,full,369,NH1407,369,1498572947.5,2.3724959797983334,2.6791523
reverse_time,1,full,368,NH1406,368,1498573072.0,2.6985776186861115,2.6128223
reverse_time,1,full,370,NH1408,370,1498573120.5,2.9403473358586107,2.9054291
reverse_time,1,full,351,NH1387,351,1498575475.0,2.6446771856066666,2.8142405
reverse_time,1,full,356,NH1392,356,1498575825.0,2.6571546022733328,2.9305103
reverse_time,1,full,354,NH1390,354,1498575916.0,2.601928625,2.8854716
reverse_time,1,full,355,NH1391,355,1498576163.0,3.0596034772720824,2.974734
reverse_time,1,full,357,NH1393,357,1498576169.5,2.7594724431812505,2.82034
reverse_time,1,full,396,NH1437,396,1498580643.5,2.4572546287883332,2.7439585
reverse_time,1,full,397,NH1438,397,1498580706.0,2.8197956249991667,2.9177024
reverse_time,1,full,394,NH1435,394,1498581117.5,2.5875511931825,2.8439229
reverse_time,1,full,395,NH1436,395,1498581200.0,2.9314942272737503,2.8870773
reverse_time,1,full,374,NH1412,374,1498581338.0,2.7662135151520832,2.715833
reverse_time,1,full,373,NH1411,373,1498581417.0,2.836565439392917,2.9327374
reverse_time,1,full,376,NH1414,376,1498582161.0,2.5805085795449996,2.786473
reverse_time,1,full,377,NH1415,377,1498582635.0,2.6120531174233337,2.8226013
reverse_time,1,full,378,NH1416,378,1498582950.5,2.6666781780308337,2.8492775
reverse_time,1,full,372,NH1410,372,1498583234.0,2.5341386022729164,2.8424463
reverse_time,1,full,371,NH1409,371,1498583313.0,2.9119232272733337,2.826851
reverse_time,1,full,381,NH1422,381,1498583329.5,2.732614287878125,2.9993248
reverse_time,1,full,382,NH1423,382,1498583392.0,2.795841687499792,2.8461702
reverse_time,1,full,383,NH1424,383,1498583487.5,2.603203013257291,2.8246224
reverse_time,1,full,384,NH1425,384,1498584024.0,3.090623825757918,3.0484622
reverse_time,1,full,379,NH1420,379,1498585225.5,2.88418860984875,2.865096
reverse_time,1,full,380,NH1421,380,1498585288.0,2.6350029640147916,2.95716
reverse_time,1,full,309,NH1337,309,1498585683.0,2.9226101060613896,2.9384382
reverse_time,1,full,310,NH1338,310,1498586473.0,2.9221314431825003,2.9316647
reverse_time,1,full,400,NH1441,400,1498587262.0,2.6845978813138895,2.7905366
reverse_time,1,full,399,NH1440,399,1498587350.5,2.4855075101008333,2.8710907
reverse_time,1,full,401,NH1442,401,1498587370.0,2.690955692424499,3.0000875
reverse_time,1,full,398,NH1439,398,1498589292.0,2.6040388181808334,2.9415283
reverse_time,1,full,402,NH1443,402,1498589308.0,2.6812744053033337,2.8990726
reverse_time,1,full,365,NH1403,365,1498596283.0,2.6668114507575003,2.7254593
reverse_time,1,full,364,NH1402,364,1498596364.0,2.7964503750012497,2.6869342
reverse_time,1,full,366,NH1404,366,1498597027.0,2.76952707197,2.845012
reverse_time,1,full,367,NH1405,367,1498597108.0,2.5459914393941667,2.8841257
reverse_time,1,full,362,NH1400,362,1498598136.0,2.8297341931820834,2.7887676
reverse_time,1,full,390,NH1431,390,1498603234.0,2.8693135707070834,2.8920257
reverse_time,1,full,391,NH1432,391,1498603301.0,2.4809344823230552,2.7568686
reverse_time,1,full,392,NH1433,392,1498603537.0,2.8484010959591677,2.9828084
reverse_time,1,full,405,NH1446,405,1498608284.5,2.772907863636667,2.906974
reverse_time,1,full,408,NH1449,408,1498609102.0,2.8542932992424994,2.8242884
reverse_time,1,full,407,NH1448,407,1498609164.5,2.7518247045458337,2.919543
reverse_time,1,full,403,NH1444,403,1498610132.0,2.7301533333329164,2.830245
reverse_time,1,full,404,NH1445,404,1498610214.0,2.918158560606666,2.868947
reverse_time,1,full,221,NH1237,221,1498612523.0,2.6849211477270836,2.9226463
reverse_time,1,full,220,NH1236,220,1498614384.5,2.8226209318179167,2.9698012
reverse_time,1,full,298,NH1324,297,1498614937.0,2.9338776060612504,3.0517108
reverse_time,1,full,296,NH1323,295,1498614992.5,2.5266099848475,2.7517757
reverse_time,1,full,294,NH1322,293,1498615071.5,2.8165363030316675,2.8161182
reverse_time,1,full,517,NH1571,517,1498616800.0,2.6675930037875,2.8679783
reverse_time,1,full,518,NH1572,518,1498617353.0,2.8438639431825004,2.947674
reverse_time,1,full,520,NH1573,519,1498617768.0,2.7471295151525,3.0126858
reverse_time,1,full,522,NH1574,521,1498621809.0,2.7811293674241666,2.8699512
reverse_time,1,full,280,NH1302,280,1498637058.5,3.014583128788751,2.8205554
reverse_time,1,full,450,NH1491,450,1498643325.0,2.4046029571968743,2.704773
reverse_time,1,full,452,NH1493,452,1498643373.5,2.756723655304167,2.9134896
reverse_time,1,full,451,NH1492,451,1498643617.0,2.7699136931808335,2.9278555
reverse_time,1,full,453,NH1494,453,1498644078.0,2.8766519621216666,2.908802
reverse_time,1,full,454,NH1495,454,1498644534.0,2.5458145189391668,2.8669102
reverse_time,1,full,455,NH1496,455,1498644867.0,2.794155,3.0420697
reverse_time,1,full,456,NH1497,456,1498645064.0,2.7536738371212492,2.908675
reverse_time,1,full,457,NH1498,457,1498645284.0,2.580586496212916,2.8115826
reverse_time,1,full,521,NH1574,521,1498647951.0,2.7811293674241666,2.8741567
reverse_time,1,full,519,NH1573,519,1498648050.0,2.7471295151525,3.0160825
reverse_time,1,full,523,NH1575,523,1498648396.0,2.53008267424125,2.7939606
reverse_time,1,full,516,NH1570,516,1498649017.0,2.5346034412883336,2.849144
reverse_time,1,full,359,NH1396,359,1498653566.0,2.5963870378785012,2.8524506
reverse_time,1,full,360,NH1397,360,1498653680.0,2.622993156565277,2.8144572
reverse_time,1,full,361,NH1398,361,1498653781.5,2.8257200202024997,2.9290612
reverse_time,1,full,389,NH1430,389,1498660227.0,2.598982184847709,2.841479
reverse_time,1,full,335,NH1365,335,1498660890.5,2.4130399090912498,2.4846365
reverse_time,1,full,336,NH1366,336,1498661007.0,2.8110285681816665,2.6770327
reverse_time,1,full,337,NH1367,337,1498661220.0,2.5282417234850003,2.4814842
reverse_time,1,full,338,NH1368,338,1498662841.0,2.9217660000004164,2.8138187
reverse_time,1,full,334,NH1364,334,1498663018.0,2.7324893257579177,2.747916
reverse_time,1,full,333,NH1363,333,1498663097.0,2.8111716136362497,2.639663
reverse_time,1,full,387,NH1428,387,1498677536.5,2.4962147626258337,2.854291
reverse_time,1,full,386,NH1427,386,1498677807.5,2.572204270201666,2.880121
reverse_time,1,full,388,NH1429,388,1498678052.0,2.7701933131311107,3.043052
reverse_time,1,full,240,NH1258,240,1498682283.0,2.654602325757222,2.664234
reverse_time,1,full,239,NH1257,239,1498682427.0,2.831951083332778,2.8952436
reverse_time,1,full,241,NH1259,241,1498682470.0,3.1357789444447226,2.9832714
reverse_time,1,full,444,NH1485,444,1498730538.0,2.8668407803025,2.9367306
reverse_time,1,full,445,NH1486,445,1498731001.0,2.9221965719687497,3.103653
reverse_time,1,full,446,NH1487,446,1498731620.0,2.7554371666662503,2.8995085
reverse_time,1,full,448,NH1489,448,1498731806.5,2.961716594697083,2.9900854
sensitivity,2,reference_seed42,447,NH1488,447,1498732022.0,3.213455666666251,3.0400991
sensitivity,2,reference_seed42,449,NH1490,449,1498732951.0,3.205263837121666,3.1056137
sensitivity,2,reference_seed42,443,NH1484,443,1498733098.0,3.04554245454625,2.8670301
sensitivity,2,reference_seed42,442,NH1483,442,1498734414.0,3.305119875,3.0385258
sensitivity,2,reference_seed42,438,NH1479,438,1498736997.5,2.7656549090905553,2.6430771
sensitivity,2,reference_seed42,437,NH1478,437,1498737267.5,2.9087390106059994,2.9493608
sensitivity,2,reference_seed42,439,NH1480,439,1498737459.0,2.856577093434167,2.913269
sensitivity,2,reference_seed42,440,NH1481,440,1498737814.0,2.5367798143945834,2.502509
sensitivity,2,reference_seed42,441,NH1482,441,1498738591.0,3.0714249128787503,3.0218458
sensitivity,2,reference_seed42,436,NH1477,436,1498739759.0,2.8579737840900004,2.6771345
sensitivity,2,reference_seed42,421,NH1464,421,1498741055.0,2.8710665303020826,2.7930214
sensitivity,2,reference_seed42,422,NH1465,422,1498741322.0,3.1901213409087497,3.0413501
sensitivity,2,reference_seed42,423,NH1466,423,1498741937.0,2.797970242424584,2.7124135
sensitivity,2,reference_seed42,469,NH1510,469,1498825160.0,2.82887276894,2.7867522
sensitivity,2,reference_seed42,468,NH1509,468,1498825229.0,2.7863670681812502,2.8666916
sensitivity,2,reference_seed42,470,NH1511,470,1498826279.0,2.811349795454166,2.8799365
sensitivity,2,reference_seed42,471,NH1512,471,1498826374.0,2.5712548257574994,2.6726525
sensitivity,2,reference_seed42,472,NH1513,472,1498827126.0,2.8397837083341666,2.8117943
sensitivity,2,reference_seed42,467,NH1508,467,1498827363.0,2.7506098939383334,2.8331769
sensitivity,2,reference_seed42,507,NH1561,507,1498838962.5,2.9154196856066665,2.7067888
sensitivity,2,reference_seed42,508,NH1562,508,1498838990.0,2.9867449545445828,2.5780995
sensitivity,2,reference_seed42,509,NH1563,509,1498839097.0,3.209558715909166,2.9096494
sensitivity,2,reference_seed42,510,NH1564,510,1498839854.0,3.3299264583341674,2.9808054
sensitivity,2,reference_seed42,512,NH1566,512,1498839920.5,2.8937555492425004,2.693487
sensitivity,2,reference_seed42,511,NH1565,511,1498840185.0,3.0193580075754163,2.7509437
sensitivity,2,reference_seed42,513,NH1567,513,1498841074.0,3.4054379431804156,2.9381602
sensitivity,2,reference_seed42,506,NH1560,506,1498841096.0,2.8437803522733334,2.6571813
sensitivity,2,reference_seed42,505,NH1559,505,1498841312.0,3.026218575757916,2.7195723
sensitivity,2,reference_seed42,525,NH1577,525,1498855582.0,2.7140443080811116,2.6479692
sensitivity,2,reference_seed42,526,NH1578,526,1498855650.0,2.928948969696666,2.8018684
sensitivity,2,reference_seed42,524,NH1576,524,1498855717.0,2.7670094217169448,2.5903978
sensitivity,2,reference_seed42,493,NH1547,493,1498882998.0,2.8696522222222227,2.8837056
sensitivity,2,reference_seed42,494,NH1548,494,1498883032.0,2.752624828283055,2.8301368
sensitivity,2,reference_seed42,495,NH1549,495,1498883413.0,2.7769003611119447,2.5946155
sensitivity,2,reference_seed42,482,NH1528,482,1498932471.0,2.695868310606111,2.5945833
sensitivity,2,reference_seed42,483,NH1529,483,1498932508.0,2.8512445277777783,2.7696028
sensitivity,2,reference_seed42,484,NH1530,484,1498932605.5,3.0451293030302775,2.8328376
sensitivity,2,reference_seed42,546,NH1599,546,1498942687.5,2.7516804595958333,2.6570287
sensitivity,2,reference_seed42,545,NH1598,545,1498942743.0,2.583565361110278,2.5724044
sensitivity,2,reference_seed42,547,NH1600,547,1498942959.5,2.8901921085852775,2.836214
sensitivity,2,reference_seed42,542,NH1595,542,1498945670.0,2.847530583332917,2.624238
sensitivity,2,reference_seed42,541,NH1594,541,1498945775.0,2.8696292537883332,2.6443326
sensitivity,2,reference_seed42,543,NH1596,543,1498946970.0,2.9677918446975,2.7130413
sensitivity,2,reference_seed42,544,NH1597,544,1498948067.0,3.32966174242375,3.068019
sensitivity,2,reference_seed42,539,NH1592,539,1498948161.5,2.9873053598491666,2.8249536
sensitivity,2,reference_seed42,540,NH1593,540,1498948271.0,3.007452212120417,2.7483027
sensitivity,2,reference_seed42,549,NH1602,549,1498948491.0,2.6095519949491663,2.627071
sensitivity,2,reference_seed42,548,NH1601,548,1498948570.0,2.679304651514722,2.87411
sensitivity,2,reference_seed42,550,NH1603,550,1498948597.0,2.4643921868686105,2.5864384
sensitivity,2,reference_seed42,514,NH1568,514,1498953600.0,2.873743284090417,2.717954
sensitivity,2,reference_seed42,515,NH1569,515,1498953600.0,3.258172492424584,2.9542325
sensitivity,2,reference_seed42,552,NH1605,552,1498953600.0,2.539839329545001,2.7911026
sensitivity,2,reference_seed42,553,NH1606,553,1498953600.0,2.7267650037887496,2.9146569
sensitivity,2,reference_seed42,554,NH1607,554,1498953600.0,2.794889651515416,2.7087982
sensitivity,2,reference_seed42,555,NH1608,555,1498953600.0,2.7100046969695835,2.7364893
sensitivity,2,reference_seed42,426,NH1469,426,1498954010.5,3.3536392916670836,2.9765115
sensitivity,2,reference_seed42,427,NH1469,426,1498954010.5,3.3536392916670836,2.9834685
sensitivity,2,reference_seed42,428,NH1470,428,1498954068.0,2.9344255719695838,2.73893
sensitivity,2,reference_seed42,429,NH1470,428,1498954068.0,2.9344255719695838,2.7520592
sensitivity,2,reference_seed42,430,NH1471,430,1498954145.0,2.700038464015417,2.5553784
sensitivity,2,reference_seed42,431,NH1472,431,1498954226.0,2.871240454544792,3.0621533
sensitivity,2,reference_seed42,432,NH1473,432,1498954563.5,2.8334246988633334,2.6999629
sensitivity,2,reference_seed42,433,NH1474,433,1498954901.5,2.944900195834292,2.9310846
sensitivity,2,reference_seed42,556,NH1609,556,1498961594.5,2.808178026515416,2.9665434
sensitivity,2,reference_seed42,551,NH1604,551,1498961718.0,2.894043181817917,2.8035755
sensitivity,2,reference_seed42,417,NH1460,417,1498963460.5,2.915021795454443,2.773305
sensitivity,2,reference_seed42,418,NH1461,418,1498963483.0,2.707362411616389,2.7951174
sensitivity,2,reference_seed42,419,NH1462,419,1498973496.5,2.6863496919191663,2.5190887
sensitivity,2,reference_seed42,420,NH1463,420,1498974149.0,2.520522416666666,2.6917465
sensitivity,2,reference_seed42,409,NH1450,409,1498975878.0,2.755381289925676,2.6835637
sensitivity,2,reference_seed42,410,NH1451,410,1498975989.0,3.0433975808080547,2.803251
sensitivity,2,reference_seed42,411,NH1452,411,1498976094.5,3.246185393939722,2.9291217
sensitivity,2,reference_seed42,434,NH1475,434,1498987965.5,2.9112718484852085,2.6871843
sensitivity,2,reference_seed42,424,NH1467,424,1498988835.5,2.779368295454374,2.661816
sensitivity,2,reference_seed42,435,NH1476,435,1498988891.0,2.697709937500001,2.6129282
sensitivity,2,reference_seed42,425,NH1468,425,1498989163.5,2.851153931818126,2.8407016
sensitivity,2,reference_seed42,558,NH1611,558,1499034494.0,2.5755620909088894,2.7887633
sensitivity,2,reference_seed42,557,NH1610,557,1499034572.0,2.4609179873736116,2.6311
sensitivity,2,reference_seed42,559,NH1612,559,1499034745.5,2.621274502524444,2.5931606
sensitivity,2,reference_seed42,479,NH1520,479,1499040000.0,2.7224765946977083,2.7229803
sensitivity,2,reference_seed42,480,NH1521,480,1499040000.0,2.683536670454166,2.7765572
sensitivity,2,reference_seed42,481,NH1522,481,1499040000.0,2.93052868939375,2.8113034
sensitivity,2,reference_seed42,478,NH1519,478,1499044236.5,2.9073547348479165,2.7850351
sensitivity,2,reference_seed42,634,NH1757,634,1499044346.0,2.8736678383836107,2.7471876
sensitivity,2,reference_seed42,635,NH1758,635,1499045010.0,2.7538293484841665,2.6879869
sensitivity,2,reference_seed42,633,NH1755,633,1499051628.0,2.868438573232777,2.8489594
sensitivity,2,reference_seed42,632,NH1754,632,1499051707.0,2.7977523131311104,2.7250009
sensitivity,2,reference_seed42,413,NH1455,413,1499060294.0,2.7748878939404165,2.6463928
sensitivity,2,reference_seed42,415,NH1457,415,1499060343.5,2.965334935605833,2.9726317
sensitivity,2,reference_seed42,412,NH1454,412,1499060373.0,2.8213227462112505,2.9829085
sensitivity,2,reference_seed42,414,NH1456,414,1499060399.0,2.539858378787917,2.6956327
sensitivity,2,reference_seed42,416,NH1458,416,1499060952.0,2.8149711704537497,2.6589885
sensitivity,2,reference_seed42,590,NH1671,590,1499087696.5,2.7723035265154166,2.5232701
sensitivity,2,reference_seed42,591,NH1672,591,1499089211.0,2.7109870606066666,2.6350696
sensitivity,2,reference_seed42,574,NH1628,574,1499093143.0,2.765108738181733,2.6332014
sensitivity,2,reference_seed42,575,NH1629,575,1499093442.0,2.7709344015144453,2.7017076
sensitivity,2,reference_seed42,576,NH1630,576,1499093764.0,2.9784578535355566,2.9420688
sensitivity,2,reference_seed42,579,NH1633,579,1499095925.0,3.001783654545001,2.7384179
sensitivity,2,reference_seed42,572,NH1626,572,1499095930.5,2.6289725101013888,2.7138524
sensitivity,2,reference_seed42,573,NH1627,573,1499096060.0,2.64773330808,2.7129257
sensitivity,2,importance_0.5,447,NH1488,447,1498732022.0,3.213455666666251,3.0800369
sensitivity,2,importance_0.5,449,NH1490,449,1498732951.0,3.205263837121666,3.1225991
sensitivity,2,importance_0.5,443,NH1484,443,1498733098.0,3.04554245454625,2.855862
sensitivity,2,importance_0.5,442,NH1483,442,1498734414.0,3.305119875,3.088764
sensitivity,2,importance_0.5,438,NH1479,438,1498736997.5,2.7656549090905553,2.7204034
sensitivity,2,importance_0.5,437,NH1478,437,1498737267.5,2.9087390106059994,2.9889112
sensitivity,2,importance_0.5,439,NH1480,439,1498737459.0,2.856577093434167,2.9591565
sensitivity,2,importance_0.5,440,NH1481,440,1498737814.0,2.5367798143945834,2.555822
sensitivity,2,importance_0.5,441,NH1482,441,1498738591.0,3.0714249128787503,3.0625246
sensitivity,2,importance_0.5,436,NH1477,436,1498739759.0,2.8579737840900004,2.7358665
sensitivity,2,importance_0.5,421,NH1464,421,1498741055.0,2.8710665303020826,2.8567219
sensitivity,2,importance_0.5,422,NH1465,422,1498741322.0,3.1901213409087497,3.1060278
sensitivity,2,importance_0.5,423,NH1466,423,1498741937.0,2.797970242424584,2.7559931
sensitivity,2,importance_0.5,469,NH1510,469,1498825160.0,2.82887276894,2.8154578
sensitivity,2,importance_0.5,468,NH1509,468,1498825229.0,2.7863670681812502,2.8955085
sensitivity,2,importance_0.5,470,NH1511,470,1498826279.0,2.811349795454166,2.942092
sensitivity,2,importance_0.5,471,NH1512,471,1498826374.0,2.5712548257574994,2.6830494
sensitivity,2,importance_0.5,472,NH1513,472,1498827126.0,2.8397837083341666,2.8065994
sensitivity,2,importance_0.5,467,NH1508,467,1498827363.0,2.7506098939383334,2.804114
sensitivity,2,importance_0.5,507,NH1561,507,1498838962.5,2.9154196856066665,2.7175393
sensitivity,2,importance_0.5,508,NH1562,508,1498838990.0,2.9867449545445828,2.5965443
sensitivity,2,importance_0.5,509,NH1563,509,1498839097.0,3.209558715909166,2.9432485
sensitivity,2,importance_0.5,510,NH1564,510,1498839854.0,3.3299264583341674,3.0020971
sensitivity,2,importance_0.5,512,NH1566,512,1498839920.5,2.8937555492425004,2.6788914
sensitivity,2,importance_0.5,511,NH1565,511,1498840185.0,3.0193580075754163,2.7822144
sensitivity,2,importance_0.5,513,NH1567,513,1498841074.0,3.4054379431804156,2.9677477
sensitivity,2,importance_0.5,506,NH1560,506,1498841096.0,2.8437803522733334,2.7053328
sensitivity,2,importance_0.5,505,NH1559,505,1498841312.0,3.026218575757916,2.7609267
sensitivity,2,importance_0.5,525,NH1577,525,1498855582.0,2.7140443080811116,2.7326348
sensitivity,2,importance_0.5,526,NH1578,526,1498855650.0,2.928948969696666,2.7845616
sensitivity,2,importance_0.5,524,NH1576,524,1498855717.0,2.7670094217169448,2.6361747
sensitivity,2,importance_0.5,493,NH1547,493,1498882998.0,2.8696522222222227,2.894478
sensitivity,2,importance_0.5,494,NH1548,494,1498883032.0,2.752624828283055,2.8609705
sensitivity,2,importance_0.5,495,NH1549,495,1498883413.0,2.7769003611119447,2.670882
sensitivity,2,importance_0.5,482,NH1528,482,1498932471.0,2.695868310606111,2.6642995
sensitivity,2,importance_0.5,483,NH1529,483,1498932508.0,2.8512445277777783,2.7869647
sensitivity,2,importance_0.5,484,NH1530,484,1498932605.5,3.0451293030302775,2.8647175
sensitivity,2,importance_0.5,546,NH1599,546,1498942687.5,2.7516804595958333,2.6386306
sensitivity,2,importance_0.5,545,NH1598,545,1498942743.0,2.583565361110278,2.5874388
sensitivity,2,importance_0.5,547,NH1600,547,1498942959.5,2.8901921085852775,2.8224092
sensitivity,2,importance_0.5,542,NH1595,542,1498945670.0,2.847530583332917,2.6210904
sensitivity,2,importance_0.5,541,NH1594,541,1498945775.0,2.8696292537883332,2.6337786
sensitivity,2,importance_0.5,543,NH1596,543,1498946970.0,2.9677918446975,2.7222226
sensitivity,2,importance_0.5,544,NH1597,544,1498948067.0,3.32966174242375,3.0573893
sensitivity,2,importance_0.5,539,NH1592,539,1498948161.5,2.9873053598491666,2.8363485
sensitivity,2,importance_0.5,540,NH1593,540,1498948271.0,3.007452212120417,2.7626438
sensitivity,2,importance_0.5,549,NH1602,549,1498948491.0,2.6095519949491663,2.6693988
sensitivity,2,importance_0.5,548,NH1601,548,1498948570.0,2.679304651514722,2.8951988
sensitivity,2,importance_0.5,550,NH1603,550,1498948597.0,2.4643921868686105,2.6174755
sensitivity,2,importance_0.5,514,NH1568,514,1498953600.0,2.873743284090417,2.773844
sensitivity,2,importance_0.5,515,NH1569,515,1498953600.0,3.258172492424584,2.989812
sensitivity,2,importance_0.5,552,NH1605,552,1498953600.0,2.539839329545001,2.7846606
sensitivity,2,importance_0.5,553,NH1606,553,1498953600.0,2.7267650037887496,2.9395518
sensitivity,2,importance_0.5,554,NH1607,554,1498953600.0,2.794889651515416,2.7344744
sensitivity,2,importance_0.5,555,NH1608,555,1498953600.0,2.7100046969695835,2.799873
sensitivity,2,importance_0.5,426,NH1469,426,1498954010.5,3.3536392916670836,3.0574827
sensitivity,2,importance_0.5,427,NH1469,426,1498954010.5,3.3536392916670836,3.0801172
sensitivity,2,importance_0.5,428,NH1470,428,1498954068.0,2.9344255719695838,2.7666864
sensitivity,2,importance_0.5,429,NH1470,428,1498954068.0,2.9344255719695838,2.7983878
sensitivity,2,importance_0.5,430,NH1471,430,1498954145.0,2.700038464015417,2.6387603
sensitivity,2,importance_0.5,431,NH1472,431,1498954226.0,2.871240454544792,3.0695438
sensitivity,2,importance_0.5,432,NH1473,432,1498954563.5,2.8334246988633334,2.7932327
sensitivity,2,importance_0.5,433,NH1474,433,1498954901.5,2.944900195834292,3.0022614
sensitivity,2,importance_0.5,556,NH1609,556,1498961594.5,2.808178026515416,2.9687412
sensitivity,2,importance_0.5,551,NH1604,551,1498961718.0,2.894043181817917,2.8412983
sensitivity,2,importance_0.5,417,NH1460,417,1498963460.5,2.915021795454443,2.7943952
sensitivity,2,importance_0.5,418,NH1461,418,1498963483.0,2.707362411616389,2.8051386
sensitivity,2,importance_0.5,419,NH1462,419,1498973496.5,2.6863496919191663,2.5606585
sensitivity,2,importance_0.5,420,NH1463,420,1498974149.0,2.520522416666666,2.758862
sensitivity,2,importance_0.5,409,NH1450,409,1498975878.0,2.755381289925676,2.7031279
sensitivity,2,importance_0.5,410,NH1451,410,1498975989.0,3.0433975808080547,2.7820792
sensitivity,2,importance_0.5,411,NH1452,411,1498976094.5,3.246185393939722,2.9454885
sensitivity,2,importance_0.5,434,NH1475,434,1498987965.5,2.9112718484852085,2.7509854
sensitivity,2,importance_0.5,424,NH1467,424,1498988835.5,2.779368295454374,2.7114713
sensitivity,2,importance_0.5,435,NH1476,435,1498988891.0,2.697709937500001,2.6277785
sensitivity,2,importance_0.5,425,NH1468,425,1498989163.5,2.851153931818126,2.8764417
sensitivity,2,importance_0.5,558,NH1611,558,1499034494.0,2.5755620909088894,2.7946332
sensitivity,2,importance_0.5,557,NH1610,557,1499034572.0,2.4609179873736116,2.6425705
sensitivity,2,importance_0.5,559,NH1612,559,1499034745.5,2.621274502524444,2.603838
sensitivity,2,importance_0.5,479,NH1520,479,1499040000.0,2.7224765946977083,2.7862632
sensitivity,2,importance_0.5,480,NH1521,480,1499040000.0,2.683536670454166,2.842251
sensitivity,2,importance_0.5,481,NH1522,481,1499040000.0,2.93052868939375,2.8688886
sensitivity,2,importance_0.5,478,NH1519,478,1499044236.5,2.9073547348479165,2.8442097
sensitivity,2,importance_0.5,634,NH1757,634,1499044346.0,2.8736678383836107,2.780241
sensitivity,2,importance_0.5,635,NH1758,635,1499045010.0,2.7538293484841665,2.6971138
sensitivity,2,importance_0.5,633,NH1755,633,1499051628.0,2.868438573232777,2.9026582
sensitivity,2,importance_0.5,632,NH1754,632,1499051707.0,2.7977523131311104,2.7553499
sensitivity,2,importance_0.5,413,NH1455,413,1499060294.0,2.7748878939404165,2.6805851
sensitivity,2,importance_0.5,415,NH1457,415,1499060343.5,2.965334935605833,2.9700196
sensitivity,2,importance_0.5,412,NH1454,412,1499060373.0,2.8213227462112505,3.0018978
sensitivity,2,importance_0.5,414,NH1456,414,1499060399.0,2.539858378787917,2.7435048
sensitivity,2,importance_0.5,416,NH1458,416,1499060952.0,2.8149711704537497,2.6728957
sensitivity,2,importance_0.5,590,NH1671,590,1499087696.5,2.7723035265154166,2.5595014
sensitivity,2,importance_0.5,591,NH1672,591,1499089211.0,2.7109870606066666,2.6511524
sensitivity,2,importance_0.5,574,NH1628,574,1499093143.0,2.765108738181733,2.6970441
sensitivity,2,importance_0.5,575,NH1629,575,1499093442.0,2.7709344015144453,2.7829928
sensitivity,2,importance_0.5,576,NH1630,576,1499093764.0,2.9784578535355566,3.0146341
sensitivity,2,importance_0.5,579,NH1633,579,1499095925.0,3.001783654545001,2.7420828
sensitivity,2,importance_0.5,572,NH1626,572,1499095930.5,2.6289725101013888,2.7640383
sensitivity,2,importance_0.5,573,NH1627,573,1499096060.0,2.64773330808,2.7607288
sensitivity,2,importance_0.9,447,NH1488,447,1498732022.0,3.213455666666251,3.0166175
sensitivity,2,importance_0.9,449,NH1490,449,1498732951.0,3.205263837121666,3.1076121
sensitivity,2,importance_0.9,443,NH1484,443,1498733098.0,3.04554245454625,2.8602824
sensitivity,2,importance_0.9,442,NH1483,442,1498734414.0,3.305119875,3.0430264
sensitivity,2,importance_0.9,438,NH1479,438,1498736997.5,2.7656549090905553,2.6806211
sensitivity,2,importance_0.9,437,NH1478,437,1498737267.5,2.9087390106059994,2.9680197
sensitivity,2,importance_0.9,439,NH1480,439,1498737459.0,2.856577093434167,2.9004848
sensitivity,2,importance_0.9,440,NH1481,440,1498737814.0,2.5367798143945834,2.5443408
sensitivity,2,importance_0.9,441,NH1482,441,1498738591.0,3.0714249128787503,3.0195856
sensitivity,2,importance_0.9,436,NH1477,436,1498739759.0,2.8579737840900004,2.7474349
sensitivity,2,importance_0.9,421,NH1464,421,1498741055.0,2.8710665303020826,2.834794
sensitivity,2,importance_0.9,422,NH1465,422,1498741322.0,3.1901213409087497,3.043938
sensitivity,2,importance_0.9,423,NH1466,423,1498741937.0,2.797970242424584,2.7571785
sensitivity,2,importance_0.9,469,NH1510,469,1498825160.0,2.82887276894,2.7723334
sensitivity,2,importance_0.9,468,NH1509,468,1498825229.0,2.7863670681812502,2.8694322
sensitivity,2,importance_0.9,470,NH1511,470,1498826279.0,2.811349795454166,2.920278
sensitivity,2,importance_0.9,471,NH1512,471,1498826374.0,2.5712548257574994,2.7234066
sensitivity,2,importance_0.9,472,NH1513,472,1498827126.0,2.8397837083341666,2.7968428
sensitivity,2,importance_0.9,467,NH1508,467,1498827363.0,2.7506098939383334,2.8287687
sensitivity,2,importance_0.9,507,NH1561,507,1498838962.5,2.9154196856066665,2.711217
sensitivity,2,importance_0.9,508,NH1562,508,1498838990.0,2.9867449545445828,2.607769
sensitivity,2,importance_0.9,509,NH1563,509,1498839097.0,3.209558715909166,2.9038486
sensitivity,2,importance_0.9,510,NH1564,510,1498839854.0,3.3299264583341674,3.0192432
sensitivity,2,importance_0.9,512,NH1566,512,1498839920.5,2.8937555492425004,2.6702206
sensitivity,2,importance_0.9,511,NH1565,511,1498840185.0,3.0193580075754163,2.7520463
sensitivity,2,importance_0.9,513,NH1567,513,1498841074.0,3.4054379431804156,2.9784184
sensitivity,2,importance_0.9,506,NH1560,506,1498841096.0,2.8437803522733334,2.718233
sensitivity,2,importance_0.9,505,NH1559,505,1498841312.0,3.026218575757916,2.7264302
sensitivity,2,importance_0.9,525,NH1577,525,1498855582.0,2.7140443080811116,2.68929
sensitivity,2,importance_0.9,526,NH1578,526,1498855650.0,2.928948969696666,2.8215222
sensitivity,2,importance_0.9,524,NH1576,524,1498855717.0,2.7670094217169448,2.6042717
sensitivity,2,importance_0.9,493,NH1547,493,1498882998.0,2.8696522222222227,2.8963087
sensitivity,2,importance_0.9,494,NH1548,494,1498883032.0,2.752624828283055,2.8795
sensitivity,2,importance_0.9,495,NH1549,495,1498883413.0,2.7769003611119447,2.6390972
sensitivity,2,importance_0.9,482,NH1528,482,1498932471.0,2.695868310606111,2.6052413
sensitivity,2,importance_0.9,483,NH1529,483,1498932508.0,2.8512445277777783,2.8003144
sensitivity,2,importance_0.9,484,NH1530,484,1498932605.5,3.0451293030302775,2.859833
sensitivity,2,importance_0.9,546,NH1599,546,1498942687.5,2.7516804595958333,2.6940765
sensitivity,2,importance_0.9,545,NH1598,545,1498942743.0,2.583565361110278,2.6087356
sensitivity,2,importance_0.9,547,NH1600,547,1498942959.5,2.8901921085852775,2.8430448
sensitivity,2,importance_0.9,542,NH1595,542,1498945670.0,2.847530583332917,2.6607776
sensitivity,2,importance_0.9,541,NH1594,541,1498945775.0,2.8696292537883332,2.677916
sensitivity,2,importance_0.9,543,NH1596,543,1498946970.0,2.9677918446975,2.7406359
sensitivity,2,importance_0.9,544,NH1597,544,1498948067.0,3.32966174242375,3.0819666
sensitivity,2,importance_0.9,539,NH1592,539,1498948161.5,2.9873053598491666,2.8325498
sensitivity,2,importance_0.9,540,NH1593,540,1498948271.0,3.007452212120417,2.7647142
sensitivity,2,importance_0.9,549,NH1602,549,1498948491.0,2.6095519949491663,2.6468358
sensitivity,2,importance_0.9,548,NH1601,548,1498948570.0,2.679304651514722,2.8881972
sensitivity,2,importance_0.9,550,NH1603,550,1498948597.0,2.4643921868686105,2.5976577
sensitivity,2,importance_0.9,514,NH1568,514,1498953600.0,2.873743284090417,2.7363462
sensitivity,2,importance_0.9,515,NH1569,515,1498953600.0,3.258172492424584,2.9530199
sensitivity,2,importance_0.9,552,NH1605,552,1498953600.0,2.539839329545001,2.791907
sensitivity,2,importance_0.9,553,NH1606,553,1498953600.0,2.7267650037887496,2.9026482
sensitivity,2,importance_0.9,554,NH1607,554,1498953600.0,2.794889651515416,2.7317016
sensitivity,2,importance_0.9,555,NH1608,555,1498953600.0,2.7100046969695835,2.7473717
sensitivity,2,importance_0.9,426,NH1469,426,1498954010.5,3.3536392916670836,3.0412745
sensitivity,2,importance_0.9,427,NH1469,426,1498954010.5,3.3536392916670836,3.0461648
sensitivity,2,importance_0.9,428,NH1470,428,1498954068.0,2.9344255719695838,2.8162467
sensitivity,2,importance_0.9,429,NH1470,428,1498954068.0,2.9344255719695838,2.8232982
sensitivity,2,importance_0.9,430,NH1471,430,1498954145.0,2.700038464015417,2.6359403
sensitivity,2,importance_0.9,431,NH1472,431,1498954226.0,2.871240454544792,3.0808902
sensitivity,2,importance_0.9,432,NH1473,432,1498954563.5,2.8334246988633334,2.749049
sensitivity,2,importance_0.9,433,NH1474,433,1498954901.5,2.944900195834292,2.9373763
sensitivity,2,importance_0.9,556,NH1609,556,1498961594.5,2.808178026515416,2.952334
sensitivity,2,importance_0.9,551,NH1604,551,1498961718.0,2.894043181817917,2.8065467
sensitivity,2,importance_0.9,417,NH1460,417,1498963460.5,2.915021795454443,2.8031123
sensitivity,2,importance_0.9,418,NH1461,418,1498963483.0,2.707362411616389,2.7714968
sensitivity,2,importance_0.9,419,NH1462,419,1498973496.5,2.6863496919191663,2.5549726
sensitivity,2,importance_0.9,420,NH1463,420,1498974149.0,2.520522416666666,2.740292
sensitivity,2,importance_0.9,409,NH1450,409,1498975878.0,2.755381289925676,2.7310486
sensitivity,2,importance_0.9,410,NH1451,410,1498975989.0,3.0433975808080547,2.8053975
sensitivity,2,importance_0.9,411,NH1452,411,1498976094.5,3.246185393939722,2.9278727
sensitivity,2,importance_0.9,434,NH1475,434,1498987965.5,2.9112718484852085,2.7069266
sensitivity,2,importance_0.9,424,NH1467,424,1498988835.5,2.779368295454374,2.6824353
sensitivity,2,importance_0.9,435,NH1476,435,1498988891.0,2.697709937500001,2.6628928
sensitivity,2,importance_0.9,425,NH1468,425,1498989163.5,2.851153931818126,2.8528876
sensitivity,2,importance_0.9,558,NH1611,558,1499034494.0,2.5755620909088894,2.849737
sensitivity,2,importance_0.9,557,NH1610,557,1499034572.0,2.4609179873736116,2.706918
sensitivity,2,importance_0.9,559,NH1612,559,1499034745.5,2.621274502524444,2.6680484
sensitivity,2,importance_0.9,479,NH1520,479,1499040000.0,2.7224765946977083,2.764624
sensitivity,2,importance_0.9,480,NH1521,480,1499040000.0,2.683536670454166,2.8255093
sensitivity,2,importance_0.9,481,NH1522,481,1499040000.0,2.93052868939375,2.8281405
sensitivity,2,importance_0.9,478,NH1519,478,1499044236.5,2.9073547348479165,2.8357034
sensitivity,2,importance_0.9,634,NH1757,634,1499044346.0,2.8736678383836107,2.803069
sensitivity,2,importance_0.9,635,NH1758,635,1499045010.0,2.7538293484841665,2.7498395
sensitivity,2,importance_0.9,633,NH1755,633,1499051628.0,2.868438573232777,2.9074895
sensitivity,2,importance_0.9,632,NH1754,632,1499051707.0,2.7977523131311104,2.7861803
sensitivity,2,importance_0.9,413,NH1455,413,1499060294.0,2.7748878939404165,2.7086606
sensitivity,2,importance_0.9,415,NH1457,415,1499060343.5,2.965334935605833,2.9708314
sensitivity,2,importance_0.9,412,NH1454,412,1499060373.0,2.8213227462112505,2.9714394
sensitivity,2,importance_0.9,414,NH1456,414,1499060399.0,2.539858378787917,2.7298212
sensitivity,2,importance_0.9,416,NH1458,416,1499060952.0,2.8149711704537497,2.7042704
sensitivity,2,importance_0.9,590,NH1671,590,1499087696.5,2.7723035265154166,2.5573926
sensitivity,2,importance_0.9,591,NH1672,591,1499089211.0,2.7109870606066666,2.667359
sensitivity,2,importance_0.9,574,NH1628,574,1499093143.0,2.765108738181733,2.735103
sensitivity,2,importance_0.9,575,NH1629,575,1499093442.0,2.7709344015144453,2.7725396
sensitivity,2,importance_0.9,576,NH1630,576,1499093764.0,2.9784578535355566,3.0485003
sensitivity,2,importance_0.9,579,NH1633,579,1499095925.0,3.001783654545001,2.7666914
sensitivity,2,importance_0.9,572,NH1626,572,1499095930.5,2.6289725101013888,2.799923
sensitivity,2,importance_0.9,573,NH1627,573,1499096060.0,2.64773330808,2.7815595
sensitivity,2,drift_0,447,NH1488,447,1498732022.0,3.213455666666251,3.0316799
sensitivity,2,drift_0,449,NH1490,449,1498732951.0,3.205263837121666,3.0451267
sensitivity,2,drift_0,443,NH1484,443,1498733098.0,3.04554245454625,2.8500173
sensitivity,2,drift_0,442,NH1483,442,1498734414.0,3.305119875,3.0244517
sensitivity,2,drift_0,438,NH1479,438,1498736997.5,2.7656549090905553,2.7139127
sensitivity,2,drift_0,437,NH1478,437,1498737267.5,2.9087390106059994,2.952493
sensitivity,2,drift_0,439,NH1480,439,1498737459.0,2.856577093434167,2.9157023
sensitivity,2,drift_0,440,NH1481,440,1498737814.0,2.5367798143945834,2.533427
sensitivity,2,drift_0,441,NH1482,441,1498738591.0,3.0714249128787503,3.0445087
sensitivity,2,drift_0,436,NH1477,436,1498739759.0,2.8579737840900004,2.7329865
sensitivity,2,drift_0,421,NH1464,421,1498741055.0,2.8710665303020826,2.8997684
sensitivity,2,drift_0,422,NH1465,422,1498741322.0,3.1901213409087497,3.0806427
sensitivity,2,drift_0,423,NH1466,423,1498741937.0,2.797970242424584,2.7465267
sensitivity,2,drift_0,469,NH1510,469,1498825160.0,2.82887276894,2.7652621
sensitivity,2,drift_0,468,NH1509,468,1498825229.0,2.7863670681812502,2.839392
sensitivity,2,drift_0,470,NH1511,470,1498826279.0,2.811349795454166,2.9252143
sensitivity,2,drift_0,471,NH1512,471,1498826374.0,2.5712548257574994,2.6455443
sensitivity,2,drift_0,472,NH1513,472,1498827126.0,2.8397837083341666,2.7357059
sensitivity,2,drift_0,467,NH1508,467,1498827363.0,2.7506098939383334,2.7857287
sensitivity,2,drift_0,507,NH1561,507,1498838962.5,2.9154196856066665,2.6770923
sensitivity,2,drift_0,508,NH1562,508,1498838990.0,2.9867449545445828,2.5511515
sensitivity,2,drift_0,509,NH1563,509,1498839097.0,3.209558715909166,2.9054744
sensitivity,2,drift_0,510,NH1564,510,1498839854.0,3.3299264583341674,2.9690244
sensitivity,2,drift_0,512,NH1566,512,1498839920.5,2.8937555492425004,2.6694963
sensitivity,2,drift_0,511,NH1565,511,1498840185.0,3.0193580075754163,2.7021937
sensitivity,2,drift_0,513,NH1567,513,1498841074.0,3.4054379431804156,2.9552882
sensitivity,2,drift_0,506,NH1560,506,1498841096.0,2.8437803522733334,2.665614
sensitivity,2,drift_0,505,NH1559,505,1498841312.0,3.026218575757916,2.6932125
sensitivity,2,drift_0,525,NH1577,525,1498855582.0,2.7140443080811116,2.7165766
sensitivity,2,drift_0,526,NH1578,526,1498855650.0,2.928948969696666,2.8203638
sensitivity,2,drift_0,524,NH1576,524,1498855717.0,2.7670094217169448,2.609895
sensitivity,2,drift_0,493,NH1547,493,1498882998.0,2.8696522222222227,2.8604565
sensitivity,2,drift_0,494,NH1548,494,1498883032.0,2.752624828283055,2.8610723
sensitivity,2,drift_0,495,NH1549,495,1498883413.0,2.7769003611119447,2.6381397
sensitivity,2,drift_0,482,NH1528,482,1498932471.0,2.695868310606111,2.6189284
sensitivity,2,drift_0,483,NH1529,483,1498932508.0,2.8512445277777783,2.7664256
sensitivity,2,drift_0,484,NH1530,484,1498932605.5,3.0451293030302775,2.887729
sensitivity,2,drift_0,546,NH1599,546,1498942687.5,2.7516804595958333,2.7063637
sensitivity,2,drift_0,545,NH1598,545,1498942743.0,2.583565361110278,2.5812092
sensitivity,2,drift_0,547,NH1600,547,1498942959.5,2.8901921085852775,2.888093
sensitivity,2,drift_0,542,NH1595,542,1498945670.0,2.847530583332917,2.6255221
sensitivity,2,drift_0,541,NH1594,541,1498945775.0,2.8696292537883332,2.6430929
sensitivity,2,drift_0,543,NH1596,543,1498946970.0,2.9677918446975,2.6936495
sensitivity,2,drift_0,544,NH1597,544,1498948067.0,3.32966174242375,3.0410197
sensitivity,2,drift_0,539,NH1592,539,1498948161.5,2.9873053598491666,2.8262005
sensitivity,2,drift_0,540,NH1593,540,1498948271.0,3.007452212120417,2.7589867
sensitivity,2,drift_0,549,NH1602,549,1498948491.0,2.6095519949491663,2.652131
sensitivity,2,drift_0,548,NH1601,548,1498948570.0,2.679304651514722,2.9092093
sensitivity,2,drift_0,550,NH1603,550,1498948597.0,2.4643921868686105,2.659713
sensitivity,2,drift_0,514,NH1568,514,1498953600.0,2.873743284090417,2.75364
sensitivity,2,drift_0,515,NH1569,515,1498953600.0,3.258172492424584,2.992704
sensitivity,2,drift_0,552,NH1605,552,1498953600.0,2.539839329545001,2.7612991
sensitivity,2,drift_0,553,NH1606,553,1498953600.0,2.7267650037887496,2.890255
sensitivity,2,drift_0,554,NH1607,554,1498953600.0,2.794889651515416,2.6957529
sensitivity,2,drift_0,555,NH1608,555,1498953600.0,2.7100046969695835,2.7579772
sensitivity,2,drift_0,426,NH1469,426,1498954010.5,3.3536392916670836,3.037478
sensitivity,2,drift_0,427,NH1469,426,1498954010.5,3.3536392916670836,3.0469065
sensitivity,2,drift_0,428,NH1470,428,1498954068.0,2.9344255719695838,2.724752
sensitivity,2,drift_0,429,NH1470,428,1498954068.0,2.9344255719695838,2.7341805
sensitivity,2,drift_0,430,NH1471,430,1498954145.0,2.700038464015417,2.5800445
sensitivity,2,drift_0,431,NH1472,431,1498954226.0,2.871240454544792,3.0447736
sensitivity,2,drift_0,432,NH1473,432,1498954563.5,2.8334246988633334,2.7349894
sensitivity,2,drift_0,433,NH1474,433,1498954901.5,2.944900195834292,2.93223
sensitivity,2,drift_0,556,NH1609,556,1498961594.5,2.808178026515416,2.9372911
sensitivity,2,drift_0,551,NH1604,551,1498961718.0,2.894043181817917,2.7919567
sensitivity,2,drift_0,417,NH1460,417,1498963460.5,2.915021795454443,2.7823856
sensitivity,2,drift_0,418,NH1461,418,1498963483.0,2.707362411616389,2.8063843
sensitivity,2,drift_0,419,NH1462,419,1498973496.5,2.6863496919191663,2.5219407
sensitivity,2,drift_0,420,NH1463,420,1498974149.0,2.520522416666666,2.758596
sensitivity,2,drift_0,409,NH1450,409,1498975878.0,2.755381289925676,2.703117
sensitivity,2,drift_0,410,NH1451,410,1498975989.0,3.0433975808080547,2.7869022
sensitivity,2,drift_0,411,NH1452,411,1498976094.5,3.246185393939722,2.9265022
sensitivity,2,drift_0,434,NH1475,434,1498987965.5,2.9112718484852085,2.7015114
sensitivity,2,drift_0,424,NH1467,424,1498988835.5,2.779368295454374,2.6954372
sensitivity,2,drift_0,435,NH1476,435,1498988891.0,2.697709937500001,2.6229925
sensitivity,2,drift_0,425,NH1468,425,1498989163.5,2.851153931818126,2.8257785
sensitivity,2,drift_0,558,NH1611,558,1499034494.0,2.5755620909088894,2.8144104
sensitivity,2,drift_0,557,NH1610,557,1499034572.0,2.4609179873736116,2.634622
sensitivity,2,drift_0,559,NH1612,559,1499034745.5,2.621274502524444,2.5998065
sensitivity,2,drift_0,479,NH1520,479,1499040000.0,2.7224765946977083,2.736434
sensitivity,2,drift_0,480,NH1521,480,1499040000.0,2.683536670454166,2.7901177
sensitivity,2,drift_0,481,NH1522,481,1499040000.0,2.93052868939375,2.7880626
sensitivity,2,drift_0,478,NH1519,478,1499044236.5,2.9073547348479165,2.7673454
sensitivity,2,drift_0,634,NH1757,634,1499044346.0,2.8736678383836107,2.749633
sensitivity,2,drift_0,635,NH1758,635,1499045010.0,2.7538293484841665,2.7128189
sensitivity,2,drift_0,633,NH1755,633,1499051628.0,2.868438573232777,2.8977985
sensitivity,2,drift_0,632,NH1754,632,1499051707.0,2.7977523131311104,2.7452607
sensitivity,2,drift_0,413,NH1455,413,1499060294.0,2.7748878939404165,2.6459274
sensitivity,2,drift_0,415,NH1457,415,1499060343.5,2.965334935605833,2.954447
sensitivity,2,drift_0,412,NH1454,412,1499060373.0,2.8213227462112505,2.9614558
sensitivity,2,drift_0,414,NH1456,414,1499060399.0,2.539858378787917,2.7197075
sensitivity,2,drift_0,416,NH1458,416,1499060952.0,2.8149711704537497,2.6548629
sensitivity,2,drift_0,590,NH1671,590,1499087696.5,2.7723035265154166,2.5457847
sensitivity,2,drift_0,591,NH1672,591,1499089211.0,2.7109870606066666,2.6141946
sensitivity,2,drift_0,574,NH1628,574,1499093143.0,2.765108738181733,2.6292508
sensitivity,2,drift_0,575,NH1629,575,1499093442.0,2.7709344015144453,2.6826584
sensitivity,2,drift_0,576,NH1630,576,1499093764.0,2.9784578535355566,2.9252615
sensitivity,2,drift_0,579,NH1633,579,1499095925.0,3.001783654545001,2.73201
sensitivity,2,drift_0,572,NH1626,572,1499095930.5,2.6289725101013888,2.7223015
sensitivity,2,drift_0,573,NH1627,573,1499096060.0,2.64773330808,2.7193367
sensitivity,2,drift_0.5,447,NH1488,447,1498732022.0,3.213455666666251,3.04149
sensitivity,2,drift_0.5,449,NH1490,449,1498732951.0,3.205263837121666,3.1169856
sensitivity,2,drift_0.5,443,NH1484,443,1498733098.0,3.04554245454625,2.8635843
sensitivity,2,drift_0.5,442,NH1483,442,1498734414.0,3.305119875,3.0796704
sensitivity,2,drift_0.5,438,NH1479,438,1498736997.5,2.7656549090905553,2.6466632
sensitivity,2,drift_0.5,437,NH1478,437,1498737267.5,2.9087390106059994,2.8974288
sensitivity,2,drift_0.5,439,NH1480,439,1498737459.0,2.856577093434167,2.8787422
sensitivity,2,drift_0.5,440,NH1481,440,1498737814.0,2.5367798143945834,2.5000997
sensitivity,2,drift_0.5,441,NH1482,441,1498738591.0,3.0714249128787503,3.0001662
sensitivity,2,drift_0.5,436,NH1477,436,1498739759.0,2.8579737840900004,2.693963
sensitivity,2,drift_0.5,421,NH1464,421,1498741055.0,2.8710665303020826,2.736754
sensitivity,2,drift_0.5,422,NH1465,422,1498741322.0,3.1901213409087497,3.0503798
sensitivity,2,drift_0.5,423,NH1466,423,1498741937.0,2.797970242424584,2.7179897
sensitivity,2,drift_0.5,469,NH1510,469,1498825160.0,2.82887276894,2.75118
sensitivity,2,drift_0.5,468,NH1509,468,1498825229.0,2.7863670681812502,2.8310487
sensitivity,2,drift_0.5,470,NH1511,470,1498826279.0,2.811349795454166,2.8920872
sensitivity,2,drift_0.5,471,NH1512,471,1498826374.0,2.5712548257574994,2.7031798
sensitivity,2,drift_0.5,472,NH1513,472,1498827126.0,2.8397837083341666,2.7526488
sensitivity,2,drift_0.5,467,NH1508,467,1498827363.0,2.7506098939383334,2.8280714
sensitivity,2,drift_0.5,507,NH1561,507,1498838962.5,2.9154196856066665,2.704667
sensitivity,2,drift_0.5,508,NH1562,508,1498838990.0,2.9867449545445828,2.612854
sensitivity,2,drift_0.5,509,NH1563,509,1498839097.0,3.209558715909166,2.9081168
sensitivity,2,drift_0.5,510,NH1564,510,1498839854.0,3.3299264583341674,3.013984
sensitivity,2,drift_0.5,512,NH1566,512,1498839920.5,2.8937555492425004,2.6999152
sensitivity,2,drift_0.5,511,NH1565,511,1498840185.0,3.0193580075754163,2.7622871
sensitivity,2,drift_0.5,513,NH1567,513,1498841074.0,3.4054379431804156,2.9714453
sensitivity,2,drift_0.5,506,NH1560,506,1498841096.0,2.8437803522733334,2.6715686
sensitivity,2,drift_0.5,505,NH1559,505,1498841312.0,3.026218575757916,2.763135
sensitivity,2,drift_0.5,525,NH1577,525,1498855582.0,2.7140443080811116,2.667043
sensitivity,2,drift_0.5,526,NH1578,526,1498855650.0,2.928948969696666,2.7595751
sensitivity,2,drift_0.5,524,NH1576,524,1498855717.0,2.7670094217169448,2.6201093
sensitivity,2,drift_0.5,493,NH1547,493,1498882998.0,2.8696522222222227,2.879454
sensitivity,2,drift_0.5,494,NH1548,494,1498883032.0,2.752624828283055,2.8075147
sensitivity,2,drift_0.5,495,NH1549,495,1498883413.0,2.7769003611119447,2.635294
sensitivity,2,drift_0.5,482,NH1528,482,1498932471.0,2.695868310606111,2.6182642
sensitivity,2,drift_0.5,483,NH1529,483,1498932508.0,2.8512445277777783,2.6831214
sensitivity,2,drift_0.5,484,NH1530,484,1498932605.5,3.0451293030302775,2.8197737
sensitivity,2,drift_0.5,546,NH1599,546,1498942687.5,2.7516804595958333,2.6566422
sensitivity,2,drift_0.5,545,NH1598,545,1498942743.0,2.583565361110278,2.5484958
sensitivity,2,drift_0.5,547,NH1600,547,1498942959.5,2.8901921085852775,2.7983415
sensitivity,2,drift_0.5,542,NH1595,542,1498945670.0,2.847530583332917,2.606942
sensitivity,2,drift_0.5,541,NH1594,541,1498945775.0,2.8696292537883332,2.6324432
sensitivity,2,drift_0.5,543,NH1596,543,1498946970.0,2.9677918446975,2.7028189
sensitivity,2,drift_0.5,544,NH1597,544,1498948067.0,3.32966174242375,3.0509539
sensitivity,2,drift_0.5,539,NH1592,539,1498948161.5,2.9873053598491666,2.7975864
sensitivity,2,drift_0.5,540,NH1593,540,1498948271.0,3.007452212120417,2.7281368
sensitivity,2,drift_0.5,549,NH1602,549,1498948491.0,2.6095519949491663,2.5808198
sensitivity,2,drift_0.5,548,NH1601,548,1498948570.0,2.679304651514722,2.8111017
sensitivity,2,drift_0.5,550,NH1603,550,1498948597.0,2.4643921868686105,2.5569117
sensitivity,2,drift_0.5,514,NH1568,514,1498953600.0,2.873743284090417,2.703609
sensitivity,2,drift_0.5,515,NH1569,515,1498953600.0,3.258172492424584,2.928421
sensitivity,2,drift_0.5,552,NH1605,552,1498953600.0,2.539839329545001,2.7026618
sensitivity,2,drift_0.5,553,NH1606,553,1498953600.0,2.7267650037887496,2.8888824
sensitivity,2,drift_0.5,554,NH1607,554,1498953600.0,2.794889651515416,2.6675253
sensitivity,2,drift_0.5,555,NH1608,555,1498953600.0,2.7100046969695835,2.6822355
sensitivity,2,drift_0.5,426,NH1469,426,1498954010.5,3.3536392916670836,3.0321805
sensitivity,2,drift_0.5,427,NH1469,426,1498954010.5,3.3536392916670836,3.048748
sensitivity,2,drift_0.5,428,NH1470,428,1498954068.0,2.9344255719695838,2.720846
sensitivity,2,drift_0.5,429,NH1470,428,1498954068.0,2.9344255719695838,2.7539823
sensitivity,2,drift_0.5,430,NH1471,430,1498954145.0,2.700038464015417,2.5790234
sensitivity,2,drift_0.5,431,NH1472,431,1498954226.0,2.871240454544792,3.0280802
sensitivity,2,drift_0.5,432,NH1473,432,1498954563.5,2.8334246988633334,2.691252
sensitivity,2,drift_0.5,433,NH1474,433,1498954901.5,2.944900195834292,2.9549887
sensitivity,2,drift_0.5,556,NH1609,556,1498961594.5,2.808178026515416,2.939176
sensitivity,2,drift_0.5,551,NH1604,551,1498961718.0,2.894043181817917,2.7869465
sensitivity,2,drift_0.5,417,NH1460,417,1498963460.5,2.915021795454443,2.767552
sensitivity,2,drift_0.5,418,NH1461,418,1498963483.0,2.707362411616389,2.7111387
sensitivity,2,drift_0.5,419,NH1462,419,1498973496.5,2.6863496919191663,2.5073693
sensitivity,2,drift_0.5,420,NH1463,420,1498974149.0,2.520522416666666,2.673786
sensitivity,2,drift_0.5,409,NH1450,409,1498975878.0,2.755381289925676,2.6384447
sensitivity,2,drift_0.5,410,NH1451,410,1498975989.0,3.0433975808080547,2.763424
sensitivity,2,drift_0.5,411,NH1452,411,1498976094.5,3.246185393939722,2.9154935
sensitivity,2,drift_0.5,434,NH1475,434,1498987965.5,2.9112718484852085,2.7116165
sensitivity,2,drift_0.5,424,NH1467,424,1498988835.5,2.779368295454374,2.714254
sensitivity,2,drift_0.5,435,NH1476,435,1498988891.0,2.697709937500001,2.6126244
sensitivity,2,drift_0.5,425,NH1468,425,1498989163.5,2.851153931818126,2.8009467
sensitivity,2,drift_0.5,558,NH1611,558,1499034494.0,2.5755620909088894,2.7556787
sensitivity,2,drift_0.5,557,NH1610,557,1499034572.0,2.4609179873736116,2.670834
sensitivity,2,drift_0.5,559,NH1612,559,1499034745.5,2.621274502524444,2.6271515
sensitivity,2,drift_0.5,479,NH1520,479,1499040000.0,2.7224765946977083,2.7417195
sensitivity,2,drift_0.5,480,NH1521,480,1499040000.0,2.683536670454166,2.7852519
sensitivity,2,drift_0.5,481,NH1522,481,1499040000.0,2.93052868939375,2.8267941
sensitivity,2,drift_0.5,478,NH1519,478,1499044236.5,2.9073547348479165,2.8341436
sensitivity,2,drift_0.5,634,NH1757,634,1499044346.0,2.8736678383836107,2.7896864
sensitivity,2,drift_0.5,635,NH1758,635,1499045010.0,2.7538293484841665,2.6765997
sensitivity,2,drift_0.5,633,NH1755,633,1499051628.0,2.868438573232777,2.8197584
sensitivity,2,drift_0.5,632,NH1754,632,1499051707.0,2.7977523131311104,2.7036827
sensitivity,2,drift_0.5,413,NH1455,413,1499060294.0,2.7748878939404165,2.7350125
sensitivity,2,drift_0.5,415,NH1457,415,1499060343.5,2.965334935605833,2.9913294
sensitivity,2,drift_0.5,412,NH1454,412,1499060373.0,2.8213227462112505,2.9920118
sensitivity,2,drift_0.5,414,NH1456,414,1499060399.0,2.539858378787917,2.7301016
sensitivity,2,drift_0.5,416,NH1458,416,1499060952.0,2.8149711704537497,2.6725845
sensitivity,2,drift_0.5,590,NH1671,590,1499087696.5,2.7723035265154166,2.5063913
sensitivity,2,drift_0.5,591,NH1672,591,1499089211.0,2.7109870606066666,2.6097267
sensitivity,2,drift_0.5,574,NH1628,574,1499093143.0,2.765108738181733,2.7028575
sensitivity,2,drift_0.5,575,NH1629,575,1499093442.0,2.7709344015144453,2.769441
sensitivity,2,drift_0.5,576,NH1630,576,1499093764.0,2.9784578535355566,2.965862
sensitivity,2,drift_0.5,579,NH1633,579,1499095925.0,3.001783654545001,2.7811937
sensitivity,2,drift_0.5,572,NH1626,572,1499095930.5,2.6289725101013888,2.8012683
sensitivity,2,drift_0.5,573,NH1627,573,1499096060.0,2.64773330808,2.7650263
sensitivity,2,top160,447,NH1488,447,1498732022.0,3.213455666666251,3.0005424
sensitivity,2,top160,449,NH1490,449,1498732951.0,3.205263837121666,3.0961554
sensitivity,2,top160,443,NH1484,443,1498733098.0,3.04554245454625,2.8269432
sensitivity,2,top160,442,NH1483,442,1498734414.0,3.305119875,3.0653653
sensitivity,2,top160,438,NH1479,438,1498736997.5,2.7656549090905553,2.698926
sensitivity,2,top160,437,NH1478,437,1498737267.5,2.9087390106059994,2.9890332
sensitivity,2,top160,439,NH1480,439,1498737459.0,2.856577093434167,2.9275928
sensitivity,2,top160,440,NH1481,440,1498737814.0,2.5367798143945834,2.5615234
sensitivity,2,top160,441,NH1482,441,1498738591.0,3.0714249128787503,3.0150657
sensitivity,2,top160,436,NH1477,436,1498739759.0,2.8579737840900004,2.7155828
sensitivity,2,top160,421,NH1464,421,1498741055.0,2.8710665303020826,2.812842
sensitivity,2,top160,422,NH1465,422,1498741322.0,3.1901213409087497,3.055112
sensitivity,2,top160,423,NH1466,423,1498741937.0,2.797970242424584,2.7320209
sensitivity,2,top160,469,NH1510,469,1498825160.0,2.82887276894,2.783366
sensitivity,2,top160,468,NH1509,468,1498825229.0,2.7863670681812502,2.8554792
sensitivity,2,top160,470,NH1511,470,1498826279.0,2.811349795454166,2.8957033
sensitivity,2,top160,471,NH1512,471,1498826374.0,2.5712548257574994,2.7072043
sensitivity,2,top160,472,NH1513,472,1498827126.0,2.8397837083341666,2.7854824
sensitivity,2,top160,467,NH1508,467,1498827363.0,2.7506098939383334,2.8231788
sensitivity,2,top160,507,NH1561,507,1498838962.5,2.9154196856066665,2.7032733
sensitivity,2,top160,508,NH1562,508,1498838990.0,2.9867449545445828,2.6060543
sensitivity,2,top160,509,NH1563,509,1498839097.0,3.209558715909166,2.9453506
sensitivity,2,top160,510,NH1564,510,1498839854.0,3.3299264583341674,2.9828842
sensitivity,2,top160,512,NH1566,512,1498839920.5,2.8937555492425004,2.7321336
sensitivity,2,top160,511,NH1565,511,1498840185.0,3.0193580075754163,2.752498
sensitivity,2,top160,513,NH1567,513,1498841074.0,3.4054379431804156,2.9775314
sensitivity,2,top160,506,NH1560,506,1498841096.0,2.8437803522733334,2.6772916
sensitivity,2,top160,505,NH1559,505,1498841312.0,3.026218575757916,2.7046053
sensitivity,2,top160,525,NH1577,525,1498855582.0,2.7140443080811116,2.6678946
sensitivity,2,top160,526,NH1578,526,1498855650.0,2.928948969696666,2.77901
sensitivity,2,top160,524,NH1576,524,1498855717.0,2.7670094217169448,2.6222253
sensitivity,2,top160,493,NH1547,493,1498882998.0,2.8696522222222227,2.915147
sensitivity,2,top160,494,NH1548,494,1498883032.0,2.752624828283055,2.804563
sensitivity,2,top160,495,NH1549,495,1498883413.0,2.7769003611119447,2.6491
sensitivity,2,top160,482,NH1528,482,1498932471.0,2.695868310606111,2.6505904
sensitivity,2,top160,483,NH1529,483,1498932508.0,2.8512445277777783,2.7680583
sensitivity,2,top160,484,NH1530,484,1498932605.5,3.0451293030302775,2.897189
sensitivity,2,top160,546,NH1599,546,1498942687.5,2.7516804595958333,2.650734
sensitivity,2,top160,545,NH1598,545,1498942743.0,2.583565361110278,2.540266
sensitivity,2,top160,547,NH1600,547,1498942959.5,2.8901921085852775,2.827521
sensitivity,2,top160,542,NH1595,542,1498945670.0,2.847530583332917,2.607128
sensitivity,2,top160,541,NH1594,541,1498945775.0,2.8696292537883332,2.603177
sensitivity,2,top160,543,NH1596,543,1498946970.0,2.9677918446975,2.7296927
sensitivity,2,top160,544,NH1597,544,1498948067.0,3.32966174242375,3.0255883
sensitivity,2,top160,539,NH1592,539,1498948161.5,2.9873053598491666,2.805641
sensitivity,2,top160,540,NH1593,540,1498948271.0,3.007452212120417,2.736658
sensitivity,2,top160,549,NH1602,549,1498948491.0,2.6095519949491663,2.6547256
sensitivity,2,top160,548,NH1601,548,1498948570.0,2.679304651514722,2.877876
sensitivity,2,top160,550,NH1603,550,1498948597.0,2.4643921868686105,2.6010866
sensitivity,2,top160,514,NH1568,514,1498953600.0,2.873743284090417,2.677318
sensitivity,2,top160,515,NH1569,515,1498953600.0,3.258172492424584,2.9524689
sensitivity,2,top160,552,NH1605,552,1498953600.0,2.539839329545001,2.7516186
sensitivity,2,top160,553,NH1606,553,1498953600.0,2.7267650037887496,2.8943176
sensitivity,2,top160,554,NH1607,554,1498953600.0,2.794889651515416,2.7496765
sensitivity,2,top160,555,NH1608,555,1498953600.0,2.7100046969695835,2.745215
sensitivity,2,top160,426,NH1469,426,1498954010.5,3.3536392916670836,3.0363955
sensitivity,2,top160,427,NH1469,426,1498954010.5,3.3536392916670836,3.0640652
sensitivity,2,top160,428,NH1470,428,1498954068.0,2.9344255719695838,2.7016258
sensitivity,2,top160,429,NH1470,428,1498954068.0,2.9344255719695838,2.7362788
sensitivity,2,top160,430,NH1471,430,1498954145.0,2.700038464015417,2.6205943
sensitivity,2,top160,431,NH1472,431,1498954226.0,2.871240454544792,3.0308564
sensitivity,2,top160,432,NH1473,432,1498954563.5,2.8334246988633334,2.7472863
sensitivity,2,top160,433,NH1474,433,1498954901.5,2.944900195834292,2.96089
sensitivity,2,top160,556,NH1609,556,1498961594.5,2.808178026515416,2.9386024
sensitivity,2,top160,551,NH1604,551,1498961718.0,2.894043181817917,2.8281221
sensitivity,2,top160,417,NH1460,417,1498963460.5,2.915021795454443,2.8615015
sensitivity,2,top160,418,NH1461,418,1498963483.0,2.707362411616389,2.777175
sensitivity,2,top160,419,NH1462,419,1498973496.5,2.6863496919191663,2.5412126
sensitivity,2,top160,420,NH1463,420,1498974149.0,2.520522416666666,2.7303152
sensitivity,2,top160,409,NH1450,409,1498975878.0,2.755381289925676,2.690392
sensitivity,2,top160,410,NH1451,410,1498975989.0,3.0433975808080547,2.781681
sensitivity,2,top160,411,NH1452,411,1498976094.5,3.246185393939722,2.90668
sensitivity,2,top160,434,NH1475,434,1498987965.5,2.9112718484852085,2.7749722
sensitivity,2,top160,424,NH1467,424,1498988835.5,2.779368295454374,2.7592402
sensitivity,2,top160,435,NH1476,435,1498988891.0,2.697709937500001,2.6019478
sensitivity,2,top160,425,NH1468,425,1498989163.5,2.851153931818126,2.8048742
sensitivity,2,top160,558,NH1611,558,1499034494.0,2.5755620909088894,2.757723
sensitivity,2,top160,557,NH1610,557,1499034572.0,2.4609179873736116,2.645961
sensitivity,2,top160,559,NH1612,559,1499034745.5,2.621274502524444,2.606682
sensitivity,2,top160,479,NH1520,479,1499040000.0,2.7224765946977083,2.7879345
sensitivity,2,top160,480,NH1521,480,1499040000.0,2.683536670454166,2.8389761
sensitivity,2,top160,481,NH1522,481,1499040000.0,2.93052868939375,2.8589823
sensitivity,2,top160,478,NH1519,478,1499044236.5,2.9073547348479165,2.8663516
sensitivity,2,top160,634,NH1757,634,1499044346.0,2.8736678383836107,2.7586281
sensitivity,2,top160,635,NH1758,635,1499045010.0,2.7538293484841665,2.6708817
sensitivity,2,top160,633,NH1755,633,1499051628.0,2.868438573232777,2.8236706
sensitivity,2,top160,632,NH1754,632,1499051707.0,2.7977523131311104,2.7119913
sensitivity,2,top160,413,NH1455,413,1499060294.0,2.7748878939404165,2.7477045
sensitivity,2,top160,415,NH1457,415,1499060343.5,2.965334935605833,3.0450149
sensitivity,2,top160,412,NH1454,412,1499060373.0,2.8213227462112505,3.0387118
sensitivity,2,top160,414,NH1456,414,1499060399.0,2.539858378787917,2.7625437
sensitivity,2,top160,416,NH1458,416,1499060952.0,2.8149711704537497,2.7563794
sensitivity,2,top160,590,NH1671,590,1499087696.5,2.7723035265154166,2.5707083
sensitivity,2,top160,591,NH1672,591,1499089211.0,2.7109870606066666,2.6356657
sensitivity,2,top160,574,NH1628,574,1499093143.0,2.765108738181733,2.698332
sensitivity,2,top160,575,NH1629,575,1499093442.0,2.7709344015144453,2.728881
sensitivity,2,top160,576,NH1630,576,1499093764.0,2.9784578535355566,3.0058527
sensitivity,2,top160,579,NH1633,579,1499095925.0,3.001783654545001,2.7510784
sensitivity,2,top160,572,NH1626,572,1499095930.5,2.6289725101013888,2.7281647
sensitivity,2,top160,573,NH1627,573,1499096060.0,2.64773330808,2.7395003
sensitivity,2,top640,447,NH1488,447,1498732022.0,3.213455666666251,3.0415373
sensitivity,2,top640,449,NH1490,449,1498732951.0,3.205263837121666,3.125019
sensitivity,2,top640,443,NH1484,443,1498733098.0,3.04554245454625,2.8609157
sensitivity,2,top640,442,NH1483,442,1498734414.0,3.305119875,2.9966793
sensitivity,2,top640,438,NH1479,438,1498736997.5,2.7656549090905553,2.6743836
sensitivity,2,top640,437,NH1478,437,1498737267.5,2.9087390106059994,2.9182868
sensitivity,2,top640,439,NH1480,439,1498737459.0,2.856577093434167,2.8460603
sensitivity,2,top640,440,NH1481,440,1498737814.0,2.5367798143945834,2.5426378
sensitivity,2,top640,441,NH1482,441,1498738591.0,3.0714249128787503,3.0261414
sensitivity,2,top640,436,NH1477,436,1498739759.0,2.8579737840900004,2.7585845
sensitivity,2,top640,421,NH1464,421,1498741055.0,2.8710665303020826,2.778995
sensitivity,2,top640,422,NH1465,422,1498741322.0,3.1901213409087497,3.01115
sensitivity,2,top640,423,NH1466,423,1498741937.0,2.797970242424584,2.689789
sensitivity,2,top640,469,NH1510,469,1498825160.0,2.82887276894,2.7317438
sensitivity,2,top640,468,NH1509,468,1498825229.0,2.7863670681812502,2.8233511
sensitivity,2,top640,470,NH1511,470,1498826279.0,2.811349795454166,2.8846867
sensitivity,2,top640,471,NH1512,471,1498826374.0,2.5712548257574994,2.6716805
sensitivity,2,top640,472,NH1513,472,1498827126.0,2.8397837083341666,2.7834208
sensitivity,2,top640,467,NH1508,467,1498827363.0,2.7506098939383334,2.811428
sensitivity,2,top640,507,NH1561,507,1498838962.5,2.9154196856066665,2.7249873
sensitivity,2,top640,508,NH1562,508,1498838990.0,2.9867449545445828,2.6146483
sensitivity,2,top640,509,NH1563,509,1498839097.0,3.209558715909166,2.917368
sensitivity,2,top640,510,NH1564,510,1498839854.0,3.3299264583341674,3.0631745
sensitivity,2,top640,512,NH1566,512,1498839920.5,2.8937555492425004,2.7390466
sensitivity,2,top640,511,NH1565,511,1498840185.0,3.0193580075754163,2.7430758
sensitivity,2,top640,513,NH1567,513,1498841074.0,3.4054379431804156,3.0102062
sensitivity,2,top640,506,NH1560,506,1498841096.0,2.8437803522733334,2.681109
sensitivity,2,top640,505,NH1559,505,1498841312.0,3.026218575757916,2.7719102
sensitivity,2,top640,525,NH1577,525,1498855582.0,2.7140443080811116,2.736144
sensitivity,2,top640,526,NH1578,526,1498855650.0,2.928948969696666,2.7972908
sensitivity,2,top640,524,NH1576,524,1498855717.0,2.7670094217169448,2.6256852
sensitivity,2,top640,493,NH1547,493,1498882998.0,2.8696522222222227,2.8358397
sensitivity,2,top640,494,NH1548,494,1498883032.0,2.752624828283055,2.7968533
sensitivity,2,top640,495,NH1549,495,1498883413.0,2.7769003611119447,2.623575
sensitivity,2,top640,482,NH1528,482,1498932471.0,2.695868310606111,2.635685
sensitivity,2,top640,483,NH1529,483,1498932508.0,2.8512445277777783,2.769919
sensitivity,2,top640,484,NH1530,484,1498932605.5,3.0451293030302775,2.8823373
sensitivity,2,top640,546,NH1599,546,1498942687.5,2.7516804595958333,2.6706932
sensitivity,2,top640,545,NH1598,545,1498942743.0,2.583565361110278,2.6063998
sensitivity,2,top640,547,NH1600,547,1498942959.5,2.8901921085852775,2.893073
sensitivity,2,top640,542,NH1595,542,1498945670.0,2.847530583332917,2.609019
sensitivity,2,top640,541,NH1594,541,1498945775.0,2.8696292537883332,2.6270175
sensitivity,2,top640,543,NH1596,543,1498946970.0,2.9677918446975,2.7107418
sensitivity,2,top640,544,NH1597,544,1498948067.0,3.32966174242375,3.0450487
sensitivity,2,top640,539,NH1592,539,1498948161.5,2.9873053598491666,2.7923489
sensitivity,2,top640,540,NH1593,540,1498948271.0,3.007452212120417,2.774756
sensitivity,2,top640,549,NH1602,549,1498948491.0,2.6095519949491663,2.649685
sensitivity,2,top640,548,NH1601,548,1498948570.0,2.679304651514722,2.9010353
sensitivity,2,top640,550,NH1603,550,1498948597.0,2.4643921868686105,2.603936
sensitivity,2,top640,514,NH1568,514,1498953600.0,2.873743284090417,2.7187576
sensitivity,2,top640,515,NH1569,515,1498953600.0,3.258172492424584,2.969762
sensitivity,2,top640,552,NH1605,552,1498953600.0,2.539839329545001,2.7722616
sensitivity,2,top640,553,NH1606,553,1498953600.0,2.7267650037887496,2.9186196
sensitivity,2,top640,554,NH1607,554,1498953600.0,2.794889651515416,2.7228286
sensitivity,2,top640,555,NH1608,555,1498953600.0,2.7100046969695835,2.7741497
sensitivity,2,top640,426,NH1469,426,1498954010.5,3.3536392916670836,3.026855
sensitivity,2,top640,427,NH1469,426,1498954010.5,3.3536392916670836,3.0388768
sensitivity,2,top640,428,NH1470,428,1498954068.0,2.9344255719695838,2.8257682
sensitivity,2,top640,429,NH1470,428,1498954068.0,2.9344255719695838,2.8263853
sensitivity,2,top640,430,NH1471,430,1498954145.0,2.700038464015417,2.5547628
sensitivity,2,top640,431,NH1472,431,1498954226.0,2.871240454544792,3.0473032
sensitivity,2,top640,432,NH1473,432,1498954563.5,2.8334246988633334,2.7140512
sensitivity,2,top640,433,NH1474,433,1498954901.5,2.944900195834292,2.9442904
sensitivity,2,top640,556,NH1609,556,1498961594.5,2.808178026515416,2.9260104
sensitivity,2,top640,551,NH1604,551,1498961718.0,2.894043181817917,2.8062613
sensitivity,2,top640,417,NH1460,417,1498963460.5,2.915021795454443,2.7783377
sensitivity,2,top640,418,NH1461,418,1498963483.0,2.707362411616389,2.8065884
sensitivity,2,top640,419,NH1462,419,1498973496.5,2.6863496919191663,2.5403345
sensitivity,2,top640,420,NH1463,420,1498974149.0,2.520522416666666,2.7669249
sensitivity,2,top640,409,NH1450,409,1498975878.0,2.755381289925676,2.6849468
sensitivity,2,top640,410,NH1451,410,1498975989.0,3.0433975808080547,2.7768285
sensitivity,2,top640,411,NH1452,411,1498976094.5,3.246185393939722,2.953008
sensitivity,2,top640,434,NH1475,434,1498987965.5,2.9112718484852085,2.722089
sensitivity,2,top640,424,NH1467,424,1498988835.5,2.779368295454374,2.6645265
sensitivity,2,top640,435,NH1476,435,1498988891.0,2.697709937500001,2.669551
sensitivity,2,top640,425,NH1468,425,1498989163.5,2.851153931818126,2.8521469
sensitivity,2,top640,558,NH1611,558,1499034494.0,2.5755620909088894,2.8108814
sensitivity,2,top640,557,NH1610,557,1499034572.0,2.4609179873736116,2.637984
sensitivity,2,top640,559,NH1612,559,1499034745.5,2.621274502524444,2.6172419
sensitivity,2,top640,479,NH1520,479,1499040000.0,2.7224765946977083,2.7663567
sensitivity,2,top640,480,NH1521,480,1499040000.0,2.683536670454166,2.8360243
sensitivity,2,top640,481,NH1522,481,1499040000.0,2.93052868939375,2.8227973
sensitivity,2,top640,478,NH1519,478,1499044236.5,2.9073547348479165,2.8242714
sensitivity,2,top640,634,NH1757,634,1499044346.0,2.8736678383836107,2.716891
sensitivity,2,top640,635,NH1758,635,1499045010.0,2.7538293484841665,2.702133
sensitivity,2,top640,633,NH1755,633,1499051628.0,2.868438573232777,2.8636668
sensitivity,2,top640,632,NH1754,632,1499051707.0,2.7977523131311104,2.7130594
sensitivity,2,top640,413,NH1455,413,1499060294.0,2.7748878939404165,2.7255583
sensitivity,2,top640,415,NH1457,415,1499060343.5,2.965334935605833,2.988106
sensitivity,2,top640,412,NH1454,412,1499060373.0,2.8213227462112505,3.0080874
sensitivity,2,top640,414,NH1456,414,1499060399.0,2.539858378787917,2.74433
sensitivity,2,top640,416,NH1458,416,1499060952.0,2.8149711704537497,2.6921644
sensitivity,2,top640,590,NH1671,590,1499087696.5,2.7723035265154166,2.5421557
sensitivity,2,top640,591,NH1672,591,1499089211.0,2.7109870606066666,2.6368499
sensitivity,2,top640,574,NH1628,574,1499093143.0,2.765108738181733,2.6527936
sensitivity,2,top640,575,NH1629,575,1499093442.0,2.7709344015144453,2.7132816
sensitivity,2,top640,576,NH1630,576,1499093764.0,2.9784578535355566,2.9570246
sensitivity,2,top640,579,NH1633,579,1499095925.0,3.001783654545001,2.7357228
sensitivity,2,top640,572,NH1626,572,1499095930.5,2.6289725101013888,2.73096
sensitivity,2,top640,573,NH1627,573,1499096060.0,2.64773330808,2.7167222
sensitivity,2,mask0,447,NH1488,447,1498732022.0,3.213455666666251,3.0232987
sensitivity,2,mask0,449,NH1490,449,1498732951.0,3.205263837121666,3.0719469
sensitivity,2,mask0,443,NH1484,443,1498733098.0,3.04554245454625,2.889839
sensitivity,2,mask0,442,NH1483,442,1498734414.0,3.305119875,3.0450914
sensitivity,2,mask0,438,NH1479,438,1498736997.5,2.7656549090905553,2.6641417
sensitivity,2,mask0,437,NH1478,437,1498737267.5,2.9087390106059994,2.9307756
sensitivity,2,mask0,439,NH1480,439,1498737459.0,2.856577093434167,2.8580287
sensitivity,2,mask0,440,NH1481,440,1498737814.0,2.5367798143945834,2.5083346
sensitivity,2,mask0,441,NH1482,441,1498738591.0,3.0714249128787503,3.0341868
sensitivity,2,mask0,436,NH1477,436,1498739759.0,2.8579737840900004,2.7092028
sensitivity,2,mask0,421,NH1464,421,1498741055.0,2.8710665303020826,2.827785
sensitivity,2,mask0,422,NH1465,422,1498741322.0,3.1901213409087497,3.080298
sensitivity,2,mask0,423,NH1466,423,1498741937.0,2.797970242424584,2.7199492
sensitivity,2,mask0,469,NH1510,469,1498825160.0,2.82887276894,2.7742293
sensitivity,2,mask0,468,NH1509,468,1498825229.0,2.7863670681812502,2.813472
sensitivity,2,mask0,470,NH1511,470,1498826279.0,2.811349795454166,2.9123635
sensitivity,2,mask0,471,NH1512,471,1498826374.0,2.5712548257574994,2.6771743
sensitivity,2,mask0,472,NH1513,472,1498827126.0,2.8397837083341666,2.8156323
sensitivity,2,mask0,467,NH1508,467,1498827363.0,2.7506098939383334,2.7814229
sensitivity,2,mask0,507,NH1561,507,1498838962.5,2.9154196856066665,2.7331038
sensitivity,2,mask0,508,NH1562,508,1498838990.0,2.9867449545445828,2.5995142
sensitivity,2,mask0,509,NH1563,509,1498839097.0,3.209558715909166,2.8976247
sensitivity,2,mask0,510,NH1564,510,1498839854.0,3.3299264583341674,2.9740663
sensitivity,2,mask0,512,NH1566,512,1498839920.5,2.8937555492425004,2.702437
sensitivity,2,mask0,511,NH1565,511,1498840185.0,3.0193580075754163,2.7468023
sensitivity,2,mask0,513,NH1567,513,1498841074.0,3.4054379431804156,2.934142
sensitivity,2,mask0,506,NH1560,506,1498841096.0,2.8437803522733334,2.6566787
sensitivity,2,mask0,505,NH1559,505,1498841312.0,3.026218575757916,2.7319202
sensitivity,2,mask0,525,NH1577,525,1498855582.0,2.7140443080811116,2.6491156
sensitivity,2,mask0,526,NH1578,526,1498855650.0,2.928948969696666,2.775448
sensitivity,2,mask0,524,NH1576,524,1498855717.0,2.7670094217169448,2.6017296
sensitivity,2,mask0,493,NH1547,493,1498882998.0,2.8696522222222227,2.8717446
sensitivity,2,mask0,494,NH1548,494,1498883032.0,2.752624828283055,2.814332
sensitivity,2,mask0,495,NH1549,495,1498883413.0,2.7769003611119447,2.6334078
sensitivity,2,mask0,482,NH1528,482,1498932471.0,2.695868310606111,2.6027908
sensitivity,2,mask0,483,NH1529,483,1498932508.0,2.8512445277777783,2.7896838
sensitivity,2,mask0,484,NH1530,484,1498932605.5,3.0451293030302775,2.8179717
sensitivity,2,mask0,546,NH1599,546,1498942687.5,2.7516804595958333,2.6477041
sensitivity,2,mask0,545,NH1598,545,1498942743.0,2.583565361110278,2.5753675
sensitivity,2,mask0,547,NH1600,547,1498942959.5,2.8901921085852775,2.817481
sensitivity,2,mask0,542,NH1595,542,1498945670.0,2.847530583332917,2.623761
sensitivity,2,mask0,541,NH1594,541,1498945775.0,2.8696292537883332,2.6547866
sensitivity,2,mask0,543,NH1596,543,1498946970.0,2.9677918446975,2.727213
sensitivity,2,mask0,544,NH1597,544,1498948067.0,3.32966174242375,3.0489817
sensitivity,2,mask0,539,NH1592,539,1498948161.5,2.9873053598491666,2.8279054
sensitivity,2,mask0,540,NH1593,540,1498948271.0,3.007452212120417,2.7521584
sensitivity,2,mask0,549,NH1602,549,1498948491.0,2.6095519949491663,2.61593
sensitivity,2,mask0,548,NH1601,548,1498948570.0,2.679304651514722,2.8777747
sensitivity,2,mask0,550,NH1603,550,1498948597.0,2.4643921868686105,2.5779853
sensitivity,2,mask0,514,NH1568,514,1498953600.0,2.873743284090417,2.7103348
sensitivity,2,mask0,515,NH1569,515,1498953600.0,3.258172492424584,2.9484155
sensitivity,2,mask0,552,NH1605,552,1498953600.0,2.539839329545001,2.7497342
sensitivity,2,mask0,553,NH1606,553,1498953600.0,2.7267650037887496,2.8904238
sensitivity,2,mask0,554,NH1607,554,1498953600.0,2.794889651515416,2.703392
sensitivity,2,mask0,555,NH1608,555,1498953600.0,2.7100046969695835,2.7307315
sensitivity,2,mask0,426,NH1469,426,1498954010.5,3.3536392916670836,2.997163
sensitivity,2,mask0,427,NH1469,426,1498954010.5,3.3536392916670836,3.0014372
sensitivity,2,mask0,428,NH1470,428,1498954068.0,2.9344255719695838,2.7596016
sensitivity,2,mask0,429,NH1470,428,1498954068.0,2.9344255719695838,2.769751
sensitivity,2,mask0,430,NH1471,430,1498954145.0,2.700038464015417,2.5840008
sensitivity,2,mask0,431,NH1472,431,1498954226.0,2.871240454544792,3.0455787
sensitivity,2,mask0,432,NH1473,432,1498954563.5,2.8334246988633334,2.7183828
sensitivity,2,mask0,433,NH1474,433,1498954901.5,2.944900195834292,2.9324493
sensitivity,2,mask0,556,NH1609,556,1498961594.5,2.808178026515416,2.9524438
sensitivity,2,mask0,551,NH1604,551,1498961718.0,2.894043181817917,2.8228483
sensitivity,2,mask0,417,NH1460,417,1498963460.5,2.915021795454443,2.8047853
sensitivity,2,mask0,418,NH1461,418,1498963483.0,2.707362411616389,2.8010297
sensitivity,2,mask0,419,NH1462,419,1498973496.5,2.6863496919191663,2.5127513
sensitivity,2,mask0,420,NH1463,420,1498974149.0,2.520522416666666,2.7089908
sensitivity,2,mask0,409,NH1450,409,1498975878.0,2.755381289925676,2.7162528
sensitivity,2,mask0,410,NH1451,410,1498975989.0,3.0433975808080547,2.7703195
sensitivity,2,mask0,411,NH1452,411,1498976094.5,3.246185393939722,2.9344404
sensitivity,2,mask0,434,NH1475,434,1498987965.5,2.9112718484852085,2.7120268
sensitivity,2,mask0,424,NH1467,424,1498988835.5,2.779368295454374,2.679383
sensitivity,2,mask0,435,NH1476,435,1498988891.0,2.697709937500001,2.6310265
sensitivity,2,mask0,425,NH1468,425,1498989163.5,2.851153931818126,2.835024
sensitivity,2,mask0,558,NH1611,558,1499034494.0,2.5755620909088894,2.8044858
sensitivity,2,mask0,557,NH1610,557,1499034572.0,2.4609179873736116,2.646987
sensitivity,2,mask0,559,NH1612,559,1499034745.5,2.621274502524444,2.6240985
sensitivity,2,mask0,479,NH1520,479,1499040000.0,2.7224765946977083,2.735134
sensitivity,2,mask0,480,NH1521,480,1499040000.0,2.683536670454166,2.7935355
sensitivity,2,mask0,481,NH1522,481,1499040000.0,2.93052868939375,2.8148088
sensitivity,2,mask0,478,NH1519,478,1499044236.5,2.9073547348479165,2.7748926
sensitivity,2,mask0,634,NH1757,634,1499044346.0,2.8736678383836107,2.7599163
sensitivity,2,mask0,635,NH1758,635,1499045010.0,2.7538293484841665,2.7262046
sensitivity,2,mask0,633,NH1755,633,1499051628.0,2.868438573232777,2.8656125
sensitivity,2,mask0,632,NH1754,632,1499051707.0,2.7977523131311104,2.7527983
sensitivity,2,mask0,413,NH1455,413,1499060294.0,2.7748878939404165,2.6754823
sensitivity,2,mask0,415,NH1457,415,1499060343.5,2.965334935605833,2.9764116
sensitivity,2,mask0,412,NH1454,412,1499060373.0,2.8213227462112505,2.9845264
sensitivity,2,mask0,414,NH1456,414,1499060399.0,2.539858378787917,2.7085366
sensitivity,2,mask0,416,NH1458,416,1499060952.0,2.8149711704537497,2.6560266
sensitivity,2,mask0,590,NH1671,590,1499087696.5,2.7723035265154166,2.558268
sensitivity,2,mask0,591,NH1672,591,1499089211.0,2.7109870606066666,2.6353724
sensitivity,2,mask0,574,NH1628,574,1499093143.0,2.765108738181733,2.6969318
sensitivity,2,mask0,575,NH1629,575,1499093442.0,2.7709344015144453,2.7514687
sensitivity,2,mask0,576,NH1630,576,1499093764.0,2.9784578535355566,2.969814
sensitivity,2,mask0,579,NH1633,579,1499095925.0,3.001783654545001,2.7709677
sensitivity,2,mask0,572,NH1626,572,1499095930.5,2.6289725101013888,2.732508
sensitivity,2,mask0,573,NH1627,573,1499096060.0,2.64773330808,2.7474287
sensitivity,2,mask0.02,447,NH1488,447,1498732022.0,3.213455666666251,3.031213
sensitivity,2,mask0.02,449,NH1490,449,1498732951.0,3.205263837121666,3.119138
sensitivity,2,mask0.02,443,NH1484,443,1498733098.0,3.04554245454625,2.875808
sensitivity,2,mask0.02,442,NH1483,442,1498734414.0,3.305119875,3.0455315
sensitivity,2,mask0.02,438,NH1479,438,1498736997.5,2.7656549090905553,2.667757
sensitivity,2,mask0.02,437,NH1478,437,1498737267.5,2.9087390106059994,2.9298432
sensitivity,2,mask0.02,439,NH1480,439,1498737459.0,2.856577093434167,2.9177759
sensitivity,2,mask0.02,440,NH1481,440,1498737814.0,2.5367798143945834,2.504227
sensitivity,2,mask0.02,441,NH1482,441,1498738591.0,3.0714249128787503,3.0378268
sensitivity,2,mask0.02,436,NH1477,436,1498739759.0,2.8579737840900004,2.7038152
sensitivity,2,mask0.02,421,NH1464,421,1498741055.0,2.8710665303020826,2.8115482
sensitivity,2,mask0.02,422,NH1465,422,1498741322.0,3.1901213409087497,3.072836
sensitivity,2,mask0.02,423,NH1466,423,1498741937.0,2.797970242424584,2.7321098
sensitivity,2,mask0.02,469,NH1510,469,1498825160.0,2.82887276894,2.793343
sensitivity,2,mask0.02,468,NH1509,468,1498825229.0,2.7863670681812502,2.8837786
sensitivity,2,mask0.02,470,NH1511,470,1498826279.0,2.811349795454166,2.9009254
sensitivity,2,mask0.02,471,NH1512,471,1498826374.0,2.5712548257574994,2.6802588
sensitivity,2,mask0.02,472,NH1513,472,1498827126.0,2.8397837083341666,2.7850268
sensitivity,2,mask0.02,467,NH1508,467,1498827363.0,2.7506098939383334,2.826018
sensitivity,2,mask0.02,507,NH1561,507,1498838962.5,2.9154196856066665,2.6918285
sensitivity,2,mask0.02,508,NH1562,508,1498838990.0,2.9867449545445828,2.5897546
sensitivity,2,mask0.02,509,NH1563,509,1498839097.0,3.209558715909166,2.9170275
sensitivity,2,mask0.02,510,NH1564,510,1498839854.0,3.3299264583341674,3.00245
sensitivity,2,mask0.02,512,NH1566,512,1498839920.5,2.8937555492425004,2.6985414
sensitivity,2,mask0.02,511,NH1565,511,1498840185.0,3.0193580075754163,2.7096045
sensitivity,2,mask0.02,513,NH1567,513,1498841074.0,3.4054379431804156,2.9306984
sensitivity,2,mask0.02,506,NH1560,506,1498841096.0,2.8437803522733334,2.657211
sensitivity,2,mask0.02,505,NH1559,505,1498841312.0,3.026218575757916,2.6968203
sensitivity,2,mask0.02,525,NH1577,525,1498855582.0,2.7140443080811116,2.688935
sensitivity,2,mask0.02,526,NH1578,526,1498855650.0,2.928948969696666,2.7704275
sensitivity,2,mask0.02,524,NH1576,524,1498855717.0,2.7670094217169448,2.5726602
sensitivity,2,mask0.02,493,NH1547,493,1498882998.0,2.8696522222222227,2.8706036
sensitivity,2,mask0.02,494,NH1548,494,1498883032.0,2.752624828283055,2.8066955
sensitivity,2,mask0.02,495,NH1549,495,1498883413.0,2.7769003611119447,2.6082842
sensitivity,2,mask0.02,482,NH1528,482,1498932471.0,2.695868310606111,2.6150386
sensitivity,2,mask0.02,483,NH1529,483,1498932508.0,2.8512445277777783,2.7853384
sensitivity,2,mask0.02,484,NH1530,484,1498932605.5,3.0451293030302775,2.8517745
sensitivity,2,mask0.02,546,NH1599,546,1498942687.5,2.7516804595958333,2.6480825
sensitivity,2,mask0.02,545,NH1598,545,1498942743.0,2.583565361110278,2.563865
sensitivity,2,mask0.02,547,NH1600,547,1498942959.5,2.8901921085852775,2.8260958
sensitivity,2,mask0.02,542,NH1595,542,1498945670.0,2.847530583332917,2.6408951
sensitivity,2,mask0.02,541,NH1594,541,1498945775.0,2.8696292537883332,2.636252
sensitivity,2,mask0.02,543,NH1596,543,1498946970.0,2.9677918446975,2.714636
sensitivity,2,mask0.02,544,NH1597,544,1498948067.0,3.32966174242375,3.0600016
sensitivity,2,mask0.02,539,NH1592,539,1498948161.5,2.9873053598491666,2.8090966
sensitivity,2,mask0.02,540,NH1593,540,1498948271.0,3.007452212120417,2.7669332
sensitivity,2,mask0.02,549,NH1602,549,1498948491.0,2.6095519949491663,2.6240432
sensitivity,2,mask0.02,548,NH1601,548,1498948570.0,2.679304651514722,2.8755968
sensitivity,2,mask0.02,550,NH1603,550,1498948597.0,2.4643921868686105,2.5667372
sensitivity,2,mask0.02,514,NH1568,514,1498953600.0,2.873743284090417,2.7193995
sensitivity,2,mask0.02,515,NH1569,515,1498953600.0,3.258172492424584,2.9132843
sensitivity,2,mask0.02,552,NH1605,552,1498953600.0,2.539839329545001,2.7877452
sensitivity,2,mask0.02,553,NH1606,553,1498953600.0,2.7267650037887496,2.91824
sensitivity,2,mask0.02,554,NH1607,554,1498953600.0,2.794889651515416,2.6770866
sensitivity,2,mask0.02,555,NH1608,555,1498953600.0,2.7100046969695835,2.7432556
sensitivity,2,mask0.02,426,NH1469,426,1498954010.5,3.3536392916670836,3.0230017
sensitivity,2,mask0.02,427,NH1469,426,1498954010.5,3.3536392916670836,3.0336218
sensitivity,2,mask0.02,428,NH1470,428,1498954068.0,2.9344255719695838,2.7712579
sensitivity,2,mask0.02,429,NH1470,428,1498954068.0,2.9344255719695838,2.7834365
sensitivity,2,mask0.02,430,NH1471,430,1498954145.0,2.700038464015417,2.5700572
sensitivity,2,mask0.02,431,NH1472,431,1498954226.0,2.871240454544792,3.0664368
sensitivity,2,mask0.02,432,NH1473,432,1498954563.5,2.8334246988633334,2.709275
sensitivity,2,mask0.02,433,NH1474,433,1498954901.5,2.944900195834292,2.943487
sensitivity,2,mask0.02,556,NH1609,556,1498961594.5,2.808178026515416,2.989125
sensitivity,2,mask0.02,551,NH1604,551,1498961718.0,2.894043181817917,2.8041728
sensitivity,2,mask0.02,417,NH1460,417,1498963460.5,2.915021795454443,2.814787
sensitivity,2,mask0.02,418,NH1461,418,1498963483.0,2.707362411616389,2.7963557
sensitivity,2,mask0.02,419,NH1462,419,1498973496.5,2.6863496919191663,2.5392468
sensitivity,2,mask0.02,420,NH1463,420,1498974149.0,2.520522416666666,2.7172377
sensitivity,2,mask0.02,409,NH1450,409,1498975878.0,2.755381289925676,2.6778212
sensitivity,2,mask0.02,410,NH1451,410,1498975989.0,3.0433975808080547,2.8043
sensitivity,2,mask0.02,411,NH1452,411,1498976094.5,3.246185393939722,2.937258
sensitivity,2,mask0.02,434,NH1475,434,1498987965.5,2.9112718484852085,2.6858823
sensitivity,2,mask0.02,424,NH1467,424,1498988835.5,2.779368295454374,2.6586459
sensitivity,2,mask0.02,435,NH1476,435,1498988891.0,2.697709937500001,2.5808365
sensitivity,2,mask0.02,425,NH1468,425,1498989163.5,2.851153931818126,2.792492
sensitivity,2,mask0.02,558,NH1611,558,1499034494.0,2.5755620909088894,2.8162189
sensitivity,2,mask0.02,557,NH1610,557,1499034572.0,2.4609179873736116,2.6664493
sensitivity,2,mask0.02,559,NH1612,559,1499034745.5,2.621274502524444,2.6016877
sensitivity,2,mask0.02,479,NH1520,479,1499040000.0,2.7224765946977083,2.7165508
sensitivity,2,mask0.02,480,NH1521,480,1499040000.0,2.683536670454166,2.7683682
sensitivity,2,mask0.02,481,NH1522,481,1499040000.0,2.93052868939375,2.8242218
sensitivity,2,mask0.02,478,NH1519,478,1499044236.5,2.9073547348479165,2.7942352
sensitivity,2,mask0.02,634,NH1757,634,1499044346.0,2.8736678383836107,2.7184489
sensitivity,2,mask0.02,635,NH1758,635,1499045010.0,2.7538293484841665,2.6685286
sensitivity,2,mask0.02,633,NH1755,633,1499051628.0,2.868438573232777,2.8434672
sensitivity,2,mask0.02,632,NH1754,632,1499051707.0,2.7977523131311104,2.7047815
sensitivity,2,mask0.02,413,NH1455,413,1499060294.0,2.7748878939404165,2.6636426
sensitivity,2,mask0.02,415,NH1457,415,1499060343.5,2.965334935605833,2.9771836
sensitivity,2,mask0.02,412,NH1454,412,1499060373.0,2.8213227462112505,2.9735997
sensitivity,2,mask0.02,414,NH1456,414,1499060399.0,2.539858378787917,2.6941957
sensitivity,2,mask0.02,416,NH1458,416,1499060952.0,2.8149711704537497,2.6798265
sensitivity,2,mask0.02,590,NH1671,590,1499087696.5,2.7723035265154166,2.5185192
sensitivity,2,mask0.02,591,NH1672,591,1499089211.0,2.7109870606066666,2.5947526
sensitivity,2,mask0.02,574,NH1628,574,1499093143.0,2.765108738181733,2.670256
sensitivity,2,mask0.02,575,NH1629,575,1499093442.0,2.7709344015144453,2.738207
sensitivity,2,mask0.02,576,NH1630,576,1499093764.0,2.9784578535355566,2.9817135
sensitivity,2,mask0.02,579,NH1633,579,1499095925.0,3.001783654545001,2.7205677
sensitivity,2,mask0.02,572,NH1626,572,1499095930.5,2.6289725101013888,2.7485342
sensitivity,2,mask0.02,573,NH1627,573,1499096060.0,2.64773330808,2.7602532
sensitivity,2,rounds600,447,NH1488,447,1498732022.0,3.213455666666251,3.0126286
sensitivity,2,rounds600,449,NH1490,449,1498732951.0,3.205263837121666,3.0932
sensitivity,2,rounds600,443,NH1484,443,1498733098.0,3.04554245454625,2.8548782
sensitivity,2,rounds600,442,NH1483,442,1498734414.0,3.305119875,3.0312102
sensitivity,2,rounds600,438,NH1479,438,1498736997.5,2.7656549090905553,2.6409066
sensitivity,2,rounds600,437,NH1478,437,1498737267.5,2.9087390106059994,2.9373796
sensitivity,2,rounds600,439,NH1480,439,1498737459.0,2.856577093434167,2.8966863
sensitivity,2,rounds600,440,NH1481,440,1498737814.0,2.5367798143945834,2.5096784
sensitivity,2,rounds600,441,NH1482,441,1498738591.0,3.0714249128787503,3.0098722
sensitivity,2,rounds600,436,NH1477,436,1498739759.0,2.8579737840900004,2.6735082
sensitivity,2,rounds600,421,NH1464,421,1498741055.0,2.8710665303020826,2.7829978
sensitivity,2,rounds600,422,NH1465,422,1498741322.0,3.1901213409087497,3.028291
sensitivity,2,rounds600,423,NH1466,423,1498741937.0,2.797970242424584,2.6983259
sensitivity,2,rounds600,469,NH1510,469,1498825160.0,2.82887276894,2.7864258
sensitivity,2,rounds600,468,NH1509,468,1498825229.0,2.7863670681812502,2.8721485
sensitivity,2,rounds600,470,NH1511,470,1498826279.0,2.811349795454166,2.8715389
sensitivity,2,rounds600,471,NH1512,471,1498826374.0,2.5712548257574994,2.6693556
sensitivity,2,rounds600,472,NH1513,472,1498827126.0,2.8397837083341666,2.8033524
sensitivity,2,rounds600,467,NH1508,467,1498827363.0,2.7506098939383334,2.837348
sensitivity,2,rounds600,507,NH1561,507,1498838962.5,2.9154196856066665,2.7113967
sensitivity,2,rounds600,508,NH1562,508,1498838990.0,2.9867449545445828,2.5875623
sensitivity,2,rounds600,509,NH1563,509,1498839097.0,3.209558715909166,2.9075003
sensitivity,2,rounds600,510,NH1564,510,1498839854.0,3.3299264583341674,2.9639137
sensitivity,2,rounds600,512,NH1566,512,1498839920.5,2.8937555492425004,2.6958637
sensitivity,2,rounds600,511,NH1565,511,1498840185.0,3.0193580075754163,2.743935
sensitivity,2,rounds600,513,NH1567,513,1498841074.0,3.4054379431804156,2.9339097
sensitivity,2,rounds600,506,NH1560,506,1498841096.0,2.8437803522733334,2.6531117
sensitivity,2,rounds600,505,NH1559,505,1498841312.0,3.026218575757916,2.7187169
sensitivity,2,rounds600,525,NH1577,525,1498855582.0,2.7140443080811116,2.6331856
sensitivity,2,rounds600,526,NH1578,526,1498855650.0,2.928948969696666,2.8005402
sensitivity,2,rounds600,524,NH1576,524,1498855717.0,2.7670094217169448,2.5929747
sensitivity,2,rounds600,493,NH1547,493,1498882998.0,2.8696522222222227,2.8781257
sensitivity,2,rounds600,494,NH1548,494,1498883032.0,2.752624828283055,2.8362994
sensitivity,2,rounds600,495,NH1549,495,1498883413.0,2.7769003611119447,2.5975287
sensitivity,2,rounds600,482,NH1528,482,1498932471.0,2.695868310606111,2.5932739
sensitivity,2,rounds600,483,NH1529,483,1498932508.0,2.8512445277777783,2.7654939
sensitivity,2,rounds600,484,NH1530,484,1498932605.5,3.0451293030302775,2.829646
sensitivity,2,rounds600,546,NH1599,546,1498942687.5,2.7516804595958333,2.6583004
sensitivity,2,rounds600,545,NH1598,545,1498942743.0,2.583565361110278,2.5793555
sensitivity,2,rounds600,547,NH1600,547,1498942959.5,2.8901921085852775,2.8473256
sensitivity,2,rounds600,542,NH1595,542,1498945670.0,2.847530583332917,2.6407676
sensitivity,2,rounds600,541,NH1594,541,1498945775.0,2.8696292537883332,2.6527758
sensitivity,2,rounds600,543,NH1596,543,1498946970.0,2.9677918446975,2.7203438
sensitivity,2,rounds600,544,NH1597,544,1498948067.0,3.32966174242375,3.0634496
sensitivity,2,rounds600,539,NH1592,539,1498948161.5,2.9873053598491666,2.8189757
sensitivity,2,rounds600,540,NH1593,540,1498948271.0,3.007452212120417,2.7526188
sensitivity,2,rounds600,549,NH1602,549,1498948491.0,2.6095519949491663,2.6313856
sensitivity,2,rounds600,548,NH1601,548,1498948570.0,2.679304651514722,2.8835032
sensitivity,2,rounds600,550,NH1603,550,1498948597.0,2.4643921868686105,2.5970578
sensitivity,2,rounds600,514,NH1568,514,1498953600.0,2.873743284090417,2.7174652
sensitivity,2,rounds600,515,NH1569,515,1498953600.0,3.258172492424584,2.9481518
sensitivity,2,rounds600,552,NH1605,552,1498953600.0,2.539839329545001,2.7706306
sensitivity,2,rounds600,553,NH1606,553,1498953600.0,2.7267650037887496,2.902504
sensitivity,2,rounds600,554,NH1607,554,1498953600.0,2.794889651515416,2.711009
sensitivity,2,rounds600,555,NH1608,555,1498953600.0,2.7100046969695835,2.7169094
sensitivity,2,rounds600,426,NH1469,426,1498954010.5,3.3536392916670836,2.9727895
sensitivity,2,rounds600,427,NH1469,426,1498954010.5,3.3536392916670836,2.9771528
sensitivity,2,rounds600,428,NH1470,428,1498954068.0,2.9344255719695838,2.7401369
sensitivity,2,rounds600,429,NH1470,428,1498954068.0,2.9344255719695838,2.7483573
sensitivity,2,rounds600,430,NH1471,430,1498954145.0,2.700038464015417,2.5590773
sensitivity,2,rounds600,431,NH1472,431,1498954226.0,2.871240454544792,3.0454478
sensitivity,2,rounds600,432,NH1473,432,1498954563.5,2.8334246988633334,2.7103672
sensitivity,2,rounds600,433,NH1474,433,1498954901.5,2.944900195834292,2.9298842
sensitivity,2,rounds600,556,NH1609,556,1498961594.5,2.808178026515416,2.949957
sensitivity,2,rounds600,551,NH1604,551,1498961718.0,2.894043181817917,2.7942984
sensitivity,2,rounds600,417,NH1460,417,1498963460.5,2.915021795454443,2.771564
sensitivity,2,rounds600,418,NH1461,418,1498963483.0,2.707362411616389,2.810399
sensitivity,2,rounds600,419,NH1462,419,1498973496.5,2.6863496919191663,2.520214
sensitivity,2,rounds600,420,NH1463,420,1498974149.0,2.520522416666666,2.6973965
sensitivity,2,rounds600,409,NH1450,409,1498975878.0,2.755381289925676,2.68079
sensitivity,2,rounds600,410,NH1451,410,1498975989.0,3.0433975808080547,2.801687
sensitivity,2,rounds600,411,NH1452,411,1498976094.5,3.246185393939722,2.9265008
sensitivity,2,rounds600,434,NH1475,434,1498987965.5,2.9112718484852085,2.6921103
sensitivity,2,rounds600,424,NH1467,424,1498988835.5,2.779368295454374,2.6652458
sensitivity,2,rounds600,435,NH1476,435,1498988891.0,2.697709937500001,2.609478
sensitivity,2,rounds600,425,NH1468,425,1498989163.5,2.851153931818126,2.8228824
sensitivity,2,rounds600,558,NH1611,558,1499034494.0,2.5755620909088894,2.7749486
sensitivity,2,rounds600,557,NH1610,557,1499034572.0,2.4609179873736116,2.6166692
sensitivity,2,rounds600,559,NH1612,559,1499034745.5,2.621274502524444,2.586584
sensitivity,2,rounds600,479,NH1520,479,1499040000.0,2.7224765946977083,2.7172523
sensitivity,2,rounds600,480,NH1521,480,1499040000.0,2.683536670454166,2.7598977
sensitivity,2,rounds600,481,NH1522,481,1499040000.0,2.93052868939375,2.7894232
sensitivity,2,rounds600,478,NH1519,478,1499044236.5,2.9073547348479165,2.7748957
sensitivity,2,rounds600,634,NH1757,634,1499044346.0,2.8736678383836107,2.74076
sensitivity,2,rounds600,635,NH1758,635,1499045010.0,2.7538293484841665,2.6789618
sensitivity,2,rounds600,633,NH1755,633,1499051628.0,2.868438573232777,2.838166
sensitivity,2,rounds600,632,NH1754,632,1499051707.0,2.7977523131311104,2.7123764
sensitivity,2,rounds600,413,NH1455,413,1499060294.0,2.7748878939404165,2.642224
sensitivity,2,rounds600,415,NH1457,415,1499060343.5,2.965334935605833,2.9689205
sensitivity,2,rounds600,412,NH1454,412,1499060373.0,2.8213227462112505,2.9794269
sensitivity,2,rounds600,414,NH1456,414,1499060399.0,2.539858378787917,2.6941953
sensitivity,2,rounds600,416,NH1458,416,1499060952.0,2.8149711704537497,2.657876
sensitivity,2,rounds600,590,NH1671,590,1499087696.5,2.7723035265154166,2.5397696
sensitivity,2,rounds600,591,NH1672,591,1499089211.0,2.7109870606066666,2.6380966
sensitivity,2,rounds600,574,NH1628,574,1499093143.0,2.765108738181733,2.6334567
sensitivity,2,rounds600,575,NH1629,575,1499093442.0,2.7709344015144453,2.6905406
sensitivity,2,rounds600,576,NH1630,576,1499093764.0,2.9784578535355566,2.9341362
sensitivity,2,rounds600,579,NH1633,579,1499095925.0,3.001783654545001,2.7309172
sensitivity,2,rounds600,572,NH1626,572,1499095930.5,2.6289725101013888,2.7058718
sensitivity,2,rounds600,573,NH1627,573,1499096060.0,2.64773330808,2.7025278
sensitivity,2,lr0.025,447,NH1488,447,1498732022.0,3.213455666666251,3.0254104
sensitivity,2,lr0.025,449,NH1490,449,1498732951.0,3.205263837121666,3.1230752
sensitivity,2,lr0.025,443,NH1484,443,1498733098.0,3.04554245454625,2.8550045
sensitivity,2,lr0.025,442,NH1483,442,1498734414.0,3.305119875,3.0281806
sensitivity,2,lr0.025,438,NH1479,438,1498736997.5,2.7656549090905553,2.678669
sensitivity,2,lr0.025,437,NH1478,437,1498737267.5,2.9087390106059994,2.939908
sensitivity,2,lr0.025,439,NH1480,439,1498737459.0,2.856577093434167,2.8692136
sensitivity,2,lr0.025,440,NH1481,440,1498737814.0,2.5367798143945834,2.5147536
sensitivity,2,lr0.025,441,NH1482,441,1498738591.0,3.0714249128787503,3.0095499
sensitivity,2,lr0.025,436,NH1477,436,1498739759.0,2.8579737840900004,2.6958504
sensitivity,2,lr0.025,421,NH1464,421,1498741055.0,2.8710665303020826,2.7878923
sensitivity,2,lr0.025,422,NH1465,422,1498741322.0,3.1901213409087497,3.0455546
sensitivity,2,lr0.025,423,NH1466,423,1498741937.0,2.797970242424584,2.7069464
sensitivity,2,lr0.025,469,NH1510,469,1498825160.0,2.82887276894,2.7838774
sensitivity,2,lr0.025,468,NH1509,468,1498825229.0,2.7863670681812502,2.8766503
sensitivity,2,lr0.025,470,NH1511,470,1498826279.0,2.811349795454166,2.907278
sensitivity,2,lr0.025,471,NH1512,471,1498826374.0,2.5712548257574994,2.6843557
sensitivity,2,lr0.025,472,NH1513,472,1498827126.0,2.8397837083341666,2.7823849
sensitivity,2,lr0.025,467,NH1508,467,1498827363.0,2.7506098939383334,2.8489892
sensitivity,2,lr0.025,507,NH1561,507,1498838962.5,2.9154196856066665,2.7111962
sensitivity,2,lr0.025,508,NH1562,508,1498838990.0,2.9867449545445828,2.6011515
sensitivity,2,lr0.025,509,NH1563,509,1498839097.0,3.209558715909166,2.8949478
sensitivity,2,lr0.025,510,NH1564,510,1498839854.0,3.3299264583341674,2.9545345
sensitivity,2,lr0.025,512,NH1566,512,1498839920.5,2.8937555492425004,2.678105
sensitivity,2,lr0.025,511,NH1565,511,1498840185.0,3.0193580075754163,2.7092922
sensitivity,2,lr0.025,513,NH1567,513,1498841074.0,3.4054379431804156,2.925338
sensitivity,2,lr0.025,506,NH1560,506,1498841096.0,2.8437803522733334,2.6638014
sensitivity,2,lr0.025,505,NH1559,505,1498841312.0,3.026218575757916,2.6789622
sensitivity,2,lr0.025,525,NH1577,525,1498855582.0,2.7140443080811116,2.6416314
sensitivity,2,lr0.025,526,NH1578,526,1498855650.0,2.928948969696666,2.784739
sensitivity,2,lr0.025,524,NH1576,524,1498855717.0,2.7670094217169448,2.6160283
sensitivity,2,lr0.025,493,NH1547,493,1498882998.0,2.8696522222222227,2.8634622
sensitivity,2,lr0.025,494,NH1548,494,1498883032.0,2.752624828283055,2.8259757
sensitivity,2,lr0.025,495,NH1549,495,1498883413.0,2.7769003611119447,2.6294887
sensitivity,2,lr0.025,482,NH1528,482,1498932471.0,2.695868310606111,2.5991063
sensitivity,2,lr0.025,483,NH1529,483,1498932508.0,2.8512445277777783,2.766276
sensitivity,2,lr0.025,484,NH1530,484,1498932605.5,3.0451293030302775,2.8340516
sensitivity,2,lr0.025,546,NH1599,546,1498942687.5,2.7516804595958333,2.6565125
sensitivity,2,lr0.025,545,NH1598,545,1498942743.0,2.583565361110278,2.592007
sensitivity,2,lr0.025,547,NH1600,547,1498942959.5,2.8901921085852775,2.850268
sensitivity,2,lr0.025,542,NH1595,542,1498945670.0,2.847530583332917,2.6223886
sensitivity,2,lr0.025,541,NH1594,541,1498945775.0,2.8696292537883332,2.6522753
sensitivity,2,lr0.025,543,NH1596,543,1498946970.0,2.9677918446975,2.6872919
sensitivity,2,lr0.025,544,NH1597,544,1498948067.0,3.32966174242375,3.0247161
sensitivity,2,lr0.025,539,NH1592,539,1498948161.5,2.9873053598491666,2.7939496
sensitivity,2,lr0.025,540,NH1593,540,1498948271.0,3.007452212120417,2.7264316
sensitivity,2,lr0.025,549,NH1602,549,1498948491.0,2.6095519949491663,2.6260333
sensitivity,2,lr0.025,548,NH1601,548,1498948570.0,2.679304651514722,2.8777754
sensitivity,2,lr0.025,550,NH1603,550,1498948597.0,2.4643921868686105,2.6068149
sensitivity,2,lr0.025,514,NH1568,514,1498953600.0,2.873743284090417,2.688362
sensitivity,2,lr0.025,515,NH1569,515,1498953600.0,3.258172492424584,2.9363756
sensitivity,2,lr0.025,552,NH1605,552,1498953600.0,2.539839329545001,2.7386665
sensitivity,2,lr0.025,553,NH1606,553,1498953600.0,2.7267650037887496,2.8868644
sensitivity,2,lr0.025,554,NH1607,554,1498953600.0,2.794889651515416,2.6990054
sensitivity,2,lr0.025,555,NH1608,555,1498953600.0,2.7100046969695835,2.7013614
sensitivity,2,lr0.025,426,NH1469,426,1498954010.5,3.3536392916670836,3.0014236
sensitivity,2,lr0.025,427,NH1469,426,1498954010.5,3.3536392916670836,3.007752
sensitivity,2,lr0.025,428,NH1470,428,1498954068.0,2.9344255719695838,2.7695723
sensitivity,2,lr0.025,429,NH1470,428,1498954068.0,2.9344255719695838,2.780596
sensitivity,2,lr0.025,430,NH1471,430,1498954145.0,2.700038464015417,2.578776
sensitivity,2,lr0.025,431,NH1472,431,1498954226.0,2.871240454544792,3.0285246
sensitivity,2,lr0.025,432,NH1473,432,1498954563.5,2.8334246988633334,2.708767
sensitivity,2,lr0.025,433,NH1474,433,1498954901.5,2.944900195834292,2.9406328
sensitivity,2,lr0.025,556,NH1609,556,1498961594.5,2.808178026515416,2.9237223
sensitivity,2,lr0.025,551,NH1604,551,1498961718.0,2.894043181817917,2.7966523
sensitivity,2,lr0.025,417,NH1460,417,1498963460.5,2.915021795454443,2.797049
sensitivity,2,lr0.025,418,NH1461,418,1498963483.0,2.707362411616389,2.8036058
sensitivity,2,lr0.025,419,NH1462,419,1498973496.5,2.6863496919191663,2.541602
sensitivity,2,lr0.025,420,NH1463,420,1498974149.0,2.520522416666666,2.7067833
sensitivity,2,lr0.025,409,NH1450,409,1498975878.0,2.755381289925676,2.701335
sensitivity,2,lr0.025,410,NH1451,410,1498975989.0,3.0433975808080547,2.7751586
sensitivity,2,lr0.025,411,NH1452,411,1498976094.5,3.246185393939722,2.9227953
sensitivity,2,lr0.025,434,NH1475,434,1498987965.5,2.9112718484852085,2.68603
sensitivity,2,lr0.025,424,NH1467,424,1498988835.5,2.779368295454374,2.6709466
sensitivity,2,lr0.025,435,NH1476,435,1498988891.0,2.697709937500001,2.6365306
sensitivity,2,lr0.025,425,NH1468,425,1498989163.5,2.851153931818126,2.8052545
sensitivity,2,lr0.025,558,NH1611,558,1499034494.0,2.5755620909088894,2.8034213
sensitivity,2,lr0.025,557,NH1610,557,1499034572.0,2.4609179873736116,2.6744957
sensitivity,2,lr0.025,559,NH1612,559,1499034745.5,2.621274502524444,2.636512
sensitivity,2,lr0.025,479,NH1520,479,1499040000.0,2.7224765946977083,2.7435732
sensitivity,2,lr0.025,480,NH1521,480,1499040000.0,2.683536670454166,2.7663605
sensitivity,2,lr0.025,481,NH1522,481,1499040000.0,2.93052868939375,2.7970374
sensitivity,2,lr0.025,478,NH1519,478,1499044236.5,2.9073547348479165,2.772841
sensitivity,2,lr0.025,634,NH1757,634,1499044346.0,2.8736678383836107,2.76063
sensitivity,2,lr0.025,635,NH1758,635,1499045010.0,2.7538293484841665,2.6778407
sensitivity,2,lr0.025,633,NH1755,633,1499051628.0,2.868438573232777,2.8469238
sensitivity,2,lr0.025,632,NH1754,632,1499051707.0,2.7977523131311104,2.7122345
sensitivity,2,lr0.025,413,NH1455,413,1499060294.0,2.7748878939404165,2.6790173
sensitivity,2,lr0.025,415,NH1457,415,1499060343.5,2.965334935605833,2.968683
sensitivity,2,lr0.025,412,NH1454,412,1499060373.0,2.8213227462112505,2.9893281
sensitivity,2,lr0.025,414,NH1456,414,1499060399.0,2.539858378787917,2.7198288
sensitivity,2,lr0.025,416,NH1458,416,1499060952.0,2.8149711704537497,2.6472914
sensitivity,2,lr0.025,590,NH1671,590,1499087696.5,2.7723035265154166,2.5595884
sensitivity,2,lr0.025,591,NH1672,591,1499089211.0,2.7109870606066666,2.652102
sensitivity,2,lr0.025,574,NH1628,574,1499093143.0,2.765108738181733,2.6966307
sensitivity,2,lr0.025,575,NH1629,575,1499093442.0,2.7709344015144453,2.7522886
sensitivity,2,lr0.025,576,NH1630,576,1499093764.0,2.9784578535355566,2.9559164
sensitivity,2,lr0.025,579,NH1633,579,1499095925.0,3.001783654545001,2.7131126
sensitivity,2,lr0.025,572,NH1626,572,1499095930.5,2.6289725101013888,2.7661197
sensitivity,2,lr0.025,573,NH1627,573,1499096060.0,2.64773330808,2.7392094
sensitivity,2,reg0_1,447,NH1488,447,1498732022.0,3.213455666666251,3.0360556
sensitivity,2,reg0_1,449,NH1490,449,1498732951.0,3.205263837121666,3.116894
sensitivity,2,reg0_1,443,NH1484,443,1498733098.0,3.04554245454625,2.8857632
sensitivity,2,reg0_1,442,NH1483,442,1498734414.0,3.305119875,3.0680692
sensitivity,2,reg0_1,438,NH1479,438,1498736997.5,2.7656549090905553,2.674322
sensitivity,2,reg0_1,437,NH1478,437,1498737267.5,2.9087390106059994,2.9788985
sensitivity,2,reg0_1,439,NH1480,439,1498737459.0,2.856577093434167,2.9028704
sensitivity,2,reg0_1,440,NH1481,440,1498737814.0,2.5367798143945834,2.5196512
sensitivity,2,reg0_1,441,NH1482,441,1498738591.0,3.0714249128787503,3.0328581
sensitivity,2,reg0_1,436,NH1477,436,1498739759.0,2.8579737840900004,2.7142074
sensitivity,2,reg0_1,421,NH1464,421,1498741055.0,2.8710665303020826,2.8268273
sensitivity,2,reg0_1,422,NH1465,422,1498741322.0,3.1901213409087497,3.0659022
sensitivity,2,reg0_1,423,NH1466,423,1498741937.0,2.797970242424584,2.727921
sensitivity,2,reg0_1,469,NH1510,469,1498825160.0,2.82887276894,2.826093
sensitivity,2,reg0_1,468,NH1509,468,1498825229.0,2.7863670681812502,2.875615
sensitivity,2,reg0_1,470,NH1511,470,1498826279.0,2.811349795454166,2.9009387
sensitivity,2,reg0_1,471,NH1512,471,1498826374.0,2.5712548257574994,2.7163546
sensitivity,2,reg0_1,472,NH1513,472,1498827126.0,2.8397837083341666,2.8293946
sensitivity,2,reg0_1,467,NH1508,467,1498827363.0,2.7506098939383334,2.8639016
sensitivity,2,reg0_1,507,NH1561,507,1498838962.5,2.9154196856066665,2.7351086
sensitivity,2,reg0_1,508,NH1562,508,1498838990.0,2.9867449545445828,2.6160715
sensitivity,2,reg0_1,509,NH1563,509,1498839097.0,3.209558715909166,2.9242408
sensitivity,2,reg0_1,510,NH1564,510,1498839854.0,3.3299264583341674,2.999724
sensitivity,2,reg0_1,512,NH1566,512,1498839920.5,2.8937555492425004,2.7081563
sensitivity,2,reg0_1,511,NH1565,511,1498840185.0,3.0193580075754163,2.770291
sensitivity,2,reg0_1,513,NH1567,513,1498841074.0,3.4054379431804156,2.9564974
sensitivity,2,reg0_1,506,NH1560,506,1498841096.0,2.8437803522733334,2.6743739
sensitivity,2,reg0_1,505,NH1559,505,1498841312.0,3.026218575757916,2.744772
sensitivity,2,reg0_1,525,NH1577,525,1498855582.0,2.7140443080811116,2.6855395
sensitivity,2,reg0_1,526,NH1578,526,1498855650.0,2.928948969696666,2.825429
sensitivity,2,reg0_1,524,NH1576,524,1498855717.0,2.7670094217169448,2.6402798
sensitivity,2,reg0_1,493,NH1547,493,1498882998.0,2.8696522222222227,2.8941467
sensitivity,2,reg0_1,494,NH1548,494,1498883032.0,2.752624828283055,2.8454065
sensitivity,2,reg0_1,495,NH1549,495,1498883413.0,2.7769003611119447,2.6548512
sensitivity,2,reg0_1,482,NH1528,482,1498932471.0,2.695868310606111,2.6573753
sensitivity,2,reg0_1,483,NH1529,483,1498932508.0,2.8512445277777783,2.8250446
sensitivity,2,reg0_1,484,NH1530,484,1498932605.5,3.0451293030302775,2.8570962
sensitivity,2,reg0_1,546,NH1599,546,1498942687.5,2.7516804595958333,2.7023711
sensitivity,2,reg0_1,545,NH1598,545,1498942743.0,2.583565361110278,2.6016707
sensitivity,2,reg0_1,547,NH1600,547,1498942959.5,2.8901921085852775,2.8746886
sensitivity,2,reg0_1,542,NH1595,542,1498945670.0,2.847530583332917,2.6431077
sensitivity,2,reg0_1,541,NH1594,541,1498945775.0,2.8696292537883332,2.6886625
sensitivity,2,reg0_1,543,NH1596,543,1498946970.0,2.9677918446975,2.7520947
sensitivity,2,reg0_1,544,NH1597,544,1498948067.0,3.32966174242375,3.0801466
sensitivity,2,reg0_1,539,NH1592,539,1498948161.5,2.9873053598491666,2.85684
sensitivity,2,reg0_1,540,NH1593,540,1498948271.0,3.007452212120417,2.760946
sensitivity,2,reg0_1,549,NH1602,549,1498948491.0,2.6095519949491663,2.6632912
sensitivity,2,reg0_1,548,NH1601,548,1498948570.0,2.679304651514722,2.8696218
sensitivity,2,reg0_1,550,NH1603,550,1498948597.0,2.4643921868686105,2.619615
sensitivity,2,reg0_1,514,NH1568,514,1498953600.0,2.873743284090417,2.740851
sensitivity,2,reg0_1,515,NH1569,515,1498953600.0,3.258172492424584,2.9618912
sensitivity,2,reg0_1,552,NH1605,552,1498953600.0,2.539839329545001,2.79086
sensitivity,2,reg0_1,553,NH1606,553,1498953600.0,2.7267650037887496,2.94579
sensitivity,2,reg0_1,554,NH1607,554,1498953600.0,2.794889651515416,2.747221
sensitivity,2,reg0_1,555,NH1608,555,1498953600.0,2.7100046969695835,2.7804737
sensitivity,2,reg0_1,426,NH1469,426,1498954010.5,3.3536392916670836,3.0189526
sensitivity,2,reg0_1,427,NH1469,426,1498954010.5,3.3536392916670836,3.0279667
sensitivity,2,reg0_1,428,NH1470,428,1498954068.0,2.9344255719695838,2.7581158
sensitivity,2,reg0_1,429,NH1470,428,1498954068.0,2.9344255719695838,2.7708602
sensitivity,2,reg0_1,430,NH1471,430,1498954145.0,2.700038464015417,2.601108
sensitivity,2,reg0_1,431,NH1472,431,1498954226.0,2.871240454544792,3.0604768
sensitivity,2,reg0_1,432,NH1473,432,1498954563.5,2.8334246988633334,2.7393098
sensitivity,2,reg0_1,433,NH1474,433,1498954901.5,2.944900195834292,2.9391258
sensitivity,2,reg0_1,556,NH1609,556,1498961594.5,2.808178026515416,2.993354
sensitivity,2,reg0_1,551,NH1604,551,1498961718.0,2.894043181817917,2.8423643
sensitivity,2,reg0_1,417,NH1460,417,1498963460.5,2.915021795454443,2.802713
sensitivity,2,reg0_1,418,NH1461,418,1498963483.0,2.707362411616389,2.8059201
sensitivity,2,reg0_1,419,NH1462,419,1498973496.5,2.6863496919191663,2.5732589
sensitivity,2,reg0_1,420,NH1463,420,1498974149.0,2.520522416666666,2.7310565
sensitivity,2,reg0_1,409,NH1450,409,1498975878.0,2.755381289925676,2.7269301
sensitivity,2,reg0_1,410,NH1451,410,1498975989.0,3.0433975808080547,2.829141
sensitivity,2,reg0_1,411,NH1452,411,1498976094.5,3.246185393939722,2.9608173
sensitivity,2,reg0_1,434,NH1475,434,1498987965.5,2.9112718484852085,2.7006168
sensitivity,2,reg0_1,424,NH1467,424,1498988835.5,2.779368295454374,2.6855485
sensitivity,2,reg0_1,435,NH1476,435,1498988891.0,2.697709937500001,2.6537411
sensitivity,2,reg0_1,425,NH1468,425,1498989163.5,2.851153931818126,2.865778
sensitivity,2,reg0_1,558,NH1611,558,1499034494.0,2.5755620909088894,2.8229098
sensitivity,2,reg0_1,557,NH1610,557,1499034572.0,2.4609179873736116,2.6627424
sensitivity,2,reg0_1,559,NH1612,559,1499034745.5,2.621274502524444,2.666034
sensitivity,2,reg0_1,479,NH1520,479,1499040000.0,2.7224765946977083,2.777324
sensitivity,2,reg0_1,480,NH1521,480,1499040000.0,2.683536670454166,2.8098514
sensitivity,2,reg0_1,481,NH1522,481,1499040000.0,2.93052868939375,2.8289533
sensitivity,2,reg0_1,478,NH1519,478,1499044236.5,2.9073547348479165,2.8136015
sensitivity,2,reg0_1,634,NH1757,634,1499044346.0,2.8736678383836107,2.7639885
sensitivity,2,reg0_1,635,NH1758,635,1499045010.0,2.7538293484841665,2.6860096
sensitivity,2,reg0_1,633,NH1755,633,1499051628.0,2.868438573232777,2.8635044
sensitivity,2,reg0_1,632,NH1754,632,1499051707.0,2.7977523131311104,2.742096
sensitivity,2,reg0_1,413,NH1455,413,1499060294.0,2.7748878939404165,2.6384554
sensitivity,2,reg0_1,415,NH1457,415,1499060343.5,2.965334935605833,2.9772263
sensitivity,2,reg0_1,412,NH1454,412,1499060373.0,2.8213227462112505,2.9543502
sensitivity,2,reg0_1,414,NH1456,414,1499060399.0,2.539858378787917,2.7380564
sensitivity,2,reg0_1,416,NH1458,416,1499060952.0,2.8149711704537497,2.6677728
sensitivity,2,reg0_1,590,NH1671,590,1499087696.5,2.7723035265154166,2.5769572
sensitivity,2,reg0_1,591,NH1672,591,1499089211.0,2.7109870606066666,2.662719
sensitivity,2,reg0_1,574,NH1628,574,1499093143.0,2.765108738181733,2.692738
sensitivity,2,reg0_1,575,NH1629,575,1499093442.0,2.7709344015144453,2.7679114
sensitivity,2,reg0_1,576,NH1630,576,1499093764.0,2.9784578535355566,2.9576292
sensitivity,2,reg0_1,579,NH1633,579,1499095925.0,3.001783654545001,2.7733889
sensitivity,2,reg0_1,572,NH1626,572,1499095930.5,2.6289725101013888,2.7530284
sensitivity,2,reg0_1,573,NH1627,573,1499096060.0,2.64773330808,2.77758
sensitivity,2,reg0.1_10,447,NH1488,447,1498732022.0,3.213455666666251,3.0412672
sensitivity,2,reg0.1_10,449,NH1490,449,1498732951.0,3.205263837121666,3.1100676
sensitivity,2,reg0.1_10,443,NH1484,443,1498733098.0,3.04554245454625,2.8993452
sensitivity,2,reg0.1_10,442,NH1483,442,1498734414.0,3.305119875,3.0122938
sensitivity,2,reg0.1_10,438,NH1479,438,1498736997.5,2.7656549090905553,2.6540852
sensitivity,2,reg0.1_10,437,NH1478,437,1498737267.5,2.9087390106059994,2.9943292
sensitivity,2,reg0.1_10,439,NH1480,439,1498737459.0,2.856577093434167,2.8902514
sensitivity,2,reg0.1_10,440,NH1481,440,1498737814.0,2.5367798143945834,2.5304015
sensitivity,2,reg0.1_10,441,NH1482,441,1498738591.0,3.0714249128787503,3.024678
sensitivity,2,reg0.1_10,436,NH1477,436,1498739759.0,2.8579737840900004,2.7082667
sensitivity,2,reg0.1_10,421,NH1464,421,1498741055.0,2.8710665303020826,2.8085687
sensitivity,2,reg0.1_10,422,NH1465,422,1498741322.0,3.1901213409087497,3.099881
sensitivity,2,reg0.1_10,423,NH1466,423,1498741937.0,2.797970242424584,2.7529235
sensitivity,2,reg0.1_10,469,NH1510,469,1498825160.0,2.82887276894,2.754636
sensitivity,2,reg0.1_10,468,NH1509,468,1498825229.0,2.7863670681812502,2.8696127
sensitivity,2,reg0.1_10,470,NH1511,470,1498826279.0,2.811349795454166,2.9041946
sensitivity,2,reg0.1_10,471,NH1512,471,1498826374.0,2.5712548257574994,2.6906688
sensitivity,2,reg0.1_10,472,NH1513,472,1498827126.0,2.8397837083341666,2.7787788
sensitivity,2,reg0.1_10,467,NH1508,467,1498827363.0,2.7506098939383334,2.809285
sensitivity,2,reg0.1_10,507,NH1561,507,1498838962.5,2.9154196856066665,2.6839428
sensitivity,2,reg0.1_10,508,NH1562,508,1498838990.0,2.9867449545445828,2.5697942
sensitivity,2,reg0.1_10,509,NH1563,509,1498839097.0,3.209558715909166,2.9033132
sensitivity,2,reg0.1_10,510,NH1564,510,1498839854.0,3.3299264583341674,2.974222
sensitivity,2,reg0.1_10,512,NH1566,512,1498839920.5,2.8937555492425004,2.6651537
sensitivity,2,reg0.1_10,511,NH1565,511,1498840185.0,3.0193580075754163,2.7130637
sensitivity,2,reg0.1_10,513,NH1567,513,1498841074.0,3.4054379431804156,2.9184072
sensitivity,2,reg0.1_10,506,NH1560,506,1498841096.0,2.8437803522733334,2.6621125
sensitivity,2,reg0.1_10,505,NH1559,505,1498841312.0,3.026218575757916,2.692503
sensitivity,2,reg0.1_10,525,NH1577,525,1498855582.0,2.7140443080811116,2.6491008
sensitivity,2,reg0.1_10,526,NH1578,526,1498855650.0,2.928948969696666,2.8055139
sensitivity,2,reg0.1_10,524,NH1576,524,1498855717.0,2.7670094217169448,2.6221366
sensitivity,2,reg0.1_10,493,NH1547,493,1498882998.0,2.8696522222222227,2.933554
sensitivity,2,reg0.1_10,494,NH1548,494,1498883032.0,2.752624828283055,2.8117285
sensitivity,2,reg0.1_10,495,NH1549,495,1498883413.0,2.7769003611119447,2.6130757
sensitivity,2,reg0.1_10,482,NH1528,482,1498932471.0,2.695868310606111,2.551443
sensitivity,2,reg0.1_10,483,NH1529,483,1498932508.0,2.8512445277777783,2.720395
sensitivity,2,reg0.1_10,484,NH1530,484,1498932605.5,3.0451293030302775,2.7955682
sensitivity,2,reg0.1_10,546,NH1599,546,1498942687.5,2.7516804595958333,2.5901105
sensitivity,2,reg0.1_10,545,NH1598,545,1498942743.0,2.583565361110278,2.5215743
sensitivity,2,reg0.1_10,547,NH1600,547,1498942959.5,2.8901921085852775,2.7874074
sensitivity,2,reg0.1_10,542,NH1595,542,1498945670.0,2.847530583332917,2.5875378
sensitivity,2,reg0.1_10,541,NH1594,541,1498945775.0,2.8696292537883332,2.6348548
sensitivity,2,reg0.1_10,543,NH1596,543,1498946970.0,2.9677918446975,2.7026148
sensitivity,2,reg0.1_10,544,NH1597,544,1498948067.0,3.32966174242375,3.030614
sensitivity,2,reg0.1_10,539,NH1592,539,1498948161.5,2.9873053598491666,2.8140845
sensitivity,2,reg0.1_10,540,NH1593,540,1498948271.0,3.007452212120417,2.7014258
sensitivity,2,reg0.1_10,549,NH1602,549,1498948491.0,2.6095519949491663,2.5973015
sensitivity,2,reg0.1_10,548,NH1601,548,1498948570.0,2.679304651514722,2.8357568
sensitivity,2,reg0.1_10,550,NH1603,550,1498948597.0,2.4643921868686105,2.5405855
sensitivity,2,reg0.1_10,514,NH1568,514,1498953600.0,2.873743284090417,2.6782465
sensitivity,2,reg0.1_10,515,NH1569,515,1498953600.0,3.258172492424584,2.875617
sensitivity,2,reg0.1_10,552,NH1605,552,1498953600.0,2.539839329545001,2.6875205
sensitivity,2,reg0.1_10,553,NH1606,553,1498953600.0,2.7267650037887496,2.8374212
sensitivity,2,reg0.1_10,554,NH1607,554,1498953600.0,2.794889651515416,2.629716
sensitivity,2,reg0.1_10,555,NH1608,555,1498953600.0,2.7100046969695835,2.6734412
sensitivity,2,reg0.1_10,426,NH1469,426,1498954010.5,3.3536392916670836,3.0075698
sensitivity,2,reg0.1_10,427,NH1469,426,1498954010.5,3.3536392916670836,3.0142918
sensitivity,2,reg0.1_10,428,NH1470,428,1498954068.0,2.9344255719695838,2.7833128
sensitivity,2,reg0.1_10,429,NH1470,428,1498954068.0,2.9344255719695838,2.7894592
sensitivity,2,reg0.1_10,430,NH1471,430,1498954145.0,2.700038464015417,2.5875623
sensitivity,2,reg0.1_10,431,NH1472,431,1498954226.0,2.871240454544792,3.008194
sensitivity,2,reg0.1_10,432,NH1473,432,1498954563.5,2.8334246988633334,2.7070127
sensitivity,2,reg0.1_10,433,NH1474,433,1498954901.5,2.944900195834292,2.9388998
sensitivity,2,reg0.1_10,556,NH1609,556,1498961594.5,2.808178026515416,2.8671932
sensitivity,2,reg0.1_10,551,NH1604,551,1498961718.0,2.894043181817917,2.760572
sensitivity,2,reg0.1_10,417,NH1460,417,1498963460.5,2.915021795454443,2.784132
sensitivity,2,reg0.1_10,418,NH1461,418,1498963483.0,2.707362411616389,2.8078423
sensitivity,2,reg0.1_10,419,NH1462,419,1498973496.5,2.6863496919191663,2.5140138
sensitivity,2,reg0.1_10,420,NH1463,420,1498974149.0,2.520522416666666,2.688996
sensitivity,2,reg0.1_10,409,NH1450,409,1498975878.0,2.755381289925676,2.6849954
sensitivity,2,reg0.1_10,410,NH1451,410,1498975989.0,3.0433975808080547,2.7239845
sensitivity,2,reg0.1_10,411,NH1452,411,1498976094.5,3.246185393939722,2.8876555
sensitivity,2,reg0.1_10,434,NH1475,434,1498987965.5,2.9112718484852085,2.6908798
sensitivity,2,reg0.1_10,424,NH1467,424,1498988835.5,2.779368295454374,2.68345
sensitivity,2,reg0.1_10,435,NH1476,435,1498988891.0,2.697709937500001,2.6294725
sensitivity,2,reg0.1_10,425,NH1468,425,1498989163.5,2.851153931818126,2.8024843
sensitivity,2,reg0.1_10,558,NH1611,558,1499034494.0,2.5755620909088894,2.7625337
sensitivity,2,reg0.1_10,557,NH1610,557,1499034572.0,2.4609179873736116,2.6280243
sensitivity,2,reg0.1_10,559,NH1612,559,1499034745.5,2.621274502524444,2.6136827
sensitivity,2,reg0.1_10,479,NH1520,479,1499040000.0,2.7224765946977083,2.7183027
sensitivity,2,reg0.1_10,480,NH1521,480,1499040000.0,2.683536670454166,2.7659936
sensitivity,2,reg0.1_10,481,NH1522,481,1499040000.0,2.93052868939375,2.799695
sensitivity,2,reg0.1_10,478,NH1519,478,1499044236.5,2.9073547348479165,2.7824159
sensitivity,2,reg0.1_10,634,NH1757,634,1499044346.0,2.8736678383836107,2.7181072
sensitivity,2,reg0.1_10,635,NH1758,635,1499045010.0,2.7538293484841665,2.6856697
sensitivity,2,reg0.1_10,633,NH1755,633,1499051628.0,2.868438573232777,2.821938
sensitivity,2,reg0.1_10,632,NH1754,632,1499051707.0,2.7977523131311104,2.7142067
sensitivity,2,reg0.1_10,413,NH1455,413,1499060294.0,2.7748878939404165,2.709935
sensitivity,2,reg0.1_10,415,NH1457,415,1499060343.5,2.965334935605833,2.9596968
sensitivity,2,reg0.1_10,412,NH1454,412,1499060373.0,2.8213227462112505,2.9992123
sensitivity,2,reg0.1_10,414,NH1456,414,1499060399.0,2.539858378787917,2.702098
sensitivity,2,reg0.1_10,416,NH1458,416,1499060952.0,2.8149711704537497,2.646571
sensitivity,2,reg0.1_10,590,NH1671,590,1499087696.5,2.7723035265154166,2.5189793
sensitivity,2,reg0.1_10,591,NH1672,591,1499089211.0,2.7109870606066666,2.610625
sensitivity,2,reg0.1_10,574,NH1628,574,1499093143.0,2.765108738181733,2.677054
sensitivity,2,reg0.1_10,575,NH1629,575,1499093442.0,2.7709344015144453,2.7399094
sensitivity,2,reg0.1_10,576,NH1630,576,1499093764.0,2.9784578535355566,2.9464488
sensitivity,2,reg0.1_10,579,NH1633,579,1499095925.0,3.001783654545001,2.7186952
sensitivity,2,reg0.1_10,572,NH1626,572,1499095930.5,2.6289725101013888,2.7335484
sensitivity,2,reg0.1_10,573,NH1627,573,1499096060.0,2.64773330808,2.714719
ablation,2,measurements,447,NH1488,447,1498732022.0,3.213455666666251,2.9987679
ablation,2,measurements,449,NH1490,449,1498732951.0,3.205263837121666,3.109155
ablation,2,measurements,443,NH1484,443,1498733098.0,3.04554245454625,2.9149592
ablation,2,measurements,442,NH1483,442,1498734414.0,3.305119875,3.0534909
ablation,2,measurements,438,NH1479,438,1498736997.5,2.7656549090905553,2.6221306
ablation,2,measurements,437,NH1478,437,1498737267.5,2.9087390106059994,2.9214523
ablation,2,measurements,439,NH1480,439,1498737459.0,2.856577093434167,2.8497212
ablation,2,measurements,440,NH1481,440,1498737814.0,2.5367798143945834,2.5838645
ablation,2,measurements,441,NH1482,441,1498738591.0,3.0714249128787503,2.9860556
ablation,2,measurements,436,NH1477,436,1498739759.0,2.8579737840900004,2.6974201
ablation,2,measurements,421,NH1464,421,1498741055.0,2.8710665303020826,2.7690132
ablation,2,measurements,422,NH1465,422,1498741322.0,3.1901213409087497,3.0372226
ablation,2,measurements,423,NH1466,423,1498741937.0,2.797970242424584,2.7062352
ablation,2,measurements,469,NH1510,469,1498825160.0,2.82887276894,2.7315512
ablation,2,measurements,468,NH1509,468,1498825229.0,2.7863670681812502,2.929036
ablation,2,measurements,470,NH1511,470,1498826279.0,2.811349795454166,2.8479989
ablation,2,measurements,471,NH1512,471,1498826374.0,2.5712548257574994,2.6529896
ablation,2,measurements,472,NH1513,472,1498827126.0,2.8397837083341666,2.813465
ablation,2,measurements,467,NH1508,467,1498827363.0,2.7506098939383334,2.837697
ablation,2,measurements,507,NH1561,507,1498838962.5,2.9154196856066665,2.7604072
ablation,2,measurements,508,NH1562,508,1498838990.0,2.9867449545445828,2.6146698
ablation,2,measurements,509,NH1563,509,1498839097.0,3.209558715909166,2.9239223
ablation,2,measurements,510,NH1564,510,1498839854.0,3.3299264583341674,2.997982
ablation,2,measurements,512,NH1566,512,1498839920.5,2.8937555492425004,2.6736727
ablation,2,measurements,511,NH1565,511,1498840185.0,3.0193580075754163,2.7037213
ablation,2,measurements,513,NH1567,513,1498841074.0,3.4054379431804156,2.9682484
ablation,2,measurements,506,NH1560,506,1498841096.0,2.8437803522733334,2.6850395
ablation,2,measurements,505,NH1559,505,1498841312.0,3.026218575757916,2.7723608
ablation,2,measurements,525,NH1577,525,1498855582.0,2.7140443080811116,2.660738
ablation,2,measurements,526,NH1578,526,1498855650.0,2.928948969696666,2.7844493
ablation,2,measurements,524,NH1576,524,1498855717.0,2.7670094217169448,2.6116416
ablation,2,measurements,493,NH1547,493,1498882998.0,2.8696522222222227,2.8230793
ablation,2,measurements,494,NH1548,494,1498883032.0,2.752624828283055,2.7326708
ablation,2,measurements,495,NH1549,495,1498883413.0,2.7769003611119447,2.6343145
ablation,2,measurements,482,NH1528,482,1498932471.0,2.695868310606111,2.6005175
ablation,2,measurements,483,NH1529,483,1498932508.0,2.8512445277777783,2.7578213
ablation,2,measurements,484,NH1530,484,1498932605.5,3.0451293030302775,2.825652
ablation,2,measurements,546,NH1599,546,1498942687.5,2.7516804595958333,2.6862133
ablation,2,measurements,545,NH1598,545,1498942743.0,2.583565361110278,2.6229112
ablation,2,measurements,547,NH1600,547,1498942959.5,2.8901921085852775,2.9027965
ablation,2,measurements,542,NH1595,542,1498945670.0,2.847530583332917,2.5968552
ablation,2,measurements,541,NH1594,541,1498945775.0,2.8696292537883332,2.614776
ablation,2,measurements,543,NH1596,543,1498946970.0,2.9677918446975,2.644066
ablation,2,measurements,544,NH1597,544,1498948067.0,3.32966174242375,3.0403545
ablation,2,measurements,539,NH1592,539,1498948161.5,2.9873053598491666,2.7485468
ablation,2,measurements,540,NH1593,540,1498948271.0,3.007452212120417,2.693985
ablation,2,measurements,549,NH1602,549,1498948491.0,2.6095519949491663,2.6265552
ablation,2,measurements,548,NH1601,548,1498948570.0,2.679304651514722,2.9241104
ablation,2,measurements,550,NH1603,550,1498948597.0,2.4643921868686105,2.6348927
ablation,2,measurements,514,NH1568,514,1498953600.0,2.873743284090417,2.693348
ablation,2,measurements,515,NH1569,515,1498953600.0,3.258172492424584,2.8801422
ablation,2,measurements,552,NH1605,552,1498953600.0,2.539839329545001,2.7532718
ablation,2,measurements,553,NH1606,553,1498953600.0,2.7267650037887496,2.8899233
ablation,2,measurements,554,NH1607,554,1498953600.0,2.794889651515416,2.7297332
ablation,2,measurements,555,NH1608,555,1498953600.0,2.7100046969695835,2.7052486
ablation,2,measurements,426,NH1469,426,1498954010.5,3.3536392916670836,2.9838762
ablation,2,measurements,427,NH1469,426,1498954010.5,3.3536392916670836,2.9846623
ablation,2,measurements,428,NH1470,428,1498954068.0,2.9344255719695838,2.786925
ablation,2,measurements,429,NH1470,428,1498954068.0,2.9344255719695838,2.787091
ablation,2,measurements,430,NH1471,430,1498954145.0,2.700038464015417,2.5961838
ablation,2,measurements,431,NH1472,431,1498954226.0,2.871240454544792,3.0377457
ablation,2,measurements,432,NH1473,432,1498954563.5,2.8334246988633334,2.7319272
ablation,2,measurements,433,NH1474,433,1498954901.5,2.944900195834292,2.9358318
ablation,2,measurements,556,NH1609,556,1498961594.5,2.808178026515416,2.9325402
ablation,2,measurements,551,NH1604,551,1498961718.0,2.894043181817917,2.8024378
ablation,2,measurements,417,NH1460,417,1498963460.5,2.915021795454443,2.753476
ablation,2,measurements,418,NH1461,418,1498963483.0,2.707362411616389,2.7994347
ablation,2,measurements,419,NH1462,419,1498973496.5,2.6863496919191663,2.5522444
ablation,2,measurements,420,NH1463,420,1498974149.0,2.520522416666666,2.6898594
ablation,2,measurements,409,NH1450,409,1498975878.0,2.755381289925676,2.728912
ablation,2,measurements,410,NH1451,410,1498975989.0,3.0433975808080547,2.7777603
ablation,2,measurements,411,NH1452,411,1498976094.5,3.246185393939722,2.9036973
ablation,2,measurements,434,NH1475,434,1498987965.5,2.9112718484852085,2.6820803
ablation,2,measurements,424,NH1467,424,1498988835.5,2.779368295454374,2.6536798
ablation,2,measurements,435,NH1476,435,1498988891.0,2.697709937500001,2.6693504
ablation,2,measurements,425,NH1468,425,1498989163.5,2.851153931818126,2.8481417
ablation,2,measurements,558,NH1611,558,1499034494.0,2.5755620909088894,2.7879038
ablation,2,measurements,557,NH1610,557,1499034572.0,2.4609179873736116,2.6118295
ablation,2,measurements,559,NH1612,559,1499034745.5,2.621274502524444,2.6041708
ablation,2,measurements,479,NH1520,479,1499040000.0,2.7224765946977083,2.7187805
ablation,2,measurements,480,NH1521,480,1499040000.0,2.683536670454166,2.7283766
ablation,2,measurements,481,NH1522,481,1499040000.0,2.93052868939375,2.7641554
ablation,2,measurements,478,NH1519,478,1499044236.5,2.9073547348479165,2.8102226
ablation,2,measurements,634,NH1757,634,1499044346.0,2.8736678383836107,2.7047112
ablation,2,measurements,635,NH1758,635,1499045010.0,2.7538293484841665,2.7242863
ablation,2,measurements,633,NH1755,633,1499051628.0,2.868438573232777,2.841287
ablation,2,measurements,632,NH1754,632,1499051707.0,2.7977523131311104,2.751969
ablation,2,measurements,413,NH1455,413,1499060294.0,2.7748878939404165,2.6523898
ablation,2,measurements,415,NH1457,415,1499060343.5,2.965334935605833,2.9194958
ablation,2,measurements,412,NH1454,412,1499060373.0,2.8213227462112505,2.9511225
ablation,2,measurements,414,NH1456,414,1499060399.0,2.539858378787917,2.6928337
ablation,2,measurements,416,NH1458,416,1499060952.0,2.8149711704537497,2.6350935
ablation,2,measurements,590,NH1671,590,1499087696.5,2.7723035265154166,2.5354245
ablation,2,measurements,591,NH1672,591,1499089211.0,2.7109870606066666,2.6205213
ablation,2,measurements,574,NH1628,574,1499093143.0,2.765108738181733,2.6712043
ablation,2,measurements,575,NH1629,575,1499093442.0,2.7709344015144453,2.7196121
ablation,2,measurements,576,NH1630,576,1499093764.0,2.9784578535355566,2.9275627
ablation,2,measurements,579,NH1633,579,1499095925.0,3.001783654545001,2.7228086
ablation,2,measurements,572,NH1626,572,1499095930.5,2.6289725101013888,2.7310028
ablation,2,measurements,573,NH1627,573,1499096060.0,2.64773330808,2.7338316
ablation,2,basic,447,NH1488,447,1498732022.0,3.213455666666251,2.9949217
ablation,2,basic,449,NH1490,449,1498732951.0,3.205263837121666,3.1172628
ablation,2,basic,443,NH1484,443,1498733098.0,3.04554245454625,2.9270878
ablation,2,basic,442,NH1483,442,1498734414.0,3.305119875,3.065194
ablation,2,basic,438,NH1479,438,1498736997.5,2.7656549090905553,2.6229358
ablation,2,basic,437,NH1478,437,1498737267.5,2.9087390106059994,2.927225
ablation,2,basic,439,NH1480,439,1498737459.0,2.856577093434167,2.8407066
ablation,2,basic,440,NH1481,440,1498737814.0,2.5367798143945834,2.5785272
ablation,2,basic,441,NH1482,441,1498738591.0,3.0714249128787503,2.997656
ablation,2,basic,436,NH1477,436,1498739759.0,2.8579737840900004,2.6910048
ablation,2,basic,421,NH1464,421,1498741055.0,2.8710665303020826,2.7806633
ablation,2,basic,422,NH1465,422,1498741322.0,3.1901213409087497,3.03597
ablation,2,basic,423,NH1466,423,1498741937.0,2.797970242424584,2.700553
ablation,2,basic,469,NH1510,469,1498825160.0,2.82887276894,2.7383907
ablation,2,basic,468,NH1509,468,1498825229.0,2.7863670681812502,2.9270096
ablation,2,basic,470,NH1511,470,1498826279.0,2.811349795454166,2.849289
ablation,2,basic,471,NH1512,471,1498826374.0,2.5712548257574994,2.6552064
ablation,2,basic,472,NH1513,472,1498827126.0,2.8397837083341666,2.8101528
ablation,2,basic,467,NH1508,467,1498827363.0,2.7506098939383334,2.8370063
ablation,2,basic,507,NH1561,507,1498838962.5,2.9154196856066665,2.7713544
ablation,2,basic,508,NH1562,508,1498838990.0,2.9867449545445828,2.6169958
ablation,2,basic,509,NH1563,509,1498839097.0,3.209558715909166,2.9161441
ablation,2,basic,510,NH1564,510,1498839854.0,3.3299264583341674,2.9968364
ablation,2,basic,512,NH1566,512,1498839920.5,2.8937555492425004,2.6785078
ablation,2,basic,511,NH1565,511,1498840185.0,3.0193580075754163,2.7139454
ablation,2,basic,513,NH1567,513,1498841074.0,3.4054379431804156,2.957143
ablation,2,basic,506,NH1560,506,1498841096.0,2.8437803522733334,2.6835687
ablation,2,basic,505,NH1559,505,1498841312.0,3.026218575757916,2.7835157
ablation,2,basic,525,NH1577,525,1498855582.0,2.7140443080811116,2.6597297
ablation,2,basic,526,NH1578,526,1498855650.0,2.928948969696666,2.7760468
ablation,2,basic,524,NH1576,524,1498855717.0,2.7670094217169448,2.615389
ablation,2,basic,493,NH1547,493,1498882998.0,2.8696522222222227,2.8258917
ablation,2,basic,494,NH1548,494,1498883032.0,2.752624828283055,2.7424104
ablation,2,basic,495,NH1549,495,1498883413.0,2.7769003611119447,2.6195483
ablation,2,basic,482,NH1528,482,1498932471.0,2.695868310606111,2.5977204
ablation,2,basic,483,NH1529,483,1498932508.0,2.8512445277777783,2.762181
ablation,2,basic,484,NH1530,484,1498932605.5,3.0451293030302775,2.8330586
ablation,2,basic,546,NH1599,546,1498942687.5,2.7516804595958333,2.715128
ablation,2,basic,545,NH1598,545,1498942743.0,2.583565361110278,2.6318262
ablation,2,basic,547,NH1600,547,1498942959.5,2.8901921085852775,2.9130585
ablation,2,basic,542,NH1595,542,1498945670.0,2.847530583332917,2.6018655
ablation,2,basic,541,NH1594,541,1498945775.0,2.8696292537883332,2.6186528
ablation,2,basic,543,NH1596,543,1498946970.0,2.9677918446975,2.6571877
ablation,2,basic,544,NH1597,544,1498948067.0,3.32966174242375,3.0409944
ablation,2,basic,539,NH1592,539,1498948161.5,2.9873053598491666,2.7353382
ablation,2,basic,540,NH1593,540,1498948271.0,3.007452212120417,2.6968076
ablation,2,basic,549,NH1602,549,1498948491.0,2.6095519949491663,2.6303804
ablation,2,basic,548,NH1601,548,1498948570.0,2.679304651514722,2.9134102
ablation,2,basic,550,NH1603,550,1498948597.0,2.4643921868686105,2.6239595
ablation,2,basic,514,NH1568,514,1498953600.0,2.873743284090417,2.6605844
ablation,2,basic,515,NH1569,515,1498953600.0,3.258172492424584,2.8649442
ablation,2,basic,552,NH1605,552,1498953600.0,2.539839329545001,2.7506487
ablation,2,basic,553,NH1606,553,1498953600.0,2.7267650037887496,2.8894327
ablation,2,basic,554,NH1607,554,1498953600.0,2.794889651515416,2.7191212
ablation,2,basic,555,NH1608,555,1498953600.0,2.7100046969695835,2.7109096
ablation,2,basic,426,NH1469,426,1498954010.5,3.3536392916670836,2.9799082
ablation,2,basic,427,NH1469,426,1498954010.5,3.3536392916670836,2.9779694
ablation,2,basic,428,NH1470,428,1498954068.0,2.9344255719695838,2.7911155
ablation,2,basic,429,NH1470,428,1498954068.0,2.9344255719695838,2.7887447
ablation,2,basic,430,NH1471,430,1498954145.0,2.700038464015417,2.6089213
ablation,2,basic,431,NH1472,431,1498954226.0,2.871240454544792,3.0590227
ablation,2,basic,432,NH1473,432,1498954563.5,2.8334246988633334,2.7237453
ablation,2,basic,433,NH1474,433,1498954901.5,2.944900195834292,2.9526157
ablation,2,basic,556,NH1609,556,1498961594.5,2.808178026515416,2.9357383
ablation,2,basic,551,NH1604,551,1498961718.0,2.894043181817917,2.7964478
ablation,2,basic,417,NH1460,417,1498963460.5,2.915021795454443,2.7608051
ablation,2,basic,418,NH1461,418,1498963483.0,2.707362411616389,2.7889605
ablation,2,basic,419,NH1462,419,1498973496.5,2.6863496919191663,2.5605412
ablation,2,basic,420,NH1463,420,1498974149.0,2.520522416666666,2.6880877
ablation,2,basic,409,NH1450,409,1498975878.0,2.755381289925676,2.7057629
ablation,2,basic,410,NH1451,410,1498975989.0,3.0433975808080547,2.774985
ablation,2,basic,411,NH1452,411,1498976094.5,3.246185393939722,2.888522
ablation,2,basic,434,NH1475,434,1498987965.5,2.9112718484852085,2.6820023
ablation,2,basic,424,NH1467,424,1498988835.5,2.779368295454374,2.6628113
ablation,2,basic,435,NH1476,435,1498988891.0,2.697709937500001,2.6611197
ablation,2,basic,425,NH1468,425,1498989163.5,2.851153931818126,2.8414917
ablation,2,basic,558,NH1611,558,1499034494.0,2.5755620909088894,2.7885578
ablation,2,basic,557,NH1610,557,1499034572.0,2.4609179873736116,2.5898666
ablation,2,basic,559,NH1612,559,1499034745.5,2.621274502524444,2.5892744
ablation,2,basic,479,NH1520,479,1499040000.0,2.7224765946977083,2.720313
ablation,2,basic,480,NH1521,480,1499040000.0,2.683536670454166,2.730773
ablation,2,basic,481,NH1522,481,1499040000.0,2.93052868939375,2.7838862
ablation,2,basic,478,NH1519,478,1499044236.5,2.9073547348479165,2.823663
ablation,2,basic,634,NH1757,634,1499044346.0,2.8736678383836107,2.6992874
ablation,2,basic,635,NH1758,635,1499045010.0,2.7538293484841665,2.708018
ablation,2,basic,633,NH1755,633,1499051628.0,2.868438573232777,2.8486502
ablation,2,basic,632,NH1754,632,1499051707.0,2.7977523131311104,2.7319305
ablation,2,basic,413,NH1455,413,1499060294.0,2.7748878939404165,2.6293385
ablation,2,basic,415,NH1457,415,1499060343.5,2.965334935605833,2.8906698
ablation,2,basic,412,NH1454,412,1499060373.0,2.8213227462112505,2.9273236
ablation,2,basic,414,NH1456,414,1499060399.0,2.539858378787917,2.6892073
ablation,2,basic,416,NH1458,416,1499060952.0,2.8149711704537497,2.622647
ablation,2,basic,590,NH1671,590,1499087696.5,2.7723035265154166,2.517769
ablation,2,basic,591,NH1672,591,1499089211.0,2.7109870606066666,2.614724
ablation,2,basic,574,NH1628,574,1499093143.0,2.765108738181733,2.6831658
ablation,2,basic,575,NH1629,575,1499093442.0,2.7709344015144453,2.7084188
ablation,2,basic,576,NH1630,576,1499093764.0,2.9784578535355566,2.9234126
ablation,2,basic,579,NH1633,579,1499095925.0,3.001783654545001,2.711632
ablation,2,basic,572,NH1626,572,1499095930.5,2.6289725101013888,2.724327
ablation,2,basic,573,NH1627,573,1499096060.0,2.64773330808,2.7216914
ablation,2,process_only,447,NH1488,447,1498732022.0,3.213455666666251,2.998001
ablation,2,process_only,449,NH1490,449,1498732951.0,3.205263837121666,3.096427
ablation,2,process_only,443,NH1484,443,1498733098.0,3.04554245454625,2.8551133
ablation,2,process_only,442,NH1483,442,1498734414.0,3.305119875,3.067111
ablation,2,process_only,438,NH1479,438,1498736997.5,2.7656549090905553,2.681934
ablation,2,process_only,437,NH1478,437,1498737267.5,2.9087390106059994,2.9685237
ablation,2,process_only,439,NH1480,439,1498737459.0,2.856577093434167,2.8785636
ablation,2,process_only,440,NH1481,440,1498737814.0,2.5367798143945834,2.55097
ablation,2,process_only,441,NH1482,441,1498738591.0,3.0714249128787503,2.990261
ablation,2,process_only,436,NH1477,436,1498739759.0,2.8579737840900004,2.7165754
ablation,2,process_only,421,NH1464,421,1498741055.0,2.8710665303020826,2.818697
ablation,2,process_only,422,NH1465,422,1498741322.0,3.1901213409087497,3.0515652
ablation,2,process_only,423,NH1466,423,1498741937.0,2.797970242424584,2.749606
ablation,2,process_only,469,NH1510,469,1498825160.0,2.82887276894,2.7450345
ablation,2,process_only,468,NH1509,468,1498825229.0,2.7863670681812502,2.840809
ablation,2,process_only,470,NH1511,470,1498826279.0,2.811349795454166,2.8609495
ablation,2,process_only,471,NH1512,471,1498826374.0,2.5712548257574994,2.6653187
ablation,2,process_only,472,NH1513,472,1498827126.0,2.8397837083341666,2.7838993
ablation,2,process_only,467,NH1508,467,1498827363.0,2.7506098939383334,2.7893956
ablation,2,process_only,507,NH1561,507,1498838962.5,2.9154196856066665,2.7133443
ablation,2,process_only,508,NH1562,508,1498838990.0,2.9867449545445828,2.599987
ablation,2,process_only,509,NH1563,509,1498839097.0,3.209558715909166,2.9014828
ablation,2,process_only,510,NH1564,510,1498839854.0,3.3299264583341674,2.9969883
ablation,2,process_only,512,NH1566,512,1498839920.5,2.8937555492425004,2.6709821
ablation,2,process_only,511,NH1565,511,1498840185.0,3.0193580075754163,2.7447765
ablation,2,process_only,513,NH1567,513,1498841074.0,3.4054379431804156,2.9246728
ablation,2,process_only,506,NH1560,506,1498841096.0,2.8437803522733334,2.6774342
ablation,2,process_only,505,NH1559,505,1498841312.0,3.026218575757916,2.7313993
ablation,2,process_only,525,NH1577,525,1498855582.0,2.7140443080811116,2.678477
ablation,2,process_only,526,NH1578,526,1498855650.0,2.928948969696666,2.7735417
ablation,2,process_only,524,NH1576,524,1498855717.0,2.7670094217169448,2.6089303
ablation,2,process_only,493,NH1547,493,1498882998.0,2.8696522222222227,2.883381
ablation,2,process_only,494,NH1548,494,1498883032.0,2.752624828283055,2.8131793
ablation,2,process_only,495,NH1549,495,1498883413.0,2.7769003611119447,2.616872
ablation,2,process_only,482,NH1528,482,1498932471.0,2.695868310606111,2.5843754
ablation,2,process_only,483,NH1529,483,1498932508.0,2.8512445277777783,2.7264402
ablation,2,process_only,484,NH1530,484,1498932605.5,3.0451293030302775,2.8096123
ablation,2,process_only,546,NH1599,546,1498942687.5,2.7516804595958333,2.6442173
ablation,2,process_only,545,NH1598,545,1498942743.0,2.583565361110278,2.5490696
ablation,2,process_only,547,NH1600,547,1498942959.5,2.8901921085852775,2.7945936
ablation,2,process_only,542,NH1595,542,1498945670.0,2.847530583332917,2.579263
ablation,2,process_only,541,NH1594,541,1498945775.0,2.8696292537883332,2.6155374
ablation,2,process_only,543,NH1596,543,1498946970.0,2.9677918446975,2.6779842
ablation,2,process_only,544,NH1597,544,1498948067.0,3.32966174242375,3.0261173
ablation,2,process_only,539,NH1592,539,1498948161.5,2.9873053598491666,2.7971127
ablation,2,process_only,540,NH1593,540,1498948271.0,3.007452212120417,2.7307265
ablation,2,process_only,549,NH1602,549,1498948491.0,2.6095519949491663,2.6533802
ablation,2,process_only,548,NH1601,548,1498948570.0,2.679304651514722,2.8639107
ablation,2,process_only,550,NH1603,550,1498948597.0,2.4643921868686105,2.611317
ablation,2,process_only,514,NH1568,514,1498953600.0,2.873743284090417,2.7085495
ablation,2,process_only,515,NH1569,515,1498953600.0,3.258172492424584,2.9052002
ablation,2,process_only,552,NH1605,552,1498953600.0,2.539839329545001,2.717017
ablation,2,process_only,553,NH1606,553,1498953600.0,2.7267650037887496,2.8668394
ablation,2,process_only,554,NH1607,554,1498953600.0,2.794889651515416,2.721812
ablation,2,process_only,555,NH1608,555,1498953600.0,2.7100046969695835,2.7100565
ablation,2,process_only,426,NH1469,426,1498954010.5,3.3536392916670836,3.027551
ablation,2,process_only,427,NH1469,426,1498954010.5,3.3536392916670836,3.0412207
ablation,2,process_only,428,NH1470,428,1498954068.0,2.9344255719695838,2.7381098
ablation,2,process_only,429,NH1470,428,1498954068.0,2.9344255719695838,2.749676
ablation,2,process_only,430,NH1471,430,1498954145.0,2.700038464015417,2.5813
ablation,2,process_only,431,NH1472,431,1498954226.0,2.871240454544792,3.0186212
ablation,2,process_only,432,NH1473,432,1498954563.5,2.8334246988633334,2.7270973
ablation,2,process_only,433,NH1474,433,1498954901.5,2.944900195834292,2.9356816
ablation,2,process_only,556,NH1609,556,1498961594.5,2.808178026515416,2.9264467
ablation,2,process_only,551,NH1604,551,1498961718.0,2.894043181817917,2.7604196
ablation,2,process_only,417,NH1460,417,1498963460.5,2.915021795454443,2.7839816
ablation,2,process_only,418,NH1461,418,1498963483.0,2.707362411616389,2.7739441
ablation,2,process_only,419,NH1462,419,1498973496.5,2.6863496919191663,2.5298562
ablation,2,process_only,420,NH1463,420,1498974149.0,2.520522416666666,2.6842988
ablation,2,process_only,409,NH1450,409,1498975878.0,2.755381289925676,2.6575823
ablation,2,process_only,410,NH1451,410,1498975989.0,3.0433975808080547,2.7453372
ablation,2,process_only,411,NH1452,411,1498976094.5,3.246185393939722,2.8562078
ablation,2,process_only,434,NH1475,434,1498987965.5,2.9112718484852085,2.683493
ablation,2,process_only,424,NH1467,424,1498988835.5,2.779368295454374,2.6865456
ablation,2,process_only,435,NH1476,435,1498988891.0,2.697709937500001,2.6416588
ablation,2,process_only,425,NH1468,425,1498989163.5,2.851153931818126,2.8066046
ablation,2,process_only,558,NH1611,558,1499034494.0,2.5755620909088894,2.8461187
ablation,2,process_only,557,NH1610,557,1499034572.0,2.4609179873736116,2.639433
ablation,2,process_only,559,NH1612,559,1499034745.5,2.621274502524444,2.6182835
ablation,2,process_only,479,NH1520,479,1499040000.0,2.7224765946977083,2.7600834
ablation,2,process_only,480,NH1521,480,1499040000.0,2.683536670454166,2.8061838
ablation,2,process_only,481,NH1522,481,1499040000.0,2.93052868939375,2.8220685
ablation,2,process_only,478,NH1519,478,1499044236.5,2.9073547348479165,2.8038816
ablation,2,process_only,634,NH1757,634,1499044346.0,2.8736678383836107,2.7099018
ablation,2,process_only,635,NH1758,635,1499045010.0,2.7538293484841665,2.7015312
ablation,2,process_only,633,NH1755,633,1499051628.0,2.868438573232777,2.8456872
ablation,2,process_only,632,NH1754,632,1499051707.0,2.7977523131311104,2.727541
ablation,2,process_only,413,NH1455,413,1499060294.0,2.7748878939404165,2.6612427
ablation,2,process_only,415,NH1457,415,1499060343.5,2.965334935605833,2.9103415
ablation,2,process_only,412,NH1454,412,1499060373.0,2.8213227462112505,2.944826
ablation,2,process_only,414,NH1456,414,1499060399.0,2.539858378787917,2.6862411
ablation,2,process_only,416,NH1458,416,1499060952.0,2.8149711704537497,2.6188972
ablation,2,process_only,590,NH1671,590,1499087696.5,2.7723035265154166,2.5621002
ablation,2,process_only,591,NH1672,591,1499089211.0,2.7109870606066666,2.6413813
ablation,2,process_only,574,NH1628,574,1499093143.0,2.765108738181733,2.677776
ablation,2,process_only,575,NH1629,575,1499093442.0,2.7709344015144453,2.7472546
ablation,2,process_only,576,NH1630,576,1499093764.0,2.9784578535355566,2.966684
ablation,2,process_only,579,NH1633,579,1499095925.0,3.001783654545001,2.7167158
ablation,2,process_only,572,NH1626,572,1499095930.5,2.6289725101013888,2.7620049
ablation,2,process_only,573,NH1627,573,1499096060.0,2.64773330808,2.7505515
ablation,2,time_only,447,NH1488,447,1498732022.0,3.213455666666251,3.030694
ablation,2,time_only,449,NH1490,449,1498732951.0,3.205263837121666,3.1186962
ablation,2,time_only,443,NH1484,443,1498733098.0,3.04554245454625,2.9313018
ablation,2,time_only,442,NH1483,442,1498734414.0,3.305119875,3.0323143
ablation,2,time_only,438,NH1479,438,1498736997.5,2.7656549090905553,2.6496994
ablation,2,time_only,437,NH1478,437,1498737267.5,2.9087390106059994,2.926406
ablation,2,time_only,439,NH1480,439,1498737459.0,2.856577093434167,2.8485959
ablation,2,time_only,440,NH1481,440,1498737814.0,2.5367798143945834,2.543066
ablation,2,time_only,441,NH1482,441,1498738591.0,3.0714249128787503,3.0078506
ablation,2,time_only,436,NH1477,436,1498739759.0,2.8579737840900004,2.691677
ablation,2,time_only,421,NH1464,421,1498741055.0,2.8710665303020826,2.783244
ablation,2,time_only,422,NH1465,422,1498741322.0,3.1901213409087497,3.0081375
ablation,2,time_only,423,NH1466,423,1498741937.0,2.797970242424584,2.6925876
ablation,2,time_only,469,NH1510,469,1498825160.0,2.82887276894,2.7888863
ablation,2,time_only,468,NH1509,468,1498825229.0,2.7863670681812502,2.9300816
ablation,2,time_only,470,NH1511,470,1498826279.0,2.811349795454166,2.911518
ablation,2,time_only,471,NH1512,471,1498826374.0,2.5712548257574994,2.719164
ablation,2,time_only,472,NH1513,472,1498827126.0,2.8397837083341666,2.8407986
ablation,2,time_only,467,NH1508,467,1498827363.0,2.7506098939383334,2.88731
ablation,2,time_only,507,NH1561,507,1498838962.5,2.9154196856066665,2.7495916
ablation,2,time_only,508,NH1562,508,1498838990.0,2.9867449545445828,2.6093898
ablation,2,time_only,509,NH1563,509,1498839097.0,3.209558715909166,2.9503014
ablation,2,time_only,510,NH1564,510,1498839854.0,3.3299264583341674,3.035244
ablation,2,time_only,512,NH1566,512,1498839920.5,2.8937555492425004,2.7014759
ablation,2,time_only,511,NH1565,511,1498840185.0,3.0193580075754163,2.7600508
ablation,2,time_only,513,NH1567,513,1498841074.0,3.4054379431804156,3.0018365
ablation,2,time_only,506,NH1560,506,1498841096.0,2.8437803522733334,2.6991072
ablation,2,time_only,505,NH1559,505,1498841312.0,3.026218575757916,2.7832499
ablation,2,time_only,525,NH1577,525,1498855582.0,2.7140443080811116,2.6701734
ablation,2,time_only,526,NH1578,526,1498855650.0,2.928948969696666,2.8230095
ablation,2,time_only,524,NH1576,524,1498855717.0,2.7670094217169448,2.647449
ablation,2,time_only,493,NH1547,493,1498882998.0,2.8696522222222227,2.869257
ablation,2,time_only,494,NH1548,494,1498883032.0,2.752624828283055,2.8300679
ablation,2,time_only,495,NH1549,495,1498883413.0,2.7769003611119447,2.6876736
ablation,2,time_only,482,NH1528,482,1498932471.0,2.695868310606111,2.6611364
ablation,2,time_only,483,NH1529,483,1498932508.0,2.8512445277777783,2.8112133
ablation,2,time_only,484,NH1530,484,1498932605.5,3.0451293030302775,2.9047813
ablation,2,time_only,546,NH1599,546,1498942687.5,2.7516804595958333,2.73483
ablation,2,time_only,545,NH1598,545,1498942743.0,2.583565361110278,2.6505642
ablation,2,time_only,547,NH1600,547,1498942959.5,2.8901921085852775,2.939991
ablation,2,time_only,542,NH1595,542,1498945670.0,2.847530583332917,2.6488187
ablation,2,time_only,541,NH1594,541,1498945775.0,2.8696292537883332,2.6773975
ablation,2,time_only,543,NH1596,543,1498946970.0,2.9677918446975,2.6871643
ablation,2,time_only,544,NH1597,544,1498948067.0,3.32966174242375,3.041444
ablation,2,time_only,539,NH1592,539,1498948161.5,2.9873053598491666,2.7825449
ablation,2,time_only,540,NH1593,540,1498948271.0,3.007452212120417,2.7188673
ablation,2,time_only,549,NH1602,549,1498948491.0,2.6095519949491663,2.6331298
ablation,2,time_only,548,NH1601,548,1498948570.0,2.679304651514722,2.9301481
ablation,2,time_only,550,NH1603,550,1498948597.0,2.4643921868686105,2.6440392
ablation,2,time_only,514,NH1568,514,1498953600.0,2.873743284090417,2.7167625
ablation,2,time_only,515,NH1569,515,1498953600.0,3.258172492424584,2.959592
ablation,2,time_only,552,NH1605,552,1498953600.0,2.539839329545001,2.7977536
ablation,2,time_only,553,NH1606,553,1498953600.0,2.7267650037887496,2.9402618
ablation,2,time_only,554,NH1607,554,1498953600.0,2.794889651515416,2.758381
ablation,2,time_only,555,NH1608,555,1498953600.0,2.7100046969695835,2.7583807
ablation,2,time_only,426,NH1469,426,1498954010.5,3.3536392916670836,3.026183
ablation,2,time_only,427,NH1469,426,1498954010.5,3.3536392916670836,3.026045
ablation,2,time_only,428,NH1470,428,1498954068.0,2.9344255719695838,2.8418367
ablation,2,time_only,429,NH1470,428,1498954068.0,2.9344255719695838,2.8415718
ablation,2,time_only,430,NH1471,430,1498954145.0,2.700038464015417,2.6349494
ablation,2,time_only,431,NH1472,431,1498954226.0,2.871240454544792,3.0777066
ablation,2,time_only,432,NH1473,432,1498954563.5,2.8334246988633334,2.7792852
ablation,2,time_only,433,NH1474,433,1498954901.5,2.944900195834292,2.9866333
ablation,2,time_only,556,NH1609,556,1498961594.5,2.808178026515416,2.9601002
ablation,2,time_only,551,NH1604,551,1498961718.0,2.894043181817917,2.8607645
ablation,2,time_only,417,NH1460,417,1498963460.5,2.915021795454443,2.7751503
ablation,2,time_only,418,NH1461,418,1498963483.0,2.707362411616389,2.81433
ablation,2,time_only,419,NH1462,419,1498973496.5,2.6863496919191663,2.5856988
ablation,2,time_only,420,NH1463,420,1498974149.0,2.520522416666666,2.717181
ablation,2,time_only,409,NH1450,409,1498975878.0,2.755381289925676,2.7464707
ablation,2,time_only,410,NH1451,410,1498975989.0,3.0433975808080547,2.8484323
ablation,2,time_only,411,NH1452,411,1498976094.5,3.246185393939722,2.9585373
ablation,2,time_only,434,NH1475,434,1498987965.5,2.9112718484852085,2.7325318
ablation,2,time_only,424,NH1467,424,1498988835.5,2.779368295454374,2.7133949
ablation,2,time_only,435,NH1476,435,1498988891.0,2.697709937500001,2.703008
ablation,2,time_only,425,NH1468,425,1498989163.5,2.851153931818126,2.9159899
ablation,2,time_only,558,NH1611,558,1499034494.0,2.5755620909088894,2.8376484
ablation,2,time_only,557,NH1610,557,1499034572.0,2.4609179873736116,2.6712055
ablation,2,time_only,559,NH1612,559,1499034745.5,2.621274502524444,2.6352105
ablation,2,time_only,479,NH1520,479,1499040000.0,2.7224765946977083,2.759485
ablation,2,time_only,480,NH1521,480,1499040000.0,2.683536670454166,2.7795439
ablation,2,time_only,481,NH1522,481,1499040000.0,2.93052868939375,2.8314793
ablation,2,time_only,478,NH1519,478,1499044236.5,2.9073547348479165,2.8290217
ablation,2,time_only,634,NH1757,634,1499044346.0,2.8736678383836107,2.817036
ablation,2,time_only,635,NH1758,635,1499045010.0,2.7538293484841665,2.7187834
ablation,2,time_only,633,NH1755,633,1499051628.0,2.868438573232777,2.9015522
ablation,2,time_only,632,NH1754,632,1499051707.0,2.7977523131311104,2.7744505
ablation,2,time_only,413,NH1455,413,1499060294.0,2.7748878939404165,2.708215
ablation,2,time_only,415,NH1457,415,1499060343.5,2.965334935605833,2.9682264
ablation,2,time_only,412,NH1454,412,1499060373.0,2.8213227462112505,2.9855957
ablation,2,time_only,414,NH1456,414,1499060399.0,2.539858378787917,2.751571
ablation,2,time_only,416,NH1458,416,1499060952.0,2.8149711704537497,2.6997783
ablation,2,time_only,590,NH1671,590,1499087696.5,2.7723035265154166,2.5747478
ablation,2,time_only,591,NH1672,591,1499089211.0,2.7109870606066666,2.6645348
ablation,2,time_only,574,NH1628,574,1499093143.0,2.765108738181733,2.749173
ablation,2,time_only,575,NH1629,575,1499093442.0,2.7709344015144453,2.8002024
ablation,2,time_only,576,NH1630,576,1499093764.0,2.9784578535355566,3.0112782
ablation,2,time_only,579,NH1633,579,1499095925.0,3.001783654545001,2.7242022
ablation,2,time_only,572,NH1626,572,1499095930.5,2.6289725101013888,2.7859676
ablation,2,time_only,573,NH1627,573,1499096060.0,2.64773330808,2.793104
ablation,2,full,447,NH1488,447,1498732022.0,3.213455666666251,3.0354664
ablation,2,full,449,NH1490,449,1498732951.0,3.205263837121666,3.0976741
ablation,2,full,443,NH1484,443,1498733098.0,3.04554245454625,2.8497221
ablation,2,full,442,NH1483,442,1498734414.0,3.305119875,3.0488899
ablation,2,full,438,NH1479,438,1498736997.5,2.7656549090905553,2.6880789
ablation,2,full,437,NH1478,437,1498737267.5,2.9087390106059994,2.9558551
ablation,2,full,439,NH1480,439,1498737459.0,2.856577093434167,2.8917763
ablation,2,full,440,NH1481,440,1498737814.0,2.5367798143945834,2.51844
ablation,2,full,441,NH1482,441,1498738591.0,3.0714249128787503,3.023379
ablation,2,full,436,NH1477,436,1498739759.0,2.8579737840900004,2.7081716
ablation,2,full,421,NH1464,421,1498741055.0,2.8710665303020826,2.8176906
ablation,2,full,422,NH1465,422,1498741322.0,3.1901213409087497,3.0486686
ablation,2,full,423,NH1466,423,1498741937.0,2.797970242424584,2.729173
ablation,2,full,469,NH1510,469,1498825160.0,2.82887276894,2.7797413
ablation,2,full,468,NH1509,468,1498825229.0,2.7863670681812502,2.876529
ablation,2,full,470,NH1511,470,1498826279.0,2.811349795454166,2.8720357
ablation,2,full,471,NH1512,471,1498826374.0,2.5712548257574994,2.6961648
ablation,2,full,472,NH1513,472,1498827126.0,2.8397837083341666,2.7868042
ablation,2,full,467,NH1508,467,1498827363.0,2.7506098939383334,2.8337123
ablation,2,full,507,NH1561,507,1498838962.5,2.9154196856066665,2.7175748
ablation,2,full,508,NH1562,508,1498838990.0,2.9867449545445828,2.5926416
ablation,2,full,509,NH1563,509,1498839097.0,3.209558715909166,2.9170225
ablation,2,full,510,NH1564,510,1498839854.0,3.3299264583341674,3.011798
ablation,2,full,512,NH1566,512,1498839920.5,2.8937555492425004,2.6881888
ablation,2,full,511,NH1565,511,1498840185.0,3.0193580075754163,2.7576344
ablation,2,full,513,NH1567,513,1498841074.0,3.4054379431804156,2.9480584
ablation,2,full,506,NH1560,506,1498841096.0,2.8437803522733334,2.6723163
ablation,2,full,505,NH1559,505,1498841312.0,3.026218575757916,2.726678
ablation,2,full,525,NH1577,525,1498855582.0,2.7140443080811116,2.6626194
ablation,2,full,526,NH1578,526,1498855650.0,2.928948969696666,2.8077955
ablation,2,full,524,NH1576,524,1498855717.0,2.7670094217169448,2.5981405
ablation,2,full,493,NH1547,493,1498882998.0,2.8696522222222227,2.9020112
ablation,2,full,494,NH1548,494,1498883032.0,2.752624828283055,2.8279507
ablation,2,full,495,NH1549,495,1498883413.0,2.7769003611119447,2.623514
ablation,2,full,482,NH1528,482,1498932471.0,2.695868310606111,2.6185856
ablation,2,full,483,NH1529,483,1498932508.0,2.8512445277777783,2.7637167
ablation,2,full,484,NH1530,484,1498932605.5,3.0451293030302775,2.851406
ablation,2,full,546,NH1599,546,1498942687.5,2.7516804595958333,2.65697
ablation,2,full,545,NH1598,545,1498942743.0,2.583565361110278,2.576388
ablation,2,full,547,NH1600,547,1498942959.5,2.8901921085852775,2.835675
ablation,2,full,542,NH1595,542,1498945670.0,2.847530583332917,2.6126292
ablation,2,full,541,NH1594,541,1498945775.0,2.8696292537883332,2.6358576
ablation,2,full,543,NH1596,543,1498946970.0,2.9677918446975,2.7031174
ablation,2,full,544,NH1597,544,1498948067.0,3.32966174242375,3.0440853
ablation,2,full,539,NH1592,539,1498948161.5,2.9873053598491666,2.804207
ablation,2,full,540,NH1593,540,1498948271.0,3.007452212120417,2.7449863
ablation,2,full,549,NH1602,549,1498948491.0,2.6095519949491663,2.6513784
ablation,2,full,548,NH1601,548,1498948570.0,2.679304651514722,2.8756828
ablation,2,full,550,NH1603,550,1498948597.0,2.4643921868686105,2.6022246
ablation,2,full,514,NH1568,514,1498953600.0,2.873743284090417,2.7204304
ablation,2,full,515,NH1569,515,1498953600.0,3.258172492424584,2.9651616
ablation,2,full,552,NH1605,552,1498953600.0,2.539839329545001,2.7654011
ablation,2,full,553,NH1606,553,1498953600.0,2.7267650037887496,2.8906536
ablation,2,full,554,NH1607,554,1498953600.0,2.794889651515416,2.700742
ablation,2,full,555,NH1608,555,1498953600.0,2.7100046969695835,2.730305
ablation,2,full,426,NH1469,426,1498954010.5,3.3536392916670836,3.0197017
ablation,2,full,427,NH1469,426,1498954010.5,3.3536392916670836,3.0282142
ablation,2,full,428,NH1470,428,1498954068.0,2.9344255719695838,2.736252
ablation,2,full,429,NH1470,428,1498954068.0,2.9344255719695838,2.7484634
ablation,2,full,430,NH1471,430,1498954145.0,2.700038464015417,2.5848129
ablation,2,full,431,NH1472,431,1498954226.0,2.871240454544792,3.0629756
ablation,2,full,432,NH1473,432,1498954563.5,2.8334246988633334,2.7473621
ablation,2,full,433,NH1474,433,1498954901.5,2.944900195834292,2.9562063
ablation,2,full,556,NH1609,556,1498961594.5,2.808178026515416,2.9366665
ablation,2,full,551,NH1604,551,1498961718.0,2.894043181817917,2.8076794
ablation,2,full,417,NH1460,417,1498963460.5,2.915021795454443,2.7858315
ablation,2,full,418,NH1461,418,1498963483.0,2.707362411616389,2.8003275
ablation,2,full,419,NH1462,419,1498973496.5,2.6863496919191663,2.5462434
ablation,2,full,420,NH1463,420,1498974149.0,2.520522416666666,2.7166014
ablation,2,full,409,NH1450,409,1498975878.0,2.755381289925676,2.6868289
ablation,2,full,410,NH1451,410,1498975989.0,3.0433975808080547,2.7988455
ablation,2,full,411,NH1452,411,1498976094.5,3.246185393939722,2.9126055
ablation,2,full,434,NH1475,434,1498987965.5,2.9112718484852085,2.7036505
ablation,2,full,424,NH1467,424,1498988835.5,2.779368295454374,2.7002494
ablation,2,full,435,NH1476,435,1498988891.0,2.697709937500001,2.637867
ablation,2,full,425,NH1468,425,1498989163.5,2.851153931818126,2.8605137
ablation,2,full,558,NH1611,558,1499034494.0,2.5755620909088894,2.8226616
ablation,2,full,557,NH1610,557,1499034572.0,2.4609179873736116,2.6670628
ablation,2,full,559,NH1612,559,1499034745.5,2.621274502524444,2.616493
ablation,2,full,479,NH1520,479,1499040000.0,2.7224765946977083,2.750434
ablation,2,full,480,NH1521,480,1499040000.0,2.683536670454166,2.8140404
ablation,2,full,481,NH1522,481,1499040000.0,2.93052868939375,2.826025
ablation,2,full,478,NH1519,478,1499044236.5,2.9073547348479165,2.8013074
ablation,2,full,634,NH1757,634,1499044346.0,2.8736678383836107,2.7923505
ablation,2,full,635,NH1758,635,1499045010.0,2.7538293484841665,2.7013772
ablation,2,full,633,NH1755,633,1499051628.0,2.868438573232777,2.88585
ablation,2,full,632,NH1754,632,1499051707.0,2.7977523131311104,2.7538166
ablation,2,full,413,NH1455,413,1499060294.0,2.7748878939404165,2.6662068
ablation,2,full,415,NH1457,415,1499060343.5,2.965334935605833,2.96857
ablation,2,full,412,NH1454,412,1499060373.0,2.8213227462112505,2.9938395
ablation,2,full,414,NH1456,414,1499060399.0,2.539858378787917,2.71515
ablation,2,full,416,NH1458,416,1499060952.0,2.8149711704537497,2.6786098
ablation,2,full,590,NH1671,590,1499087696.5,2.7723035265154166,2.545145
ablation,2,full,591,NH1672,591,1499089211.0,2.7109870606066666,2.6500206
ablation,2,full,574,NH1628,574,1499093143.0,2.765108738181733,2.6901734
ablation,2,full,575,NH1629,575,1499093442.0,2.7709344015144453,2.7347813
ablation,2,full,576,NH1630,576,1499093764.0,2.9784578535355566,3.0040953
ablation,2,full,579,NH1633,579,1499095925.0,3.001783654545001,2.733241
ablation,2,full,572,NH1626,572,1499095930.5,2.6289725101013888,2.7555256
ablation,2,full,573,NH1627,573,1499096060.0,2.64773330808,2.7502224
ablation,2,no_mask,447,NH1488,447,1498732022.0,3.213455666666251,3.024677
ablation,2,no_mask,449,NH1490,449,1498732951.0,3.205263837121666,3.108039
ablation,2,no_mask,443,NH1484,443,1498733098.0,3.04554245454625,2.855548
ablation,2,no_mask,442,NH1483,442,1498734414.0,3.305119875,3.039337
ablation,2,no_mask,438,NH1479,438,1498736997.5,2.7656549090905553,2.6947696
ablation,2,no_mask,437,NH1478,437,1498737267.5,2.9087390106059994,2.958102
ablation,2,no_mask,439,NH1480,439,1498737459.0,2.856577093434167,2.8744068
ablation,2,no_mask,440,NH1481,440,1498737814.0,2.5367798143945834,2.509369
ablation,2,no_mask,441,NH1482,441,1498738591.0,3.0714249128787503,3.0220687
ablation,2,no_mask,436,NH1477,436,1498739759.0,2.8579737840900004,2.707693
ablation,2,no_mask,421,NH1464,421,1498741055.0,2.8710665303020826,2.810959
ablation,2,no_mask,422,NH1465,422,1498741322.0,3.1901213409087497,3.0467737
ablation,2,no_mask,423,NH1466,423,1498741937.0,2.797970242424584,2.7162876
ablation,2,no_mask,469,NH1510,469,1498825160.0,2.82887276894,2.7664633
ablation,2,no_mask,468,NH1509,468,1498825229.0,2.7863670681812502,2.879452
ablation,2,no_mask,470,NH1511,470,1498826279.0,2.811349795454166,2.8745005
ablation,2,no_mask,471,NH1512,471,1498826374.0,2.5712548257574994,2.70685
ablation,2,no_mask,472,NH1513,472,1498827126.0,2.8397837083341666,2.810505
ablation,2,no_mask,467,NH1508,467,1498827363.0,2.7506098939383334,2.8633363
ablation,2,no_mask,507,NH1561,507,1498838962.5,2.9154196856066665,2.7104778
ablation,2,no_mask,508,NH1562,508,1498838990.0,2.9867449545445828,2.6213884
ablation,2,no_mask,509,NH1563,509,1498839097.0,3.209558715909166,2.9249895
ablation,2,no_mask,510,NH1564,510,1498839854.0,3.3299264583341674,3.0137768
ablation,2,no_mask,512,NH1566,512,1498839920.5,2.8937555492425004,2.7082825
ablation,2,no_mask,511,NH1565,511,1498840185.0,3.0193580075754163,2.7453327
ablation,2,no_mask,513,NH1567,513,1498841074.0,3.4054379431804156,2.9525106
ablation,2,no_mask,506,NH1560,506,1498841096.0,2.8437803522733334,2.696133
ablation,2,no_mask,505,NH1559,505,1498841312.0,3.026218575757916,2.724988
ablation,2,no_mask,525,NH1577,525,1498855582.0,2.7140443080811116,2.6957176
ablation,2,no_mask,526,NH1578,526,1498855650.0,2.928948969696666,2.8006523
ablation,2,no_mask,524,NH1576,524,1498855717.0,2.7670094217169448,2.6236389
ablation,2,no_mask,493,NH1547,493,1498882998.0,2.8696522222222227,2.869458
ablation,2,no_mask,494,NH1548,494,1498883032.0,2.752624828283055,2.826106
ablation,2,no_mask,495,NH1549,495,1498883413.0,2.7769003611119447,2.6230974
ablation,2,no_mask,482,NH1528,482,1498932471.0,2.695868310606111,2.610953
ablation,2,no_mask,483,NH1529,483,1498932508.0,2.8512445277777783,2.7672565
ablation,2,no_mask,484,NH1530,484,1498932605.5,3.0451293030302775,2.8621235
ablation,2,no_mask,546,NH1599,546,1498942687.5,2.7516804595958333,2.677817
ablation,2,no_mask,545,NH1598,545,1498942743.0,2.583565361110278,2.5747602
ablation,2,no_mask,547,NH1600,547,1498942959.5,2.8901921085852775,2.8264828
ablation,2,no_mask,542,NH1595,542,1498945670.0,2.847530583332917,2.63951
ablation,2,no_mask,541,NH1594,541,1498945775.0,2.8696292537883332,2.6491902
ablation,2,no_mask,543,NH1596,543,1498946970.0,2.9677918446975,2.6975262
ablation,2,no_mask,544,NH1597,544,1498948067.0,3.32966174242375,3.0236447
ablation,2,no_mask,539,NH1592,539,1498948161.5,2.9873053598491666,2.805732
ablation,2,no_mask,540,NH1593,540,1498948271.0,3.007452212120417,2.7497804
ablation,2,no_mask,549,NH1602,549,1498948491.0,2.6095519949491663,2.6323607
ablation,2,no_mask,548,NH1601,548,1498948570.0,2.679304651514722,2.8933098
ablation,2,no_mask,550,NH1603,550,1498948597.0,2.4643921868686105,2.5973816
ablation,2,no_mask,514,NH1568,514,1498953600.0,2.873743284090417,2.706929
ablation,2,no_mask,515,NH1569,515,1498953600.0,3.258172492424584,2.9462767
ablation,2,no_mask,552,NH1605,552,1498953600.0,2.539839329545001,2.7816238
ablation,2,no_mask,553,NH1606,553,1498953600.0,2.7267650037887496,2.877217
ablation,2,no_mask,554,NH1607,554,1498953600.0,2.794889651515416,2.7204978
ablation,2,no_mask,555,NH1608,555,1498953600.0,2.7100046969695835,2.7314024
ablation,2,no_mask,426,NH1469,426,1498954010.5,3.3536392916670836,3.007515
ablation,2,no_mask,427,NH1469,426,1498954010.5,3.3536392916670836,3.0178986
ablation,2,no_mask,428,NH1470,428,1498954068.0,2.9344255719695838,2.7399464
ablation,2,no_mask,429,NH1470,428,1498954068.0,2.9344255719695838,2.753753
ablation,2,no_mask,430,NH1471,430,1498954145.0,2.700038464015417,2.577856
ablation,2,no_mask,431,NH1472,431,1498954226.0,2.871240454544792,3.032368
ablation,2,no_mask,432,NH1473,432,1498954563.5,2.8334246988633334,2.7328892
ablation,2,no_mask,433,NH1474,433,1498954901.5,2.944900195834292,2.950651
ablation,2,no_mask,556,NH1609,556,1498961594.5,2.808178026515416,2.9261086
ablation,2,no_mask,551,NH1604,551,1498961718.0,2.894043181817917,2.8185709
ablation,2,no_mask,417,NH1460,417,1498963460.5,2.915021795454443,2.7815974
ablation,2,no_mask,418,NH1461,418,1498963483.0,2.707362411616389,2.7895777
ablation,2,no_mask,419,NH1462,419,1498973496.5,2.6863496919191663,2.5280018
ablation,2,no_mask,420,NH1463,420,1498974149.0,2.520522416666666,2.7037604
ablation,2,no_mask,409,NH1450,409,1498975878.0,2.755381289925676,2.6850688
ablation,2,no_mask,410,NH1451,410,1498975989.0,3.0433975808080547,2.7932107
ablation,2,no_mask,411,NH1452,411,1498976094.5,3.246185393939722,2.9068115
ablation,2,no_mask,434,NH1475,434,1498987965.5,2.9112718484852085,2.6901114
ablation,2,no_mask,424,NH1467,424,1498988835.5,2.779368295454374,2.709095
ablation,2,no_mask,435,NH1476,435,1498988891.0,2.697709937500001,2.645618
ablation,2,no_mask,425,NH1468,425,1498989163.5,2.851153931818126,2.8356543
ablation,2,no_mask,558,NH1611,558,1499034494.0,2.5755620909088894,2.83161
ablation,2,no_mask,557,NH1610,557,1499034572.0,2.4609179873736116,2.6700485
ablation,2,no_mask,559,NH1612,559,1499034745.5,2.621274502524444,2.635416
ablation,2,no_mask,479,NH1520,479,1499040000.0,2.7224765946977083,2.7513664
ablation,2,no_mask,480,NH1521,480,1499040000.0,2.683536670454166,2.7962167
ablation,2,no_mask,481,NH1522,481,1499040000.0,2.93052868939375,2.827759
ablation,2,no_mask,478,NH1519,478,1499044236.5,2.9073547348479165,2.8018177
ablation,2,no_mask,634,NH1757,634,1499044346.0,2.8736678383836107,2.7911339
ablation,2,no_mask,635,NH1758,635,1499045010.0,2.7538293484841665,2.6944618
ablation,2,no_mask,633,NH1755,633,1499051628.0,2.868438573232777,2.8811798
ablation,2,no_mask,632,NH1754,632,1499051707.0,2.7977523131311104,2.7538617
ablation,2,no_mask,413,NH1455,413,1499060294.0,2.7748878939404165,2.6726477
ablation,2,no_mask,415,NH1457,415,1499060343.5,2.965334935605833,2.9886608
ablation,2,no_mask,412,NH1454,412,1499060373.0,2.8213227462112505,2.9847047
ablation,2,no_mask,414,NH1456,414,1499060399.0,2.539858378787917,2.7152016
ablation,2,no_mask,416,NH1458,416,1499060952.0,2.8149711704537497,2.672659
ablation,2,no_mask,590,NH1671,590,1499087696.5,2.7723035265154166,2.5657537
ablation,2,no_mask,591,NH1672,591,1499089211.0,2.7109870606066666,2.6388295
ablation,2,no_mask,574,NH1628,574,1499093143.0,2.765108738181733,2.7073982
ablation,2,no_mask,575,NH1629,575,1499093442.0,2.7709344015144453,2.7629569
ablation,2,no_mask,576,NH1630,576,1499093764.0,2.9784578535355566,2.9878013
ablation,2,no_mask,579,NH1633,579,1499095925.0,3.001783654545001,2.7330096
ablation,2,no_mask,572,NH1626,572,1499095930.5,2.6289725101013888,2.7760515
ablation,2,no_mask,573,NH1627,573,1499096060.0,2.64773330808,2.7667274
ablation,2,median_only,447,NH1488,447,1498732022.0,3.213455666666251,3.0362494
ablation,2,median_only,449,NH1490,449,1498732951.0,3.205263837121666,3.089555
ablation,2,median_only,443,NH1484,443,1498733098.0,3.04554245454625,2.8551483
ablation,2,median_only,442,NH1483,442,1498734414.0,3.305119875,3.071129
ablation,2,median_only,438,NH1479,438,1498736997.5,2.7656549090905553,2.6323774
ablation,2,median_only,437,NH1478,437,1498737267.5,2.9087390106059994,2.9186733
ablation,2,median_only,439,NH1480,439,1498737459.0,2.856577093434167,2.84884
ablation,2,median_only,440,NH1481,440,1498737814.0,2.5367798143945834,2.4755948
ablation,2,median_only,441,NH1482,441,1498738591.0,3.0714249128787503,2.9911451
ablation,2,median_only,436,NH1477,436,1498739759.0,2.8579737840900004,2.677493
ablation,2,median_only,421,NH1464,421,1498741055.0,2.8710665303020826,2.7809982
ablation,2,median_only,422,NH1465,422,1498741322.0,3.1901213409087497,3.0340054
ablation,2,median_only,423,NH1466,423,1498741937.0,2.797970242424584,2.6937482
ablation,2,median_only,469,NH1510,469,1498825160.0,2.82887276894,2.7713654
ablation,2,median_only,468,NH1509,468,1498825229.0,2.7863670681812502,2.842211
ablation,2,median_only,470,NH1511,470,1498826279.0,2.811349795454166,2.8898544
ablation,2,median_only,471,NH1512,471,1498826374.0,2.5712548257574994,2.6773546
ablation,2,median_only,472,NH1513,472,1498827126.0,2.8397837083341666,2.7745316
ablation,2,median_only,467,NH1508,467,1498827363.0,2.7506098939383334,2.8214388
ablation,2,median_only,507,NH1561,507,1498838962.5,2.9154196856066665,2.735069
ablation,2,median_only,508,NH1562,508,1498838990.0,2.9867449545445828,2.6047933
ablation,2,median_only,509,NH1563,509,1498839097.0,3.209558715909166,2.92311
ablation,2,median_only,510,NH1564,510,1498839854.0,3.3299264583341674,3.0179892
ablation,2,median_only,512,NH1566,512,1498839920.5,2.8937555492425004,2.679879
ablation,2,median_only,511,NH1565,511,1498840185.0,3.0193580075754163,2.7578764
ablation,2,median_only,513,NH1567,513,1498841074.0,3.4054379431804156,2.980215
ablation,2,median_only,506,NH1560,506,1498841096.0,2.8437803522733334,2.6940153
ablation,2,median_only,505,NH1559,505,1498841312.0,3.026218575757916,2.7495549
ablation,2,median_only,525,NH1577,525,1498855582.0,2.7140443080811116,2.66101
ablation,2,median_only,526,NH1578,526,1498855650.0,2.928948969696666,2.7861137
ablation,2,median_only,524,NH1576,524,1498855717.0,2.7670094217169448,2.606968
ablation,2,median_only,493,NH1547,493,1498882998.0,2.8696522222222227,2.8499582
ablation,2,median_only,494,NH1548,494,1498883032.0,2.752624828283055,2.8046978
ablation,2,median_only,495,NH1549,495,1498883413.0,2.7769003611119447,2.6322992
ablation,2,median_only,482,NH1528,482,1498932471.0,2.695868310606111,2.6338177
ablation,2,median_only,483,NH1529,483,1498932508.0,2.8512445277777783,2.7792985
ablation,2,median_only,484,NH1530,484,1498932605.5,3.0451293030302775,2.8730032
ablation,2,median_only,546,NH1599,546,1498942687.5,2.7516804595958333,2.6405122
ablation,2,median_only,545,NH1598,545,1498942743.0,2.583565361110278,2.5754573
ablation,2,median_only,547,NH1600,547,1498942959.5,2.8901921085852775,2.8057282
ablation,2,median_only,542,NH1595,542,1498945670.0,2.847530583332917,2.608923
ablation,2,median_only,541,NH1594,541,1498945775.0,2.8696292537883332,2.6439044
ablation,2,median_only,543,NH1596,543,1498946970.0,2.9677918446975,2.6779978
ablation,2,median_only,544,NH1597,544,1498948067.0,3.32966174242375,3.0398085
ablation,2,median_only,539,NH1592,539,1498948161.5,2.9873053598491666,2.7873662
ablation,2,median_only,540,NH1593,540,1498948271.0,3.007452212120417,2.7338836
ablation,2,median_only,549,NH1602,549,1498948491.0,2.6095519949491663,2.6448395
ablation,2,median_only,548,NH1601,548,1498948570.0,2.679304651514722,2.8419425
ablation,2,median_only,550,NH1603,550,1498948597.0,2.4643921868686105,2.5974
ablation,2,median_only,514,NH1568,514,1498953600.0,2.873743284090417,2.7146187
ablation,2,median_only,515,NH1569,515,1498953600.0,3.258172492424584,2.93567
ablation,2,median_only,552,NH1605,552,1498953600.0,2.539839329545001,2.7567446
ablation,2,median_only,553,NH1606,553,1498953600.0,2.7267650037887496,2.9019146
ablation,2,median_only,554,NH1607,554,1498953600.0,2.794889651515416,2.7101834
ablation,2,median_only,555,NH1608,555,1498953600.0,2.7100046969695835,2.7273734
ablation,2,median_only,426,NH1469,426,1498954010.5,3.3536392916670836,3.030482
ablation,2,median_only,427,NH1469,426,1498954010.5,3.3536392916670836,3.0435839
ablation,2,median_only,428,NH1470,428,1498954068.0,2.9344255719695838,2.75113
ablation,2,median_only,429,NH1470,428,1498954068.0,2.9344255719695838,2.7659829
ablation,2,median_only,430,NH1471,430,1498954145.0,2.700038464015417,2.592403
ablation,2,median_only,431,NH1472,431,1498954226.0,2.871240454544792,3.0559928
ablation,2,median_only,432,NH1473,432,1498954563.5,2.8334246988633334,2.7418826
ablation,2,median_only,433,NH1474,433,1498954901.5,2.944900195834292,2.9795837
ablation,2,median_only,556,NH1609,556,1498961594.5,2.808178026515416,2.9444325
ablation,2,median_only,551,NH1604,551,1498961718.0,2.894043181817917,2.8168027
ablation,2,median_only,417,NH1460,417,1498963460.5,2.915021795454443,2.7853947
ablation,2,median_only,418,NH1461,418,1498963483.0,2.707362411616389,2.78987
ablation,2,median_only,419,NH1462,419,1498973496.5,2.6863496919191663,2.542326
ablation,2,median_only,420,NH1463,420,1498974149.0,2.520522416666666,2.7027428
ablation,2,median_only,409,NH1450,409,1498975878.0,2.755381289925676,2.6839247
ablation,2,median_only,410,NH1451,410,1498975989.0,3.0433975808080547,2.768739
ablation,2,median_only,411,NH1452,411,1498976094.5,3.246185393939722,2.9190028
ablation,2,median_only,434,NH1475,434,1498987965.5,2.9112718484852085,2.709552
ablation,2,median_only,424,NH1467,424,1498988835.5,2.779368295454374,2.7200394
ablation,2,median_only,435,NH1476,435,1498988891.0,2.697709937500001,2.674733
ablation,2,median_only,425,NH1468,425,1498989163.5,2.851153931818126,2.8482597
ablation,2,median_only,558,NH1611,558,1499034494.0,2.5755620909088894,2.8564837
ablation,2,median_only,557,NH1610,557,1499034572.0,2.4609179873736116,2.6867235
ablation,2,median_only,559,NH1612,559,1499034745.5,2.621274502524444,2.6510792
ablation,2,median_only,479,NH1520,479,1499040000.0,2.7224765946977083,2.7691078
ablation,2,median_only,480,NH1521,480,1499040000.0,2.683536670454166,2.8310044
ablation,2,median_only,481,NH1522,481,1499040000.0,2.93052868939375,2.8346226
ablation,2,median_only,478,NH1519,478,1499044236.5,2.9073547348479165,2.8266058
ablation,2,median_only,634,NH1757,634,1499044346.0,2.8736678383836107,2.7562435
ablation,2,median_only,635,NH1758,635,1499045010.0,2.7538293484841665,2.716466
ablation,2,median_only,633,NH1755,633,1499051628.0,2.868438573232777,2.8667905
ablation,2,median_only,632,NH1754,632,1499051707.0,2.7977523131311104,2.7604835
ablation,2,median_only,413,NH1455,413,1499060294.0,2.7748878939404165,2.6912725
ablation,2,median_only,415,NH1457,415,1499060343.5,2.965334935605833,3.0093582
ablation,2,median_only,412,NH1454,412,1499060373.0,2.8213227462112505,3.0007102
ablation,2,median_only,414,NH1456,414,1499060399.0,2.539858378787917,2.738055
ablation,2,median_only,416,NH1458,416,1499060952.0,2.8149711704537497,2.6831691
ablation,2,median_only,590,NH1671,590,1499087696.5,2.7723035265154166,2.5658638
ablation,2,median_only,591,NH1672,591,1499089211.0,2.7109870606066666,2.663519
ablation,2,median_only,574,NH1628,574,1499093143.0,2.765108738181733,2.7570107
ablation,2,median_only,575,NH1629,575,1499093442.0,2.7709344015144453,2.8004444
ablation,2,median_only,576,NH1630,576,1499093764.0,2.9784578535355566,3.0350857
ablation,2,median_only,579,NH1633,579,1499095925.0,3.001783654545001,2.7279503
ablation,2,median_only,572,NH1626,572,1499095930.5,2.6289725101013888,2.8163402
ablation,2,median_only,573,NH1627,573,1499096060.0,2.64773330808,2.8044937
ablation,2,group_min5,447,NH1488,447,1498732022.0,3.213455666666251,3.0354664
ablation,2,group_min5,449,NH1490,449,1498732951.0,3.205263837121666,3.0976741
ablation,2,group_min5,443,NH1484,443,1498733098.0,3.04554245454625,2.8497221
ablation,2,group_min5,442,NH1483,442,1498734414.0,3.305119875,3.0488899
ablation,2,group_min5,438,NH1479,438,1498736997.5,2.7656549090905553,2.6880789
ablation,2,group_min5,437,NH1478,437,1498737267.5,2.9087390106059994,2.9558551
ablation,2,group_min5,439,NH1480,439,1498737459.0,2.856577093434167,2.8917763
ablation,2,group_min5,440,NH1481,440,1498737814.0,2.5367798143945834,2.51844
ablation,2,group_min5,441,NH1482,441,1498738591.0,3.0714249128787503,3.023379
ablation,2,group_min5,436,NH1477,436,1498739759.0,2.8579737840900004,2.7081716
ablation,2,group_min5,421,NH1464,421,1498741055.0,2.8710665303020826,2.8176906
ablation,2,group_min5,422,NH1465,422,1498741322.0,3.1901213409087497,3.0486686
ablation,2,group_min5,423,NH1466,423,1498741937.0,2.797970242424584,2.729173
ablation,2,group_min5,469,NH1510,469,1498825160.0,2.82887276894,2.7797413
ablation,2,group_min5,468,NH1509,468,1498825229.0,2.7863670681812502,2.876529
ablation,2,group_min5,470,NH1511,470,1498826279.0,2.811349795454166,2.8720357
ablation,2,group_min5,471,NH1512,471,1498826374.0,2.5712548257574994,2.6961648
ablation,2,group_min5,472,NH1513,472,1498827126.0,2.8397837083341666,2.7868042
ablation,2,group_min5,467,NH1508,467,1498827363.0,2.7506098939383334,2.8337123
ablation,2,group_min5,507,NH1561,507,1498838962.5,2.9154196856066665,2.7175748
ablation,2,group_min5,508,NH1562,508,1498838990.0,2.9867449545445828,2.5926416
ablation,2,group_min5,509,NH1563,509,1498839097.0,3.209558715909166,2.9170225
ablation,2,group_min5,510,NH1564,510,1498839854.0,3.3299264583341674,3.011798
ablation,2,group_min5,512,NH1566,512,1498839920.5,2.8937555492425004,2.6881888
ablation,2,group_min5,511,NH1565,511,1498840185.0,3.0193580075754163,2.7576344
ablation,2,group_min5,513,NH1567,513,1498841074.0,3.4054379431804156,2.9480584
ablation,2,group_min5,506,NH1560,506,1498841096.0,2.8437803522733334,2.6723163
ablation,2,group_min5,505,NH1559,505,1498841312.0,3.026218575757916,2.726678
ablation,2,group_min5,525,NH1577,525,1498855582.0,2.7140443080811116,2.6626194
ablation,2,group_min5,526,NH1578,526,1498855650.0,2.928948969696666,2.8077955
ablation,2,group_min5,524,NH1576,524,1498855717.0,2.7670094217169448,2.5981405
ablation,2,group_min5,493,NH1547,493,1498882998.0,2.8696522222222227,2.9020112
ablation,2,group_min5,494,NH1548,494,1498883032.0,2.752624828283055,2.8279507
ablation,2,group_min5,495,NH1549,495,1498883413.0,2.7769003611119447,2.623514
ablation,2,group_min5,482,NH1528,482,1498932471.0,2.695868310606111,2.6185856
ablation,2,group_min5,483,NH1529,483,1498932508.0,2.8512445277777783,2.7637167
ablation,2,group_min5,484,NH1530,484,1498932605.5,3.0451293030302775,2.851406
ablation,2,group_min5,546,NH1599,546,1498942687.5,2.7516804595958333,2.65697
ablation,2,group_min5,545,NH1598,545,1498942743.0,2.583565361110278,2.576388
ablation,2,group_min5,547,NH1600,547,1498942959.5,2.8901921085852775,2.835675
ablation,2,group_min5,542,NH1595,542,1498945670.0,2.847530583332917,2.6126292
ablation,2,group_min5,541,NH1594,541,1498945775.0,2.8696292537883332,2.6358576
ablation,2,group_min5,543,NH1596,543,1498946970.0,2.9677918446975,2.7031174
ablation,2,group_min5,544,NH1597,544,1498948067.0,3.32966174242375,3.0440853
ablation,2,group_min5,539,NH1592,539,1498948161.5,2.9873053598491666,2.804207
ablation,2,group_min5,540,NH1593,540,1498948271.0,3.007452212120417,2.7449863
ablation,2,group_min5,549,NH1602,549,1498948491.0,2.6095519949491663,2.6513784
ablation,2,group_min5,548,NH1601,548,1498948570.0,2.679304651514722,2.8756828
ablation,2,group_min5,550,NH1603,550,1498948597.0,2.4643921868686105,2.6022246
ablation,2,group_min5,514,NH1568,514,1498953600.0,2.873743284090417,2.7204304
ablation,2,group_min5,515,NH1569,515,1498953600.0,3.258172492424584,2.9651616
ablation,2,group_min5,552,NH1605,552,1498953600.0,2.539839329545001,2.7654011
ablation,2,group_min5,553,NH1606,553,1498953600.0,2.7267650037887496,2.8906536
ablation,2,group_min5,554,NH1607,554,1498953600.0,2.794889651515416,2.700742
ablation,2,group_min5,555,NH1608,555,1498953600.0,2.7100046969695835,2.730305
ablation,2,group_min5,426,NH1469,426,1498954010.5,3.3536392916670836,3.0197017
ablation,2,group_min5,427,NH1469,426,1498954010.5,3.3536392916670836,3.0282142
ablation,2,group_min5,428,NH1470,428,1498954068.0,2.9344255719695838,2.736252
ablation,2,group_min5,429,NH1470,428,1498954068.0,2.9344255719695838,2.7484634
ablation,2,group_min5,430,NH1471,430,1498954145.0,2.700038464015417,2.5848129
ablation,2,group_min5,431,NH1472,431,1498954226.0,2.871240454544792,3.0629756
ablation,2,group_min5,432,NH1473,432,1498954563.5,2.8334246988633334,2.7473621
ablation,2,group_min5,433,NH1474,433,1498954901.5,2.944900195834292,2.9562063
ablation,2,group_min5,556,NH1609,556,1498961594.5,2.808178026515416,2.9366665
ablation,2,group_min5,551,NH1604,551,1498961718.0,2.894043181817917,2.8076794
ablation,2,group_min5,417,NH1460,417,1498963460.5,2.915021795454443,2.7858315
ablation,2,group_min5,418,NH1461,418,1498963483.0,2.707362411616389,2.8003275
ablation,2,group_min5,419,NH1462,419,1498973496.5,2.6863496919191663,2.5462434
ablation,2,group_min5,420,NH1463,420,1498974149.0,2.520522416666666,2.7166014
ablation,2,group_min5,409,NH1450,409,1498975878.0,2.755381289925676,2.6868289
ablation,2,group_min5,410,NH1451,410,1498975989.0,3.0433975808080547,2.7988455
ablation,2,group_min5,411,NH1452,411,1498976094.5,3.246185393939722,2.9126055
ablation,2,group_min5,434,NH1475,434,1498987965.5,2.9112718484852085,2.7036505
ablation,2,group_min5,424,NH1467,424,1498988835.5,2.779368295454374,2.7002494
ablation,2,group_min5,435,NH1476,435,1498988891.0,2.697709937500001,2.637867
ablation,2,group_min5,425,NH1468,425,1498989163.5,2.851153931818126,2.8605137
ablation,2,group_min5,558,NH1611,558,1499034494.0,2.5755620909088894,2.8226616
ablation,2,group_min5,557,NH1610,557,1499034572.0,2.4609179873736116,2.6670628
ablation,2,group_min5,559,NH1612,559,1499034745.5,2.621274502524444,2.616493
ablation,2,group_min5,479,NH1520,479,1499040000.0,2.7224765946977083,2.750434
ablation,2,group_min5,480,NH1521,480,1499040000.0,2.683536670454166,2.8140404
ablation,2,group_min5,481,NH1522,481,1499040000.0,2.93052868939375,2.826025
ablation,2,group_min5,478,NH1519,478,1499044236.5,2.9073547348479165,2.8013074
ablation,2,group_min5,634,NH1757,634,1499044346.0,2.8736678383836107,2.7923505
ablation,2,group_min5,635,NH1758,635,1499045010.0,2.7538293484841665,2.7013772
ablation,2,group_min5,633,NH1755,633,1499051628.0,2.868438573232777,2.88585
ablation,2,group_min5,632,NH1754,632,1499051707.0,2.7977523131311104,2.7538166
ablation,2,group_min5,413,NH1455,413,1499060294.0,2.7748878939404165,2.6662068
ablation,2,group_min5,415,NH1457,415,1499060343.5,2.965334935605833,2.96857
ablation,2,group_min5,412,NH1454,412,1499060373.0,2.8213227462112505,2.9938395
ablation,2,group_min5,414,NH1456,414,1499060399.0,2.539858378787917,2.71515
ablation,2,group_min5,416,NH1458,416,1499060952.0,2.8149711704537497,2.6786098
ablation,2,group_min5,590,NH1671,590,1499087696.5,2.7723035265154166,2.545145
ablation,2,group_min5,591,NH1672,591,1499089211.0,2.7109870606066666,2.6500206
ablation,2,group_min5,574,NH1628,574,1499093143.0,2.765108738181733,2.6901734
ablation,2,group_min5,575,NH1629,575,1499093442.0,2.7709344015144453,2.7347813
ablation,2,group_min5,576,NH1630,576,1499093764.0,2.9784578535355566,3.0040953
ablation,2,group_min5,579,NH1633,579,1499095925.0,3.001783654545001,2.733241
ablation,2,group_min5,572,NH1626,572,1499095930.5,2.6289725101013888,2.7555256
ablation,2,group_min5,573,NH1627,573,1499096060.0,2.64773330808,2.7502224
ablation,2,group_min5_shrink10,447,NH1488,447,1498732022.0,3.213455666666251,3.046116
ablation,2,group_min5_shrink10,449,NH1490,449,1498732951.0,3.205263837121666,3.080764
ablation,2,group_min5_shrink10,443,NH1484,443,1498733098.0,3.04554245454625,2.8494656
ablation,2,group_min5_shrink10,442,NH1483,442,1498734414.0,3.305119875,3.057213
ablation,2,group_min5_shrink10,438,NH1479,438,1498736997.5,2.7656549090905553,2.6900241
ablation,2,group_min5_shrink10,437,NH1478,437,1498737267.5,2.9087390106059994,2.9225166
ablation,2,group_min5_shrink10,439,NH1480,439,1498737459.0,2.856577093434167,2.8616612
ablation,2,group_min5_shrink10,440,NH1481,440,1498737814.0,2.5367798143945834,2.5113184
ablation,2,group_min5_shrink10,441,NH1482,441,1498738591.0,3.0714249128787503,2.9807918
ablation,2,group_min5_shrink10,436,NH1477,436,1498739759.0,2.8579737840900004,2.7017393
ablation,2,group_min5_shrink10,421,NH1464,421,1498741055.0,2.8710665303020826,2.8060424
ablation,2,group_min5_shrink10,422,NH1465,422,1498741322.0,3.1901213409087497,3.0151577
ablation,2,group_min5_shrink10,423,NH1466,423,1498741937.0,2.797970242424584,2.7317889
ablation,2,group_min5_shrink10,469,NH1510,469,1498825160.0,2.82887276894,2.7843857
ablation,2,group_min5_shrink10,468,NH1509,468,1498825229.0,2.7863670681812502,2.837464
ablation,2,group_min5_shrink10,470,NH1511,470,1498826279.0,2.811349795454166,2.8868911
ablation,2,group_min5_shrink10,471,NH1512,471,1498826374.0,2.5712548257574994,2.6839314
ablation,2,group_min5_shrink10,472,NH1513,472,1498827126.0,2.8397837083341666,2.7751167
ablation,2,group_min5_shrink10,467,NH1508,467,1498827363.0,2.7506098939383334,2.8307343
ablation,2,group_min5_shrink10,507,NH1561,507,1498838962.5,2.9154196856066665,2.715603
ablation,2,group_min5_shrink10,508,NH1562,508,1498838990.0,2.9867449545445828,2.619815
ablation,2,group_min5_shrink10,509,NH1563,509,1498839097.0,3.209558715909166,2.9191227
ablation,2,group_min5_shrink10,510,NH1564,510,1498839854.0,3.3299264583341674,2.9882724
ablation,2,group_min5_shrink10,512,NH1566,512,1498839920.5,2.8937555492425004,2.7042353
ablation,2,group_min5_shrink10,511,NH1565,511,1498840185.0,3.0193580075754163,2.7532413
ablation,2,group_min5_shrink10,513,NH1567,513,1498841074.0,3.4054379431804156,2.9669094
ablation,2,group_min5_shrink10,506,NH1560,506,1498841096.0,2.8437803522733334,2.70601
ablation,2,group_min5_shrink10,505,NH1559,505,1498841312.0,3.026218575757916,2.7420063
ablation,2,group_min5_shrink10,525,NH1577,525,1498855582.0,2.7140443080811116,2.6658657
ablation,2,group_min5_shrink10,526,NH1578,526,1498855650.0,2.928948969696666,2.8099697
ablation,2,group_min5_shrink10,524,NH1576,524,1498855717.0,2.7670094217169448,2.6041558
ablation,2,group_min5_shrink10,493,NH1547,493,1498882998.0,2.8696522222222227,2.8689592
ablation,2,group_min5_shrink10,494,NH1548,494,1498883032.0,2.752624828283055,2.8171837
ablation,2,group_min5_shrink10,495,NH1549,495,1498883413.0,2.7769003611119447,2.6260016
ablation,2,group_min5_shrink10,482,NH1528,482,1498932471.0,2.695868310606111,2.6230671
ablation,2,group_min5_shrink10,483,NH1529,483,1498932508.0,2.8512445277777783,2.7728195
ablation,2,group_min5_shrink10,484,NH1530,484,1498932605.5,3.0451293030302775,2.8464773
ablation,2,group_min5_shrink10,546,NH1599,546,1498942687.5,2.7516804595958333,2.6655686
ablation,2,group_min5_shrink10,545,NH1598,545,1498942743.0,2.583565361110278,2.5799334
ablation,2,group_min5_shrink10,547,NH1600,547,1498942959.5,2.8901921085852775,2.8278468
ablation,2,group_min5_shrink10,542,NH1595,542,1498945670.0,2.847530583332917,2.6278098
ablation,2,group_min5_shrink10,541,NH1594,541,1498945775.0,2.8696292537883332,2.6524115
ablation,2,group_min5_shrink10,543,NH1596,543,1498946970.0,2.9677918446975,2.7217863
ablation,2,group_min5_shrink10,544,NH1597,544,1498948067.0,3.32966174242375,3.051883
ablation,2,group_min5_shrink10,539,NH1592,539,1498948161.5,2.9873053598491666,2.7990196
ablation,2,group_min5_shrink10,540,NH1593,540,1498948271.0,3.007452212120417,2.7596061
ablation,2,group_min5_shrink10,549,NH1602,549,1498948491.0,2.6095519949491663,2.6430357
ablation,2,group_min5_shrink10,548,NH1601,548,1498948570.0,2.679304651514722,2.8787034
ablation,2,group_min5_shrink10,550,NH1603,550,1498948597.0,2.4643921868686105,2.605585
ablation,2,group_min5_shrink10,514,NH1568,514,1498953600.0,2.873743284090417,2.7215633
ablation,2,group_min5_shrink10,515,NH1569,515,1498953600.0,3.258172492424584,2.938978
ablation,2,group_min5_shrink10,552,NH1605,552,1498953600.0,2.539839329545001,2.7528884
ablation,2,group_min5_shrink10,553,NH1606,553,1498953600.0,2.7267650037887496,2.894419
ablation,2,group_min5_shrink10,554,NH1607,554,1498953600.0,2.794889651515416,2.7070563
ablation,2,group_min5_shrink10,555,NH1608,555,1498953600.0,2.7100046969695835,2.7276888
ablation,2,group_min5_shrink10,426,NH1469,426,1498954010.5,3.3536392916670836,3.0175161
ablation,2,group_min5_shrink10,427,NH1469,426,1498954010.5,3.3536392916670836,3.0243893
ablation,2,group_min5_shrink10,428,NH1470,428,1498954068.0,2.9344255719695838,2.7601979
ablation,2,group_min5_shrink10,429,NH1470,428,1498954068.0,2.9344255719695838,2.7683508
ablation,2,group_min5_shrink10,430,NH1471,430,1498954145.0,2.700038464015417,2.5934083
ablation,2,group_min5_shrink10,431,NH1472,431,1498954226.0,2.871240454544792,3.0503263
ablation,2,group_min5_shrink10,432,NH1473,432,1498954563.5,2.8334246988633334,2.730613
ablation,2,group_min5_shrink10,433,NH1474,433,1498954901.5,2.944900195834292,2.947502
ablation,2,group_min5_shrink10,556,NH1609,556,1498961594.5,2.808178026515416,2.9297626
ablation,2,group_min5_shrink10,551,NH1604,551,1498961718.0,2.894043181817917,2.8271277
ablation,2,group_min5_shrink10,417,NH1460,417,1498963460.5,2.915021795454443,2.7908108
ablation,2,group_min5_shrink10,418,NH1461,418,1498963483.0,2.707362411616389,2.8106678
ablation,2,group_min5_shrink10,419,NH1462,419,1498973496.5,2.6863496919191663,2.5618398
ablation,2,group_min5_shrink10,420,NH1463,420,1498974149.0,2.520522416666666,2.7061863
ablation,2,group_min5_shrink10,409,NH1450,409,1498975878.0,2.755381289925676,2.6996815
ablation,2,group_min5_shrink10,410,NH1451,410,1498975989.0,3.0433975808080547,2.7926817
ablation,2,group_min5_shrink10,411,NH1452,411,1498976094.5,3.246185393939722,2.918286
ablation,2,group_min5_shrink10,434,NH1475,434,1498987965.5,2.9112718484852085,2.708809
ablation,2,group_min5_shrink10,424,NH1467,424,1498988835.5,2.779368295454374,2.7008855
ablation,2,group_min5_shrink10,435,NH1476,435,1498988891.0,2.697709937500001,2.6486347
ablation,2,group_min5_shrink10,425,NH1468,425,1498989163.5,2.851153931818126,2.842947
ablation,2,group_min5_shrink10,558,NH1611,558,1499034494.0,2.5755620909088894,2.8534546
ablation,2,group_min5_shrink10,557,NH1610,557,1499034572.0,2.4609179873736116,2.7060874
ablation,2,group_min5_shrink10,559,NH1612,559,1499034745.5,2.621274502524444,2.6388938
ablation,2,group_min5_shrink10,479,NH1520,479,1499040000.0,2.7224765946977083,2.760752
ablation,2,group_min5_shrink10,480,NH1521,480,1499040000.0,2.683536670454166,2.8036883
ablation,2,group_min5_shrink10,481,NH1522,481,1499040000.0,2.93052868939375,2.8311245
ablation,2,group_min5_shrink10,478,NH1519,478,1499044236.5,2.9073547348479165,2.8098881
ablation,2,group_min5_shrink10,634,NH1757,634,1499044346.0,2.8736678383836107,2.769584
ablation,2,group_min5_shrink10,635,NH1758,635,1499045010.0,2.7538293484841665,2.71095
ablation,2,group_min5_shrink10,633,NH1755,633,1499051628.0,2.868438573232777,2.8667414
ablation,2,group_min5_shrink10,632,NH1754,632,1499051707.0,2.7977523131311104,2.7532423
ablation,2,group_min5_shrink10,413,NH1455,413,1499060294.0,2.7748878939404165,2.7031577
ablation,2,group_min5_shrink10,415,NH1457,415,1499060343.5,2.965334935605833,2.9816806
ablation,2,group_min5_shrink10,412,NH1454,412,1499060373.0,2.8213227462112505,2.9935665
ablation,2,group_min5_shrink10,414,NH1456,414,1499060399.0,2.539858378787917,2.7244117
ablation,2,group_min5_shrink10,416,NH1458,416,1499060952.0,2.8149711704537497,2.6769726
ablation,2,group_min5_shrink10,590,NH1671,590,1499087696.5,2.7723035265154166,2.56753
ablation,2,group_min5_shrink10,591,NH1672,591,1499089211.0,2.7109870606066666,2.648142
ablation,2,group_min5_shrink10,574,NH1628,574,1499093143.0,2.765108738181733,2.7235718
ablation,2,group_min5_shrink10,575,NH1629,575,1499093442.0,2.7709344015144453,2.7889776
ablation,2,group_min5_shrink10,576,NH1630,576,1499093764.0,2.9784578535355566,2.9979522
ablation,2,group_min5_shrink10,579,NH1633,579,1499095925.0,3.001783654545001,2.7366483
ablation,2,group_min5_shrink10,572,NH1626,572,1499095930.5,2.6289725101013888,2.8004391
ablation,2,group_min5_shrink10,573,NH1627,573,1499096060.0,2.64773330808,2.7956629
reverse_time,2,basic,447,NH1488,447,1498732022.0,3.213455666666251,2.972564
reverse_time,2,basic,449,NH1490,449,1498732951.0,3.205263837121666,3.1615798
reverse_time,2,basic,443,NH1484,443,1498733098.0,3.04554245454625,2.9268157
reverse_time,2,basic,442,NH1483,442,1498734414.0,3.305119875,2.9763572
reverse_time,2,basic,438,NH1479,438,1498736997.5,2.7656549090905553,2.7532861
reverse_time,2,basic,437,NH1478,437,1498737267.5,2.9087390106059994,3.0416205
reverse_time,2,basic,439,NH1480,439,1498737459.0,2.856577093434167,2.8481472
reverse_time,2,basic,440,NH1481,440,1498737814.0,2.5367798143945834,2.7527902
reverse_time,2,basic,441,NH1482,441,1498738591.0,3.0714249128787503,3.040242
reverse_time,2,basic,436,NH1477,436,1498739759.0,2.8579737840900004,2.8855546
reverse_time,2,basic,421,NH1464,421,1498741055.0,2.8710665303020826,2.9102614
reverse_time,2,basic,422,NH1465,422,1498741322.0,3.1901213409087497,3.0805137
reverse_time,2,basic,423,NH1466,423,1498741937.0,2.797970242424584,2.8592865
reverse_time,2,basic,469,NH1510,469,1498825160.0,2.82887276894,2.8745258
reverse_time,2,basic,468,NH1509,468,1498825229.0,2.7863670681812502,2.9703064
reverse_time,2,basic,470,NH1511,470,1498826279.0,2.811349795454166,2.880906
reverse_time,2,basic,471,NH1512,471,1498826374.0,2.5712548257574994,2.8326428
reverse_time,2,basic,472,NH1513,472,1498827126.0,2.8397837083341666,2.8890145
reverse_time,2,basic,467,NH1508,467,1498827363.0,2.7506098939383334,3.048456
reverse_time,2,basic,507,NH1561,507,1498838962.5,2.9154196856066665,2.923537
reverse_time,2,basic,508,NH1562,508,1498838990.0,2.9867449545445828,2.937545
reverse_time,2,basic,509,NH1563,509,1498839097.0,3.209558715909166,3.0577657
reverse_time,2,basic,510,NH1564,510,1498839854.0,3.3299264583341674,3.1999748
reverse_time,2,basic,512,NH1566,512,1498839920.5,2.8937555492425004,2.9835224
reverse_time,2,basic,511,NH1565,511,1498840185.0,3.0193580075754163,2.9692833
reverse_time,2,basic,513,NH1567,513,1498841074.0,3.4054379431804156,3.1476974
reverse_time,2,basic,506,NH1560,506,1498841096.0,2.8437803522733334,2.928814
reverse_time,2,basic,505,NH1559,505,1498841312.0,3.026218575757916,2.9365413
reverse_time,2,basic,525,NH1577,525,1498855582.0,2.7140443080811116,2.7748234
reverse_time,2,basic,526,NH1578,526,1498855650.0,2.928948969696666,2.8781326
reverse_time,2,basic,524,NH1576,524,1498855717.0,2.7670094217169448,2.7431948
reverse_time,2,basic,493,NH1547,493,1498882998.0,2.8696522222222227,2.956032
reverse_time,2,basic,494,NH1548,494,1498883032.0,2.752624828283055,2.8143625
reverse_time,2,basic,495,NH1549,495,1498883413.0,2.7769003611119447,2.8004637
reverse_time,2,basic,482,NH1528,482,1498932471.0,2.695868310606111,2.8064547
reverse_time,2,basic,483,NH1529,483,1498932508.0,2.8512445277777783,2.8269475
reverse_time,2,basic,484,NH1530,484,1498932605.5,3.0451293030302775,2.9013383
reverse_time,2,basic,546,NH1599,546,1498942687.5,2.7516804595958333,2.6220486
reverse_time,2,basic,545,NH1598,545,1498942743.0,2.583565361110278,2.6421878
reverse_time,2,basic,547,NH1600,547,1498942959.5,2.8901921085852775,2.9480598
reverse_time,2,basic,542,NH1595,542,1498945670.0,2.847530583332917,2.7261527
reverse_time,2,basic,541,NH1594,541,1498945775.0,2.8696292537883332,2.6520584
reverse_time,2,basic,543,NH1596,543,1498946970.0,2.9677918446975,2.9606736
reverse_time,2,basic,544,NH1597,544,1498948067.0,3.32966174242375,3.1065304
reverse_time,2,basic,539,NH1592,539,1498948161.5,2.9873053598491666,2.9098127
reverse_time,2,basic,540,NH1593,540,1498948271.0,3.007452212120417,2.9460933
reverse_time,2,basic,549,NH1602,549,1498948491.0,2.6095519949491663,2.877208
reverse_time,2,basic,548,NH1601,548,1498948570.0,2.679304651514722,2.9913845
reverse_time,2,basic,550,NH1603,550,1498948597.0,2.4643921868686105,2.786958
reverse_time,2,basic,514,NH1568,514,1498953600.0,2.873743284090417,2.9212415
reverse_time,2,basic,515,NH1569,515,1498953600.0,3.258172492424584,3.1392968
reverse_time,2,basic,552,NH1605,552,1498953600.0,2.539839329545001,2.785471
reverse_time,2,basic,553,NH1606,553,1498953600.0,2.7267650037887496,3.0298069
reverse_time,2,basic,554,NH1607,554,1498953600.0,2.794889651515416,2.88605
reverse_time,2,basic,555,NH1608,555,1498953600.0,2.7100046969695835,2.8888512
reverse_time,2,basic,426,NH1469,426,1498954010.5,3.3536392916670836,3.00992
reverse_time,2,basic,427,NH1469,426,1498954010.5,3.3536392916670836,3.1119716
reverse_time,2,basic,428,NH1470,428,1498954068.0,2.9344255719695838,2.7974994
reverse_time,2,basic,429,NH1470,428,1498954068.0,2.9344255719695838,2.8500664
reverse_time,2,basic,430,NH1471,430,1498954145.0,2.700038464015417,2.7143247
reverse_time,2,basic,431,NH1472,431,1498954226.0,2.871240454544792,2.965493
reverse_time,2,basic,432,NH1473,432,1498954563.5,2.8334246988633334,2.7808368
reverse_time,2,basic,433,NH1474,433,1498954901.5,2.944900195834292,2.924589
reverse_time,2,basic,556,NH1609,556,1498961594.5,2.808178026515416,3.0116374
reverse_time,2,basic,551,NH1604,551,1498961718.0,2.894043181817917,2.9253218
reverse_time,2,basic,417,NH1460,417,1498963460.5,2.915021795454443,2.941045
reverse_time,2,basic,418,NH1461,418,1498963483.0,2.707362411616389,2.83414
reverse_time,2,basic,419,NH1462,419,1498973496.5,2.6863496919191663,2.8033025
reverse_time,2,basic,420,NH1463,420,1498974149.0,2.520522416666666,2.914439
reverse_time,2,basic,409,NH1450,409,1498975878.0,2.755381289925676,2.761109
reverse_time,2,basic,410,NH1451,410,1498975989.0,3.0433975808080547,2.7827709
reverse_time,2,basic,411,NH1452,411,1498976094.5,3.246185393939722,3.0198867
reverse_time,2,basic,434,NH1475,434,1498987965.5,2.9112718484852085,2.8371346
reverse_time,2,basic,424,NH1467,424,1498988835.5,2.779368295454374,2.790932
reverse_time,2,basic,435,NH1476,435,1498988891.0,2.697709937500001,2.7281811
reverse_time,2,basic,425,NH1468,425,1498989163.5,2.851153931818126,2.8283474
reverse_time,2,basic,558,NH1611,558,1499034494.0,2.5755620909088894,2.7987359
reverse_time,2,basic,557,NH1610,557,1499034572.0,2.4609179873736116,2.810255
reverse_time,2,basic,559,NH1612,559,1499034745.5,2.621274502524444,2.8115609
reverse_time,2,basic,479,NH1520,479,1499040000.0,2.7224765946977083,2.8211002
reverse_time,2,basic,480,NH1521,480,1499040000.0,2.683536670454166,2.9000733
reverse_time,2,basic,481,NH1522,481,1499040000.0,2.93052868939375,2.8818667
reverse_time,2,basic,478,NH1519,478,1499044236.5,2.9073547348479165,2.876215
reverse_time,2,basic,634,NH1757,634,1499044346.0,2.8736678383836107,2.833518
reverse_time,2,basic,635,NH1758,635,1499045010.0,2.7538293484841665,2.9213293
reverse_time,2,basic,633,NH1755,633,1499051628.0,2.868438573232777,2.9230444
reverse_time,2,basic,632,NH1754,632,1499051707.0,2.7977523131311104,2.8909466
reverse_time,2,basic,413,NH1455,413,1499060294.0,2.7748878939404165,2.9617932
reverse_time,2,basic,415,NH1457,415,1499060343.5,2.965334935605833,3.1323557
reverse_time,2,basic,412,NH1454,412,1499060373.0,2.8213227462112505,3.1170778
reverse_time,2,basic,414,NH1456,414,1499060399.0,2.539858378787917,2.8452709
reverse_time,2,basic,416,NH1458,416,1499060952.0,2.8149711704537497,2.9433596
reverse_time,2,basic,590,NH1671,590,1499087696.5,2.7723035265154166,2.6925542
reverse_time,2,basic,591,NH1672,591,1499089211.0,2.7109870606066666,2.8169193
reverse_time,2,basic,574,NH1628,574,1499093143.0,2.765108738181733,2.8346522
reverse_time,2,basic,575,NH1629,575,1499093442.0,2.7709344015144453,2.806425
reverse_time,2,basic,576,NH1630,576,1499093764.0,2.9784578535355566,3.054326
reverse_time,2,basic,579,NH1633,579,1499095925.0,3.001783654545001,2.8822062
reverse_time,2,basic,572,NH1626,572,1499095930.5,2.6289725101013888,2.8761508
reverse_time,2,basic,573,NH1627,573,1499096060.0,2.64773330808,2.8687456
reverse_time,2,full,447,NH1488,447,1498732022.0,3.213455666666251,2.8836243
reverse_time,2,full,449,NH1490,449,1498732951.0,3.205263837121666,3.098893
reverse_time,2,full,443,NH1484,443,1498733098.0,3.04554245454625,2.8509529
reverse_time,2,full,442,NH1483,442,1498734414.0,3.305119875,2.9216044
reverse_time,2,full,438,NH1479,438,1498736997.5,2.7656549090905553,2.7465217
reverse_time,2,full,437,NH1478,437,1498737267.5,2.9087390106059994,2.9951484
reverse_time,2,full,439,NH1480,439,1498737459.0,2.856577093434167,2.7995546
reverse_time,2,full,440,NH1481,440,1498737814.0,2.5367798143945834,2.716417
reverse_time,2,full,441,NH1482,441,1498738591.0,3.0714249128787503,3.027209
reverse_time,2,full,436,NH1477,436,1498739759.0,2.8579737840900004,2.8162658
reverse_time,2,full,421,NH1464,421,1498741055.0,2.8710665303020826,2.8735301
reverse_time,2,full,422,NH1465,422,1498741322.0,3.1901213409087497,3.0345705
reverse_time,2,full,423,NH1466,423,1498741937.0,2.797970242424584,2.830754
reverse_time,2,full,469,NH1510,469,1498825160.0,2.82887276894,2.8491526
reverse_time,2,full,468,NH1509,468,1498825229.0,2.7863670681812502,2.947193
reverse_time,2,full,470,NH1511,470,1498826279.0,2.811349795454166,2.8533373
reverse_time,2,full,471,NH1512,471,1498826374.0,2.5712548257574994,2.8106544
reverse_time,2,full,472,NH1513,472,1498827126.0,2.8397837083341666,2.840721
reverse_time,2,full,467,NH1508,467,1498827363.0,2.7506098939383334,3.019204
reverse_time,2,full,507,NH1561,507,1498838962.5,2.9154196856066665,2.849332
reverse_time,2,full,508,NH1562,508,1498838990.0,2.9867449545445828,2.869425
reverse_time,2,full,509,NH1563,509,1498839097.0,3.209558715909166,3.00056
reverse_time,2,full,510,NH1564,510,1498839854.0,3.3299264583341674,3.1179683
reverse_time,2,full,512,NH1566,512,1498839920.5,2.8937555492425004,2.8972585
reverse_time,2,full,511,NH1565,511,1498840185.0,3.0193580075754163,2.8910878
reverse_time,2,full,513,NH1567,513,1498841074.0,3.4054379431804156,3.0677125
reverse_time,2,full,506,NH1560,506,1498841096.0,2.8437803522733334,2.885435
reverse_time,2,full,505,NH1559,505,1498841312.0,3.026218575757916,2.8761847
reverse_time,2,full,525,NH1577,525,1498855582.0,2.7140443080811116,2.7698677
reverse_time,2,full,526,NH1578,526,1498855650.0,2.928948969696666,2.9289846
reverse_time,2,full,524,NH1576,524,1498855717.0,2.7670094217169448,2.7220592
reverse_time,2,full,493,NH1547,493,1498882998.0,2.8696522222222227,3.0019252
reverse_time,2,full,494,NH1548,494,1498883032.0,2.752624828283055,2.782554
reverse_time,2,full,495,NH1549,495,1498883413.0,2.7769003611119447,2.8460495
reverse_time,2,full,482,NH1528,482,1498932471.0,2.695868310606111,2.8093984
reverse_time,2,full,483,NH1529,483,1498932508.0,2.8512445277777783,2.8999434
reverse_time,2,full,484,NH1530,484,1498932605.5,3.0451293030302775,2.9801843
reverse_time,2,full,546,NH1599,546,1498942687.5,2.7516804595958333,2.6166046
reverse_time,2,full,545,NH1598,545,1498942743.0,2.583565361110278,2.6124551
reverse_time,2,full,547,NH1600,547,1498942959.5,2.8901921085852775,2.941922
reverse_time,2,full,542,NH1595,542,1498945670.0,2.847530583332917,2.759716
reverse_time,2,full,541,NH1594,541,1498945775.0,2.8696292537883332,2.6958392
reverse_time,2,full,543,NH1596,543,1498946970.0,2.9677918446975,2.9706376
reverse_time,2,full,544,NH1597,544,1498948067.0,3.32966174242375,3.1643689
reverse_time,2,full,539,NH1592,539,1498948161.5,2.9873053598491666,2.9474688
reverse_time,2,full,540,NH1593,540,1498948271.0,3.007452212120417,2.9524717
reverse_time,2,full,549,NH1602,549,1498948491.0,2.6095519949491663,2.898803
reverse_time,2,full,548,NH1601,548,1498948570.0,2.679304651514722,3.01814
reverse_time,2,full,550,NH1603,550,1498948597.0,2.4643921868686105,2.82326
reverse_time,2,full,514,NH1568,514,1498953600.0,2.873743284090417,2.8914824
reverse_time,2,full,515,NH1569,515,1498953600.0,3.258172492424584,3.1345615
reverse_time,2,full,552,NH1605,552,1498953600.0,2.539839329545001,2.7751896
reverse_time,2,full,553,NH1606,553,1498953600.0,2.7267650037887496,2.9896586
reverse_time,2,full,554,NH1607,554,1498953600.0,2.794889651515416,2.874625
reverse_time,2,full,555,NH1608,555,1498953600.0,2.7100046969695835,2.8876188
reverse_time,2,full,426,NH1469,426,1498954010.5,3.3536392916670836,2.9925473
reverse_time,2,full,427,NH1469,426,1498954010.5,3.3536392916670836,3.1387434
reverse_time,2,full,428,NH1470,428,1498954068.0,2.9344255719695838,2.7978237
reverse_time,2,full,429,NH1470,428,1498954068.0,2.9344255719695838,2.8776073
reverse_time,2,full,430,NH1471,430,1498954145.0,2.700038464015417,2.7349079
reverse_time,2,full,431,NH1472,431,1498954226.0,2.871240454544792,2.9916918
reverse_time,2,full,432,NH1473,432,1498954563.5,2.8334246988633334,2.83205
reverse_time,2,full,433,NH1474,433,1498954901.5,2.944900195834292,2.9409237
reverse_time,2,full,556,NH1609,556,1498961594.5,2.808178026515416,2.9803982
reverse_time,2,full,551,NH1604,551,1498961718.0,2.894043181817917,2.9165175
reverse_time,2,full,417,NH1460,417,1498963460.5,2.915021795454443,2.948611
reverse_time,2,full,418,NH1461,418,1498963483.0,2.707362411616389,2.8327057
reverse_time,2,full,419,NH1462,419,1498973496.5,2.6863496919191663,2.8488388
reverse_time,2,full,420,NH1463,420,1498974149.0,2.520522416666666,2.9262486
reverse_time,2,full,409,NH1450,409,1498975878.0,2.755381289925676,2.7082605
reverse_time,2,full,410,NH1451,410,1498975989.0,3.0433975808080547,2.768575
reverse_time,2,full,411,NH1452,411,1498976094.5,3.246185393939722,2.9830732
reverse_time,2,full,434,NH1475,434,1498987965.5,2.9112718484852085,2.9012241
reverse_time,2,full,424,NH1467,424,1498988835.5,2.779368295454374,2.8052025
reverse_time,2,full,435,NH1476,435,1498988891.0,2.697709937500001,2.7226846
reverse_time,2,full,425,NH1468,425,1498989163.5,2.851153931818126,2.8681154
reverse_time,2,full,558,NH1611,558,1499034494.0,2.5755620909088894,2.799742
reverse_time,2,full,557,NH1610,557,1499034572.0,2.4609179873736116,2.8340046
reverse_time,2,full,559,NH1612,559,1499034745.5,2.621274502524444,2.8151238
reverse_time,2,full,479,NH1520,479,1499040000.0,2.7224765946977083,2.857128
reverse_time,2,full,480,NH1521,480,1499040000.0,2.683536670454166,2.9432983
reverse_time,2,full,481,NH1522,481,1499040000.0,2.93052868939375,2.9122689
reverse_time,2,full,478,NH1519,478,1499044236.5,2.9073547348479165,2.8905938
reverse_time,2,full,634,NH1757,634,1499044346.0,2.8736678383836107,2.8564909
reverse_time,2,full,635,NH1758,635,1499045010.0,2.7538293484841665,2.913812
reverse_time,2,full,633,NH1755,633,1499051628.0,2.868438573232777,2.8841527
reverse_time,2,full,632,NH1754,632,1499051707.0,2.7977523131311104,2.8521452
reverse_time,2,full,413,NH1455,413,1499060294.0,2.7748878939404165,2.9501731
reverse_time,2,full,415,NH1457,415,1499060343.5,2.965334935605833,3.110772
reverse_time,2,full,412,NH1454,412,1499060373.0,2.8213227462112505,3.1094272
reverse_time,2,full,414,NH1456,414,1499060399.0,2.539858378787917,2.8621318
reverse_time,2,full,416,NH1458,416,1499060952.0,2.8149711704537497,2.8974226
reverse_time,2,full,590,NH1671,590,1499087696.5,2.7723035265154166,2.7118187
reverse_time,2,full,591,NH1672,591,1499089211.0,2.7109870606066666,2.7678804
reverse_time,2,full,574,NH1628,574,1499093143.0,2.765108738181733,2.8423548
reverse_time,2,full,575,NH1629,575,1499093442.0,2.7709344015144453,2.790533
reverse_time,2,full,576,NH1630,576,1499093764.0,2.9784578535355566,3.0601275
reverse_time,2,full,579,NH1633,579,1499095925.0,3.001783654545001,2.9066327
reverse_time,2,full,572,NH1626,572,1499095930.5,2.6289725101013888,2.9092333
reverse_time,2,full,573,NH1627,573,1499096060.0,2.64773330808,2.8227222
sensitivity,3,reference_seed42,580,NH1634,580,1499096476.0,3.1808558661602775,3.0924323
sensitivity,3,reference_seed42,581,NH1635,581,1499097904.0,2.9771905227274993,2.7430952
sensitivity,3,reference_seed42,582,NH1636,582,1499098641.0,2.9940467095961107,2.8541307
sensitivity,3,reference_seed42,578,NH1632,578,1499098691.5,2.9853468585863894,2.9301622
sensitivity,3,reference_seed42,577,NH1631,577,1499098747.0,2.9908430984849996,2.727421
sensitivity,3,reference_seed42,343,NH1379,343,1499098964.0,2.427929627272333,2.8569486
sensitivity,3,reference_seed42,344,NH1380,344,1499099075.0,2.5106332075753324,2.5036163
sensitivity,3,reference_seed42,345,NH1381,345,1499099397.0,2.791738484848332,2.675047
sensitivity,3,reference_seed42,346,NH1382,346,1499099613.0,2.5365751893945836,2.8751585
sensitivity,3,reference_seed42,347,NH1383,347,1499099831.0,2.715058503788333,2.6650445
sensitivity,3,reference_seed42,348,NH1384,348,1499100022.0,2.7460927310595826,2.8658247
sensitivity,3,reference_seed42,349,NH1385,349,1499100479.0,2.677818651515833,2.8488932
sensitivity,3,reference_seed42,350,NH1386,350,1499101459.0,3.0376429507583333,2.9829931
sensitivity,3,reference_seed42,342,NH1378,342,1499101807.0,2.6396423143937504,2.6256957
sensitivity,3,reference_seed42,500,NH1554,500,1499110948.0,3.266245939393751,3.0741208
sensitivity,3,reference_seed42,587,NH1667,587,1499111389.0,2.7702204938575674,2.7314796
sensitivity,3,reference_seed42,528,NH1581,528,1499117894.0,2.899883191288333,2.9512053
sensitivity,3,reference_seed42,529,NH1582,529,1499117915.0,2.8859325037879158,2.926358
sensitivity,3,reference_seed42,530,NH1583,530,1499118028.5,3.185311647726667,3.1096756
sensitivity,3,reference_seed42,531,NH1584,531,1499118063.0,2.83940724242375,2.8934824
sensitivity,3,reference_seed42,532,NH1585,532,1499118631.5,3.1895223143949996,3.1955888
sensitivity,3,reference_seed42,534,NH1587,534,1499118981.0,2.9320918768935416,2.956719
sensitivity,3,reference_seed42,535,NH1588,535,1499119044.0,3.229330869317708,3.1586814
sensitivity,3,reference_seed42,533,NH1586,533,1499119050.0,2.8946791931820837,2.8907948
sensitivity,3,reference_seed42,536,NH1589,536,1499119119.0,3.1033055530299998,2.938872
sensitivity,3,reference_seed42,538,NH1591,538,1499119821.0,3.243477958333125,3.2366934
sensitivity,3,reference_seed42,537,NH1590,537,1499120066.0,3.10421795833375,2.9204652
sensitivity,3,reference_seed42,527,NH1579,527,1499120244.0,2.998226829545417,2.9858465
sensitivity,3,reference_seed42,567,NH1621,567,1499123132.0,2.6374142760940753,2.7863824
sensitivity,3,reference_seed42,568,NH1622,568,1499123244.0,2.78111150505,2.876386
sensitivity,3,reference_seed42,569,NH1623,569,1499123539.0,2.941981262625833,3.0344937
sensitivity,3,reference_seed42,570,NH1624,570,1499125299.5,3.112737872727167,3.0213578
sensitivity,3,reference_seed42,571,NH1625,571,1499125410.0,3.022505628787084,2.9121203
sensitivity,3,reference_seed42,566,NH1620,566,1499125843.0,2.893701810606112,2.865486
sensitivity,3,reference_seed42,640,NH1769,640,1499149063.5,2.9994482575762498,2.8303058
sensitivity,3,reference_seed42,641,NH1770,641,1499149239.0,3.0840344545449994,2.849301
sensitivity,3,reference_seed42,642,NH1771,642,1499149701.0,3.0430837992420834,2.8451247
sensitivity,3,reference_seed42,643,NH1772,643,1499149787.0,3.204778238636667,2.9117477
sensitivity,3,reference_seed42,644,NH1773,644,1499150224.0,3.0746478371216663,2.8777356
sensitivity,3,reference_seed42,645,NH1774,645,1499150337.0,3.007947106060417,2.8183842
sensitivity,3,reference_seed42,616,NH1724,616,1499151510.0,2.983917755049999,2.780701
sensitivity,3,reference_seed42,617,NH1725,617,1499151621.0,3.005704808080278,2.980786
sensitivity,3,reference_seed42,618,NH1726,618,1499151726.5,2.7433783434338888,2.6350014
sensitivity,3,reference_seed42,620,NH1728,620,1499152752.0,3.1653335303028323,3.0338354
sensitivity,3,reference_seed42,619,NH1727,619,1499152807.5,3.033899217172222,2.7976146
sensitivity,3,reference_seed42,622,NH1730,622,1499152969.0,3.09583614015125,2.805754
sensitivity,3,reference_seed42,621,NH1729,621,1499153214.0,2.909598431818333,2.723965
sensitivity,3,reference_seed42,623,NH1731,623,1499154023.0,2.957467170454167,2.8690882
sensitivity,3,reference_seed42,639,NH1768,639,1499154270.5,2.818932253787083,2.7440426
sensitivity,3,reference_seed42,615,NH1722,615,1499154298.0,2.86136358712125,2.6951947
sensitivity,3,reference_seed42,638,NH1767,638,1499154541.5,2.9929210568175,2.8720846
sensitivity,3,reference_seed42,637,NH1766,637,1499157052.0,2.774261397727083,2.8108158
sensitivity,3,reference_seed42,636,NH1765,636,1499157139.0,3.146891314395417,3.0582027
sensitivity,3,reference_seed42,565,NH1619,565,1499161993.5,2.9540384015145826,2.6896808
sensitivity,3,reference_seed42,596,NH1686,596,1499163186.0,3.1082548999995008,3.0968733
sensitivity,3,reference_seed42,597,NH1688,597,1499163406.0,2.848719204545,2.7321453
sensitivity,3,reference_seed42,598,NH1689,598,1499164495.0,3.006316,3.0647094
sensitivity,3,reference_seed42,595,NH1685,595,1499165894.0,2.9339350757569456,2.8512988
sensitivity,3,reference_seed42,458,NH1499,458,1499171054.0,3.0142012803036105,2.8284154
sensitivity,3,reference_seed42,459,NH1500,459,1499171249.5,2.7833541388886114,2.6975794
sensitivity,3,reference_seed42,460,NH1501,460,1499171260.0,3.142547452020001,2.8907948
sensitivity,3,reference_seed42,461,NH1502,461,1499171844.0,2.919967611743666,2.914581
sensitivity,3,reference_seed42,462,NH1503,462,1499172128.0,2.989936401514583,2.668579
sensitivity,3,reference_seed42,463,NH1504,463,1499172863.0,2.7883351439399995,2.7387753
sensitivity,3,reference_seed42,601,NH1704,601,1499176710.5,3.0184068282827776,2.983501
sensitivity,3,reference_seed42,600,NH1703,600,1499176766.0,2.8691397777783334,2.748309
sensitivity,3,reference_seed42,602,NH1705,602,1499177075.0,2.8160141338380558,2.7250504
sensitivity,3,reference_seed42,599,NH1702,599,1499179309.5,3.0610138762624994,3.0097897
sensitivity,3,reference_seed42,659,NH1790,659,1499188064.0,2.8337587954544445,2.8323493
sensitivity,3,reference_seed42,658,NH1789,658,1499188124.0,2.9286468459597224,3.002638
sensitivity,3,reference_seed42,660,NH1791,660,1499188343.0,3.113605141414166,3.1447823
sensitivity,3,reference_seed42,628,NH1745,628,1499213488.0,2.559162946969445,2.6445677
sensitivity,3,reference_seed42,627,NH1744,627,1499213557.0,2.7187532601002786,2.7546198
sensitivity,3,reference_seed42,629,NH1746,629,1499213595.5,2.9451490631305544,2.884005
sensitivity,3,reference_seed42,563,NH1616,563,1499226262.0,3.038251255681042,3.009969
sensitivity,3,reference_seed42,605,NH1709,605,1499251437.0,2.7457053522729167,2.7850544
sensitivity,3,reference_seed42,606,NH1710,606,1499268693.0,2.9376880075758334,2.8302765
sensitivity,3,reference_seed42,607,NH1711,607,1499269035.0,3.096050136364167,3.1071274
sensitivity,3,reference_seed42,608,NH1712,608,1499269310.0,2.877750958333749,2.7869823
sensitivity,3,reference_seed42,604,NH1707,604,1499270402.0,2.8687946666664588,2.7948623
sensitivity,3,reference_seed42,603,NH1706,603,1499270496.0,2.9392557462116664,2.8388388
sensitivity,3,reference_seed42,609,NH1714,609,1499272386.0,2.8468540606070833,2.629002
sensitivity,3,reference_seed42,610,NH1716,610,1499274272.0,2.9423472500008336,2.8083847
sensitivity,3,reference_seed42,593,NH1683,593,1499275237.0,2.8445862613637503,2.8416407
sensitivity,3,reference_seed42,592,NH1682,592,1499275578.0,2.9118870189395833,3.0369895
sensitivity,3,reference_seed42,594,NH1684,594,1499275807.5,2.8141230492429163,2.8156388
sensitivity,3,reference_seed42,475,NH1516,475,1499294849.0,2.918081704544584,2.7473829
sensitivity,3,reference_seed42,474,NH1515,474,1499294880.0,2.855452022727083,2.7377062
sensitivity,3,reference_seed42,476,NH1517,476,1499295965.0,2.7876860757570836,2.7333512
sensitivity,3,reference_seed42,477,NH1518,477,1499296302.5,2.7509270113641673,2.7285068
sensitivity,3,reference_seed42,473,NH1514,473,1499296839.0,2.848514276515833,2.7689946
sensitivity,3,reference_seed42,588,NH1668,588,1499299447.5,2.9043724090908336,2.8120093
sensitivity,3,reference_seed42,589,NH1669,589,1499299686.0,2.9228999570700003,3.0751975
sensitivity,3,reference_seed42,499,NH1553,499,1499301599.5,3.1458612083337503,2.8479927
sensitivity,3,reference_seed42,498,NH1552,498,1499301660.5,2.9805125303024997,2.8114936
sensitivity,3,reference_seed42,624,NH1732,624,1499311659.5,2.9242628580675003,3.0865424
sensitivity,3,reference_seed42,703,NH1836,703,1499311843.0,2.9368110719699994,2.666429
sensitivity,3,reference_seed42,625,NH1733,625,1499315397.0,2.632047236741875,2.8199713
sensitivity,3,reference_seed42,626,NH1734,626,1499315419.0,3.0625282613649993,3.0730338
sensitivity,3,reference_seed42,704,NH1837,704,1499316830.0,2.8521571136358332,2.7600698
sensitivity,3,importance_0.5,580,NH1634,580,1499096476.0,3.1808558661602775,3.0730734
sensitivity,3,importance_0.5,581,NH1635,581,1499097904.0,2.9771905227274993,2.7568295
sensitivity,3,importance_0.5,582,NH1636,582,1499098641.0,2.9940467095961107,2.8622556
sensitivity,3,importance_0.5,578,NH1632,578,1499098691.5,2.9853468585863894,2.9234657
sensitivity,3,importance_0.5,577,NH1631,577,1499098747.0,2.9908430984849996,2.7208192
sensitivity,3,importance_0.5,343,NH1379,343,1499098964.0,2.427929627272333,2.8108485
sensitivity,3,importance_0.5,344,NH1380,344,1499099075.0,2.5106332075753324,2.4918435
sensitivity,3,importance_0.5,345,NH1381,345,1499099397.0,2.791738484848332,2.6891565
sensitivity,3,importance_0.5,346,NH1382,346,1499099613.0,2.5365751893945836,2.8242872
sensitivity,3,importance_0.5,347,NH1383,347,1499099831.0,2.715058503788333,2.6678505
sensitivity,3,importance_0.5,348,NH1384,348,1499100022.0,2.7460927310595826,2.8804462
sensitivity,3,importance_0.5,349,NH1385,349,1499100479.0,2.677818651515833,2.8284864
sensitivity,3,importance_0.5,350,NH1386,350,1499101459.0,3.0376429507583333,2.9581094
sensitivity,3,importance_0.5,342,NH1378,342,1499101807.0,2.6396423143937504,2.6293094
sensitivity,3,importance_0.5,500,NH1554,500,1499110948.0,3.266245939393751,3.0496278
sensitivity,3,importance_0.5,587,NH1667,587,1499111389.0,2.7702204938575674,2.746006
sensitivity,3,importance_0.5,528,NH1581,528,1499117894.0,2.899883191288333,2.9395933
sensitivity,3,importance_0.5,529,NH1582,529,1499117915.0,2.8859325037879158,2.905878
sensitivity,3,importance_0.5,530,NH1583,530,1499118028.5,3.185311647726667,3.0681806
sensitivity,3,importance_0.5,531,NH1584,531,1499118063.0,2.83940724242375,2.8737805
sensitivity,3,importance_0.5,532,NH1585,532,1499118631.5,3.1895223143949996,3.1637833
sensitivity,3,importance_0.5,534,NH1587,534,1499118981.0,2.9320918768935416,2.9344246
sensitivity,3,importance_0.5,535,NH1588,535,1499119044.0,3.229330869317708,3.1681294
sensitivity,3,importance_0.5,533,NH1586,533,1499119050.0,2.8946791931820837,2.8794973
sensitivity,3,importance_0.5,536,NH1589,536,1499119119.0,3.1033055530299998,2.9121184
sensitivity,3,importance_0.5,538,NH1591,538,1499119821.0,3.243477958333125,3.2002254
sensitivity,3,importance_0.5,537,NH1590,537,1499120066.0,3.10421795833375,2.9212165
sensitivity,3,importance_0.5,527,NH1579,527,1499120244.0,2.998226829545417,2.9505033
sensitivity,3,importance_0.5,567,NH1621,567,1499123132.0,2.6374142760940753,2.7942815
sensitivity,3,importance_0.5,568,NH1622,568,1499123244.0,2.78111150505,2.9022045
sensitivity,3,importance_0.5,569,NH1623,569,1499123539.0,2.941981262625833,3.0522149
sensitivity,3,importance_0.5,570,NH1624,570,1499125299.5,3.112737872727167,3.0302446
sensitivity,3,importance_0.5,571,NH1625,571,1499125410.0,3.022505628787084,2.892366
sensitivity,3,importance_0.5,566,NH1620,566,1499125843.0,2.893701810606112,2.872093
sensitivity,3,importance_0.5,640,NH1769,640,1499149063.5,2.9994482575762498,2.7945516
sensitivity,3,importance_0.5,641,NH1770,641,1499149239.0,3.0840344545449994,2.8069215
sensitivity,3,importance_0.5,642,NH1771,642,1499149701.0,3.0430837992420834,2.8144448
sensitivity,3,importance_0.5,643,NH1772,643,1499149787.0,3.204778238636667,2.871144
sensitivity,3,importance_0.5,644,NH1773,644,1499150224.0,3.0746478371216663,2.8308938
sensitivity,3,importance_0.5,645,NH1774,645,1499150337.0,3.007947106060417,2.7686398
sensitivity,3,importance_0.5,616,NH1724,616,1499151510.0,2.983917755049999,2.75268
sensitivity,3,importance_0.5,617,NH1725,617,1499151621.0,3.005704808080278,2.9764786
sensitivity,3,importance_0.5,618,NH1726,618,1499151726.5,2.7433783434338888,2.6206236
sensitivity,3,importance_0.5,620,NH1728,620,1499152752.0,3.1653335303028323,3.0274265
sensitivity,3,importance_0.5,619,NH1727,619,1499152807.5,3.033899217172222,2.7926772
sensitivity,3,importance_0.5,622,NH1730,622,1499152969.0,3.09583614015125,2.804643
sensitivity,3,importance_0.5,621,NH1729,621,1499153214.0,2.909598431818333,2.714451
sensitivity,3,importance_0.5,623,NH1731,623,1499154023.0,2.957467170454167,2.8268778
sensitivity,3,importance_0.5,639,NH1768,639,1499154270.5,2.818932253787083,2.7517433
sensitivity,3,importance_0.5,615,NH1722,615,1499154298.0,2.86136358712125,2.7379088
sensitivity,3,importance_0.5,638,NH1767,638,1499154541.5,2.9929210568175,2.9005208
sensitivity,3,importance_0.5,637,NH1766,637,1499157052.0,2.774261397727083,2.7883952
sensitivity,3,importance_0.5,636,NH1765,636,1499157139.0,3.146891314395417,3.0275884
sensitivity,3,importance_0.5,565,NH1619,565,1499161993.5,2.9540384015145826,2.7445538
sensitivity,3,importance_0.5,596,NH1686,596,1499163186.0,3.1082548999995008,3.1078904
sensitivity,3,importance_0.5,597,NH1688,597,1499163406.0,2.848719204545,2.7419348
sensitivity,3,importance_0.5,598,NH1689,598,1499164495.0,3.006316,3.0802407
sensitivity,3,importance_0.5,595,NH1685,595,1499165894.0,2.9339350757569456,2.8583653
sensitivity,3,importance_0.5,458,NH1499,458,1499171054.0,3.0142012803036105,2.7765362
sensitivity,3,importance_0.5,459,NH1500,459,1499171249.5,2.7833541388886114,2.676255
sensitivity,3,importance_0.5,460,NH1501,460,1499171260.0,3.142547452020001,2.848998
sensitivity,3,importance_0.5,461,NH1502,461,1499171844.0,2.919967611743666,2.9152548
sensitivity,3,importance_0.5,462,NH1503,462,1499172128.0,2.989936401514583,2.6762447
sensitivity,3,importance_0.5,463,NH1504,463,1499172863.0,2.7883351439399995,2.6868966
sensitivity,3,importance_0.5,601,NH1704,601,1499176710.5,3.0184068282827776,2.9180157
sensitivity,3,importance_0.5,600,NH1703,600,1499176766.0,2.8691397777783334,2.7443595
sensitivity,3,importance_0.5,602,NH1705,602,1499177075.0,2.8160141338380558,2.7541096
sensitivity,3,importance_0.5,599,NH1702,599,1499179309.5,3.0610138762624994,2.978169
sensitivity,3,importance_0.5,659,NH1790,659,1499188064.0,2.8337587954544445,2.8160548
sensitivity,3,importance_0.5,658,NH1789,658,1499188124.0,2.9286468459597224,2.992128
sensitivity,3,importance_0.5,660,NH1791,660,1499188343.0,3.113605141414166,3.1394901
sensitivity,3,importance_0.5,628,NH1745,628,1499213488.0,2.559162946969445,2.6426585
sensitivity,3,importance_0.5,627,NH1744,627,1499213557.0,2.7187532601002786,2.7235065
sensitivity,3,importance_0.5,629,NH1746,629,1499213595.5,2.9451490631305544,2.9046323
sensitivity,3,importance_0.5,563,NH1616,563,1499226262.0,3.038251255681042,2.9887881
sensitivity,3,importance_0.5,605,NH1709,605,1499251437.0,2.7457053522729167,2.8341372
sensitivity,3,importance_0.5,606,NH1710,606,1499268693.0,2.9376880075758334,2.8476248
sensitivity,3,importance_0.5,607,NH1711,607,1499269035.0,3.096050136364167,3.1062603
sensitivity,3,importance_0.5,608,NH1712,608,1499269310.0,2.877750958333749,2.7762754
sensitivity,3,importance_0.5,604,NH1707,604,1499270402.0,2.8687946666664588,2.7598498
sensitivity,3,importance_0.5,603,NH1706,603,1499270496.0,2.9392557462116664,2.8471932
sensitivity,3,importance_0.5,609,NH1714,609,1499272386.0,2.8468540606070833,2.6187892
sensitivity,3,importance_0.5,610,NH1716,610,1499274272.0,2.9423472500008336,2.7400243
sensitivity,3,importance_0.5,593,NH1683,593,1499275237.0,2.8445862613637503,2.8269854
sensitivity,3,importance_0.5,592,NH1682,592,1499275578.0,2.9118870189395833,3.0069938
sensitivity,3,importance_0.5,594,NH1684,594,1499275807.5,2.8141230492429163,2.7877402
sensitivity,3,importance_0.5,475,NH1516,475,1499294849.0,2.918081704544584,2.716954
sensitivity,3,importance_0.5,474,NH1515,474,1499294880.0,2.855452022727083,2.7257245
sensitivity,3,importance_0.5,476,NH1517,476,1499295965.0,2.7876860757570836,2.7261043
sensitivity,3,importance_0.5,477,NH1518,477,1499296302.5,2.7509270113641673,2.7651289
sensitivity,3,importance_0.5,473,NH1514,473,1499296839.0,2.848514276515833,2.7911882
sensitivity,3,importance_0.5,588,NH1668,588,1499299447.5,2.9043724090908336,2.8105183
sensitivity,3,importance_0.5,589,NH1669,589,1499299686.0,2.9228999570700003,3.1309357
sensitivity,3,importance_0.5,499,NH1553,499,1499301599.5,3.1458612083337503,2.8433118
sensitivity,3,importance_0.5,498,NH1552,498,1499301660.5,2.9805125303024997,2.800478
sensitivity,3,importance_0.5,624,NH1732,624,1499311659.5,2.9242628580675003,3.089652
sensitivity,3,importance_0.5,703,NH1836,703,1499311843.0,2.9368110719699994,2.674642
sensitivity,3,importance_0.5,625,NH1733,625,1499315397.0,2.632047236741875,2.7965329
sensitivity,3,importance_0.5,626,NH1734,626,1499315419.0,3.0625282613649993,3.0608025
sensitivity,3,importance_0.5,704,NH1837,704,1499316830.0,2.8521571136358332,2.7519715
sensitivity,3,importance_0.9,580,NH1634,580,1499096476.0,3.1808558661602775,3.0767543
sensitivity,3,importance_0.9,581,NH1635,581,1499097904.0,2.9771905227274993,2.6973975
sensitivity,3,importance_0.9,582,NH1636,582,1499098641.0,2.9940467095961107,2.8277516
sensitivity,3,importance_0.9,578,NH1632,578,1499098691.5,2.9853468585863894,2.9122324
sensitivity,3,importance_0.9,577,NH1631,577,1499098747.0,2.9908430984849996,2.7210135
sensitivity,3,importance_0.9,343,NH1379,343,1499098964.0,2.427929627272333,2.8076656
sensitivity,3,importance_0.9,344,NH1380,344,1499099075.0,2.5106332075753324,2.4920816
sensitivity,3,importance_0.9,345,NH1381,345,1499099397.0,2.791738484848332,2.6683161
sensitivity,3,importance_0.9,346,NH1382,346,1499099613.0,2.5365751893945836,2.8220077
sensitivity,3,importance_0.9,347,NH1383,347,1499099831.0,2.715058503788333,2.6478307
sensitivity,3,importance_0.9,348,NH1384,348,1499100022.0,2.7460927310595826,2.8453653
sensitivity,3,importance_0.9,349,NH1385,349,1499100479.0,2.677818651515833,2.8009384
sensitivity,3,importance_0.9,350,NH1386,350,1499101459.0,3.0376429507583333,2.9610717
sensitivity,3,importance_0.9,342,NH1378,342,1499101807.0,2.6396423143937504,2.5933042
sensitivity,3,importance_0.9,500,NH1554,500,1499110948.0,3.266245939393751,3.0620723
sensitivity,3,importance_0.9,587,NH1667,587,1499111389.0,2.7702204938575674,2.7389164
sensitivity,3,importance_0.9,528,NH1581,528,1499117894.0,2.899883191288333,2.9140065
sensitivity,3,importance_0.9,529,NH1582,529,1499117915.0,2.8859325037879158,2.9254758
sensitivity,3,importance_0.9,530,NH1583,530,1499118028.5,3.185311647726667,3.0674655
sensitivity,3,importance_0.9,531,NH1584,531,1499118063.0,2.83940724242375,2.8649855
sensitivity,3,importance_0.9,532,NH1585,532,1499118631.5,3.1895223143949996,3.1429381
sensitivity,3,importance_0.9,534,NH1587,534,1499118981.0,2.9320918768935416,2.9595377
sensitivity,3,importance_0.9,535,NH1588,535,1499119044.0,3.229330869317708,3.1547723
sensitivity,3,importance_0.9,533,NH1586,533,1499119050.0,2.8946791931820837,2.8921866
sensitivity,3,importance_0.9,536,NH1589,536,1499119119.0,3.1033055530299998,2.915555
sensitivity,3,importance_0.9,538,NH1591,538,1499119821.0,3.243477958333125,3.2237318
sensitivity,3,importance_0.9,537,NH1590,537,1499120066.0,3.10421795833375,2.9450595
sensitivity,3,importance_0.9,527,NH1579,527,1499120244.0,2.998226829545417,3.0017028
sensitivity,3,importance_0.9,567,NH1621,567,1499123132.0,2.6374142760940753,2.764517
sensitivity,3,importance_0.9,568,NH1622,568,1499123244.0,2.78111150505,2.8819735
sensitivity,3,importance_0.9,569,NH1623,569,1499123539.0,2.941981262625833,3.0185575
sensitivity,3,importance_0.9,570,NH1624,570,1499125299.5,3.112737872727167,3.0144012
sensitivity,3,importance_0.9,571,NH1625,571,1499125410.0,3.022505628787084,2.9239075
sensitivity,3,importance_0.9,566,NH1620,566,1499125843.0,2.893701810606112,2.8933668
sensitivity,3,importance_0.9,640,NH1769,640,1499149063.5,2.9994482575762498,2.8014433
sensitivity,3,importance_0.9,641,NH1770,641,1499149239.0,3.0840344545449994,2.8236942
sensitivity,3,importance_0.9,642,NH1771,642,1499149701.0,3.0430837992420834,2.8423584
sensitivity,3,importance_0.9,643,NH1772,643,1499149787.0,3.204778238636667,2.9081452
sensitivity,3,importance_0.9,644,NH1773,644,1499150224.0,3.0746478371216663,2.8505695
sensitivity,3,importance_0.9,645,NH1774,645,1499150337.0,3.007947106060417,2.800621
sensitivity,3,importance_0.9,616,NH1724,616,1499151510.0,2.983917755049999,2.759121
sensitivity,3,importance_0.9,617,NH1725,617,1499151621.0,3.005704808080278,2.9280326
sensitivity,3,importance_0.9,618,NH1726,618,1499151726.5,2.7433783434338888,2.6261778
sensitivity,3,importance_0.9,620,NH1728,620,1499152752.0,3.1653335303028323,3.023794
sensitivity,3,importance_0.9,619,NH1727,619,1499152807.5,3.033899217172222,2.7749648
sensitivity,3,importance_0.9,622,NH1730,622,1499152969.0,3.09583614015125,2.7891958
sensitivity,3,importance_0.9,621,NH1729,621,1499153214.0,2.909598431818333,2.7422707
sensitivity,3,importance_0.9,623,NH1731,623,1499154023.0,2.957467170454167,2.842664
sensitivity,3,importance_0.9,639,NH1768,639,1499154270.5,2.818932253787083,2.720406
sensitivity,3,importance_0.9,615,NH1722,615,1499154298.0,2.86136358712125,2.662763
sensitivity,3,importance_0.9,638,NH1767,638,1499154541.5,2.9929210568175,2.942395
sensitivity,3,importance_0.9,637,NH1766,637,1499157052.0,2.774261397727083,2.8135939
sensitivity,3,importance_0.9,636,NH1765,636,1499157139.0,3.146891314395417,3.038298
sensitivity,3,importance_0.9,565,NH1619,565,1499161993.5,2.9540384015145826,2.675151
sensitivity,3,importance_0.9,596,NH1686,596,1499163186.0,3.1082548999995008,3.086957
sensitivity,3,importance_0.9,597,NH1688,597,1499163406.0,2.848719204545,2.7287874
sensitivity,3,importance_0.9,598,NH1689,598,1499164495.0,3.006316,3.0732048
sensitivity,3,importance_0.9,595,NH1685,595,1499165894.0,2.9339350757569456,2.8313177
sensitivity,3,importance_0.9,458,NH1499,458,1499171054.0,3.0142012803036105,2.7770953
sensitivity,3,importance_0.9,459,NH1500,459,1499171249.5,2.7833541388886114,2.6761088
sensitivity,3,importance_0.9,460,NH1501,460,1499171260.0,3.142547452020001,2.8627517
sensitivity,3,importance_0.9,461,NH1502,461,1499171844.0,2.919967611743666,2.914007
sensitivity,3,importance_0.9,462,NH1503,462,1499172128.0,2.989936401514583,2.6639419
sensitivity,3,importance_0.9,463,NH1504,463,1499172863.0,2.7883351439399995,2.7238564
sensitivity,3,importance_0.9,601,NH1704,601,1499176710.5,3.0184068282827776,2.9898167
sensitivity,3,importance_0.9,600,NH1703,600,1499176766.0,2.8691397777783334,2.7368717
sensitivity,3,importance_0.9,602,NH1705,602,1499177075.0,2.8160141338380558,2.7240865
sensitivity,3,importance_0.9,599,NH1702,599,1499179309.5,3.0610138762624994,2.9936185
sensitivity,3,importance_0.9,659,NH1790,659,1499188064.0,2.8337587954544445,2.7834373
sensitivity,3,importance_0.9,658,NH1789,658,1499188124.0,2.9286468459597224,3.0001361
sensitivity,3,importance_0.9,660,NH1791,660,1499188343.0,3.113605141414166,3.1522279
sensitivity,3,importance_0.9,628,NH1745,628,1499213488.0,2.559162946969445,2.648818
sensitivity,3,importance_0.9,627,NH1744,627,1499213557.0,2.7187532601002786,2.696079
sensitivity,3,importance_0.9,629,NH1746,629,1499213595.5,2.9451490631305544,2.8558407
sensitivity,3,importance_0.9,563,NH1616,563,1499226262.0,3.038251255681042,2.9942186
sensitivity,3,importance_0.9,605,NH1709,605,1499251437.0,2.7457053522729167,2.742259
sensitivity,3,importance_0.9,606,NH1710,606,1499268693.0,2.9376880075758334,2.8458393
sensitivity,3,importance_0.9,607,NH1711,607,1499269035.0,3.096050136364167,3.0763364
sensitivity,3,importance_0.9,608,NH1712,608,1499269310.0,2.877750958333749,2.8094325
sensitivity,3,importance_0.9,604,NH1707,604,1499270402.0,2.8687946666664588,2.7706444
sensitivity,3,importance_0.9,603,NH1706,603,1499270496.0,2.9392557462116664,2.805549
sensitivity,3,importance_0.9,609,NH1714,609,1499272386.0,2.8468540606070833,2.600078
sensitivity,3,importance_0.9,610,NH1716,610,1499274272.0,2.9423472500008336,2.7921126
sensitivity,3,importance_0.9,593,NH1683,593,1499275237.0,2.8445862613637503,2.8468711
sensitivity,3,importance_0.9,592,NH1682,592,1499275578.0,2.9118870189395833,3.0127454
sensitivity,3,importance_0.9,594,NH1684,594,1499275807.5,2.8141230492429163,2.7684474
sensitivity,3,importance_0.9,475,NH1516,475,1499294849.0,2.918081704544584,2.726749
sensitivity,3,importance_0.9,474,NH1515,474,1499294880.0,2.855452022727083,2.708091
sensitivity,3,importance_0.9,476,NH1517,476,1499295965.0,2.7876860757570836,2.7416983
sensitivity,3,importance_0.9,477,NH1518,477,1499296302.5,2.7509270113641673,2.7217464
sensitivity,3,importance_0.9,473,NH1514,473,1499296839.0,2.848514276515833,2.7603338
sensitivity,3,importance_0.9,588,NH1668,588,1499299447.5,2.9043724090908336,2.7919724
sensitivity,3,importance_0.9,589,NH1669,589,1499299686.0,2.9228999570700003,3.1042094
sensitivity,3,importance_0.9,499,NH1553,499,1499301599.5,3.1458612083337503,2.872055
sensitivity,3,importance_0.9,498,NH1552,498,1499301660.5,2.9805125303024997,2.8242605
sensitivity,3,importance_0.9,624,NH1732,624,1499311659.5,2.9242628580675003,3.0805633
sensitivity,3,importance_0.9,703,NH1836,703,1499311843.0,2.9368110719699994,2.6528926
sensitivity,3,importance_0.9,625,NH1733,625,1499315397.0,2.632047236741875,2.797937
sensitivity,3,importance_0.9,626,NH1734,626,1499315419.0,3.0625282613649993,3.0615563
sensitivity,3,importance_0.9,704,NH1837,704,1499316830.0,2.8521571136358332,2.7520883
sensitivity,3,drift_0,580,NH1634,580,1499096476.0,3.1808558661602775,3.0486414
sensitivity,3,drift_0,581,NH1635,581,1499097904.0,2.9771905227274993,2.7300146
sensitivity,3,drift_0,582,NH1636,582,1499098641.0,2.9940467095961107,2.8409476
sensitivity,3,drift_0,578,NH1632,578,1499098691.5,2.9853468585863894,2.9426978
sensitivity,3,drift_0,577,NH1631,577,1499098747.0,2.9908430984849996,2.7520738
sensitivity,3,drift_0,343,NH1379,343,1499098964.0,2.427929627272333,2.8175402
sensitivity,3,drift_0,344,NH1380,344,1499099075.0,2.5106332075753324,2.495529
sensitivity,3,drift_0,345,NH1381,345,1499099397.0,2.791738484848332,2.636214
sensitivity,3,drift_0,346,NH1382,346,1499099613.0,2.5365751893945836,2.836479
sensitivity,3,drift_0,347,NH1383,347,1499099831.0,2.715058503788333,2.6089528
sensitivity,3,drift_0,348,NH1384,348,1499100022.0,2.7460927310595826,2.853669
sensitivity,3,drift_0,349,NH1385,349,1499100479.0,2.677818651515833,2.8067183
sensitivity,3,drift_0,350,NH1386,350,1499101459.0,3.0376429507583333,2.9536436
sensitivity,3,drift_0,342,NH1378,342,1499101807.0,2.6396423143937504,2.6293576
sensitivity,3,drift_0,500,NH1554,500,1499110948.0,3.266245939393751,3.0451634
sensitivity,3,drift_0,587,NH1667,587,1499111389.0,2.7702204938575674,2.7318566
sensitivity,3,drift_0,528,NH1581,528,1499117894.0,2.899883191288333,2.9281323
sensitivity,3,drift_0,529,NH1582,529,1499117915.0,2.8859325037879158,2.9730003
sensitivity,3,drift_0,530,NH1583,530,1499118028.5,3.185311647726667,3.1346939
sensitivity,3,drift_0,531,NH1584,531,1499118063.0,2.83940724242375,2.9235635
sensitivity,3,drift_0,532,NH1585,532,1499118631.5,3.1895223143949996,3.1718574
sensitivity,3,drift_0,534,NH1587,534,1499118981.0,2.9320918768935416,2.9429162
sensitivity,3,drift_0,535,NH1588,535,1499119044.0,3.229330869317708,3.1246245
sensitivity,3,drift_0,533,NH1586,533,1499119050.0,2.8946791931820837,2.8471792
sensitivity,3,drift_0,536,NH1589,536,1499119119.0,3.1033055530299998,2.8805487
sensitivity,3,drift_0,538,NH1591,538,1499119821.0,3.243477958333125,3.2248151
sensitivity,3,drift_0,537,NH1590,537,1499120066.0,3.10421795833375,2.9177423
sensitivity,3,drift_0,527,NH1579,527,1499120244.0,2.998226829545417,2.951925
sensitivity,3,drift_0,567,NH1621,567,1499123132.0,2.6374142760940753,2.76546
sensitivity,3,drift_0,568,NH1622,568,1499123244.0,2.78111150505,2.8251112
sensitivity,3,drift_0,569,NH1623,569,1499123539.0,2.941981262625833,3.0374873
sensitivity,3,drift_0,570,NH1624,570,1499125299.5,3.112737872727167,3.0246372
sensitivity,3,drift_0,571,NH1625,571,1499125410.0,3.022505628787084,2.8865132
sensitivity,3,drift_0,566,NH1620,566,1499125843.0,2.893701810606112,2.881613
sensitivity,3,drift_0,640,NH1769,640,1499149063.5,2.9994482575762498,2.8284729
sensitivity,3,drift_0,641,NH1770,641,1499149239.0,3.0840344545449994,2.828462
sensitivity,3,drift_0,642,NH1771,642,1499149701.0,3.0430837992420834,2.836542
sensitivity,3,drift_0,643,NH1772,643,1499149787.0,3.204778238636667,2.8731256
sensitivity,3,drift_0,644,NH1773,644,1499150224.0,3.0746478371216663,2.855701
sensitivity,3,drift_0,645,NH1774,645,1499150337.0,3.007947106060417,2.7585506
sensitivity,3,drift_0,616,NH1724,616,1499151510.0,2.983917755049999,2.772851
sensitivity,3,drift_0,617,NH1725,617,1499151621.0,3.005704808080278,2.9430544
sensitivity,3,drift_0,618,NH1726,618,1499151726.5,2.7433783434338888,2.6251519
sensitivity,3,drift_0,620,NH1728,620,1499152752.0,3.1653335303028323,3.0199428
sensitivity,3,drift_0,619,NH1727,619,1499152807.5,3.033899217172222,2.765613
sensitivity,3,drift_0,622,NH1730,622,1499152969.0,3.09583614015125,2.8111565
sensitivity,3,drift_0,621,NH1729,621,1499153214.0,2.909598431818333,2.6755495
sensitivity,3,drift_0,623,NH1731,623,1499154023.0,2.957467170454167,2.8437293
sensitivity,3,drift_0,639,NH1768,639,1499154270.5,2.818932253787083,2.7243428
sensitivity,3,drift_0,615,NH1722,615,1499154298.0,2.86136358712125,2.6695273
sensitivity,3,drift_0,638,NH1767,638,1499154541.5,2.9929210568175,2.8869
sensitivity,3,drift_0,637,NH1766,637,1499157052.0,2.774261397727083,2.8263862
sensitivity,3,drift_0,636,NH1765,636,1499157139.0,3.146891314395417,3.056473
sensitivity,3,drift_0,565,NH1619,565,1499161993.5,2.9540384015145826,2.7317808
sensitivity,3,drift_0,596,NH1686,596,1499163186.0,3.1082548999995008,3.0983648
sensitivity,3,drift_0,597,NH1688,597,1499163406.0,2.848719204545,2.76163
sensitivity,3,drift_0,598,NH1689,598,1499164495.0,3.006316,3.0615501
sensitivity,3,drift_0,595,NH1685,595,1499165894.0,2.9339350757569456,2.8582275
sensitivity,3,drift_0,458,NH1499,458,1499171054.0,3.0142012803036105,2.8115828
sensitivity,3,drift_0,459,NH1500,459,1499171249.5,2.7833541388886114,2.70244
sensitivity,3,drift_0,460,NH1501,460,1499171260.0,3.142547452020001,2.9034836
sensitivity,3,drift_0,461,NH1502,461,1499171844.0,2.919967611743666,2.9230363
sensitivity,3,drift_0,462,NH1503,462,1499172128.0,2.989936401514583,2.6936007
sensitivity,3,drift_0,463,NH1504,463,1499172863.0,2.7883351439399995,2.7442732
sensitivity,3,drift_0,601,NH1704,601,1499176710.5,3.0184068282827776,3.0011835
sensitivity,3,drift_0,600,NH1703,600,1499176766.0,2.8691397777783334,2.7643156
sensitivity,3,drift_0,602,NH1705,602,1499177075.0,2.8160141338380558,2.759699
sensitivity,3,drift_0,599,NH1702,599,1499179309.5,3.0610138762624994,2.9567974
sensitivity,3,drift_0,659,NH1790,659,1499188064.0,2.8337587954544445,2.7927773
sensitivity,3,drift_0,658,NH1789,658,1499188124.0,2.9286468459597224,2.976442
sensitivity,3,drift_0,660,NH1791,660,1499188343.0,3.113605141414166,3.1007285
sensitivity,3,drift_0,628,NH1745,628,1499213488.0,2.559162946969445,2.5992324
sensitivity,3,drift_0,627,NH1744,627,1499213557.0,2.7187532601002786,2.6983845
sensitivity,3,drift_0,629,NH1746,629,1499213595.5,2.9451490631305544,2.8582022
sensitivity,3,drift_0,563,NH1616,563,1499226262.0,3.038251255681042,3.0133965
sensitivity,3,drift_0,605,NH1709,605,1499251437.0,2.7457053522729167,2.803245
sensitivity,3,drift_0,606,NH1710,606,1499268693.0,2.9376880075758334,2.8375213
sensitivity,3,drift_0,607,NH1711,607,1499269035.0,3.096050136364167,3.0584574
sensitivity,3,drift_0,608,NH1712,608,1499269310.0,2.877750958333749,2.777918
sensitivity,3,drift_0,604,NH1707,604,1499270402.0,2.8687946666664588,2.750971
sensitivity,3,drift_0,603,NH1706,603,1499270496.0,2.9392557462116664,2.8282235
sensitivity,3,drift_0,609,NH1714,609,1499272386.0,2.8468540606070833,2.5883563
sensitivity,3,drift_0,610,NH1716,610,1499274272.0,2.9423472500008336,2.7377493
sensitivity,3,drift_0,593,NH1683,593,1499275237.0,2.8445862613637503,2.8141878
sensitivity,3,drift_0,592,NH1682,592,1499275578.0,2.9118870189395833,3.0167994
sensitivity,3,drift_0,594,NH1684,594,1499275807.5,2.8141230492429163,2.814976
sensitivity,3,drift_0,475,NH1516,475,1499294849.0,2.918081704544584,2.697044
sensitivity,3,drift_0,474,NH1515,474,1499294880.0,2.855452022727083,2.719049
sensitivity,3,drift_0,476,NH1517,476,1499295965.0,2.7876860757570836,2.706606
sensitivity,3,drift_0,477,NH1518,477,1499296302.5,2.7509270113641673,2.699645
sensitivity,3,drift_0,473,NH1514,473,1499296839.0,2.848514276515833,2.7639108
sensitivity,3,drift_0,588,NH1668,588,1499299447.5,2.9043724090908336,2.8104818
sensitivity,3,drift_0,589,NH1669,589,1499299686.0,2.9228999570700003,3.1000707
sensitivity,3,drift_0,499,NH1553,499,1499301599.5,3.1458612083337503,2.8587153
sensitivity,3,drift_0,498,NH1552,498,1499301660.5,2.9805125303024997,2.7972362
sensitivity,3,drift_0,624,NH1732,624,1499311659.5,2.9242628580675003,3.0590613
sensitivity,3,drift_0,703,NH1836,703,1499311843.0,2.9368110719699994,2.6579092
sensitivity,3,drift_0,625,NH1733,625,1499315397.0,2.632047236741875,2.7706563
sensitivity,3,drift_0,626,NH1734,626,1499315419.0,3.0625282613649993,2.9808428
sensitivity,3,drift_0,704,NH1837,704,1499316830.0,2.8521571136358332,2.7784238
sensitivity,3,drift_0.5,580,NH1634,580,1499096476.0,3.1808558661602775,3.0863566
sensitivity,3,drift_0.5,581,NH1635,581,1499097904.0,2.9771905227274993,2.735497
sensitivity,3,drift_0.5,582,NH1636,582,1499098641.0,2.9940467095961107,2.8501253
sensitivity,3,drift_0.5,578,NH1632,578,1499098691.5,2.9853468585863894,2.9163938
sensitivity,3,drift_0.5,577,NH1631,577,1499098747.0,2.9908430984849996,2.7130702
sensitivity,3,drift_0.5,343,NH1379,343,1499098964.0,2.427929627272333,2.8239572
sensitivity,3,drift_0.5,344,NH1380,344,1499099075.0,2.5106332075753324,2.486567
sensitivity,3,drift_0.5,345,NH1381,345,1499099397.0,2.791738484848332,2.639183
sensitivity,3,drift_0.5,346,NH1382,346,1499099613.0,2.5365751893945836,2.839826
sensitivity,3,drift_0.5,347,NH1383,347,1499099831.0,2.715058503788333,2.6652782
sensitivity,3,drift_0.5,348,NH1384,348,1499100022.0,2.7460927310595826,2.8545797
sensitivity,3,drift_0.5,349,NH1385,349,1499100479.0,2.677818651515833,2.7852168
sensitivity,3,drift_0.5,350,NH1386,350,1499101459.0,3.0376429507583333,2.982768
sensitivity,3,drift_0.5,342,NH1378,342,1499101807.0,2.6396423143937504,2.6449356
sensitivity,3,drift_0.5,500,NH1554,500,1499110948.0,3.266245939393751,3.0731573
sensitivity,3,drift_0.5,587,NH1667,587,1499111389.0,2.7702204938575674,2.7390165
sensitivity,3,drift_0.5,528,NH1581,528,1499117894.0,2.899883191288333,2.9116745
sensitivity,3,drift_0.5,529,NH1582,529,1499117915.0,2.8859325037879158,2.9445767
sensitivity,3,drift_0.5,530,NH1583,530,1499118028.5,3.185311647726667,3.1039305
sensitivity,3,drift_0.5,531,NH1584,531,1499118063.0,2.83940724242375,2.8748915
sensitivity,3,drift_0.5,532,NH1585,532,1499118631.5,3.1895223143949996,3.2055206
sensitivity,3,drift_0.5,534,NH1587,534,1499118981.0,2.9320918768935416,2.9849849
sensitivity,3,drift_0.5,535,NH1588,535,1499119044.0,3.229330869317708,3.1622145
sensitivity,3,drift_0.5,533,NH1586,533,1499119050.0,2.8946791931820837,2.9056575
sensitivity,3,drift_0.5,536,NH1589,536,1499119119.0,3.1033055530299998,2.888309
sensitivity,3,drift_0.5,538,NH1591,538,1499119821.0,3.243477958333125,3.2494466
sensitivity,3,drift_0.5,537,NH1590,537,1499120066.0,3.10421795833375,2.9719856
sensitivity,3,drift_0.5,527,NH1579,527,1499120244.0,2.998226829545417,2.984747
sensitivity,3,drift_0.5,567,NH1621,567,1499123132.0,2.6374142760940753,2.758401
sensitivity,3,drift_0.5,568,NH1622,568,1499123244.0,2.78111150505,2.875184
sensitivity,3,drift_0.5,569,NH1623,569,1499123539.0,2.941981262625833,3.0294428
sensitivity,3,drift_0.5,570,NH1624,570,1499125299.5,3.112737872727167,3.045309
sensitivity,3,drift_0.5,571,NH1625,571,1499125410.0,3.022505628787084,2.92997
sensitivity,3,drift_0.5,566,NH1620,566,1499125843.0,2.893701810606112,2.878067
sensitivity,3,drift_0.5,640,NH1769,640,1499149063.5,2.9994482575762498,2.8478382
sensitivity,3,drift_0.5,641,NH1770,641,1499149239.0,3.0840344545449994,2.844125
sensitivity,3,drift_0.5,642,NH1771,642,1499149701.0,3.0430837992420834,2.8442192
sensitivity,3,drift_0.5,643,NH1772,643,1499149787.0,3.204778238636667,2.8782918
sensitivity,3,drift_0.5,644,NH1773,644,1499150224.0,3.0746478371216663,2.867473
sensitivity,3,drift_0.5,645,NH1774,645,1499150337.0,3.007947106060417,2.8057146
sensitivity,3,drift_0.5,616,NH1724,616,1499151510.0,2.983917755049999,2.748784
sensitivity,3,drift_0.5,617,NH1725,617,1499151621.0,3.005704808080278,2.9712708
sensitivity,3,drift_0.5,618,NH1726,618,1499151726.5,2.7433783434338888,2.6240175
sensitivity,3,drift_0.5,620,NH1728,620,1499152752.0,3.1653335303028323,3.042364
sensitivity,3,drift_0.5,619,NH1727,619,1499152807.5,3.033899217172222,2.7896602
sensitivity,3,drift_0.5,622,NH1730,622,1499152969.0,3.09583614015125,2.826492
sensitivity,3,drift_0.5,621,NH1729,621,1499153214.0,2.909598431818333,2.7091422
sensitivity,3,drift_0.5,623,NH1731,623,1499154023.0,2.957467170454167,2.8370056
sensitivity,3,drift_0.5,639,NH1768,639,1499154270.5,2.818932253787083,2.7421281
sensitivity,3,drift_0.5,615,NH1722,615,1499154298.0,2.86136358712125,2.6891184
sensitivity,3,drift_0.5,638,NH1767,638,1499154541.5,2.9929210568175,2.8653471
sensitivity,3,drift_0.5,637,NH1766,637,1499157052.0,2.774261397727083,2.7953632
sensitivity,3,drift_0.5,636,NH1765,636,1499157139.0,3.146891314395417,3.0453238
sensitivity,3,drift_0.5,565,NH1619,565,1499161993.5,2.9540384015145826,2.7174354
sensitivity,3,drift_0.5,596,NH1686,596,1499163186.0,3.1082548999995008,3.1154754
sensitivity,3,drift_0.5,597,NH1688,597,1499163406.0,2.848719204545,2.7471874
sensitivity,3,drift_0.5,598,NH1689,598,1499164495.0,3.006316,3.1118977
sensitivity,3,drift_0.5,595,NH1685,595,1499165894.0,2.9339350757569456,2.873728
sensitivity,3,drift_0.5,458,NH1499,458,1499171054.0,3.0142012803036105,2.7792673
sensitivity,3,drift_0.5,459,NH1500,459,1499171249.5,2.7833541388886114,2.721506
sensitivity,3,drift_0.5,460,NH1501,460,1499171260.0,3.142547452020001,2.919921
sensitivity,3,drift_0.5,461,NH1502,461,1499171844.0,2.919967611743666,2.94406
sensitivity,3,drift_0.5,462,NH1503,462,1499172128.0,2.989936401514583,2.688648
sensitivity,3,drift_0.5,463,NH1504,463,1499172863.0,2.7883351439399995,2.7001956
sensitivity,3,drift_0.5,601,NH1704,601,1499176710.5,3.0184068282827776,2.9895604
sensitivity,3,drift_0.5,600,NH1703,600,1499176766.0,2.8691397777783334,2.7501974
sensitivity,3,drift_0.5,602,NH1705,602,1499177075.0,2.8160141338380558,2.756591
sensitivity,3,drift_0.5,599,NH1702,599,1499179309.5,3.0610138762624994,3.000949
sensitivity,3,drift_0.5,659,NH1790,659,1499188064.0,2.8337587954544445,2.8422313
sensitivity,3,drift_0.5,658,NH1789,658,1499188124.0,2.9286468459597224,3.0119605
sensitivity,3,drift_0.5,660,NH1791,660,1499188343.0,3.113605141414166,3.1453693
sensitivity,3,drift_0.5,628,NH1745,628,1499213488.0,2.559162946969445,2.624576
sensitivity,3,drift_0.5,627,NH1744,627,1499213557.0,2.7187532601002786,2.7268372
sensitivity,3,drift_0.5,629,NH1746,629,1499213595.5,2.9451490631305544,2.8921366
sensitivity,3,drift_0.5,563,NH1616,563,1499226262.0,3.038251255681042,3.0338614
sensitivity,3,drift_0.5,605,NH1709,605,1499251437.0,2.7457053522729167,2.7831886
sensitivity,3,drift_0.5,606,NH1710,606,1499268693.0,2.9376880075758334,2.8681602
sensitivity,3,drift_0.5,607,NH1711,607,1499269035.0,3.096050136364167,3.100924
sensitivity,3,drift_0.5,608,NH1712,608,1499269310.0,2.877750958333749,2.7446134
sensitivity,3,drift_0.5,604,NH1707,604,1499270402.0,2.8687946666664588,2.758763
sensitivity,3,drift_0.5,603,NH1706,603,1499270496.0,2.9392557462116664,2.840738
sensitivity,3,drift_0.5,609,NH1714,609,1499272386.0,2.8468540606070833,2.605345
sensitivity,3,drift_0.5,610,NH1716,610,1499274272.0,2.9423472500008336,2.7609158
sensitivity,3,drift_0.5,593,NH1683,593,1499275237.0,2.8445862613637503,2.809269
sensitivity,3,drift_0.5,592,NH1682,592,1499275578.0,2.9118870189395833,3.0200539
sensitivity,3,drift_0.5,594,NH1684,594,1499275807.5,2.8141230492429163,2.7782857
sensitivity,3,drift_0.5,475,NH1516,475,1499294849.0,2.918081704544584,2.708944
sensitivity,3,drift_0.5,474,NH1515,474,1499294880.0,2.855452022727083,2.730598
sensitivity,3,drift_0.5,476,NH1517,476,1499295965.0,2.7876860757570836,2.7542121
sensitivity,3,drift_0.5,477,NH1518,477,1499296302.5,2.7509270113641673,2.6940217
sensitivity,3,drift_0.5,473,NH1514,473,1499296839.0,2.848514276515833,2.7495155
sensitivity,3,drift_0.5,588,NH1668,588,1499299447.5,2.9043724090908336,2.8593867
sensitivity,3,drift_0.5,589,NH1669,589,1499299686.0,2.9228999570700003,3.1358528
sensitivity,3,drift_0.5,499,NH1553,499,1499301599.5,3.1458612083337503,2.8393521
sensitivity,3,drift_0.5,498,NH1552,498,1499301660.5,2.9805125303024997,2.824839
sensitivity,3,drift_0.5,624,NH1732,624,1499311659.5,2.9242628580675003,3.0957713
sensitivity,3,drift_0.5,703,NH1836,703,1499311843.0,2.9368110719699994,2.6369817
sensitivity,3,drift_0.5,625,NH1733,625,1499315397.0,2.632047236741875,2.7998583
sensitivity,3,drift_0.5,626,NH1734,626,1499315419.0,3.0625282613649993,3.0305285
sensitivity,3,drift_0.5,704,NH1837,704,1499316830.0,2.8521571136358332,2.772521
sensitivity,3,top160,580,NH1634,580,1499096476.0,3.1808558661602775,3.0595589
sensitivity,3,top160,581,NH1635,581,1499097904.0,2.9771905227274993,2.747917
sensitivity,3,top160,582,NH1636,582,1499098641.0,2.9940467095961107,2.846819
sensitivity,3,top160,578,NH1632,578,1499098691.5,2.9853468585863894,2.8939524
sensitivity,3,top160,577,NH1631,577,1499098747.0,2.9908430984849996,2.7169359
sensitivity,3,top160,343,NH1379,343,1499098964.0,2.427929627272333,2.832402
sensitivity,3,top160,344,NH1380,344,1499099075.0,2.5106332075753324,2.4971833
sensitivity,3,top160,345,NH1381,345,1499099397.0,2.791738484848332,2.6699677
sensitivity,3,top160,346,NH1382,346,1499099613.0,2.5365751893945836,2.8113115
sensitivity,3,top160,347,NH1383,347,1499099831.0,2.715058503788333,2.6567018
sensitivity,3,top160,348,NH1384,348,1499100022.0,2.7460927310595826,2.8330362
sensitivity,3,top160,349,NH1385,349,1499100479.0,2.677818651515833,2.7846687
sensitivity,3,top160,350,NH1386,350,1499101459.0,3.0376429507583333,2.995702
sensitivity,3,top160,342,NH1378,342,1499101807.0,2.6396423143937504,2.6459546
sensitivity,3,top160,500,NH1554,500,1499110948.0,3.266245939393751,3.0373776
sensitivity,3,top160,587,NH1667,587,1499111389.0,2.7702204938575674,2.7290208
sensitivity,3,top160,528,NH1581,528,1499117894.0,2.899883191288333,2.9121413
sensitivity,3,top160,529,NH1582,529,1499117915.0,2.8859325037879158,2.9456587
sensitivity,3,top160,530,NH1583,530,1499118028.5,3.185311647726667,3.1417832
sensitivity,3,top160,531,NH1584,531,1499118063.0,2.83940724242375,2.8997328
sensitivity,3,top160,532,NH1585,532,1499118631.5,3.1895223143949996,3.2220354
sensitivity,3,top160,534,NH1587,534,1499118981.0,2.9320918768935416,2.9650152
sensitivity,3,top160,535,NH1588,535,1499119044.0,3.229330869317708,3.1707718
sensitivity,3,top160,533,NH1586,533,1499119050.0,2.8946791931820837,2.8657503
sensitivity,3,top160,536,NH1589,536,1499119119.0,3.1033055530299998,2.8914304
sensitivity,3,top160,538,NH1591,538,1499119821.0,3.243477958333125,3.2344987
sensitivity,3,top160,537,NH1590,537,1499120066.0,3.10421795833375,2.926547
sensitivity,3,top160,527,NH1579,527,1499120244.0,2.998226829545417,2.9334521
sensitivity,3,top160,567,NH1621,567,1499123132.0,2.6374142760940753,2.8159351
sensitivity,3,top160,568,NH1622,568,1499123244.0,2.78111150505,2.875019
sensitivity,3,top160,569,NH1623,569,1499123539.0,2.941981262625833,3.0495715
sensitivity,3,top160,570,NH1624,570,1499125299.5,3.112737872727167,2.9720855
sensitivity,3,top160,571,NH1625,571,1499125410.0,3.022505628787084,2.915284
sensitivity,3,top160,566,NH1620,566,1499125843.0,2.893701810606112,2.8769543
sensitivity,3,top160,640,NH1769,640,1499149063.5,2.9994482575762498,2.840769
sensitivity,3,top160,641,NH1770,641,1499149239.0,3.0840344545449994,2.849966
sensitivity,3,top160,642,NH1771,642,1499149701.0,3.0430837992420834,2.8375432
sensitivity,3,top160,643,NH1772,643,1499149787.0,3.204778238636667,2.9085782
sensitivity,3,top160,644,NH1773,644,1499150224.0,3.0746478371216663,2.892611
sensitivity,3,top160,645,NH1774,645,1499150337.0,3.007947106060417,2.8361301
sensitivity,3,top160,616,NH1724,616,1499151510.0,2.983917755049999,2.7534544
sensitivity,3,top160,617,NH1725,617,1499151621.0,3.005704808080278,2.9329503
sensitivity,3,top160,618,NH1726,618,1499151726.5,2.7433783434338888,2.6200857
sensitivity,3,top160,620,NH1728,620,1499152752.0,3.1653335303028323,2.9895308
sensitivity,3,top160,619,NH1727,619,1499152807.5,3.033899217172222,2.7771697
sensitivity,3,top160,622,NH1730,622,1499152969.0,3.09583614015125,2.7933698
sensitivity,3,top160,621,NH1729,621,1499153214.0,2.909598431818333,2.7025673
sensitivity,3,top160,623,NH1731,623,1499154023.0,2.957467170454167,2.8126132
sensitivity,3,top160,639,NH1768,639,1499154270.5,2.818932253787083,2.7688494
sensitivity,3,top160,615,NH1722,615,1499154298.0,2.86136358712125,2.682807
sensitivity,3,top160,638,NH1767,638,1499154541.5,2.9929210568175,2.9135802
sensitivity,3,top160,637,NH1766,637,1499157052.0,2.774261397727083,2.8049502
sensitivity,3,top160,636,NH1765,636,1499157139.0,3.146891314395417,3.0475042
sensitivity,3,top160,565,NH1619,565,1499161993.5,2.9540384015145826,2.7569542
sensitivity,3,top160,596,NH1686,596,1499163186.0,3.1082548999995008,3.1063235
sensitivity,3,top160,597,NH1688,597,1499163406.0,2.848719204545,2.7464077
sensitivity,3,top160,598,NH1689,598,1499164495.0,3.006316,3.0442703
sensitivity,3,top160,595,NH1685,595,1499165894.0,2.9339350757569456,2.8514578
sensitivity,3,top160,458,NH1499,458,1499171054.0,3.0142012803036105,2.8112557
sensitivity,3,top160,459,NH1500,459,1499171249.5,2.7833541388886114,2.7249475
sensitivity,3,top160,460,NH1501,460,1499171260.0,3.142547452020001,2.8986747
sensitivity,3,top160,461,NH1502,461,1499171844.0,2.919967611743666,2.937186
sensitivity,3,top160,462,NH1503,462,1499172128.0,2.989936401514583,2.655524
sensitivity,3,top160,463,NH1504,463,1499172863.0,2.7883351439399995,2.7062142
sensitivity,3,top160,601,NH1704,601,1499176710.5,3.0184068282827776,3.0188136
sensitivity,3,top160,600,NH1703,600,1499176766.0,2.8691397777783334,2.7285554
sensitivity,3,top160,602,NH1705,602,1499177075.0,2.8160141338380558,2.756231
sensitivity,3,top160,599,NH1702,599,1499179309.5,3.0610138762624994,2.9763882
sensitivity,3,top160,659,NH1790,659,1499188064.0,2.8337587954544445,2.8843105
sensitivity,3,top160,658,NH1789,658,1499188124.0,2.9286468459597224,3.0650313
sensitivity,3,top160,660,NH1791,660,1499188343.0,3.113605141414166,3.1511939
sensitivity,3,top160,628,NH1745,628,1499213488.0,2.559162946969445,2.651689
sensitivity,3,top160,627,NH1744,627,1499213557.0,2.7187532601002786,2.7275925
sensitivity,3,top160,629,NH1746,629,1499213595.5,2.9451490631305544,2.9155686
sensitivity,3,top160,563,NH1616,563,1499226262.0,3.038251255681042,2.9773731
sensitivity,3,top160,605,NH1709,605,1499251437.0,2.7457053522729167,2.7537613
sensitivity,3,top160,606,NH1710,606,1499268693.0,2.9376880075758334,2.7810667
sensitivity,3,top160,607,NH1711,607,1499269035.0,3.096050136364167,3.0412629
sensitivity,3,top160,608,NH1712,608,1499269310.0,2.877750958333749,2.7276473
sensitivity,3,top160,604,NH1707,604,1499270402.0,2.8687946666664588,2.7503576
sensitivity,3,top160,603,NH1706,603,1499270496.0,2.9392557462116664,2.8131437
sensitivity,3,top160,609,NH1714,609,1499272386.0,2.8468540606070833,2.5637996
sensitivity,3,top160,610,NH1716,610,1499274272.0,2.9423472500008336,2.7402587
sensitivity,3,top160,593,NH1683,593,1499275237.0,2.8445862613637503,2.8196068
sensitivity,3,top160,592,NH1682,592,1499275578.0,2.9118870189395833,3.0642042
sensitivity,3,top160,594,NH1684,594,1499275807.5,2.8141230492429163,2.820156
sensitivity,3,top160,475,NH1516,475,1499294849.0,2.918081704544584,2.6735268
sensitivity,3,top160,474,NH1515,474,1499294880.0,2.855452022727083,2.7502928
sensitivity,3,top160,476,NH1517,476,1499295965.0,2.7876860757570836,2.7455978
sensitivity,3,top160,477,NH1518,477,1499296302.5,2.7509270113641673,2.7216318
sensitivity,3,top160,473,NH1514,473,1499296839.0,2.848514276515833,2.7888317
sensitivity,3,top160,588,NH1668,588,1499299447.5,2.9043724090908336,2.8173718
sensitivity,3,top160,589,NH1669,589,1499299686.0,2.9228999570700003,3.1446917
sensitivity,3,top160,499,NH1553,499,1499301599.5,3.1458612083337503,2.8615417
sensitivity,3,top160,498,NH1552,498,1499301660.5,2.9805125303024997,2.837729
sensitivity,3,top160,624,NH1732,624,1499311659.5,2.9242628580675003,3.085954
sensitivity,3,top160,703,NH1836,703,1499311843.0,2.9368110719699994,2.663954
sensitivity,3,top160,625,NH1733,625,1499315397.0,2.632047236741875,2.7703676
sensitivity,3,top160,626,NH1734,626,1499315419.0,3.0625282613649993,3.0052469
sensitivity,3,top160,704,NH1837,704,1499316830.0,2.8521571136358332,2.8009079
sensitivity,3,top640,580,NH1634,580,1499096476.0,3.1808558661602775,3.057088
sensitivity,3,top640,581,NH1635,581,1499097904.0,2.9771905227274993,2.7261474
sensitivity,3,top640,582,NH1636,582,1499098641.0,2.9940467095961107,2.8492317
sensitivity,3,top640,578,NH1632,578,1499098691.5,2.9853468585863894,2.940821
sensitivity,3,top640,577,NH1631,577,1499098747.0,2.9908430984849996,2.77595
sensitivity,3,top640,343,NH1379,343,1499098964.0,2.427929627272333,2.8106112
sensitivity,3,top640,344,NH1380,344,1499099075.0,2.5106332075753324,2.4611135
sensitivity,3,top640,345,NH1381,345,1499099397.0,2.791738484848332,2.647619
sensitivity,3,top640,346,NH1382,346,1499099613.0,2.5365751893945836,2.7859523
sensitivity,3,top640,347,NH1383,347,1499099831.0,2.715058503788333,2.6550934
sensitivity,3,top640,348,NH1384,348,1499100022.0,2.7460927310595826,2.83677
sensitivity,3,top640,349,NH1385,349,1499100479.0,2.677818651515833,2.7746785
sensitivity,3,top640,350,NH1386,350,1499101459.0,3.0376429507583333,2.9746976
sensitivity,3,top640,342,NH1378,342,1499101807.0,2.6396423143937504,2.6097295
sensitivity,3,top640,500,NH1554,500,1499110948.0,3.266245939393751,3.0580072
sensitivity,3,top640,587,NH1667,587,1499111389.0,2.7702204938575674,2.785733
sensitivity,3,top640,528,NH1581,528,1499117894.0,2.899883191288333,2.870798
sensitivity,3,top640,529,NH1582,529,1499117915.0,2.8859325037879158,2.868549
sensitivity,3,top640,530,NH1583,530,1499118028.5,3.185311647726667,3.0634863
sensitivity,3,top640,531,NH1584,531,1499118063.0,2.83940724242375,2.822225
sensitivity,3,top640,532,NH1585,532,1499118631.5,3.1895223143949996,3.1759565
sensitivity,3,top640,534,NH1587,534,1499118981.0,2.9320918768935416,2.9181795
sensitivity,3,top640,535,NH1588,535,1499119044.0,3.229330869317708,3.178628
sensitivity,3,top640,533,NH1586,533,1499119050.0,2.8946791931820837,2.837461
sensitivity,3,top640,536,NH1589,536,1499119119.0,3.1033055530299998,2.871575
sensitivity,3,top640,538,NH1591,538,1499119821.0,3.243477958333125,3.225848
sensitivity,3,top640,537,NH1590,537,1499120066.0,3.10421795833375,2.9159327
sensitivity,3,top640,527,NH1579,527,1499120244.0,2.998226829545417,2.9345038
sensitivity,3,top640,567,NH1621,567,1499123132.0,2.6374142760940753,2.7387414
sensitivity,3,top640,568,NH1622,568,1499123244.0,2.78111150505,2.8282297
sensitivity,3,top640,569,NH1623,569,1499123539.0,2.941981262625833,3.0045524
sensitivity,3,top640,570,NH1624,570,1499125299.5,3.112737872727167,3.0368626
sensitivity,3,top640,571,NH1625,571,1499125410.0,3.022505628787084,2.8831117
sensitivity,3,top640,566,NH1620,566,1499125843.0,2.893701810606112,2.8836918
sensitivity,3,top640,640,NH1769,640,1499149063.5,2.9994482575762498,2.7728736
sensitivity,3,top640,641,NH1770,641,1499149239.0,3.0840344545449994,2.802682
sensitivity,3,top640,642,NH1771,642,1499149701.0,3.0430837992420834,2.774744
sensitivity,3,top640,643,NH1772,643,1499149787.0,3.204778238636667,2.8297691
sensitivity,3,top640,644,NH1773,644,1499150224.0,3.0746478371216663,2.786003
sensitivity,3,top640,645,NH1774,645,1499150337.0,3.007947106060417,2.7527564
sensitivity,3,top640,616,NH1724,616,1499151510.0,2.983917755049999,2.748052
sensitivity,3,top640,617,NH1725,617,1499151621.0,3.005704808080278,2.9202173
sensitivity,3,top640,618,NH1726,618,1499151726.5,2.7433783434338888,2.6549432
sensitivity,3,top640,620,NH1728,620,1499152752.0,3.1653335303028323,2.995438
sensitivity,3,top640,619,NH1727,619,1499152807.5,3.033899217172222,2.6838346
sensitivity,3,top640,622,NH1730,622,1499152969.0,3.09583614015125,2.7464933
sensitivity,3,top640,621,NH1729,621,1499153214.0,2.909598431818333,2.7019403
sensitivity,3,top640,623,NH1731,623,1499154023.0,2.957467170454167,2.8097625
sensitivity,3,top640,639,NH1768,639,1499154270.5,2.818932253787083,2.7339458
sensitivity,3,top640,615,NH1722,615,1499154298.0,2.86136358712125,2.6069543
sensitivity,3,top640,638,NH1767,638,1499154541.5,2.9929210568175,2.850995
sensitivity,3,top640,637,NH1766,637,1499157052.0,2.774261397727083,2.7870955
sensitivity,3,top640,636,NH1765,636,1499157139.0,3.146891314395417,3.020871
sensitivity,3,top640,565,NH1619,565,1499161993.5,2.9540384015145826,2.6508603
sensitivity,3,top640,596,NH1686,596,1499163186.0,3.1082548999995008,3.0793123
sensitivity,3,top640,597,NH1688,597,1499163406.0,2.848719204545,2.75739
sensitivity,3,top640,598,NH1689,598,1499164495.0,3.006316,3.0855346
sensitivity,3,top640,595,NH1685,595,1499165894.0,2.9339350757569456,2.8284137
sensitivity,3,top640,458,NH1499,458,1499171054.0,3.0142012803036105,2.8307972
sensitivity,3,top640,459,NH1500,459,1499171249.5,2.7833541388886114,2.741471
sensitivity,3,top640,460,NH1501,460,1499171260.0,3.142547452020001,2.8601644
sensitivity,3,top640,461,NH1502,461,1499171844.0,2.919967611743666,2.8887494
sensitivity,3,top640,462,NH1503,462,1499172128.0,2.989936401514583,2.630796
sensitivity,3,top640,463,NH1504,463,1499172863.0,2.7883351439399995,2.7683907
sensitivity,3,top640,601,NH1704,601,1499176710.5,3.0184068282827776,2.9895725
sensitivity,3,top640,600,NH1703,600,1499176766.0,2.8691397777783334,2.7484753
sensitivity,3,top640,602,NH1705,602,1499177075.0,2.8160141338380558,2.7237494
sensitivity,3,top640,599,NH1702,599,1499179309.5,3.0610138762624994,2.9805064
sensitivity,3,top640,659,NH1790,659,1499188064.0,2.8337587954544445,2.7816443
sensitivity,3,top640,658,NH1789,658,1499188124.0,2.9286468459597224,2.9308274
sensitivity,3,top640,660,NH1791,660,1499188343.0,3.113605141414166,3.1668608
sensitivity,3,top640,628,NH1745,628,1499213488.0,2.559162946969445,2.643459
sensitivity,3,top640,627,NH1744,627,1499213557.0,2.7187532601002786,2.66594
sensitivity,3,top640,629,NH1746,629,1499213595.5,2.9451490631305544,2.8278122
sensitivity,3,top640,563,NH1616,563,1499226262.0,3.038251255681042,3.0347383
sensitivity,3,top640,605,NH1709,605,1499251437.0,2.7457053522729167,2.786819
sensitivity,3,top640,606,NH1710,606,1499268693.0,2.9376880075758334,2.8487723
sensitivity,3,top640,607,NH1711,607,1499269035.0,3.096050136364167,3.0383358
sensitivity,3,top640,608,NH1712,608,1499269310.0,2.877750958333749,2.8299057
sensitivity,3,top640,604,NH1707,604,1499270402.0,2.8687946666664588,2.7822447
sensitivity,3,top640,603,NH1706,603,1499270496.0,2.9392557462116664,2.794374
sensitivity,3,top640,609,NH1714,609,1499272386.0,2.8468540606070833,2.5700772
sensitivity,3,top640,610,NH1716,610,1499274272.0,2.9423472500008336,2.792915
sensitivity,3,top640,593,NH1683,593,1499275237.0,2.8445862613637503,2.8654094
sensitivity,3,top640,592,NH1682,592,1499275578.0,2.9118870189395833,2.9577827
sensitivity,3,top640,594,NH1684,594,1499275807.5,2.8141230492429163,2.7654305
sensitivity,3,top640,475,NH1516,475,1499294849.0,2.918081704544584,2.7005107
sensitivity,3,top640,474,NH1515,474,1499294880.0,2.855452022727083,2.7199821
sensitivity,3,top640,476,NH1517,476,1499295965.0,2.7876860757570836,2.729726
sensitivity,3,top640,477,NH1518,477,1499296302.5,2.7509270113641673,2.6744342
sensitivity,3,top640,473,NH1514,473,1499296839.0,2.848514276515833,2.7374692
sensitivity,3,top640,588,NH1668,588,1499299447.5,2.9043724090908336,2.8492107
sensitivity,3,top640,589,NH1669,589,1499299686.0,2.9228999570700003,3.1473033
sensitivity,3,top640,499,NH1553,499,1499301599.5,3.1458612083337503,2.8509026
sensitivity,3,top640,498,NH1552,498,1499301660.5,2.9805125303024997,2.862487
sensitivity,3,top640,624,NH1732,624,1499311659.5,2.9242628580675003,3.1430001
sensitivity,3,top640,703,NH1836,703,1499311843.0,2.9368110719699994,2.6643975
sensitivity,3,top640,625,NH1733,625,1499315397.0,2.632047236741875,2.795058
sensitivity,3,top640,626,NH1734,626,1499315419.0,3.0625282613649993,3.0747263
sensitivity,3,top640,704,NH1837,704,1499316830.0,2.8521571136358332,2.8253245
sensitivity,3,mask0,580,NH1634,580,1499096476.0,3.1808558661602775,3.064826
sensitivity,3,mask0,581,NH1635,581,1499097904.0,2.9771905227274993,2.7294896
sensitivity,3,mask0,582,NH1636,582,1499098641.0,2.9940467095961107,2.8344355
sensitivity,3,mask0,578,NH1632,578,1499098691.5,2.9853468585863894,2.9207687
sensitivity,3,mask0,577,NH1631,577,1499098747.0,2.9908430984849996,2.7143602
sensitivity,3,mask0,343,NH1379,343,1499098964.0,2.427929627272333,2.8172815
sensitivity,3,mask0,344,NH1380,344,1499099075.0,2.5106332075753324,2.5058296
sensitivity,3,mask0,345,NH1381,345,1499099397.0,2.791738484848332,2.6899257
sensitivity,3,mask0,346,NH1382,346,1499099613.0,2.5365751893945836,2.8529744
sensitivity,3,mask0,347,NH1383,347,1499099831.0,2.715058503788333,2.6557255
sensitivity,3,mask0,348,NH1384,348,1499100022.0,2.7460927310595826,2.8634517
sensitivity,3,mask0,349,NH1385,349,1499100479.0,2.677818651515833,2.8273363
sensitivity,3,mask0,350,NH1386,350,1499101459.0,3.0376429507583333,2.9993143
sensitivity,3,mask0,342,NH1378,342,1499101807.0,2.6396423143937504,2.6313245
sensitivity,3,mask0,500,NH1554,500,1499110948.0,3.266245939393751,3.0821307
sensitivity,3,mask0,587,NH1667,587,1499111389.0,2.7702204938575674,2.750087
sensitivity,3,mask0,528,NH1581,528,1499117894.0,2.899883191288333,2.928725
sensitivity,3,mask0,529,NH1582,529,1499117915.0,2.8859325037879158,2.9211018
sensitivity,3,mask0,530,NH1583,530,1499118028.5,3.185311647726667,3.0615888
sensitivity,3,mask0,531,NH1584,531,1499118063.0,2.83940724242375,2.8839347
sensitivity,3,mask0,532,NH1585,532,1499118631.5,3.1895223143949996,3.1566482
sensitivity,3,mask0,534,NH1587,534,1499118981.0,2.9320918768935416,2.9403257
sensitivity,3,mask0,535,NH1588,535,1499119044.0,3.229330869317708,3.1508152
sensitivity,3,mask0,533,NH1586,533,1499119050.0,2.8946791931820837,2.8686488
sensitivity,3,mask0,536,NH1589,536,1499119119.0,3.1033055530299998,2.9157596
sensitivity,3,mask0,538,NH1591,538,1499119821.0,3.243477958333125,3.2124496
sensitivity,3,mask0,537,NH1590,537,1499120066.0,3.10421795833375,2.8904254
sensitivity,3,mask0,527,NH1579,527,1499120244.0,2.998226829545417,2.95459
sensitivity,3,mask0,567,NH1621,567,1499123132.0,2.6374142760940753,2.7921748
sensitivity,3,mask0,568,NH1622,568,1499123244.0,2.78111150505,2.876561
sensitivity,3,mask0,569,NH1623,569,1499123539.0,2.941981262625833,3.0186608
sensitivity,3,mask0,570,NH1624,570,1499125299.5,3.112737872727167,2.9873934
sensitivity,3,mask0,571,NH1625,571,1499125410.0,3.022505628787084,2.92938
sensitivity,3,mask0,566,NH1620,566,1499125843.0,2.893701810606112,2.8733296
sensitivity,3,mask0,640,NH1769,640,1499149063.5,2.9994482575762498,2.8272026
sensitivity,3,mask0,641,NH1770,641,1499149239.0,3.0840344545449994,2.8463917
sensitivity,3,mask0,642,NH1771,642,1499149701.0,3.0430837992420834,2.8537102
sensitivity,3,mask0,643,NH1772,643,1499149787.0,3.204778238636667,2.9233017
sensitivity,3,mask0,644,NH1773,644,1499150224.0,3.0746478371216663,2.8640351
sensitivity,3,mask0,645,NH1774,645,1499150337.0,3.007947106060417,2.800825
sensitivity,3,mask0,616,NH1724,616,1499151510.0,2.983917755049999,2.7722178
sensitivity,3,mask0,617,NH1725,617,1499151621.0,3.005704808080278,2.94909
sensitivity,3,mask0,618,NH1726,618,1499151726.5,2.7433783434338888,2.624066
sensitivity,3,mask0,620,NH1728,620,1499152752.0,3.1653335303028323,3.0442607
sensitivity,3,mask0,619,NH1727,619,1499152807.5,3.033899217172222,2.799737
sensitivity,3,mask0,622,NH1730,622,1499152969.0,3.09583614015125,2.8235335
sensitivity,3,mask0,621,NH1729,621,1499153214.0,2.909598431818333,2.7250772
sensitivity,3,mask0,623,NH1731,623,1499154023.0,2.957467170454167,2.870527
sensitivity,3,mask0,639,NH1768,639,1499154270.5,2.818932253787083,2.7065265
sensitivity,3,mask0,615,NH1722,615,1499154298.0,2.86136358712125,2.6817381
sensitivity,3,mask0,638,NH1767,638,1499154541.5,2.9929210568175,2.8792078
sensitivity,3,mask0,637,NH1766,637,1499157052.0,2.774261397727083,2.7800403
sensitivity,3,mask0,636,NH1765,636,1499157139.0,3.146891314395417,3.0267732
sensitivity,3,mask0,565,NH1619,565,1499161993.5,2.9540384015145826,2.6944494
sensitivity,3,mask0,596,NH1686,596,1499163186.0,3.1082548999995008,3.049652
sensitivity,3,mask0,597,NH1688,597,1499163406.0,2.848719204545,2.728011
sensitivity,3,mask0,598,NH1689,598,1499164495.0,3.006316,3.0817964
sensitivity,3,mask0,595,NH1685,595,1499165894.0,2.9339350757569456,2.850905
sensitivity,3,mask0,458,NH1499,458,1499171054.0,3.0142012803036105,2.8132324
sensitivity,3,mask0,459,NH1500,459,1499171249.5,2.7833541388886114,2.6724954
sensitivity,3,mask0,460,NH1501,460,1499171260.0,3.142547452020001,2.878561
sensitivity,3,mask0,461,NH1502,461,1499171844.0,2.919967611743666,2.927947
sensitivity,3,mask0,462,NH1503,462,1499172128.0,2.989936401514583,2.649795
sensitivity,3,mask0,463,NH1504,463,1499172863.0,2.7883351439399995,2.7222738
sensitivity,3,mask0,601,NH1704,601,1499176710.5,3.0184068282827776,2.9520218
sensitivity,3,mask0,600,NH1703,600,1499176766.0,2.8691397777783334,2.7431843
sensitivity,3,mask0,602,NH1705,602,1499177075.0,2.8160141338380558,2.756294
sensitivity,3,mask0,599,NH1702,599,1499179309.5,3.0610138762624994,3.0045874
sensitivity,3,mask0,659,NH1790,659,1499188064.0,2.8337587954544445,2.7884417
sensitivity,3,mask0,658,NH1789,658,1499188124.0,2.9286468459597224,2.9645388
sensitivity,3,mask0,660,NH1791,660,1499188343.0,3.113605141414166,3.1025026
sensitivity,3,mask0,628,NH1745,628,1499213488.0,2.559162946969445,2.620802
sensitivity,3,mask0,627,NH1744,627,1499213557.0,2.7187532601002786,2.7223268
sensitivity,3,mask0,629,NH1746,629,1499213595.5,2.9451490631305544,2.845134
sensitivity,3,mask0,563,NH1616,563,1499226262.0,3.038251255681042,3.0048335
sensitivity,3,mask0,605,NH1709,605,1499251437.0,2.7457053522729167,2.7874143
sensitivity,3,mask0,606,NH1710,606,1499268693.0,2.9376880075758334,2.8559968
sensitivity,3,mask0,607,NH1711,607,1499269035.0,3.096050136364167,3.0962884
sensitivity,3,mask0,608,NH1712,608,1499269310.0,2.877750958333749,2.7988517
sensitivity,3,mask0,604,NH1707,604,1499270402.0,2.8687946666664588,2.759216
sensitivity,3,mask0,603,NH1706,603,1499270496.0,2.9392557462116664,2.8212528
sensitivity,3,mask0,609,NH1714,609,1499272386.0,2.8468540606070833,2.6216788
sensitivity,3,mask0,610,NH1716,610,1499274272.0,2.9423472500008336,2.773021
sensitivity,3,mask0,593,NH1683,593,1499275237.0,2.8445862613637503,2.8302066
sensitivity,3,mask0,592,NH1682,592,1499275578.0,2.9118870189395833,3.0150232
sensitivity,3,mask0,594,NH1684,594,1499275807.5,2.8141230492429163,2.8159964
sensitivity,3,mask0,475,NH1516,475,1499294849.0,2.918081704544584,2.7174113
sensitivity,3,mask0,474,NH1515,474,1499294880.0,2.855452022727083,2.7288337
sensitivity,3,mask0,476,NH1517,476,1499295965.0,2.7876860757570836,2.7518609
sensitivity,3,mask0,477,NH1518,477,1499296302.5,2.7509270113641673,2.7516797
sensitivity,3,mask0,473,NH1514,473,1499296839.0,2.848514276515833,2.7899637
sensitivity,3,mask0,588,NH1668,588,1499299447.5,2.9043724090908336,2.814372
sensitivity,3,mask0,589,NH1669,589,1499299686.0,2.9228999570700003,3.1059916
sensitivity,3,mask0,499,NH1553,499,1499301599.5,3.1458612083337503,2.8548946
sensitivity,3,mask0,498,NH1552,498,1499301660.5,2.9805125303024997,2.8369179
sensitivity,3,mask0,624,NH1732,624,1499311659.5,2.9242628580675003,3.0830512
sensitivity,3,mask0,703,NH1836,703,1499311843.0,2.9368110719699994,2.6377718
sensitivity,3,mask0,625,NH1733,625,1499315397.0,2.632047236741875,2.787677
sensitivity,3,mask0,626,NH1734,626,1499315419.0,3.0625282613649993,3.0563078
sensitivity,3,mask0,704,NH1837,704,1499316830.0,2.8521571136358332,2.743757
sensitivity,3,mask0.02,580,NH1634,580,1499096476.0,3.1808558661602775,3.0766857
sensitivity,3,mask0.02,581,NH1635,581,1499097904.0,2.9771905227274993,2.7167375
sensitivity,3,mask0.02,582,NH1636,582,1499098641.0,2.9940467095961107,2.8725724
sensitivity,3,mask0.02,578,NH1632,578,1499098691.5,2.9853468585863894,2.942194
sensitivity,3,mask0.02,577,NH1631,577,1499098747.0,2.9908430984849996,2.7149663
sensitivity,3,mask0.02,343,NH1379,343,1499098964.0,2.427929627272333,2.8535705
sensitivity,3,mask0.02,344,NH1380,344,1499099075.0,2.5106332075753324,2.4811993
sensitivity,3,mask0.02,345,NH1381,345,1499099397.0,2.791738484848332,2.658886
sensitivity,3,mask0.02,346,NH1382,346,1499099613.0,2.5365751893945836,2.8610127
sensitivity,3,mask0.02,347,NH1383,347,1499099831.0,2.715058503788333,2.6371439
sensitivity,3,mask0.02,348,NH1384,348,1499100022.0,2.7460927310595826,2.8726952
sensitivity,3,mask0.02,349,NH1385,349,1499100479.0,2.677818651515833,2.8286245
sensitivity,3,mask0.02,350,NH1386,350,1499101459.0,3.0376429507583333,2.978316
sensitivity,3,mask0.02,342,NH1378,342,1499101807.0,2.6396423143937504,2.6041455
sensitivity,3,mask0.02,500,NH1554,500,1499110948.0,3.266245939393751,3.0137389
sensitivity,3,mask0.02,587,NH1667,587,1499111389.0,2.7702204938575674,2.7525644
sensitivity,3,mask0.02,528,NH1581,528,1499117894.0,2.899883191288333,2.9034307
sensitivity,3,mask0.02,529,NH1582,529,1499117915.0,2.8859325037879158,2.880568
sensitivity,3,mask0.02,530,NH1583,530,1499118028.5,3.185311647726667,3.0339103
sensitivity,3,mask0.02,531,NH1584,531,1499118063.0,2.83940724242375,2.838374
sensitivity,3,mask0.02,532,NH1585,532,1499118631.5,3.1895223143949996,3.1657085
sensitivity,3,mask0.02,534,NH1587,534,1499118981.0,2.9320918768935416,2.9415522
sensitivity,3,mask0.02,535,NH1588,535,1499119044.0,3.229330869317708,3.1234407
sensitivity,3,mask0.02,533,NH1586,533,1499119050.0,2.8946791931820837,2.8785799
sensitivity,3,mask0.02,536,NH1589,536,1499119119.0,3.1033055530299998,2.9080377
sensitivity,3,mask0.02,538,NH1591,538,1499119821.0,3.243477958333125,3.2002256
sensitivity,3,mask0.02,537,NH1590,537,1499120066.0,3.10421795833375,2.895192
sensitivity,3,mask0.02,527,NH1579,527,1499120244.0,2.998226829545417,2.9686224
sensitivity,3,mask0.02,567,NH1621,567,1499123132.0,2.6374142760940753,2.793916
sensitivity,3,mask0.02,568,NH1622,568,1499123244.0,2.78111150505,2.8948448
sensitivity,3,mask0.02,569,NH1623,569,1499123539.0,2.941981262625833,3.0203612
sensitivity,3,mask0.02,570,NH1624,570,1499125299.5,3.112737872727167,3.0354476
sensitivity,3,mask0.02,571,NH1625,571,1499125410.0,3.022505628787084,2.9313555
sensitivity,3,mask0.02,566,NH1620,566,1499125843.0,2.893701810606112,2.903929
sensitivity,3,mask0.02,640,NH1769,640,1499149063.5,2.9994482575762498,2.8471308
sensitivity,3,mask0.02,641,NH1770,641,1499149239.0,3.0840344545449994,2.8621671
sensitivity,3,mask0.02,642,NH1771,642,1499149701.0,3.0430837992420834,2.8583117
sensitivity,3,mask0.02,643,NH1772,643,1499149787.0,3.204778238636667,2.9244254
sensitivity,3,mask0.02,644,NH1773,644,1499150224.0,3.0746478371216663,2.876885
sensitivity,3,mask0.02,645,NH1774,645,1499150337.0,3.007947106060417,2.8209314
sensitivity,3,mask0.02,616,NH1724,616,1499151510.0,2.983917755049999,2.7869458
sensitivity,3,mask0.02,617,NH1725,617,1499151621.0,3.005704808080278,2.9693432
sensitivity,3,mask0.02,618,NH1726,618,1499151726.5,2.7433783434338888,2.6364026
sensitivity,3,mask0.02,620,NH1728,620,1499152752.0,3.1653335303028323,3.0492375
sensitivity,3,mask0.02,619,NH1727,619,1499152807.5,3.033899217172222,2.7966094
sensitivity,3,mask0.02,622,NH1730,622,1499152969.0,3.09583614015125,2.845656
sensitivity,3,mask0.02,621,NH1729,621,1499153214.0,2.909598431818333,2.7358177
sensitivity,3,mask0.02,623,NH1731,623,1499154023.0,2.957467170454167,2.8589742
sensitivity,3,mask0.02,639,NH1768,639,1499154270.5,2.818932253787083,2.773554
sensitivity,3,mask0.02,615,NH1722,615,1499154298.0,2.86136358712125,2.7020016
sensitivity,3,mask0.02,638,NH1767,638,1499154541.5,2.9929210568175,2.90001
sensitivity,3,mask0.02,637,NH1766,637,1499157052.0,2.774261397727083,2.8240278
sensitivity,3,mask0.02,636,NH1765,636,1499157139.0,3.146891314395417,3.061721
sensitivity,3,mask0.02,565,NH1619,565,1499161993.5,2.9540384015145826,2.708315
sensitivity,3,mask0.02,596,NH1686,596,1499163186.0,3.1082548999995008,3.0621414
sensitivity,3,mask0.02,597,NH1688,597,1499163406.0,2.848719204545,2.7279036
sensitivity,3,mask0.02,598,NH1689,598,1499164495.0,3.006316,3.079225
sensitivity,3,mask0.02,595,NH1685,595,1499165894.0,2.9339350757569456,2.863859
sensitivity,3,mask0.02,458,NH1499,458,1499171054.0,3.0142012803036105,2.7859123
sensitivity,3,mask0.02,459,NH1500,459,1499171249.5,2.7833541388886114,2.69193
sensitivity,3,mask0.02,460,NH1501,460,1499171260.0,3.142547452020001,2.8662164
sensitivity,3,mask0.02,461,NH1502,461,1499171844.0,2.919967611743666,2.9051845
sensitivity,3,mask0.02,462,NH1503,462,1499172128.0,2.989936401514583,2.6593897
sensitivity,3,mask0.02,463,NH1504,463,1499172863.0,2.7883351439399995,2.707635
sensitivity,3,mask0.02,601,NH1704,601,1499176710.5,3.0184068282827776,2.9731247
sensitivity,3,mask0.02,600,NH1703,600,1499176766.0,2.8691397777783334,2.761816
sensitivity,3,mask0.02,602,NH1705,602,1499177075.0,2.8160141338380558,2.7583995
sensitivity,3,mask0.02,599,NH1702,599,1499179309.5,3.0610138762624994,3.0222797
sensitivity,3,mask0.02,659,NH1790,659,1499188064.0,2.8337587954544445,2.808762
sensitivity,3,mask0.02,658,NH1789,658,1499188124.0,2.9286468459597224,2.9838398
sensitivity,3,mask0.02,660,NH1791,660,1499188343.0,3.113605141414166,3.0998363
sensitivity,3,mask0.02,628,NH1745,628,1499213488.0,2.559162946969445,2.6209562
sensitivity,3,mask0.02,627,NH1744,627,1499213557.0,2.7187532601002786,2.7239199
sensitivity,3,mask0.02,629,NH1746,629,1499213595.5,2.9451490631305544,2.8833709
sensitivity,3,mask0.02,563,NH1616,563,1499226262.0,3.038251255681042,2.9857872
sensitivity,3,mask0.02,605,NH1709,605,1499251437.0,2.7457053522729167,2.7754729
sensitivity,3,mask0.02,606,NH1710,606,1499268693.0,2.9376880075758334,2.8495312
sensitivity,3,mask0.02,607,NH1711,607,1499269035.0,3.096050136364167,3.1019075
sensitivity,3,mask0.02,608,NH1712,608,1499269310.0,2.877750958333749,2.7628882
sensitivity,3,mask0.02,604,NH1707,604,1499270402.0,2.8687946666664588,2.7575004
sensitivity,3,mask0.02,603,NH1706,603,1499270496.0,2.9392557462116664,2.8113573
sensitivity,3,mask0.02,609,NH1714,609,1499272386.0,2.8468540606070833,2.6333387
sensitivity,3,mask0.02,610,NH1716,610,1499274272.0,2.9423472500008336,2.791551
sensitivity,3,mask0.02,593,NH1683,593,1499275237.0,2.8445862613637503,2.8317337
sensitivity,3,mask0.02,592,NH1682,592,1499275578.0,2.9118870189395833,3.022402
sensitivity,3,mask0.02,594,NH1684,594,1499275807.5,2.8141230492429163,2.836482
sensitivity,3,mask0.02,475,NH1516,475,1499294849.0,2.918081704544584,2.7291324
sensitivity,3,mask0.02,474,NH1515,474,1499294880.0,2.855452022727083,2.7351665
sensitivity,3,mask0.02,476,NH1517,476,1499295965.0,2.7876860757570836,2.7322161
sensitivity,3,mask0.02,477,NH1518,477,1499296302.5,2.7509270113641673,2.7068071
sensitivity,3,mask0.02,473,NH1514,473,1499296839.0,2.848514276515833,2.782107
sensitivity,3,mask0.02,588,NH1668,588,1499299447.5,2.9043724090908336,2.8245163
sensitivity,3,mask0.02,589,NH1669,589,1499299686.0,2.9228999570700003,3.1318948
sensitivity,3,mask0.02,499,NH1553,499,1499301599.5,3.1458612083337503,2.833776
sensitivity,3,mask0.02,498,NH1552,498,1499301660.5,2.9805125303024997,2.7810125
sensitivity,3,mask0.02,624,NH1732,624,1499311659.5,2.9242628580675003,3.102092
sensitivity,3,mask0.02,703,NH1836,703,1499311843.0,2.9368110719699994,2.6566281
sensitivity,3,mask0.02,625,NH1733,625,1499315397.0,2.632047236741875,2.797039
sensitivity,3,mask0.02,626,NH1734,626,1499315419.0,3.0625282613649993,3.0739446
sensitivity,3,mask0.02,704,NH1837,704,1499316830.0,2.8521571136358332,2.7372005
sensitivity,3,rounds600,580,NH1634,580,1499096476.0,3.1808558661602775,3.072931
sensitivity,3,rounds600,581,NH1635,581,1499097904.0,2.9771905227274993,2.7332315
sensitivity,3,rounds600,582,NH1636,582,1499098641.0,2.9940467095961107,2.825702
sensitivity,3,rounds600,578,NH1632,578,1499098691.5,2.9853468585863894,2.9128828
sensitivity,3,rounds600,577,NH1631,577,1499098747.0,2.9908430984849996,2.7320347
sensitivity,3,rounds600,343,NH1379,343,1499098964.0,2.427929627272333,2.8626363
sensitivity,3,rounds600,344,NH1380,344,1499099075.0,2.5106332075753324,2.5164633
sensitivity,3,rounds600,345,NH1381,345,1499099397.0,2.791738484848332,2.6886852
sensitivity,3,rounds600,346,NH1382,346,1499099613.0,2.5365751893945836,2.88552
sensitivity,3,rounds600,347,NH1383,347,1499099831.0,2.715058503788333,2.6781392
sensitivity,3,rounds600,348,NH1384,348,1499100022.0,2.7460927310595826,2.8813684
sensitivity,3,rounds600,349,NH1385,349,1499100479.0,2.677818651515833,2.8629353
sensitivity,3,rounds600,350,NH1386,350,1499101459.0,3.0376429507583333,2.9891362
sensitivity,3,rounds600,342,NH1378,342,1499101807.0,2.6396423143937504,2.6451352
sensitivity,3,rounds600,500,NH1554,500,1499110948.0,3.266245939393751,3.0677888
sensitivity,3,rounds600,587,NH1667,587,1499111389.0,2.7702204938575674,2.7387044
sensitivity,3,rounds600,528,NH1581,528,1499117894.0,2.899883191288333,2.944521
sensitivity,3,rounds600,529,NH1582,529,1499117915.0,2.8859325037879158,2.926699
sensitivity,3,rounds600,530,NH1583,530,1499118028.5,3.185311647726667,3.1110346
sensitivity,3,rounds600,531,NH1584,531,1499118063.0,2.83940724242375,2.8851416
sensitivity,3,rounds600,532,NH1585,532,1499118631.5,3.1895223143949996,3.1970525
sensitivity,3,rounds600,534,NH1587,534,1499118981.0,2.9320918768935416,2.956491
sensitivity,3,rounds600,535,NH1588,535,1499119044.0,3.229330869317708,3.1663628
sensitivity,3,rounds600,533,NH1586,533,1499119050.0,2.8946791931820837,2.8987355
sensitivity,3,rounds600,536,NH1589,536,1499119119.0,3.1033055530299998,2.9479349
sensitivity,3,rounds600,538,NH1591,538,1499119821.0,3.243477958333125,3.242692
sensitivity,3,rounds600,537,NH1590,537,1499120066.0,3.10421795833375,2.939389
sensitivity,3,rounds600,527,NH1579,527,1499120244.0,2.998226829545417,2.9931624
sensitivity,3,rounds600,567,NH1621,567,1499123132.0,2.6374142760940753,2.7989643
sensitivity,3,rounds600,568,NH1622,568,1499123244.0,2.78111150505,2.8928256
sensitivity,3,rounds600,569,NH1623,569,1499123539.0,2.941981262625833,3.0425048
sensitivity,3,rounds600,570,NH1624,570,1499125299.5,3.112737872727167,3.0242293
sensitivity,3,rounds600,571,NH1625,571,1499125410.0,3.022505628787084,2.9097764
sensitivity,3,rounds600,566,NH1620,566,1499125843.0,2.893701810606112,2.8507118
sensitivity,3,rounds600,640,NH1769,640,1499149063.5,2.9994482575762498,2.8326106
sensitivity,3,rounds600,641,NH1770,641,1499149239.0,3.0840344545449994,2.8497324
sensitivity,3,rounds600,642,NH1771,642,1499149701.0,3.0430837992420834,2.83731
sensitivity,3,rounds600,643,NH1772,643,1499149787.0,3.204778238636667,2.906857
sensitivity,3,rounds600,644,NH1773,644,1499150224.0,3.0746478371216663,2.8631353
sensitivity,3,rounds600,645,NH1774,645,1499150337.0,3.007947106060417,2.8184228
sensitivity,3,rounds600,616,NH1724,616,1499151510.0,2.983917755049999,2.7902546
sensitivity,3,rounds600,617,NH1725,617,1499151621.0,3.005704808080278,2.979051
sensitivity,3,rounds600,618,NH1726,618,1499151726.5,2.7433783434338888,2.6440353
sensitivity,3,rounds600,620,NH1728,620,1499152752.0,3.1653335303028323,3.0329301
sensitivity,3,rounds600,619,NH1727,619,1499152807.5,3.033899217172222,2.8020175
sensitivity,3,rounds600,622,NH1730,622,1499152969.0,3.09583614015125,2.8139048
sensitivity,3,rounds600,621,NH1729,621,1499153214.0,2.909598431818333,2.730712
sensitivity,3,rounds600,623,NH1731,623,1499154023.0,2.957467170454167,2.8562052
sensitivity,3,rounds600,639,NH1768,639,1499154270.5,2.818932253787083,2.7504263
sensitivity,3,rounds600,615,NH1722,615,1499154298.0,2.86136358712125,2.7015302
sensitivity,3,rounds600,638,NH1767,638,1499154541.5,2.9929210568175,2.8693013
sensitivity,3,rounds600,637,NH1766,637,1499157052.0,2.774261397727083,2.8093655
sensitivity,3,rounds600,636,NH1765,636,1499157139.0,3.146891314395417,3.0562506
sensitivity,3,rounds600,565,NH1619,565,1499161993.5,2.9540384015145826,2.6853068
sensitivity,3,rounds600,596,NH1686,596,1499163186.0,3.1082548999995008,3.0885181
sensitivity,3,rounds600,597,NH1688,597,1499163406.0,2.848719204545,2.7246385
sensitivity,3,rounds600,598,NH1689,598,1499164495.0,3.006316,3.0641086
sensitivity,3,rounds600,595,NH1685,595,1499165894.0,2.9339350757569456,2.839365
sensitivity,3,rounds600,458,NH1499,458,1499171054.0,3.0142012803036105,2.8144946
sensitivity,3,rounds600,459,NH1500,459,1499171249.5,2.7833541388886114,2.6938975
sensitivity,3,rounds600,460,NH1501,460,1499171260.0,3.142547452020001,2.8897164
sensitivity,3,rounds600,461,NH1502,461,1499171844.0,2.919967611743666,2.910209
sensitivity,3,rounds600,462,NH1503,462,1499172128.0,2.989936401514583,2.6572986
sensitivity,3,rounds600,463,NH1504,463,1499172863.0,2.7883351439399995,2.7138908
sensitivity,3,rounds600,601,NH1704,601,1499176710.5,3.0184068282827776,2.9943266
sensitivity,3,rounds600,600,NH1703,600,1499176766.0,2.8691397777783334,2.7567086
sensitivity,3,rounds600,602,NH1705,602,1499177075.0,2.8160141338380558,2.7147424
sensitivity,3,rounds600,599,NH1702,599,1499179309.5,3.0610138762624994,3.0148523
sensitivity,3,rounds600,659,NH1790,659,1499188064.0,2.8337587954544445,2.8198695
sensitivity,3,rounds600,658,NH1789,658,1499188124.0,2.9286468459597224,2.9933202
sensitivity,3,rounds600,660,NH1791,660,1499188343.0,3.113605141414166,3.1462917
sensitivity,3,rounds600,628,NH1745,628,1499213488.0,2.559162946969445,2.6457667
sensitivity,3,rounds600,627,NH1744,627,1499213557.0,2.7187532601002786,2.74455
sensitivity,3,rounds600,629,NH1746,629,1499213595.5,2.9451490631305544,2.890217
sensitivity,3,rounds600,563,NH1616,563,1499226262.0,3.038251255681042,3.0173228
sensitivity,3,rounds600,605,NH1709,605,1499251437.0,2.7457053522729167,2.7847295
sensitivity,3,rounds600,606,NH1710,606,1499268693.0,2.9376880075758334,2.82537
sensitivity,3,rounds600,607,NH1711,607,1499269035.0,3.096050136364167,3.104777
sensitivity,3,rounds600,608,NH1712,608,1499269310.0,2.877750958333749,2.7894158
sensitivity,3,rounds600,604,NH1707,604,1499270402.0,2.8687946666664588,2.7742841
sensitivity,3,rounds600,603,NH1706,603,1499270496.0,2.9392557462116664,2.8262992
sensitivity,3,rounds600,609,NH1714,609,1499272386.0,2.8468540606070833,2.6238654
sensitivity,3,rounds600,610,NH1716,610,1499274272.0,2.9423472500008336,2.792376
sensitivity,3,rounds600,593,NH1683,593,1499275237.0,2.8445862613637503,2.8414764
sensitivity,3,rounds600,592,NH1682,592,1499275578.0,2.9118870189395833,3.0398245
sensitivity,3,rounds600,594,NH1684,594,1499275807.5,2.8141230492429163,2.815295
sensitivity,3,rounds600,475,NH1516,475,1499294849.0,2.918081704544584,2.743851
sensitivity,3,rounds600,474,NH1515,474,1499294880.0,2.855452022727083,2.7280118
sensitivity,3,rounds600,476,NH1517,476,1499295965.0,2.7876860757570836,2.719882
sensitivity,3,rounds600,477,NH1518,477,1499296302.5,2.7509270113641673,2.7486525
sensitivity,3,rounds600,473,NH1514,473,1499296839.0,2.848514276515833,2.7719364
sensitivity,3,rounds600,588,NH1668,588,1499299447.5,2.9043724090908336,2.812237
sensitivity,3,rounds600,589,NH1669,589,1499299686.0,2.9228999570700003,3.067163
sensitivity,3,rounds600,499,NH1553,499,1499301599.5,3.1458612083337503,2.8688357
sensitivity,3,rounds600,498,NH1552,498,1499301660.5,2.9805125303024997,2.8203692
sensitivity,3,rounds600,624,NH1732,624,1499311659.5,2.9242628580675003,3.0918431
sensitivity,3,rounds600,703,NH1836,703,1499311843.0,2.9368110719699994,2.6630838
sensitivity,3,rounds600,625,NH1733,625,1499315397.0,2.632047236741875,2.823928
sensitivity,3,rounds600,626,NH1734,626,1499315419.0,3.0625282613649993,3.070141
sensitivity,3,rounds600,704,NH1837,704,1499316830.0,2.8521571136358332,2.751011
sensitivity,3,lr0.025,580,NH1634,580,1499096476.0,3.1808558661602775,3.0266113
sensitivity,3,lr0.025,581,NH1635,581,1499097904.0,2.9771905227274993,2.707709
sensitivity,3,lr0.025,582,NH1636,582,1499098641.0,2.9940467095961107,2.82345
sensitivity,3,lr0.025,578,NH1632,578,1499098691.5,2.9853468585863894,2.900571
sensitivity,3,lr0.025,577,NH1631,577,1499098747.0,2.9908430984849996,2.7243414
sensitivity,3,lr0.025,343,NH1379,343,1499098964.0,2.427929627272333,2.8300185
sensitivity,3,lr0.025,344,NH1380,344,1499099075.0,2.5106332075753324,2.514813
sensitivity,3,lr0.025,345,NH1381,345,1499099397.0,2.791738484848332,2.6777961
sensitivity,3,lr0.025,346,NH1382,346,1499099613.0,2.5365751893945836,2.8679655
sensitivity,3,lr0.025,347,NH1383,347,1499099831.0,2.715058503788333,2.656216
sensitivity,3,lr0.025,348,NH1384,348,1499100022.0,2.7460927310595826,2.8713968
sensitivity,3,lr0.025,349,NH1385,349,1499100479.0,2.677818651515833,2.8377519
sensitivity,3,lr0.025,350,NH1386,350,1499101459.0,3.0376429507583333,2.9679537
sensitivity,3,lr0.025,342,NH1378,342,1499101807.0,2.6396423143937504,2.646433
sensitivity,3,lr0.025,500,NH1554,500,1499110948.0,3.266245939393751,3.0490873
sensitivity,3,lr0.025,587,NH1667,587,1499111389.0,2.7702204938575674,2.742313
sensitivity,3,lr0.025,528,NH1581,528,1499117894.0,2.899883191288333,2.9191337
sensitivity,3,lr0.025,529,NH1582,529,1499117915.0,2.8859325037879158,2.9138389
sensitivity,3,lr0.025,530,NH1583,530,1499118028.5,3.185311647726667,3.0746915
sensitivity,3,lr0.025,531,NH1584,531,1499118063.0,2.83940724242375,2.8648744
sensitivity,3,lr0.025,532,NH1585,532,1499118631.5,3.1895223143949996,3.163337
sensitivity,3,lr0.025,534,NH1587,534,1499118981.0,2.9320918768935416,2.9331138
sensitivity,3,lr0.025,535,NH1588,535,1499119044.0,3.229330869317708,3.1526365
sensitivity,3,lr0.025,533,NH1586,533,1499119050.0,2.8946791931820837,2.86982
sensitivity,3,lr0.025,536,NH1589,536,1499119119.0,3.1033055530299998,2.9082894
sensitivity,3,lr0.025,538,NH1591,538,1499119821.0,3.243477958333125,3.2048752
sensitivity,3,lr0.025,537,NH1590,537,1499120066.0,3.10421795833375,2.9261243
sensitivity,3,lr0.025,527,NH1579,527,1499120244.0,2.998226829545417,2.9676828
sensitivity,3,lr0.025,567,NH1621,567,1499123132.0,2.6374142760940753,2.7928774
sensitivity,3,lr0.025,568,NH1622,568,1499123244.0,2.78111150505,2.899161
sensitivity,3,lr0.025,569,NH1623,569,1499123539.0,2.941981262625833,3.0355778
sensitivity,3,lr0.025,570,NH1624,570,1499125299.5,3.112737872727167,3.036633
sensitivity,3,lr0.025,571,NH1625,571,1499125410.0,3.022505628787084,2.9338288
sensitivity,3,lr0.025,566,NH1620,566,1499125843.0,2.893701810606112,2.885833
sensitivity,3,lr0.025,640,NH1769,640,1499149063.5,2.9994482575762498,2.8218615
sensitivity,3,lr0.025,641,NH1770,641,1499149239.0,3.0840344545449994,2.8441427
sensitivity,3,lr0.025,642,NH1771,642,1499149701.0,3.0430837992420834,2.842149
sensitivity,3,lr0.025,643,NH1772,643,1499149787.0,3.204778238636667,2.9030526
sensitivity,3,lr0.025,644,NH1773,644,1499150224.0,3.0746478371216663,2.8499727
sensitivity,3,lr0.025,645,NH1774,645,1499150337.0,3.007947106060417,2.8137002
sensitivity,3,lr0.025,616,NH1724,616,1499151510.0,2.983917755049999,2.7568872
sensitivity,3,lr0.025,617,NH1725,617,1499151621.0,3.005704808080278,2.9564626
sensitivity,3,lr0.025,618,NH1726,618,1499151726.5,2.7433783434338888,2.5997796
sensitivity,3,lr0.025,620,NH1728,620,1499152752.0,3.1653335303028323,3.032965
sensitivity,3,lr0.025,619,NH1727,619,1499152807.5,3.033899217172222,2.7718332
sensitivity,3,lr0.025,622,NH1730,622,1499152969.0,3.09583614015125,2.7923663
sensitivity,3,lr0.025,621,NH1729,621,1499153214.0,2.909598431818333,2.7127998
sensitivity,3,lr0.025,623,NH1731,623,1499154023.0,2.957467170454167,2.8358133
sensitivity,3,lr0.025,639,NH1768,639,1499154270.5,2.818932253787083,2.7711236
sensitivity,3,lr0.025,615,NH1722,615,1499154298.0,2.86136358712125,2.6875448
sensitivity,3,lr0.025,638,NH1767,638,1499154541.5,2.9929210568175,2.8871574
sensitivity,3,lr0.025,637,NH1766,637,1499157052.0,2.774261397727083,2.7857227
sensitivity,3,lr0.025,636,NH1765,636,1499157139.0,3.146891314395417,3.019416
sensitivity,3,lr0.025,565,NH1619,565,1499161993.5,2.9540384015145826,2.6911175
sensitivity,3,lr0.025,596,NH1686,596,1499163186.0,3.1082548999995008,3.0966687
sensitivity,3,lr0.025,597,NH1688,597,1499163406.0,2.848719204545,2.7175884
sensitivity,3,lr0.025,598,NH1689,598,1499164495.0,3.006316,3.0600188
sensitivity,3,lr0.025,595,NH1685,595,1499165894.0,2.9339350757569456,2.8117204
sensitivity,3,lr0.025,458,NH1499,458,1499171054.0,3.0142012803036105,2.7810056
sensitivity,3,lr0.025,459,NH1500,459,1499171249.5,2.7833541388886114,2.6702974
sensitivity,3,lr0.025,460,NH1501,460,1499171260.0,3.142547452020001,2.8301528
sensitivity,3,lr0.025,461,NH1502,461,1499171844.0,2.919967611743666,2.8790452
sensitivity,3,lr0.025,462,NH1503,462,1499172128.0,2.989936401514583,2.642111
sensitivity,3,lr0.025,463,NH1504,463,1499172863.0,2.7883351439399995,2.693943
sensitivity,3,lr0.025,601,NH1704,601,1499176710.5,3.0184068282827776,2.9788532
sensitivity,3,lr0.025,600,NH1703,600,1499176766.0,2.8691397777783334,2.7532494
sensitivity,3,lr0.025,602,NH1705,602,1499177075.0,2.8160141338380558,2.7403798
sensitivity,3,lr0.025,599,NH1702,599,1499179309.5,3.0610138762624994,2.9591696
sensitivity,3,lr0.025,659,NH1790,659,1499188064.0,2.8337587954544445,2.8023083
sensitivity,3,lr0.025,658,NH1789,658,1499188124.0,2.9286468459597224,2.9778702
sensitivity,3,lr0.025,660,NH1791,660,1499188343.0,3.113605141414166,3.1132905
sensitivity,3,lr0.025,628,NH1745,628,1499213488.0,2.559162946969445,2.6221676
sensitivity,3,lr0.025,627,NH1744,627,1499213557.0,2.7187532601002786,2.7001328
sensitivity,3,lr0.025,629,NH1746,629,1499213595.5,2.9451490631305544,2.825619
sensitivity,3,lr0.025,563,NH1616,563,1499226262.0,3.038251255681042,2.993153
sensitivity,3,lr0.025,605,NH1709,605,1499251437.0,2.7457053522729167,2.7815723
sensitivity,3,lr0.025,606,NH1710,606,1499268693.0,2.9376880075758334,2.8361542
sensitivity,3,lr0.025,607,NH1711,607,1499269035.0,3.096050136364167,3.090364
sensitivity,3,lr0.025,608,NH1712,608,1499269310.0,2.877750958333749,2.79705
sensitivity,3,lr0.025,604,NH1707,604,1499270402.0,2.8687946666664588,2.7620833
sensitivity,3,lr0.025,603,NH1706,603,1499270496.0,2.9392557462116664,2.8008144
sensitivity,3,lr0.025,609,NH1714,609,1499272386.0,2.8468540606070833,2.62129
sensitivity,3,lr0.025,610,NH1716,610,1499274272.0,2.9423472500008336,2.7720034
sensitivity,3,lr0.025,593,NH1683,593,1499275237.0,2.8445862613637503,2.851624
sensitivity,3,lr0.025,592,NH1682,592,1499275578.0,2.9118870189395833,3.0129206
sensitivity,3,lr0.025,594,NH1684,594,1499275807.5,2.8141230492429163,2.8071978
sensitivity,3,lr0.025,475,NH1516,475,1499294849.0,2.918081704544584,2.720412
sensitivity,3,lr0.025,474,NH1515,474,1499294880.0,2.855452022727083,2.6954587
sensitivity,3,lr0.025,476,NH1517,476,1499295965.0,2.7876860757570836,2.732623
sensitivity,3,lr0.025,477,NH1518,477,1499296302.5,2.7509270113641673,2.7568593
sensitivity,3,lr0.025,473,NH1514,473,1499296839.0,2.848514276515833,2.786296
sensitivity,3,lr0.025,588,NH1668,588,1499299447.5,2.9043724090908336,2.8266466
sensitivity,3,lr0.025,589,NH1669,589,1499299686.0,2.9228999570700003,3.0986104
sensitivity,3,lr0.025,499,NH1553,499,1499301599.5,3.1458612083337503,2.8489015
sensitivity,3,lr0.025,498,NH1552,498,1499301660.5,2.9805125303024997,2.8030362
sensitivity,3,lr0.025,624,NH1732,624,1499311659.5,2.9242628580675003,3.105693
sensitivity,3,lr0.025,703,NH1836,703,1499311843.0,2.9368110719699994,2.6500185
sensitivity,3,lr0.025,625,NH1733,625,1499315397.0,2.632047236741875,2.8113272
sensitivity,3,lr0.025,626,NH1734,626,1499315419.0,3.0625282613649993,3.0432253
sensitivity,3,lr0.025,704,NH1837,704,1499316830.0,2.8521571136358332,2.7411792
sensitivity,3,reg0_1,580,NH1634,580,1499096476.0,3.1808558661602775,3.06944
sensitivity,3,reg0_1,581,NH1635,581,1499097904.0,2.9771905227274993,2.7103188
sensitivity,3,reg0_1,582,NH1636,582,1499098641.0,2.9940467095961107,2.8313308
sensitivity,3,reg0_1,578,NH1632,578,1499098691.5,2.9853468585863894,2.9122074
sensitivity,3,reg0_1,577,NH1631,577,1499098747.0,2.9908430984849996,2.715017
sensitivity,3,reg0_1,343,NH1379,343,1499098964.0,2.427929627272333,2.8384397
sensitivity,3,reg0_1,344,NH1380,344,1499099075.0,2.5106332075753324,2.49028
sensitivity,3,reg0_1,345,NH1381,345,1499099397.0,2.791738484848332,2.6532996
sensitivity,3,reg0_1,346,NH1382,346,1499099613.0,2.5365751893945836,2.8587108
sensitivity,3,reg0_1,347,NH1383,347,1499099831.0,2.715058503788333,2.6525452
sensitivity,3,reg0_1,348,NH1384,348,1499100022.0,2.7460927310595826,2.8578439
sensitivity,3,reg0_1,349,NH1385,349,1499100479.0,2.677818651515833,2.8278937
sensitivity,3,reg0_1,350,NH1386,350,1499101459.0,3.0376429507583333,2.9509137
sensitivity,3,reg0_1,342,NH1378,342,1499101807.0,2.6396423143937504,2.62767
sensitivity,3,reg0_1,500,NH1554,500,1499110948.0,3.266245939393751,3.0797868
sensitivity,3,reg0_1,587,NH1667,587,1499111389.0,2.7702204938575674,2.7312315
sensitivity,3,reg0_1,528,NH1581,528,1499117894.0,2.899883191288333,2.9209175
sensitivity,3,reg0_1,529,NH1582,529,1499117915.0,2.8859325037879158,2.8962486
sensitivity,3,reg0_1,530,NH1583,530,1499118028.5,3.185311647726667,3.1114366
sensitivity,3,reg0_1,531,NH1584,531,1499118063.0,2.83940724242375,2.8761225
sensitivity,3,reg0_1,532,NH1585,532,1499118631.5,3.1895223143949996,3.1900787
sensitivity,3,reg0_1,534,NH1587,534,1499118981.0,2.9320918768935416,2.957498
sensitivity,3,reg0_1,535,NH1588,535,1499119044.0,3.229330869317708,3.17359
sensitivity,3,reg0_1,533,NH1586,533,1499119050.0,2.8946791931820837,2.8890975
sensitivity,3,reg0_1,536,NH1589,536,1499119119.0,3.1033055530299998,2.9432209
sensitivity,3,reg0_1,538,NH1591,538,1499119821.0,3.243477958333125,3.2513108
sensitivity,3,reg0_1,537,NH1590,537,1499120066.0,3.10421795833375,2.936066
sensitivity,3,reg0_1,527,NH1579,527,1499120244.0,2.998226829545417,2.9879665
sensitivity,3,reg0_1,567,NH1621,567,1499123132.0,2.6374142760940753,2.808397
sensitivity,3,reg0_1,568,NH1622,568,1499123244.0,2.78111150505,2.8819
sensitivity,3,reg0_1,569,NH1623,569,1499123539.0,2.941981262625833,3.0375829
sensitivity,3,reg0_1,570,NH1624,570,1499125299.5,3.112737872727167,3.0211873
sensitivity,3,reg0_1,571,NH1625,571,1499125410.0,3.022505628787084,2.9419494
sensitivity,3,reg0_1,566,NH1620,566,1499125843.0,2.893701810606112,2.9263015
sensitivity,3,reg0_1,640,NH1769,640,1499149063.5,2.9994482575762498,2.838696
sensitivity,3,reg0_1,641,NH1770,641,1499149239.0,3.0840344545449994,2.835846
sensitivity,3,reg0_1,642,NH1771,642,1499149701.0,3.0430837992420834,2.8465936
sensitivity,3,reg0_1,643,NH1772,643,1499149787.0,3.204778238636667,2.9202373
sensitivity,3,reg0_1,644,NH1773,644,1499150224.0,3.0746478371216663,2.8856068
sensitivity,3,reg0_1,645,NH1774,645,1499150337.0,3.007947106060417,2.819518
sensitivity,3,reg0_1,616,NH1724,616,1499151510.0,2.983917755049999,2.7826385
sensitivity,3,reg0_1,617,NH1725,617,1499151621.0,3.005704808080278,2.9502156
sensitivity,3,reg0_1,618,NH1726,618,1499151726.5,2.7433783434338888,2.6143835
sensitivity,3,reg0_1,620,NH1728,620,1499152752.0,3.1653335303028323,3.0468576
sensitivity,3,reg0_1,619,NH1727,619,1499152807.5,3.033899217172222,2.8071272
sensitivity,3,reg0_1,622,NH1730,622,1499152969.0,3.09583614015125,2.8397853
sensitivity,3,reg0_1,621,NH1729,621,1499153214.0,2.909598431818333,2.745053
sensitivity,3,reg0_1,623,NH1731,623,1499154023.0,2.957467170454167,2.8734076
sensitivity,3,reg0_1,639,NH1768,639,1499154270.5,2.818932253787083,2.78994
sensitivity,3,reg0_1,615,NH1722,615,1499154298.0,2.86136358712125,2.6905289
sensitivity,3,reg0_1,638,NH1767,638,1499154541.5,2.9929210568175,2.9187179
sensitivity,3,reg0_1,637,NH1766,637,1499157052.0,2.774261397727083,2.8394983
sensitivity,3,reg0_1,636,NH1765,636,1499157139.0,3.146891314395417,3.0779512
sensitivity,3,reg0_1,565,NH1619,565,1499161993.5,2.9540384015145826,2.7022872
sensitivity,3,reg0_1,596,NH1686,596,1499163186.0,3.1082548999995008,3.0680358
sensitivity,3,reg0_1,597,NH1688,597,1499163406.0,2.848719204545,2.7331345
sensitivity,3,reg0_1,598,NH1689,598,1499164495.0,3.006316,3.0628202
sensitivity,3,reg0_1,595,NH1685,595,1499165894.0,2.9339350757569456,2.8334787
sensitivity,3,reg0_1,458,NH1499,458,1499171054.0,3.0142012803036105,2.809793
sensitivity,3,reg0_1,459,NH1500,459,1499171249.5,2.7833541388886114,2.6929958
sensitivity,3,reg0_1,460,NH1501,460,1499171260.0,3.142547452020001,2.8740404
sensitivity,3,reg0_1,461,NH1502,461,1499171844.0,2.919967611743666,2.8957417
sensitivity,3,reg0_1,462,NH1503,462,1499172128.0,2.989936401514583,2.6705122
sensitivity,3,reg0_1,463,NH1504,463,1499172863.0,2.7883351439399995,2.7174623
sensitivity,3,reg0_1,601,NH1704,601,1499176710.5,3.0184068282827776,2.9886594
sensitivity,3,reg0_1,600,NH1703,600,1499176766.0,2.8691397777783334,2.757879
sensitivity,3,reg0_1,602,NH1705,602,1499177075.0,2.8160141338380558,2.7132626
sensitivity,3,reg0_1,599,NH1702,599,1499179309.5,3.0610138762624994,3.0087984
sensitivity,3,reg0_1,659,NH1790,659,1499188064.0,2.8337587954544445,2.8691962
sensitivity,3,reg0_1,658,NH1789,658,1499188124.0,2.9286468459597224,2.9995956
sensitivity,3,reg0_1,660,NH1791,660,1499188343.0,3.113605141414166,3.1568894
sensitivity,3,reg0_1,628,NH1745,628,1499213488.0,2.559162946969445,2.6419184
sensitivity,3,reg0_1,627,NH1744,627,1499213557.0,2.7187532601002786,2.7093682
sensitivity,3,reg0_1,629,NH1746,629,1499213595.5,2.9451490631305544,2.8709655
sensitivity,3,reg0_1,563,NH1616,563,1499226262.0,3.038251255681042,2.9643931
sensitivity,3,reg0_1,605,NH1709,605,1499251437.0,2.7457053522729167,2.7949915
sensitivity,3,reg0_1,606,NH1710,606,1499268693.0,2.9376880075758334,2.8439121
sensitivity,3,reg0_1,607,NH1711,607,1499269035.0,3.096050136364167,3.0805643
sensitivity,3,reg0_1,608,NH1712,608,1499269310.0,2.877750958333749,2.7824318
sensitivity,3,reg0_1,604,NH1707,604,1499270402.0,2.8687946666664588,2.7831907
sensitivity,3,reg0_1,603,NH1706,603,1499270496.0,2.9392557462116664,2.834857
sensitivity,3,reg0_1,609,NH1714,609,1499272386.0,2.8468540606070833,2.6196392
sensitivity,3,reg0_1,610,NH1716,610,1499274272.0,2.9423472500008336,2.7934403
sensitivity,3,reg0_1,593,NH1683,593,1499275237.0,2.8445862613637503,2.8336692
sensitivity,3,reg0_1,592,NH1682,592,1499275578.0,2.9118870189395833,3.026889
sensitivity,3,reg0_1,594,NH1684,594,1499275807.5,2.8141230492429163,2.8349593
sensitivity,3,reg0_1,475,NH1516,475,1499294849.0,2.918081704544584,2.730078
sensitivity,3,reg0_1,474,NH1515,474,1499294880.0,2.855452022727083,2.727104
sensitivity,3,reg0_1,476,NH1517,476,1499295965.0,2.7876860757570836,2.73549
sensitivity,3,reg0_1,477,NH1518,477,1499296302.5,2.7509270113641673,2.7256637
sensitivity,3,reg0_1,473,NH1514,473,1499296839.0,2.848514276515833,2.7734158
sensitivity,3,reg0_1,588,NH1668,588,1499299447.5,2.9043724090908336,2.8419025
sensitivity,3,reg0_1,589,NH1669,589,1499299686.0,2.9228999570700003,3.110152
sensitivity,3,reg0_1,499,NH1553,499,1499301599.5,3.1458612083337503,2.8738523
sensitivity,3,reg0_1,498,NH1552,498,1499301660.5,2.9805125303024997,2.8166466
sensitivity,3,reg0_1,624,NH1732,624,1499311659.5,2.9242628580675003,3.0593548
sensitivity,3,reg0_1,703,NH1836,703,1499311843.0,2.9368110719699994,2.6654842
sensitivity,3,reg0_1,625,NH1733,625,1499315397.0,2.632047236741875,2.8004797
sensitivity,3,reg0_1,626,NH1734,626,1499315419.0,3.0625282613649993,3.0509489
sensitivity,3,reg0_1,704,NH1837,704,1499316830.0,2.8521571136358332,2.7412493
sensitivity,3,reg0.1_10,580,NH1634,580,1499096476.0,3.1808558661602775,3.069197
sensitivity,3,reg0.1_10,581,NH1635,581,1499097904.0,2.9771905227274993,2.7311075
sensitivity,3,reg0.1_10,582,NH1636,582,1499098641.0,2.9940467095961107,2.8653882
sensitivity,3,reg0.1_10,578,NH1632,578,1499098691.5,2.9853468585863894,2.9561236
sensitivity,3,reg0.1_10,577,NH1631,577,1499098747.0,2.9908430984849996,2.7472813
sensitivity,3,reg0.1_10,343,NH1379,343,1499098964.0,2.427929627272333,2.793263
sensitivity,3,reg0.1_10,344,NH1380,344,1499099075.0,2.5106332075753324,2.4989321
sensitivity,3,reg0.1_10,345,NH1381,345,1499099397.0,2.791738484848332,2.6598246
sensitivity,3,reg0.1_10,346,NH1382,346,1499099613.0,2.5365751893945836,2.8088253
sensitivity,3,reg0.1_10,347,NH1383,347,1499099831.0,2.715058503788333,2.6505766
sensitivity,3,reg0.1_10,348,NH1384,348,1499100022.0,2.7460927310595826,2.8478642
sensitivity,3,reg0.1_10,349,NH1385,349,1499100479.0,2.677818651515833,2.7801933
sensitivity,3,reg0.1_10,350,NH1386,350,1499101459.0,3.0376429507583333,3.0053062
sensitivity,3,reg0.1_10,342,NH1378,342,1499101807.0,2.6396423143937504,2.6361666
sensitivity,3,reg0.1_10,500,NH1554,500,1499110948.0,3.266245939393751,3.0203662
sensitivity,3,reg0.1_10,587,NH1667,587,1499111389.0,2.7702204938575674,2.7687912
sensitivity,3,reg0.1_10,528,NH1581,528,1499117894.0,2.899883191288333,2.9060223
sensitivity,3,reg0.1_10,529,NH1582,529,1499117915.0,2.8859325037879158,2.898568
sensitivity,3,reg0.1_10,530,NH1583,530,1499118028.5,3.185311647726667,3.076406
sensitivity,3,reg0.1_10,531,NH1584,531,1499118063.0,2.83940724242375,2.8821099
sensitivity,3,reg0.1_10,532,NH1585,532,1499118631.5,3.1895223143949996,3.1769452
sensitivity,3,reg0.1_10,534,NH1587,534,1499118981.0,2.9320918768935416,2.9488957
sensitivity,3,reg0.1_10,535,NH1588,535,1499119044.0,3.229330869317708,3.1511142
sensitivity,3,reg0.1_10,533,NH1586,533,1499119050.0,2.8946791931820837,2.8582494
sensitivity,3,reg0.1_10,536,NH1589,536,1499119119.0,3.1033055530299998,2.9258213
sensitivity,3,reg0.1_10,538,NH1591,538,1499119821.0,3.243477958333125,3.2258286
sensitivity,3,reg0.1_10,537,NH1590,537,1499120066.0,3.10421795833375,2.92803
sensitivity,3,reg0.1_10,527,NH1579,527,1499120244.0,2.998226829545417,2.9955049
sensitivity,3,reg0.1_10,567,NH1621,567,1499123132.0,2.6374142760940753,2.7799578
sensitivity,3,reg0.1_10,568,NH1622,568,1499123244.0,2.78111150505,2.8983822
sensitivity,3,reg0.1_10,569,NH1623,569,1499123539.0,2.941981262625833,3.0020905
sensitivity,3,reg0.1_10,570,NH1624,570,1499125299.5,3.112737872727167,3.0306728
sensitivity,3,reg0.1_10,571,NH1625,571,1499125410.0,3.022505628787084,2.9338305
sensitivity,3,reg0.1_10,566,NH1620,566,1499125843.0,2.893701810606112,2.8771396
sensitivity,3,reg0.1_10,640,NH1769,640,1499149063.5,2.9994482575762498,2.8149426
sensitivity,3,reg0.1_10,641,NH1770,641,1499149239.0,3.0840344545449994,2.8613315
sensitivity,3,reg0.1_10,642,NH1771,642,1499149701.0,3.0430837992420834,2.846532
sensitivity,3,reg0.1_10,643,NH1772,643,1499149787.0,3.204778238636667,2.9349444
sensitivity,3,reg0.1_10,644,NH1773,644,1499150224.0,3.0746478371216663,2.8752441
sensitivity,3,reg0.1_10,645,NH1774,645,1499150337.0,3.007947106060417,2.8248682
sensitivity,3,reg0.1_10,616,NH1724,616,1499151510.0,2.983917755049999,2.7948406
sensitivity,3,reg0.1_10,617,NH1725,617,1499151621.0,3.005704808080278,2.9542005
sensitivity,3,reg0.1_10,618,NH1726,618,1499151726.5,2.7433783434338888,2.6374447
sensitivity,3,reg0.1_10,620,NH1728,620,1499152752.0,3.1653335303028323,3.0402591
sensitivity,3,reg0.1_10,619,NH1727,619,1499152807.5,3.033899217172222,2.8102026
sensitivity,3,reg0.1_10,622,NH1730,622,1499152969.0,3.09583614015125,2.8230355
sensitivity,3,reg0.1_10,621,NH1729,621,1499153214.0,2.909598431818333,2.7594733
sensitivity,3,reg0.1_10,623,NH1731,623,1499154023.0,2.957467170454167,2.8549464
sensitivity,3,reg0.1_10,639,NH1768,639,1499154270.5,2.818932253787083,2.7621825
sensitivity,3,reg0.1_10,615,NH1722,615,1499154298.0,2.86136358712125,2.6978657
sensitivity,3,reg0.1_10,638,NH1767,638,1499154541.5,2.9929210568175,2.8901691
sensitivity,3,reg0.1_10,637,NH1766,637,1499157052.0,2.774261397727083,2.8033688
sensitivity,3,reg0.1_10,636,NH1765,636,1499157139.0,3.146891314395417,3.0382125
sensitivity,3,reg0.1_10,565,NH1619,565,1499161993.5,2.9540384015145826,2.7074516
sensitivity,3,reg0.1_10,596,NH1686,596,1499163186.0,3.1082548999995008,3.055971
sensitivity,3,reg0.1_10,597,NH1688,597,1499163406.0,2.848719204545,2.711375
sensitivity,3,reg0.1_10,598,NH1689,598,1499164495.0,3.006316,3.0642877
sensitivity,3,reg0.1_10,595,NH1685,595,1499165894.0,2.9339350757569456,2.8401437
sensitivity,3,reg0.1_10,458,NH1499,458,1499171054.0,3.0142012803036105,2.7753763
sensitivity,3,reg0.1_10,459,NH1500,459,1499171249.5,2.7833541388886114,2.6628022
sensitivity,3,reg0.1_10,460,NH1501,460,1499171260.0,3.142547452020001,2.8627362
sensitivity,3,reg0.1_10,461,NH1502,461,1499171844.0,2.919967611743666,2.8984194
sensitivity,3,reg0.1_10,462,NH1503,462,1499172128.0,2.989936401514583,2.6405582
sensitivity,3,reg0.1_10,463,NH1504,463,1499172863.0,2.7883351439399995,2.673136
sensitivity,3,reg0.1_10,601,NH1704,601,1499176710.5,3.0184068282827776,2.9723575
sensitivity,3,reg0.1_10,600,NH1703,600,1499176766.0,2.8691397777783334,2.7556841
sensitivity,3,reg0.1_10,602,NH1705,602,1499177075.0,2.8160141338380558,2.7038996
sensitivity,3,reg0.1_10,599,NH1702,599,1499179309.5,3.0610138762624994,3.0005875
sensitivity,3,reg0.1_10,659,NH1790,659,1499188064.0,2.8337587954544445,2.8136764
sensitivity,3,reg0.1_10,658,NH1789,658,1499188124.0,2.9286468459597224,2.988614
sensitivity,3,reg0.1_10,660,NH1791,660,1499188343.0,3.113605141414166,3.0903683
sensitivity,3,reg0.1_10,628,NH1745,628,1499213488.0,2.559162946969445,2.6462374
sensitivity,3,reg0.1_10,627,NH1744,627,1499213557.0,2.7187532601002786,2.720352
sensitivity,3,reg0.1_10,629,NH1746,629,1499213595.5,2.9451490631305544,2.8701286
sensitivity,3,reg0.1_10,563,NH1616,563,1499226262.0,3.038251255681042,3.0139334
sensitivity,3,reg0.1_10,605,NH1709,605,1499251437.0,2.7457053522729167,2.7915344
sensitivity,3,reg0.1_10,606,NH1710,606,1499268693.0,2.9376880075758334,2.8372047
sensitivity,3,reg0.1_10,607,NH1711,607,1499269035.0,3.096050136364167,3.0671496
sensitivity,3,reg0.1_10,608,NH1712,608,1499269310.0,2.877750958333749,2.8072023
sensitivity,3,reg0.1_10,604,NH1707,604,1499270402.0,2.8687946666664588,2.7781909
sensitivity,3,reg0.1_10,603,NH1706,603,1499270496.0,2.9392557462116664,2.8146567
sensitivity,3,reg0.1_10,609,NH1714,609,1499272386.0,2.8468540606070833,2.6145506
sensitivity,3,reg0.1_10,610,NH1716,610,1499274272.0,2.9423472500008336,2.7771122
sensitivity,3,reg0.1_10,593,NH1683,593,1499275237.0,2.8445862613637503,2.8440387
sensitivity,3,reg0.1_10,592,NH1682,592,1499275578.0,2.9118870189395833,3.0389166
sensitivity,3,reg0.1_10,594,NH1684,594,1499275807.5,2.8141230492429163,2.8037376
sensitivity,3,reg0.1_10,475,NH1516,475,1499294849.0,2.918081704544584,2.7439425
sensitivity,3,reg0.1_10,474,NH1515,474,1499294880.0,2.855452022727083,2.7561512
sensitivity,3,reg0.1_10,476,NH1517,476,1499295965.0,2.7876860757570836,2.788135
sensitivity,3,reg0.1_10,477,NH1518,477,1499296302.5,2.7509270113641673,2.803574
sensitivity,3,reg0.1_10,473,NH1514,473,1499296839.0,2.848514276515833,2.8070211
sensitivity,3,reg0.1_10,588,NH1668,588,1499299447.5,2.9043724090908336,2.855538
sensitivity,3,reg0.1_10,589,NH1669,589,1499299686.0,2.9228999570700003,3.0752032
sensitivity,3,reg0.1_10,499,NH1553,499,1499301599.5,3.1458612083337503,2.8179028
sensitivity,3,reg0.1_10,498,NH1552,498,1499301660.5,2.9805125303024997,2.8206568
sensitivity,3,reg0.1_10,624,NH1732,624,1499311659.5,2.9242628580675003,3.106777
sensitivity,3,reg0.1_10,703,NH1836,703,1499311843.0,2.9368110719699994,2.6319432
sensitivity,3,reg0.1_10,625,NH1733,625,1499315397.0,2.632047236741875,2.8163898
sensitivity,3,reg0.1_10,626,NH1734,626,1499315419.0,3.0625282613649993,3.0307221
sensitivity,3,reg0.1_10,704,NH1837,704,1499316830.0,2.8521571136358332,2.7539902
ablation,3,measurements,580,NH1634,580,1499096476.0,3.1808558661602775,3.0642376
ablation,3,measurements,581,NH1635,581,1499097904.0,2.9771905227274993,2.7088916
ablation,3,measurements,582,NH1636,582,1499098641.0,2.9940467095961107,2.8745842
ablation,3,measurements,578,NH1632,578,1499098691.5,2.9853468585863894,2.942405
ablation,3,measurements,577,NH1631,577,1499098747.0,2.9908430984849996,2.7552414
ablation,3,measurements,343,NH1379,343,1499098964.0,2.427929627272333,2.7750428
ablation,3,measurements,344,NH1380,344,1499099075.0,2.5106332075753324,2.431029
ablation,3,measurements,345,NH1381,345,1499099397.0,2.791738484848332,2.6814258
ablation,3,measurements,346,NH1382,346,1499099613.0,2.5365751893945836,2.7947953
ablation,3,measurements,347,NH1383,347,1499099831.0,2.715058503788333,2.5949275
ablation,3,measurements,348,NH1384,348,1499100022.0,2.7460927310595826,2.849395
ablation,3,measurements,349,NH1385,349,1499100479.0,2.677818651515833,2.7395313
ablation,3,measurements,350,NH1386,350,1499101459.0,3.0376429507583333,2.8973672
ablation,3,measurements,342,NH1378,342,1499101807.0,2.6396423143937504,2.5939476
ablation,3,measurements,500,NH1554,500,1499110948.0,3.266245939393751,3.0160828
ablation,3,measurements,587,NH1667,587,1499111389.0,2.7702204938575674,2.6609433
ablation,3,measurements,528,NH1581,528,1499117894.0,2.899883191288333,2.9072096
ablation,3,measurements,529,NH1582,529,1499117915.0,2.8859325037879158,2.9019983
ablation,3,measurements,530,NH1583,530,1499118028.5,3.185311647726667,3.0402927
ablation,3,measurements,531,NH1584,531,1499118063.0,2.83940724242375,2.8689632
ablation,3,measurements,532,NH1585,532,1499118631.5,3.1895223143949996,3.1212542
ablation,3,measurements,534,NH1587,534,1499118981.0,2.9320918768935416,2.9181986
ablation,3,measurements,535,NH1588,535,1499119044.0,3.229330869317708,3.1236236
ablation,3,measurements,533,NH1586,533,1499119050.0,2.8946791931820837,2.8627834
ablation,3,measurements,536,NH1589,536,1499119119.0,3.1033055530299998,2.8673446
ablation,3,measurements,538,NH1591,538,1499119821.0,3.243477958333125,3.1785204
ablation,3,measurements,537,NH1590,537,1499120066.0,3.10421795833375,2.9262087
ablation,3,measurements,527,NH1579,527,1499120244.0,2.998226829545417,2.940015
ablation,3,measurements,567,NH1621,567,1499123132.0,2.6374142760940753,2.7800014
ablation,3,measurements,568,NH1622,568,1499123244.0,2.78111150505,2.8107493
ablation,3,measurements,569,NH1623,569,1499123539.0,2.941981262625833,2.96403
ablation,3,measurements,570,NH1624,570,1499125299.5,3.112737872727167,3.02524
ablation,3,measurements,571,NH1625,571,1499125410.0,3.022505628787084,2.9134166
ablation,3,measurements,566,NH1620,566,1499125843.0,2.893701810606112,2.892678
ablation,3,measurements,640,NH1769,640,1499149063.5,2.9994482575762498,2.8135757
ablation,3,measurements,641,NH1770,641,1499149239.0,3.0840344545449994,2.8034542
ablation,3,measurements,642,NH1771,642,1499149701.0,3.0430837992420834,2.8607538
ablation,3,measurements,643,NH1772,643,1499149787.0,3.204778238636667,2.904784
ablation,3,measurements,644,NH1773,644,1499150224.0,3.0746478371216663,2.849665
ablation,3,measurements,645,NH1774,645,1499150337.0,3.007947106060417,2.8266277
ablation,3,measurements,616,NH1724,616,1499151510.0,2.983917755049999,2.895336
ablation,3,measurements,617,NH1725,617,1499151621.0,3.005704808080278,2.9731495
ablation,3,measurements,618,NH1726,618,1499151726.5,2.7433783434338888,2.6243305
ablation,3,measurements,620,NH1728,620,1499152752.0,3.1653335303028323,3.0766408
ablation,3,measurements,619,NH1727,619,1499152807.5,3.033899217172222,2.8439293
ablation,3,measurements,622,NH1730,622,1499152969.0,3.09583614015125,2.9051762
ablation,3,measurements,621,NH1729,621,1499153214.0,2.909598431818333,2.751928
ablation,3,measurements,623,NH1731,623,1499154023.0,2.957467170454167,2.815972
ablation,3,measurements,639,NH1768,639,1499154270.5,2.818932253787083,2.7043924
ablation,3,measurements,615,NH1722,615,1499154298.0,2.86136358712125,2.6999671
ablation,3,measurements,638,NH1767,638,1499154541.5,2.9929210568175,2.9041865
ablation,3,measurements,637,NH1766,637,1499157052.0,2.774261397727083,2.771389
ablation,3,measurements,636,NH1765,636,1499157139.0,3.146891314395417,3.0498488
ablation,3,measurements,565,NH1619,565,1499161993.5,2.9540384015145826,2.7060697
ablation,3,measurements,596,NH1686,596,1499163186.0,3.1082548999995008,3.0720587
ablation,3,measurements,597,NH1688,597,1499163406.0,2.848719204545,2.6679218
ablation,3,measurements,598,NH1689,598,1499164495.0,3.006316,3.067159
ablation,3,measurements,595,NH1685,595,1499165894.0,2.9339350757569456,2.807336
ablation,3,measurements,458,NH1499,458,1499171054.0,3.0142012803036105,2.811017
ablation,3,measurements,459,NH1500,459,1499171249.5,2.7833541388886114,2.683059
ablation,3,measurements,460,NH1501,460,1499171260.0,3.142547452020001,2.9387026
ablation,3,measurements,461,NH1502,461,1499171844.0,2.919967611743666,2.9258137
ablation,3,measurements,462,NH1503,462,1499172128.0,2.989936401514583,2.637318
ablation,3,measurements,463,NH1504,463,1499172863.0,2.7883351439399995,2.7135155
ablation,3,measurements,601,NH1704,601,1499176710.5,3.0184068282827776,2.9383256
ablation,3,measurements,600,NH1703,600,1499176766.0,2.8691397777783334,2.7210925
ablation,3,measurements,602,NH1705,602,1499177075.0,2.8160141338380558,2.7022235
ablation,3,measurements,599,NH1702,599,1499179309.5,3.0610138762624994,2.9769237
ablation,3,measurements,659,NH1790,659,1499188064.0,2.8337587954544445,2.697318
ablation,3,measurements,658,NH1789,658,1499188124.0,2.9286468459597224,2.883117
ablation,3,measurements,660,NH1791,660,1499188343.0,3.113605141414166,3.0489633
ablation,3,measurements,628,NH1745,628,1499213488.0,2.559162946969445,2.631286
ablation,3,measurements,627,NH1744,627,1499213557.0,2.7187532601002786,2.64756
ablation,3,measurements,629,NH1746,629,1499213595.5,2.9451490631305544,2.8298216
ablation,3,measurements,563,NH1616,563,1499226262.0,3.038251255681042,2.9497502
ablation,3,measurements,605,NH1709,605,1499251437.0,2.7457053522729167,2.7839267
ablation,3,measurements,606,NH1710,606,1499268693.0,2.9376880075758334,2.8309348
ablation,3,measurements,607,NH1711,607,1499269035.0,3.096050136364167,3.0857956
ablation,3,measurements,608,NH1712,608,1499269310.0,2.877750958333749,2.7837095
ablation,3,measurements,604,NH1707,604,1499270402.0,2.8687946666664588,2.7437437
ablation,3,measurements,603,NH1706,603,1499270496.0,2.9392557462116664,2.7870257
ablation,3,measurements,609,NH1714,609,1499272386.0,2.8468540606070833,2.633668
ablation,3,measurements,610,NH1716,610,1499274272.0,2.9423472500008336,2.8333142
ablation,3,measurements,593,NH1683,593,1499275237.0,2.8445862613637503,2.7560647
ablation,3,measurements,592,NH1682,592,1499275578.0,2.9118870189395833,2.9406602
ablation,3,measurements,594,NH1684,594,1499275807.5,2.8141230492429163,2.7876549
ablation,3,measurements,475,NH1516,475,1499294849.0,2.918081704544584,2.6521237
ablation,3,measurements,474,NH1515,474,1499294880.0,2.855452022727083,2.6356015
ablation,3,measurements,476,NH1517,476,1499295965.0,2.7876860757570836,2.6696079
ablation,3,measurements,477,NH1518,477,1499296302.5,2.7509270113641673,2.7376423
ablation,3,measurements,473,NH1514,473,1499296839.0,2.848514276515833,2.771963
ablation,3,measurements,588,NH1668,588,1499299447.5,2.9043724090908336,2.751278
ablation,3,measurements,589,NH1669,589,1499299686.0,2.9228999570700003,2.98926
ablation,3,measurements,499,NH1553,499,1499301599.5,3.1458612083337503,2.9035404
ablation,3,measurements,498,NH1552,498,1499301660.5,2.9805125303024997,2.7316277
ablation,3,measurements,624,NH1732,624,1499311659.5,2.9242628580675003,3.0475798
ablation,3,measurements,703,NH1836,703,1499311843.0,2.9368110719699994,2.6123447
ablation,3,measurements,625,NH1733,625,1499315397.0,2.632047236741875,2.754506
ablation,3,measurements,626,NH1734,626,1499315419.0,3.0625282613649993,2.98959
ablation,3,measurements,704,NH1837,704,1499316830.0,2.8521571136358332,2.7562761
ablation,3,basic,580,NH1634,580,1499096476.0,3.1808558661602775,3.0830154
ablation,3,basic,581,NH1635,581,1499097904.0,2.9771905227274993,2.7165463
ablation,3,basic,582,NH1636,582,1499098641.0,2.9940467095961107,2.8677442
ablation,3,basic,578,NH1632,578,1499098691.5,2.9853468585863894,2.934138
ablation,3,basic,577,NH1631,577,1499098747.0,2.9908430984849996,2.7454636
ablation,3,basic,343,NH1379,343,1499098964.0,2.427929627272333,2.7645805
ablation,3,basic,344,NH1380,344,1499099075.0,2.5106332075753324,2.4334514
ablation,3,basic,345,NH1381,345,1499099397.0,2.791738484848332,2.6692002
ablation,3,basic,346,NH1382,346,1499099613.0,2.5365751893945836,2.7662776
ablation,3,basic,347,NH1383,347,1499099831.0,2.715058503788333,2.5872934
ablation,3,basic,348,NH1384,348,1499100022.0,2.7460927310595826,2.8508997
ablation,3,basic,349,NH1385,349,1499100479.0,2.677818651515833,2.748162
ablation,3,basic,350,NH1386,350,1499101459.0,3.0376429507583333,2.8952048
ablation,3,basic,342,NH1378,342,1499101807.0,2.6396423143937504,2.5968285
ablation,3,basic,500,NH1554,500,1499110948.0,3.266245939393751,3.01241
ablation,3,basic,587,NH1667,587,1499111389.0,2.7702204938575674,2.66417
ablation,3,basic,528,NH1581,528,1499117894.0,2.899883191288333,2.9117928
ablation,3,basic,529,NH1582,529,1499117915.0,2.8859325037879158,2.9085255
ablation,3,basic,530,NH1583,530,1499118028.5,3.185311647726667,3.0520484
ablation,3,basic,531,NH1584,531,1499118063.0,2.83940724242375,2.886666
ablation,3,basic,532,NH1585,532,1499118631.5,3.1895223143949996,3.1286175
ablation,3,basic,534,NH1587,534,1499118981.0,2.9320918768935416,2.9235742
ablation,3,basic,535,NH1588,535,1499119044.0,3.229330869317708,3.1413028
ablation,3,basic,533,NH1586,533,1499119050.0,2.8946791931820837,2.8779075
ablation,3,basic,536,NH1589,536,1499119119.0,3.1033055530299998,2.8828113
ablation,3,basic,538,NH1591,538,1499119821.0,3.243477958333125,3.203654
ablation,3,basic,537,NH1590,537,1499120066.0,3.10421795833375,2.9260101
ablation,3,basic,527,NH1579,527,1499120244.0,2.998226829545417,2.9435778
ablation,3,basic,567,NH1621,567,1499123132.0,2.6374142760940753,2.7788699
ablation,3,basic,568,NH1622,568,1499123244.0,2.78111150505,2.8108482
ablation,3,basic,569,NH1623,569,1499123539.0,2.941981262625833,2.9985988
ablation,3,basic,570,NH1624,570,1499125299.5,3.112737872727167,3.0361626
ablation,3,basic,571,NH1625,571,1499125410.0,3.022505628787084,2.8830502
ablation,3,basic,566,NH1620,566,1499125843.0,2.893701810606112,2.881099
ablation,3,basic,640,NH1769,640,1499149063.5,2.9994482575762498,2.8060205
ablation,3,basic,641,NH1770,641,1499149239.0,3.0840344545449994,2.7903664
ablation,3,basic,642,NH1771,642,1499149701.0,3.0430837992420834,2.8363686
ablation,3,basic,643,NH1772,643,1499149787.0,3.204778238636667,2.872075
ablation,3,basic,644,NH1773,644,1499150224.0,3.0746478371216663,2.8172696
ablation,3,basic,645,NH1774,645,1499150337.0,3.007947106060417,2.7964833
ablation,3,basic,616,NH1724,616,1499151510.0,2.983917755049999,2.8769958
ablation,3,basic,617,NH1725,617,1499151621.0,3.005704808080278,2.9803164
ablation,3,basic,618,NH1726,618,1499151726.5,2.7433783434338888,2.6232688
ablation,3,basic,620,NH1728,620,1499152752.0,3.1653335303028323,3.0699718
ablation,3,basic,619,NH1727,619,1499152807.5,3.033899217172222,2.8337147
ablation,3,basic,622,NH1730,622,1499152969.0,3.09583614015125,2.9091003
ablation,3,basic,621,NH1729,621,1499153214.0,2.909598431818333,2.7436283
ablation,3,basic,623,NH1731,623,1499154023.0,2.957467170454167,2.814539
ablation,3,basic,639,NH1768,639,1499154270.5,2.818932253787083,2.709543
ablation,3,basic,615,NH1722,615,1499154298.0,2.86136358712125,2.6835148
ablation,3,basic,638,NH1767,638,1499154541.5,2.9929210568175,2.8899949
ablation,3,basic,637,NH1766,637,1499157052.0,2.774261397727083,2.7699797
ablation,3,basic,636,NH1765,636,1499157139.0,3.146891314395417,3.0649824
ablation,3,basic,565,NH1619,565,1499161993.5,2.9540384015145826,2.6970215
ablation,3,basic,596,NH1686,596,1499163186.0,3.1082548999995008,3.071248
ablation,3,basic,597,NH1688,597,1499163406.0,2.848719204545,2.669133
ablation,3,basic,598,NH1689,598,1499164495.0,3.006316,3.0703418
ablation,3,basic,595,NH1685,595,1499165894.0,2.9339350757569456,2.7825186
ablation,3,basic,458,NH1499,458,1499171054.0,3.0142012803036105,2.7817314
ablation,3,basic,459,NH1500,459,1499171249.5,2.7833541388886114,2.676121
ablation,3,basic,460,NH1501,460,1499171260.0,3.142547452020001,2.917888
ablation,3,basic,461,NH1502,461,1499171844.0,2.919967611743666,2.8947861
ablation,3,basic,462,NH1503,462,1499172128.0,2.989936401514583,2.608758
ablation,3,basic,463,NH1504,463,1499172863.0,2.7883351439399995,2.709963
ablation,3,basic,601,NH1704,601,1499176710.5,3.0184068282827776,2.9290717
ablation,3,basic,600,NH1703,600,1499176766.0,2.8691397777783334,2.7167025
ablation,3,basic,602,NH1705,602,1499177075.0,2.8160141338380558,2.679025
ablation,3,basic,599,NH1702,599,1499179309.5,3.0610138762624994,2.9509504
ablation,3,basic,659,NH1790,659,1499188064.0,2.8337587954544445,2.7034883
ablation,3,basic,658,NH1789,658,1499188124.0,2.9286468459597224,2.8889828
ablation,3,basic,660,NH1791,660,1499188343.0,3.113605141414166,3.0463727
ablation,3,basic,628,NH1745,628,1499213488.0,2.559162946969445,2.639025
ablation,3,basic,627,NH1744,627,1499213557.0,2.7187532601002786,2.6644533
ablation,3,basic,629,NH1746,629,1499213595.5,2.9451490631305544,2.8182461
ablation,3,basic,563,NH1616,563,1499226262.0,3.038251255681042,2.973067
ablation,3,basic,605,NH1709,605,1499251437.0,2.7457053522729167,2.7913158
ablation,3,basic,606,NH1710,606,1499268693.0,2.9376880075758334,2.8183024
ablation,3,basic,607,NH1711,607,1499269035.0,3.096050136364167,3.0933087
ablation,3,basic,608,NH1712,608,1499269310.0,2.877750958333749,2.7706635
ablation,3,basic,604,NH1707,604,1499270402.0,2.8687946666664588,2.7273562
ablation,3,basic,603,NH1706,603,1499270496.0,2.9392557462116664,2.7907171
ablation,3,basic,609,NH1714,609,1499272386.0,2.8468540606070833,2.6326122
ablation,3,basic,610,NH1716,610,1499274272.0,2.9423472500008336,2.82681
ablation,3,basic,593,NH1683,593,1499275237.0,2.8445862613637503,2.7431324
ablation,3,basic,592,NH1682,592,1499275578.0,2.9118870189395833,2.9481754
ablation,3,basic,594,NH1684,594,1499275807.5,2.8141230492429163,2.7873075
ablation,3,basic,475,NH1516,475,1499294849.0,2.918081704544584,2.6550646
ablation,3,basic,474,NH1515,474,1499294880.0,2.855452022727083,2.633
ablation,3,basic,476,NH1517,476,1499295965.0,2.7876860757570836,2.6625364
ablation,3,basic,477,NH1518,477,1499296302.5,2.7509270113641673,2.7348042
ablation,3,basic,473,NH1514,473,1499296839.0,2.848514276515833,2.773444
ablation,3,basic,588,NH1668,588,1499299447.5,2.9043724090908336,2.7495773
ablation,3,basic,589,NH1669,589,1499299686.0,2.9228999570700003,2.9737942
ablation,3,basic,499,NH1553,499,1499301599.5,3.1458612083337503,2.8849008
ablation,3,basic,498,NH1552,498,1499301660.5,2.9805125303024997,2.736541
ablation,3,basic,624,NH1732,624,1499311659.5,2.9242628580675003,3.0517466
ablation,3,basic,703,NH1836,703,1499311843.0,2.9368110719699994,2.6297848
ablation,3,basic,625,NH1733,625,1499315397.0,2.632047236741875,2.7656424
ablation,3,basic,626,NH1734,626,1499315419.0,3.0625282613649993,2.9972725
ablation,3,basic,704,NH1837,704,1499316830.0,2.8521571136358332,2.7762096
ablation,3,process_only,580,NH1634,580,1499096476.0,3.1808558661602775,3.070382
ablation,3,process_only,581,NH1635,581,1499097904.0,2.9771905227274993,2.761595
ablation,3,process_only,582,NH1636,582,1499098641.0,2.9940467095961107,2.8545463
ablation,3,process_only,578,NH1632,578,1499098691.5,2.9853468585863894,2.9341767
ablation,3,process_only,577,NH1631,577,1499098747.0,2.9908430984849996,2.7428436
ablation,3,process_only,343,NH1379,343,1499098964.0,2.427929627272333,2.760596
ablation,3,process_only,344,NH1380,344,1499099075.0,2.5106332075753324,2.4451826
ablation,3,process_only,345,NH1381,345,1499099397.0,2.791738484848332,2.6321108
ablation,3,process_only,346,NH1382,346,1499099613.0,2.5365751893945836,2.796322
ablation,3,process_only,347,NH1383,347,1499099831.0,2.715058503788333,2.6097176
ablation,3,process_only,348,NH1384,348,1499100022.0,2.7460927310595826,2.8205078
ablation,3,process_only,349,NH1385,349,1499100479.0,2.677818651515833,2.7789986
ablation,3,process_only,350,NH1386,350,1499101459.0,3.0376429507583333,2.9402666
ablation,3,process_only,342,NH1378,342,1499101807.0,2.6396423143937504,2.6078985
ablation,3,process_only,500,NH1554,500,1499110948.0,3.266245939393751,3.055206
ablation,3,process_only,587,NH1667,587,1499111389.0,2.7702204938575674,2.7244422
ablation,3,process_only,528,NH1581,528,1499117894.0,2.899883191288333,2.909978
ablation,3,process_only,529,NH1582,529,1499117915.0,2.8859325037879158,2.8994138
ablation,3,process_only,530,NH1583,530,1499118028.5,3.185311647726667,3.078045
ablation,3,process_only,531,NH1584,531,1499118063.0,2.83940724242375,2.8741195
ablation,3,process_only,532,NH1585,532,1499118631.5,3.1895223143949996,3.152702
ablation,3,process_only,534,NH1587,534,1499118981.0,2.9320918768935416,2.9202006
ablation,3,process_only,535,NH1588,535,1499119044.0,3.229330869317708,3.1554878
ablation,3,process_only,533,NH1586,533,1499119050.0,2.8946791931820837,2.8558912
ablation,3,process_only,536,NH1589,536,1499119119.0,3.1033055530299998,2.893214
ablation,3,process_only,538,NH1591,538,1499119821.0,3.243477958333125,3.1890218
ablation,3,process_only,537,NH1590,537,1499120066.0,3.10421795833375,2.9102623
ablation,3,process_only,527,NH1579,527,1499120244.0,2.998226829545417,2.944515
ablation,3,process_only,567,NH1621,567,1499123132.0,2.6374142760940753,2.753606
ablation,3,process_only,568,NH1622,568,1499123244.0,2.78111150505,2.8392165
ablation,3,process_only,569,NH1623,569,1499123539.0,2.941981262625833,2.986984
ablation,3,process_only,570,NH1624,570,1499125299.5,3.112737872727167,3.0405262
ablation,3,process_only,571,NH1625,571,1499125410.0,3.022505628787084,2.9249573
ablation,3,process_only,566,NH1620,566,1499125843.0,2.893701810606112,2.9059753
ablation,3,process_only,640,NH1769,640,1499149063.5,2.9994482575762498,2.8227348
ablation,3,process_only,641,NH1770,641,1499149239.0,3.0840344545449994,2.828333
ablation,3,process_only,642,NH1771,642,1499149701.0,3.0430837992420834,2.8239667
ablation,3,process_only,643,NH1772,643,1499149787.0,3.204778238636667,2.8973844
ablation,3,process_only,644,NH1773,644,1499150224.0,3.0746478371216663,2.8499181
ablation,3,process_only,645,NH1774,645,1499150337.0,3.007947106060417,2.7957737
ablation,3,process_only,616,NH1724,616,1499151510.0,2.983917755049999,2.8226213
ablation,3,process_only,617,NH1725,617,1499151621.0,3.005704808080278,2.9888258
ablation,3,process_only,618,NH1726,618,1499151726.5,2.7433783434338888,2.6443284
ablation,3,process_only,620,NH1728,620,1499152752.0,3.1653335303028323,3.068806
ablation,3,process_only,619,NH1727,619,1499152807.5,3.033899217172222,2.8261032
ablation,3,process_only,622,NH1730,622,1499152969.0,3.09583614015125,2.8620317
ablation,3,process_only,621,NH1729,621,1499153214.0,2.909598431818333,2.7699525
ablation,3,process_only,623,NH1731,623,1499154023.0,2.957467170454167,2.8367836
ablation,3,process_only,639,NH1768,639,1499154270.5,2.818932253787083,2.7684612
ablation,3,process_only,615,NH1722,615,1499154298.0,2.86136358712125,2.685708
ablation,3,process_only,638,NH1767,638,1499154541.5,2.9929210568175,2.9426944
ablation,3,process_only,637,NH1766,637,1499157052.0,2.774261397727083,2.784755
ablation,3,process_only,636,NH1765,636,1499157139.0,3.146891314395417,3.0692403
ablation,3,process_only,565,NH1619,565,1499161993.5,2.9540384015145826,2.7166812
ablation,3,process_only,596,NH1686,596,1499163186.0,3.1082548999995008,3.068926
ablation,3,process_only,597,NH1688,597,1499163406.0,2.848719204545,2.6548045
ablation,3,process_only,598,NH1689,598,1499164495.0,3.006316,3.0335064
ablation,3,process_only,595,NH1685,595,1499165894.0,2.9339350757569456,2.8002236
ablation,3,process_only,458,NH1499,458,1499171054.0,3.0142012803036105,2.8239791
ablation,3,process_only,459,NH1500,459,1499171249.5,2.7833541388886114,2.703379
ablation,3,process_only,460,NH1501,460,1499171260.0,3.142547452020001,2.9073582
ablation,3,process_only,461,NH1502,461,1499171844.0,2.919967611743666,2.9131584
ablation,3,process_only,462,NH1503,462,1499172128.0,2.989936401514583,2.6631262
ablation,3,process_only,463,NH1504,463,1499172863.0,2.7883351439399995,2.7400758
ablation,3,process_only,601,NH1704,601,1499176710.5,3.0184068282827776,2.9795713
ablation,3,process_only,600,NH1703,600,1499176766.0,2.8691397777783334,2.7351544
ablation,3,process_only,602,NH1705,602,1499177075.0,2.8160141338380558,2.698186
ablation,3,process_only,599,NH1702,599,1499179309.5,3.0610138762624994,2.9735725
ablation,3,process_only,659,NH1790,659,1499188064.0,2.8337587954544445,2.7585926
ablation,3,process_only,658,NH1789,658,1499188124.0,2.9286468459597224,2.9348571
ablation,3,process_only,660,NH1791,660,1499188343.0,3.113605141414166,3.0735576
ablation,3,process_only,628,NH1745,628,1499213488.0,2.559162946969445,2.6291559
ablation,3,process_only,627,NH1744,627,1499213557.0,2.7187532601002786,2.67009
ablation,3,process_only,629,NH1746,629,1499213595.5,2.9451490631305544,2.8561068
ablation,3,process_only,563,NH1616,563,1499226262.0,3.038251255681042,3.0479271
ablation,3,process_only,605,NH1709,605,1499251437.0,2.7457053522729167,2.8093784
ablation,3,process_only,606,NH1710,606,1499268693.0,2.9376880075758334,2.8537216
ablation,3,process_only,607,NH1711,607,1499269035.0,3.096050136364167,3.1169565
ablation,3,process_only,608,NH1712,608,1499269310.0,2.877750958333749,2.8070889
ablation,3,process_only,604,NH1707,604,1499270402.0,2.8687946666664588,2.783343
ablation,3,process_only,603,NH1706,603,1499270496.0,2.9392557462116664,2.8146589
ablation,3,process_only,609,NH1714,609,1499272386.0,2.8468540606070833,2.659302
ablation,3,process_only,610,NH1716,610,1499274272.0,2.9423472500008336,2.8145063
ablation,3,process_only,593,NH1683,593,1499275237.0,2.8445862613637503,2.782088
ablation,3,process_only,592,NH1682,592,1499275578.0,2.9118870189395833,2.9815533
ablation,3,process_only,594,NH1684,594,1499275807.5,2.8141230492429163,2.7760143
ablation,3,process_only,475,NH1516,475,1499294849.0,2.918081704544584,2.701928
ablation,3,process_only,474,NH1515,474,1499294880.0,2.855452022727083,2.6755168
ablation,3,process_only,476,NH1517,476,1499295965.0,2.7876860757570836,2.7157896
ablation,3,process_only,477,NH1518,477,1499296302.5,2.7509270113641673,2.7092636
ablation,3,process_only,473,NH1514,473,1499296839.0,2.848514276515833,2.7810814
ablation,3,process_only,588,NH1668,588,1499299447.5,2.9043724090908336,2.7627487
ablation,3,process_only,589,NH1669,589,1499299686.0,2.9228999570700003,3.052729
ablation,3,process_only,499,NH1553,499,1499301599.5,3.1458612083337503,2.8621151
ablation,3,process_only,498,NH1552,498,1499301660.5,2.9805125303024997,2.8056114
ablation,3,process_only,624,NH1732,624,1499311659.5,2.9242628580675003,3.056105
ablation,3,process_only,703,NH1836,703,1499311843.0,2.9368110719699994,2.6648052
ablation,3,process_only,625,NH1733,625,1499315397.0,2.632047236741875,2.7881486
ablation,3,process_only,626,NH1734,626,1499315419.0,3.0625282613649993,3.0398426
ablation,3,process_only,704,NH1837,704,1499316830.0,2.8521571136358332,2.775504
ablation,3,time_only,580,NH1634,580,1499096476.0,3.1808558661602775,3.0765817
ablation,3,time_only,581,NH1635,581,1499097904.0,2.9771905227274993,2.7069867
ablation,3,time_only,582,NH1636,582,1499098641.0,2.9940467095961107,2.884944
ablation,3,time_only,578,NH1632,578,1499098691.5,2.9853468585863894,2.961314
ablation,3,time_only,577,NH1631,577,1499098747.0,2.9908430984849996,2.7395418
ablation,3,time_only,343,NH1379,343,1499098964.0,2.427929627272333,2.798547
ablation,3,time_only,344,NH1380,344,1499099075.0,2.5106332075753324,2.4949028
ablation,3,time_only,345,NH1381,345,1499099397.0,2.791738484848332,2.681469
ablation,3,time_only,346,NH1382,346,1499099613.0,2.5365751893945836,2.8028886
ablation,3,time_only,347,NH1383,347,1499099831.0,2.715058503788333,2.618351
ablation,3,time_only,348,NH1384,348,1499100022.0,2.7460927310595826,2.8590658
ablation,3,time_only,349,NH1385,349,1499100479.0,2.677818651515833,2.7754612
ablation,3,time_only,350,NH1386,350,1499101459.0,3.0376429507583333,2.940161
ablation,3,time_only,342,NH1378,342,1499101807.0,2.6396423143937504,2.6442912
ablation,3,time_only,500,NH1554,500,1499110948.0,3.266245939393751,3.0341556
ablation,3,time_only,587,NH1667,587,1499111389.0,2.7702204938575674,2.7064126
ablation,3,time_only,528,NH1581,528,1499117894.0,2.899883191288333,2.8989375
ablation,3,time_only,529,NH1582,529,1499117915.0,2.8859325037879158,2.9265528
ablation,3,time_only,530,NH1583,530,1499118028.5,3.185311647726667,3.107134
ablation,3,time_only,531,NH1584,531,1499118063.0,2.83940724242375,2.9163637
ablation,3,time_only,532,NH1585,532,1499118631.5,3.1895223143949996,3.197654
ablation,3,time_only,534,NH1587,534,1499118981.0,2.9320918768935416,2.9722917
ablation,3,time_only,535,NH1588,535,1499119044.0,3.229330869317708,3.1613615
ablation,3,time_only,533,NH1586,533,1499119050.0,2.8946791931820837,2.8998566
ablation,3,time_only,536,NH1589,536,1499119119.0,3.1033055530299998,2.8994932
ablation,3,time_only,538,NH1591,538,1499119821.0,3.243477958333125,3.2584574
ablation,3,time_only,537,NH1590,537,1499120066.0,3.10421795833375,2.9363344
ablation,3,time_only,527,NH1579,527,1499120244.0,2.998226829545417,2.970733
ablation,3,time_only,567,NH1621,567,1499123132.0,2.6374142760940753,2.75614
ablation,3,time_only,568,NH1622,568,1499123244.0,2.78111150505,2.8412154
ablation,3,time_only,569,NH1623,569,1499123539.0,2.941981262625833,2.9785976
ablation,3,time_only,570,NH1624,570,1499125299.5,3.112737872727167,2.9778926
ablation,3,time_only,571,NH1625,571,1499125410.0,3.022505628787084,2.8955204
ablation,3,time_only,566,NH1620,566,1499125843.0,2.893701810606112,2.8558865
ablation,3,time_only,640,NH1769,640,1499149063.5,2.9994482575762498,2.8467224
ablation,3,time_only,641,NH1770,641,1499149239.0,3.0840344545449994,2.8206282
ablation,3,time_only,642,NH1771,642,1499149701.0,3.0430837992420834,2.8851595
ablation,3,time_only,643,NH1772,643,1499149787.0,3.204778238636667,2.920665
ablation,3,time_only,644,NH1773,644,1499150224.0,3.0746478371216663,2.8710563
ablation,3,time_only,645,NH1774,645,1499150337.0,3.007947106060417,2.8600461
ablation,3,time_only,616,NH1724,616,1499151510.0,2.983917755049999,2.8005476
ablation,3,time_only,617,NH1725,617,1499151621.0,3.005704808080278,2.9746206
ablation,3,time_only,618,NH1726,618,1499151726.5,2.7433783434338888,2.5811217
ablation,3,time_only,620,NH1728,620,1499152752.0,3.1653335303028323,3.0478628
ablation,3,time_only,619,NH1727,619,1499152807.5,3.033899217172222,2.8052368
ablation,3,time_only,622,NH1730,622,1499152969.0,3.09583614015125,2.8537996
ablation,3,time_only,621,NH1729,621,1499153214.0,2.909598431818333,2.7150517
ablation,3,time_only,623,NH1731,623,1499154023.0,2.957467170454167,2.8259678
ablation,3,time_only,639,NH1768,639,1499154270.5,2.818932253787083,2.7195275
ablation,3,time_only,615,NH1722,615,1499154298.0,2.86136358712125,2.6982543
ablation,3,time_only,638,NH1767,638,1499154541.5,2.9929210568175,2.8225548
ablation,3,time_only,637,NH1766,637,1499157052.0,2.774261397727083,2.799744
ablation,3,time_only,636,NH1765,636,1499157139.0,3.146891314395417,2.9990644
ablation,3,time_only,565,NH1619,565,1499161993.5,2.9540384015145826,2.6878464
ablation,3,time_only,596,NH1686,596,1499163186.0,3.1082548999995008,3.1339443
ablation,3,time_only,597,NH1688,597,1499163406.0,2.848719204545,2.7723649
ablation,3,time_only,598,NH1689,598,1499164495.0,3.006316,3.1527731
ablation,3,time_only,595,NH1685,595,1499165894.0,2.9339350757569456,2.8719566
ablation,3,time_only,458,NH1499,458,1499171054.0,3.0142012803036105,2.801094
ablation,3,time_only,459,NH1500,459,1499171249.5,2.7833541388886114,2.699424
ablation,3,time_only,460,NH1501,460,1499171260.0,3.142547452020001,2.9216359
ablation,3,time_only,461,NH1502,461,1499171844.0,2.919967611743666,2.9367294
ablation,3,time_only,462,NH1503,462,1499172128.0,2.989936401514583,2.6669636
ablation,3,time_only,463,NH1504,463,1499172863.0,2.7883351439399995,2.7404587
ablation,3,time_only,601,NH1704,601,1499176710.5,3.0184068282827776,2.9507563
ablation,3,time_only,600,NH1703,600,1499176766.0,2.8691397777783334,2.7543373
ablation,3,time_only,602,NH1705,602,1499177075.0,2.8160141338380558,2.7392404
ablation,3,time_only,599,NH1702,599,1499179309.5,3.0610138762624994,2.993683
ablation,3,time_only,659,NH1790,659,1499188064.0,2.8337587954544445,2.8003023
ablation,3,time_only,658,NH1789,658,1499188124.0,2.9286468459597224,2.9602501
ablation,3,time_only,660,NH1791,660,1499188343.0,3.113605141414166,3.1218567
ablation,3,time_only,628,NH1745,628,1499213488.0,2.559162946969445,2.6766262
ablation,3,time_only,627,NH1744,627,1499213557.0,2.7187532601002786,2.688226
ablation,3,time_only,629,NH1746,629,1499213595.5,2.9451490631305544,2.8479538
ablation,3,time_only,563,NH1616,563,1499226262.0,3.038251255681042,2.9539099
ablation,3,time_only,605,NH1709,605,1499251437.0,2.7457053522729167,2.800019
ablation,3,time_only,606,NH1710,606,1499268693.0,2.9376880075758334,2.8445213
ablation,3,time_only,607,NH1711,607,1499269035.0,3.096050136364167,3.0804303
ablation,3,time_only,608,NH1712,608,1499269310.0,2.877750958333749,2.793813
ablation,3,time_only,604,NH1707,604,1499270402.0,2.8687946666664588,2.7633612
ablation,3,time_only,603,NH1706,603,1499270496.0,2.9392557462116664,2.8463671
ablation,3,time_only,609,NH1714,609,1499272386.0,2.8468540606070833,2.618893
ablation,3,time_only,610,NH1716,610,1499274272.0,2.9423472500008336,2.8191364
ablation,3,time_only,593,NH1683,593,1499275237.0,2.8445862613637503,2.8317559
ablation,3,time_only,592,NH1682,592,1499275578.0,2.9118870189395833,2.9901187
ablation,3,time_only,594,NH1684,594,1499275807.5,2.8141230492429163,2.8341706
ablation,3,time_only,475,NH1516,475,1499294849.0,2.918081704544584,2.6997957
ablation,3,time_only,474,NH1515,474,1499294880.0,2.855452022727083,2.68421
ablation,3,time_only,476,NH1517,476,1499295965.0,2.7876860757570836,2.719349
ablation,3,time_only,477,NH1518,477,1499296302.5,2.7509270113641673,2.7373362
ablation,3,time_only,473,NH1514,473,1499296839.0,2.848514276515833,2.7592394
ablation,3,time_only,588,NH1668,588,1499299447.5,2.9043724090908336,2.819904
ablation,3,time_only,589,NH1669,589,1499299686.0,2.9228999570700003,3.0815785
ablation,3,time_only,499,NH1553,499,1499301599.5,3.1458612083337503,2.8892307
ablation,3,time_only,498,NH1552,498,1499301660.5,2.9805125303024997,2.7973716
ablation,3,time_only,624,NH1732,624,1499311659.5,2.9242628580675003,3.0896847
ablation,3,time_only,703,NH1836,703,1499311843.0,2.9368110719699994,2.6354039
ablation,3,time_only,625,NH1733,625,1499315397.0,2.632047236741875,2.7876854
ablation,3,time_only,626,NH1734,626,1499315419.0,3.0625282613649993,3.0173194
ablation,3,time_only,704,NH1837,704,1499316830.0,2.8521571136358332,2.7463286
ablation,3,full,580,NH1634,580,1499096476.0,3.1808558661602775,3.068903
ablation,3,full,581,NH1635,581,1499097904.0,2.9771905227274993,2.7383459
ablation,3,full,582,NH1636,582,1499098641.0,2.9940467095961107,2.8532429
ablation,3,full,578,NH1632,578,1499098691.5,2.9853468585863894,2.9233325
ablation,3,full,577,NH1631,577,1499098747.0,2.9908430984849996,2.7345893
ablation,3,full,343,NH1379,343,1499098964.0,2.427929627272333,2.810561
ablation,3,full,344,NH1380,344,1499099075.0,2.5106332075753324,2.486107
ablation,3,full,345,NH1381,345,1499099397.0,2.791738484848332,2.6495574
ablation,3,full,346,NH1382,346,1499099613.0,2.5365751893945836,2.8221998
ablation,3,full,347,NH1383,347,1499099831.0,2.715058503788333,2.641855
ablation,3,full,348,NH1384,348,1499100022.0,2.7460927310595826,2.8606632
ablation,3,full,349,NH1385,349,1499100479.0,2.677818651515833,2.7900858
ablation,3,full,350,NH1386,350,1499101459.0,3.0376429507583333,2.9522953
ablation,3,full,342,NH1378,342,1499101807.0,2.6396423143937504,2.6125088
ablation,3,full,500,NH1554,500,1499110948.0,3.266245939393751,3.039418
ablation,3,full,587,NH1667,587,1499111389.0,2.7702204938575674,2.7306855
ablation,3,full,528,NH1581,528,1499117894.0,2.899883191288333,2.9243262
ablation,3,full,529,NH1582,529,1499117915.0,2.8859325037879158,2.928963
ablation,3,full,530,NH1583,530,1499118028.5,3.185311647726667,3.1264808
ablation,3,full,531,NH1584,531,1499118063.0,2.83940724242375,2.912857
ablation,3,full,532,NH1585,532,1499118631.5,3.1895223143949996,3.189006
ablation,3,full,534,NH1587,534,1499118981.0,2.9320918768935416,2.9527874
ablation,3,full,535,NH1588,535,1499119044.0,3.229330869317708,3.1766474
ablation,3,full,533,NH1586,533,1499119050.0,2.8946791931820837,2.873602
ablation,3,full,536,NH1589,536,1499119119.0,3.1033055530299998,2.9188354
ablation,3,full,538,NH1591,538,1499119821.0,3.243477958333125,3.2381
ablation,3,full,537,NH1590,537,1499120066.0,3.10421795833375,2.9206107
ablation,3,full,527,NH1579,527,1499120244.0,2.998226829545417,2.9711225
ablation,3,full,567,NH1621,567,1499123132.0,2.6374142760940753,2.7910302
ablation,3,full,568,NH1622,568,1499123244.0,2.78111150505,2.8742344
ablation,3,full,569,NH1623,569,1499123539.0,2.941981262625833,3.017833
ablation,3,full,570,NH1624,570,1499125299.5,3.112737872727167,2.9932492
ablation,3,full,571,NH1625,571,1499125410.0,3.022505628787084,2.9077005
ablation,3,full,566,NH1620,566,1499125843.0,2.893701810606112,2.8633144
ablation,3,full,640,NH1769,640,1499149063.5,2.9994482575762498,2.8306997
ablation,3,full,641,NH1770,641,1499149239.0,3.0840344545449994,2.8423033
ablation,3,full,642,NH1771,642,1499149701.0,3.0430837992420834,2.842542
ablation,3,full,643,NH1772,643,1499149787.0,3.204778238636667,2.909343
ablation,3,full,644,NH1773,644,1499150224.0,3.0746478371216663,2.8699696
ablation,3,full,645,NH1774,645,1499150337.0,3.007947106060417,2.8154116
ablation,3,full,616,NH1724,616,1499151510.0,2.983917755049999,2.7687643
ablation,3,full,617,NH1725,617,1499151621.0,3.005704808080278,2.9749196
ablation,3,full,618,NH1726,618,1499151726.5,2.7433783434338888,2.6128237
ablation,3,full,620,NH1728,620,1499152752.0,3.1653335303028323,3.0191784
ablation,3,full,619,NH1727,619,1499152807.5,3.033899217172222,2.792528
ablation,3,full,622,NH1730,622,1499152969.0,3.09583614015125,2.812395
ablation,3,full,621,NH1729,621,1499153214.0,2.909598431818333,2.7332098
ablation,3,full,623,NH1731,623,1499154023.0,2.957467170454167,2.839114
ablation,3,full,639,NH1768,639,1499154270.5,2.818932253787083,2.7430909
ablation,3,full,615,NH1722,615,1499154298.0,2.86136358712125,2.6844695
ablation,3,full,638,NH1767,638,1499154541.5,2.9929210568175,2.8828838
ablation,3,full,637,NH1766,637,1499157052.0,2.774261397727083,2.7872736
ablation,3,full,636,NH1765,636,1499157139.0,3.146891314395417,3.006801
ablation,3,full,565,NH1619,565,1499161993.5,2.9540384015145826,2.705696
ablation,3,full,596,NH1686,596,1499163186.0,3.1082548999995008,3.1012115
ablation,3,full,597,NH1688,597,1499163406.0,2.848719204545,2.745664
ablation,3,full,598,NH1689,598,1499164495.0,3.006316,3.0745466
ablation,3,full,595,NH1685,595,1499165894.0,2.9339350757569456,2.8589175
ablation,3,full,458,NH1499,458,1499171054.0,3.0142012803036105,2.8273163
ablation,3,full,459,NH1500,459,1499171249.5,2.7833541388886114,2.7221239
ablation,3,full,460,NH1501,460,1499171260.0,3.142547452020001,2.920173
ablation,3,full,461,NH1502,461,1499171844.0,2.919967611743666,2.9347343
ablation,3,full,462,NH1503,462,1499172128.0,2.989936401514583,2.6834567
ablation,3,full,463,NH1504,463,1499172863.0,2.7883351439399995,2.748212
ablation,3,full,601,NH1704,601,1499176710.5,3.0184068282827776,2.9767487
ablation,3,full,600,NH1703,600,1499176766.0,2.8691397777783334,2.7464695
ablation,3,full,602,NH1705,602,1499177075.0,2.8160141338380558,2.736625
ablation,3,full,599,NH1702,599,1499179309.5,3.0610138762624994,2.9763849
ablation,3,full,659,NH1790,659,1499188064.0,2.8337587954544445,2.8207254
ablation,3,full,658,NH1789,658,1499188124.0,2.9286468459597224,3.0029805
ablation,3,full,660,NH1791,660,1499188343.0,3.113605141414166,3.1233494
ablation,3,full,628,NH1745,628,1499213488.0,2.559162946969445,2.6422212
ablation,3,full,627,NH1744,627,1499213557.0,2.7187532601002786,2.6992767
ablation,3,full,629,NH1746,629,1499213595.5,2.9451490631305544,2.8785598
ablation,3,full,563,NH1616,563,1499226262.0,3.038251255681042,3.0022366
ablation,3,full,605,NH1709,605,1499251437.0,2.7457053522729167,2.7896357
ablation,3,full,606,NH1710,606,1499268693.0,2.9376880075758334,2.8311596
ablation,3,full,607,NH1711,607,1499269035.0,3.096050136364167,3.0722134
ablation,3,full,608,NH1712,608,1499269310.0,2.877750958333749,2.7971525
ablation,3,full,604,NH1707,604,1499270402.0,2.8687946666664588,2.7883883
ablation,3,full,603,NH1706,603,1499270496.0,2.9392557462116664,2.8285196
ablation,3,full,609,NH1714,609,1499272386.0,2.8468540606070833,2.6169214
ablation,3,full,610,NH1716,610,1499274272.0,2.9423472500008336,2.7953491
ablation,3,full,593,NH1683,593,1499275237.0,2.8445862613637503,2.8355944
ablation,3,full,592,NH1682,592,1499275578.0,2.9118870189395833,3.011809
ablation,3,full,594,NH1684,594,1499275807.5,2.8141230492429163,2.8143826
ablation,3,full,475,NH1516,475,1499294849.0,2.918081704544584,2.703471
ablation,3,full,474,NH1515,474,1499294880.0,2.855452022727083,2.6964438
ablation,3,full,476,NH1517,476,1499295965.0,2.7876860757570836,2.7092896
ablation,3,full,477,NH1518,477,1499296302.5,2.7509270113641673,2.7245176
ablation,3,full,473,NH1514,473,1499296839.0,2.848514276515833,2.7720125
ablation,3,full,588,NH1668,588,1499299447.5,2.9043724090908336,2.796605
ablation,3,full,589,NH1669,589,1499299686.0,2.9228999570700003,3.0610206
ablation,3,full,499,NH1553,499,1499301599.5,3.1458612083337503,2.8464196
ablation,3,full,498,NH1552,498,1499301660.5,2.9805125303024997,2.8224757
ablation,3,full,624,NH1732,624,1499311659.5,2.9242628580675003,3.0887604
ablation,3,full,703,NH1836,703,1499311843.0,2.9368110719699994,2.6633892
ablation,3,full,625,NH1733,625,1499315397.0,2.632047236741875,2.8195965
ablation,3,full,626,NH1734,626,1499315419.0,3.0625282613649993,3.056299
ablation,3,full,704,NH1837,704,1499316830.0,2.8521571136358332,2.7598293
ablation,3,no_mask,580,NH1634,580,1499096476.0,3.1808558661602775,3.063207
ablation,3,no_mask,581,NH1635,581,1499097904.0,2.9771905227274993,2.729275
ablation,3,no_mask,582,NH1636,582,1499098641.0,2.9940467095961107,2.864335
ablation,3,no_mask,578,NH1632,578,1499098691.5,2.9853468585863894,2.932089
ablation,3,no_mask,577,NH1631,577,1499098747.0,2.9908430984849996,2.7337189
ablation,3,no_mask,343,NH1379,343,1499098964.0,2.427929627272333,2.7981167
ablation,3,no_mask,344,NH1380,344,1499099075.0,2.5106332075753324,2.4861326
ablation,3,no_mask,345,NH1381,345,1499099397.0,2.791738484848332,2.6685593
ablation,3,no_mask,346,NH1382,346,1499099613.0,2.5365751893945836,2.8205385
ablation,3,no_mask,347,NH1383,347,1499099831.0,2.715058503788333,2.6549013
ablation,3,no_mask,348,NH1384,348,1499100022.0,2.7460927310595826,2.8434598
ablation,3,no_mask,349,NH1385,349,1499100479.0,2.677818651515833,2.8043916
ablation,3,no_mask,350,NH1386,350,1499101459.0,3.0376429507583333,2.950471
ablation,3,no_mask,342,NH1378,342,1499101807.0,2.6396423143937504,2.6113214
ablation,3,no_mask,500,NH1554,500,1499110948.0,3.266245939393751,3.049474
ablation,3,no_mask,587,NH1667,587,1499111389.0,2.7702204938575674,2.7426002
ablation,3,no_mask,528,NH1581,528,1499117894.0,2.899883191288333,2.8899078
ablation,3,no_mask,529,NH1582,529,1499117915.0,2.8859325037879158,2.9129055
ablation,3,no_mask,530,NH1583,530,1499118028.5,3.185311647726667,3.0998023
ablation,3,no_mask,531,NH1584,531,1499118063.0,2.83940724242375,2.876651
ablation,3,no_mask,532,NH1585,532,1499118631.5,3.1895223143949996,3.2095044
ablation,3,no_mask,534,NH1587,534,1499118981.0,2.9320918768935416,2.9706142
ablation,3,no_mask,535,NH1588,535,1499119044.0,3.229330869317708,3.1509655
ablation,3,no_mask,533,NH1586,533,1499119050.0,2.8946791931820837,2.8661835
ablation,3,no_mask,536,NH1589,536,1499119119.0,3.1033055530299998,2.884597
ablation,3,no_mask,538,NH1591,538,1499119821.0,3.243477958333125,3.221309
ablation,3,no_mask,537,NH1590,537,1499120066.0,3.10421795833375,2.9151828
ablation,3,no_mask,527,NH1579,527,1499120244.0,2.998226829545417,2.9406931
ablation,3,no_mask,567,NH1621,567,1499123132.0,2.6374142760940753,2.7508423
ablation,3,no_mask,568,NH1622,568,1499123244.0,2.78111150505,2.8649273
ablation,3,no_mask,569,NH1623,569,1499123539.0,2.941981262625833,2.986109
ablation,3,no_mask,570,NH1624,570,1499125299.5,3.112737872727167,2.982188
ablation,3,no_mask,571,NH1625,571,1499125410.0,3.022505628787084,2.9109805
ablation,3,no_mask,566,NH1620,566,1499125843.0,2.893701810606112,2.8851013
ablation,3,no_mask,640,NH1769,640,1499149063.5,2.9994482575762498,2.8334954
ablation,3,no_mask,641,NH1770,641,1499149239.0,3.0840344545449994,2.8508918
ablation,3,no_mask,642,NH1771,642,1499149701.0,3.0430837992420834,2.8482
ablation,3,no_mask,643,NH1772,643,1499149787.0,3.204778238636667,2.9033043
ablation,3,no_mask,644,NH1773,644,1499150224.0,3.0746478371216663,2.8660758
ablation,3,no_mask,645,NH1774,645,1499150337.0,3.007947106060417,2.819686
ablation,3,no_mask,616,NH1724,616,1499151510.0,2.983917755049999,2.7777998
ablation,3,no_mask,617,NH1725,617,1499151621.0,3.005704808080278,2.9530096
ablation,3,no_mask,618,NH1726,618,1499151726.5,2.7433783434338888,2.609517
ablation,3,no_mask,620,NH1728,620,1499152752.0,3.1653335303028323,3.0091984
ablation,3,no_mask,619,NH1727,619,1499152807.5,3.033899217172222,2.812412
ablation,3,no_mask,622,NH1730,622,1499152969.0,3.09583614015125,2.8079908
ablation,3,no_mask,621,NH1729,621,1499153214.0,2.909598431818333,2.746439
ablation,3,no_mask,623,NH1731,623,1499154023.0,2.957467170454167,2.846757
ablation,3,no_mask,639,NH1768,639,1499154270.5,2.818932253787083,2.7319772
ablation,3,no_mask,615,NH1722,615,1499154298.0,2.86136358712125,2.7029476
ablation,3,no_mask,638,NH1767,638,1499154541.5,2.9929210568175,2.8756742
ablation,3,no_mask,637,NH1766,637,1499157052.0,2.774261397727083,2.7828693
ablation,3,no_mask,636,NH1765,636,1499157139.0,3.146891314395417,3.0130653
ablation,3,no_mask,565,NH1619,565,1499161993.5,2.9540384015145826,2.7283304
ablation,3,no_mask,596,NH1686,596,1499163186.0,3.1082548999995008,3.1152527
ablation,3,no_mask,597,NH1688,597,1499163406.0,2.848719204545,2.7548401
ablation,3,no_mask,598,NH1689,598,1499164495.0,3.006316,3.0894868
ablation,3,no_mask,595,NH1685,595,1499165894.0,2.9339350757569456,2.8728638
ablation,3,no_mask,458,NH1499,458,1499171054.0,3.0142012803036105,2.8257682
ablation,3,no_mask,459,NH1500,459,1499171249.5,2.7833541388886114,2.723753
ablation,3,no_mask,460,NH1501,460,1499171260.0,3.142547452020001,2.905639
ablation,3,no_mask,461,NH1502,461,1499171844.0,2.919967611743666,2.918953
ablation,3,no_mask,462,NH1503,462,1499172128.0,2.989936401514583,2.68303
ablation,3,no_mask,463,NH1504,463,1499172863.0,2.7883351439399995,2.7438965
ablation,3,no_mask,601,NH1704,601,1499176710.5,3.0184068282827776,2.9731286
ablation,3,no_mask,600,NH1703,600,1499176766.0,2.8691397777783334,2.749628
ablation,3,no_mask,602,NH1705,602,1499177075.0,2.8160141338380558,2.7508166
ablation,3,no_mask,599,NH1702,599,1499179309.5,3.0610138762624994,2.984517
ablation,3,no_mask,659,NH1790,659,1499188064.0,2.8337587954544445,2.8196917
ablation,3,no_mask,658,NH1789,658,1499188124.0,2.9286468459597224,2.9750652
ablation,3,no_mask,660,NH1791,660,1499188343.0,3.113605141414166,3.121711
ablation,3,no_mask,628,NH1745,628,1499213488.0,2.559162946969445,2.6602728
ablation,3,no_mask,627,NH1744,627,1499213557.0,2.7187532601002786,2.7201846
ablation,3,no_mask,629,NH1746,629,1499213595.5,2.9451490631305544,2.863454
ablation,3,no_mask,563,NH1616,563,1499226262.0,3.038251255681042,2.9995792
ablation,3,no_mask,605,NH1709,605,1499251437.0,2.7457053522729167,2.7905579
ablation,3,no_mask,606,NH1710,606,1499268693.0,2.9376880075758334,2.8582287
ablation,3,no_mask,607,NH1711,607,1499269035.0,3.096050136364167,3.0559304
ablation,3,no_mask,608,NH1712,608,1499269310.0,2.877750958333749,2.791194
ablation,3,no_mask,604,NH1707,604,1499270402.0,2.8687946666664588,2.795624
ablation,3,no_mask,603,NH1706,603,1499270496.0,2.9392557462116664,2.8216324
ablation,3,no_mask,609,NH1714,609,1499272386.0,2.8468540606070833,2.62686
ablation,3,no_mask,610,NH1716,610,1499274272.0,2.9423472500008336,2.7835624
ablation,3,no_mask,593,NH1683,593,1499275237.0,2.8445862613637503,2.8413637
ablation,3,no_mask,592,NH1682,592,1499275578.0,2.9118870189395833,3.0083487
ablation,3,no_mask,594,NH1684,594,1499275807.5,2.8141230492429163,2.813813
ablation,3,no_mask,475,NH1516,475,1499294849.0,2.918081704544584,2.720935
ablation,3,no_mask,474,NH1515,474,1499294880.0,2.855452022727083,2.700154
ablation,3,no_mask,476,NH1517,476,1499295965.0,2.7876860757570836,2.7108037
ablation,3,no_mask,477,NH1518,477,1499296302.5,2.7509270113641673,2.7146037
ablation,3,no_mask,473,NH1514,473,1499296839.0,2.848514276515833,2.7697098
ablation,3,no_mask,588,NH1668,588,1499299447.5,2.9043724090908336,2.8213513
ablation,3,no_mask,589,NH1669,589,1499299686.0,2.9228999570700003,3.0865943
ablation,3,no_mask,499,NH1553,499,1499301599.5,3.1458612083337503,2.857147
ablation,3,no_mask,498,NH1552,498,1499301660.5,2.9805125303024997,2.8254278
ablation,3,no_mask,624,NH1732,624,1499311659.5,2.9242628580675003,3.0823383
ablation,3,no_mask,703,NH1836,703,1499311843.0,2.9368110719699994,2.657758
ablation,3,no_mask,625,NH1733,625,1499315397.0,2.632047236741875,2.7939312
ablation,3,no_mask,626,NH1734,626,1499315419.0,3.0625282613649993,3.0406663
ablation,3,no_mask,704,NH1837,704,1499316830.0,2.8521571136358332,2.7548428
ablation,3,median_only,580,NH1634,580,1499096476.0,3.1808558661602775,3.0453146
ablation,3,median_only,581,NH1635,581,1499097904.0,2.9771905227274993,2.7148883
ablation,3,median_only,582,NH1636,582,1499098641.0,2.9940467095961107,2.860502
ablation,3,median_only,578,NH1632,578,1499098691.5,2.9853468585863894,2.930582
ablation,3,median_only,577,NH1631,577,1499098747.0,2.9908430984849996,2.7176697
ablation,3,median_only,343,NH1379,343,1499098964.0,2.427929627272333,2.813388
ablation,3,median_only,344,NH1380,344,1499099075.0,2.5106332075753324,2.521137
ablation,3,median_only,345,NH1381,345,1499099397.0,2.791738484848332,2.6640835
ablation,3,median_only,346,NH1382,346,1499099613.0,2.5365751893945836,2.8193064
ablation,3,median_only,347,NH1383,347,1499099831.0,2.715058503788333,2.654446
ablation,3,median_only,348,NH1384,348,1499100022.0,2.7460927310595826,2.8474653
ablation,3,median_only,349,NH1385,349,1499100479.0,2.677818651515833,2.8067305
ablation,3,median_only,350,NH1386,350,1499101459.0,3.0376429507583333,2.9664555
ablation,3,median_only,342,NH1378,342,1499101807.0,2.6396423143937504,2.6446605
ablation,3,median_only,500,NH1554,500,1499110948.0,3.266245939393751,3.047078
ablation,3,median_only,587,NH1667,587,1499111389.0,2.7702204938575674,2.7413595
ablation,3,median_only,528,NH1581,528,1499117894.0,2.899883191288333,2.9126914
ablation,3,median_only,529,NH1582,529,1499117915.0,2.8859325037879158,2.9110177
ablation,3,median_only,530,NH1583,530,1499118028.5,3.185311647726667,3.054736
ablation,3,median_only,531,NH1584,531,1499118063.0,2.83940724242375,2.8665638
ablation,3,median_only,532,NH1585,532,1499118631.5,3.1895223143949996,3.1736233
ablation,3,median_only,534,NH1587,534,1499118981.0,2.9320918768935416,2.9378529
ablation,3,median_only,535,NH1588,535,1499119044.0,3.229330869317708,3.1519768
ablation,3,median_only,533,NH1586,533,1499119050.0,2.8946791931820837,2.8786886
ablation,3,median_only,536,NH1589,536,1499119119.0,3.1033055530299998,2.9070323
ablation,3,median_only,538,NH1591,538,1499119821.0,3.243477958333125,3.212677
ablation,3,median_only,537,NH1590,537,1499120066.0,3.10421795833375,2.924368
ablation,3,median_only,527,NH1579,527,1499120244.0,2.998226829545417,2.9547281
ablation,3,median_only,567,NH1621,567,1499123132.0,2.6374142760940753,2.789378
ablation,3,median_only,568,NH1622,568,1499123244.0,2.78111150505,2.8907788
ablation,3,median_only,569,NH1623,569,1499123539.0,2.941981262625833,3.0319157
ablation,3,median_only,570,NH1624,570,1499125299.5,3.112737872727167,3.0111625
ablation,3,median_only,571,NH1625,571,1499125410.0,3.022505628787084,2.923875
ablation,3,median_only,566,NH1620,566,1499125843.0,2.893701810606112,2.8499184
ablation,3,median_only,640,NH1769,640,1499149063.5,2.9994482575762498,2.8341799
ablation,3,median_only,641,NH1770,641,1499149239.0,3.0840344545449994,2.8603475
ablation,3,median_only,642,NH1771,642,1499149701.0,3.0430837992420834,2.8499413
ablation,3,median_only,643,NH1772,643,1499149787.0,3.204778238636667,2.90662
ablation,3,median_only,644,NH1773,644,1499150224.0,3.0746478371216663,2.876859
ablation,3,median_only,645,NH1774,645,1499150337.0,3.007947106060417,2.7988815
ablation,3,median_only,616,NH1724,616,1499151510.0,2.983917755049999,2.7681923
ablation,3,median_only,617,NH1725,617,1499151621.0,3.005704808080278,2.9461842
ablation,3,median_only,618,NH1726,618,1499151726.5,2.7433783434338888,2.618678
ablation,3,median_only,620,NH1728,620,1499152752.0,3.1653335303028323,3.0570343
ablation,3,median_only,619,NH1727,619,1499152807.5,3.033899217172222,2.7897465
ablation,3,median_only,622,NH1730,622,1499152969.0,3.09583614015125,2.8150074
ablation,3,median_only,621,NH1729,621,1499153214.0,2.909598431818333,2.7199478
ablation,3,median_only,623,NH1731,623,1499154023.0,2.957467170454167,2.8416727
ablation,3,median_only,639,NH1768,639,1499154270.5,2.818932253787083,2.782093
ablation,3,median_only,615,NH1722,615,1499154298.0,2.86136358712125,2.6784089
ablation,3,median_only,638,NH1767,638,1499154541.5,2.9929210568175,2.8881397
ablation,3,median_only,637,NH1766,637,1499157052.0,2.774261397727083,2.7979002
ablation,3,median_only,636,NH1765,636,1499157139.0,3.146891314395417,3.0200007
ablation,3,median_only,565,NH1619,565,1499161993.5,2.9540384015145826,2.6994286
ablation,3,median_only,596,NH1686,596,1499163186.0,3.1082548999995008,3.0577796
ablation,3,median_only,597,NH1688,597,1499163406.0,2.848719204545,2.7098434
ablation,3,median_only,598,NH1689,598,1499164495.0,3.006316,3.0844944
ablation,3,median_only,595,NH1685,595,1499165894.0,2.9339350757569456,2.8291404
ablation,3,median_only,458,NH1499,458,1499171054.0,3.0142012803036105,2.7789688
ablation,3,median_only,459,NH1500,459,1499171249.5,2.7833541388886114,2.6805131
ablation,3,median_only,460,NH1501,460,1499171260.0,3.142547452020001,2.8749084
ablation,3,median_only,461,NH1502,461,1499171844.0,2.919967611743666,2.8755615
ablation,3,median_only,462,NH1503,462,1499172128.0,2.989936401514583,2.6552327
ablation,3,median_only,463,NH1504,463,1499172863.0,2.7883351439399995,2.716972
ablation,3,median_only,601,NH1704,601,1499176710.5,3.0184068282827776,2.9480693
ablation,3,median_only,600,NH1703,600,1499176766.0,2.8691397777783334,2.755553
ablation,3,median_only,602,NH1705,602,1499177075.0,2.8160141338380558,2.738757
ablation,3,median_only,599,NH1702,599,1499179309.5,3.0610138762624994,2.97822
ablation,3,median_only,659,NH1790,659,1499188064.0,2.8337587954544445,2.8255415
ablation,3,median_only,658,NH1789,658,1499188124.0,2.9286468459597224,3.0136385
ablation,3,median_only,660,NH1791,660,1499188343.0,3.113605141414166,3.1261737
ablation,3,median_only,628,NH1745,628,1499213488.0,2.559162946969445,2.6336496
ablation,3,median_only,627,NH1744,627,1499213557.0,2.7187532601002786,2.6786788
ablation,3,median_only,629,NH1746,629,1499213595.5,2.9451490631305544,2.835906
ablation,3,median_only,563,NH1616,563,1499226262.0,3.038251255681042,2.9978886
ablation,3,median_only,605,NH1709,605,1499251437.0,2.7457053522729167,2.77336
ablation,3,median_only,606,NH1710,606,1499268693.0,2.9376880075758334,2.8385265
ablation,3,median_only,607,NH1711,607,1499269035.0,3.096050136364167,3.0405083
ablation,3,median_only,608,NH1712,608,1499269310.0,2.877750958333749,2.7785168
ablation,3,median_only,604,NH1707,604,1499270402.0,2.8687946666664588,2.7683156
ablation,3,median_only,603,NH1706,603,1499270496.0,2.9392557462116664,2.8395777
ablation,3,median_only,609,NH1714,609,1499272386.0,2.8468540606070833,2.6511967
ablation,3,median_only,610,NH1716,610,1499274272.0,2.9423472500008336,2.801376
ablation,3,median_only,593,NH1683,593,1499275237.0,2.8445862613637503,2.8453648
ablation,3,median_only,592,NH1682,592,1499275578.0,2.9118870189395833,2.9968338
ablation,3,median_only,594,NH1684,594,1499275807.5,2.8141230492429163,2.814315
ablation,3,median_only,475,NH1516,475,1499294849.0,2.918081704544584,2.7303038
ablation,3,median_only,474,NH1515,474,1499294880.0,2.855452022727083,2.7101219
ablation,3,median_only,476,NH1517,476,1499295965.0,2.7876860757570836,2.7243984
ablation,3,median_only,477,NH1518,477,1499296302.5,2.7509270113641673,2.7257755
ablation,3,median_only,473,NH1514,473,1499296839.0,2.848514276515833,2.77655
ablation,3,median_only,588,NH1668,588,1499299447.5,2.9043724090908336,2.8137558
ablation,3,median_only,589,NH1669,589,1499299686.0,2.9228999570700003,3.1001692
ablation,3,median_only,499,NH1553,499,1499301599.5,3.1458612083337503,2.846835
ablation,3,median_only,498,NH1552,498,1499301660.5,2.9805125303024997,2.8423796
ablation,3,median_only,624,NH1732,624,1499311659.5,2.9242628580675003,3.0769284
ablation,3,median_only,703,NH1836,703,1499311843.0,2.9368110719699994,2.6582706
ablation,3,median_only,625,NH1733,625,1499315397.0,2.632047236741875,2.8014557
ablation,3,median_only,626,NH1734,626,1499315419.0,3.0625282613649993,3.0367973
ablation,3,median_only,704,NH1837,704,1499316830.0,2.8521571136358332,2.7702467
ablation,3,group_min5,580,NH1634,580,1499096476.0,3.1808558661602775,3.068903
ablation,3,group_min5,581,NH1635,581,1499097904.0,2.9771905227274993,2.7383459
ablation,3,group_min5,582,NH1636,582,1499098641.0,2.9940467095961107,2.8532429
ablation,3,group_min5,578,NH1632,578,1499098691.5,2.9853468585863894,2.9233325
ablation,3,group_min5,577,NH1631,577,1499098747.0,2.9908430984849996,2.7345893
ablation,3,group_min5,343,NH1379,343,1499098964.0,2.427929627272333,2.810561
ablation,3,group_min5,344,NH1380,344,1499099075.0,2.5106332075753324,2.486107
ablation,3,group_min5,345,NH1381,345,1499099397.0,2.791738484848332,2.6495574
ablation,3,group_min5,346,NH1382,346,1499099613.0,2.5365751893945836,2.8221998
ablation,3,group_min5,347,NH1383,347,1499099831.0,2.715058503788333,2.641855
ablation,3,group_min5,348,NH1384,348,1499100022.0,2.7460927310595826,2.8606632
ablation,3,group_min5,349,NH1385,349,1499100479.0,2.677818651515833,2.7900858
ablation,3,group_min5,350,NH1386,350,1499101459.0,3.0376429507583333,2.9522953
ablation,3,group_min5,342,NH1378,342,1499101807.0,2.6396423143937504,2.6125088
ablation,3,group_min5,500,NH1554,500,1499110948.0,3.266245939393751,3.039418
ablation,3,group_min5,587,NH1667,587,1499111389.0,2.7702204938575674,2.7306855
ablation,3,group_min5,528,NH1581,528,1499117894.0,2.899883191288333,2.9243262
ablation,3,group_min5,529,NH1582,529,1499117915.0,2.8859325037879158,2.928963
ablation,3,group_min5,530,NH1583,530,1499118028.5,3.185311647726667,3.1264808
ablation,3,group_min5,531,NH1584,531,1499118063.0,2.83940724242375,2.912857
ablation,3,group_min5,532,NH1585,532,1499118631.5,3.1895223143949996,3.189006
ablation,3,group_min5,534,NH1587,534,1499118981.0,2.9320918768935416,2.9527874
ablation,3,group_min5,535,NH1588,535,1499119044.0,3.229330869317708,3.1766474
ablation,3,group_min5,533,NH1586,533,1499119050.0,2.8946791931820837,2.873602
ablation,3,group_min5,536,NH1589,536,1499119119.0,3.1033055530299998,2.9188354
ablation,3,group_min5,538,NH1591,538,1499119821.0,3.243477958333125,3.2381
ablation,3,group_min5,537,NH1590,537,1499120066.0,3.10421795833375,2.9206107
ablation,3,group_min5,527,NH1579,527,1499120244.0,2.998226829545417,2.9711225
ablation,3,group_min5,567,NH1621,567,1499123132.0,2.6374142760940753,2.7910302
ablation,3,group_min5,568,NH1622,568,1499123244.0,2.78111150505,2.8742344
ablation,3,group_min5,569,NH1623,569,1499123539.0,2.941981262625833,3.017833
ablation,3,group_min5,570,NH1624,570,1499125299.5,3.112737872727167,2.9932492
ablation,3,group_min5,571,NH1625,571,1499125410.0,3.022505628787084,2.9077005
ablation,3,group_min5,566,NH1620,566,1499125843.0,2.893701810606112,2.8633144
ablation,3,group_min5,640,NH1769,640,1499149063.5,2.9994482575762498,2.8306997
ablation,3,group_min5,641,NH1770,641,1499149239.0,3.0840344545449994,2.8423033
ablation,3,group_min5,642,NH1771,642,1499149701.0,3.0430837992420834,2.842542
ablation,3,group_min5,643,NH1772,643,1499149787.0,3.204778238636667,2.909343
ablation,3,group_min5,644,NH1773,644,1499150224.0,3.0746478371216663,2.8699696
ablation,3,group_min5,645,NH1774,645,1499150337.0,3.007947106060417,2.8154116
ablation,3,group_min5,616,NH1724,616,1499151510.0,2.983917755049999,2.7687643
ablation,3,group_min5,617,NH1725,617,1499151621.0,3.005704808080278,2.9749196
ablation,3,group_min5,618,NH1726,618,1499151726.5,2.7433783434338888,2.6128237
ablation,3,group_min5,620,NH1728,620,1499152752.0,3.1653335303028323,3.0191784
ablation,3,group_min5,619,NH1727,619,1499152807.5,3.033899217172222,2.792528
ablation,3,group_min5,622,NH1730,622,1499152969.0,3.09583614015125,2.812395
ablation,3,group_min5,621,NH1729,621,1499153214.0,2.909598431818333,2.7332098
ablation,3,group_min5,623,NH1731,623,1499154023.0,2.957467170454167,2.839114
ablation,3,group_min5,639,NH1768,639,1499154270.5,2.818932253787083,2.7430909
ablation,3,group_min5,615,NH1722,615,1499154298.0,2.86136358712125,2.6844695
ablation,3,group_min5,638,NH1767,638,1499154541.5,2.9929210568175,2.8828838
ablation,3,group_min5,637,NH1766,637,1499157052.0,2.774261397727083,2.7872736
ablation,3,group_min5,636,NH1765,636,1499157139.0,3.146891314395417,3.006801
ablation,3,group_min5,565,NH1619,565,1499161993.5,2.9540384015145826,2.705696
ablation,3,group_min5,596,NH1686,596,1499163186.0,3.1082548999995008,3.1012115
ablation,3,group_min5,597,NH1688,597,1499163406.0,2.848719204545,2.745664
ablation,3,group_min5,598,NH1689,598,1499164495.0,3.006316,3.0745466
ablation,3,group_min5,595,NH1685,595,1499165894.0,2.9339350757569456,2.8589175
ablation,3,group_min5,458,NH1499,458,1499171054.0,3.0142012803036105,2.8273163
ablation,3,group_min5,459,NH1500,459,1499171249.5,2.7833541388886114,2.7221239
ablation,3,group_min5,460,NH1501,460,1499171260.0,3.142547452020001,2.920173
ablation,3,group_min5,461,NH1502,461,1499171844.0,2.919967611743666,2.9347343
ablation,3,group_min5,462,NH1503,462,1499172128.0,2.989936401514583,2.6834567
ablation,3,group_min5,463,NH1504,463,1499172863.0,2.7883351439399995,2.748212
ablation,3,group_min5,601,NH1704,601,1499176710.5,3.0184068282827776,2.9767487
ablation,3,group_min5,600,NH1703,600,1499176766.0,2.8691397777783334,2.7464695
ablation,3,group_min5,602,NH1705,602,1499177075.0,2.8160141338380558,2.736625
ablation,3,group_min5,599,NH1702,599,1499179309.5,3.0610138762624994,2.9763849
ablation,3,group_min5,659,NH1790,659,1499188064.0,2.8337587954544445,2.8207254
ablation,3,group_min5,658,NH1789,658,1499188124.0,2.9286468459597224,3.0029805
ablation,3,group_min5,660,NH1791,660,1499188343.0,3.113605141414166,3.1233494
ablation,3,group_min5,628,NH1745,628,1499213488.0,2.559162946969445,2.6422212
ablation,3,group_min5,627,NH1744,627,1499213557.0,2.7187532601002786,2.6992767
ablation,3,group_min5,629,NH1746,629,1499213595.5,2.9451490631305544,2.8785598
ablation,3,group_min5,563,NH1616,563,1499226262.0,3.038251255681042,3.0022366
ablation,3,group_min5,605,NH1709,605,1499251437.0,2.7457053522729167,2.7896357
ablation,3,group_min5,606,NH1710,606,1499268693.0,2.9376880075758334,2.8311596
ablation,3,group_min5,607,NH1711,607,1499269035.0,3.096050136364167,3.0722134
ablation,3,group_min5,608,NH1712,608,1499269310.0,2.877750958333749,2.7971525
ablation,3,group_min5,604,NH1707,604,1499270402.0,2.8687946666664588,2.7883883
ablation,3,group_min5,603,NH1706,603,1499270496.0,2.9392557462116664,2.8285196
ablation,3,group_min5,609,NH1714,609,1499272386.0,2.8468540606070833,2.6169214
ablation,3,group_min5,610,NH1716,610,1499274272.0,2.9423472500008336,2.7953491
ablation,3,group_min5,593,NH1683,593,1499275237.0,2.8445862613637503,2.8355944
ablation,3,group_min5,592,NH1682,592,1499275578.0,2.9118870189395833,3.011809
ablation,3,group_min5,594,NH1684,594,1499275807.5,2.8141230492429163,2.8143826
ablation,3,group_min5,475,NH1516,475,1499294849.0,2.918081704544584,2.703471
ablation,3,group_min5,474,NH1515,474,1499294880.0,2.855452022727083,2.6964438
ablation,3,group_min5,476,NH1517,476,1499295965.0,2.7876860757570836,2.7092896
ablation,3,group_min5,477,NH1518,477,1499296302.5,2.7509270113641673,2.7245176
ablation,3,group_min5,473,NH1514,473,1499296839.0,2.848514276515833,2.7720125
ablation,3,group_min5,588,NH1668,588,1499299447.5,2.9043724090908336,2.796605
ablation,3,group_min5,589,NH1669,589,1499299686.0,2.9228999570700003,3.0610206
ablation,3,group_min5,499,NH1553,499,1499301599.5,3.1458612083337503,2.8464196
ablation,3,group_min5,498,NH1552,498,1499301660.5,2.9805125303024997,2.8224757
ablation,3,group_min5,624,NH1732,624,1499311659.5,2.9242628580675003,3.0887604
ablation,3,group_min5,703,NH1836,703,1499311843.0,2.9368110719699994,2.6633892
ablation,3,group_min5,625,NH1733,625,1499315397.0,2.632047236741875,2.8195965
ablation,3,group_min5,626,NH1734,626,1499315419.0,3.0625282613649993,3.056299
ablation,3,group_min5,704,NH1837,704,1499316830.0,2.8521571136358332,2.7598293
ablation,3,group_min5_shrink10,580,NH1634,580,1499096476.0,3.1808558661602775,3.043729
ablation,3,group_min5_shrink10,581,NH1635,581,1499097904.0,2.9771905227274993,2.7265255
ablation,3,group_min5_shrink10,582,NH1636,582,1499098641.0,2.9940467095961107,2.8587124
ablation,3,group_min5_shrink10,578,NH1632,578,1499098691.5,2.9853468585863894,2.9126318
ablation,3,group_min5_shrink10,577,NH1631,577,1499098747.0,2.9908430984849996,2.7311685
ablation,3,group_min5_shrink10,343,NH1379,343,1499098964.0,2.427929627272333,2.7815683
ablation,3,group_min5_shrink10,344,NH1380,344,1499099075.0,2.5106332075753324,2.4977973
ablation,3,group_min5_shrink10,345,NH1381,345,1499099397.0,2.791738484848332,2.6502802
ablation,3,group_min5_shrink10,346,NH1382,346,1499099613.0,2.5365751893945836,2.793845
ablation,3,group_min5_shrink10,347,NH1383,347,1499099831.0,2.715058503788333,2.6247518
ablation,3,group_min5_shrink10,348,NH1384,348,1499100022.0,2.7460927310595826,2.8397262
ablation,3,group_min5_shrink10,349,NH1385,349,1499100479.0,2.677818651515833,2.7826722
ablation,3,group_min5_shrink10,350,NH1386,350,1499101459.0,3.0376429507583333,2.9589348
ablation,3,group_min5_shrink10,342,NH1378,342,1499101807.0,2.6396423143937504,2.632333
ablation,3,group_min5_shrink10,500,NH1554,500,1499110948.0,3.266245939393751,3.0311644
ablation,3,group_min5_shrink10,587,NH1667,587,1499111389.0,2.7702204938575674,2.7454214
ablation,3,group_min5_shrink10,528,NH1581,528,1499117894.0,2.899883191288333,2.9159355
ablation,3,group_min5_shrink10,529,NH1582,529,1499117915.0,2.8859325037879158,2.9390023
ablation,3,group_min5_shrink10,530,NH1583,530,1499118028.5,3.185311647726667,3.1139116
ablation,3,group_min5_shrink10,531,NH1584,531,1499118063.0,2.83940724242375,2.9000733
ablation,3,group_min5_shrink10,532,NH1585,532,1499118631.5,3.1895223143949996,3.1673813
ablation,3,group_min5_shrink10,534,NH1587,534,1499118981.0,2.9320918768935416,2.9571955
ablation,3,group_min5_shrink10,535,NH1588,535,1499119044.0,3.229330869317708,3.1717558
ablation,3,group_min5_shrink10,533,NH1586,533,1499119050.0,2.8946791931820837,2.8499317
ablation,3,group_min5_shrink10,536,NH1589,536,1499119119.0,3.1033055530299998,2.902499
ablation,3,group_min5_shrink10,538,NH1591,538,1499119821.0,3.243477958333125,3.2077625
ablation,3,group_min5_shrink10,537,NH1590,537,1499120066.0,3.10421795833375,2.9080074
ablation,3,group_min5_shrink10,527,NH1579,527,1499120244.0,2.998226829545417,2.964661
ablation,3,group_min5_shrink10,567,NH1621,567,1499123132.0,2.6374142760940753,2.8350322
ablation,3,group_min5_shrink10,568,NH1622,568,1499123244.0,2.78111150505,2.88112
ablation,3,group_min5_shrink10,569,NH1623,569,1499123539.0,2.941981262625833,3.016597
ablation,3,group_min5_shrink10,570,NH1624,570,1499125299.5,3.112737872727167,3.0270624
ablation,3,group_min5_shrink10,571,NH1625,571,1499125410.0,3.022505628787084,2.934902
ablation,3,group_min5_shrink10,566,NH1620,566,1499125843.0,2.893701810606112,2.8753302
ablation,3,group_min5_shrink10,640,NH1769,640,1499149063.5,2.9994482575762498,2.825351
ablation,3,group_min5_shrink10,641,NH1770,641,1499149239.0,3.0840344545449994,2.852341
ablation,3,group_min5_shrink10,642,NH1771,642,1499149701.0,3.0430837992420834,2.854213
ablation,3,group_min5_shrink10,643,NH1772,643,1499149787.0,3.204778238636667,2.9049332
ablation,3,group_min5_shrink10,644,NH1773,644,1499150224.0,3.0746478371216663,2.865846
ablation,3,group_min5_shrink10,645,NH1774,645,1499150337.0,3.007947106060417,2.8114069
ablation,3,group_min5_shrink10,616,NH1724,616,1499151510.0,2.983917755049999,2.7854855
ablation,3,group_min5_shrink10,617,NH1725,617,1499151621.0,3.005704808080278,2.9535313
ablation,3,group_min5_shrink10,618,NH1726,618,1499151726.5,2.7433783434338888,2.6063585
ablation,3,group_min5_shrink10,620,NH1728,620,1499152752.0,3.1653335303028323,3.0302467
ablation,3,group_min5_shrink10,619,NH1727,619,1499152807.5,3.033899217172222,2.8098261
ablation,3,group_min5_shrink10,622,NH1730,622,1499152969.0,3.09583614015125,2.8071508
ablation,3,group_min5_shrink10,621,NH1729,621,1499153214.0,2.909598431818333,2.731802
ablation,3,group_min5_shrink10,623,NH1731,623,1499154023.0,2.957467170454167,2.827151
ablation,3,group_min5_shrink10,639,NH1768,639,1499154270.5,2.818932253787083,2.767501
ablation,3,group_min5_shrink10,615,NH1722,615,1499154298.0,2.86136358712125,2.6922007
ablation,3,group_min5_shrink10,638,NH1767,638,1499154541.5,2.9929210568175,2.8944657
ablation,3,group_min5_shrink10,637,NH1766,637,1499157052.0,2.774261397727083,2.793374
ablation,3,group_min5_shrink10,636,NH1765,636,1499157139.0,3.146891314395417,3.0160053
ablation,3,group_min5_shrink10,565,NH1619,565,1499161993.5,2.9540384015145826,2.7427146
ablation,3,group_min5_shrink10,596,NH1686,596,1499163186.0,3.1082548999995008,3.1124303
ablation,3,group_min5_shrink10,597,NH1688,597,1499163406.0,2.848719204545,2.7771454
ablation,3,group_min5_shrink10,598,NH1689,598,1499164495.0,3.006316,3.0787842
ablation,3,group_min5_shrink10,595,NH1685,595,1499165894.0,2.9339350757569456,2.8884954
ablation,3,group_min5_shrink10,458,NH1499,458,1499171054.0,3.0142012803036105,2.8372424
ablation,3,group_min5_shrink10,459,NH1500,459,1499171249.5,2.7833541388886114,2.7301471
ablation,3,group_min5_shrink10,460,NH1501,460,1499171260.0,3.142547452020001,2.9181373
ablation,3,group_min5_shrink10,461,NH1502,461,1499171844.0,2.919967611743666,2.9354389
ablation,3,group_min5_shrink10,462,NH1503,462,1499172128.0,2.989936401514583,2.7003613
ablation,3,group_min5_shrink10,463,NH1504,463,1499172863.0,2.7883351439399995,2.743859
ablation,3,group_min5_shrink10,601,NH1704,601,1499176710.5,3.0184068282827776,2.9436436
ablation,3,group_min5_shrink10,600,NH1703,600,1499176766.0,2.8691397777783334,2.7404468
ablation,3,group_min5_shrink10,602,NH1705,602,1499177075.0,2.8160141338380558,2.758611
ablation,3,group_min5_shrink10,599,NH1702,599,1499179309.5,3.0610138762624994,2.9714668
ablation,3,group_min5_shrink10,659,NH1790,659,1499188064.0,2.8337587954544445,2.846939
ablation,3,group_min5_shrink10,658,NH1789,658,1499188124.0,2.9286468459597224,2.9930532
ablation,3,group_min5_shrink10,660,NH1791,660,1499188343.0,3.113605141414166,3.1190014
ablation,3,group_min5_shrink10,628,NH1745,628,1499213488.0,2.559162946969445,2.632327
ablation,3,group_min5_shrink10,627,NH1744,627,1499213557.0,2.7187532601002786,2.6959362
ablation,3,group_min5_shrink10,629,NH1746,629,1499213595.5,2.9451490631305544,2.8595378
ablation,3,group_min5_shrink10,563,NH1616,563,1499226262.0,3.038251255681042,3.0119963
ablation,3,group_min5_shrink10,605,NH1709,605,1499251437.0,2.7457053522729167,2.7908561
ablation,3,group_min5_shrink10,606,NH1710,606,1499268693.0,2.9376880075758334,2.8468068
ablation,3,group_min5_shrink10,607,NH1711,607,1499269035.0,3.096050136364167,3.0525093
ablation,3,group_min5_shrink10,608,NH1712,608,1499269310.0,2.877750958333749,2.7957957
ablation,3,group_min5_shrink10,604,NH1707,604,1499270402.0,2.8687946666664588,2.7855206
ablation,3,group_min5_shrink10,603,NH1706,603,1499270496.0,2.9392557462116664,2.833232
ablation,3,group_min5_shrink10,609,NH1714,609,1499272386.0,2.8468540606070833,2.6265028
ablation,3,group_min5_shrink10,610,NH1716,610,1499274272.0,2.9423472500008336,2.7741206
ablation,3,group_min5_shrink10,593,NH1683,593,1499275237.0,2.8445862613637503,2.8377085
ablation,3,group_min5_shrink10,592,NH1682,592,1499275578.0,2.9118870189395833,2.9999352
ablation,3,group_min5_shrink10,594,NH1684,594,1499275807.5,2.8141230492429163,2.8230236
ablation,3,group_min5_shrink10,475,NH1516,475,1499294849.0,2.918081704544584,2.70156
ablation,3,group_min5_shrink10,474,NH1515,474,1499294880.0,2.855452022727083,2.6988575
ablation,3,group_min5_shrink10,476,NH1517,476,1499295965.0,2.7876860757570836,2.7261522
ablation,3,group_min5_shrink10,477,NH1518,477,1499296302.5,2.7509270113641673,2.7053983
ablation,3,group_min5_shrink10,473,NH1514,473,1499296839.0,2.848514276515833,2.763424
ablation,3,group_min5_shrink10,588,NH1668,588,1499299447.5,2.9043724090908336,2.8293896
ablation,3,group_min5_shrink10,589,NH1669,589,1499299686.0,2.9228999570700003,3.0972357
ablation,3,group_min5_shrink10,499,NH1553,499,1499301599.5,3.1458612083337503,2.8354442
ablation,3,group_min5_shrink10,498,NH1552,498,1499301660.5,2.9805125303024997,2.8256266
ablation,3,group_min5_shrink10,624,NH1732,624,1499311659.5,2.9242628580675003,3.0251472
ablation,3,group_min5_shrink10,703,NH1836,703,1499311843.0,2.9368110719699994,2.6568098
ablation,3,group_min5_shrink10,625,NH1733,625,1499315397.0,2.632047236741875,2.8160067
ablation,3,group_min5_shrink10,626,NH1734,626,1499315419.0,3.0625282613649993,3.0089912
ablation,3,group_min5_shrink10,704,NH1837,704,1499316830.0,2.8521571136358332,2.7452576
reverse_time,3,basic,580,NH1634,580,1499096476.0,3.1808558661602775,2.9730613
reverse_time,3,basic,581,NH1635,581,1499097904.0,2.9771905227274993,3.0568655
reverse_time,3,basic,582,NH1636,582,1499098641.0,2.9940467095961107,2.9828541
reverse_time,3,basic,578,NH1632,578,1499098691.5,2.9853468585863894,2.8623483
reverse_time,3,basic,577,NH1631,577,1499098747.0,2.9908430984849996,3.0270214
reverse_time,3,basic,343,NH1379,343,1499098964.0,2.427929627272333,2.9425907
reverse_time,3,basic,344,NH1380,344,1499099075.0,2.5106332075753324,2.7777824
reverse_time,3,basic,345,NH1381,345,1499099397.0,2.791738484848332,2.8721821
reverse_time,3,basic,346,NH1382,346,1499099613.0,2.5365751893945836,3.018216
reverse_time,3,basic,347,NH1383,347,1499099831.0,2.715058503788333,2.8826916
reverse_time,3,basic,348,NH1384,348,1499100022.0,2.7460927310595826,3.0282993
reverse_time,3,basic,349,NH1385,349,1499100479.0,2.677818651515833,3.0720665
reverse_time,3,basic,350,NH1386,350,1499101459.0,3.0376429507583333,3.0867958
reverse_time,3,basic,342,NH1378,342,1499101807.0,2.6396423143937504,2.989535
reverse_time,3,basic,500,NH1554,500,1499110948.0,3.266245939393751,3.085435
reverse_time,3,basic,587,NH1667,587,1499111389.0,2.7702204938575674,2.7539642
reverse_time,3,basic,528,NH1581,528,1499117894.0,2.899883191288333,2.9438143
reverse_time,3,basic,529,NH1582,529,1499117915.0,2.8859325037879158,2.9801466
reverse_time,3,basic,530,NH1583,530,1499118028.5,3.185311647726667,3.072621
reverse_time,3,basic,531,NH1584,531,1499118063.0,2.83940724242375,2.8904312
reverse_time,3,basic,532,NH1585,532,1499118631.5,3.1895223143949996,3.0933714
reverse_time,3,basic,534,NH1587,534,1499118981.0,2.9320918768935416,2.9336815
reverse_time,3,basic,535,NH1588,535,1499119044.0,3.229330869317708,3.2203214
reverse_time,3,basic,533,NH1586,533,1499119050.0,2.8946791931820837,3.00366
reverse_time,3,basic,536,NH1589,536,1499119119.0,3.1033055530299998,2.9215806
reverse_time,3,basic,538,NH1591,538,1499119821.0,3.243477958333125,3.1165135
reverse_time,3,basic,537,NH1590,537,1499120066.0,3.10421795833375,2.965896
reverse_time,3,basic,527,NH1579,527,1499120244.0,2.998226829545417,2.939829
reverse_time,3,basic,567,NH1621,567,1499123132.0,2.6374142760940753,3.0312226
reverse_time,3,basic,568,NH1622,568,1499123244.0,2.78111150505,3.0115273
reverse_time,3,basic,569,NH1623,569,1499123539.0,2.941981262625833,3.0924037
reverse_time,3,basic,570,NH1624,570,1499125299.5,3.112737872727167,3.1796286
reverse_time,3,basic,571,NH1625,571,1499125410.0,3.022505628787084,2.8588421
reverse_time,3,basic,566,NH1620,566,1499125843.0,2.893701810606112,2.895343
reverse_time,3,basic,640,NH1769,640,1499149063.5,2.9994482575762498,2.961812
reverse_time,3,basic,641,NH1770,641,1499149239.0,3.0840344545449994,2.8584507
reverse_time,3,basic,642,NH1771,642,1499149701.0,3.0430837992420834,2.9840796
reverse_time,3,basic,643,NH1772,643,1499149787.0,3.204778238636667,2.9801457
reverse_time,3,basic,644,NH1773,644,1499150224.0,3.0746478371216663,2.9345496
reverse_time,3,basic,645,NH1774,645,1499150337.0,3.007947106060417,2.9352083
reverse_time,3,basic,616,NH1724,616,1499151510.0,2.983917755049999,2.8648956
reverse_time,3,basic,617,NH1725,617,1499151621.0,3.005704808080278,3.1143808
reverse_time,3,basic,618,NH1726,618,1499151726.5,2.7433783434338888,2.885136
reverse_time,3,basic,620,NH1728,620,1499152752.0,3.1653335303028323,3.1613643
reverse_time,3,basic,619,NH1727,619,1499152807.5,3.033899217172222,2.9654467
reverse_time,3,basic,622,NH1730,622,1499152969.0,3.09583614015125,2.9888027
reverse_time,3,basic,621,NH1729,621,1499153214.0,2.909598431818333,2.965224
reverse_time,3,basic,623,NH1731,623,1499154023.0,2.957467170454167,2.9198503
reverse_time,3,basic,639,NH1768,639,1499154270.5,2.818932253787083,3.0043275
reverse_time,3,basic,615,NH1722,615,1499154298.0,2.86136358712125,2.9516761
reverse_time,3,basic,638,NH1767,638,1499154541.5,2.9929210568175,3.0063093
reverse_time,3,basic,637,NH1766,637,1499157052.0,2.774261397727083,2.882239
reverse_time,3,basic,636,NH1765,636,1499157139.0,3.146891314395417,3.101526
reverse_time,3,basic,565,NH1619,565,1499161993.5,2.9540384015145826,2.9125545
reverse_time,3,basic,596,NH1686,596,1499163186.0,3.1082548999995008,3.1629696
reverse_time,3,basic,597,NH1688,597,1499163406.0,2.848719204545,2.9248168
reverse_time,3,basic,598,NH1689,598,1499164495.0,3.006316,3.1225874
reverse_time,3,basic,595,NH1685,595,1499165894.0,2.9339350757569456,2.811725
reverse_time,3,basic,458,NH1499,458,1499171054.0,3.0142012803036105,2.9194908
reverse_time,3,basic,459,NH1500,459,1499171249.5,2.7833541388886114,2.9133103
reverse_time,3,basic,460,NH1501,460,1499171260.0,3.142547452020001,3.0246298
reverse_time,3,basic,461,NH1502,461,1499171844.0,2.919967611743666,3.0090387
reverse_time,3,basic,462,NH1503,462,1499172128.0,2.989936401514583,2.9311135
reverse_time,3,basic,463,NH1504,463,1499172863.0,2.7883351439399995,2.9597633
reverse_time,3,basic,601,NH1704,601,1499176710.5,3.0184068282827776,2.9629595
reverse_time,3,basic,600,NH1703,600,1499176766.0,2.8691397777783334,2.9621716
reverse_time,3,basic,602,NH1705,602,1499177075.0,2.8160141338380558,2.940108
reverse_time,3,basic,599,NH1702,599,1499179309.5,3.0610138762624994,3.0475547
reverse_time,3,basic,659,NH1790,659,1499188064.0,2.8337587954544445,2.8093576
reverse_time,3,basic,658,NH1789,658,1499188124.0,2.9286468459597224,2.8962982
reverse_time,3,basic,660,NH1791,660,1499188343.0,3.113605141414166,3.0632236
reverse_time,3,basic,628,NH1745,628,1499213488.0,2.559162946969445,2.8422165
reverse_time,3,basic,627,NH1744,627,1499213557.0,2.7187532601002786,2.928167
reverse_time,3,basic,629,NH1746,629,1499213595.5,2.9451490631305544,3.1429226
reverse_time,3,basic,563,NH1616,563,1499226262.0,3.038251255681042,3.113615
reverse_time,3,basic,605,NH1709,605,1499251437.0,2.7457053522729167,2.7619228
reverse_time,3,basic,606,NH1710,606,1499268693.0,2.9376880075758334,2.9178393
reverse_time,3,basic,607,NH1711,607,1499269035.0,3.096050136364167,3.14136
reverse_time,3,basic,608,NH1712,608,1499269310.0,2.877750958333749,2.8240178
reverse_time,3,basic,604,NH1707,604,1499270402.0,2.8687946666664588,2.8617058
reverse_time,3,basic,603,NH1706,603,1499270496.0,2.9392557462116664,2.9184504
reverse_time,3,basic,609,NH1714,609,1499272386.0,2.8468540606070833,2.8357198
reverse_time,3,basic,610,NH1716,610,1499274272.0,2.9423472500008336,2.8979695
reverse_time,3,basic,593,NH1683,593,1499275237.0,2.8445862613637503,2.7894604
reverse_time,3,basic,592,NH1682,592,1499275578.0,2.9118870189395833,3.003075
reverse_time,3,basic,594,NH1684,594,1499275807.5,2.8141230492429163,2.8629143
reverse_time,3,basic,475,NH1516,475,1499294849.0,2.918081704544584,2.898061
reverse_time,3,basic,474,NH1515,474,1499294880.0,2.855452022727083,2.871247
reverse_time,3,basic,476,NH1517,476,1499295965.0,2.7876860757570836,2.9434721
reverse_time,3,basic,477,NH1518,477,1499296302.5,2.7509270113641673,2.9515002
reverse_time,3,basic,473,NH1514,473,1499296839.0,2.848514276515833,2.9567022
reverse_time,3,basic,588,NH1668,588,1499299447.5,2.9043724090908336,2.7679536
reverse_time,3,basic,589,NH1669,589,1499299686.0,2.9228999570700003,2.9564226
reverse_time,3,basic,499,NH1553,499,1499301599.5,3.1458612083337503,2.8876953
reverse_time,3,basic,498,NH1552,498,1499301660.5,2.9805125303024997,2.7391796
reverse_time,3,basic,624,NH1732,624,1499311659.5,2.9242628580675003,2.9527528
reverse_time,3,basic,703,NH1836,703,1499311843.0,2.9368110719699994,2.897927
reverse_time,3,basic,625,NH1733,625,1499315397.0,2.632047236741875,2.8470366
reverse_time,3,basic,626,NH1734,626,1499315419.0,3.0625282613649993,3.1139011
reverse_time,3,basic,704,NH1837,704,1499316830.0,2.8521571136358332,2.8993642
reverse_time,3,full,580,NH1634,580,1499096476.0,3.1808558661602775,3.0278628
reverse_time,3,full,581,NH1635,581,1499097904.0,2.9771905227274993,3.0078614
reverse_time,3,full,582,NH1636,582,1499098641.0,2.9940467095961107,2.951997
reverse_time,3,full,578,NH1632,578,1499098691.5,2.9853468585863894,2.877663
reverse_time,3,full,577,NH1631,577,1499098747.0,2.9908430984849996,2.9953768
reverse_time,3,full,343,NH1379,343,1499098964.0,2.427929627272333,2.9196217
reverse_time,3,full,344,NH1380,344,1499099075.0,2.5106332075753324,2.7314718
reverse_time,3,full,345,NH1381,345,1499099397.0,2.791738484848332,2.8428762
reverse_time,3,full,346,NH1382,346,1499099613.0,2.5365751893945836,3.0065708
reverse_time,3,full,347,NH1383,347,1499099831.0,2.715058503788333,2.9038665
reverse_time,3,full,348,NH1384,348,1499100022.0,2.7460927310595826,2.9954813
reverse_time,3,full,349,NH1385,349,1499100479.0,2.677818651515833,3.0451584
reverse_time,3,full,350,NH1386,350,1499101459.0,3.0376429507583333,3.0501716
reverse_time,3,full,342,NH1378,342,1499101807.0,2.6396423143937504,2.9461925
reverse_time,3,full,500,NH1554,500,1499110948.0,3.266245939393751,3.0503776
reverse_time,3,full,587,NH1667,587,1499111389.0,2.7702204938575674,2.7446835
reverse_time,3,full,528,NH1581,528,1499117894.0,2.899883191288333,2.918932
reverse_time,3,full,529,NH1582,529,1499117915.0,2.8859325037879158,2.9767563
reverse_time,3,full,530,NH1583,530,1499118028.5,3.185311647726667,3.0242665
reverse_time,3,full,531,NH1584,531,1499118063.0,2.83940724242375,2.8644238
reverse_time,3,full,532,NH1585,532,1499118631.5,3.1895223143949996,3.0446703
reverse_time,3,full,534,NH1587,534,1499118981.0,2.9320918768935416,2.9395244
reverse_time,3,full,535,NH1588,535,1499119044.0,3.229330869317708,3.200709
reverse_time,3,full,533,NH1586,533,1499119050.0,2.8946791931820837,2.8986294
reverse_time,3,full,536,NH1589,536,1499119119.0,3.1033055530299998,2.868532
reverse_time,3,full,538,NH1591,538,1499119821.0,3.243477958333125,3.0688012
reverse_time,3,full,537,NH1590,537,1499120066.0,3.10421795833375,2.9612074
reverse_time,3,full,527,NH1579,527,1499120244.0,2.998226829545417,2.9077342
reverse_time,3,full,567,NH1621,567,1499123132.0,2.6374142760940753,2.9733613
reverse_time,3,full,568,NH1622,568,1499123244.0,2.78111150505,2.9902165
reverse_time,3,full,569,NH1623,569,1499123539.0,2.941981262625833,3.0628176
reverse_time,3,full,570,NH1624,570,1499125299.5,3.112737872727167,3.1759536
reverse_time,3,full,571,NH1625,571,1499125410.0,3.022505628787084,2.8280299
reverse_time,3,full,566,NH1620,566,1499125843.0,2.893701810606112,2.9056232
reverse_time,3,full,640,NH1769,640,1499149063.5,2.9994482575762498,2.927676
reverse_time,3,full,641,NH1770,641,1499149239.0,3.0840344545449994,2.8334913
reverse_time,3,full,642,NH1771,642,1499149701.0,3.0430837992420834,2.9416974
reverse_time,3,full,643,NH1772,643,1499149787.0,3.204778238636667,2.9415016
reverse_time,3,full,644,NH1773,644,1499150224.0,3.0746478371216663,2.920313
reverse_time,3,full,645,NH1774,645,1499150337.0,3.007947106060417,2.9138887
reverse_time,3,full,616,NH1724,616,1499151510.0,2.983917755049999,2.82574
reverse_time,3,full,617,NH1725,617,1499151621.0,3.005704808080278,3.0460224
reverse_time,3,full,618,NH1726,618,1499151726.5,2.7433783434338888,2.8481143
reverse_time,3,full,620,NH1728,620,1499152752.0,3.1653335303028323,3.1723535
reverse_time,3,full,619,NH1727,619,1499152807.5,3.033899217172222,2.9339247
reverse_time,3,full,622,NH1730,622,1499152969.0,3.09583614015125,2.9884255
reverse_time,3,full,621,NH1729,621,1499153214.0,2.909598431818333,2.9488297
reverse_time,3,full,623,NH1731,623,1499154023.0,2.957467170454167,2.9084709
reverse_time,3,full,639,NH1768,639,1499154270.5,2.818932253787083,2.9519722
reverse_time,3,full,615,NH1722,615,1499154298.0,2.86136358712125,2.9428213
reverse_time,3,full,638,NH1767,638,1499154541.5,2.9929210568175,2.9572532
reverse_time,3,full,637,NH1766,637,1499157052.0,2.774261397727083,2.870591
reverse_time,3,full,636,NH1765,636,1499157139.0,3.146891314395417,3.0996373
reverse_time,3,full,565,NH1619,565,1499161993.5,2.9540384015145826,2.8692653
reverse_time,3,full,596,NH1686,596,1499163186.0,3.1082548999995008,3.126313
reverse_time,3,full,597,NH1688,597,1499163406.0,2.848719204545,2.8722181
reverse_time,3,full,598,NH1689,598,1499164495.0,3.006316,3.1027043
reverse_time,3,full,595,NH1685,595,1499165894.0,2.9339350757569456,2.824755
reverse_time,3,full,458,NH1499,458,1499171054.0,3.0142012803036105,2.8893993
reverse_time,3,full,459,NH1500,459,1499171249.5,2.7833541388886114,2.8872635
reverse_time,3,full,460,NH1501,460,1499171260.0,3.142547452020001,3.0164683
reverse_time,3,full,461,NH1502,461,1499171844.0,2.919967611743666,2.9965966
reverse_time,3,full,462,NH1503,462,1499172128.0,2.989936401514583,2.881091
reverse_time,3,full,463,NH1504,463,1499172863.0,2.7883351439399995,2.9114969
reverse_time,3,full,601,NH1704,601,1499176710.5,3.0184068282827776,2.9668205
reverse_time,3,full,600,NH1703,600,1499176766.0,2.8691397777783334,2.9137142
reverse_time,3,full,602,NH1705,602,1499177075.0,2.8160141338380558,2.9078872
reverse_time,3,full,599,NH1702,599,1499179309.5,3.0610138762624994,3.0460005
reverse_time,3,full,659,NH1790,659,1499188064.0,2.8337587954544445,2.8023262
reverse_time,3,full,658,NH1789,658,1499188124.0,2.9286468459597224,2.8699627
reverse_time,3,full,660,NH1791,660,1499188343.0,3.113605141414166,3.0519304
reverse_time,3,full,628,NH1745,628,1499213488.0,2.559162946969445,2.8278754
reverse_time,3,full,627,NH1744,627,1499213557.0,2.7187532601002786,2.898818
reverse_time,3,full,629,NH1746,629,1499213595.5,2.9451490631305544,3.11389
reverse_time,3,full,563,NH1616,563,1499226262.0,3.038251255681042,3.099913
reverse_time,3,full,605,NH1709,605,1499251437.0,2.7457053522729167,2.7675202
reverse_time,3,full,606,NH1710,606,1499268693.0,2.9376880075758334,2.9743235
reverse_time,3,full,607,NH1711,607,1499269035.0,3.096050136364167,3.1417515
reverse_time,3,full,608,NH1712,608,1499269310.0,2.877750958333749,2.847276
reverse_time,3,full,604,NH1707,604,1499270402.0,2.8687946666664588,2.9002435
reverse_time,3,full,603,NH1706,603,1499270496.0,2.9392557462116664,2.9362094
reverse_time,3,full,609,NH1714,609,1499272386.0,2.8468540606070833,2.8085086
reverse_time,3,full,610,NH1716,610,1499274272.0,2.9423472500008336,2.871516
reverse_time,3,full,593,NH1683,593,1499275237.0,2.8445862613637503,2.8098433
reverse_time,3,full,592,NH1682,592,1499275578.0,2.9118870189395833,3.042323
reverse_time,3,full,594,NH1684,594,1499275807.5,2.8141230492429163,2.8874514
reverse_time,3,full,475,NH1516,475,1499294849.0,2.918081704544584,2.862486
reverse_time,3,full,474,NH1515,474,1499294880.0,2.855452022727083,2.872074
reverse_time,3,full,476,NH1517,476,1499295965.0,2.7876860757570836,2.9534566
reverse_time,3,full,477,NH1518,477,1499296302.5,2.7509270113641673,2.9282768
reverse_time,3,full,473,NH1514,473,1499296839.0,2.848514276515833,2.9300315
reverse_time,3,full,588,NH1668,588,1499299447.5,2.9043724090908336,2.8151891
reverse_time,3,full,589,NH1669,589,1499299686.0,2.9228999570700003,2.957229
reverse_time,3,full,499,NH1553,499,1499301599.5,3.1458612083337503,2.9057438
reverse_time,3,full,498,NH1552,498,1499301660.5,2.9805125303024997,2.7737038
reverse_time,3,full,624,NH1732,624,1499311659.5,2.9242628580675003,2.9137795
reverse_time,3,full,703,NH1836,703,1499311843.0,2.9368110719699994,2.8727913
reverse_time,3,full,625,NH1733,625,1499315397.0,2.632047236741875,2.868377
reverse_time,3,full,626,NH1734,626,1499315419.0,3.0625282613649993,3.083091
reverse_time,3,full,704,NH1837,704,1499316830.0,2.8521571136358332,2.8831298
