feature,operation,variance,log10_variance,iqr,median,coefficient_of_variation,missing_rate,skewness,kurtosis,variance_percentile,selection_rate,mean_importance,mean_abs_correlation,mean_temporal_drift,variance_interpretation
210X206,210,1.816669418740045e+19,19.2592759054704,8593630015.25,1783566258.0,2.3897292817129534,0.0,0.15348827765804351,-1.927788661679393,1.0,0.8,0.0009465927917788,0.1883854050896911,0.7847610024497227,高方差候选，检查量纲和异常值
210X207,210,1.6117548405389668e+19,19.20729898318977,8162136435.25,3424638926.0,1.172289035005454,0.0,0.08384143633916702,-1.8594632515609049,0.9996178830722201,0.6,0.000701472063876,0.1643809259161637,0.6262157829643267,高方差候选，检查量纲和异常值
210X217,210,1.1343226036926048e+19,19.054736586372208,1281516372.0,9450748627.5,0.3563707748245667,0.0,-1.161164174807309,0.2905527450837426,0.9992357661444402,1.0,0.0019084552461105,0.1790760503788768,0.4228592707915056,高方差候选，检查量纲和异常值
ERROR:#N/A_4,META,1.1193080242803517e+19,19.048949617213708,1294783504.0,9449731295.0,0.354042459567141,0.0,-1.1210848860062983,0.2739366590052681,0.9988536492166603,1.0,0.0015608525920065,0.1751858098787203,0.4210593971450923,高方差候选，检查量纲和异常值
210X184,210,592529712531849.2,14.772710133019835,38350612.75,48079383.0,0.5062863059766428,0.0,0.13802871141700793,-0.9968128671901444,0.9984715322888804,0.0,0.0004070820237453,0.0899411107909677,0.1758473072461421,高方差候选，检查量纲和异常值
210X185,210,590770073293456.6,14.771418487092344,38061665.5,48175979.0,0.5045203573713323,0.0,0.1344980378349659,-0.9907482794485989,0.9980894153611005,0.0,0.00032875392858,0.0886197630209893,0.1786781210499863,高方差候选，检查量纲和异常值
750X1288,750,5556995107.98047,9.74484001446074,138952.25,101026.5,0.7378782342825397,0.0,0.1943196837837829,-1.3616707576738747,0.9977072984333206,0.0,0.0002667778584576,0.051555988395436,0.173349894250695,高方差候选，检查量纲和异常值
750X971,750,5536142500.207701,9.743207260324674,138838.5,100813.0,0.7380522209647481,0.0,0.20349932029077597,-1.3544922799418668,0.9973251815055407,0.0,0.0002118980043084,0.0350109853743831,0.1788361342028281,高方差候选，检查量纲和异常值
360X971,360,4288469890.801695,9.632302365257885,107570.0,133350.0,0.491086688941332,0.0,-0.11081844286769885,-0.9971724796783197,0.9969430645777608,0.0,0.000262876070113,0.0254323651710214,0.2907055904378814,高方差候选，检查量纲和异常值
360X1288,360,4287795387.588732,9.63223405276649,107521.75,133240.0,0.49145346607478546,0.0,-0.11083252398826654,-0.9965863675750519,0.9965609476499809,0.0,0.0004061279979168,0.0254501435331146,0.2906156527915052,高方差候选，检查量纲和异常值
330X878,330,4248986784.1411266,9.62828538028144,108505.75,124630.5,0.523020067944145,0.0,-0.0732575857917058,-1.0254552769606304,0.996178830722201,0.0,0.0002534193815051,0.0250479825330907,0.1479598887445163,高方差候选，检查量纲和异常值
330X889,330,4248982218.9633245,9.628284913668411,108505.75,124630.5,0.5230197869736022,0.0,-0.07325555531399652,-1.0254584576158319,0.9957967137944211,0.0,0.0002610242430743,0.0250479429822707,0.1479598887445163,高方差候选，检查量纲和异常值
330X1166,330,4237424960.763728,9.627102020493783,102689.5,124713.5,0.5219603848501128,0.0,-0.06700904252372757,-1.025551969422322,0.9954145968666412,0.0,0.0002204510751375,0.025795374351858,0.1781777965174785,高方差候选，检查量纲和异常值
300X5,300,909953912.3776455,8.95901939659918,60500.75,71097.5,0.42428274346386763,0.04,-0.37630165081048966,-1.8284888189447628,0.9950324799388612,0.0,0.0002589707405188,0.043436449829957,0.9746663273284776,高方差候选，检查量纲和异常值
300X1,300,909019676.508336,8.958573283999202,60502.75,71186.5,0.42353470357286294,0.035,-0.38553113007280587,-1.8218912384827441,0.9946503630110813,0.0,0.0003397172505737,0.0433180748361474,0.975005573139646,高方差候选，检查量纲和异常值
300X12,300,906712853.688019,8.957469772392786,60502.75,71092.5,0.42355625483667947,0.03,-0.3937869731579425,-1.814658028288741,0.9942682460833014,0.0,0.0002137304066565,0.0430120868477266,0.9756617048431646,高方差候选，检查量纲和异常值
300X8,300,904472342.009623,8.956395291045194,60438.0,71104.0,0.4229642026009271,0.02875,-0.3961681709804576,-1.8129090191154802,0.9938861291555215,0.0,0.0002324365848092,0.0445526663093107,0.9763105392646734,高方差候选，检查量纲和异常值
520X353,520,365198601.2432274,8.562529105462724,38094.75,25927.5,0.737061810810852,0.0,0.3429657263716378,-1.8562474292080964,0.9935040122277417,1.0,0.0006518636247888,0.1700300631219672,0.0523558662492316,高方差候选，检查量纲和异常值
520X144,520,365179836.78775966,8.562506790183294,38093.75,25926.5,0.7370713030604457,0.0,0.34296531960058924,-1.8562461360770588,0.9931218952999618,0.8,0.0007851498751574,0.1700305341704403,0.0523572587923873,高方差候选，检查量纲和异常值
520X246,520,365161072.81802076,8.56248447433487,38092.75,25927.5,0.7370239389794718,0.0,0.3429649127984023,-1.8562448428474139,0.9927397783721819,1.0,0.0006238477391302,0.1700310052428129,0.052358651409622,高方差候选，检查量纲和异常值
520X351,520,364928054.537705,8.5622072518617,38107.25,25900.5,0.7375568109860564,0.0025,0.34906277944041325,-1.8519515625826792,0.992357661444402,1.0,0.0007456418177991,0.1707091460731851,0.0523537901124525,高方差候选，检查量纲和异常值
520X345,520,364773366.8938856,8.5620231217801,38101.25,25924.5,0.7367178149661064,0.0025,0.349034371457396,-1.8519934404071456,0.9919755445166221,1.0,0.0008986091070785,0.1656429076080001,0.0523635796701623,高方差候选，检查量纲和异常值
210X186,210,363822371.460826,8.56088940034393,26151.450000000004,81895.75,0.232907425937006,0.0,-0.8734304074286221,1.8165106856948938,0.9915934275888422,0.0,0.0002451916488682,0.0932674507150413,0.3296776053254977,高方差候选，检查量纲和异常值
210X81,210,359462202.6065094,8.55565323112385,24056.517500000016,55048.932499999995,0.34441155527331674,0.0,0.02310484328553871,-0.4159962231109562,0.9912113106610623,0.6,0.0008309310828335,0.106640709665232,0.4106189403321028,高方差候选，检查量纲和异常值
210X83,210,356879817.6622784,8.552521988343047,24006.067499999997,55056.62,0.3431242782079755,0.0,0.012787632899512964,-0.3936672444688556,0.9908291937332824,0.6,0.0009237944111235,0.1126035180638755,0.408465516041806,高方差候选，检查量纲和异常值
210X82,210,353355899.42767555,8.548212346443151,21522.48625,63249.08,0.29720215929748134,0.0,-0.39066728719771504,-0.25273618766106454,0.9904470768055025,1.0,0.0009229880820647,0.1475850690807865,0.0992844997996708,高方差候选，检查量纲和异常值
210X84,210,348856921.7975466,8.542647344396018,21469.496249999997,63204.947499999995,0.29551028263119666,0.0,-0.4044390456566088,-0.20202107625024102,0.9900649598777226,0.8,0.00082295922524,0.1496807064808081,0.0953333553605338,高方差候选，检查量纲和异常值
520X1,520,340679231.12538165,8.532345658420903,37267.5,19623.5,0.9405813420098166,0.015,0.3455021769270043,-1.8616393943858458,0.9896828429499427,1.0,0.0006225924996172,0.1681671482627213,0.0526002540319445,高方差候选，检查量纲和异常值
210X145,210,269398016.2641288,8.430394393433312,18686.74625000001,54829.369999999995,0.29935322477390836,0.0,-0.3862859828046858,-0.26602202763827476,0.9893007260221628,1.0,0.0010271205145932,0.1522382861440966,0.127230241994112,高方差候选，检查量纲和异常值
210X144,210,260351432.64825183,8.415559971831255,19669.908750000002,47701.955,0.33825467489685085,0.0,-0.030228133060441444,-0.3784114712974467,0.9889186090943829,0.4,0.0008571793689459,0.1138899635479134,0.4073680305714816,高方差候选，检查量纲和异常值
300X11,300,228710887.1894938,8.359286838562939,30411.75,35807.0,0.42235290243101703,0.0275,-0.39850627369482305,-1.811390005746158,0.988536492166603,0.0,0.0002109956129048,0.0433803185321235,0.9758489960704416,高方差候选，检查量纲和异常值
312X425,312,205383702.72910535,8.312565979204658,19580.25,25719.5,0.5572120095509306,0.0,-0.5437550448158543,-0.5873043867218586,0.9881543752388231,0.0,0.0001155393712093,0.0251312227373072,0.9106352077959488,高方差候选，检查量纲和异常值
312X423,312,173504566.79063782,8.239310910284658,12548.75,30352.5,0.4339712782861631,0.0,-1.3434576028641128,0.848724648298,0.9877722583110432,0.0,0.0001326303824791,0.0261929989308328,0.8870627194465929,高方差候选，检查量纲和异常值
312X424,312,66545390.11874837,7.823117975433033,11104.75,16083.0,0.5072148098711107,0.0,-0.7757072034567646,-0.4255046594164078,0.9873901413832633,0.0,0.0001970080257262,0.0145279545067248,0.9685418674460864,高方差候选，检查量纲和异常值
210X188,210,62243813.08511888,7.794096189879792,13920.225000000002,6794.25,1.1611987827188623,0.0,0.5350609397443564,-1.072155459913082,0.9870080244554834,0.2,0.0002506838704471,0.1304429089879666,0.1050186939413213,高方差候选，检查量纲和异常值
420X33,420,54891265.31879998,7.739503241979265,15415.25,16205.0,0.45719617213924796,0.005,-0.3795882686970852,-1.6461385121050311,0.9866259075277035,0.4,0.0003877419502111,0.1133997610889927,0.1335490408500295,高方差候选，检查量纲和异常值
344X146,344,50827863.66808364,7.706101856374738,1620.0,43862.0,0.1625408391768009,0.0,-1.9028440647018465,1.8214105128527835,0.9862437905999236,0.0,0.000424316551999,0.1186290588610695,0.8462921956175679,高方差候选，检查量纲和异常值
400X33,400,38521603.82534262,7.585704360435782,13356.25,7980.0,0.7777665995866755,0.0,0.5308713107075593,-1.4215195499656392,0.9858616736721437,0.0,0.000303643360237,0.0444925081680212,0.3121772676995912,高方差候选，检查量纲和异常值
420X31,420,32257233.81467556,7.508627122180945,7282.75,5753.5,0.9871461218315886,0.005,0.7468303517323996,-0.6580832846129505,0.9854795567443638,1.0,0.0017499897101193,0.2509768683747345,0.4000369332785696,高方差候选，检查量纲和异常值
420X32,420,31091081.90708737,7.492635834880203,11520.25,16205.0,0.344087489067029,0.005,-0.3485706764655527,-1.6230320472517628,0.9850974398165838,0.0,0.0002577238122304,0.0447401973931709,0.1409630665873152,高方差候选，检查量纲和异常值
340X108,340,21751814.825017225,7.337495497410654,2039.5,24492.0,0.1904247955312262,0.0,3.544510239414936,11.693556720614795,0.9847153228888039,0.0,0.0004673619322832,0.0370109305084562,0.8080427483654665,高方差候选，检查量纲和异常值
400X32,400,20982272.256368916,7.321852517936029,7045.25,9320.5,0.4914587233691799,0.0,0.337577982651177,-1.063765427301107,0.984333205961024,0.0,0.0003201351979007,0.0196475345186708,0.2753754264077251,高方差候选，检查量纲和异常值
520X143,520,19384811.03436443,7.287461571805298,8617.0,5675.0,0.775827054269849,0.01125,0.22006177910146554,-1.5799350642513534,0.9839510890332441,0.4,0.0004263913775518,0.1768495418042618,0.1223536156792873,高方差候选，检查量纲和异常值
520X178,520,17106275.10379747,7.233155452090419,3316.5,3976.0,1.0402347323509589,0.01125,0.9876923137034265,-0.41769483499880655,0.9835689721054642,0.2,0.0003188304764979,0.1423356586931671,0.1458691468171629,高方差候选，检查量纲和异常值
311X4,311,16816838.883877493,7.225744363381595,5796.0,14411.0,0.2845627593796565,0.00625,0.3633591206743175,-1.1469614796257122,0.9831868551776843,1.0,0.0022106497280616,0.1949007714295294,0.2540653625302225,高方差候选，检查量纲和异常值
311X27,311,16813409.77514695,7.22565579769659,5795.0,14412.0,0.2845140025779078,0.00625,0.36343764669742146,-1.1468285813132781,0.9828047382499044,1.0,0.0021006401609054,0.1948728524248112,0.2540741517110707,高方差候选，检查量纲和异常值
340X109,340,15574863.546833549,7.192424250444092,2083.0,47144.5,0.08371072265697432,0.0,-3.3570950449083976,10.869997156409767,0.9824226213221245,0.0,0.0004334305866084,0.0531050550134374,0.9124293672495688,高方差候选，检查量纲和异常值
311X25,311,14569741.743399397,7.163451853732201,7980.5,5555.0,0.6871346728089881,0.00625,0.5394633018257481,-1.2609281327200983,0.9820405043943446,1.0,0.0080911769442172,0.4925151260003062,0.1142477047831435,高方差候选，检查量纲和异常值
311X26,311,14525815.7099219,7.162140529934718,7953.5,5582.0,0.6827794364518702,0.00625,0.53990739136561,-1.2589560508740787,0.9816583874665648,1.0,0.007589584981656,0.4921344842355696,0.1141074162572917,高方差候选，检查量纲和异常值
400X4,400,14089262.244666755,7.148888252764523,6064.25,13899.5,0.2700504768661545,0.0,-0.34939028846950093,-1.3473634798394984,0.9812762705387849,0.0,0.0002137947977484,0.053352066245811,0.2781041062007748,高方差候选，检查量纲和异常值
311X28,311,12761929.629469465,7.105916345550645,6776.0,12270.0,0.2911478651964158,0.00625,0.03877134516141963,-0.961172474310886,0.980894153611005,0.8,0.0025773030331151,0.0921683325531592,0.1201260472691276,高方差候选，检查量纲和异常值
420X4,420,11948074.559734212,7.077297924074383,6736.75,16745.0,0.20642572099755102,0.005,-0.6963557782562596,-1.2551841322690094,0.9805120366832251,0.4,0.0004524537594525,0.1335496857175154,0.084552967276021,高方差候选，检查量纲和异常值
420X30,420,7516255.880294555,6.87600155662119,4265.75,4694.5,0.5839981010074902,0.005,0.12149383204423775,-0.9015663990575629,0.9801299197554452,0.8,0.0004609712639651,0.1627791515912536,0.0401282507812777,高方差候选，检查量纲和异常值
210X187,210,7251653.648179065,6.860437053245216,2406.3949999999986,8611.515,0.3127079800496152,0.0,-0.5800293202985128,-0.11079223632875967,0.9797478028276653,1.0,0.0007329659431873,0.250296458018885,0.1336285491841156,高方差候选，检查量纲和异常值
400X218,400,7144030.162389786,6.853943279493563,4465.25,67159.0,0.0397985655232388,0.015,0.32862644147773745,-0.20372491326334652,0.9793656858998854,0.0,0.0007068258354565,0.1796219664169475,0.9786258050428488,高方差候选，检查量纲和异常值
400X167,400,7116444.692405434,6.852263078453993,4459.0,67170.0,0.039715148514399376,0.01875,0.3292403835446076,-0.1912192986272765,0.9789835689721055,0.0,0.0008035862615632,0.1799135315099946,0.9773990822907288,高方差候选，检查量纲和异常值
400X5,400,7092855.115463463,6.850821088680142,4458.0,67163.0,0.039653402434897705,0.00625,0.3326390237677803,-0.18533534421796416,0.9786014520443256,0.2,0.0009108583948506,0.1825539829526025,0.9660883730143256,高方差候选，检查量纲和异常值
400X82,400,7084148.8186466945,6.850287675956518,4457.5,67160.5,0.03963053335988193,0.005,0.33366478515685605,-0.18158760939089857,0.9782193351165457,0.0,0.0008245418723682,0.1805249157445905,0.9660883730143256,高方差候选，检查量纲和异常值
400X63,400,7076482.224678798,6.849817420108402,4457.0,67159.0,0.03960996778596556,0.00625,0.33621322876516807,-0.17409536010447413,0.9778372181887658,0.2,0.0008877840081579,0.1827320339337044,0.9660883730143256,高方差候选，检查量纲和异常值
400X170,400,7070169.233932236,6.84942980933909,4432.25,67146.0,0.03959996103053981,0.01,0.3444094900779181,-0.159366857266388,0.9774551012609859,0.2,0.0008464050204575,0.1822690970674267,0.9660883730143256,高方差候选，检查量纲和异常值
400X59,400,7067552.367730158,6.8492690351215115,4456.5,67161.5,0.03958349436494029,0.005,0.33673030030249224,-0.17041085521877442,0.977072984333206,0.0,0.0008208392099173,0.1827355682251505,0.9660883730143256,高方差候选，检查量纲和异常值
311X169,311,6881057.554085689,6.837655190358715,4198.0,76202.0,0.03442399144815175,0.08375,0.20349303151787485,-0.987374323892142,0.9766908674054261,0.6,0.0010712450496952,0.1955241799164048,1.001618751691994,高方差候选，检查量纲和异常值
311X165,311,6845699.6868741615,6.835417843210544,4118.25,76092.5,0.034384844815066484,0.075,0.21728458130908151,-0.9608487282044287,0.9763087504776462,0.0,0.0008724724593569,0.1729432372889606,1.0018783288250446,高方差候选，检查量纲和异常值
311X54,311,6832655.312344928,6.8345895123775415,4063.25,76112.5,0.034343042643778646,0.11,0.2420935745476579,-0.9434791846445392,0.9759266335498663,0.0,0.000632544799868,0.1833331741247138,1.0024342126441776,高方差候选，检查量纲和异常值
311X5,311,6829721.26990419,6.8344029799022294,4197.75,76252.0,0.034272852410123886,0.1,0.1801777921914128,-1.0127356075242373,0.9755445166220864,0.2,0.0011258225506614,0.1906204871125447,0.99738157622482,高方差候选，检查量纲和异常值
311X162,311,6696744.1980110165,6.825863710088334,4187.0,76255.0,0.03393622492511705,0.08375,0.1654121536845363,-1.0040821895360699,0.9751623996943064,0.4,0.0011574299588008,0.1934502195863289,1.0006086744786042,高方差候选，检查量纲和异常值
311X58,311,6691276.487471946,6.8255089755531,4114.5,76194.0,0.03394952593104913,0.045,0.1858230754715866,-0.9785863531612722,0.9747802827665265,0.2,0.0008836126491147,0.1949805682440464,1.001262796894942,高方差候选，检查量纲和异常值
311X77,311,6652456.130723277,6.822982019300446,4066.0,76157.5,0.033867124984436794,0.0825,0.21396275628209177,-0.9472049955048019,0.9743981658387466,0.4,0.001157761542118,0.1942296722212259,0.999062480106796,高方差候选，检查量纲和异常值
420X48,420,6558676.347778473,6.8168162002202335,4421.75,10414.5,0.2459063116091516,0.0,0.2472974889841046,-0.2011927382597496,0.9738249904470768,0.0,0.0004448165519751,0.1380804419179858,0.9909374828586928,高方差候选，检查量纲和异常值
420X164,420,6558676.347778473,6.8168162002202335,4421.75,35040.5,0.07308660784673476,0.0,0.2472974889841046,-0.2011927382597496,0.9738249904470768,0.0,0.0006906272846553,0.1380804419179858,0.9909374828586928,高方差候选，检查量纲和异常值
420X8,420,6558624.289461832,6.816812753072031,4422.0,10409.5,0.24602345151342117,0.0,0.2473031599038499,-0.20112224343895146,0.9732518150554069,0.0,0.0006434898618861,0.1380775702865694,0.9909374828586928,高方差候选，检查量纲和异常值
420X50,420,6558433.471212451,6.816800117416342,4421.75,10411.5,0.2459726132974662,0.0,0.24725322360193516,-0.2016445115493517,0.972869698127627,0.0,0.0006337811834475,0.1380850259476275,0.9909374828586928,高方差候选，检查量纲和异常值
210X86,210,6261134.45240411,6.796653029980647,231.23750000000007,645.2674999999999,3.8778117595494215,0.0,12.717564563648159,171.2300786025346,0.9724875811998471,0.0,0.0002142763673375,0.0257932478564832,0.4947953355557809,高方差候选，检查量纲和异常值
210X85,210,5430826.070336305,6.734865894138098,262.10249999999996,659.7425000000001,3.5323073519769594,0.0,12.853182878960538,175.47050632097148,0.9721054642720672,0.0,0.0003416662383703,0.0295029935414283,0.583212848854105,高方差候选，检查量纲和异常值
520X177,520,5113695.045499214,6.708734825370827,3831.5,3875.0,0.5835736927339549,0.01125,-0.015096340161990731,-0.966091662982596,0.9717233473442873,0.4,0.0003540413523089,0.1528643785932966,0.1074623794335159,高方差候选，检查量纲和异常值
400X31,400,4852287.2381085735,6.685946501640788,2895.0,4579.5,0.48101119860411495,0.0,1.199505198668093,2.20495156724645,0.9713412304165074,0.0,0.0002384962339705,0.0113525102526052,0.6293200229119398,高方差候选，检查量纲和异常值
400X30,400,4319439.653239986,6.635427410868153,2902.75,4560.0,0.45577328206817747,0.0,0.6713099178869991,-0.6332439159243672,0.9709591134887275,0.0,0.0002300086461391,0.0113525102526052,0.6293200229119398,高方差候选，检查量纲和异常值
312X579,312,4247612.838366261,6.628144924781553,1.0,18002.0,0.11448582156133429,0.00125,-2.1225344073953916,2.511433657789777,0.9705769965609476,0.0,0.0001288760321416,0.0158382691109364,0.0,高方差候选，检查量纲和异常值
312X464,312,4247163.266940804,6.628098956203439,1.0,18003.0,0.11447340382931723,0.00125,-2.122534660791155,2.5114342921645334,0.9701948796331678,0.0,0.0001330724681704,0.0158410132918468,0.7,高方差候选，检查量纲和异常值
312X584,312,4247089.070714981,6.628091369188085,1.0,17998.0,0.11450420534636953,0.00125,-2.1225345451381363,2.511434026656262,0.9698127627053879,0.0,0.0001131811724246,0.0158353399585548,0.0,高方差候选，检查量纲和异常值
312X463,312,4247034.483229351,6.628085787201046,2.0,18005.0,0.11445895272619426,0.00125,-2.122534037715012,2.511432956805496,0.969430645777608,0.0,0.0001816807938044,0.0158278507945517,0.0,高方差候选，检查量纲和异常值
312X577,312,4246617.097847866,6.628043103988432,0.0,18002.0,0.11447240168793762,0.00125,-2.122534923813012,2.5114348264397397,0.9690485288498281,0.0,0.0001006017118815,0.0158374226994363,0.0,高方差候选，检查量纲和异常值
312X511,312,4246473.5054155905,6.628028418780444,0.0,18000.0,0.1144831852634823,0.00125,-2.1225349590433216,2.511434843720157,0.9686664119220482,0.0,6.622333999631241e-05,0.0158341309029605,0.0,高方差候选，检查量纲和异常值
312X578,312,4246137.279663451,6.627994031006743,0.0,18002.0,0.11446593448236396,0.00125,-2.122534880013987,2.511434726748526,0.9682842949942683,0.0,0.0001194753062627,0.0158385214922853,0.0,高方差候选，检查量纲和异常值
312X458,312,4245277.715452579,6.62790610596831,0.0,17999.0,0.11447342475961904,0.00125,-2.1225348421891326,2.5114345744204827,0.9679021780664884,0.0,0.0001112125165767,0.0158309261615166,0.0,高方差候选，检查量纲和异常值
312X457,312,4245058.132204736,6.627883641888069,0.0,17999.0,0.11447046420283881,0.00125,-2.1225349590433225,2.5114348437201603,0.9675200611387085,0.0,3.210839924233992e-05,0.0158341309029605,0.0,高方差候选，检查量纲和异常值
312X583,312,4245047.805816174,6.627882585436335,2.0,17997.0,0.11448304601938544,0.00125,-2.1225343929252594,2.5114336547973797,0.9671379442109286,0.0,0.0002088770173042,0.0158330785713254,0.0,高方差候选，检查量纲和异常值
312X585,312,4243978.11616966,6.627773135820429,0.5,17998.0,0.11446226101372704,0.00125,-2.1225346734648696,2.5114343004947197,0.9667558272831487,0.0,0.0001285565113088,0.015841392484263,0.0,高方差候选，检查量纲和异常值
312X469,312,4243443.749059779,6.62771844955854,1.0,17996.0,0.11446777476469215,0.00125,-2.1225345302982883,2.5114339167475834,0.9663737103553688,0.0,0.000116776078234,0.0158368075736807,0.0,高方差候选，检查量纲和异常值
312X470,312,4241198.336259942,6.627488582369914,3.0,17994.0,0.1144502050354243,0.00125,-2.122533096088744,2.511430804079731,0.9659915934275889,0.0,0.0001613061394114,0.0158287668295812,0.0,高方差候选，检查量纲和异常值
420X28,420,3903557.0896057584,6.591460535313221,873.25,1091.5,1.81011650180665,0.0,3.243168500955374,10.114967909876496,0.965609476499809,0.0,0.0002502034291578,0.0711796827183836,0.544206043006979,高方差候选，检查量纲和异常值
520X179,520,3243872.3249339894,6.51106375254657,2677.0,3451.0,0.5218995434987415,0.01125,-0.16051183823102047,-0.9257378996077401,0.965227359572029,0.0,0.0002516993438225,0.1241900254192423,0.1335976373727201,高方差候选，检查量纲和异常值
ERROR:#N/A_8,META,2994478.179718396,6.476321152797612,11.0,16009.0,0.108092701679846,0.0,-2.3374332234876776,4.04712668546107,0.9648452426442491,0.6,0.0005152843613307,0.2094985663147147,0.22,高方差候选，检查量纲和异常值
344X190,344,2988607.8187968805,6.4754689283188975,0.0,16000.0,0.10804744000750464,0.0,-2.3392863982005907,4.056876100410597,0.9644631257164692,0.8,0.0006197453311348,0.209459034959112,0.0,高方差候选，检查量纲和异常值
ERROR:#N/A_9,META,2988233.7296620775,6.475414563535799,0.0,16000.0,0.10804067755476401,0.0,-2.339616667744816,4.058641721039232,0.9640810087886893,1.0,0.0005396473930371,0.2094604715213794,0.0,高方差候选，检查量纲和异常值
344X194,344,2983257.5274030045,6.474690745116188,12.0,15990.0,0.10801819324179529,0.0,-2.3410300976419065,4.066304498813578,0.9636988918609094,0.6,0.0005129341020152,0.2093649917705204,0.1416666666666666,高方差候选，检查量纲和异常值
312X154,312,2854831.6657538083,6.455580505300063,0.0,4002.0,0.42219508033796416,0.00125,-1.2504317970463432,-0.43750825547393557,0.9633167749331295,0.0,0.0004360906636044,0.0880463317512315,1.0,高方差候选，检查量纲和异常值
312X155,312,2849857.1990615455,6.454823098881019,0.0,4003.0,0.4217217104910793,0.00125,-1.2504413529441334,-0.4374709482417103,0.9629346580053496,0.0,0.0005008444630688,0.0881097814854902,1.0,高方差候选，检查量纲和异常值
312X153,312,2849839.379999973,6.454820383396078,0.0,4001.0,0.42193119955130104,0.0,-1.2523528622518638,-0.4327003204372297,0.9625525410775697,0.0,0.0004795182250956,0.08972112777233,1.0,高方差候选，检查量纲和异常值
520X176,520,2487187.8749347874,6.3957085918504495,2578.0,1621.0,0.9729068946062425,0.01125,0.6524654478613234,-0.3699110109710233,0.9621704241497898,0.2,0.0003198986849068,0.1657491792172301,0.2606883334231009,高方差候选，检查量纲和异常值
344X192,344,2295638.6031992366,6.360903519183237,2.0,15005.0,0.10097544129004142,0.07625,-3.5535843639902334,15.765833333529223,0.9617883072220099,0.0,0.0001666397219755,0.0923642841673771,0.0,高方差候选，检查量纲和异常值
344X191,344,2294814.8079804927,6.360747643634784,0.0,15000.0,0.10099097446978986,0.07625,-3.5529298061118877,15.752271151358187,0.96140619029423,0.0,9.468071441922374e-05,0.0922032497629363,0.0,高方差候选，检查量纲和异常值
ERROR:#N/A_10,META,2008225.4273151767,6.302812461632348,0.0,15000.0,0.09447458040988066,0.07625,-2.9155035750199283,6.517793321084945,0.9610240733664501,0.0,8.116464248653618e-05,0.0629899593853652,0.0,高方差候选，检查量纲和异常值
340X107,340,1632234.1724593237,6.212782466005614,2133.0,48497.0,0.026343674935101723,0.0,0.19872518053058413,-0.25645737036036964,0.9606419564386702,0.4,0.0008473043265202,0.186113831318969,0.9705328160638504,高方差候选，检查量纲和异常值
344X145,344,1038382.2912875457,6.016357273002442,1258.75,48443.0,0.021035246518473424,0.0,-0.04798482028041525,0.4563564002016389,0.9602598395108903,0.0,0.000350957604248,0.134309231905335,0.978061355668858,高方差候选，检查量纲和异常值
310X36,310,652309.8300625683,5.814453923225481,0.0,0.0,,0.0,11.438167410967733,129.1546806967747,0.9598777225831104,0.0,2.4503445247360844e-05,0.061027155762922,0.0,高方差候选，检查量纲和异常值
220X224,220,652158.5682102657,5.814353204514076,1289.0,-1613.0,0.500659238960817,0.0,0.2938179835229516,-1.4137551199922,0.9594956056553305,0.0,0.0003595070717813,0.0669505097624757,0.0078272372135521,高方差候选，检查量纲和异常值
344X160,344,590855.6238636406,5.7714813735727395,41.0,5932.0,0.12958046808827697,0.07625,-4.168247613986362,21.726706044838068,0.9591134887275506,0.0,0.0001565238191094,0.0573451531804352,0.0954630601078117,高方差候选，检查量纲和异常值
440AX2,440A,528770.82377816,5.723267483879777,15.0,952.0,0.7638301441137477,0.0,13.934036584464726,193.84375042132424,0.9587313717997707,0.0,0.0001694039485356,0.0321342181015615,0.2408521303258145,高方差候选，检查量纲和异常值
344X156,344,368155.2773212221,5.566031030250882,0.0,6000.0,0.10112633426138345,0.07625,-3.5302678523187154,15.599316107923087,0.9583492548719909,0.0,8.884831389148216e-05,0.0913847063456324,0.0,高方差候选，检查量纲和异常值
344X173,344,321316.06837043026,5.506932444288275,0.0,6000.0,0.09447458040988095,0.07625,-2.9155035750199305,6.517793321084955,0.957967137944211,0.0,0.000110246034231,0.085686886446046,0.0,高方差候选，检查量纲和异常值
344X158,344,297276.11228878895,5.473160012743558,1.0,2002.0,0.2723428219656837,0.0,3.200780649285624,8.270919528174318,0.9575850210164311,1.0,0.0005948325035837,0.1926907524346262,0.0,高方差候选，检查量纲和异常值
344X172,344,282096.37046307884,5.45039749842762,0.0,2000.0,0.2655637260918172,0.0,3.1993227111771403,8.25630036791505,0.9572029040886512,0.8,0.000721601080167,0.1930488048028741,0.0,高方差候选，检查量纲和异常值
344X159,344,269168.9098232229,5.430024895552042,0.0,1998.0,0.25966712163249606,0.0,3.2005838564569786,8.270056372594983,0.9568207871608713,1.0,0.0008357680012223,0.1923290856835998,0.0,高方差候选，检查量纲和异常值
220X32,220,263508.92575719696,5.4207953305217895,1141.25,11583.5,0.04431572536257999,0.0,-0.9454968618477245,-0.9786945307779096,0.9564386702330914,0.0,0.0004216700669811,0.0120760873174152,0.1401648711623377,高方差候选，检查量纲和异常值
220X142,220,256145.78674916681,5.408487216715828,1145.949252,361.07693600000005,1.4016638085769964,0.0,-0.8053786132418158,-1.0141137480442657,0.9560565533053115,0.0,0.0005090800391409,0.0083325980434628,0.0637203373838923,高方差候选，检查量纲和异常值
210X189,210,245051.43954838483,5.389257258107916,692.3075000000001,83.03999999999999,5.961304261730748,0.0,1.2790507071959545,0.6281130695186956,0.9556744363775316,0.0,0.0002033975272555,0.0521767286260613,0.2962510749237598,高方差候选，检查量纲和异常值
310X34,310,234898.93841677054,5.370881054066748,838.0,475.5,1.0192717927830288,0.0,0.785918840986606,0.3734974711829455,0.9552923194497516,0.0,0.0003072449040538,0.0992464027310763,0.9407888294996332,高方差候选，检查量纲和异常值
310X33,310,202584.9330272215,5.306607142176963,818.25,10928.0,0.0411872584312862,0.0,0.17384941823917652,-1.2338813779952211,0.9549102025219717,0.0,0.0002756849591512,0.083892801002072,0.7890088343906199,高方差候选，检查量纲和异常值
210X106,210,164020.56618967457,5.214898306722683,6.899999999999636,5737.3,0.07058974188609629,0.0,-14.058713516835294,196.17115152719768,0.9545280855941918,0.0,0.000405285992876,0.0596145324505111,0.3665923659713516,高方差候选，检查量纲和异常值
210X104,210,163931.3393634387,5.214661987197947,8.62499999999909,5735.1,0.07059760999339501,0.0,-14.05627996225868,196.1256460400653,0.9541459686664119,0.0,0.0004175249187197,0.0624530548723589,0.1158187908515256,高方差候选，检查量纲和异常值
310X131,310,145083.21722396635,5.161617177506162,593.1019165,-233.272189,1.6328474938271857,0.0,0.46808315748411367,-1.217545477039069,0.953763851738632,0.0,0.0001914533256772,0.0570552726180456,0.8244093263951836,高方差候选，检查量纲和异常值
344X225,344,144679.28218867377,5.1604063453876785,195.75,4634.0,0.08208185132773767,0.0,-2.8758851785879336,6.965583414605431,0.9533817348108521,0.6,0.0005253442550409,0.2202267790168434,0.0437400584262697,高方差候选，检查量纲和异常值
420X103,420,119249.06132665832,5.0764549691607295,0.0,12000.0,0.028777047823484732,0.0,-11.438151192995,129.15418292356304,0.9529996178830722,0.0,0.0,0.0,0.0,高方差候选，检查量纲和异常值
312X259,312,110578.72139549558,5.043671563952408,2.0,2.0,166.266894927625,0.0,9.16444800440285,92.12531892918531,0.9526175009552923,0.0,0.0001238770963484,0.0519944453606288,0.0,高方差候选，检查量纲和异常值
344X221,344,108230.56128754641,5.034349910719342,194.0,4669.0,0.0704613697393134,0.0,-2.826353624908634,6.857880613839496,0.9522353840275124,1.0,0.0006505472443317,0.2276953775708038,0.0290860817180484,高方差候选，检查量纲和异常值
344X92,344,101554.6933667084,5.0066999991949075,0.0,1200.0,0.2655637260918172,0.0,-3.19932271117714,8.25630036791505,0.9518532670997325,0.8,0.0006095174478333,0.1930488048028741,0.0,高方差候选，检查量纲和异常值
344X87,344,101371.90222152852,5.005917596011794,0.0,1202.0,0.26488314873062374,0.0,-3.1993225974912094,8.25636557295493,0.9514711501719526,0.6,0.0006105574160202,0.1930099353350918,0.0,高方差候选，检查量纲和异常值
344X85,344,101279.31374217581,5.005520749950176,2.0,1199.0,0.26542461242903687,0.0,-3.199286247075817,8.256188978204316,0.9510890332441727,1.0,0.0009117240997686,0.1931976549636139,0.0,高方差候选，检查量纲和异常值
520X400,520,100849.43381715273,5.003673464365576,430.0,1519.0,0.20906385696487587,0.01125,-0.7181545055975337,-0.6939791957035348,0.9507069163163928,0.0,0.0002057581505041,0.1229509389906887,0.2024019857547219,高方差候选，检查量纲和异常值
312X268,312,99625.37217888243,4.9983699568376245,2.0,0.0,,0.00125,-12.54503312199814,155.77425579715472,0.9503247993886129,0.0,0.0001693687292552,0.0312362652032709,0.0,高方差候选，检查量纲和异常值
312X267,312,99623.12972669501,4.998360181259875,2.0,0.0,,0.00125,-12.545006055359076,155.77380466346477,0.949942682460833,0.0,0.0001586302507652,0.0393911154800417,0.0,中等方差
312X675,312,96493.58806277269,4.98449845571194,87.0,4630.0,0.0670916135616878,0.00125,-2.0679060401688942,2.3849018659448515,0.9495605655330531,0.0,0.0001459895934691,0.0300919183119639,0.2087516011975025,中等方差
312X669,312,93191.55159801882,4.969376542604308,85.0,4608.0,0.06624846208886417,0.00125,-2.0612689184092456,2.369540717054132,0.9491784486052732,0.0,0.0001678779902276,0.0315710501711312,0.1949132364157826,中等方差
312X681,312,87453.15604091593,4.941775487072807,86.0,4579.0,0.06458283420221561,0.00125,-2.059011126113264,2.365291268432912,0.9487963316774933,0.0,0.000151784295029,0.0290853358465036,0.169184328373029,中等方差
312X680,312,81222.16924037262,4.909674584224977,44.0,4388.0,0.06494873147487909,0.00125,-2.0954285281437994,2.44960695413103,0.9484142147497134,0.0,0.0001138077484543,0.0159517636646729,0.1882260263596424,中等方差
312X673,312,78151.45110272539,4.892937046335442,44.0,4424.0,0.06319073470933054,0.00125,-2.10558844863656,2.476232654993091,0.9480320978219335,0.0,0.000122547888163,0.0187972312805772,0.0520589479249273,中等方差
312X667,312,77654.36148882846,4.890165853075996,44.5,4419.0,0.06306071999261446,0.00125,-2.1059645624736603,2.477241800761434,0.9476499808941536,0.0,0.0001473339992756,0.0193620935833224,0.0363333333333333,中等方差
312X668,312,76817.33432141047,4.885459232410145,46.0,4393.0,0.06309114554262783,0.00125,-2.09268542783209,2.443668040173217,0.9472678639663737,0.0,0.000153347575094,0.0161233733352575,0.1291708929597086,中等方差
312X674,312,75881.67946461898,4.880136934422014,48.0,4397.0,0.06264869106372455,0.00125,-2.0915467842553155,2.4409744329770837,0.9468857470385939,0.0,0.0001391793999298,0.0165935247850341,0.1397298956414978,中等方差
ERROR:#N/A_14,META,75137.51278942481,4.875856814899497,197.5,4692.0,0.05842119067188746,0.0,-2.6485256481545125,5.985593870820038,0.946503630110814,1.0,0.0008465614925486,0.2323993849422129,0.0251788796287615,中等方差
312X679,312,74969.66015476733,4.874885542148717,45.5,4400.0,0.062228609187275026,0.00125,-2.1017276814181756,2.4671491453514096,0.9461215131830341,0.0,0.0001629261598057,0.0214994882660559,0.1440582442794832,中等方差
312X265,312,70663.89285982566,4.8491975589546366,2.0,0.0,,0.0,-14.337842599886987,206.13357860639525,0.9457393962552542,0.0,0.0001111371330437,0.067279964056781,0.0,中等方差
210X88,210,69561.46741154062,4.842368734946731,42.67375000000001,127.1325,2.0745685041601685,0.0,13.636343404130272,198.8224103533257,0.9453572793274742,0.0,0.0002075353939248,0.0636673296207399,0.5398331778351092,中等方差
310X132,310,67880.48310086942,4.831744924501489,561.87044025,-140.8329215,1.8499852836760609,0.0,0.5283961646605553,-0.9298914140833787,0.9449751623996943,0.0,0.0002820049125981,0.0162278672180219,0.1170533555729648,中等方差
312X266,312,59479.20327727901,4.774365142523106,0.0,718.0,0.3396707318968436,0.00125,-10.099501573563014,169.52469971193236,0.9445930454719144,0.0,9.440340225078316e-05,0.0858745484784604,0.0,中等方差
344X222,344,57711.4126648843,4.761261705136165,32.5,4058.0,0.05919960512259923,0.07625,-7.501046886115274,103.82259492645049,0.9442109285441345,0.0,0.0003039955956799,0.1023630199286345,0.1267797361245706,中等方差
312X260,312,54327.74235965331,4.73502165789371,0.0,722.0,0.3228298106421511,0.00125,12.141029736730898,154.9687396850743,0.9438288116163546,0.0,0.0001328003982649,0.0288121181052993,0.0,中等方差
220X143,220,54037.32171454496,4.7326938156753275,330.211043,-113.99577,2.039192247622498,0.0,0.3060922821043524,-0.1447613695593879,0.9434466946885747,0.0,0.0002549117356612,0.077490334753394,0.0608292592358652,中等方差
344X226,344,52596.92650289145,4.720960366932576,30.0,3819.0,0.060052421624403454,0.07625,-7.2918515638323695,98.65994420437303,0.9430645777607948,0.0,0.0001746318704162,0.0992582588706027,0.038697612104808,中等方差
ERROR:#N/A_15,META,48319.01439358102,4.684118067008054,40.0,4242.0,0.051818921439173674,0.07625,-10.256001314616153,177.76169394874165,0.9426824608330149,0.0,0.0002470631725008,0.082658253838987,0.4326426472265448,中等方差
312X261,312,43817.5709486485,4.641648298536467,2.0,2.0,104.66323488772036,0.00125,13.416517296518368,209.95390204056068,0.942300343905235,0.0,9.466556984422168e-05,0.0461064872820986,0.0,中等方差
344X169,344,36665.85709099312,4.564261841398674,52.0,44.0,4.351893354637849,0.07625,9.467440506679708,92.08037505738838,0.9419182269774551,0.0,0.0001478690101084,0.0722373540135249,0.337522844544187,中等方差
311X200,311,35551.00220838687,4.550851848312958,315.0,1885.0,0.10002638410867824,0.00625,-0.9624532233632148,-0.6512378967773165,0.9415361100496752,0.8,0.0004868524421007,0.2244712477510545,0.0145214521452145,中等方差
400X58,400,34811.2336295803,4.5417194139486465,93.0,97.0,1.9234813187630908,0.00625,4.066804422687961,18.535720412818797,0.9411539931218953,0.0,0.0001716038736677,0.0497067648056479,0.1874087083425319,中等方差
420X205,420,32891.93847697601,4.517089469257839,303.0,1470.0,0.12337506653275673,0.005,-0.4120085032175501,-0.2148514302212683,0.9407718761941154,0.0,0.0002514936062028,0.168497695622513,0.3276137852332154,中等方差
220X33,220,27449.72439142682,4.43853798828034,258.0,777.5,0.21309271190756038,0.0,-0.049742732618319636,-0.9033262656365539,0.9403897592663355,0.6,0.0012406864858282,0.2006449050852625,1.0,中等方差
344X112,344,25470.07749687028,4.406030266377511,1.0,597.0,0.26732575499838496,0.0,3.199255587429158,8.256095916786972,0.9400076423385556,1.0,0.000709395782839,0.1931127507621106,0.0,中等方差
344X114,344,25419.506631726857,4.4051671170599285,0.0,602.0,0.26484212708730126,0.0,3.1990903748132498,8.255744523588042,0.9396255254107757,0.8,0.0006326082535332,0.192661753421952,0.0,中等方差
344X119,344,25388.6733416771,4.404640007866945,0.0,600.0,0.2655637260918172,0.0,3.19932271117714,8.25630036791505,0.9392434084829958,0.8,0.0006301940871584,0.1930488048028741,0.0,中等方差
210X87,210,23674.920488538257,4.37428852911366,52.844999999999985,132.39249999999998,1.1622000276189417,0.0,12.297831038098895,169.04946927004661,0.9388612915552159,0.0,0.0003856239859566,0.0767399266095968,0.5866571538204031,中等方差
344X186,344,23535.26627659577,4.371719116252221,25.0,295.0,0.520040949005264,0.0,3.031000920573002,7.5701919399796065,0.938479174627436,0.6,0.0005016501306753,0.1960335534877754,0.0408900677866195,中等方差
312X269,312,23186.219221303647,4.365229937719964,2.0,0.0,,0.1375,-26.262401728845084,689.8088479790257,0.9380970576996561,0.0,0.0002099525858908,0.0766695944300359,0.0,中等方差
312X262,312,22403.34394183211,4.350312846329595,4.0,2.0,74.83873318982643,0.00125,24.33269773898083,638.2211164807436,0.9377149407718762,0.0,0.0001615016889113,0.0147766804614031,0.0,中等方差
311X53,311,20828.3213194541,4.31865426893593,194.0,151.0,0.9557629412428881,0.1125,1.2787769578493648,2.7232179107700123,0.9373328238440963,0.2,0.0003328923205849,0.1135643405814986,0.0620038107165651,中等方差
210X101,210,19927.32621049748,4.299449030264601,0.2999999999999545,2000.2,0.07057503337405421,0.0,-14.062143203552317,196.23526030760937,0.9369507069163164,0.0,0.0002666340492603,0.053572356993279,0.0,中等方差
220X54,220,18470.33829630791,4.266474849900138,205.0,-109.0,1.2468405757300138,0.0,-0.5630052337538112,-0.40719516654279353,0.9365685899885365,1.0,0.0009942444595426,0.2463514612601661,0.6700888659481645,中等方差
400X205,400,16778.953740613382,4.224764876704563,107.0,821.0,0.15777539685381553,0.0,1.2552423213077737,0.7314707108794782,0.9361864730607566,0.0,0.0002437419080369,0.0827676658389491,0.3034391534391534,中等方差
312X678,312,15038.062352941173,4.177191881226552,221.5,2544.5,0.04819405682639558,0.0,0.011708171301308858,-1.7156708934265064,0.9358043561329767,0.0,0.0001408198663462,0.0132687321279882,0.8720932094811019,中等方差
312X666,312,13631.479785669591,4.134543003880663,211.0,2547.0,0.04583978341271906,0.0,0.009328104758049594,-1.6829130967158377,0.9354222392051967,0.0,0.0001639700503714,0.0147912395040404,0.8529714190018979,中等方差
312X672,312,11779.051088861037,4.071110305436607,191.0,2551.0,0.04254462442100028,0.0,0.014876268390931282,-1.6104116476554882,0.9350401222774168,0.0,0.0001681624573123,0.0158985432927388,0.8193544402578532,中等方差
344X185,344,11419.7005694616,4.057654716630022,16.0,265.0,0.4032566002504988,0.0,3.842155135036548,15.086149493542182,0.9346580053496369,1.0,0.0005371501107812,0.1792562342789849,0.1388574660633484,中等方差
344X105,344,11330.379968711239,4.054244474342442,2.0,400.0,0.26611064391422834,0.0,3.198858796519114,8.25479494269068,0.934275888421857,0.8,0.0005165058184663,0.1931254632974221,0.0,中等方差
344X103,344,11310.818423028411,4.053494030543981,1.0,398.0,0.26721691340567855,0.0,3.1990637953501877,8.25534312462631,0.9338937714940772,1.0,0.0006432273202907,0.1927593148360157,0.0,中等方差
344X110,344,11283.854818523154,4.052457489755582,0.0,400.0,0.2655637260918172,0.0,3.1993227111771403,8.25630036791505,0.9335116545662973,0.8,0.000591496685913,0.1930488048028741,0.0,中等方差
312X558,312,5284.128135168959,3.722973340305491,118.0,938.0,0.07749681102721394,0.0,-0.15206201600020064,-1.1975895685382412,0.9331295376385174,0.0,0.0001863207611476,0.0213697041490929,0.6748321739492779,中等方差
ERROR:#N/A_6,META,5206.777071339179,3.7165689837137506,14.0,261.0,0.2764674357999187,0.0,5.936021762206008,35.76680546639852,0.9327474207107375,0.0,0.0002388081378719,0.0946593402792839,0.1428571428571428,中等方差
312X552,312,5183.243954943658,3.7146016498568066,115.0,929.5,0.07745535179738107,0.0,-0.21312283922806388,-1.0826656739969298,0.9323653037829576,0.0,0.0001759051267372,0.0223742537901343,0.6470401288210438,中等方差
210X96,210,5148.701040300373,3.7116976752187143,18.949999999999932,1006.0,0.07132649067616083,0.0,-13.565758362325358,187.00277050949808,0.9319831868551777,0.0,0.0003119226076535,0.0604159133902129,0.1829227736139462,中等方差
210X100,210,5048.437949874842,3.7031570227344743,18.549999999999955,993.6,0.07151002478000164,0.0,-13.568265709962304,187.05700385606065,0.9316010699273978,0.0,0.0002485144330427,0.049560738162207,0.1884557233387878,中等方差
312X564,312,4715.063627972462,3.6734875577500987,103.25,927.0,0.0740737010946997,0.0,-0.3014007239911823,-0.8538040287123527,0.9312189529996179,0.0,0.0001969010992249,0.0210604789399828,0.6020385780205759,中等方差
440AX21,440A,3939.1211088235254,3.5953993334583445,2.3000000000000114,302.95,0.20717087956785288,0.0,2.219727121546688,2.9399444638376018,0.930836836071838,0.0,8.951745704489367e-05,0.0191383519611737,0.0634377940899611,中等方差
520X377,520,3868.8751548811156,3.5875847156553307,0.0,1500.0,0.0414668550632436,0.0,-16.268451097401154,263.32079890773485,0.9304547191440581,0.0,0.0,0.0007204664689631,0.0,中等方差
440AX19,440A,3659.5040919743424,3.563422237112697,2.1000000000000227,311.5,0.19420171799925845,0.0,2.2197875827784284,2.9402709895637065,0.9300726022162782,0.0,9.032417416173476e-05,0.0187473878748081,0.1160765550239204,中等方差
440AX20,440A,3406.0343867334173,3.532249028210607,2.1999999999999886,321.9,0.18130239344172805,0.0,2.2193879991219623,2.9396580401250176,0.9296904852884983,0.0,0.0001075535406355,0.0183467213024312,0.1667532467532475,中等方差
520X376,520,3379.422545118868,3.528842497054714,2.0,485.0,0.11986144523692192,0.0,-7.991616304114189,62.04009730803559,0.9293083683607184,0.0,0.0002013652042518,0.0240951830747986,0.0,中等方差
440AX36,440A,3320.731406695871,3.5212337496401735,1.400000000000034,329.3,0.17499480014664429,0.0,2.2212182061515247,2.9450055779136903,0.9289262514329385,0.0,0.000123150738133,0.0188473506726633,0.1215426083350535,中等方差
440AX35,440A,3289.607073279103,3.5171440267956697,1.599999999999966,340.0,0.16869145974938915,0.0,2.2210406689752316,2.9455521299880605,0.9285441345051586,0.0,0.0001255541224747,0.0180640522885501,0.1910294117647077,中等方差
220X223,220,3283.773911138893,3.5163732481657655,122.0,-168.0,0.34109656223041684,0.0,0.1886372988010835,-1.7137618662012228,0.9281620175773787,0.2,0.0005148503398563,0.0689640376254888,0.0704918032786885,中等方差
220X53,220,3258.1138782853504,3.512966259790359,114.0,-100.0,0.570798903142372,0.0,1.0491920763379903,-0.8730528888857467,0.9277799006495988,0.0,0.0003247058862709,0.0192432903554952,0.0,中等方差
440AX34,440A,3254.5760820400483,3.5124944284739845,1.3999999999999773,333.9,0.1708562205200971,0.0,2.221119515383484,2.9449665946204657,0.9273977837218189,0.0,7.2304100864096e-05,0.0184992825602677,0.1595687331536339,中等方差
311X52,311,3237.7141686025384,3.5102385057892063,97.25,88.5,0.6429481961380018,0.11,0.22655009865674938,-1.0859485372797346,0.927015666794039,0.6,0.0003926751344292,0.1351057989761634,0.0680766969418616,中等方差
440AX6,440A,3137.1390685857373,3.496533771289612,1.5,323.8,0.1729776693387239,0.0,2.2211437286357607,2.9453293941393976,0.9266335498662591,0.0,0.0001675702488052,0.0184493364213692,0.0718328840970446,中等方差
440AX4,440A,3044.352964643304,3.483495003456694,1.625,329.7,0.16735109354987673,0.0,2.221032756014173,2.9455591623813664,0.9262514329384792,0.0,0.0001316169893465,0.0181995105485003,0.1161089681774315,中等方差
440AX5,440A,3042.0894142521884,3.483171974853613,2.0,337.3,0.16351953604789232,0.0,2.220654000667828,2.9458591016843565,0.9258693160106993,0.0,0.0001017784211945,0.0178659989232916,0.162611073137379,中等方差
440AX45,440A,2896.155894852938,3.4618219354436714,2.3000000000000114,282.9,0.19022956739288702,0.0,2.2253919247637133,2.9827281564194097,0.9254871990829193,0.0,0.000153536566781,0.0159419280908215,0.3340075356742076,中等方差
311X223,311,2851.340785450651,3.455049126252287,144.0,109.0,0.48988942559507975,0.00625,0.5361613042973994,-1.0199910226375801,0.9251050821551394,1.0,0.0086993048556791,0.5294285012354518,0.0222222222222222,中等方差
440AX44,440A,2794.429634480597,3.4462931782777275,3.1999999999999886,306.2,0.172639990236071,0.0,2.2286677859058206,3.012669593700517,0.9247229652273595,0.0,0.0001584416103069,0.0160253374139381,0.3035564748730952,中等方差
440AX28,440A,2749.186294978092,3.4392041702325757,2.3000000000000114,305.8,0.17146070458319293,0.0,2.2214111021990144,2.9541027865789973,0.9243408482995796,0.0,9.53377022018254e-05,0.0165935619283165,0.3052380952380913,中等方差
440AX29,440A,2725.0391047403027,3.435372738851588,2.8000000000000114,325.3,0.16047312357420965,0.0,2.221613018449494,2.9607501165816474,0.9239587313717997,0.0,8.680179878877083e-05,0.0165753221232218,0.2968241758241772,中等方差
440AX30,440A,2723.333390175218,3.4351008108774224,2.099999999999966,298.1,0.17506060676301605,0.0,2.221840705256848,2.955309861634473,0.9235766144440198,0.0,0.000123918206032,0.0166374136752742,0.3045568466621136,中等方差
440AX43,440A,2717.1638502972432,3.434115828014647,2.5249999999999773,293.2,0.17778452184857443,0.0,2.226548394044366,2.9935302854981414,0.9231944975162399,0.0,0.0001207688498879,0.0158965686036948,0.3877924023541998,中等方差
220X141,220,2698.7126082020773,3.431156638051317,77.76925075,80.041799,0.6490250777182638,0.0,-0.6458197391619852,-0.24678709467999171,0.92281238058846,0.0,0.0001895640040226,0.0261340072537451,0.2346923311046388,中等方差
440AX39,440A,2604.289381163957,3.41568924013425,1.2000000000000455,332.0,0.15371156218502532,0.0,2.222174403903988,2.951471771277488,0.9224302636606801,0.0,0.0001079762239887,0.018134739034989,0.2424242424242411,中等方差
440AX26,440A,2594.7474787859787,3.414095098636839,1.1999999999999886,346.3,0.14709403375367194,0.0,2.2219636489394743,2.9496468740406474,0.9220481467329003,0.0,0.0001055461676647,0.0175922916599428,0.312172949002227,中等方差
440AX27,440A,2580.1757451658277,3.4116492883493885,1.099999999999966,340.3,0.14926661873972338,0.0,2.2218968563295634,2.9483961575276805,0.9216660298051204,0.0,0.0001522513901041,0.0181565736495576,0.2711111111110738,中等方差
440AX38,440A,2563.4952258917347,3.4088325129717347,1.5,342.0,0.14804377489679355,0.0,2.2225185646354415,2.95602702975982,0.9212839128773405,0.0,0.0001219016430416,0.0176710681428189,0.1971568264924737,中等方差
440AX25,440A,2534.6591964330455,3.4039195735081904,1.099999999999966,343.8,0.1464380423499574,0.0,2.2219388204317636,2.9490820025587814,0.9209017959495606,0.0,0.0001304480662013,0.0177901226189698,0.3145454545454161,中等方差
440AX37,440A,2526.1373466833547,3.4024569595546628,1.2999999999999545,337.2,0.1490530659963776,0.0,2.222350900000152,2.953377901604533,0.9205196790217807,0.0,6.994593003532207e-05,0.0178369777812057,0.1964154892726246,中等方差
440AX47,440A,2496.9996051157714,3.3974184736705086,1.5,325.5,0.1535176253252905,0.0,2.224065270899546,2.9652939563096954,0.9201375620940008,0.0,8.238287440984887e-05,0.016641217873151,0.3116348563717125,中等方差
440AX48,440A,2463.4313336045084,3.391540461129996,1.3000000000000114,317.1,0.15652149542077085,0.0,2.2238915117927034,2.9625198785398874,0.9197554451662209,0.0,0.0001315542023802,0.0172531153739291,0.2230303030303099,中等方差
440AX46,440A,2422.5184229662086,3.384267088493553,1.3999999999999773,321.7,0.1529968478778975,0.0,2.223832957007579,2.963022012240362,0.919373328238441,0.0,9.379809461059702e-05,0.0169218006558523,0.2350038850038807,中等方差
440AX51,440A,2368.4084965581987,3.374456610424539,1.400000000000034,333.9,0.14575111511730113,0.0,2.222377687930054,2.954622000610172,0.9189912113106611,0.0,0.000129622367316,0.0178240495777218,0.1628205128205046,中等方差
440AX15,440A,2338.355878832911,3.368910607959979,1.5,335.0,0.14434790893321575,0.0,2.2219910627574904,2.9517478296666653,0.9186090943828812,0.0,0.0001180238472457,0.0175523221160313,0.2824383164006009,中等方差
440AX31,440A,2332.191463767211,3.367764201423288,2.1999999999999886,304.9,0.15838887581064767,0.0,2.2213927030492733,2.9550908093500157,0.9182269774551013,0.0,0.0001289684979381,0.0181373554216459,0.0610161768056479,中等方差
310X130,310,2329.815812515523,3.3673215885067074,74.601379,44.377908500000004,1.0876620204403722,0.0,0.08077088460662236,-0.4305899943136202,0.9178448605273214,0.0,0.0002228407233831,0.0260288098684179,0.5490552596523515,中等方差
440AX14,440A,2326.843290222149,3.3667671351201878,1.5249999999999773,343.1,0.1405927252905872,0.0,2.2222090837469572,2.954283696919231,0.9174627435995415,0.0,0.0001190972267494,0.0168638090530525,0.3362271062271089,中等方差
440AX32,440A,2325.336892975595,3.3664858820264403,2.6999999999999886,321.3,0.1500832464856663,0.0,2.2213754760524718,2.9604200130602925,0.9170806266717616,0.0,0.0001185148965347,0.0172150326313853,0.0891270627062675,中等方差
340X175,340,2311.832877033794,3.3639564356285114,94.0,3422.0,0.014050708135456879,0.0,0.248023041517416,-1.6059698544853909,0.9166985097439817,0.0,0.0002648189730687,0.0310970450384825,0.2401767330130405,中等方差
520X375,520,2308.6012499999956,3.3633489264730443,0.0,1850.0,0.025971840963041004,0.0,-28.28427124746189,800.0000000000003,0.9163163928162018,0.0,0.0,0.0,0.0,中等方差
440AX33,440A,2285.9870594336635,3.359073767602369,2.099999999999966,299.2,0.1597994552944909,0.0,2.221729368101423,2.9564334427871133,0.9159342758884219,0.0,0.0001023017125263,0.018688286823673,0.0279514177212451,中等方差
440AX49,440A,2276.4411698216545,3.3572564312961033,1.3000000000000114,339.3,0.14061911359778048,0.0,2.2226747890135874,2.956714419753699,0.9155521589606419,0.0,0.0001120678027044,0.0173665929183782,0.2347902097902047,中等方差
440AX13,440A,2275.7700181320392,3.3571283715618785,1.5,339.75,0.14041216003311544,0.0,2.222139006564967,2.9530413808525378,0.915170042032862,0.0,0.0001334481929626,0.0171036211538718,0.3719780219780194,中等方差
340X173,340,2261.076143617016,3.354315187818994,93.0,3417.0,0.013915942164040193,0.0,0.24586859553083948,-1.6171139383600706,0.9147879251050821,0.0,0.0003244719930107,0.0344672761133743,0.2362709966405375,中等方差
440AX50,440A,2257.4235837140177,3.3536130578856387,1.400000000000034,343.85,0.13817755389496386,0.0,2.2227691309576367,2.959149855059591,0.9144058081773022,0.0,0.0001314285471924,0.0170768023807172,0.2348068283917438,中等方差
340X177,340,2247.166458072591,3.3516352438231487,94.0,3416.0,0.01387713329581851,0.0,0.23859930918245045,-1.6330159934282136,0.9140236912495223,0.0,0.0002632264822499,0.0343918321848006,0.2445790869747312,中等方差
440AX12,440A,2120.144815769712,3.3263655262786087,2.400000000000034,301.1,0.15292271771769314,0.0,2.2280902089918677,3.007217504711088,0.9136415743217424,0.0,0.0001209658902902,0.016963679125365,0.1687704163791171,中等方差
440AX8,440A,2045.6087178347934,3.3108225658686297,2.8999999999999773,315.8,0.14321851201501865,0.0,2.2315083400578652,3.0394170300222045,0.9132594573939625,0.0,7.831015586806096e-05,0.0158203425015667,0.2596354602792867,中等方差
440AX9,440A,2031.0613546777224,3.3077230428511415,2.4250000000000114,295.4,0.1525636359605985,0.0,2.2257497011464755,2.995144361607869,0.9128773404661826,0.0,0.0001040845453272,0.0164921090672727,0.1936326750379821,中等方差
440AX42,440A,2025.790082352941,3.3065944406298677,3.400000000000034,293.7,0.15324745603232792,0.0,2.2337342985491224,3.0622758376216055,0.9124952235384027,0.0,0.0001025597343919,0.015317687555266,0.305401633343793,中等方差
440AX11,440A,1973.9168447903623,3.295328853192098,2.6999999999999886,326.5,0.13607590801545202,0.0,2.2360640564280887,3.0712709755028307,0.9121131066106228,0.0,0.0001478162141408,0.0162053238295169,0.2364615384615386,中等方差
344X117,344,1969.9174413530702,3.294448025391991,4.0,1197.0,0.03707915789243639,0.07625,-27.104422266584333,736.0918303829184,0.9117309896828429,0.0,0.000284480731788,0.0349264406959367,0.8872727272727274,中等方差
440AX24,440A,1941.925554380475,3.288232576786466,2.6000000000000227,305.1,0.1444355437557733,0.0,2.2222323870664944,2.971915452670337,0.911348872755063,0.0,0.0001372975493854,0.0183503894189008,0.2115128205128243,中等方差
440AX10,440A,1930.974585669589,3.285776557893278,2.5,312.6,0.14057215582732624,0.0,2.2318633330002826,3.0371777160836038,0.9109667558272831,0.0,0.0001459237579673,0.0161370183422614,0.2502289665730496,中等方差
440AX7,440A,1922.68824904568,3.2839088720205787,2.6000000000000227,304.3,0.14409618526330714,0.0,2.228321905582885,3.0146926063147506,0.9105846388995033,0.0,0.0001293435802406,0.0160989199965282,0.2499928737707319,中等方差
440AX23,440A,1906.513648920524,3.280239918778139,2.400000000000034,322.9,0.1352234195902644,0.0,2.2265393848075927,2.999441630082364,0.9102025219717234,0.0,9.805664785207648e-05,0.0167658934237909,0.0312252964426791,中等方差
312X553,312,1899.686368612396,3.2786819064138153,47.5,934.0,0.04666530159334448,0.00125,1.2449930748411684,0.4046577867673493,0.9098204050439435,0.0,0.0001556922204694,0.0570274679433926,0.0706539288093956,中等方差
312X263,312,1890.7630971161816,3.2766371173905506,4.0,2.0,21.741452901750733,0.1375,26.169148896673804,686.5421826029866,0.9094382881161636,0.0,0.0001402357576311,0.0250837352862534,0.0,中等方差
312X559,312,1861.1616274729365,3.2697840898807042,46.5,948.0,0.04550757647648309,0.00125,1.2002915925762143,0.32314711319220457,0.9090561711883837,0.0,0.0001540878884896,0.0578953215216732,0.1111218546141146,中等方差
312X565,312,1839.120846546906,3.2646102671739894,45.0,896.0,0.04786269226495144,0.00125,1.3615338970410003,0.6072551953509082,0.9086740542606038,0.0,0.0001798984260794,0.0667058693592993,0.1305904004113722,中等方差
440AX22,440A,1833.614219712136,3.2633079682620827,2.1999999999999886,313.5,0.13658922440031487,0.0,2.225115789398872,2.9870851324733776,0.9082919373328239,0.0,0.0001008869788443,0.0174582051198752,0.088839227698869,中等方差
440AX40,440A,1826.2044055068827,3.2615493861311537,3.0,305.6,0.13983675687773625,0.0,2.239493899365377,3.099734575082665,0.907909820405044,0.0,0.0001231910095346,0.0160063504430134,0.3802564102564097,中等方差
440AX41,440A,1814.126905491238,3.2586676644367487,3.6000000000000227,321.8,0.13235726744903592,0.0,2.2451206898645615,3.1495111747390787,0.9075277034772641,0.0,0.0001359839975033,0.0165406206370671,0.3514984100971739,中等方差
344X187,344,1813.6471023979464,3.258552786367399,36.5,920.0,0.0462901476286628,0.07625,-13.82186031600587,297.455733497915,0.9071455865494842,0.0,0.0002045911047597,0.0640931467448802,0.0246158994884329,中等方差
ERROR:#N/A_5,META,1776.0811761297603,3.249462811408546,40.0,634.0,0.06647252068227717,0.07625,-3.971348755216559,72.01321450592636,0.9067634696217043,0.0,0.0002237402227936,0.1222688997145593,0.1394871957662733,中等方差
210X156,210,1653.3193090322845,3.2183567378779605,50.49874999999999,118.2425,0.34387829558013355,0.0,0.05337118516549321,-0.3782145287540324,0.9063813526939244,0.4,0.001016827201751,0.1083201888573661,0.5501697226818354,中等方差
210X148,210,1646.095303469613,3.216454975817181,50.05499999999999,117.485,0.34533855438867395,0.0,0.12627011679392564,-0.3628792216711352,0.9059992357661445,0.0,0.0006691476456351,0.1064886044816295,0.5162136547660824,中等方差
210X162,210,1635.5766795639279,3.2136709096538167,50.37125,116.9275,0.3458746961292783,0.0,0.036105564278858346,-0.40642131526294234,0.9056171188383645,0.4,0.0009342287989986,0.1175788598094021,0.4850649863760102,中等方差
210X150,210,1633.1693865350428,3.2130312305556923,50.16374999999999,117.1925,0.3448385389574436,0.0,0.11815096178335022,-0.3496110651536921,0.9052350019105846,0.6,0.0012187906824441,0.1077980552599604,0.4800401273396786,中等方差
210X166,210,1615.9503299609428,3.208428007580028,50.04124999999999,116.60249999999999,0.34475148204828393,0.0,0.029448762646214308,-0.3798293647105391,0.9048528849828047,0.6,0.0008925431669484,0.1104347298566833,0.4812899541530163,中等方差
210X168,210,1606.2689786578715,3.2058182720544792,50.04875000000001,116.5175,0.3439679500953455,0.0,0.031916490762634496,-0.38191885602521936,0.9044707680550248,0.8,0.0009320465257595,0.1127511293568169,0.4789121100202663,中等方差
210X157,210,1602.3702913521847,3.2047628843500373,41.98249999999999,136.155,0.29400035016574905,0.0,-0.40449793238859677,-0.13072139685546347,0.9040886511272449,1.0,0.0010379543888102,0.1566910480843406,0.145812128514008,中等方差
210X167,210,1602.151937819773,3.204703699406014,41.39499999999998,134.2,0.2982629670955445,0.0,-0.39546844020669414,-0.22209244727890276,0.903706534199465,1.0,0.0012322232647465,0.155485149071579,0.1389806652517188,中等方差
210X149,210,1588.2648055043164,3.2009229124372425,40.140000000000015,134.85500000000002,0.29552512034158773,0.0,-0.36914937115805024,-0.12908354123585308,0.9033244172716851,1.0,0.0011998173099033,0.1460214019225043,0.2251167936727433,中等方差
210X163,210,1578.6467805299062,3.1982849682431795,41.40875,134.63,0.295121356437915,0.0,-0.4199585929657121,-0.12629996630524998,0.9029423003439052,1.0,0.0011308751208621,0.1512950135537784,0.1152243560314823,中等方差
210X151,210,1572.7709740625774,3.1966654855333454,40.133750000000006,135.0075,0.2937479520443444,0.0,-0.38949333583282664,-0.0833529142598417,0.9025601834161253,1.0,0.0010733245413039,0.1500272189738575,0.13309666445134,中等方差
210X169,210,1564.9914145256546,3.194511959368499,41.203750000000014,134.2,0.29478369879073046,0.0,-0.4251213778251708,-0.11308273620173726,0.9021780664883454,1.0,0.0010492113094214,0.1529275644405955,0.1163910789118243,中等方差
440AX84,440A,1555.0630456664578,3.1917480009705814,3.25,468.9,0.08409956854471827,0.0,2.2166751535154794,2.9500284063867017,0.9017959495605655,0.0,0.0001096764687246,0.0190869177461594,0.1857041537130537,中等方差
440AX81,440A,1529.6308922246546,3.1845866459749272,2.0,469.1,0.08337347246700348,0.0,2.2216244502773965,2.966154210049538,0.9014138326327856,0.0,0.0001078955737083,0.0176013716501174,0.1708333333333387,中等方差
210X132,210,1488.138173472936,3.172643257279005,48.22624999999999,111.9,0.34473989269533667,0.0,0.040072556136984586,-0.40015166384261347,0.9010317157050057,0.4,0.0009337915748534,0.1156695621291431,0.4779408356336623,中等方差
210X118,210,1485.6207198817262,3.1719079478585064,48.19499999999999,111.86250000000001,0.3445636448684963,0.0,0.044009631760713,-0.39854127112537263,0.9006495987772258,0.4,0.0012340142747338,0.114056826022113,0.5101893652439309,中等方差
210X120,210,1480.0376846507863,3.170272773521666,48.02874999999999,111.85749999999999,0.3439309648718357,0.0,0.031771820603372046,-0.3815086480040395,0.9002674818494459,0.6,0.0008790597303779,0.1126471006647303,0.4793176619786177,中等方差
210X134,210,1479.7744730338907,3.1701955312191132,48.02874999999999,111.85749999999999,0.3439003809713374,0.0,0.03169503462905511,-0.3811954869178229,0.899885364921666,0.6,0.0011598223189281,0.1126708992811983,0.479409781674426,中等方差
440AX72,440A,1469.5309066176476,3.167178724421798,2.900000000000034,474.6,0.08077214724867449,0.0,2.216904247521677,2.952238074367501,0.8995032479938861,0.0,9.843644498225912e-05,0.0160432492111387,0.2032279986408428,中等方差
210X119,210,1462.924458394738,3.165221900869435,39.66374999999999,128.8125,0.2969292226453674,0.0,-0.4128150380835941,-0.17393962483955638,0.8991211310661062,1.0,0.0011817100644677,0.1526816110384068,0.140426223541859,中等方差
210X133,210,1449.1911518808447,3.1611256737608877,39.60374999999999,128.875,0.2953888911864617,0.0,-0.41921937650540725,-0.13783129810857053,0.8987390141383264,1.0,0.0009948485843932,0.152545583112718,0.1246958036241996,中等方差
210X121,210,1442.220608234237,3.1590316970066734,39.584999999999994,128.8275,0.2947862819136301,0.0,-0.42512048855778817,-0.11282255110651995,0.8983568972105465,1.0,0.001027803155637,0.1529812918553615,0.1170120419981961,中等方差
210X135,210,1442.1670854441477,3.159015579442141,39.58999999999999,128.8225,0.29479225325654135,0.0,-0.425136140757694,-0.11268485761569957,0.8979747802827666,1.0,0.0010305944210378,0.1530076088501269,0.1172521677706829,中等方差
440AX79,440A,1375.4838923498119,3.1384555089354054,2.0,482.4,0.07688125345074243,0.0,2.221818194662598,2.971228809436199,0.8975926633549867,0.0,0.0001630922883322,0.0169244745398177,0.0216374269005834,中等方差
440AX87,440A,1374.083908620149,3.1380132537847056,1.6999999999999886,496.9,0.07459979433221257,0.0,2.2209467151981444,2.9504680819442752,0.8972105464272068,0.0,0.0001091955573606,0.0176793641932601,0.0658333333333182,中等方差
440AX82,440A,1355.5009160826032,3.132099815424055,2.6000000000000227,484.0,0.07606844633470312,0.0,2.2187117871588757,2.9583969794657303,0.8968284294994269,0.0,0.0001292508112049,0.0173953245140357,0.0484452487749905,中等方差
330X637,330,1350.6774510481966,3.1305516495737318,70.0,-60.0,0.6125260654427053,0.0,-0.07873978131471251,-1.4811395632848692,0.896446312571647,0.0,0.0001355388441018,0.02689110731243,0.8542857142857143,中等方差
330X635,330,1350.6601419759018,3.130546084009025,70.0,-60.0,0.6125221406374498,0.0,-0.07873934900956166,-1.4811262930225115,0.8960641956438671,0.0,0.000180046652707,0.0268932893666046,0.8542857142857143,中等方差
330X639,330,1350.6349063829941,3.1305379696205176,70.0,-60.0,0.6125164184608973,0.0,-0.07873662635847369,-1.4811045809561167,0.8956820787160871,0.0,0.0001728976552564,0.0268980093030368,0.8542857142857143,中等方差
310X207,310,1343.5246808510674,3.128245648929942,35.0,-114.0,0.32152738850886675,0.0,-1.2418834708766353,1.918292389137899,0.8952999617883072,0.0,0.0001489383578835,0.0278537524887682,0.0,中等方差
440AX69,440A,1316.6943528786014,3.1194849729391922,1.1999999999999886,507.8,0.0714578244599039,0.0,2.2212023627758573,2.9517377958979463,0.8949178448605273,0.0,0.0001108992536098,0.0167509664143579,0.0348484848484925,中等方差
440AX57,440A,1283.800656680224,3.1084975934954198,1.6000000000000227,511.2,0.07009030528479414,0.0,2.221384505294574,2.9547080133858312,0.8945357279327474,0.0,0.0001113277618469,0.0189831465826537,0.0397814207650134,中等方差
440AX75,440A,1275.2522602628292,3.1055961019493954,2.6999999999999886,475.9,0.07503818936379895,0.0,2.2194434479021563,2.975102645500498,0.8941536110049675,0.0,0.0001352697177009,0.0173357680828582,0.2873910891089232,中等方差
440AX70,440A,1253.8765016270359,3.098254763525685,2.5,488.2,0.07253199228459137,0.0,2.217619768238349,2.9618382840665385,0.8937714940771876,0.0,0.0001047938991618,0.0158189889542896,0.0482542819499355,中等方差
210X1,210,1252.1519645930825,3.0976570392412213,11.959999999999994,100.25,0.35297515558517495,0.0,-1.8982637064017083,1.7171120148020949,0.8933893771494077,0.0,0.0009426561218313,0.1197516329437486,0.9149098860702788,中等方差
360X1127,360,1246.3601061326694,3.0956435395231914,48.125,2484.8,0.014207914382887078,0.0,-0.6102903842375221,0.6123494190845244,0.8930072602216278,0.2,0.0003519567292965,0.0497963380387702,0.0323426085181626,中等方差
440AX17,440A,1223.6283491708384,3.0876495302167264,1.1999999999999886,352.3,0.0992915114955287,0.0,2.2514411674319064,3.15196497956099,0.8926251432938479,0.0,0.0001227959074442,0.0161743540955215,0.2909090909091036,中等方差
312X567,312,1192.3815358170082,3.076415242306188,15.0,297.0,0.11626558250943234,0.00125,1.9827414597445066,2.2175797687009617,0.892243026366068,0.0,0.0002266637845115,0.0397472970234884,0.1285714285714285,中等方差
440AX85,440A,1181.709233901751,3.0725106291286255,1.3999999999999773,507.9,0.06768261061857933,0.0,2.221012271343496,2.9531117480174105,0.8918609094382881,0.0,0.0001650684547219,0.0165640716246393,0.1447148090005289,中等方差
440AX90,440A,1178.603601361077,3.071367763798714,1.6000000000000227,505.8,0.06787425205588844,0.0,2.2220679256808764,2.959716838536089,0.8914787925105082,0.0,0.0001024092366195,0.0165481507253061,0.1282839173405183,中等方差
440AX67,440A,1136.1758886107643,3.0554455686462165,1.3999999999999773,517.6,0.06512211796547199,0.0,2.221090033307054,2.9539091852992927,0.8910966755827283,0.0,0.000102130805306,0.0165162237273242,0.1285714285714617,中等方差
440AX55,440A,1124.4005580569446,3.050921052482354,1.3999999999999773,520.9,0.06437335864645642,0.0,2.22179796844513,2.9581481270131587,0.8907145586549484,0.0,0.0001135667287237,0.0184496714540902,0.0948043184884773,中等方差
440AX73,440A,1099.595889846685,3.0412331078354535,2.1999999999999886,488.3,0.06790939003510282,0.0,2.220474550013106,2.9877014494721195,0.8903324417271685,0.0,9.88950946339542e-05,0.0162213978144667,0.155306321358948,中等方差
310X206,310,1094.6404005006277,3.0392714728496983,49.0,-51.0,0.6487323576462171,0.0,0.9912822636201939,1.445180105037024,0.8899503247993886,0.0,0.0002152777803676,0.025257641691743,0.8204081632653061,中等方差
440AX102,440A,1093.2657603097623,3.0387257467680744,1.5,515.8,0.0641034694878637,0.0,2.2225690606276993,2.9634210938002212,0.8895682078716087,0.0,0.0001125821880971,0.0164414078108262,0.1595687331535971,中等方差
440AX80,440A,1091.6023398623279,3.0380644579141363,2.699999999999932,510.8,0.06468168728317407,0.0,2.2242846617906262,3.0152660407815777,0.8891860909438288,0.0,0.0001119179119372,0.0157933756957028,0.0287590938868417,中等方差
440AX60,440A,1091.3689579317881,3.0379715968810133,2.9249999999999545,482.4,0.06848232546239894,0.0,2.2209766341651522,3.010671235266714,0.8888039740160489,0.0,0.0001211500041448,0.0170340792657785,0.0168731563421788,中等方差
750X1212,750,1081.4082837922463,3.0339896920303238,70.0,64.0,0.51382457540022,0.0,0.4248746009445969,-1.7162044395694427,0.888421857088269,1.0,0.0013113426156983,0.2496469670483307,0.0309201336343616,中等方差
440AX88,440A,1080.6137198998754,3.03367047721297,1.4250000000000682,512.9,0.06409181044079663,0.0,2.2220422309502315,2.962396244291595,0.8880397401604891,0.0,7.279827544051223e-05,0.0163490881669311,0.2306878306878031,中等方差
440AX99,440A,1076.639402002504,3.0320702697385697,1.2000000000000455,506.9,0.06473107860184647,0.0,2.222881395344196,2.9648110876361624,0.8876576232327092,0.0,0.0001178176516002,0.0161052968117739,0.3159201773836101,中等方差
440AX86,440A,1070.9485387828545,3.029768602615614,1.8999999999999773,517.9,0.06318855009484854,0.0,2.2198279839330524,2.9554591577427685,0.8872755063049294,0.0,0.0001427460768879,0.0161412871949175,0.050809889173054,中等方差
210X36,210,1047.0947668961278,3.0199859891072682,15.0,435.0,0.07438814648278505,0.0,-12.014250180108872,159.00680923148576,0.8868933893771495,1.0,0.0013354634199814,0.1870146760809218,0.2,中等方差
440AX68,440A,1042.18357321652,3.0179442235825715,1.7000000000000455,527.2,0.06123457531684309,0.0,2.2201948882656137,2.954238780745091,0.8865112724493696,0.0,0.0001212106490336,0.0162896798236362,0.1665501446480098,中等方差
440AX71,440A,1035.2462477471852,3.015043665075748,2.8000000000000114,508.05,0.06333085872811356,0.0,2.2185820259515396,2.992077760840023,0.8861291555215896,0.0,9.943920619943122e-05,0.0157751952427146,0.1622216462782471,中等方差
440AX63,440A,1032.7781838391743,3.0140070554218688,3.0,474.5,0.06772785337921303,0.0,2.219155831569377,3.020044082757124,0.8857470385938097,0.0,0.000130804771334,0.0162985772400366,0.1158800397757464,中等方差
440AX89,440A,1025.2431034887363,3.0108268565970646,1.900000000000091,520.5,0.06151665245093417,0.0,2.221109576242165,2.9652893031321907,0.8853649216660298,0.0,0.0001355976484398,0.016186551249927,0.1619023047815934,中等方差
440AX212,440A,1021.2990988735957,3.009152948715309,0.0,100.0,0.3195777055543136,0.0,-2.223477365465574,2.9567284584629236,0.8849828047382499,0.0,3.640862057193644e-05,0.0208564378683637,0.0,中等方差
440AX56,440A,1017.9331932259079,3.0077192762665486,2.0,530.9,0.060096186329608184,0.0,2.219465698526535,2.9557083792052685,0.88460068781047,0.0,0.000121341761753,0.0174024943651694,0.0160818713450145,中等方差
312X555,312,1005.4291517278829,3.0023514731449064,20.5,314.0,0.10098249308956192,0.00125,1.7767497421228668,1.7830673342660215,0.8842185708826901,0.0,0.0003054084783451,0.0611196122915888,0.172485178307972,中等方差
440AX66,440A,1003.9598459167705,3.0017163432417653,1.1999999999999886,508.7,0.06228685945224959,0.0,2.222912189462101,2.9665333242386396,0.8838364539549102,0.0,0.0001206481626469,0.0162234623651054,0.2210101010101005,中等方差
440AX83,440A,1002.8406247809777,3.001231918785225,3.0,515.9,0.06138332811052995,0.0,2.218449746639227,2.9908816321001996,0.8834543370271303,0.0,0.0001143963357905,0.0166581474745319,0.026088726088711,中等方差
440AX100,440A,994.6235737015012,2.997658748287674,1.2999999999999545,522.7,0.06033604987330289,0.0,2.2227371611358335,2.9670499659829472,0.8830722200993504,0.0,0.0001266649459606,0.0163602863078405,0.1782051282050857,中等方差
210X218,210,989.9718397997497,2.995622841068744,0.0,100.0,0.3146381794696489,0.0,-2.4772855693092173,4.147305831085026,0.8826901031715705,0.0,0.0004392862075752,0.0425385220691841,0.0,中等方差
440AX16,440A,986.8648810857322,2.99425769429483,1.1000000000000227,349.7,0.08983244389474676,0.0,2.2512796107411095,3.15085788380152,0.8823079862437906,0.0,0.0001423267472499,0.0162240313777122,0.3236363636363367,中等方差
440AX97,440A,974.2556281445563,2.988672923333154,1.3999999999999773,514.4,0.0606785929763204,0.0,2.22253554094506,2.96750339822,0.8819258693160107,0.0,9.685097074428748e-05,0.0161786256553116,0.3306907378336094,中等方差
440AX93,440A,955.2853016113908,2.980133095574526,3.324999999999932,476.0,0.0649321218648926,0.0,2.2228640623433185,3.062485791868381,0.8815437523882308,0.0,0.000147774267534,0.0166182669075043,0.0195061801183509,中等方差
360X704,360,950.0176740300356,2.9777316849333926,0.3,-0.1,308.2235672413833,0.0,-2.8064221081851897,5.989371812438829,0.8811616354604509,0.0,0.0001753277555112,0.0574207522033375,0.4333333333333334,中等方差
440AX18,440A,947.1268225281598,2.9764081359583283,1.1000000000000227,346.45,0.08883078547289276,0.0,2.2467621407577334,3.1194570607269805,0.880779518532671,0.0,0.000147716672181,0.0161749550409588,0.1563636363636598,中等方差
310X42,310,927.0303879849879,2.9670939705176256,49.0,-56.0,0.543699530845992,0.0,0.7420952392006218,0.6469150213404968,0.8803974016048911,0.0,0.0003689396914654,0.025663731938139,0.7183673469387755,中等方差
344X108,344,923.9398476664107,2.965643697760239,2.0,795.0,0.03823443881483242,0.07625,-24.5422144240195,638.942584016012,0.8800152846771112,0.0,0.0001721521812076,0.0619210476773331,0.0,中等方差
440AX64,440A,914.7728144555692,2.9613132496083363,1.400000000000091,515.9,0.058626112483365134,0.0,2.2227578893027897,2.9698097109398285,0.8796331677493313,0.0,0.0001336464526553,0.0164213534621439,0.2358163265306204,中等方差
310X43,310,914.0921636420574,2.960989985824952,5.0,-109.0,0.2773757534715791,0.0,2.4278224190990754,7.409001781555194,0.8792510508215514,0.0,0.0002579561145235,0.1521456451568791,1.0,中等方差
440AX101,440A,912.8476251407996,2.960398290038876,1.6000000000000227,532.2,0.05677070334152324,0.0,2.2220182487391984,2.971025340852954,0.8788689338937715,0.0,0.0001648717072301,0.0164829645238204,0.1581147540983367,中等方差
440AX74,440A,910.7560337765951,2.959402057132949,2.5,507.1,0.05951239359922269,0.0,2.220919361286038,3.0166306064045543,0.8784868169659916,0.0,0.0001402787091988,0.0163677155749943,0.0242944582299473,中等方差
440AX58,440A,899.4698272215259,2.9539865994870422,2.7000000000000455,496.6,0.0603929973526601,0.0,2.222744314452343,3.0457755012342336,0.8781047000382117,0.0,0.0001317828922605,0.0170471912516518,0.0811428571428527,中等方差
344X230,344,880.0301623449271,2.944497557508664,7.0,3050.0,0.009726328632867699,0.07625,8.945400268938037,82.67390321119015,0.8777225831104318,0.0,0.0001582005796106,0.0489244348439231,0.4132096474953609,中等方差
440AX61,440A,877.3525204005025,2.943174128033363,2.8000000000000114,487.7,0.06073433888864281,0.0,2.223691982123278,3.0697560278253135,0.8773404661826519,0.0,0.0001317594151537,0.0164712282053242,0.0329570446735425,中等方差
440AX98,440A,873.8658620775971,2.941444773789589,1.6000000000000227,523.9,0.05642531450597999,0.0,2.222074807322567,2.9740824830984467,0.876958349254872,0.0,0.0001327355668094,0.016546000912328,0.3214285714285668,中等方差
440AX78,440A,868.0348585106369,2.9385371659078743,1.1000000000000227,513.1,0.05742044690478717,0.0,2.226861399907087,2.9887162692068117,0.8765762323270921,0.0,0.0001366960191487,0.01598881219968,0.1689898989899488,中等方差
330X1229,330,865.7794988110066,2.9374072977410934,59.5,-98.8,0.29781509345041957,0.0,0.7319901527915931,-0.8663637612741142,0.8761941153993121,0.0,0.0001955241773083,0.0520393263808281,0.9956302521008404,中等方差
330X1225,330,865.7744449455436,2.9374047626010356,59.5,-98.8,0.29781422422239223,0.0,0.7319473563135832,-0.8663886991518326,0.8758119984715322,0.0,0.0001709136935517,0.0520333916842214,0.9956302521008404,中等方差
330X1227,330,865.7655680694642,2.937400309711389,59.5,-98.8,0.2978126974582593,0.0,0.7318714368811371,-0.866433196097264,0.8754298815437523,0.0,0.0002187986448744,0.0520284414336781,0.9956302521008404,中等方差
440AX96,440A,862.9462312265335,2.9359837363767434,2.6999999999999886,485.0,0.06056896180147299,0.0,2.221913659267426,3.035576703868375,0.8750477646159724,0.0,0.0001027593882774,0.0167254869482954,0.198421094369548,中等方差
440AX65,440A,850.0063454161455,2.9294221677953884,1.7999999999999545,524.4,0.0555966214664617,0.0,2.221750092797881,2.973474302533319,0.8746656476881925,0.0,8.784981665655213e-05,0.0166654490366579,0.2962895927601774,中等方差
312X561,312,820.7275102650233,2.9141989909425052,25.0,341.0,0.08401273369653421,0.00125,1.5742785536154116,1.806687825675224,0.8742835307604127,0.0,0.0002741768044289,0.0644037923993434,0.2011688944281005,中等方差
440AX91,440A,819.3774767834802,2.9134840218052016,3.1999999999999886,488.1,0.058645298782847834,0.0,2.2263610909299376,3.1109565787646254,0.8739014138326328,0.0,0.0001023852700385,0.016998510956811,0.08307734108118,中等方差
420X228,420,813.1465677443815,2.910168833202387,6.0,50.0,0.5703144984109667,0.005,1.317456466952901,0.12033080451683453,0.8735192969048529,0.6,0.0014489479121888,0.1476732613992387,0.6666666666666666,中等方差
400X57,400,809.7371702865823,2.9083440756474723,47.0,61.0,0.4664898544178789,0.00625,-0.27045508630834786,-1.114050455809293,0.873137179977073,0.0,0.0001952259693666,0.0221406654345856,0.2234675785207699,中等方差
440AX76,440A,777.7773628128914,2.8908552988673497,1.2999999999999545,520.7,0.05355993875833742,0.0,2.2280842495752986,3.002490631228806,0.8727550630492931,0.0,0.0001185171049351,0.0165366040223799,0.2353146853146729,中等方差
210X152,210,764.9658973844744,2.8836420744897375,40.00375,-12.095,2.2867314488362713,0.0,-1.5106238377764782,4.307959369178772,0.8723729461215132,0.0,0.0003458431664561,0.0498359146957802,0.2620776329496918,中等方差
312X528,312,755.8496104505631,2.8784353935850104,54.0,77.0,0.35704830163893647,0.0,-0.17139668690335153,-1.8463136366381068,0.8719908291937333,0.0,0.000146098488978,0.0073089625313431,0.7689948854035541,中等方差
440AX77,440A,748.3457449311635,2.874102293618008,1.6000000000000227,526.7,0.05193831170582437,0.0,2.2294730383604975,3.0175578507958747,0.8716087122659534,0.0,0.0001102894424207,0.0169654925294194,0.2085714285714153,中等方差
312X1,312,737.7763391739732,2.8679247230906313,60.0,126.0,0.21557173466731733,0.0,0.03257746958904793,-1.8027085220609216,0.8712265953381735,0.0,0.0001148723518058,0.0103514625437558,0.6833333333333333,中等方差
440AX207,440A,718.8085106383039,2.8566132104811373,0.0,20.0,1.340530222186639,0.0,2.221093981876693,2.940603750866461,0.8708444784103936,0.0,1.4272985693676796e-05,0.0203761465397161,0.0,中等方差
440AX62,440A,709.4923023153941,2.850947687911769,3.0249999999999773,511.2,0.05210543174486922,0.0,2.235180280819261,3.222304734121079,0.8704623614826137,0.0,0.000125907768162,0.017003771605607,0.0797638741187113,中等方差
440AX94,440A,708.3053336045059,2.8502205120882165,2.6000000000000227,498.8,0.05335606724661265,0.0,2.225941590833994,3.095730899442806,0.8700802445548338,0.0,0.000143889605866,0.0177336671055235,0.2362861030390602,中等方差
312X57,312,688.5063688986221,2.8379079619709153,34.0,357.0,0.07349973358101816,0.0,0.7695236542672218,0.023124607758810534,0.8696981276270539,0.0,0.0001831275478183,0.0613882298168487,0.1459225017758299,中等方差
ERROR:#N/A_7,META,669.5997741032885,2.825815298471297,8.0,267.0,0.0969162023166225,0.07625,-8.728094906215064,81.92425546594019,0.869316010699274,0.0,0.0001481750303284,0.0168972513958648,0.0,中等方差
440AX92,440A,659.8114080100133,2.8194198201407703,3.6999999999999886,511.3,0.05023820541455303,0.0,2.2436375860482425,3.3226309901725735,0.8689338937714941,0.0,0.0001235688610105,0.0176574989349988,0.0725412065742523,中等方差
440AX170,440A,651.4790498122662,2.8139004542815718,0.5,578.4,0.04412878222540563,0.0,-2.229915221663864,3.00113677643378,0.8685517768437142,0.0,0.0001281696754535,0.0255906134905774,0.3800000000001035,中等方差
440AX59,440A,647.4098122027535,2.8111792773236104,3.1000000000000227,523.4,0.048613391476536184,0.0,2.231878210524406,3.195592832054478,0.8681696599159343,0.0,0.0001105741073292,0.0174816725172277,0.0480459770114819,中等方差
360X434,360,638.0192428035048,2.8048337773377017,13.200000000000003,118.5,0.2131564792633003,0.0,-2.2575285882218377,3.9625244944276563,0.8677875429881544,0.2,0.0003759200636261,0.1045201967220474,0.023627106331718,中等方差
440AX168,440A,637.5063103723406,2.804484488002185,0.5,578.6,0.043637897182145384,0.0,-2.229883534097533,3.00119913653527,0.8674054260603745,0.0,0.0001329456208071,0.0258152117968606,0.5000000000001421,中等方差
440AX169,440A,631.5043033635797,2.8003763143857094,0.5,578.8,0.043416982324282906,0.0,-2.2296754597985826,3.000796320660811,0.8670233091325946,0.0,0.000121600520398,0.0258652720714001,0.4000000000000909,中等方差
210X153,210,594.9331030878535,2.7744681344795374,22.6175,-2.71,9.00046145525731,0.0,0.7971983046680431,1.1356940941456415,0.8666411922048147,0.6,0.0003221985296655,0.1424716692485639,0.026985899333651,中等方差
440AX181,440A,565.3510790832294,2.75231822544213,0.5,576.4,0.04125106263907714,0.0,-2.229384385901807,2.99996642687014,0.8662590752770347,0.0,0.0001308714574752,0.0268367176993697,0.4400000000001398,中等方差
440AX180,440A,540.820553426157,2.7330531882404303,0.40000000000009095,574.5,0.04047963250460542,0.0,-2.2301679050488477,3.0041177076593346,0.8658769583492548,0.0,9.888864774540516e-05,0.0267110315231742,0.3083333333334114,中等方差
360X1356,360,539.0408034417974,2.731621640954645,39.2,-60.1,0.38631035407963227,0.0,0.6808476655095906,0.16735986847548778,0.8654948414214749,0.0,0.0002919086237486,0.1507490526690564,0.5164990697430578,中等方差
312X700,312,528.4198357321649,2.722979111719431,23.0,2952.0,0.00778705429315134,0.0,-1.2965549626649056,0.9675734732476493,0.865112724493695,0.0,0.000101563929554,0.0245098659862196,0.03,中等方差
210X5,210,518.1600372866076,2.7144639152975105,20.152499999999996,57.195,0.3979915884134998,0.0,-1.3825678930938778,0.6836171188271849,0.8647306075659151,0.0,0.0010571789155025,0.1566152294556967,0.982699659220812,中等方差
440AX182,440A,515.7491049906121,2.7124384829893953,0.39999999999997726,572.4,0.03967524492186097,0.0,-2.2307882671125827,3.0082973697120776,0.8643484906381352,0.0,8.752939032377937e-05,0.0266194412744767,0.25,中等方差
520X174,520,485.13957415495776,2.685866702653515,48.0,125.0,0.1762070734843448,0.0025,-0.8706065661405371,-1.2451712359899185,0.8639663737103553,0.0,0.0001754342343867,0.0577199773533698,0.0,中等方差
344X113,344,471.9464008713145,2.6738926784484787,2.0,1198.0,0.018133829213224963,0.07625,-27.124605397913285,736.8243947567938,0.8635842567825754,0.0,0.000305579460655,0.0322118689399231,0.0,中等方差
440AX95,440A,467.78077371714613,2.6700423678789855,3.0,527.75,0.04098198046427066,0.0,2.2559311791709664,3.444130261381141,0.8632021398547955,0.0,0.0001525711387652,0.0195323514494474,0.1175513452064961,中等方差
440AX203,440A,461.79214253754674,2.664446539058384,0.6999999999999318,577.6,0.03720455248279553,0.0,-2.234161918731131,3.032796305935954,0.8628200229270157,0.0,9.765451632333174e-05,0.0272276585123308,0.3333333333333965,中等方差
440AX201,440A,451.3296551783482,2.6544938703187038,0.6000000000000227,577.9,0.03676158607348859,0.0,-2.2340486366203525,3.0325197774671215,0.8624379059992358,0.0,0.0001456287033147,0.0274086701346331,0.3666666666667361,中等方差
440AX202,440A,450.057335669588,2.6532678448391884,0.6000000000000227,578.4,0.03667799932096243,0.0,-2.2333741403657235,3.030183648579219,0.8620557890714559,0.0,0.0001249991873114,0.0272896629112509,0.3000000000000833,中等方差
312X480,312,413.78656914893656,2.6167763900533334,40.0,32.0,0.6356795155064447,0.0,0.08182523776908865,-1.894589179405249,0.861673672143676,0.0,0.0001279632924997,0.0095843128716879,0.8884615384615385,中等方差
344X48,344,411.1262515644739,2.6139752085867096,0.0,3076.0,0.006591758276604879,0.0,-3.111536368967235,7.944809988485948,0.8612915552158961,0.4,0.0004622634280512,0.1829349529944134,0.0,中等方差
440AX172,440A,408.6761260168976,2.6113792679000825,0.6000000000000227,576.1,0.035090677940397386,0.0,-2.233534061749388,3.03036124243578,0.8609094382881162,0.0,0.0001057734515388,0.0273271103192332,0.3033333333334143,中等方差
210X39,210,392.6722998496564,2.594030266060978,15.6025,50.25,0.3943474773127272,0.0,-1.4397790072311005,0.8344895536326264,0.8605273213603363,0.6,0.0006450516836115,0.1298073348490948,0.4837258586625756,中等方差
311X199,311,390.617977599292,2.5917522271558853,25.0,88.0,0.22459156501144192,0.00625,1.3847190023884166,4.730272251958244,0.8601452044325564,0.0,0.0004772170080226,0.0355461814209453,0.1,中等方差
440AX171,440A,386.63251408009944,2.587298373468559,0.5,574.1,0.03425008391392259,0.0,-2.234632436896653,3.0365310866756134,0.8597630875047765,0.0,0.0001242091083137,0.0274457924815053,0.2033333333333811,中等方差
344X19,344,376.598671777223,2.575878783973689,7.0,238.5,0.08136750674861143,0.0,-2.01758022798116,2.894736497985096,0.8593809705769966,1.0,0.0007273592899708,0.1215561340924943,0.1980295566502463,中等方差
440AX173,440A,365.168998185231,2.5624939000545086,0.6999999999999318,572.0,0.03340803417369572,0.0,-2.2352955681056943,3.041694466410693,0.8589988536492167,0.0,0.0001177490423611,0.0273914080322471,0.1500000000000315,中等方差
330X1020,330,361.5712818523166,2.558193928915157,12.974999999999909,2448.9,0.007764722034359637,0.0,1.4426359615031648,1.5651842084363121,0.8586167367214368,0.0,0.0001631762732692,0.1106186413792919,0.0560730535919512,中等方差
312X468,312,317.82752033792224,2.50219149958449,34.0,2991.0,0.005960453946709058,0.0,-0.33798093757415687,-1.5629719389153522,0.8582346197936569,0.0,0.0001412082258278,0.0052012559192408,0.6153297682709448,中等方差
210X190,210,316.10962196495575,2.499837715398854,24.725,50.650000000000006,0.3510260992286404,0.0,-0.12513980884878312,2.3705222683724854,0.857852502865877,0.8,0.0006884947055624,0.2241996839388778,0.0311618682227952,中等方差
360X1297,360,313.4429435387994,2.4961584971239104,37.30000000000001,181.05,0.09778690920620947,0.0,-0.7010369891311748,-1.4970027605553957,0.8574703859380971,0.0,0.0002478537238179,0.1150221151671087,0.0053455785946033,中等方差
440AX178,440A,302.6324630162703,2.4809155124268907,0.8000000000000682,581.7,0.029906025026837316,0.0,-2.232027334163118,3.0415438120336056,0.8570882690103172,0.0,0.0001130583234941,0.0278223082706298,0.2874999999999129,中等方差
440AX179,440A,301.1809661921157,2.4788275221802856,1.0,579.4,0.029952651274069986,0.0,-2.232361538351463,3.0447355642590566,0.8567061520825373,0.0,0.0001354272106918,0.0270563755261094,0.1400000000000318,中等方差
312X462,312,297.31293961201476,2.4732138109197255,33.0,3008.0,0.005732302143699833,0.0,0.3366889996038013,-1.5567308410558767,0.8563240351547573,0.0,0.000166273106742,0.0088413057937092,0.6042378673957621,中等方差
440AX177,440A,295.7339674436796,2.470901209633104,0.8000000000000682,580.25,0.029637082950469722,0.0,-2.2330205484251504,3.0457738658208795,0.8559419182269774,0.0,0.0001174641871818,0.0274322115718755,0.1678571428570112,中等方差
312X63,312,288.2143914267834,2.4597156626722536,26.0,314.0,0.05406649089606937,0.0,-0.013046983936094474,-0.7939576111541489,0.8555598012991975,0.0,0.0001538801128066,0.0479824713885835,0.3869694718793105,中等方差
312X560,312,288.06500920637103,2.4594905084314416,16.0,715.0,0.023737731458061496,0.00125,1.0177549592105333,-0.24537465836593997,0.8551776843714176,0.0,0.0001405706986739,0.0052828305784872,0.020915926179084,中等方差
440AX190,440A,257.3112077596993,2.410458703280629,0.8999999999999773,574.2,0.027936124884363617,0.0,-2.239315526319668,3.084280688261904,0.8547955674436377,0.0,9.235449422842522e-05,0.029780781682428,0.2499999999998934,中等方差
312X566,312,249.44686810894564,2.396978055593134,23.0,701.0,0.022530509342023726,0.00125,0.8486542974097435,-0.5247708301914114,0.8544134505158578,0.0,0.0001426585461863,0.0090790278489045,0.0,中等方差
210X221,210,247.49295994993741,2.393562849740782,0.0,50.0,0.3146381794696489,0.0,-2.4772855693092173,4.147305831085026,0.8540313335880779,0.2,0.0004040588326685,0.0425385220691841,0.0,中等方差
312X554,312,242.40737638840517,2.3845458311544756,19.5,706.0,0.022053027271143274,0.00125,0.8971342672239335,-0.4582331560166941,0.853649216660298,0.0,0.0001586784160823,0.0084862883077245,0.0,中等方差
440AX189,440A,241.87657171464335,2.3835938044189207,0.7000000000000455,572.3,0.027175225484514048,0.0,-2.241966724209787,3.0978463074103697,0.8532670997325181,0.0,8.555979602086866e-05,0.0298002517428527,0.333333333333207,中等方差
440AX176,440A,229.5746178817272,2.360923870122889,1.125,575.9,0.026309637028078276,0.0,-2.232443021891442,3.070455889464399,0.8528849828047382,0.0,9.361695119083814e-05,0.0300144809797181,0.102222222222246,中等方差
312X676,312,227.7834479712234,2.357522162605538,15.0,2085.0,0.007238607392243603,0.1375,-0.059817622427010685,-0.450339280323258,0.8525028658769583,0.0,0.0002014591859613,0.0846936658716181,0.2041666666666666,中等方差
440AX191,440A,227.5025180068836,2.356986207808266,1.2000000000000455,570.1,0.026457089282376396,0.0,-2.2418700720651747,3.106503648979439,0.8521207489491784,0.0,0.0001147009032937,0.0294983034657182,0.2181818181818632,中等方差
440AX175,440A,224.4103437891115,2.351042871064518,0.8999999999999773,577.6,0.025935477663601957,0.0,-2.233382977544047,3.072745800037384,0.8517386320213985,0.0,9.889632051926296e-05,0.0291097925997716,0.1035714285714545,中等方差
440AX174,440A,222.7784520650814,2.3478731820053094,0.8999999999999773,576.5,0.025890311719354554,0.0,-2.2338586068501787,3.0746350381409906,0.8513565150936186,0.0,0.0001395879895546,0.0296699629621936,0.0333333333333291,中等方差
330X6,330,222.04043114831097,2.346432061954502,29.10000000000001,98.7,0.15097285860671103,0.0,0.1781065590659751,-1.2508993541036955,0.8509743981658388,0.0,0.0001868035656219,0.0367580326144159,0.6239233344459063,中等方差
330X3,330,218.772954385843,2.3399936317062386,28.31675,97.76650000000001,0.15128878948583865,0.0,0.18300861334172086,-1.3014279333510057,0.8505922812380589,0.0,0.0001772736408436,0.0388324614176021,0.6064985920449093,中等方差
312X670,312,217.94658084600675,2.338350060179306,14.0,2071.0,0.0071284471021638455,0.1375,-0.11593965820066407,-0.34795885354646927,0.850210164310279,0.0,0.0001960793436031,0.083695553537973,0.2035699123821392,中等方差
330X9,330,214.09495269086403,2.330606428880872,28.0,96.9,0.1510008657850037,0.0,0.2075629469243765,-1.3267866718887216,0.8498280473824991,0.0,0.0002405924116592,0.0370793479348709,0.5616988380735929,中等方差
312X576,312,210.15171307884856,2.3225329345634815,28.0,5005.0,0.002896425654273023,0.0,0.3506368020549961,-1.595265994606,0.8494459304547192,0.0,0.0001592615980745,0.0089935950579619,0.6951109169457793,中等方差
440AX206,440A,209.684223638923,2.3215657559574474,0.5,580.9,0.02492765936947961,0.0,-2.251153132543128,3.1492804003729766,0.8490638135269393,0.0,0.0001109628964076,0.0295541637071692,0.183333333333387,中等方差
312X582,312,208.9710575719656,2.320086140622123,28.0,4995.0,0.0028940603133812714,0.0,-0.34771204238901876,-1.614229832407076,0.8486816965991594,0.0,0.0001603857064989,0.0053737605880325,0.6826052133391582,中等方差
344X104,344,207.60587991535712,2.3172396496515213,2.0,798.0,0.018055808230197173,0.07625,-27.056649811884423,734.3604412532509,0.8482995796713795,0.0,0.0002186644121237,0.0361972671322346,0.1987012987013031,中等方差
440AX204,440A,204.42991013767303,2.3105444377318958,0.40000000000009095,581.1,0.024604885220256126,0.0,-2.2514438363682627,3.150405922233719,0.8479174627435996,0.0,0.0001323173579464,0.0297413197024134,0.2750000000000284,中等方差
312X682,312,202.89704465619178,2.307275721262742,11.0,2049.0,0.006951778119222842,0.1375,-0.2709818610641499,-0.13841204673944496,0.8475353458158197,0.0,0.0002247511111648,0.0783890588229506,0.2346153846153846,中等方差
440AX205,440A,202.5212636889864,2.3064706286271153,0.2999999999999545,581.4,0.024477118302406984,0.0,-2.250912548318744,3.147829066912939,0.8471532288880398,0.0,9.513059973450634e-05,0.0300547636858068,0.2666666666667677,中等方差
440AX160,440A,198.69898496558227,2.2981956485644073,0.900000000000091,575.2,0.02450636777979294,0.0,-2.239610830140453,3.0926947324477325,0.8467711119602599,0.0,0.0001415298902085,0.0296438186058189,0.3184523809522479,中等方差
310X37,310,197.6168194618266,2.2958239052748803,0.0,0.0,,0.0,11.438242872068505,129.15699308927802,0.8463889950324799,0.0,8.00662018613287e-06,0.0609731278877575,0.0,中等方差
210X219,210,193.0559848404255,2.2856832695336675,7.325000000000003,41.5,0.3348062357071395,0.0,-2.1223685882938534,3.1702515004830936,0.8460068781047,0.0,0.0003483709767026,0.0479729018728505,0.0963852441488224,中等方差
440AX159,440A,183.34842152690865,2.263277175408679,0.6999999999999318,573.1,0.02362697812726653,0.0,-2.242470185363221,3.1091432383501916,0.8456247611769201,0.0,9.117424596575385e-05,0.0293042574545278,0.2864761904762561,中等方差
210X220,210,179.3199499374207,2.253628608947351,0.10000000000000142,42.6,0.3143436599171854,0.0,-2.477207202932156,4.14708343047135,0.8452426442491402,0.0,0.0004405471577617,0.042006600269163,1.0,中等方差
312X636,312,177.69821652065073,2.249683069003237,30.0,34.0,0.3920691015384734,0.0,-0.05807699156752639,-1.7777713373935737,0.8448605273213603,0.0,0.0001459334286162,0.008882840309863,0.6793103448275862,中等方差
750X368,750,173.881509136421,2.2402534008239288,6.829999999999998,74.35,0.17735593555859328,0.0,-2.4035331867974006,5.088785025496829,0.8444784103935804,0.0,0.0002065964856849,0.1660412449907701,0.2200684727141734,中等方差
440AX161,440A,170.1627043804754,2.230864379152455,1.099999999999909,570.8,0.02285326339588646,0.0,-2.2418546519728775,3.1183993324491217,0.8440962934658005,0.0,0.000143631977287,0.0291453502693517,0.215691056910508,中等方差
312X630,312,165.26768460575644,2.218187942685727,28.0,31.0,0.41469832145882424,0.0,-0.08530047943807018,-1.715123425349099,0.8437141765380206,0.0,0.0001357075067096,0.0152650246528998,0.6161375661375661,中等方差
440AX194,440A,164.47084128598286,2.2160889138904216,0.5,579.5,0.022130489323523753,0.0,-2.260523240190704,3.216404665532039,0.8433320596102407,0.0,8.048797910406711e-05,0.0310689710370483,0.2500000000000454,中等方差
312X642,312,163.1308573216517,2.2125361185937926,28.0,31.0,0.4120086798354899,0.0,-0.0851752323146978,-1.7078691452213757,0.8429499426824608,0.0,0.0001041451278034,0.0153600369093586,0.6206349206349207,中等方差
312X701,312,161.76488781402784,2.2088842608890533,18.0,2930.0,0.004340847313608962,0.00125,0.4910825703355701,-0.3216765185608632,0.8425678257546809,0.0,0.0001824231870999,0.0303015728050969,0.0666666666666666,中等方差
440AX192,440A,160.83206882040093,2.2063726484120805,0.39999999999997726,579.7,0.021876761080671308,0.0,-2.2600366449082148,3.214131998165766,0.842185708826901,0.0,0.0001048382629525,0.0312446273569074,0.299999999999801,中等方差
440AX193,440A,159.78788671777238,2.2035438530065816,0.40000000000009095,580.0,0.021794350597074318,0.0,-2.2587539456208563,3.2095003753133513,0.8418035918991211,0.0,0.0001031406677242,0.031461335416306,0.2833333333333333,中等方差
344X232,344,155.76693033506777,2.192475261440333,15.0,2937.0,0.00424945939920605,0.07625,-0.06393056095662199,2.2609631526973977,0.8414214749713412,0.0,0.0002389899183113,0.0678362959222208,0.0557296472966094,中等方差
210X11,210,151.99402036983724,2.1818265026061816,13.615,25.125,0.49068997005083265,0.0,-0.3236841666696545,-0.2800602262863565,0.8410393580435613,1.0,0.0017914327646066,0.2095717393415129,0.4648790867920447,中等方差
312X753,312,145.83301181614863,2.1638558451532313,2.0,101.0,0.11956568293472977,0.00125,2.072635809156507,2.4515426623948895,0.8406572411157814,0.0,0.0001664383668814,0.0397359370793011,0.0,中等方差
330X749,330,141.18285851063706,2.149781970751537,23.9,23.8,0.4992453497718649,0.0,-0.21664352427648337,-1.9579451842257596,0.8402751241880015,0.0,0.000150111464261,0.0336751868848927,0.996652719665272,中等方差
330X759,330,140.7850082548038,2.1485564106380584,23.867,23.8,0.49854142218497083,0.0,-0.21664220722984476,-1.9579439412462067,0.8398930072602216,0.0,0.0001870911359483,0.0336348673347505,0.997469309087862,中等方差
330X858,330,140.36011938360247,2.1472437289336344,23.8,23.8,0.49778855521424475,0.0,-0.21663132112345915,-1.9579339182683568,0.8395108903324418,0.0,0.0001846451599612,0.0336757254112723,1.0,中等方差
330X393,330,137.90998942427993,2.1395957251658095,10.0,64.2,0.18292069151146345,0.0,1.3794796924386468,27.45222275460342,0.8391287734046619,0.0,0.0001596410639105,0.0488634707482772,0.6051170798898072,中等方差
330X420,330,136.3235463621261,2.134570875438095,9.616750000000003,64.1165,0.1821023837066751,0.0,1.372318612510434,27.547165897636702,0.838746656476882,0.0,0.0002314137348872,0.0497301007145164,0.6280287310692254,中等方差
330X410,330,134.7748817115146,2.1296089593316214,9.5,64.0,0.1813946632493642,0.0,1.3356391077552001,27.2572848034147,0.8383645395491021,0.0,0.000203924233795,0.0499261796384548,0.6630849816484495,中等方差
750X294,750,132.7389107382671,2.12299824947974,9.840000000000003,74.6,0.154440179340255,0.0,-2.1813423242102012,5.954407519510417,0.8379824226213222,0.8,0.0006507172849683,0.2167453605067197,0.280285634339588,中等方差
750X115,750,129.54499646495648,2.1124206434922495,6.722499999999997,74.98,0.15179759317420502,0.0,-2.5700592883377866,7.507969970195198,0.8376003056935423,0.0,0.0002346229540843,0.1668828674928461,0.5945687761682373,中等方差
312X51,312,125.60481695869841,2.099006294962228,17.0,341.0,0.03286614511619506,0.0,-0.12923406985449085,-0.42872258362436044,0.8372181887657624,0.0,0.0003600439056061,0.0937030419022164,0.0985080988917306,中等方差
330X719,330,122.25601487797248,2.0872702351907675,22.2,7.7,1.435966778257988,0.0,0.21668047748189925,-1.9579152405885472,0.8368360718379825,0.0,0.0001241311211276,0.0336025227093311,0.9995495495495496,中等方差
330X729,330,122.25152229126246,2.087254275718594,22.2,7.7,1.4359403940161255,0.0,0.2166808319893383,-1.9579189346095112,0.8364539549102025,0.0,0.0001004860120294,0.0335799107908386,0.9998513513513514,中等方差
330X828,330,122.23997733103683,2.087213260693276,22.2,7.7,1.4358725900909448,0.0,0.21668100971869267,-1.9579191253774024,0.8360718379824226,0.0,0.0001290823752223,0.0335459121885054,1.0,中等方差
210X222,210,121.2715503754667,2.083758929769286,0.0,35.0,0.31463817946964545,0.0,-2.4772855693092173,4.147305831085026,0.8356897210546427,0.0,0.0003792544703862,0.0425385220691841,0.0,中等方差
344X231,344,115.97606382978742,2.064368364922527,15.0,2967.0,0.003629665772879699,0.0,-1.3795818682778698,8.42850606245167,0.8353076041268628,0.0,0.0002804955184761,0.1389491221201429,0.2666666666666666,中等方差
312X66,312,109.8954896628305,2.040979868449509,4.5,220.0,0.04765047710401544,0.00125,-2.0940181018675177,3.043491574278987,0.8349254871990829,0.0,0.0001616378280175,0.0171243358209123,0.125,中等方差
330X296,330,109.39044660810379,2.0389793954293105,5.709999999999994,89.11,0.11737166193155883,0.0,-1.9111219322546682,2.7681928640833977,0.834543370271303,0.0,0.0005298047750691,0.2130142117099733,0.9135937294628852,中等方差
330X510,330,109.29887549441601,2.038615693797075,5.6882499999999965,89.11,0.11732252553829998,0.0,-1.9125659278552178,2.7722445582960713,0.8341612533435231,0.0,0.000402203287396,0.2130163528329265,0.9173755468329552,中等方差
330X403,330,109.1782086469023,2.0381359642953885,5.689999999999998,89.11,0.11725774514263082,0.0,-1.9135986786803392,2.775136122015824,0.8337791364157432,0.2,0.0005395710210535,0.2128044585271339,0.9219592270397876,中等方差
440AX144,440A,103.09588659261553,2.013241337778505,2.5,604.6,0.016793937246976618,0.0,-2.0297401576586402,2.9777629753700268,0.8333970194879633,0.0,0.0001284705865593,0.0457847723960736,0.27934782608698,中等方差
330X266,330,102.05816097856705,2.0088477383636807,5.427500000000009,88.19,0.11455248809976333,0.0,-1.5852087579787038,1.6975379482028012,0.8330149025601834,0.2,0.0004428399026765,0.211568204691415,0.5036537607341345,中等方差
330X286,330,101.94074815774542,2.0083478166137656,5.4252500000000055,88.19,0.11448657567675748,0.0,-1.5874935741824152,1.702435901523109,0.8326327856324035,0.4,0.0005717662625834,0.211588796326333,0.5020510052706484,中等方差
330X276,330,101.79352897856677,2.0077201707490184,5.430000000000007,88.19,0.11440387710130849,0.0,-1.5893850002699095,1.7061866062143984,0.8322506687046236,0.2,0.0004025676449417,0.2113858452398907,0.5002424240252794,中等方差
440AX184,440A,100.01077440550681,2.00004679012794,0.8999999999999773,578.0,0.017301970079178452,0.0,-2.251899023198751,3.2546873442222672,0.8318685517768437,0.0,7.823255352294293e-05,0.030450030226927,0.088888888888886,中等方差
360X327,360,99.77844993992488,1.9990367528827162,8.974999999999994,76.33500000000001,0.13085630909329293,0.0,-1.6080988395753337,3.111932050366363,0.8314864348490638,0.0,0.0002809658819007,0.0631983461042343,0.0657489906315188,中等方差
440AX187,440A,98.3556443053819,1.9927992876955636,1.5,576.7,0.01719688125421673,0.0,-2.2335398306641596,3.2047872933410906,0.8311043179212839,0.0,0.0001614491435404,0.0349609763631569,0.1164835164834792,中等方差
312X21,312,95.53271237484225,1.9801521084555227,23.0,88.0,0.1110691330709459,0.0,0.17298996777527237,-1.7020092727103664,0.830722200993504,0.0,0.0001492965100859,0.0181399930618017,0.4130434782608695,中等方差
440AX166,440A,95.31333110137676,1.9791536479506115,1.3999999999999773,574.3,0.01699957280069895,0.0,-2.2297347195924617,3.242933907925403,0.8303400840657241,0.0,0.0001217343401269,0.0389135983720909,0.304945054945073,中等方差
440AX185,440A,94.79317340425511,1.9767770624476233,1.1000000000000227,575.0,0.016932484492547886,0.0,-2.2582810595288323,3.2923346463505716,0.8299579671379442,0.0,0.0001142602950411,0.0321057163624809,0.0800000000000182,中等方差
440AX188,440A,94.71391683354204,1.9764137969541906,1.7999999999999545,574.1,0.016951937855264953,0.0,-2.2375689737091258,3.2389722755215535,0.8295758502101643,0.0,0.0001441942346663,0.0349881879789386,0.1336309523809676,中等方差
520X3,520,92.10738588355196,1.9642944566882725,6.0,530.0,0.01810803639662557,0.015,3.819111102119467,22.293157413351356,0.8291937332823844,0.0,0.0002580579825745,0.0499330643225665,0.0,中等方差
440AX186,440A,91.17691608260334,1.9598848987788837,1.8000000000000682,574.9,0.016609254538068184,0.0,-2.237133354850847,3.232944735510376,0.8288116163546045,0.0,0.0001074502703651,0.0348406149160065,0.1690225563910024,中等方差
440AX183,440A,91.08161295369227,1.959430712881682,0.900000000000091,575.7,0.016577503450731577,0.0,-2.260090897997198,3.29918879171281,0.8284294994268246,0.0,0.0001227949647268,0.0321746326021325,0.0374999999999626,中等方差
330X616,330,90.78710270588259,1.9580241566542882,7.150000000000006,89.36500000000001,0.10662145839697129,0.0,-1.7880881743539538,2.0751912498566734,0.8280473824990447,0.0,0.0004985669316423,0.2238707917845111,0.9338449124021216,中等方差
210X92,210,90.77921501877447,1.957986423014799,0.0,135.0,0.07057639043742286,0.0,-14.062130563221007,196.2350235781903,0.8276652655712649,0.0,0.0001527588270339,0.073191609797689,0.0,中等方差
330X112,330,90.7095493664516,1.957653009428889,7.102499999999992,89.3335,0.10661348875100078,0.0,-1.7895033937015388,2.078728781760465,0.827283148643485,0.2,0.0007876868762766,0.2238377444419549,0.9316510440655836,中等方差
210X93,210,90.70014003441852,1.9576079575797016,0.09999999999999432,134.9,0.07059794004870945,0.0,-14.06154006768259,196.22398154011435,0.8269010317157051,0.0,0.0002382261204713,0.0651646716459248,0.0,中等方差
330X105,330,90.60966536780343,1.9571745265069895,7.079999999999998,89.28,0.1066186260519135,0.0,-1.7906779720938766,2.0814008721447035,0.826518914787925,0.0,0.0005096969716322,0.2236015073894172,0.9389820449690622,中等方差
344X6,344,89.68645768147685,1.9527268711576302,4.0,106.0,0.08934239086458465,0.0,-0.7023721804438414,3.288949113148062,0.8261367978601452,0.2,0.0003466057440831,0.1206456467106985,0.3249999999999993,中等方差
330X714,330,89.03352608870465,1.9495535735394884,9.5,90.59,0.10415893414172829,0.0,-1.1368217914496135,0.3216009687565138,0.8257546809323653,0.0,0.0004501380364579,0.2018820050312131,0.9675245138197228,中等方差
330X633,330,89.00630858240157,1.949420789627253,9.5,90.5535,0.1041849898715167,0.0,-1.1361925378182622,0.32088861318766293,0.8253725640045854,0.0,0.0004628922189488,0.2018485607514403,0.9674695342244396,中等方差
330X717,330,88.98516203989361,1.949317595617634,9.5,90.49000000000001,0.10424571432162376,0.0,-1.1351894189193674,0.31908298859042894,0.8249904470768055,0.0,0.0005421636877125,0.201608771880113,0.9679715827356892,中等方差
360X115,360,85.96531620525656,1.9343232649768811,6.802499999999995,74.215,0.12493092073066416,0.0,-1.7485445056063433,3.239093857787637,0.8246083301490256,0.0,0.0002977897836096,0.0446604211705024,0.0853711122268003,中等方差
440AX167,440A,84.37340118898602,1.9262055563708778,1.7000000000000455,571.0,0.016086689153723664,0.0,-2.2351422320217598,3.293098337311066,0.8242262132212457,0.0,0.0001959472622682,0.0400884996670108,0.1741176470588739,中等方差
440AX165,440A,84.26670782227777,1.9256560269988785,1.3999999999999773,572.0,0.016048409026745113,0.0,-2.2387551116377775,3.298762720412035,0.8238440962934658,0.0,0.0001401370414514,0.0404431020210803,0.220236367406184,中等方差
750X327,750,82.56406762187103,1.9167910808700646,1.9350000000000023,80.75,0.11252603324283209,0.0,-2.4235691817242078,4.297586258392134,0.8234619793656859,0.4,0.0003145960501645,0.210135924365489,0.3334905222784108,中等方差
440AX117,440A,81.93145117334166,1.9134506471698212,1.2000000000000455,609.6,0.014848424165049267,0.0,-2.224661392253026,3.1701637551725907,0.823079862437906,0.0,8.887756451125928e-05,0.0373245615885225,0.3512121212121383,中等方差
312X702,312,81.85919429361913,1.9130674657483264,12.0,2955.0,0.003061795974005365,0.00125,0.22784029097401778,-0.3222769218535593,0.8226977455101261,0.0,0.0001683347432454,0.0169022187148032,0.1333333333333333,中等方差
ERROR:#N/A_23,META,81.65511879746678,1.9119834149858843,9.0,76.0,0.1188989762395285,0.07625,-0.7267883126351594,9.136976714103739,0.8223156285823462,0.0,0.0001615937361307,0.0329269084117135,0.2444444444444444,中等方差
220X70,220,81.27779398433516,1.9099719076190789,14.0,6.0,1.5025699649483435,0.00125,0.6326388911608178,-1.1072151149205585,0.8219335116545663,0.8,0.0005498078097958,0.1193900526006579,0.0408791208791208,中等方差
220X3,220,81.1809699624528,1.9094542360281295,14.0,6.5,1.386161273457885,0.0,0.6321630343110061,-1.105758523547602,0.8215513947267864,1.0,0.0007391219695848,0.1190001930350922,0.0408791208791208,中等方差
440AX163,440A,78.89393928347914,1.8970436415257632,1.5,573.7,0.01548235320201614,0.0,-2.22924292040528,3.3110740947199657,0.8211692777990065,0.0,0.0001369639162727,0.0368653936810323,0.1475939849623442,中等方差
750X743,750,78.56226432790989,1.8952139922298192,5.144999999999996,76.66,0.11562138867928262,0.0,-2.165909059472955,4.8489991303876705,0.8207871608712266,0.4,0.0003459043591066,0.1812985057754679,0.08325597581719,中等方差
440AX153,440A,77.80543415206499,1.891009930406635,1.1999999999999318,611.4,0.014427116235788833,0.0,-2.2190325020978134,3.16802784072451,0.8204050439434467,0.0,9.70878514435387e-05,0.0384451992174546,0.3764189778475459,中等方差
330X694,330,77.62626715331656,1.8900087025656538,4.359999999999999,89.6,0.0983323326402008,0.0,-1.7342054551618227,1.6581327934586563,0.8200229270156668,0.2,0.0005687816075355,0.2107199461615048,0.9118907358784328,中等方差
330X691,330,77.55537628710246,1.8896119093177768,4.360749999999996,89.6,0.09828742222053047,0.0,-1.7354850448216506,1.6605829492654784,0.8196408100878869,0.2,0.000477552082295,0.210727574955771,0.9112521185551924,中等方差
330X697,330,77.47342693351055,1.8891527668276578,4.352499999999992,89.59,0.09824644550370215,0.0,-1.736353146902315,1.661916500891179,0.819258693160107,0.0,0.0003651101576914,0.2105202407848759,0.9014273990431648,中等方差
330X206,330,77.19661742412383,1.887598270980529,9.784999999999997,89.94,0.09768913233448827,0.0,-1.1406311193293053,0.36635224000585875,0.8188765762323271,0.2,0.0006677923063444,0.2270668566096053,0.9527182076137548,中等方差
330X226,330,77.15914824890477,1.8873874248707283,9.781750000000002,89.93350000000001,0.0976724804393009,0.0,-1.1404287718333184,0.36620610605582726,0.8184944593045472,0.0,0.0004822992314547,0.2270663014851093,0.9519887452516022,中等方差
330X216,330,77.1134556170212,1.8871301652151102,9.784999999999997,89.85,0.09773429873722073,0.0,-1.139997147263748,0.3652682967194094,0.8181123423767673,0.0,0.0005916927707879,0.2268586990016429,0.9512833981010098,中等方差
440AX211,440A,76.6934861906441,1.8847584795736219,0.0,100.0,0.08757481726537834,0.12125,-10.711223550395617,113.74114047568312,0.8177302254489874,0.0,9.976529975102538e-05,0.0571427586414164,0.0,中等方差
344X15,344,75.21745581977518,1.8763186396139122,4.0,106.0,0.08181886573799975,0.0,-1.3944345606537865,3.908446093999956,0.8173481085212075,0.6,0.0006462256130999,0.1395407198266288,0.3249999999999993,中等方差
312X60,312,75.21340899181628,1.876295273198325,9.0,259.0,0.03348481258435707,0.00125,-0.30495016616658305,2.1756103942005143,0.8169659915934276,0.0,0.0001137421543118,0.0472065962732119,0.2069444444444444,中等方差
344X182,344,75.17716022897734,1.876085916480504,0.0,0.0,,0.07625,15.721003892106955,246.6981209228057,0.8165838746656476,0.0,0.0002128000729975,0.0088783481157626,0.0,中等方差
440AX111,440A,72.2140374061326,1.858621626592639,3.0,598.8499999999999,0.014190338632369277,0.0,-1.828745362820017,2.929733767347514,0.8162017577378677,0.0,9.59018343831107e-05,0.0505069181443552,0.2153266399915843,中等方差
330X674,330,71.85720895869841,1.8564703445500073,8.730000000000004,94.75999999999999,0.08945613292101995,0.0,-1.0408366442067378,-0.06277451401212364,0.8158196408100878,0.0,0.0003534057619755,0.2092723780320257,0.969597666579741,中等方差
330X671,330,71.82836570447425,1.8562959851357472,8.730000000000004,94.7415,0.08945564184583178,0.0,-1.040014834459664,-0.0641126207674585,0.815437523882308,0.2,0.0005872535061327,0.2091627543519769,0.9687947374284356,中等方差
330X677,330,71.79542324389847,1.8560967600741607,8.715000000000003,94.735,0.08944126244929324,0.0,-1.0386231873316591,-0.066987958333665,0.815055406954528,0.0,0.000349093505763,0.2088253744583589,0.9682105889399214,中等方差
312X478,312,70.27744683536318,1.8468159752840625,0.0,50.0,0.16766328976298084,0.1375,-1.514663637646008,0.29505275034260814,0.8146732900267482,0.4,0.0003242134293155,0.104722809505983,0.0,中等方差
330X707,330,70.05407769461826,1.8454334196893152,10.512499999999989,89.86500000000001,0.09313783343686238,0.0,-0.6951718470233773,-0.4571860987093914,0.8142911730989683,0.0,0.0003712923522018,0.1941559871668898,0.985099190046786,中等方差
330X701,330,70.05217576243894,1.845421628657436,10.493750000000006,89.9065,0.09309357813643682,0.0,-0.6978653747286547,-0.45447321806409,0.8139090561711884,0.0,0.0006050283607495,0.1944818539975651,0.9872509440455132,中等方差
330X704,330,70.05019608119535,1.8454093552800654,10.482499999999987,89.94,0.09305758858541364,0.0,-0.6997896549396972,-0.4529453711371567,0.8135269392434085,0.0,0.0004249823780682,0.1945682727096112,0.9879632463079324,中等方差
360X702,360,68.50089365707137,1.8356962372997712,12.319999999999993,80.64,0.10263549933340044,0.0,-0.40976266794025423,-0.4730385522960412,0.8131448223156286,0.2,0.0004425608648534,0.119983466090578,0.2582964991624771,中等方差
440AX199,440A,67.89635638297874,1.831846468754359,1.6000000000000227,573.6,0.014365279877016319,0.0,-2.2104111968861333,3.311084906256303,0.8127627053878487,0.0,0.0001525237579291,0.0424114888741854,0.3497645211931075,中等方差
440AX141,440A,67.81060949624543,1.83129764792614,1.3000000000000682,611.5,0.013466426423891203,0.0,-2.216506663130138,3.1889538136612643,0.8123805884600688,0.0,0.0001008447446926,0.0399561381708213,0.3342657342657044,中等方差
220X11,220,67.52857196418064,1.8294875657333045,14.333808249999999,-13.156304500000001,0.6246113422637287,0.0,0.595022485288379,-0.9173758489745372,0.8119984715322889,0.0,0.0002782785277926,0.004172077956952,0.4261295391056457,中等方差
440AX164,440A,67.15791575406753,1.8270972093458007,2.7000000000000455,569.9,0.014379704043859754,0.0,-2.2010260803735937,3.2922377617684457,0.811616354604509,0.0,9.17525760795746e-05,0.0485104728968706,0.0953763197347184,中等方差
440AX162,440A,66.97488108573205,1.8259119511887014,1.8999999999999773,570.9,0.014334941751852426,0.0,-2.2275835088622014,3.3591323296601825,0.8112342376767291,0.0,0.0001383888238932,0.0452204027548783,0.1725146198830832,中等方差
330X333,330,66.73959268523161,1.8243835518078944,11.412499999999994,92.2,0.08860553554268519,0.0,-0.7467735155158463,-0.5530205709767557,0.8108521207489492,0.0,0.0003232773228434,0.2014572291138701,0.937209705820772,中等方差
330X353,330,66.72353417061305,1.824279041678627,11.417999999999992,92.165,0.08862851924428465,0.0,-0.7449631085172612,-0.5545618970174839,0.8104700038211693,0.2,0.000412754315704,0.2013997191936764,0.9374986437467732,中等方差
330X343,330,66.70022466192133,1.8241272967241713,11.405000000000001,92.125,0.08865151207452106,0.0,-0.7423266090312844,-0.5572942483922185,0.8100878868933894,0.2,0.0005305186530562,0.2011203269019172,0.939949633008095,中等方差
440AX150,440A,65.46998308823525,1.8160422287379878,1.1000000000000227,608.7,0.013292841078704196,0.0,-2.2212612062844626,3.2099451705398403,0.8097057699656095,0.0,7.226755992458501e-05,0.0417378345738174,0.4545454545454921,中等方差
ERROR:#N/A_11,META,65.26370306633262,1.8146717120453013,3.0,23.0,0.3512432767254957,0.0,2.6697897678428437,7.143591742986491,0.8093236530378296,0.6,0.0005106506517381,0.2035993086680275,0.4333333333333333,中等方差
220X4,220,64.61554592943219,1.8103370179815597,13.886797499999997,-12.6354595,0.6361762750837613,0.0,0.5864314183253938,-0.901892466902821,0.8089415361100497,0.0,0.0002303878658822,0.0043500273785019,0.4145136734384497,中等方差
312X46,312,63.99749687108835,1.8061629877911798,15.0,94.0,0.08510471864801374,0.0,0.24320329882033345,-1.0652445345092367,0.8085594191822698,0.0,0.0001654159295292,0.0386422311076238,0.5333333333333333,中等方差
344X10,344,62.42876581664646,1.7953847492462298,4.0,106.0,0.07453950585514907,0.0,-2.197636555070619,5.2355629591968516,0.8081773022544899,0.4,0.0005954326912266,0.1616158814125826,0.3249999999999993,中等方差
440AX147,440A,62.32215369211515,1.7946424530155949,2.7000000000000455,600.2,0.013153012577867633,0.0,-1.8766425594845229,2.988872945363692,0.80779518532671,0.0,0.0001146664892243,0.0530753064511065,0.4806153846153936,中等方差
440AX196,440A,62.16345993429289,1.7935351787103802,1.3999999999999773,573.4,0.013750228039450075,0.0,-2.225969993683703,3.419525268380899,0.8074130683989301,0.0,0.0001055988002655,0.0433316731334687,0.2153846153846719,中等方差
750X765,750,60.72748546167076,1.7833852986965824,7.672499999999985,81.14,0.09604121508391981,0.0,-1.6608426021103804,1.9417118179940038,0.8070309514711502,1.0,0.0007413522001512,0.2444558576932657,0.1745199901573764,中等方差
344X13,344,60.391785732165566,1.7809778715053135,4.0,106.0,0.07331335097220024,0.0,-2.3436569197006327,5.556535846439852,0.8066488345433702,0.4,0.0003713424882989,0.1674695552480015,0.3249999999999993,中等方差
310X11,310,60.02730873700745,1.7783488726434364,9.206145500000002,-19.434653,0.3986553947361437,0.0,0.7641350492366096,1.1663736227555548,0.8062667176155903,0.0,0.0002686183179775,0.1230808937954097,0.6236693004671218,中等方差
310X4,310,59.875151605494324,1.7772466260693212,9.113205500000001,-19.7292785,0.39220408220033287,0.0,0.7944302176343089,1.2504013274095174,0.8058846006878104,0.0,0.0002624881260085,0.1233800428366717,0.6158155568104272,中等方差
360X294,360,59.49858678097629,1.7745066504258162,10.43249999999999,79.45,0.09708662938128974,0.0,-1.3636205852263183,5.668535463609405,0.8055024837600305,0.4,0.0004400497120386,0.1145444696973175,0.0801516160755404,中等方差
440AX200,440A,58.42805000000016,1.7666213922426408,1.8999999999999773,569.6,0.01341963536626859,0.0,-2.210529787623375,3.3813747584843474,0.8051203668322506,0.0,0.0001338808453974,0.0408170021061304,0.3866830065359581,中等方差
330X1103,330,57.601376720901065,1.760432863547261,6.0,349.0,0.021746581900616832,0.0,-0.5119947203457839,12.003558183355585,0.8047382499044707,0.0,0.0002042616698063,0.0229546305383798,0.6678571428571429,中等方差
440AX198,440A,57.036312828535614,1.7561514423350586,1.6000000000000227,570.8,0.013230972193753413,0.0,-2.2187749384162605,3.4020276952117445,0.8043561329766908,0.0,0.0001240866895695,0.0425490589636627,0.4087500000000085,中等方差
312X64,312,55.28224503687236,1.742585671618807,9.0,233.0,0.031910742889195785,0.00125,0.8168093254276085,-0.11514494694875665,0.8039740160489109,0.0,0.0001663734190296,0.0292517005121857,0.2345374931581828,中等方差
330X1097,330,55.18164967019865,1.7417946796871138,6.333000000000027,350.0,0.021224100600198255,0.0,-0.3480615435194162,13.314499159227813,0.803591899121131,0.0,0.0001158336600226,0.0222576214425315,0.7121670335860448,中等方差
440AX114,440A,55.16692841051308,1.7416788039414135,2.7000000000000455,599.4,0.012391465251564529,0.0,-1.8360742426695658,3.062753011718624,0.8032097821933512,0.0,0.000112977932365,0.0573842275635276,0.2815503259570636,中等方差
330X1100,330,55.06494211514389,1.7408751870249035,6.0,351.0,0.02114124100257214,0.0,-0.07515640246637346,14.008169972234475,0.8028276652655713,0.0,0.0001423558099081,0.0276960199097013,0.7184761904761905,中等方差
520X140,520,54.92985005360955,1.7398084134947098,14.0,8.0,0.9264334337056545,0.01125,0.5509653713687684,-1.0932310313815632,0.8024455483377914,0.0,0.0002859407067585,0.1439688010457048,0.7430857142857142,中等方差
440AX197,440A,54.664931163954954,1.7377088055618994,1.7999999999999545,569.8,0.012975734713205057,0.0,-2.2374501704715626,3.512810743480258,0.8020634314100115,0.0,9.690009032805557e-05,0.0496080797882878,0.1963504191083623,中等方差
360X368,360,54.15441531664586,1.7336338712934223,13.935000000000002,84.96,0.08661685922240567,0.0,-0.3870873893849584,-1.2000677924179992,0.8016813144822316,0.6,0.0005944923173266,0.1760663386781022,0.6490425389725468,中等方差
440AX116,440A,53.758539173967606,1.730447458756618,0.8999999999999773,604.3,0.012133082066871553,0.0,-2.2440814747847155,3.320012374674424,0.8012991975544517,0.0,0.0001609412324836,0.0424971370079244,0.339393939393857,中等方差
210X209,210,53.65003419508766,1.7295700031096706,1.0700000000000003,20.68,0.3541885089530783,0.0,-1.9505937778677318,1.8335268263869118,0.8009170806266718,0.0,0.0006020366196522,0.0970297933563214,0.8751283102082222,中等方差
440AX195,440A,52.87749161451825,1.7232708450439305,1.3999999999999773,570.9,0.012737241392625036,0.0,-2.2455558366403854,3.541972876406982,0.8005349636988919,0.0,0.0001378675308051,0.0485657934226132,0.199419448476105,中等方差
330X592,330,51.90659493366699,1.715222540147921,9.564999999999984,88.33000000000001,0.08156484958553673,0.0,0.502855435620953,-0.014632659109943713,0.800152846771112,0.0,0.0002142919094178,0.0223790773795014,0.4095877852719513,中等方差
330X140,330,51.73972565707145,1.7138241215986172,6.640000000000001,89.8,0.0801005916851028,0.0,-1.147710904018199,0.44880565565672104,0.7997707298433321,0.6,0.0008385271933619,0.2373133678353723,0.9496222550498086,中等方差
330X157,330,51.70795633686471,1.7135573734100173,6.60775000000001,89.797,0.08007867138767884,0.0,-1.1471866358409522,0.44742153421374287,0.7993886129155522,0.2,0.0005533314736658,0.2372570789159656,0.9495280220106536,中等方差
330X147,330,51.67455501314148,1.7132767454605398,6.572500000000005,89.765,0.0800813410939946,0.0,-1.1456864942076546,0.4444506432399886,0.7990064959877723,0.2,0.0005652891701571,0.2368970379649428,0.9515203636491172,中等方差
312X93,312,50.89346057572123,1.7066619823695126,0.0,4010.0,0.0017790437100149044,0.0,18.837750060734894,368.8532199915482,0.7986243790599924,0.0,4.945998652480759e-05,0.0720116489504452,0.0,中等方差
344X176,344,49.53719649561984,1.6949314245159766,6.0,62.0,0.11352042876063724,0.0,1.3123441667282003,1.2038523546765587,0.7982422621322125,0.8,0.0006785122353204,0.1563326316614625,0.1599999999999999,中等方差
750X702,750,48.65957432900504,1.6871683054297193,2.4325000000000045,80.48,0.08667546594757929,0.0,-2.275415284360268,3.6329084666798517,0.7978601452044326,0.4,0.0003820639189645,0.1989665904213828,0.2116516495367754,中等方差
312X58,312,47.96176298066817,1.6808951385365642,10.0,294.0,0.023555929120134635,0.00125,-0.08480104755862693,-0.5351889087183523,0.7974780282766527,0.0,0.0002173405948762,0.0855359750370923,0.0581818181818181,中等方差
440AX152,440A,47.174470025031255,1.6737070298439145,0.900000000000091,605.3,0.011347046667522549,0.0,-2.246498739656021,3.376730124537371,0.7970959113488728,0.0,5.906768115243222e-05,0.0432640146899622,0.3711111111110655,中等方差
344X168,344,46.971489361701884,1.671834330915928,0.0,0.0,,0.0,7.817985116253919,70.2303046883321,0.7967137944210928,0.0,4.487045588909135e-05,0.0993545928606333,0.0,中等方差
210X77,210,45.90698372966237,1.661878758838836,0.0,96.0,0.07057780481969166,0.0,-14.062228281866503,196.2368516576524,0.7963316774933129,0.0,0.0,0.053101751908426,0.0,中等方差
360X155,360,45.39083039737179,1.6569681279664121,11.127500000000012,83.48,0.08070521960334515,0.0,-0.5466714672165531,0.23050657388432638,0.795949560565533,0.2,0.0003724219303903,0.1305959946585022,0.4471037288141055,中等方差
312X16,312,44.775893304129994,1.6510442590254648,8.0,94.0,0.07118594847519762,0.0,1.1922706968461563,0.4516681816031842,0.7955674436377531,0.0,0.0001484188197364,0.0559666518438973,1.0,中等方差
360X228,360,44.148524868429334,1.6449161971048907,12.842500000000001,83.41,0.07965994043937198,0.0,-0.18336257769022515,-1.3742734207542389,0.7951853267099732,0.0,0.0005058052044791,0.1732579922432984,0.6834172230833759,中等方差
310X101,310,43.7921114359211,1.6413958851981283,8.505591250000002,16.872998,0.39219828256613853,0.0,-0.3725905068157059,0.14912851134260263,0.7948032097821933,0.0,0.0003618697181993,0.1178472737143159,0.6222676635571645,中等方差
310X105,310,43.71824118992413,1.6406626817114403,8.565457749999998,16.226154,0.40748886651986443,0.0,-0.3140507525436458,0.017972030097336056,0.7944210928544134,0.0,0.0003291873696405,0.1133654031399624,0.6304014509283694,中等方差
340X69,340,43.50963078848554,1.6385853979972973,0.0,795.0,0.008297085593611085,0.0,-10.421501779087968,109.6961309402196,0.7940389759266335,0.0,0.0001028059628197,0.0279242590915557,0.0,中等方差
310X109,310,43.50501511410999,1.6385393238705188,8.565595250000001,16.182036,0.4076021807761668,0.0,-0.28205235120691463,-0.04084362894754401,0.7936568589988536,0.0,0.0003755411608712,0.112158673240455,0.6555761769746286,中等方差
312X703,312,43.48989808689442,1.63838838995204,8.0,2977.0,0.0022152123314120578,0.00125,-1.2430934599467136,1.4991577425655378,0.7932747420710737,0.0,0.0001690161666979,0.0355928109708492,0.0,中等方差
310X117,310,43.46231380342791,1.6381128431375727,8.883900749999999,15.473031500000001,0.4260700546555966,0.0,-0.24140048130124167,-0.11107264161957842,0.7928926251432938,0.0,0.0002596641360085,0.1125462108900331,0.6874310773223664,中等方差
330X590,330,42.99220198246405,1.6333896894608722,9.139250000000004,87.477,0.07495506137704158,0.0,0.3700204925914649,-0.00012440233219379593,0.7925105082155139,0.0,0.0001802367697741,0.0214246668415979,0.4873704633202266,中等方差
310X113,310,42.78179835348216,1.6312590363967625,8.483617250000002,15.7203325,0.41607132954483383,0.0,-0.2882138936337234,0.012416799896501463,0.792128391287734,0.0,0.0003916820754882,0.1160795489971938,0.6493583477607295,中等方差
310X121,310,42.19890139857542,1.6253011447354404,8.6969235,14.956167,0.434340439576759,0.0,-0.19400298490358311,-0.14581801350191315,0.7917462743599541,0.0,0.0002063996421181,0.1086046219443442,0.6861359040146203,中等方差
440AX120,440A,41.3732533010013,1.6167196720949681,1.2000000000000455,603.6,0.010656402234811804,0.0,-2.2314364113716523,3.3982798080893337,0.7913641574321743,0.0,0.0001151195525274,0.0459429956180247,0.3954545454545285,中等方差
360X776,360,40.85409119508767,1.6112355540014331,14.25,83.32,0.076712920297202,0.0,-0.19523350446081064,-1.3556057776133927,0.7909820405043944,0.4,0.0006144180452932,0.1662205037025882,0.6116564609905542,中等方差
344X208,344,40.784455569462416,1.6104946692971869,3.0,18.0,0.35479282586949845,0.0,2.515920179221288,6.652426746696216,0.7905999235766145,1.0,0.0005792328172272,0.1872894481557324,0.0,中等方差
360X765,360,40.384390415519405,1.6062135317840371,8.342500000000001,80.735,0.07871271929799913,0.0,-1.1013080355591367,3.791292337766623,0.7902178066488346,0.0,0.0002386718383358,0.1232828620441089,0.1396779652847182,中等方差
440AX126,440A,40.05844053504385,1.6026940383123272,1.8999999999999773,597.5,0.01059275943767514,0.0,-1.9605011548297515,3.2922241307533415,0.7898356897210547,0.0,0.0001142542925884,0.0542936841086423,0.3499318390737201,中等方差
750X155,750,39.835282321495626,1.6002678994539692,3.6400000000000006,80.8,0.07811286894493154,0.0,-2.218511953915313,4.791247027383107,0.7894535727932748,0.4,0.0003929900029507,0.1878113348666095,0.1528747987208097,中等方差
440AX118,440A,39.65819647997495,1.5983329600809686,1.0249999999999773,600.8,0.010481816586667038,0.0,-2.254082247207597,3.444150689986034,0.7890714558654949,0.0,0.0001239988907851,0.0471859600391818,0.3577777777777449,中等方差
312X26,312,39.39580569461842,1.59544998678379,15.0,94.0,0.06677242359035461,0.0,0.19568452362510336,-1.6039149391551006,0.788689338937715,0.0,0.0001971433401203,0.0541367835106673,0.0,中等方差
312X594,312,39.05663172715891,1.591694786689059,13.0,56.0,0.1115987592953542,0.0,-0.09861067890818088,-1.7658844256576902,0.7883072220099351,0.0,0.0001698042815531,0.012600046483041,0.9230769230769232,中等方差
750X776,750,38.986832920995006,1.590917956890962,8.712499999999991,76.07499999999999,0.08207615773088957,0.0,-1.5119942788236722,3.695853692624559,0.7879251050821552,1.0,0.0010326035618481,0.260372866810866,0.3572528748435883,中等方差
344X250,344,38.41479349186438,1.5844985028739786,0.0,82.0,0.07558496199675711,0.0,-1.4018418116795404,14.53596326783236,0.7875429881543753,0.2,0.000334645880468,0.0555901104273788,0.0,中等方差
360X743,360,38.404586135012444,1.5843830893207,11.680000000000007,85.6,0.07239653487221467,0.0,-0.11346134091422498,-1.320051346727948,0.7871608712265954,0.2,0.0005738749397468,0.1652023306559511,0.6691659472989641,中等方差
330X594,330,38.36970356054439,1.5839884439072789,8.372500000000002,86.475,0.0716314349595688,0.0,-0.12945190970822174,3.483060545135957,0.7867787542988154,0.0,0.000183901452348,0.0282440884158834,0.5962032593331894,中等方差
340X161,340,38.05913485607002,1.5804589118673116,13.0,90.0,0.0685467623174587,0.0,-0.21683804550413696,-1.532058021685471,0.7863966373710355,0.0,0.0002612793943311,0.0341195068086307,0.1326530612244897,中等方差
340X165,340,38.0070071964954,1.5798636730963989,13.0,90.0,0.0684998037272987,0.0,-0.21216676908519533,-1.5283327862780496,0.7860145204432556,0.0,0.0002827173237154,0.0360747129410602,0.125,中等方差
440AX129,440A,37.14444931163955,1.5698939240606997,1.1000000000000227,601.1,0.010139119321813845,0.0,-2.2500802825635424,3.5302506763234387,0.7856324035154757,0.0,0.0001391974949222,0.0526008134946702,0.4436363636363515,中等方差
440AX123,440A,37.04302822277838,1.5687064825100476,2.099999999999909,595.8,0.01021533803412906,0.0,-1.8952714727018858,3.2285949464251065,0.7852502865876958,0.0,0.0001209102950975,0.0567955054909906,0.3297354497354579,中等方差
340X163,340,36.83673967459338,1.5662811849343627,12.0,91.0,0.06669590964635183,0.0,-0.25958074103199114,-1.5492319041930556,0.7848681696599159,0.0,0.0002915010681325,0.0356402860844186,0.0663265306122448,中等方差
312X588,312,36.072338861076396,1.5571743020502433,11.0,50.0,0.12012050426313803,0.0,-0.028553721687313717,-1.730492889342923,0.784486052732136,0.0,0.0001031821747649,0.0080464674034931,0.7692307692307693,中等方差
312X600,312,35.96135168961195,1.5558360073188975,11.0,50.0,0.11993556885196643,0.0,-0.028066063570504368,-1.730638278748498,0.7841039358043561,0.0,0.0001974334140533,0.0082917127658685,0.7692307692307693,中等方差
312X18,312,35.7368990373309,1.5531168651980707,3.0,97.0,0.061629223851826,0.00125,1.5206831330682362,1.5967216110670903,0.7837218188765762,0.0,0.0001794357076225,0.0742974920621051,0.0,中等方差
340X183,340,35.710874530663894,1.5528004858464084,10.0,2975.0,0.002008691643616411,0.0,-0.2689160937576175,-0.6686872356480795,0.7833397019487963,0.0,0.0002495353100791,0.0129839578369904,0.0,中等方差
330X585,330,34.86137025015646,1.5423444533530442,6.989999999999995,91.1,0.06481176516022638,0.0,0.9415546774507673,0.6278520144152355,0.7829575850210164,0.0,0.0001449257020513,0.0288008461787454,0.3341267760442811,中等方差
440AX140,440A,34.8255944305382,1.5418985380378354,1.0,604.1,0.009768782343871036,0.0,-2.2483637244948285,3.5009316131116632,0.7825754680932365,0.0,0.0001205526369026,0.0479898829335077,0.3166666666666128,中等方差
210X112,210,34.50022691088225,1.537821951473853,0.6799999999999999,1.525,3.8515995922233746,0.0,10.356085501315803,111.99567698558702,0.7821933511654566,0.0,0.0002894433078583,0.0667664312776221,0.4376507449265157,中等方差
360X25,360,34.060300062578335,1.532248469667333,5.667500000000018,915.27,0.0063763919848679376,0.0,-1.334886976875153,2.4845202633818513,0.7818112342376767,0.0,0.0002224816158234,0.047220171622101,0.2826537162891801,中等方差
440AX149,440A,33.84940669586983,1.529551060880307,0.8999999999999773,601.4,0.00967413417839176,0.0,-2.2529584341236206,3.5256861482166713,0.7814291173098968,0.0,9.464628638384576e-05,0.0512925728415923,0.5195195195195966,中等方差
360X3,360,32.860549921777235,1.5166748270842811,6.299999999999997,53.6,0.10694798927962593,0.0,-1.8932011080502191,6.687550275759193,0.7810470003821169,0.0,0.0002915625691591,0.1038131419201549,0.0808347591475835,中等方差
340X13,340,32.57095744680863,1.5128305251523484,7.25,247.0,0.023105656324244845,0.0,0.46459512658781266,1.1343810192917392,0.780664883454337,0.6,0.0006427834497621,0.2195339923925992,0.238095238095238,中等方差
220X112,220,32.50627119201612,1.51196715425131,10.071858,9.7939615,0.5821369747971908,0.0,-0.24633042428424198,-1.1509153220886799,0.7802827665265571,0.0,0.0002105706630241,0.0045664217851517,0.4571272300055989,中等方差
340X139,340,32.22597622027533,1.5082060822909804,9.0,301.0,0.01885977666405081,0.0,0.734804068227876,0.06503457810369095,0.7799006495987773,0.0,0.0002132589773223,0.1202197340886463,0.2333333333333333,中等方差
340X140,340,32.095219023779634,1.5064403437372103,9.0,297.5,0.019042905042447433,0.0,0.816973133329057,0.2362740550605844,0.7795185326709974,0.0,0.0003389217430315,0.1217458987827839,0.125,中等方差
340X11,340,31.87474342928659,1.5034466976712348,7.0,244.0,0.023138410545033128,0.0,0.452803276313618,1.1639936373514175,0.7791364157432175,0.6,0.0005443500824338,0.2091448680959358,0.2878095238095238,中等方差
340X138,340,31.615067271589485,1.4998941102564336,9.0,299.0,0.018805109508268296,0.0,0.723745717488352,-0.08137060924989781,0.7787542988154376,0.0,0.0002427052754382,0.1196797360872704,0.2,中等方差
340X15,340,31.456264080099864,1.4977071421352797,6.0,235.0,0.023866333707871803,0.0,0.7771583200661137,2.430652558824354,0.7783721818876577,0.8,0.0005304165981998,0.1986194359032077,0.3333333333333333,中等方差
312X38,312,31.409122775650182,1.49705580717168,4.0,97.0,0.05777715717418824,0.00125,-1.9317920689095134,2.388866253292036,0.7779900649598778,0.0,0.0002005978457473,0.0874909846635377,0.0,中等方差
440AX154,440A,31.407151376720755,1.4970285477492289,1.0,601.3,0.009320153605640312,0.0,-2.2662570120242034,3.5972750946250613,0.7776079480320979,0.0,0.0001267240719892,0.0477755184319356,0.3799999999999576,中等方差
312X520,312,31.234420815717193,1.4946334571727031,0.0,50.0,0.1117755265086543,0.1375,1.5146636376460079,0.2950527503426086,0.7772258311043179,0.2,0.0002771591545973,0.1047228095059829,0.0,中等方差
312X696,312,31.098290155928538,1.492736511333625,7.0,3047.0,0.001830188412820231,0.00125,1.1100293593568402,0.24383898690578576,0.776843714176538,0.0,0.0001942053279641,0.0692655043838168,0.0,中等方差
312X695,312,30.977745619524516,1.4910498091421969,7.0,3047.0,0.0018266378410452984,0.0,1.1320635284662022,0.3513234404155363,0.7764615972487581,0.0,0.0001591721351937,0.0619243864109886,0.0,中等方差
220X116,220,30.720647709594537,1.4874303680566539,9.8279535,9.903873,0.5596417698843081,0.0,-0.22528134477515446,-1.142350150980477,0.7760794803209782,0.0,0.0002807590202997,0.0049752159698551,0.4539172182712981,中等方差
312X523,312,30.348038431497947,1.4821306253649082,6.0,56.0,0.09837331026914412,0.00125,1.6871626940378024,1.5149691509605545,0.7756973633931983,0.0,0.0001487903375226,0.055520181689618,0.0,中等方差
220X110,220,30.291624359392156,1.4813225625836235,9.65446975,-8.607866,0.6393899175298915,0.0,0.5917235114287128,-0.9088716301489743,0.7753152464654184,0.0,0.0002252369195764,0.0047594791869359,0.4203405629534612,中等方差
312X517,312,30.167094833453962,1.4795334885458757,5.0,55.0,0.09986287264731177,0.00125,1.7201029960288803,1.6205369575787327,0.7749331295376385,0.0,0.0001529914154363,0.0504447371008184,0.0,中等方差
220X120,220,30.091345436201152,1.478441606233096,9.747023500000001,10.116316999999999,0.5422485175713343,0.0,-0.21626721017150194,-1.132726829515609,0.7745510126098586,0.0,0.0002554598158061,0.0054795467930576,0.4401739148794668,中等方差
220X124,220,29.787904318212423,1.4740399501753905,9.77357475,9.9266035,0.5498184383416853,0.0,-0.21496810804659025,-1.1352467855913335,0.7741688956820787,0.0,0.0003085833172269,0.005054192461561,0.4356431011705256,中等方差
312X697,312,28.885699856650195,1.4606828943008077,7.0,3047.0,0.0017638798252716207,0.00125,1.1281854553392021,0.6623720628229828,0.7737867787542988,0.0,0.0001856655259523,0.0765653362034392,0.0,中等方差
220X130,220,28.592802609042778,1.4562567261165964,9.31438425,9.222863499999999,0.5797791350382429,0.0,-0.5528015596641102,-0.9064525167388506,0.7734046618265189,0.0,0.0001912014691314,0.0038882444874991,0.4351762434481152,中等方差
312X7,312,28.55623021885106,1.455700874560321,11.5,100.0,0.05343802973431099,0.00125,-0.5551258919922758,-1.5601627066582937,0.773022544898739,0.0,0.0002514664146669,0.0701206810414091,0.0,中等方差
310X99,310,28.519778186884054,1.4551461434593904,6.3276295000000005,-12.189127,0.4381274558605312,0.0,0.6783339519419652,1.0242052809876236,0.7726404279709591,0.0,0.0002867846253177,0.1202242282054392,0.6479310361083213,中等方差
220X128,220,28.412343446099374,1.4535070557481622,9.484886499999998,10.137349,0.5258103489555838,0.0,-0.1904829321871819,-1.1230256757925632,0.7722583110431792,0.0,0.0002096378054232,0.0051045815342257,0.4388722504348541,中等方差
310X119,310,27.63377021508987,1.4414401419525509,5.850126499999998,14.5964985,0.3601400197027955,0.0,-0.9088383058870618,1.5600612488300145,0.7718761941153993,0.2,0.0004115354030772,0.1231439503454615,0.5660985565486635,中等方差
330X583,330,27.60854486228884,1.4410435172900387,6.365000000000009,90.34,0.058162313427724446,0.0,0.8222875661388581,0.6763510170807501,0.7714940771876194,0.0,0.0002969390439819,0.0311245234373169,0.4219643233429079,中等方差
400X228,400,27.188986232791184,1.4343930148066018,12.0,10.0,0.5214305920522039,0.0,0.2347697869554141,-1.7110683241613445,0.7711119602598395,0.0,0.0002266204441668,0.0123053285599541,0.2583333333333333,中等方差
344X34,344,27.16047107321657,1.4339372981093608,6.049999999999997,100.0,0.05211570883449305,0.0,0.8858105784068951,-0.5387976942127213,0.7707298433320596,0.0,0.0002646685394542,0.0371529139042879,0.0,中等方差
312X487,312,26.85128026574562,1.4289649976368102,9.0,16.0,0.32386388118786696,0.00125,0.01848244166330106,-1.4841702059918476,0.7703477264042797,0.0,0.0001314333463476,0.04456406379313,0.888888888888889,中等方差
312X698,312,26.529458816001622,1.4237283907429232,5.0,3047.0,0.0016904087853278663,0.00125,1.3017800633934984,1.3425617544499109,0.7699656094764998,0.0,0.0001808198515148,0.04042005209899,1.0,中等方差
440AX108,440A,26.466144540050028,1.422690679989102,1.7999999999999545,602.1,0.008544304412217882,0.0,-2.1541729838676513,3.3547233579629436,0.7695834925487199,0.0,0.0001530046061021,0.0504670078464453,0.2382352941176439,中等方差
210X171,210,26.403370008446505,1.4216593618193063,0.41500000000000004,1.26,4.0781118765898805,0.0,13.121354705986127,178.3763532270389,0.76920137562094,0.0,0.0002210142750244,0.0583724797272825,0.4583255399467297,中等方差
220X132,220,26.206887894643696,1.4184154509187252,9.031277249999999,9.9970085,0.5120798230188186,0.0,-0.14292257385686508,-1.0963426995925745,0.7688192586931601,0.0,0.0002911129510906,0.0064807768477976,0.4285977784608138,中等方差
312X124,312,26.181189644950916,1.417989376534801,11.0,16.8,0.3045687960376261,0.00125,0.2955582509753098,-1.4711119680402265,0.7684371417653802,0.0,0.0003639229760415,0.0342847231452471,0.088976844989941,中等方差
330X578,330,25.95978400985608,1.4143010747339604,6.637499999999989,94.035,0.05418274562888052,0.0,0.783768943091694,0.25194327533921923,0.7680550248376004,0.0,0.0002532998078945,0.0282037259751584,0.3615002099714784,中等方差
312X123,312,25.865719086357952,1.412724556624715,10.7,16.45,0.3091693095127313,0.0,0.19068614162794903,-1.5870510862799805,0.7676729079098205,0.0,0.000289256213959,0.0258720326769375,0.0762310835294367,中等方差
312X52,312,25.654975988155726,1.409171612512497,8.0,269.0,0.01882927187552883,0.00125,-0.6589179602030719,-0.2622456751045754,0.7672907909820404,0.0,0.0002273310600599,0.0829320792734295,0.0333333333333333,中等方差
520X432,520,25.519070556417976,1.4068648526678693,6.0,5.0,1.0103280765457918,0.01125,0.9269209001648719,-0.1486809525934456,0.7669086740542606,0.0,0.0002539715070944,0.1518406610381242,0.2799999999999999,中等方差
312X11,312,25.432259073842303,1.405384939008912,11.0,123.0,0.041000330549299815,0.0,0.06153539443542633,-1.7296631741206967,0.7665265571264807,0.0,0.0001521754960017,0.0153568868210385,0.6363636363636364,中等方差
312X111,312,25.294844039424227,1.4030320060206778,10.499999999999998,17.9,0.2809719541799257,0.0,0.01455933451605047,-1.593467234398277,0.7661444401987008,0.0,0.0002716221583748,0.0260333284689096,0.0912721327084064,中等方差
312X112,312,25.258372558429876,1.4024053647599746,10.600000000000001,19.3,0.2604026343115107,0.00125,0.01992039635553572,-1.5385569133572414,0.7657623232709209,0.0,0.0002442818068798,0.0274462117475078,0.08107267834182,中等方差
330X587,330,25.249088708385514,1.4022457081552129,6.08250000000001,89.265,0.056291347480395756,0.0,-0.3924097445189608,11.897222541373683,0.765380206343141,0.0,0.0001687774299433,0.0451358196008832,0.5176235899256013,中等方差
440AX143,440A,25.23028629536921,1.4019221786108604,2.125,586.4,0.008565784175668043,0.0,-1.61161398328631,3.539553841751074,0.7649980894153611,0.0,0.0001264687322642,0.0722309268343489,0.1506826434277595,中等方差
312X102,312,25.017173722792634,1.398238244369121,10.0,3990.0,0.0012535631773042026,0.00125,0.047662427467277384,-2.002747717973244,0.7646159724875812,0.0,0.0001698597788794,0.0207463219362518,1.0,中等方差
312X101,312,24.720750562263174,1.3930616525049966,10.0,3990.0,0.0012461144454623048,0.00125,0.22459540097449937,-1.9544554486717822,0.7642338555598013,0.0,0.0002036174332648,0.0814992509160577,0.9488636363636396,中等方差
330X1133,330,24.617535669587067,1.391244575863112,3.552500000000009,91.755,0.0540745044765983,0.0,-1.6801272310355342,1.7553901670540952,0.7638517386320214,0.0,0.000414844008464,0.2188145763587162,0.92670188297087,中等方差
330X1127,330,24.614645904355417,1.3911935925812253,3.550750000000008,91.7585,0.05406926810078423,0.0,-1.680271052782795,1.7560255060159946,0.7634696217042415,0.0,0.000445506819963,0.2188418982764205,0.926007301771134,中等方差
330X1130,330,24.609607586983767,1.391104688706203,3.5500000000000114,91.76,0.054062850378761816,0.0,-1.6803277802693097,1.7565700724493238,0.7630875047764616,0.0,0.0004517150354448,0.2188954425943561,0.9243958643537128,中等方差
344X35,344,24.579405114213507,1.3905713676171216,4.849999999999994,100.1,0.04952809298166603,0.07625,1.0275808525199033,-0.11250529308342472,0.7627053878486817,0.0,0.000302573062341,0.0990199538763224,0.0330831881429252,中等方差
440AX119,440A,24.270045541301574,1.3850705912605468,1.0,597.8,0.008240989957865893,0.0,-2.2702165018498843,3.7927856548174965,0.7623232709209018,0.0,0.0001226788737714,0.053092910973914,0.3462162162161643,中等方差
340X187,340,24.224511123279093,1.3842550212809208,10.200000000000003,105.55,0.04663041418439214,0.0,-0.13465033449809719,-1.6394349526983198,0.7619411539931219,0.0,0.0002955543982731,0.0273097351883212,0.0715115172282501,中等方差
312X99,312,24.19759073842296,1.3837721270921615,10.0,3990.0,0.001232858312875793,0.0,0.3719323043885189,-1.8663384795921347,0.761559037065342,0.0,0.0001842835366719,0.0476030141969961,0.0,中等方差
312X119,312,24.13265450861199,1.3826050954287155,9.899999999999999,22.5,0.2183333254559772,0.00125,-0.33007952379733607,-1.5360577519622822,0.7611769201375621,0.0,0.0002696158631425,0.026776884400098,0.0535455865724799,中等方差
344X236,344,24.086712828535628,1.3817775348328123,10.200000000000003,106.6,0.04603960222379592,0.0,-0.14314740729413394,-1.6602039412996792,0.7607948032097822,0.0,0.0002827609710244,0.0588599174224435,0.1306629781024046,中等方差
344X237,344,24.041202019868642,1.3809561778708659,10.200000000000003,106.5,0.046039275547916945,0.07625,-0.11019077964424055,-1.6524861023138087,0.7604126862820023,0.0,0.0002082331300741,0.0781371721795657,0.0776867445877122,中等方差
440AX128,440A,23.974427894242854,1.379748252324957,1.0,595.9,0.008216762624357762,0.0,-2.2850224324065467,3.868037371447574,0.7600305693542224,0.0,0.0001216435012007,0.0580543859919526,0.4666666666668067,中等方差
312X645,312,23.938362803127966,1.3790944447386853,7.0,81.0,0.06040351384273353,0.00125,-1.524708289236895,3.283898207722294,0.7596484524264425,0.0,0.0001266588561513,0.0507653079943923,0.3047619047619047,中等方差
312X100,312,23.88480588203942,1.3781217160107606,10.0,3990.0,0.0012248642590364685,0.00125,0.4390125453965511,-1.8118094653903052,0.7592663354986626,0.0,0.0002262646797449,0.0273892044471434,0.3,中等方差
344X234,344,23.65673867334166,1.3739548724221744,10.025000000000006,104.75,0.0464326429632617,0.0,0.025849755049048857,-1.697724880851666,0.7588842185708827,0.0,0.0002402258116198,0.055628397817039,0.1550637431501337,中等方差
312X118,312,23.627766255438342,1.3734226658223,9.8,22.0,0.22094727623320595,0.00125,-0.2849978083288895,-1.5038240553931042,0.7585021016431028,0.0,0.0002168776792503,0.0209392557149089,0.102895558134367,中等方差
312X117,312,23.62456619211518,1.373363842489223,9.5,19.8,0.2454803483970266,0.0,-0.18571901647574549,-1.4895342894192003,0.7581199847153229,0.0,0.0003044738970387,0.0248844653329177,0.1008689011793736,中等方差
344X29,344,23.528785982478094,1.3715995194109332,10.0,2990.0,0.0016222902997131017,0.0,0.506353038363192,-1.747982829128274,0.757737867787543,0.0,0.0001551064333804,0.016965824975823,0.0,中等方差
344X235,344,23.47251676806352,1.3705596579787527,10.0,105.0,0.04614137475437255,0.07625,0.05808801211002236,-1.6568733793322348,0.757355750859763,0.0,0.000232239449735,0.0721248440332627,0.0461131213293591,中等方差
312X113,312,23.459886951421105,1.3703259150049028,10.0,21.3,0.2273962791222587,0.00125,-0.2070726236743781,-1.5991291786063546,0.7569736339319831,0.0,0.0002677544372816,0.0282710540536849,0.0555401222304825,中等方差
312X644,312,23.397009419669345,1.3691603499085667,2.0,84.0,0.05758387530838273,0.00125,-1.0001112865542805,0.5157626831142545,0.7565915170042032,0.0,0.0001407735481038,0.0110734051227424,0.1666666666666666,中等方差
312X632,312,23.321040398242207,1.3677479212643648,2.0,84.0,0.0574903131915455,0.00125,-1.0248675774092855,0.5669051256153783,0.7562094000764233,0.0,0.000105318991027,0.0106994896454113,0.1666666666666666,中等方差
340X185,340,23.233600985607012,1.366116526501847,9.700000000000003,107.45,0.04485923296378934,0.0,-0.35267533450219285,-1.5020605510910165,0.7558272831486434,0.0,0.0003590995017375,0.0284682098424355,0.0661000808353724,中等方差
344X177,344,23.203440237797277,1.3655523799567342,5.0,59.0,0.08164398200893667,0.0,1.004403643436653,2.9113525110224208,0.7554451662208636,0.4,0.0003781947527575,0.1154262761976012,0.0423645320197044,中等方差
ERROR:#N/A_20,META,23.053946041927446,1.3627452723529585,10.0,103.3,0.04648066304875737,0.0,0.201539382912991,-1.6584955982573186,0.7550630492930837,0.0,0.0002215780931368,0.0558111530498732,0.1301881188118796,中等方差
312X489,312,23.031731393565266,1.3623265869615224,4.0,15.0,0.3199425739692482,0.00125,0.4428997626366813,0.026026782107698487,0.7546809323653038,0.0,0.0001456288299053,0.060930663425419,0.025,中等方差
210X170,210,22.982313826257826,1.3613937506964406,0.605,1.3,3.6876825058643385,0.0,13.021497875597039,180.01454493447363,0.7542988154375239,0.0,0.0004788391589004,0.0066037565721522,0.5057744516516067,中等方差
312X121,312,22.857960917944492,1.3590374858325485,10.100000000000001,21.3,0.2244600934938302,0.1375,-0.24112524884754877,-1.4463469212375726,0.753916698509744,0.0,0.0002234965548136,0.0241584826764403,0.1236094578065092,中等方差
344X239,344,22.822568548283538,1.358364520168602,10.100000000000009,103.2,0.04629163954619742,0.07625,0.23845306201364122,-1.5970759277416353,0.7535345815819641,0.0,0.0002274854021146,0.0654658556374729,0.1231213493186754,中等方差
312X638,312,22.788733410497283,1.3577201879220164,2.0,84.0,0.05683041244027445,0.00125,-1.129221215612197,0.7178776561190685,0.7531524646541842,0.0,0.000181761541642,0.0129643249979876,0.4,中等方差
420X1,420,22.74125343699595,1.3568143981603626,4.0,3.0,1.5895930100009859,0.005,1.0294711703915416,-0.7067503024702466,0.7527703477264043,0.4,0.0005047893052895,0.0983775760389433,0.0181818181818181,中等方差
440AX142,440A,22.638722137046397,1.354851909066943,1.1999999999999318,600.3,0.007926064664313885,0.0,-2.2677690726059523,3.8038648345099526,0.7523882307986244,0.0,0.0001066223306636,0.0544305447015647,0.3227272727272416,中等方差
312X120,312,22.63182022641083,1.3547194846880712,9.8,22.3,0.2133314470795113,0.00125,-0.3569138800814046,-1.4428479142790511,0.7520061138708445,0.0,0.0002882684679657,0.0265241596975729,0.0575974354087986,中等方差
312X125,312,22.583781920382943,1.35379667140739,9.8,19.9,0.2388060137754178,0.00125,-0.07876027226606122,-1.6259137002096946,0.7516239969430646,0.0,0.0002035919939367,0.0295796474152362,0.0628123051712609,中等方差
312X720,312,22.520486317073694,1.3525777646225199,10.100000000000009,106.3,0.04464323091587737,0.1375,-0.10507312790266723,-1.7911554941928796,0.7512418800152847,0.0,0.0002243511359722,0.0136960426665347,0.0665828322683137,中等方差
360X80,360,22.50110413016273,1.3522038294834429,10.100000000000001,69.9,0.06786170063466414,0.0,-0.712173418251514,-1.4962003054469588,0.7508597630875048,0.0,0.0002011470430019,0.1187448891415231,0.0099009900990093,中等方差
360X69,360,22.466907071339147,1.3515432889609431,10.100000000000001,69.9,0.06781011310008325,0.0,-0.7122584724087834,-1.4959874133206568,0.7504776461597249,0.0,0.0002686850482682,0.118047474482764,0.0099009900990093,中等方差
312X115,312,22.442390862623846,1.3510691218859836,9.875,20.9,0.2266669886103883,0.1375,-0.19323866325323424,-1.435563972679769,0.750095529231945,0.0,0.0003001762704416,0.0237981554434214,0.1137557651307113,中等方差
440AX151,440A,22.359472778473087,1.349461558959496,1.099999999999909,597.8,0.0079099705904141,0.0,-2.2698402262913193,3.8085487361146395,0.7497134123041651,0.0,0.0001545336540755,0.0607121943582757,0.4509090909090572,中等方差
312X714,312,22.343407500893935,1.3491494062901541,10.200000000000003,105.95,0.044614264951107464,0.1375,-0.06742111869927933,-1.7908613081067613,0.7493312953763852,0.0,0.0002442061547872,0.0146946232332925,0.0720519193592929,中等方差
312X726,312,22.136066637218402,1.3451004535114952,10.099999999999994,105.55,0.04457506540744851,0.1375,-0.028980231523712343,-1.788130853186589,0.7489491784486053,0.0,0.0002254954231776,0.0157663259810973,0.0818687589599841,中等方差
344X36,344,22.074067584480595,1.3438823679022787,3.700000000000003,99.5,0.047219143280904416,0.0,1.048972102878502,0.08324584109449962,0.7485670615208254,0.0,0.0002472959195809,0.0492370097110067,0.025581395348837,中等方差
340X186,340,22.038009449311634,1.343172364942887,8.799999999999997,109.0,0.04306849387302161,0.0,-0.5861815987163622,-1.2464369890427631,0.7481849445930455,0.0,0.0002980581928651,0.0305710571306843,0.06170431370846,中等方差
312X127,312,22.023821227992695,1.3428926731395692,9.500000000000002,20.5,0.22892460606048212,0.1375,-0.14166260142438492,-1.4205790778134955,0.7478028276652656,0.0,0.0002506365971846,0.0233912272839742,0.1035396160238063,中等方差
360X829,360,21.986103864205198,1.3421482752819989,0.09999999999999787,29.8,0.15734678499255939,0.0,2.7672487564767874,5.673012216823892,0.7474207107374856,0.0,0.000249674155788,0.0571404354974728,0.0,中等方差
330X588,330,21.979562676018496,1.3420190470828568,2.637749999999997,92.667,0.05059229960571173,0.0,-1.6664945541323855,1.9335034461705893,0.7470385938097057,0.0,0.0004316822714114,0.2181529585429784,0.6190962388985133,中等方差
330X581,330,21.97908202112011,1.342009549712248,2.6400000000000006,92.66,0.05059556837343034,0.0,-1.6662657151605955,1.9327047836683802,0.7466564768819258,0.0,0.0003092574356927,0.2181423856657326,0.6191787559834288,中等方差
330X574,330,21.978940895494336,1.342006761139129,2.632499999999993,92.67,0.05058994619896911,0.0,-1.6668385195451907,1.9349071643311326,0.7462743599541459,0.4,0.000478256991786,0.2181669345596716,0.6189398489200763,中等方差
312X17,312,21.85623711970787,1.3395753937154786,1.5,102.0,0.04583397516558871,0.00125,1.830842744721977,1.9465131658631099,0.745892243026366,0.0,0.0001583116101755,0.0600144677464406,0.0,中等方差
312X114,312,21.84446356818206,1.339341384260102,9.4,21.8,0.21439477575829066,0.00125,-0.2774058195764853,-1.449478811851626,0.7455101260985861,0.0,0.0002715773780779,0.0257922747999441,0.0594644497818923,中等方差
344X5,344,21.803013516895927,1.3385165240316577,2.0,110.0,0.04244881557293581,0.0,-1.114903132243633,2.3811772365352155,0.7451280091708062,1.0,0.0006969065042695,0.1219025232996769,0.0,中等方差
344X37,344,21.798534201715576,1.3384272913335467,3.299999999999997,99.6,0.04687640601990774,0.07625,1.1861499854776618,0.4233840477817723,0.7447458922430263,0.2,0.0002969254976484,0.0953082891336888,0.0436137238852413,中等方差
312X719,312,21.76066652864954,1.337672193658553,10.100000000000009,107.0,0.0435965697035456,0.00125,-0.18946810938217531,-1.7450577666315714,0.7443637753152464,0.0,0.0002250856509807,0.0144947549050338,0.1893977926470957,中等方差
312X713,312,21.75322815800454,1.3375237149539827,10.099999999999994,106.3,0.04387615812389021,0.00125,-0.12348457023588034,-1.7659193120706702,0.7439816583874665,0.0,0.0002288157100986,0.0161651325739156,0.183630306763202,中等方差
312X722,312,21.75003089799748,1.3374598782479101,10.0,104.8,0.04450088586981175,0.0,0.002599600414472801,-1.7630045274560988,0.7435995414596867,0.0,0.000309077672797,0.0544841806733448,0.3279999999999998,中等方差
312X725,312,21.72703485873635,1.3370004611407877,10.199999999999989,105.7,0.044098644793761244,0.00125,-0.057708863695902266,-1.77513537832645,0.7432174245319068,0.0,0.0002382777539364,0.0175388242785486,0.182078560797256,中等方差
312X710,312,21.70814712140176,1.3366227562369226,10.099999999999994,106.65,0.043686828563436766,0.0,-0.17492161278885457,-1.7433156432954535,0.7428353076041269,0.0,0.0002855763593557,0.0572533688538946,0.332102310231023,中等方差
312X723,312,21.67974764821951,1.336054222717659,10.0,103.1,0.045161509137318055,0.00125,0.16504568081667365,-1.7544222631927446,0.742453190676347,0.0,0.0003440353378955,0.0576188887840116,0.1599999999999999,中等方差
312X716,312,21.50110624217771,1.3324608051488107,9.924999999999997,108.3,0.04281559127770358,0.0,-0.3404521907999085,-1.6608682006708582,0.7420710737485671,0.0,0.0003078708426066,0.059517175465073,0.2969026251571546,中等方差
ERROR:#N/A (#3),META,21.450757196495623,1.3314426270781172,6.0,61.0,0.0759261674712921,0.0,1.7720948392428661,5.843818905618752,0.7416889568207872,0.0,0.0002636561398979,0.0665230759945102,0.0,中等方差
312X41,312,21.422415128285248,1.3308684309104406,10.0,96.0,0.04821286973610545,0.0,0.2103846224236855,-1.8829248786583164,0.7413068398930073,0.0,0.000181442746621,0.0100296932290826,0.7,中等方差
312X724,312,21.32745386620495,1.3289390111990824,10.099999999999994,104.6,0.044150723123053265,0.00125,0.04998944888812379,-1.752721121511696,0.7409247229652274,0.0,0.0002485532782084,0.0402257821152461,0.2059405940594056,中等方差
312X518,312,21.18470456491669,1.3260224118479316,4.0,45.0,0.1022818776772964,0.00125,1.818104020364555,1.9215720813559742,0.7405426060374475,0.0,0.0001207112758908,0.0375501479850104,0.0,中等方差
312X126,312,21.09882785813093,1.3242583288102183,8.999999999999998,20.9,0.2197773225658878,0.00125,-0.1812129005916729,-1.4423151149465683,0.7401604891096676,0.0,0.0002373465301069,0.0245202964909457,0.0578195899785103,中等方差
312X712,312,21.05513467649092,1.323358023674583,10.0,105.9,0.04332943756406814,0.00125,-0.08548747760396312,-1.7418386467888194,0.7397783721818877,0.0,0.0002333902393329,0.0372940533345226,0.2128703870387037,中等方差
312X711,312,20.97101047361837,1.3216193571484016,9.799999999999997,105.5,0.04340674489060958,0.00125,-0.06728954991671451,-1.7433194013612334,0.7393962552541078,0.0,0.0003152844382602,0.0591303094206452,0.1852708656095983,中等方差
312X54,312,20.795565258578296,1.317970729718744,5.0,229.0,0.01991360473269796,0.00125,-0.5400456076396302,0.4089759515698259,0.7390141383263279,0.0,0.0002643421081241,0.0381700203523379,0.16,中等方差
312X718,312,20.747201577159387,1.3169595265152099,9.700000000000003,107.1,0.042529501516365975,0.00125,-0.22048219465476332,-1.695819229881278,0.738632021398548,0.0,0.0002593206938445,0.0338634756068177,0.2166295329659982,中等方差
312X32,312,20.740487796462514,1.3168189663645322,9.0,95.5,0.04768767088904311,0.00125,0.13911490414375965,-1.4913258996141463,0.7382499044707681,0.0,0.0001887388938522,0.0411269470490406,0.0869565217391304,中等方差
312X525,312,20.480694853529283,1.3113446869685543,5.0,48.0,0.09428250354451818,0.00125,1.668954050991703,1.6865893402126173,0.7378677875429882,0.0,0.0001621182806372,0.0505907048464657,0.0,中等方差
330X576,330,20.177289553465254,1.3048628263690298,6.183000000000021,93.3415,0.04812343701685045,0.0,0.6488209904331872,0.3761331596798261,0.7374856706152082,0.0,0.0002037867349457,0.0315251930392295,0.4746793218819881,中等方差
440AX132,440A,20.132840801001265,1.3039050593969772,1.8999999999999773,594.55,0.007546822685463784,0.0,-1.9664758067595474,4.087647978984107,0.7371035536874283,0.0,0.0001088981064322,0.0504670450255447,0.2324406819873404,中等方差
312X717,312,20.09549625001167,1.3030987353840189,9.100000000000009,107.8,0.041584416008642384,0.00125,-0.32364156423359525,-1.6062613367886296,0.7367214367596484,0.0,0.0002931256021396,0.0571173399542233,0.1986794066589099,中等方差
340X1,340,20.05534261576989,1.3022300856578446,5.0,86.0,0.05207347875647669,0.0,1.3273375946339498,0.14989226382955723,0.7363393198318685,0.0,0.0001742642589559,0.0753882493117926,0.0,中等方差
330X104,330,19.971176908635794,1.300403658754806,5.627499999999998,85.745,0.052118634014162946,0.0,-0.953343228009435,9.549729499206684,0.7359572029040886,0.0,0.0002070411564278,0.1065241715052222,0.2456030751946823,中等方差
312X59,312,19.94246567607993,1.2997788532391548,6.0,178.0,0.025088195445080685,0.00125,-0.18398556094529228,-0.41451952087388433,0.7355750859763087,0.0,0.0001877677902537,0.0505575570728492,0.0,中等方差
340X25,340,19.91356971214006,1.299149118757793,7.925000000000011,100.2,0.0445355518215314,0.0,0.7946603593636326,-1.0630670466946013,0.7351929690485288,0.0,0.0002454724002782,0.0176586659333055,0.0168135630974034,中等方差
312X28,312,19.8907498721773,1.2986511561364988,5.0,97.0,0.04597839889868002,0.00125,-1.5983223505117372,1.4531845358931572,0.7348108521207489,0.0,0.0002073183500142,0.0801295306811264,0.0,中等方差
330X580,330,19.521486527534442,1.2905128853657382,5.625,92.215,0.04791316633434212,0.0,-1.242443702632902,21.534960793612832,0.734428735192969,0.0,0.0002377539363654,0.0476508604133487,0.5916800792270631,中等方差
750X228,750,19.480962647684624,1.2896104136436128,3.6400000000000006,78.81,0.05600462315850393,0.0,-1.8922638091764523,2.496271661736488,0.7340466182651891,1.0,0.0005847485432109,0.2417100477216696,0.203359809451407,中等方差
311X1,311,19.369326552920363,1.287114521109665,10.0,5.0,0.8802119415895324,0.00625,0.3441547880613101,-1.476913423617211,0.7336645013374092,1.0,0.0041548521050252,0.395056785929498,0.02,中等方差
440AX138,440A,19.131248044430503,1.2817433025484357,1.6000000000000227,600.3,0.007286237242466569,0.0,-2.182705747067196,3.798465480274647,0.7332823844096293,0.0,0.0001651719272744,0.0625533320090242,0.3608347792558394,中等方差
344X195,344,19.05100750938669,1.2799179482109488,7.0,36.0,0.1212429440144547,0.0,-0.4773605684285363,-0.5502936729112275,0.7329002674818494,0.0,0.0001936081503167,0.0460515327959594,0.0,中等方差
360X796,360,19.02302188673349,1.2792795075797625,0.10000000000000142,20.0,0.21807694677987793,0.0,-2.7671144537460464,5.672360586553857,0.7325181505540695,0.0,0.0003150764679544,0.0608404902924698,1.0,中等方差
344X212,344,18.493060075094185,1.267008780481395,3.0,18.0,0.23890865599802893,0.0,1.3146315403851898,2.2666367597924513,0.7321360336262897,1.0,0.0005009571948139,0.1696634845602937,0.0,中等方差
520X399,520,18.316791755349165,1.2628494079255097,5.0,5.0,0.8559624233656328,0.01125,1.1788506011338493,1.8643001334886895,0.7317539166985098,0.0,0.0002602350752144,0.0722066449264206,0.0,中等方差
340X83,340,17.63594493116423,1.2463987340571632,9.0,5.0,0.8399034451927013,0.0,-0.08922168872664159,-1.2407892512238377,0.7313717997707299,0.0,0.0002822602992413,0.0411873420811018,0.3333333333333333,中等方差
312X524,312,17.60554389729015,1.245649446500386,4.0,50.0,0.08391792155979591,0.00125,1.4160987578874744,1.4204620683840354,0.73098968284295,0.0,0.000134919211097,0.0341801228619896,0.0,中等方差
330X571,330,17.537879848404273,1.243977090410155,5.144999999999996,96.10499999999999,0.043575518372120904,0.0,0.738161687070799,0.2691145756439459,0.7306075659151701,0.0,0.00014136547578,0.0260876444982809,0.3138667404888008,中等方差
312X36,312,17.394937421777165,1.2404228707136307,8.0,94.0,0.044369402645313895,0.0,0.47012878263644425,-1.4916460843462445,0.7302254489873902,0.0,0.0001793485390668,0.0730418338746912,0.0,中等方差
340X24,340,17.371424030037574,1.2398354213853775,6.099999999999994,100.0,0.041679040332087275,0.0,0.9919935327141106,-0.5895803676139502,0.7298433320596103,0.0,0.0002604606933228,0.01851666260038,0.0099930843706771,中等方差
330X195,330,17.366442295212746,1.2397108576059384,5.977499999999992,92.305,0.04514713568770932,0.0,-1.3767981694785356,11.246965015475658,0.7294612151318304,0.0,0.0001920807213128,0.0776336424273533,0.6760635816073466,中等方差
344X199,344,17.365267521902318,1.2396814782538081,7.0,35.0,0.11906186874607678,0.0,-0.6083245957888544,-0.8801854156593389,0.7290790982040505,0.0,0.000257442288361,0.0499791614833379,0.0,中等方差
340X22,340,17.181476846057834,1.2350604911906455,0.0,2990.0,0.001386305854379378,0.0,1.3543935505546052,-0.16603946802694614,0.7286969812762706,0.0,0.0001790951783582,0.0161010088897112,0.0,中等方差
344X83,344,17.146868523154065,1.2341848178311807,2.3000000000000007,32.5,0.12741162301268177,0.0,-1.6109714529154824,2.7500781727375747,0.7283148643484907,1.0,0.0008226775909856,0.2735953641380945,0.0,中等方差
210X113,210,17.11973782384072,1.2334971094923546,0.45625000000000004,1.6,2.5860003069291735,0.0,12.92703597290558,177.37901514269993,0.7279327474207108,0.0,0.0002174283560113,0.0127438623009193,0.4749539071807146,中等方差
344X77,344,17.043305366082272,1.2315538253509324,2.3000000000000007,32.5,0.1270262717683544,0.0,-1.6189843180867745,2.732437217691099,0.7275506304929308,1.0,0.0008889966998404,0.2739431827241229,0.0,中等方差
344X123,344,16.776163954943552,1.2246926618766556,7.0,2.0,2.0479357872589383,0.0,-0.35939272408279993,-1.1632052119686107,0.7271685135651509,0.0,0.0003957365308491,0.023956143376812,0.0,中等方差
344X78,344,16.557958682728653,1.2190067945580525,2.3000000000000007,32.5,0.1252045282759701,0.0,-1.5609839598534365,2.6020966162225347,0.726786396637371,1.0,0.0007332622510984,0.2744893307398678,0.0,中等方差
312X633,312,16.49930834595874,1.2174657388909098,7.0,81.0,0.05014733413208125,0.00125,-0.6182219918401077,-0.877766575284022,0.7264042797095911,0.0,0.0002064387880727,0.0399166994630472,0.3238095238095238,中等方差
330X193,330,16.490919774092617,1.2172448789115387,6.152500000000003,94.15,0.04313225013232326,0.0,-0.08965295998389407,-0.46349370779434285,0.7260221627818112,0.0,0.0003134272775256,0.055921906434404,0.5147288333479418,中等方差
520X8,520,16.180019220970145,1.2089790331944434,5.0,71.0,0.05665407692172591,0.015,-1.143430011561021,3.7097635924805465,0.7256400458540313,0.0,0.0002312931514792,0.053079962288794,0.0733333333333333,中等方差
344X124,344,16.081480503573626,1.2063260285501556,7.0,2.0,2.0050860644604276,0.07625,-0.28637216753609523,-1.0922333375555633,0.7252579289262514,0.0,0.0002839105592347,0.0458674914480801,0.0,中等方差
440AX135,440A,15.992993726533154,1.2039297668868094,2.8999999999999773,594.3499999999999,0.006728567544243133,0.0,-1.4110674807037973,3.4723031432261013,0.7248758119984715,0.0,0.0001398967100497,0.0689506194484748,0.2490470576677592,中等方差
440AX110,440A,15.924278785982455,1.2020597721621216,3.3999999999999773,582.0,0.00685656979902535,0.0,-0.6294440521697228,3.834758803644605,0.7244936950706916,0.0,0.0001509059755884,0.0870807862879944,0.1260377819549028,中等方差
330X328,330,15.899652170056312,1.2013876235482805,6.259999999999991,99.97,0.039886333819971774,0.0,0.5733996319574909,-0.5764618555151393,0.7241115781429117,0.0,0.0003893205921101,0.0738372274945129,0.5155769374411656,中等方差
330X498,330,15.84638746871088,1.1999302708929613,5.602499999999992,98.02,0.04061163153943192,0.0,-5.4223002593479155,84.04115725820317,0.7237294612151318,0.0,0.0001490264609982,0.0512559099544443,0.5666378691708369,中等方差
330X348,330,15.81385750547558,1.1990378211653865,6.302499999999995,99.31,0.04004293744597175,0.0,0.45137517703642754,-0.6708923289490243,0.7233473442873519,0.0,0.000194353553691,0.0763535317215694,0.6119229592628571,中等方差
312X27,312,15.811538389151819,1.1989741268212926,4.5,99.5,0.03996354287835474,0.00125,-1.5169032312474668,1.2955698387876926,0.722965227359572,0.0,0.0002079697882798,0.0740088260322421,0.0,中等方差
344X200,344,15.664341690778182,1.194912147952486,6.0,37.0,0.10696811677510319,0.07625,-0.8189315076232916,-0.37569467305955184,0.7225831104317921,0.0,0.0001763362825492,0.0209279169735301,0.2666666666666666,中等方差
330X488,330,15.605425248904865,1.1932756077169222,5.519999999999996,97.965,0.04032430222341998,0.0,-5.515965902855346,86.48959800415938,0.7222009935040122,0.0,0.0002128941550459,0.0605966152873424,0.5975458320307385,中等方差
344X210,344,15.541117968689838,1.1914822570755144,4.0,61.0,0.06462659779757066,0.07625,-0.6655598941505081,2.940415669377727,0.7218188765762323,0.0,0.0001773775986105,0.0407378112583731,0.0459635416666667,中等方差
312X519,312,15.52655731945645,1.1910751709308738,4.0,46.0,0.08566033209728541,0.00125,1.4924819779304654,1.0046057733564635,0.7214367596484524,0.0,0.0001469763014846,0.06215219155794,0.0,中等方差
330X102,330,15.406259762202756,1.18769721614885,5.862499999999997,87.64,0.044786408724260394,0.0,0.2735602036636533,-0.3548892781306403,0.7210546427206725,0.0,0.0002424115401645,0.1006672971939502,0.2520482181033783,中等方差
340X26,340,15.15731788172715,1.1806223588013725,3.7250000000000085,99.9,0.03897137160807841,0.0,1.2593714092956023,0.15978720573351257,0.7206725257928926,0.0,0.0002237902063348,0.0199597816348129,0.0057142857142862,中等方差
312X6,312,15.146706821026283,1.180318219312109,4.0,92.5,0.04207434627636011,0.0,1.675669314066674,1.8820144022548053,0.7202904088651128,0.0,0.0001749179804211,0.0923435485307937,0.0,中等方差
330X508,330,14.94773344117649,1.1745753445924816,5.189999999999998,98.195,0.039372981051294914,0.0,-5.9412420475823,94.84438268663368,0.7199082919373329,0.0,0.0002003805428548,0.0416075538326396,0.5388409818067469,中等方差
330X308,330,14.929433698216515,1.174043334422673,5.832499999999996,100.23,0.03854996045239867,0.0,0.5927897046894308,-0.5577333796685289,0.719526175009553,0.0,0.0002425463449429,0.060080883145873,0.3681515131003058,中等方差
330X318,330,14.869512014862325,1.1722967161527522,5.834999999999994,100.09,0.03852633253093136,0.0,0.603081113323884,-0.5122870662488901,0.7191440580817731,0.0,0.0002495726964034,0.0691177953799581,0.4321430465779537,中等方差
312X637,312,14.86314346567294,1.1721106698162729,4.0,85.0,0.04535617363268567,0.00125,-1.1720138704542273,0.6630675007789595,0.7187619411539932,0.0,0.0002401479216216,0.0401987794408213,0.05,中等方差
330X291,330,14.821507558823527,1.170892379836269,5.812499999999986,100.375,0.038354880292682615,0.0,0.5987716503507683,-0.5581529919144814,0.7183798242262133,0.0,0.00023118035819,0.0445241357839513,0.2478651376271777,中等方差
330X188,330,14.807789009347607,1.1704902176891427,5.48299999999999,86.747,0.04435990878602954,0.0,0.24710942559623614,0.20049405866875247,0.7179977072984334,0.0,0.0002006950455675,0.1057646675438948,0.2391719580883044,中等方差
330X573,330,14.767384445400495,1.169303581194198,4.402500000000003,94.31,0.040746850487412674,0.0,-3.084780422576617,50.74169925193904,0.7176155903706534,0.0,0.0001721374893999,0.0443304615900771,0.5504384794543234,中等方差
750X1152,750,14.672758698372938,1.1665117753868648,5.200000000000017,207.95,0.018420311196923438,0.0,0.004021649888682744,-0.4041905139661357,0.7172334734428735,0.0,0.0001968889316182,0.0475942425033238,0.1572383789662801,中等方差
311X182,311,14.418348304104684,1.1589155125680126,7.0,5.0,0.7594300047826577,0.00625,0.4391393626018887,-0.9621042119079375,0.7168513565150936,1.0,0.0008685509045658,0.21518272718487,0.0142857142857142,中等方差
330X29,330,14.393162793335357,1.1581562374921544,3.4200000000000728,911.52,0.004162094308585465,0.0,1.1181960099016408,1.0053587725977193,0.7164692395873137,0.0,0.0001495541167911,0.129225829100577,0.3074670484053469,中等方差
330X23,330,14.358634945618007,1.157113154128795,3.5,911.61,0.004156688658507249,0.0,1.1233391598344147,1.0148952008077137,0.7160871226595338,0.0,0.0002458861198333,0.1298889719624518,0.302462043551595,中等方差
330X26,330,14.329630021902291,1.15623497745104,3.5,911.61,0.00415248821098799,0.0,1.1296142489809835,1.0250707772211172,0.7157050057317539,0.0,0.0002187733433163,0.129876275668881,0.2859143012945577,中等方差
330X535,330,14.27422643538797,1.1545525817903584,5.092500000000001,97.745,0.038652869453166955,0.0,-6.25207648743263,102.37570789902061,0.715322888803974,0.0,0.000226383804887,0.0186594460769041,0.4964665577134333,中等方差
330X358,330,14.216780485606993,1.1528012577409614,5.639999999999986,99.53,0.037883197208278326,0.0,0.39663949713309155,-0.553036659183546,0.7149407718761941,0.0,0.0002849252952357,0.0904675959115132,0.6269112421842117,中等方差
330X302,330,14.203033131257843,1.1523811001227051,4.912499999999994,92.015,0.040957356621477835,0.0,-1.9832123535635127,18.78242385024133,0.7145586549484142,0.0,0.0001755268825415,0.0726069053932746,0.5560057402155486,中等方差
330X338,330,14.078566118742154,1.1485584248040472,5.715000000000003,100.14,0.0374689588343766,0.0,0.5319447998864462,-0.45423927382700535,0.7141765380206343,0.0,0.0002664813185688,0.0799098937482137,0.5203301013039446,中等方差
330X368,330,14.015133742021264,1.1465972464519736,5.9325000000000045,98.88499999999999,0.03785891866195174,0.0,0.3703345746605788,-0.6523317807319065,0.7137944210928544,0.0,0.0003164583136611,0.0812084052145216,0.614319177176847,中等方差
330X191,330,13.92694038310233,1.143855716518413,5.729500000000002,93.2435,0.040022967974106115,0.0,-0.17687370949301784,-0.39211694303388667,0.7134123041650745,0.0,0.0001626406746583,0.0675000932647815,0.6299424977032899,中等方差
344X196,344,13.924672981506482,1.1437850046360798,7.0,46.0,0.08112125682483287,0.07625,-0.771224081993902,-0.8016872743469015,0.7130301872372946,0.0,0.0001417287493811,0.0151719733158485,0.0,中等方差
330X1234,330,13.889772390331698,1.142695129075781,7.55,12.51,0.2979135487427433,0.0,-0.7287689274507761,-0.8967191318973375,0.7126480703095147,0.0,0.0002791085702895,0.0525688569524079,0.9845033112582784,中等方差
330X1232,330,13.880618668028754,1.1424088233323244,7.550749999999999,12.487,0.29836391693073055,0.0,-0.7288710294663396,-0.8962193329458961,0.7122659533817348,0.0,0.0002008967281222,0.0524059836009147,0.9805362879361128,中等方差
330X1236,330,13.871239879693368,1.1421152821866705,7.552499999999999,12.46,0.2989094178760565,0.0,-0.7289634603518617,-0.8957409098259843,0.7118838364539549,0.0,0.0002725844061548,0.0522465408101691,0.97578839482813,中等方差
311X206,311,13.839142467880148,1.1411091802214703,5.900000000000006,47.8,0.07782635549647265,0.00625,0.2355321213457483,-1.2500080726922453,0.711501719526175,0.4,0.0006205547134281,0.0935212104289743,0.2631052996835049,中等方差
312X639,312,13.824404565857753,1.1406464347809881,5.0,82.0,0.045342907529348116,0.00125,-0.5826745850291081,-0.7848829747183661,0.7111196025983951,0.0,0.0001539379942188,0.0267495996593215,0.1914285714285714,中等方差
330X271,330,13.812015014862318,1.1402570417935698,4.742499999999993,99.35499999999999,0.03740578671426051,0.0,0.910575324128162,0.2723320077665292,0.7107374856706152,0.0,0.0002591514707087,0.0250880664027327,0.0565901909270783,中等方差
344X16,344,13.806982995405054,1.1400987899767234,4.0,209.0,0.017778827200575976,0.07625,-4.27681533313237,40.51976305064009,0.7103553687428353,0.2,0.0002920059188778,0.1432689063957608,0.3333333333333333,中等方差
312X47,312,13.387454869965971,1.1266980198057173,3.5,102.0,0.03587144223646956,0.00125,1.0847530686343556,0.3388964858602508,0.7099732518150554,0.0,0.0001463068041873,0.0500555411000034,0.0,中等方差
330X569,330,13.369380155680533,1.1261112725418776,4.762500000000003,95.358,0.03834409592859511,0.0,0.5162985128498441,0.800549818310405,0.7095911348872755,0.0,0.0001914536757717,0.0287761463318286,0.453333682070762,中等方差
330X525,330,13.150333610607003,1.118936770575428,4.527499999999989,97.94,0.03702612692926737,0.0,-7.056154239353331,120.7421540813549,0.7092090179594956,0.0,0.0001720870769068,0.0271721159747453,0.5648038984585574,中等方差
312X488,312,12.791459248873133,1.1069200915922761,7.0,12.0,0.2980429132141453,0.00125,-0.04024649836278174,-1.559580355320377,0.7088269010317158,0.0,0.0001226171844443,0.0369089450146486,0.6142857142857142,中等方差
312X522,312,12.709662077596906,1.104134003757317,6.0,92.0,0.038750666311725,0.0,0.023501072336092683,-1.6331177668808727,0.7084447841039359,0.0,0.0001421287197548,0.0208556940502058,0.8333333333333334,中等方差
330X261,330,12.652523698998742,1.1021771594433616,4.5,98.83,0.0359914865288903,0.0,0.9952828271921591,0.5626810273550658,0.708062667176156,0.0,0.0002566356947319,0.0206834106325523,0.0641951181965087,中等方差
330X478,330,12.62988794978096,1.1013994975856007,6.222499999999997,96.805,0.03671148560733419,0.0,-0.9446878916475178,6.103331484291681,0.707680550248376,0.0,0.0001697287935335,0.0716231834612679,0.5410380879737442,中等方差
330X468,330,12.604433146276591,1.1005233191136352,5.715000000000003,97.25,0.0365066556676912,0.0,-1.0722346812086487,6.278696077328513,0.707298433320596,0.0,0.0002390353496619,0.0724285263705449,0.4838591640998076,中等方差
344X213,344,12.504215393980722,1.097056446106106,4.0,33.0,0.10715545461864157,0.07625,0.23257750958586987,0.37607111692704587,0.7069163163928162,0.0,0.0002063659464353,0.0755620935760274,0.0,中等方差
312X699,312,12.43921877957976,1.0947931062091945,5.0,22.0,0.1603148940275532,0.1375,-0.8335529281247852,0.25484161080192314,0.7065341994650363,0.4,0.000293081174961,0.119917549896279,0.0,中等方差
330X407,330,12.407257339017525,1.0936757900264251,4.662499999999994,95.945,0.03671263426436931,0.0,0.36828053006113315,0.05478529562685308,0.7061520825372564,0.0,0.000162061764092,0.02938878401906,0.2557440005113321,中等方差
312X65,312,12.373383395911532,1.0924884699815918,5.0,156.0,0.022548602809379162,0.00125,0.005547259825890724,-0.988840097525495,0.7057699656094765,0.0,0.0001821178227701,0.0263137797701356,0.22,中等方差
312X37,312,12.27791631770281,1.0891246690439729,4.5,99.5,0.03521593744622152,0.00125,-1.3631962007755405,0.7929971963059734,0.7053878486816966,0.0,0.000188960179949,0.0709749370413985,0.0,中等方差
ERROR:#N/A_18,META,12.198609198998652,1.0863103182459013,5.0,3040.0,0.0011488982700841928,0.0,0.4595496373548758,-0.829663409968739,0.7050057317539167,0.2,0.0003256814991114,0.167057163680842,0.42,中等方差
330X378,330,12.185595872340427,1.085846770922633,5.049999999999997,98.695,0.03536944410012269,0.0,0.3020746433371677,-0.5562380399382705,0.7046236148261368,0.0,0.0002563869030356,0.0886675373488393,0.5278208454548251,中等方差
330X409,330,12.179542788485593,1.0856309854918722,4.474999999999994,94.315,0.037002811528994484,0.0,-2.2326309031254077,25.693617217216463,0.7042414978983569,0.0,0.0001699077111412,0.0599404950389963,0.4563625554346432,中等方差
330X281,330,11.996304376564478,1.0790474763760336,4.5800000000000125,99.6,0.03477478069042321,0.0,0.7459676212576678,-0.1047856428353362,0.703859380970577,0.0,0.0001803602234351,0.0332585973117766,0.1093664165420206,中等方差
330X514,330,11.946593404098879,1.0772440829646373,4.177500000000009,98.09,0.03523686860043023,0.0,0.47144468689316466,0.06682516886423695,0.7034772640427971,0.0,0.0001390129613087,0.028253247895987,0.3135158063311733,中等方差
330X69,330,11.919931648936211,1.0762737650875278,0.0,39.9,0.08652945868759869,0.0,2.095595776723663,2.503541367759624,0.7030951471150172,0.0,0.0001135019417458,0.0310370167128326,0.0,中等方差
330X300,330,11.917168830413017,1.0761730920341472,5.022500000000008,93.82,0.03679519572426823,0.0,0.018222476516499223,-0.03335534617381963,0.7027130301872373,0.0,0.0001204593983598,0.050079400209245,0.3370857310610117,中等方差
520X231,520,11.895847653187063,1.0753953936608498,6.0,455.1,0.007578632733504193,0.01125,-0.11028388343604716,-1.4022425055813494,0.7023309132594574,0.0,0.0002465479006445,0.0194709165409315,0.0,中等方差
520X233,520,11.895630206916376,1.075387455043835,6.0,455.1,0.007578563467613956,0.01125,-0.10802414073839153,-1.4005235472384825,0.7019487963316775,0.0,0.0001600778434064,0.0193287757356617,0.0,中等方差
520X19,520,11.88938750894947,1.0751594821767252,7.0,485.0,0.007109482711963794,0.015,-0.35643048314169706,-1.8777295872029738,0.7015666794038976,0.0,0.0002123212648188,0.1495610854314628,0.0,中等方差
520X234,520,11.888471763030243,1.075126030603546,6.0,455.2,0.007574618459535929,0.01125,-0.1207187096216249,-1.4160187626825376,0.7011845624761177,0.0,0.0002300463235481,0.0198145458730612,0.0,中等方差
520X230,520,11.885287874665833,1.0750097052787342,6.099999999999966,455.2,0.007573604100627157,0.01125,-0.12053037947317008,-1.41565758110352,0.7008024455483378,0.0,0.0002479505471897,0.0197622485319608,0.0,中等方差
520X232,520,11.878174398694123,1.0747496974214275,6.0,455.2,0.007571337318580572,0.01125,-0.12385761671420412,-1.4158031756525131,0.7004203286205579,0.0,0.000171261158421,0.0195022777941844,0.0,中等方差
440AX125,440A,11.83680294117648,1.0732344175476207,1.6999999999999318,587.0,0.005861099680201556,0.0,-1.523732804781862,4.730625267787687,0.700038211692778,0.0,0.0001193122357091,0.0676808321904052,0.3239071038251358,中等方差
330X63,330,11.836226195187832,1.0732132561154324,0.0,39.9,0.08622510509375948,0.0,2.1217937764273422,2.5152834055989333,0.6996560947649981,0.0,8.827576440067753e-05,0.0314695299846253,0.0,中等方差
520X235,520,11.83162156539548,1.0730442702950498,6.0,455.0,0.007559807527055964,0.01125,-0.10528419058554524,-1.4056407030791314,0.6992739778372182,0.0,0.000215189612812,0.0196183265254192,0.0,中等方差
340X123,340,11.81494211514391,1.0724315982379462,1.0,5998.0,0.0005730721954539266,0.0,-13.076826665626905,185.9992710091871,0.6988918609094383,0.0,0.0002450491300344,0.0641711427841545,1.0,中等方差
330X345,330,11.80808974327285,1.0721796451954364,5.640999999999991,98.17500000000001,0.0350016818270857,0.0,0.40381306962980507,-0.6164246784422152,0.6985097439816584,0.0,0.0002751889688177,0.0771824966327295,0.6381938322972452,中等方差
330X66,330,11.80483227471825,1.0720598209207335,0.0,39.9,0.08611067920419184,0.0,2.124384444198305,2.5198137157910088,0.6981276270538785,0.0,8.162161521618855e-05,0.0314185380771777,0.0,中等方差
330X388,330,11.788671519242815,1.0714648666413429,4.812499999999986,98.03999999999999,0.03502104740300251,0.0,0.269765957139539,-0.5482173544045978,0.6977455101260985,0.0,0.0002747385245207,0.0906764139644186,0.5118124706125281,中等方差
330X544,330,11.784784285200256,1.0713216373818015,3.782499999999999,96.765,0.03547664300244773,0.0,-7.9746611473203375,144.11820475129997,0.6973633931983186,0.0,0.000152479116163,0.0185903354865788,0.4871864446300462,中等方差
330X79,330,11.766478081977521,1.070646490162818,0.10000000000000142,39.8,0.08618668425605491,0.0,2.1001686602085345,2.5024990221438195,0.6969812762705387,0.0,0.0001300462291642,0.0300820146787674,1.0,中等方差
750X25,750,11.725769781601945,1.0691413631933626,6.6699999999999875,198.84,0.017221339446977332,0.0,-0.3205253522874116,-1.822562512933818,0.6965991593427588,1.0,0.0013714481793761,0.2430243592429105,0.0752380952380936,中等方差
330X73,330,11.711961276769278,1.0686296278098404,0.10000000000000142,39.8,0.08598679106203658,0.0,2.121851024289663,2.5150204777552982,0.696217042414979,0.0,9.375289711487514e-05,0.0307082034663989,1.0,中等方差
330X76,330,11.700211201502015,1.068193701303344,0.10000000000000142,39.8,0.085943646930149,0.0,2.1238979220525156,2.518679899871479,0.695834925487199,0.0,0.0001058351802014,0.0310004474077229,1.0,中等方差
330X325,330,11.668327240951177,1.067008600510241,5.510249999999985,99.17850000000001,0.03444187328761256,0.0,0.5120324421243329,-0.5169660554523188,0.6954528085594192,0.0,0.0002535080751282,0.0739546284569103,0.47915321005362,中等方差
312X643,312,11.620939081119651,1.0652412245490896,5.0,83.0,0.0410716849420645,0.00125,-0.9427399238486467,0.5621647834741745,0.6950706916316393,0.0,0.0002583012254927,0.0536393413302815,0.2198820357263228,中等方差
312X631,312,11.618724533486404,1.0651584552081999,5.0,83.0,0.04106777133681771,0.00125,-0.9494411018769189,0.5539761882956871,0.6946885747038594,0.0,0.0002151109296341,0.0494954908770354,0.22,中等方差
440AX113,440A,11.614278848560684,1.0649922488487948,2.6000000000000227,583.8,0.005837569091563465,0.0,-0.5511337011475744,4.710554283101558,0.6943064577760795,0.0,0.0001936886922605,0.1001125375485142,0.2313405797101471,中等方差
440AX130,440A,11.5879318523154,1.064005932488714,0.8000000000000682,590.2,0.005767714583312467,0.0,-2.3956251218347613,4.960852250254576,0.6939243408482996,0.0,9.365066273194337e-05,0.0704389593006835,0.396428571428481,中等方差
344X164,344,11.58538785658496,1.0639105777164126,6.0,37.0,0.09199274218118432,0.07625,0.24445193820404498,-1.1450524795428245,0.6935422239205197,0.0,0.0002184100834898,0.1013687374517442,0.0085400052068195,中等方差
330X566,330,11.405685068679588,1.0571213757689106,3.322500000000005,95.33500000000001,0.03542487422568826,0.0,-5.4404045265457945,96.39032492696488,0.6931601069927398,0.0,0.0002194592414546,0.0359110344607005,0.4103938274161738,中等方差
312X754,312,11.353590484346029,1.0551332254895174,0.0,57.0,0.05911419189755922,0.00125,2.046432026915819,2.3860048362917596,0.6927779900649599,0.0,0.0001404082024394,0.0218129175651202,0.0,中等方差
330X516,330,11.29263081602003,1.052795130213868,4.132499999999993,96.405,0.034857642072743465,0.0,-2.4762425308347242,31.110358497416733,0.69239587313718,0.0,8.392431559111656e-05,0.0336469346368577,0.4095836256623811,中等方差
330X251,330,11.231877853410511,1.0504523718620973,3.9324999999999903,98.05000000000001,0.03418051389425986,0.0,1.1575251459018088,1.0661303739135368,0.6920137562094001,0.0,0.0002636377931016,0.0163600455829752,0.1199148289477195,中等方差
520X256,520,11.227661348397232,1.0502893048583406,6.7999999999999545,463.6,0.007227718425268101,0.01125,-0.36792822378254225,-1.5270250837853228,0.6916316392816202,0.0,0.0002339557724297,0.0305629322882503,0.0970588235294144,中等方差
520X252,520,11.217101473859262,1.04988064867283,6.7999999999999545,463.6,0.007224318707734963,0.01125,-0.368007437015225,-1.5275563769929021,0.6912495223538403,0.0,0.0001783242641458,0.0302484025813314,0.0970588235294144,中等方差
330X351,330,11.204382226376708,1.049387915929357,4.939999999999998,96.555,0.03466723382940235,0.0,-0.18477585124021745,4.5679802896213175,0.6908674054260604,0.0,0.0002236642404796,0.0477977060007177,0.68074757687813,中等方差
520X257,520,11.199987197746802,1.0492175262459764,7.0,463.0,0.007228160244996425,0.01125,-0.35655469422583025,-1.5353139752184166,0.6904852884982805,0.0,0.0002408534256602,0.0324719452731709,0.1142857142857142,中等方差
520X254,520,11.185289442942038,1.0486472268632356,6.800000000000011,463.6,0.0072140672436493665,0.01125,-0.35690507136108485,-1.533456840656667,0.6901031715705006,0.0,0.0002270693302116,0.0302688037473145,0.0823529411764758,中等方差
360X1152,360,11.1395368585732,1.0468671348280807,5.400000000000006,159.6,0.02091224606426954,0.0,0.32966190694553216,-0.879416523011268,0.6897210546427207,0.0,0.0003486677365676,0.1487912828379007,0.440365087172761,中等方差
330X564,330,11.085012039893611,1.0447361691561017,4.0,97.245,0.03423740213920127,0.0,0.7914918687353608,0.5218478291603472,0.6893389377149408,0.0,0.000300311564549,0.0218974717162279,0.1344637079976808,中等方差
312X382,312,11.07449788426003,1.0443240445078739,5.0,0.0,,0.00125,-0.28090254480480736,-1.0076964714344459,0.6889568207871609,0.0,0.0001646235730099,0.0278373061068851,0.0,中等方差
440AX121,440A,11.054078535669616,1.043522545779209,1.099999999999909,591.8,0.0056180592106116565,0.0,-2.3583482635322555,4.854177595456851,0.688574703859381,0.0,0.0001277505859308,0.0668427954741785,0.2599999999999454,中等方差
330X331,330,11.019227113735909,1.042151134260691,4.724999999999994,97.96,0.03388650593395609,0.0,-0.14733362390387597,5.28741568251648,0.6881925869316011,0.0,0.0002163979260516,0.0434400635849405,0.2600053210544679,中等方差
330X559,330,10.987957624530644,1.0409169758788486,3.0649999999999835,95.66499999999999,0.03465017338421047,0.0,-8.273802997314169,158.48256249987423,0.6878104700038211,0.0,0.0001829523963836,0.0269381290334164,0.040814941372122,中等方差
312X597,312,10.963852058180558,1.039963166711559,2.5,57.0,0.058090715766711605,0.00125,0.13434198155665952,-0.4201721549111701,0.6874283530760412,0.0,0.0001378719281594,0.0173366413700754,0.0,中等方差
330X241,330,10.90364091113891,1.0375715404716275,3.7900000000000063,97.275,0.03394568139705528,0.0,1.2519669283702233,1.3766175697004694,0.6870462361482613,0.0,0.0002296458253439,0.0167338517295502,0.1413326079023484,中等方差
520X255,520,10.878344732672927,1.036562817406651,6.900000000000034,462.8,0.0071266931236822545,0.01125,-0.3310329371194417,-1.5566480549953055,0.6866641192204814,0.0,0.0001872227123588,0.0316541871703225,0.1097320152800829,中等方差
330X552,330,10.853969946808508,1.0355886147417714,3.0625,96.625,0.03409610740624022,0.0,-8.816792371649653,168.20191669664473,0.6862820022927015,0.0,0.0001696139689204,0.0161348696612972,0.264278245889913,中等方差
330X305,330,10.809954967302888,1.0338238847495547,5.234000000000009,99.58,0.03301716806799261,0.0,0.477027393925772,-0.5534407470996792,0.6858998853649216,0.0,0.0002527432885287,0.0584246889967603,0.2849943521176855,中等方差
520X253,520,10.787668293619731,1.032927584011356,6.800000000000011,463.2,0.007090800085864704,0.01125,-0.3473645542996069,-1.5395167374722507,0.6855177684371417,0.0,0.0001936109718495,0.0297664766693344,0.0705882352941135,中等方差
330X288,330,10.782439046082622,1.032717011726425,5.237000000000009,99.7385,0.03292271734577785,0.0,0.4487204436331896,-0.5963701760259923,0.6851356515093618,0.0,0.0002641151285004,0.0404030996152586,0.1739897970650309,中等方差
330X315,330,10.763885966952433,1.0319690881826087,5.173749999999998,99.4435,0.0329919619569705,0.0,0.5098938407142702,-0.4636313062914432,0.684753534581582,0.0,0.0002857645875861,0.068708636180795,0.3878241665542677,中等方差
ERROR:#N/A_1 (#2),META,10.601119948953256,1.0253517484683026,7.0,77.0,0.04228488453857664,0.07625,0.22303607817222826,-0.8231206304317875,0.684371417653802,0.0,0.0001762848103065,0.0801405046563902,0.0,中等方差
330X365,330,10.568249591964953,1.0240030615267102,5.140500000000003,97.745,0.03325883096085106,0.0,0.32791237686593877,-0.5803836480182842,0.6839893007260222,0.0,0.0002931484100814,0.0812262589491415,0.6885952287554418,中等方差
330X355,330,10.563267993728095,1.023798298129417,5.111249999999998,98.35499999999999,0.03304476793994831,0.0,0.3408356752193552,-0.462897358993557,0.6836071837982423,0.0,0.0003249390884889,0.0923332244065074,0.6527919627656619,中等方差
312X383,312,10.504619170821002,1.0213803123336924,7.0,0.0,,0.1375,-0.06398071316994366,-0.9802354015257086,0.6832250668704624,0.0,0.0002381254312845,0.0434851531785511,0.0,中等方差
330X294,330,10.50345355694618,1.021332119462224,4.63000000000001,98.12,0.03302999593149749,0.0,-0.32238452462041595,6.034664474329217,0.6828429499426825,0.0,0.0002281423485913,0.0162294258442983,0.2405507489024634,中等方差
440AX145,440A,10.496585591364193,1.0210480514526898,2.8999999999999773,578.4,0.005601389093491415,0.0,-0.5929446660477828,3.697296631087288,0.6824608330149026,0.0,0.000155707214867,0.0939939766268788,0.0837133697198313,中等方差
312X96,312,10.489302103820219,1.0207465937662379,0.0,4010.0,0.000807660650202823,0.00125,-2.359313617394711,3.575303946445444,0.6820787160871227,0.0,0.0001093806487534,0.0284688912076479,0.0,中等方差
330X371,330,10.466937051157696,1.0198196123002792,4.652499999999989,95.985,0.03370593950053371,0.0,-0.35015205196365096,5.3348695006445155,0.6816965991593428,0.0,0.0002503994317171,0.0484324178147513,0.7215312677848129,中等方差
330X311,330,10.419555942428035,1.0178492107233383,4.460000000000008,98.03,0.032928018927695535,0.0,-0.28880824521775944,6.096357453099156,0.6813144822315629,0.0,0.000249734195258,0.0274870784644428,0.2998704099301971,中等方差
344X71,344,10.387223779724705,1.0164994880522054,6.5,39.6,0.08138690963929376,0.0,0.8528066521030334,-1.237891951661112,0.680932365303783,1.0,0.0024242757757163,0.2716291406691867,0.0,中等方差
330X321,330,10.34157659183354,1.014586752775197,4.472499999999997,98.14500000000001,0.03276613354921138,0.0,-0.2633591547874629,6.262812662671493,0.6805502483760031,0.0,0.0001718158653854,0.0367781275203787,0.2815028276485535,中等方差
330X361,330,10.327091688204012,1.0139780328846024,4.547499999999985,96.595,0.0332685880670971,0.0,-0.3570676767320212,5.729973138832699,0.6801681314482232,0.0,0.0002508620170359,0.059229144442392,0.7395337638933179,中等方差
340X133,340,10.318873591989952,1.0136322923025975,4.0,45.0,0.07138445240685913,0.0,4.962818034923772,41.77407278838437,0.6797860145204433,0.0,0.0003086445692615,0.0140505344929919,0.0,中等方差
330X599,330,10.311545738266602,1.0133237724883235,3.8474999999999966,98.77000000000001,0.03251148691787575,0.0,0.6071104074560844,0.29953105706997807,0.6794038975926634,0.0,0.0001432543015827,0.042019533004303,0.1906651268359234,中等方差
330X335,330,10.279652645300382,1.0119784398754048,4.973249999999993,99.21199999999999,0.03231655182277917,0.0,0.4639602313744736,-0.3371060815881206,0.6790217806648835,0.0,0.0002885888730156,0.0804649210955379,0.5059918170056552,中等方差
312X381,312,10.166771747892824,1.0071830734101557,5.0,0.0,,0.00125,-0.2453322978758947,-0.9721522808675096,0.6786396637371036,0.0,0.0002235031079206,0.024053780179522,0.0,中等方差
520X7,520,10.096032288649884,1.0041507308422193,1.0,144.0,0.02206545429352156,0.015,16.34630326008494,298.52188102740666,0.6782575468093237,0.0,0.0002307367771924,0.0302196062366064,0.0,中等方差
330X298,330,10.04904701524406,1.0021248781102543,4.684249999999992,93.0085,0.0340831557163,0.0,-0.16054328402047577,0.39696559372409945,0.6778754298815437,0.0,0.0001124565876191,0.0630386673842352,0.4755452645007015,中等方差
330X341,330,10.033457449311646,1.0014506132214667,4.340000000000003,97.47999999999999,0.032494494562584006,0.0,-0.3489758292108165,6.582181647431499,0.6774933129537638,0.0,0.0002813356320945,0.0467409995489155,0.5126797532509719,中等方差
344X178,344,10.024335236586493,1.001055582024917,5.0,47.0,0.06736432044408851,0.07625,1.1753939380542298,4.13576717393957,0.6771111960259839,0.0,0.0001934530349492,0.0153775879820749,0.0,中等方差
344X73,344,10.024301376721047,1.0010541150770136,6.399999999999999,39.6,0.07995246751654471,0.0,0.8423689923890545,-1.262155727272437,0.676729079098204,1.0,0.0015856705667286,0.2713658380603799,0.0,中等方差
440AX107,440A,10.00586132665831,1.000254479610311,1.3999999999999773,594.8,0.005318097312584121,0.0,-2.17915497645903,4.311489908245359,0.6763469621704241,0.0,0.0001086477165396,0.0618768080066847,0.2430069930069627,中等方差
330X268,330,9.984022914391407,0.999305569091386,4.127499999999998,98.463,0.03209073917394668,0.0,0.6980406090204374,0.18182903548175355,0.6759648452426442,0.0,0.0002253605094028,0.015609598806062,0.0733901367119498,中等方差
330X274,330,9.975512484981216,0.9989352165073702,3.760000000000005,97.335,0.03244879509835217,0.0,-0.31758706579964296,8.25344141689827,0.6755827283148643,0.0,0.0002606802976236,0.0230149706690725,0.050857790290457,中等方差
360X1028,360,9.93162201188988,0.9970201823611552,6.400000000000006,172.2,0.01830108946438013,0.0,-0.32482503255538137,-1.5068289473742897,0.6752006113870844,0.0,0.0002190335868947,0.0887412103152639,0.1448180792972469,中等方差
312X516,312,9.90347309136421,0.9957875259005621,6.0,91.0,0.03458218029188436,0.0,0.07870399261294132,-1.3545129957871107,0.6748184944593045,0.0,0.0001216836039425,0.0201237139360439,0.52,中等方差
312X380,312,9.901295792673174,0.9956920348785442,5.0,0.0,,0.00125,-0.19399487986465397,-1.011917413812799,0.6744363775315246,0.0,0.0001986735746232,0.0200188197105472,0.0,中等方差
344X209,344,9.89545676241608,0.9954358455175062,3.0,46.0,0.0683848803003544,0.07625,0.21534063989643704,0.7137211471756353,0.6740542606037447,0.0,0.0002489365407629,0.0703026844638096,0.0807692307692306,中等方差
312X23,312,9.893303345974399,0.995341325509539,3.5,103.0,0.030537497051550823,0.00125,-0.8018965495454456,-0.2980873348616968,0.6736721436759648,0.0,8.7581237317848e-05,0.0171056376392406,0.0,中等方差
520X23,520,9.877106727984565,0.9946297466028998,6.0,492.0,0.00638777735605025,0.015,-0.37085879753808026,-1.7975244875757268,0.6732900267481849,0.6,0.0003691481219238,0.1530702798592774,0.0166666666666666,中等方差
312X483,312,9.876979683250713,0.9946241604344769,4.0,27.0,0.11639874988870179,0.00125,0.5292317102303216,-0.590560701800293,0.672907909820405,0.0,0.0001728020706272,0.0352591334771562,0.75,中等方差
330X601,330,9.868669085732165,0.9942585865403022,3.2775000000000034,96.99,0.032389357562639595,0.0,-3.105515254695923,42.927375973868386,0.6725257928926252,0.0,0.0002062813268538,0.0195872456198587,0.3236114709677296,中等方差
312X379,312,9.83839173967471,0.9929241110665677,5.0,0.0,,0.0,-0.28161846720010075,-0.8148624871131465,0.6721436759648453,0.0,0.0002655080986589,0.0276879411946503,0.0,中等方差
440AX122,440A,9.781416708385509,0.9904017611347786,2.0249999999999773,585.0,0.005346197696947385,0.0,-1.1259873400146447,4.7806626791219395,0.6717615590370654,0.0,0.0001434393357421,0.0810841601630412,0.1691228070175726,中等方差
312X22,312,9.78058491033583,0.9903648277666816,6.5,100.5,0.03111833502164005,0.00125,0.38278574750867833,-1.5168735286548471,0.6713794421092855,0.0,0.0001919528468529,0.0696350190570342,0.0,中等方差
330X231,330,9.717156342928652,0.9875391903108798,3.434999999999988,96.47,0.03231300268009051,0.0,1.3787621687935934,1.8862745143079511,0.6709973251815056,0.0,0.0002121783058828,0.0187651791159771,0.2781265961512318,中等方差
340X121,340,9.574428973717257,0.9811128817572418,1.0,6002.0,0.0005155377238898396,0.0,15.70269481417424,269.4257024501917,0.6706152082537257,0.0,0.0002354560132631,0.0605069332961145,0.0,中等方差
750X635,750,9.524237386576957,0.9788302114278902,1.3700000000000045,81.02,0.038091043201117405,0.0,-1.3718120741552449,3.9686423072127344,0.6702330913259458,0.0,0.000495676202524,0.1394124443576133,0.783585519622789,中等方差
330X398,330,9.466311336670843,0.9761807838394179,3.872499999999988,97.095,0.03168790488749791,0.0,0.2868271390510387,-0.22163939384977205,0.6698509743981659,0.0,0.0002516892669891,0.0933913756902698,0.3595030470963875,中等方差
330X381,330,9.44826855303503,0.9753522289580899,4.112499999999997,95.6,0.03215275729097346,0.0,-0.5495089128296473,7.008171273337409,0.669468857470386,0.0,0.0002250948821606,0.0554776089910038,0.617957090856445,中等方差
330X264,330,9.348935518773475,0.9707621643868818,3.5150000000000006,96.935,0.031542816361857635,0.0,-0.3948806049747994,9.565363089864091,0.6690867405426061,0.0,0.0001781977769316,0.0254600614816794,0.0623809126793548,中等方差
330X405,330,9.343867188986232,0.9705266568765937,4.036500000000004,95.20150000000001,0.03210846450901871,0.0,0.03818556524374052,0.45033159288063507,0.6687046236148262,0.0,0.000144701150122,0.0417823903252533,0.2948971825970051,中等方差
330X391,330,9.308609810857329,0.9688848263567794,3.825000000000003,95.035,0.03210397689197748,0.0,-0.5732296503699623,7.222283367142367,0.6683225066870463,0.0,0.0002472910250536,0.0578307796705884,0.5671201803511743,中等方差
344X163,344,9.26645650813511,0.966913691731627,3.0,34.0,0.08953192635862986,0.0,0.9691950913352555,3.15446216588946,0.6679403897592663,0.0,0.0002090019224559,0.0669416625290985,0.0,中等方差
750X1356,750,9.16742021276587,0.9622471388337531,4.0,-12.7,0.23840746421911035,0.0,-0.046830665725950835,1.542899521289419,0.6675582728314864,0.4,0.0003182709785733,0.1946886871982661,0.0,中等方差
330X375,330,9.16300075471841,0.9620377223360513,4.32974999999999,97.388,0.03108231905495674,0.0,0.25778273323633866,-0.4110126791657258,0.6671761559037065,0.0,0.0003106987239383,0.0898080401217978,0.6405143905683296,中等方差
312X529,312,9.160824464164165,0.9619345614543161,5.0,43.0,0.07038803237984566,0.00125,1.2192452231831992,0.10405279159853364,0.6667940389759266,0.0,0.0001508576361994,0.0648094729409093,0.9,中等方差
440AX112,440A,9.084585591364212,0.9583051210233978,3.400000000000091,574.1,0.005250069029076996,0.0,0.6013910691019446,2.965007250509177,0.6664119220481467,0.0,0.000226806343228,0.1029702794227428,0.0283411731346196,中等方差
330X258,330,9.073601832290356,0.9577797176417902,4.056999999999988,98.065,0.030716789826247298,0.0,0.7629470289985987,0.3934715474452748,0.6660298051203668,0.0,0.0002257091529317,0.0149280651937443,0.0687842167895227,中等方差
330X221,330,9.009492610137665,0.9547003333961319,2.9224999999999994,95.19,0.031532531618186546,0.0,1.4608426695634606,2.2614383953564987,0.6656476881925869,0.0,0.0002402241337604,0.0189884636007989,0.4130212041309414,中等方差
330X458,330,8.942368157697118,0.9514525458233312,4.135000000000005,96.505,0.03098678064898992,0.0,-1.6245161050146695,12.338196390610932,0.665265571264807,0.0,0.0001943009584922,0.0648445660745034,0.4215834803417911,中等方差
330X385,330,8.930441369197432,0.9508729235548448,4.0595,96.733,0.030893122387080744,0.0,0.23914862034967407,-0.3624423051804291,0.6648834543370271,0.0,0.0002730426706199,0.0919539011217618,0.6139867790355975,中等方差
330X608,330,8.915540619367958,0.9501476830009582,2.852499999999992,97.44,0.030643372903812752,0.0,-3.58120191103808,50.43106629255109,0.6645013374092472,0.0,0.000151118288802,0.0245503720431862,0.3403194514250665,中等方差
330X284,330,8.903306675688363,0.9495513329701368,3.802500000000009,97.61,0.030569008571590298,0.0,-0.6057667908721783,9.539050150531086,0.6641192204814673,0.0,0.0002523424316204,0.0190755674337452,0.0816436069149264,中等方差
312X752,312,8.790262828535573,0.9440018606569578,3.0,87.0,0.03407859472041147,0.0,-14.2888758031062,323.8749361192981,0.6637371035536874,0.0,0.0001488469455328,0.0450472945150711,0.3333333333333333,中等方差
330X512,330,8.761783135755632,0.9425924996855474,3.733249999999998,97.223,0.03044578890727715,0.0,0.1518177672774522,0.5914659202402306,0.6633549866259075,0.0,0.000124577585789,0.0239448495715327,0.3364498031461577,中等方差
330X254,330,8.737200381570727,0.9413722960657167,3.1525000000000034,96.02,0.03078395718980749,0.0,-0.4874688518248679,11.447191010666232,0.6629728696981276,0.0,0.0001982418310343,0.0315381901643934,0.0832988729038703,中等方差
520X24,520,8.735060210656581,0.9412659029154903,6.0,493.0,0.005994956445034609,0.015,-0.356430483141697,-1.8777295872029738,0.6625907527703477,0.4,0.000320031626902,0.1495610854314628,0.0,中等方差
520X21,520,8.714962041808889,0.9402654998718475,6.0,493.0,0.005988055689334527,0.015,-0.3548588211596435,-1.877175251056796,0.6622086358425678,0.0,0.0002373408458135,0.1484771939966648,0.0,中等方差
440AX146,440A,8.69439299123906,0.9392392666426288,2.5,580.9,0.005075960768734874,0.0,0.2410463114845858,6.493229924623769,0.6618265189147879,0.0,0.0001274710249645,0.0880056403379445,0.4114836250705685,中等方差
360X1364,360,8.651952484198974,0.9371141256645511,5.01,7.63,0.3855072277213117,0.0,-0.6439225263415944,0.07155625980141789,0.661444401987008,0.0,0.0003632371951064,0.1513594189093453,0.5131331532716055,中等方差
330X606,330,8.627795646902388,0.9358998500983704,3.694999999999993,99.35,0.029565283896243733,0.0,0.594309662578825,0.4699835620974864,0.6610622850592281,0.0,0.000221976990084,0.0596120320418365,0.06572982930474,中等方差
330X472,330,8.620096744624522,0.935512140003461,5.328749999999985,97.697,0.03005210115775664,0.0,-0.07858912296882367,-0.3572093596177841,0.6606801681314483,0.0,0.0002283846059142,0.1207188321641914,0.542875908290658,中等方差
344X126,344,8.602282436897491,0.9346136975499024,7.0,-2.0,1.4664823930836581,0.07625,-0.482946447086947,-1.3433699727102963,0.6602980512036684,0.0,0.0002708228205213,0.0624360412790602,0.0,中等方差
330X278,330,8.545401759974975,0.9317324857856614,4.042000000000002,98.83699999999999,0.029576493775039025,0.0,0.5314478993949638,-0.12987331832674887,0.6599159342758885,0.0,0.0002893846759972,0.0242402845304287,0.0736435785718848,中等方差
520X22,520,8.52556292287741,0.9307230640549385,6.0,494.0,0.005910641014894988,0.015,-0.35758787915832385,-1.8317696380305195,0.6595338173481086,0.6,0.0003893772770517,0.1390227314821963,0.0,中等方差
330X244,330,8.50749118836043,0.9298015079472859,3.009999999999991,95.265,0.030617334726176407,0.0,-0.4720214743478047,12.212477382563922,0.6591517004203287,0.0,0.0001908497320425,0.0299715165014864,0.1499713972495885,中等方差
440AX136,440A,8.41213703066336,0.9249063385716104,3.1000000000000227,574.6,0.005047630404035964,0.0,1.3775169182048155,3.1457282813654572,0.6587695834925488,0.0,0.0002208568097984,0.0760966149459749,0.0531071537556372,中等方差
330X492,330,8.407962448959637,0.9246907634095725,4.888499999999993,98.945,0.029305661496950863,0.0,-0.7524676987800104,4.120125743018813,0.6583874665647688,0.0,0.000136071462377,0.095911154384812,0.5781837021212082,中等方差
330X562,330,8.376076820400495,0.9230406517800315,3.6712500000000006,96.44,0.03000980159629296,0.0,0.3615296720374481,2.3759993234640913,0.6580053496369889,0.0,0.0002064352283537,0.0237182192897562,0.2624497004322975,中等方差
440AX137,440A,8.352147043178983,0.9217981316686142,1.1999999999999318,593.8,0.004866972278455442,0.0,-2.2751183666565815,5.1424998439913505,0.657623232709209,0.0,0.0001229450682652,0.0791628836025287,0.3855235279625325,中等方差
312X31,312,8.334841989987401,0.9208973709874169,5.5,95.5,0.0302304988598966,0.0,-0.43931052077758626,-1.5528672205748324,0.6572411157814291,0.0,0.0001292678981856,0.0410391469486488,0.1428571428571428,中等方差
330X462,330,8.297855233416778,0.9189658537423289,5.1457499999999925,98.06,0.02937589031667721,0.0,-0.15006576581995076,0.14648157176531296,0.6568589988536492,0.0,0.0001513897779609,0.125975106929243,0.4542735233876537,中等方差
330X615,330,8.27465653066334,0.917749975869699,2.4849999999999994,97.46,0.029515393722122238,0.0,-4.030202711464299,58.872189252746004,0.6564768819258693,0.0,0.0001887528359484,0.0318509516404891,0.1886548786372957,中等方差
312X97,312,8.241307502997413,0.9159961190138365,0.0,0.0,,0.1375,3.1213446767349917,8.570714230694625,0.6560947649980894,0.0,0.0001764265277211,0.041507988497652,0.0,中等方差
330X401,330,8.21847928269712,0.9147914647137698,3.124999999999986,94.59,0.030307527429588407,0.0,-0.8288845879942253,10.124235488322494,0.6557126480703095,0.0,0.0002530416872838,0.055947068342686,0.4064377289073523,中等方差
330X234,330,8.182094192115136,0.9128644747810766,2.8500000000000085,94.42,0.030294810573361832,0.0,-0.6195597011874521,13.679277705043942,0.6553305311425296,0.0,0.000159348598278,0.03456970746958,0.342652755611966,中等方差
330X482,330,8.17936382352316,0.9127195263268579,4.899499999999989,98.77850000000001,0.028953251062813212,0.0,-0.7023500870702442,4.299695414151161,0.6549484142147497,0.0,0.0002521685091954,0.1123668426100898,0.6075973486372048,中等方差
344X121,344,8.160300375469328,0.9117061451518859,6.0,0.0,,0.0,-0.5293388528620815,-1.2746844718114834,0.6545662972869698,0.0,0.0003421386067465,0.043162190559568,0.0,中等方差
330X248,330,8.072800861975905,0.9070242395375873,3.6502499999999856,97.1815,0.029236711458014836,0.0,0.8983492167668669,0.8445949343272559,0.6541841803591899,0.0,0.0002661024180984,0.0127304212569374,0.1514340434913847,中等方差
330X475,330,8.017013244055065,0.9040126010497123,4.799999999999997,98.76,0.0286698367000958,0.0,-0.06166228974641689,-0.43526416484074915,0.65380206343141,0.0,0.0002181364968379,0.1350558101657826,0.5941003736859186,中等方差
344X122,344,8.006212159550476,0.9034270944502282,6.0,0.0,,0.07625,-0.512212787282743,-1.2709074313939521,0.6534199465036301,0.0,0.0002257812405247,0.0515629250242978,0.0,中等方差
340X6,340,7.9101861702128415,0.8981867049571797,6.0,106.0,0.026533069048527542,0.0,-0.7683510712746044,-1.0895257586851141,0.6530378295758502,0.0,0.0003343233737838,0.0606383174059177,0.1666666666666666,中等方差
330X238,330,7.85995965976064,0.895420317084152,3.362499999999997,96.375,0.02909013706171285,0.0,1.0034011096518756,1.143772954341551,0.6526557126480703,0.0,0.0002432374204919,0.0128191466122223,0.176826261418342,中等方差
330X155,330,7.83436189236545,0.8940036290228348,4.217500000000001,95.57,0.02928736019661099,0.0,-1.2486716471889192,9.81016144829076,0.6522735957202904,0.0,0.0002405121873032,0.0210735593451066,0.4102133720856493,中等方差
330X418,330,7.8247899367960025,0.8934726873667417,2.6599999999999966,94.34,0.029651076941544997,0.0,-1.2706861221183898,11.938172208910183,0.6518914787925105,0.0,0.0001896131434723,0.0703972015310735,0.2042562884922717,中等方差
312X42,312,7.806927362210275,0.8924801385887159,6.5,100.5,0.027801869953166414,0.00125,0.17878695367359235,-1.641997857311363,0.6515093618647306,0.0,0.0002051352990819,0.0201231055352939,0.3846153846153846,中等方差
340X8,340,7.7822277847308365,0.8911039383931774,6.0,101.0,0.02762044017201104,0.0,0.4503787996244537,-1.7394255547391642,0.6511272449369507,0.0,0.0003334167534063,0.083925337322704,0.1666666666666666,中等方差
340X3,340,7.694017521902426,0.8861531710086016,4.0,112.0,0.02476615364207952,0.0,-1.1901692955791117,1.1695594222516688,0.6507451280091708,0.0,0.0002552141254044,0.0268417059927963,0.0,中等方差
330X182,330,7.651071777065083,0.8837222762336072,2.7524999999999977,96.66499999999999,0.028614876959705993,0.0,0.9630834130440102,1.3013250042780067,0.6503630110813909,0.0,0.0003503497649899,0.0891299394331864,0.3541877703955678,中等方差
330X224,330,7.643735819618269,0.8833056686937213,2.730000000000004,93.41499999999999,0.029596217905870952,0.0,-0.7452707551709425,15.563979397665792,0.649980894153611,0.0,0.0001593660107771,0.0227761541092464,0.5025900132849627,中等方差
330X502,330,7.592449814142677,0.8803819299267613,4.391000000000005,99.173,0.02778417553184337,0.0,-0.9166287848629764,5.293791775197166,0.6495987772258311,0.0,0.0002008568180683,0.0837991062587858,0.555243763373191,中等方差
210X108,210,7.576790738423116,0.879485292739317,0.0,39.0,0.07057941255733342,0.0,-14.06180642438977,196.2289666343146,0.6492166602980513,0.0,4.779609482618346e-07,0.0583783463366775,0.0,中等方差
210X110,210,7.5767907384231075,0.8794852927393164,0.0,39.0,0.07057941255733338,0.0,-14.061806424389774,196.22896663431462,0.6488345433702714,0.0,9.914293793825458e-06,0.0676100310546478,0.0,中等方差
750X1245,750,7.499999598091357,0.8750612401188053,1.3149999999999977,81.33,0.03367284783164498,0.0,-2.5436932757053614,7.476856315875585,0.6484524264424913,0.0,0.0003217480205716,0.1911867209793361,0.9368671257709454,中等方差
330X465,330,7.483411702127675,0.8740996387208005,4.627500000000012,99.05,0.027618198041915062,0.0,-0.07622524448815925,0.27258281025421693,0.6480703095147115,0.0,0.0001997552176212,0.1446412525946631,0.5536561069176383,中等方差
330X557,330,7.478904818523154,0.8738380061405088,3.625,97.655,0.028004286927477612,0.0,0.7475923469265054,0.5892856148023875,0.6476881925869316,0.0,0.0001574296235106,0.0204188362950295,0.0659714829510335,中等方差
330X613,330,7.477956691958699,0.873782945640637,3.1049999999999898,99.275,0.027545558166859344,0.0,0.6133517640732151,0.6392167714403509,0.6473060756591517,0.0,0.0001733651007924,0.0732535966582294,0.1375262421216431,中等方差
330X448,330,7.4075257783166535,0.8696731715069581,3.5649999999999977,95.245,0.028575536939438442,0.0,-1.902362378159009,16.593603605889847,0.6469239587313718,0.0,0.0001612800516675,0.0885293871124545,0.490911581202614,中等方差
312X48,312,7.402459057531268,0.8693760140164305,3.0,97.0,0.0280489283295628,0.00125,-0.5261261258942321,-1.0969404447055064,0.6465418418035919,0.0,0.0001666459497604,0.0244857419490369,0.0,中等方差
220X114,220,7.376724221600133,0.8678635476882777,4.7093075,-4.0310435,0.6737740635087911,0.0,0.6022040521654082,-0.9015538782123991,0.646159724875812,0.0,0.0002361147436837,0.0051017058990146,0.3816530927296823,中等方差
330X597,330,7.359692618767206,0.866859676190634,3.460000000000008,97.97,0.027690878243807227,0.0,0.23758932826321189,1.185286538295152,0.6457776079480321,0.0,0.0001745830912012,0.0390879049135841,0.2335889342586262,中等方差
210X95,210,7.3436905506883505,0.865914368225872,0.29999999999999716,38.4,0.07057094934358314,0.0,-13.953258935824024,194.19966595007358,0.6453954910202522,0.0,0.000387321456738,0.0696239032823225,0.4000000000000048,中等方差
210X52,210,7.3189849126157895,0.8644508519027571,3.0744999999999996,3.632,0.7448684613554977,0.0,0.8221666039694012,0.8917178568612107,0.6450133740924723,0.0,0.0003181445258339,0.0644537360595739,0.4159810110484411,中等方差
310X103,310,7.318537788911671,0.8644243196320379,3.469583,-5.216236,0.5186267672346304,0.0,0.5697515911413776,0.921854758880511,0.6446312571646924,0.0,0.0003445365653956,0.1143441095252642,0.6182578862133951,中等方差
330X495,330,7.3001640724342955,0.8633326210727982,4.534999999999997,99.93,0.027037742219722206,0.0,-0.22143103624786253,-0.18828438827250027,0.6442491402369125,0.0,0.0001477566841505,0.1099390589372797,0.5092070461245709,中等方差
344X66,344,7.286686107634595,0.8625300615985729,3.299999999999999,12.6,0.21423700368814227,0.0,-0.4829086275070297,-1.0200589482302942,0.6438670233091326,0.0,0.0004355868315042,0.0190844794106361,1.0,中等方差
330X529,330,7.260731709881102,0.8609803895087647,4.001249999999999,98.70150000000001,0.027300238548999798,0.0,-0.9900634012560148,5.935995128551761,0.6434849063813527,0.0,0.000226201532567,0.0347055186771193,0.5040421164650497,中等方差
330X214,330,7.249010532540674,0.8602787307663019,3.280000000000001,93.63,0.02875572634629112,0.0,-1.3359700290189165,16.93520936168177,0.6431027894535728,0.0,0.0001527800017995,0.0125590812845222,0.5292877133524556,中等方差
344X1,344,7.2470099968709745,0.8601588604051978,4.400000000000006,164.0,0.016414799491872554,0.0,-1.1458173075302993,-0.1929436369612012,0.6427206725257929,1.0,0.001299916163543,0.2728863682862784,0.0,中等方差
330X395,330,7.2451464780960455,0.8600471702055048,2.9909999999999997,95.945,0.028054416345669644,0.0,0.2659631013491575,0.1456399367204626,0.642338555598013,0.0,0.0002971305275264,0.0945498463704032,0.479319256447369,中等方差
330X415,330,7.220357758291611,0.8585587167666748,2.7550000000000097,96.19,0.02793504875360191,0.0,0.18706408323742255,0.6476953621688164,0.6419564386702331,0.0,0.0002503884192901,0.1176622990260814,0.2202983338930559,中等方差
330X172,330,7.173559637046321,0.8557347131441381,3.1824999999999903,96.94,0.027628947500819283,0.0,0.990867307117725,1.278685754412166,0.6415743217424532,0.0,0.0002357006519923,0.0922145361628744,0.5606880572210878,中等方差
312X530,312,7.1422988008193,0.8538380151136288,4.0,43.0,0.062151347926799334,0.00125,1.0358957302470135,-0.4245024361396945,0.6411922048146733,0.0,0.0001349823308924,0.0562069614973718,0.0,中等方差
330X485,330,7.128473379067582,0.8529965320909112,4.454999999999984,99.74,0.026768799952319348,0.0,-0.1436990461568327,-0.15055087854501492,0.6408100878868934,0.0,0.0002522946113375,0.1288733105498402,0.5661968896244247,中等方差
330X228,330,7.123081631814757,0.8526679214670669,2.8557500000000005,95.57849999999999,0.02792375058754865,0.0,1.064612757695366,1.5463551239336226,0.6404279709591135,0.0,0.0002157840781476,0.0127101516472111,0.3233641642393012,中等方差
344X62,344,7.108715832290339,0.8517911538491565,3.1999999999999993,12.5,0.2132974011249508,0.0,-0.46711340204927304,-0.9778634396351147,0.6400458540313336,0.0,0.0002751896889192,0.019574097825172,1.0,中等方差
420X188,420,7.093617821813483,0.8508677865677581,3.200000000000003,110.6,0.024081235580909213,0.005,0.16883102570008568,-0.3406916364147139,0.6396637371035537,1.0,0.0013835259774265,0.2561583602252258,0.391206774761904,中等方差
420X189,420,7.093617821813459,0.8508677865677566,3.200000000000003,111.4,0.023908300316414305,0.005,0.16883102570007075,-0.34069163641471834,0.6392816201757738,1.0,0.0013574455680389,0.2561583602252258,0.3912067747619022,中等方差
330X146,330,7.0858328496558265,0.8503909033840733,3.6099999999999994,96.595,0.027557562741809056,0.0,-1.4486239098975369,11.858798315317015,0.6388995032479939,0.0,0.0001946954445453,0.0173110142301735,0.3281038869963174,中等方差
330X428,330,7.067201469180223,0.8492474721985583,2.747499999999988,94.28,0.02819708167220912,0.0,-1.7313951848059503,15.829698798212663,0.6385173863202139,0.0,0.0001528562782542,0.0762589778783346,0.052934047211687,中等方差
210X94,210,7.051952049436817,0.8483093506017889,0.20000000000000284,36.9,0.07196615653668545,0.0,-13.34382344495529,183.02200429691743,0.638135269392434,0.6,0.0008403828030129,0.1578787401579896,0.5,中等方差
344X64,344,7.046026282853563,0.8479442588391184,3.1999999999999993,12.5,0.21235481678140197,0.0,-0.48607627946790716,-0.9914396845094022,0.6377531524646541,0.0,0.0003949620874071,0.0190366869587613,1.0,中等方差
344X174,344,6.958590492535485,0.8425212793653835,4.0,66.0,0.039968394574478754,0.07625,-0.041772556382059636,-0.6503414774274385,0.6373710355368742,0.0,0.0002279784089744,0.1315157625764485,0.169193727912274,中等方差
310X115,310,6.945436108789958,0.8416995205840153,2.9688927499999993,7.817825,0.3371039300364718,0.0,-1.0270140589105945,1.9335692874779786,0.6369889186090943,0.0,0.0002965732961797,0.1215499955228287,0.5519086460349348,中等方差
330X201,330,6.928571912390491,0.8406437289145964,2.480000000000004,96.345,0.02732075415880638,0.0,0.9855013388053546,1.4794290131745438,0.6366068016813144,0.0,0.0002088336539209,0.0846354604726434,0.3338386669352647,中等方差
330X211,330,6.91033918632666,0.8394993647598356,3.132499999999993,95.295,0.027585417924415344,0.0,1.100948200908507,1.6276081998510668,0.6362246847535346,0.0,0.0002712386828702,0.0282651519399862,0.5989031642735597,中等方差
ERROR:#N/A_17,META,6.867851597595888,0.8368209022370542,5.099999999999909,3012.2,0.0008700148127777089,0.07625,-0.16582860429973156,-1.2256394585852866,0.6358425678257547,0.0,0.0002543887655037,0.0386424042244451,0.0076753279627557,中等方差
220X126,220,6.845508129403962,0.8354056905424381,4.57538625,4.6881710000000005,0.5580837808963137,0.0,-0.504429512352281,-0.8785117175386157,0.6354604508979748,0.0,0.0003168694335597,0.0045093316942009,0.43578637186011,中等方差
440AX148,440A,6.841586420525657,0.8351568171871947,3.1000000000000227,572.7,0.004567212572140554,0.0,1.3289399772990467,4.0036692985009035,0.6350783339701949,0.0,0.0002214534951855,0.0778762050249868,0.3094654740299162,中等方差
330X438,330,6.8064255693053894,0.8329190997146687,2.7849999999999966,94.455,0.02762069469948266,0.0,-1.9919273449030492,17.80747535442695,0.634696217042415,0.0,0.0001831665344542,0.0886484764763411,0.1754355628165282,中等方差
330X139,330,6.743501901752201,0.8288854843169549,3.489999999999995,97.055,0.026756224312451053,0.0,-1.25769347924248,10.720644264499063,0.6343141001146351,0.0,0.0001910216178417,0.0187179238002926,0.2983923179720652,中等方差
360X1245,360,6.692274437421789,0.8255737422446409,4.922499999999999,84.16,0.030738391968481042,0.0,-0.07285980821199331,-1.4584986800591284,0.6339319831868552,0.4,0.000415241503898,0.1315465667520467,0.0662054080769988,中等方差
330X622,330,6.658576898623274,0.8233814196934091,2.6424999999999983,97.215,0.026543453634635436,0.0,-2.071016573943627,21.791735047990386,0.6335498662590753,0.0,0.0001543761791204,0.0319916472500547,0.0897032137899714,中等方差
340X182,340,6.643798498122749,0.8224164521236604,5.0,3042.0,0.000847323041270185,0.0,0.0338094019399115,-0.566405823228759,0.6331677493312954,0.0,0.0002083027362339,0.0319781659119889,0.0,中等方差
330X165,330,6.615270237171466,0.8205475900375305,3.3924999999999983,95.505,0.026930702733456786,0.0,-1.2896586347817218,15.134620739031698,0.6327856324035155,0.0,0.0002027943007297,0.0699687113766775,0.7386209938476511,中等方差
330X132,330,6.61479359183354,0.8205162970002706,3.4200000000000017,97.31,0.026430213781182692,0.0,-1.3292872042692383,11.251196245498166,0.6324035154757356,0.0,0.0002211332172364,0.0242108188797685,0.2839661040176941,中等方差
330X218,330,6.596013446652064,0.8192815323273688,2.8102499999999964,94.3885,0.027209570198084537,0.0,1.1145824390433854,1.8898377185258903,0.6320213985479557,0.0,0.0002319424467139,0.0133626936909561,0.4511956294763077,中等方差
330X505,330,6.582829270963686,0.8184125915891349,4.1000000000000085,100.125,0.025624993665268225,0.0,-0.2929536162340631,0.022616359016867094,0.6316392816201758,0.0,0.0001903618751438,0.0984763098287889,0.5395021195104414,中等方差
344X25,344,6.570907384230343,0.8176253459302563,5.0,3001.0,0.0008541746483293372,0.0,0.5017728062530872,-1.4496334174400003,0.6312571646923959,0.0,0.0001924735695337,0.0198704822867913,0.0,中等方差
330X532,330,6.56448388219649,0.8172005863393782,3.632499999999993,99.56,0.025734480477964044,0.0,-0.2930278872768321,-0.09845296711502938,0.630875047764616,0.0,0.000195343018364,0.0433508660242121,0.5095856424667354,中等方差
330X175,330,6.525962151282841,0.8146445506751666,2.992500000000007,94.835,0.026937272942577282,0.0,-1.014213689981,15.273970434104237,0.6304929308368361,0.0,0.0002063859535836,0.0595086788168546,0.5930419393271268,中等方差
330X111,330,6.520031476846056,0.8142496923864527,2.6624999999999943,97.235,0.02626045385504657,0.0,-1.891939054754402,19.18121704747727,0.6301108139090562,0.0,0.0002425805568788,0.0483950273838773,0.0790001149975186,中等方差
312X601,312,6.462322891082541,0.8103886538227645,3.0,65.0,0.03910938352296241,0.00125,-0.29525575164473883,-0.8092024046272317,0.6297286969812763,0.0,0.0001659498995899,0.0202382883238951,0.0,中等方差
344X229,344,6.446880960575783,0.8093496511879387,4.800000000000182,3011.1,0.0008432369849223004,0.0,-0.11741409201081882,-1.4583505134217478,0.6293465800534964,0.0,0.0002170399794474,0.0423449144356011,0.042853621748902,中等方差
312X3,312,6.442912663385669,0.8090822443268292,1.0,91.0,0.02789328921206581,0.00125,1.2273566605475577,0.9544350182936476,0.6289644631257165,0.0,0.0001617188008714,0.0889397312264956,0.0,中等方差
330X185,330,6.390975969805999,0.8055671845959234,2.4749999999999943,94.785,0.026671287317893158,0.0,-1.0755874410062458,17.1550763507826,0.6285823461979365,0.0,0.0002127019794878,0.0583883848316594,0.3805833640241778,中等方差
312X90,312,6.389776067201733,0.8054856383645473,3.0,4000.0,0.0006319501595854758,0.00125,0.9749835477842644,-0.23428267801213964,0.6282002292701566,0.0,0.0002793551457783,0.0972896898011268,0.2666666666666666,中等方差
330X125,330,6.324504399874843,0.8010264990442932,3.2549999999999955,97.53999999999999,0.025782824845778957,0.0,-1.1567308686684352,8.998950007367203,0.6278181123423767,0.0,0.0002010351511354,0.0370974312601558,0.1668401255793158,中等方差
312X88,312,6.279716813937197,0.7979400595146743,3.0,4000.0,0.0006264840787051773,0.00125,1.0200803506089984,-0.1974477257821694,0.6274359954145968,0.0,0.0002429857297676,0.0819750978166948,0.2666666666666666,中等方差
340X7,340,6.271727143304089,0.7973871557454076,5.0,92.9,0.026957391374174727,0.0,-0.6567650275369239,-0.9146379565688769,0.6270538784868169,0.0,0.0001854795321907,0.0238446174237621,0.0,中等方差
312X589,312,6.2680920072396615,0.7971353627077222,3.0,65.0,0.03851716594869678,0.00125,-0.26919119864392627,-0.8723405918297331,0.626671761559037,0.0,0.0001580000595026,0.0210294921707241,0.0,中等方差
330X519,330,6.238167743477785,0.795057048697384,3.599749999999986,98.9565,0.02523970055141156,0.0,-1.1471274799768274,7.9612214075000605,0.6262896446312571,0.0,0.0001748797778353,0.061237820073526,0.5608336281815536,中等方差
330X118,330,6.207777048811015,0.7929361109225157,2.917500000000004,97.56,0.02553855165192214,0.0,-1.190366285917302,9.52324250010115,0.6259075277034772,0.0,0.0001782470096417,0.0377056189288584,0.1604642710033964,中等方差
330X604,330,6.19618996793492,0.7921247242519769,3.0487500000000125,98.525,0.025264803138022065,0.0,0.14675218228735581,1.7791709469531964,0.6255254107756973,0.0,0.0001608801549575,0.0604228351447685,0.0973500580727149,中等方差
312X89,312,6.182637444675514,0.7911737798332774,3.0,4000.0,0.0006216227475665764,0.00125,1.0316277219070562,-0.16628932907141358,0.6251432938479174,0.0,0.0001982441918742,0.0949611852733912,0.2666666666666666,中等方差
312X287,312,6.158053048947178,0.7894434258412609,4.0,2002.0,0.0012395317051619706,0.1375,0.1409912764089192,-1.2355199261996017,0.6247611769201376,0.0,0.0001779864005578,0.0736528609124005,0.1990610328638467,中等方差
312X61,312,6.129782713867992,0.7874450800909056,4.0,232.0,0.010671723274646834,0.1375,0.05229811130854165,-1.1079640430517321,0.6243790599923577,0.0,0.0002607828379095,0.0147290528550557,0.1639252564779852,中等方差
344X26,344,6.122116241460113,0.7869015713484488,5.0,3001.0,0.0008244888564998105,0.07625,0.5504013205007322,-1.3734368824368293,0.6239969430645778,0.0,0.0002373848355394,0.0169492521474204,0.0,中等方差
440AX115,440A,6.061250797872345,0.7825622542919097,2.699999999999932,576.6,0.004269789737880787,0.0,0.9744771917549477,4.680343605245276,0.6236148261367979,0.0,0.0002722983555719,0.1277194874752601,0.0740147783251371,中等方差
330X555,330,6.056097259347614,0.7821928412045007,3.180250000000001,96.787,0.02542607899141066,0.0,-0.21597562525838462,6.787227921828942,0.623232709209018,0.0,0.0001690114034439,0.0202991455331795,0.0963927990833145,中等方差
312X87,312,6.050023466833542,0.7817570591973532,3.0,4000.0,0.0006149198863893543,0.0,1.1189261141558577,-0.07547950700026096,0.6228505922812381,0.0,0.0002430389953757,0.0924276891137612,0.2666666666666666,中等方差
330X162,330,6.044923404255333,0.7813908022489002,3.2549999999999955,97.75,0.025152353901199458,0.0,0.7187941811677845,0.8059304090823343,0.6224684753534582,0.0,0.0001635525138739,0.109042577400668,0.626216381993974,中等方差
330X204,330,5.983488203848563,0.7769544391762458,2.509999999999991,94.6,0.025857473197315458,0.0,-1.3086925508589975,18.972197747391462,0.6220863584256783,0.0,0.0001729227620833,0.0477615260010471,0.3550962251476178,中等方差
312X95,312,5.962026467922052,0.7753938997152264,0.0,4010.0,0.0006089092580237754,0.00125,-3.107249477256852,11.62142902701895,0.6217042414978984,0.0,0.0001596652409687,0.0991115227067281,0.0,中等方差
311X24,311,5.92842545506388,0.7729393633512055,0.0,13.0,0.18729506283537795,0.00625,-1.444978330502865,0.08817787059217741,0.6213221245701185,0.2,0.0005087221088908,0.0504276763472954,0.0,中等方差
330X412,330,5.89457426594337,0.7704524437604803,2.4894999999999925,95.303,0.025475320123465404,0.0,0.11279466493328004,1.1716444488936517,0.6209400076423386,0.0,0.0003778173765414,0.1176193502373055,0.2323459452371646,中等方差
330X550,330,5.8635272490613275,0.7681589477516743,3.362499999999997,98.36,0.024618464054105494,0.0,0.4607683516645004,0.5850324354017347,0.6205578907145587,0.0,0.0001413967431449,0.0224318565536818,0.1189929326145295,中等方差
330X620,330,5.84330108244681,0.7666582643825683,3.0450000000000017,98.85,0.024454143622126372,0.0,0.545731549760059,0.9747997617201518,0.6201757737867788,0.0,0.0002156947901727,0.0807168316424058,0.2200400193093029,中等方差
312X634,312,5.799644517363913,0.7634013747907702,4.0,54.0,0.04459713169559891,0.1375,0.014857127622643051,-1.6702130580225425,0.6197936568589989,0.0,0.0002240871629132,0.003592137815261,0.625,中等方差
330X425,330,5.7609066808510585,0.7604908402812586,2.7674999999999983,96.32499999999999,0.024917611050207067,0.0,0.07520777526923782,1.0182507767498477,0.619411539931219,0.2,0.0002820947425964,0.132770032304319,0.1137847218807246,中等方差
312X474,312,5.739518147684548,0.7588754334109108,5.0,20.0,0.1197864573698186,0.0,0.544128291152475,-0.9500263590484059,0.6190294230034391,0.0,0.0001377287474528,0.0501553484923697,0.4,中等方差
312X591,312,5.725800734627578,0.757836229931212,2.0,56.0,0.04272972403244486,0.00125,-0.8918794920992107,-0.7003933289637403,0.6186473060756591,0.0,0.000175198959268,0.01925201668745,0.0,中等方差
312X603,312,5.721791964266089,0.7575320634633492,2.0,56.0,0.04271476336131831,0.00125,-0.8919702316509517,-0.6997240882286198,0.6182651891478792,0.0,0.000195027928039,0.019004575760815,0.0,中等方差
520X48,520,5.706699604615637,0.7563850122911333,4.0,488.0,0.004895225293052865,0.015,0.17308124866896038,-1.0253314163951517,0.6178830722200993,0.0,0.0003321672661633,0.1283771207853986,0.5,中等方差
210X7,210,5.70221241489361,0.7560433913140093,5.32,0.0,,0.0,0.22628213677525746,-1.4825357608700571,0.6175009552923194,0.0,0.0004646940653781,0.0269471212893853,0.1092978405393411,中等方差
312X386,312,5.694819025034462,0.7554799272425581,2.0,-2.0,1.1931909973925447,0.00125,-1.1122011066863848,-0.025701568362084704,0.6171188383645395,0.0,0.0001388055048714,0.0665894045056629,0.0,中等方差
312X595,312,5.690687921305132,0.7551647694474758,4.0,65.0,0.03670025045883011,0.00125,-0.23646185693997065,-1.2827597059308806,0.6167367214367596,0.0,0.0001765445523321,0.0227145707293669,0.05,中等方差
312X640,312,5.6703392860899084,0.7536090457832386,4.0,54.0,0.04409717448656854,0.1375,-0.002839047327220287,-1.6879892830383212,0.6163546045089797,0.0,0.0001685461287808,0.0105967949909289,0.5,中等方差
330X109,330,5.6692887102628315,0.7535285741335561,2.852499999999992,98.91,0.02407266018064692,0.0,0.4594703659018862,0.8981192284980173,0.6159724875811998,0.0,0.000209278393617,0.1005266035601452,0.2475768998867659,中等方差
312X598,312,5.663425253991279,0.7530791730564843,5.0,43.0,0.05534407471200609,0.1375,-0.8694323889360539,-0.9148920972297434,0.6155903706534199,0.0,0.000159677927053,0.0081569223707082,0.0,中等方差
330X152,330,5.65772875453692,0.7526421224720443,3.0449999999999875,97.64500000000001,0.02435965041671491,0.0,0.2234220549209745,0.33483318071332535,0.61520825372564,0.0,0.0002495666488161,0.0604527745581436,0.529157123341905,中等方差
312X67,312,5.6072884457626255,0.7487528973114337,2.0,222.0,0.010666537737535944,0.1375,-1.0906732981541152,1.0255520405710512,0.6148261367978601,0.0,0.0002246052127397,0.0177197738474434,0.0,中等方差
330X179,330,5.605219823265022,0.7485926492519474,2.533999999999992,95.89,0.02469010893019169,0.0,0.6572084821320756,1.028781083045721,0.6144440198700802,0.0,0.0002804776922073,0.0947823693605033,0.4397958800964821,中等方差
330X522,330,5.572705211357942,0.7460660700673806,3.402499999999989,99.77,0.02366099821680439,0.0,-0.2631920648177203,0.29484502822705405,0.6140619029423003,0.0,0.0001489377616526,0.0735673629023367,0.5423617942534132,中等方差
312X592,312,5.571740182158547,0.7459908564802668,5.0,43.0,0.05489426476448908,0.1375,-0.860159257673805,-0.9231290316224938,0.6136797860145204,0.0,0.0001938976449605,0.0069261336514475,0.0,中等方差
312X13,312,5.493012882644678,0.7398106175640378,3.0,118.0,0.01986201481420021,0.00125,0.49046283384424677,-0.5342720336145614,0.6132976690867405,0.0,0.0002817330138177,0.039857475822243,0.0,中等方差
312X531,312,5.478351699022249,0.7386499096342113,1.5,45.0,0.052013064356127785,0.00125,0.8781661254883157,-0.1376092179950823,0.6129155521589607,0.0,0.0001143497679293,0.0387788531448668,0.0,中等方差
520X13,520,5.472132818194101,0.7381566299234569,5.0,493.0,0.004744947326312102,0.015,-0.3699222108400811,-1.7712890434019979,0.6125334352311808,0.2,0.0003451853309884,0.1543641285603798,0.19,中等方差
330X611,330,5.461751064879541,0.7373319020261845,2.634749999999997,98.503,0.023725561174449142,0.0,0.08611240337590825,2.3134815161507998,0.6121513183034009,0.0,0.0002187655378815,0.0760349683930529,0.0682152484535427,中等方差
312X387,312,5.437257097687916,0.7353798688610692,2.0,-2.0,1.1658963394839092,0.00125,-1.2276620483813512,0.48540095074223233,0.611769201375621,0.0,0.0001813597465298,0.0565526652614579,0.0,中等方差
330X539,330,5.425044758696807,0.7344033256311391,3.156749999999988,97.7835,0.023819688884862848,0.0,-1.1081545204792753,9.791325137730688,0.6113870844478411,0.0,0.0002080924696397,0.0330803569353624,0.4110586989403403,中等方差
312X388,312,5.415892672858588,0.7336700493168362,2.0,-2.0,1.1636035270721068,0.00125,-1.240215112005534,0.6067200367826997,0.6110049675200612,0.0,0.0001160892127749,0.0761198659827937,0.0,中等方差
330X169,330,5.415810757995931,0.7336634806043404,2.8064999999999998,95.987,0.024244839975046163,0.0,0.6412743630082636,0.8838718623788293,0.6106228505922813,0.0,0.000175828915207,0.0984396971290867,0.6436075607479983,中等方差
520X38,520,5.415540605912008,0.7336418165376132,4.0,489.0,0.004758959941507779,0.015,-0.3237212181529652,-1.6699719815471092,0.6102407336645014,0.4,0.0004055776049771,0.1684697261095938,0.0,中等方差
330X452,330,5.371395767453068,0.730087152615443,3.6424999999999983,97.533,0.02376249253833631,0.0,-0.28263782402394655,1.4152805210401391,0.6098586167367215,0.0,0.0002020589747942,0.1278698554178094,0.4199920173341282,中等方差
330X208,330,5.345660789985919,0.7280013970484198,3.183499999999995,94.60849999999999,0.024438274668026946,0.0,0.5836814831338396,1.0987998759374626,0.6094764998089416,0.0,0.0002689889426015,0.0220683479819047,0.6252983406436787,中等方差
330X541,330,5.338030061952429,0.7273810152557774,3.4200000000000017,98.695,0.023409673484554878,0.0,0.04542780979005112,0.5006108437898598,0.6090943828811617,0.0,0.0001742049753329,0.0413476044083446,0.252223162077335,中等方差
330X1218,330,5.247189987484356,0.7199267891882989,3.200000000000003,124.7,0.018369483323188104,0.0,0.2894460659702342,-0.5064864967574296,0.6087122659533817,0.0,0.0002392619218808,0.0427967684727673,0.1656264429293885,中等方差
312X385,312,5.246494055068809,0.7198691850890966,2.0,-2.0,1.1452613299012597,0.0,-1.3161696604585187,0.7043263821923902,0.6083301490256018,0.0,0.000144904763409,0.0633477385607117,0.0,中等方差
312X389,312,5.243734881470748,0.7196407260338875,2.0,-2.0,1.144960139204718,0.1375,-1.2697719018031584,0.5925009766699696,0.6079480320978219,0.0,0.0001657748214647,0.0977864733787208,0.0,中等方差
340X181,340,5.22442027534416,0.718038106230487,4.425000000000182,3011.6,0.0007589650279047971,0.0,-0.6264035670975963,-1.0959021660763848,0.607565915170042,0.0,0.0002637180784146,0.025425898388013,0.1168804060422626,中等方差
330X548,330,5.203070894561953,0.7162597434257874,2.910250000000005,97.625,0.023365163523606014,0.0,-0.7950896724087394,9.91313813251048,0.6071837982422621,0.0,0.000148001275144,0.0214727915452742,0.1120092830126187,中等方差
340X85,340,5.2028645181477255,0.7162425170767182,5.0,-2.0,1.1404894254384526,0.0,-0.17123331909210182,-0.8600841988677668,0.6068016813144822,0.0,0.0002692358407756,0.0338459240925815,0.0,中等方差
330X149,330,5.197196266131101,0.7157691177634516,3.210499999999996,96.6115,0.02359694247569988,0.0,-0.17557211119847738,0.17601487624771472,0.6064195643867023,0.0,0.0002476316833558,0.0558821350383459,0.4515052052347811,中等方差
440AX133,440A,5.178926408010023,0.7142397397836332,2.1000000000000227,574.1,0.003963987926331121,0.0,1.8827328692824286,6.2412023525913565,0.6060374474589224,0.0,0.0002241438855049,0.0712010797345209,0.0211111111111161,中等方差
330X435,330,5.148676515018772,0.7116956064989051,2.7350000000000136,96.755,0.023451703025825478,0.0,-0.059718776177231515,1.43040545372396,0.6056553305311425,0.0,0.0002747593822808,0.1517378864313402,0.3271856060701429,中等方差
330X116,330,5.146089451658319,0.711477331043384,2.9949999999999903,99.38499999999999,0.0228253698567946,0.0,0.4411717013798964,0.9096009113624581,0.6052732136033626,0.0,0.0001586957243073,0.0897261342537731,0.2499777033156273,中等方差
330X455,330,5.0668719643304145,0.7047399301664693,3.480000000000004,98.64,0.022820066281051134,0.0,-0.10777604187046683,1.4376044062737119,0.6048910966755827,0.0,0.0001576265679105,0.1449853192450979,0.6306983226934515,中等方差
310X44,310,5.058064633482914,0.7039843745903613,0.19978874999999974,24.014893,0.09365080856354717,0.0,11.34643690790893,127.76451305793029,0.6045089797478028,0.0,0.0001444907709136,0.0692665275303506,0.382466998885337,中等方差
340X81,340,5.046293804755887,0.7029725323626249,5.0,0.0,,0.0,-0.0489880437599278,-0.69725841629274,0.6041268628200229,0.0,0.0002925477101198,0.0382856410095997,0.0,中等方差
312X33,312,5.035365478778265,0.7020309981579943,2.5,99.5,0.02255238195732366,0.00125,0.36602367522611523,-1.2260383473492613,0.603744745892243,0.0,0.0001862816266213,0.0419194211066615,0.0,中等方差
330X123,330,4.981936057415513,0.6973981491158204,3.0600000000000023,99.43,0.022448205796303685,0.0,0.3834857403068724,0.7547075445096607,0.6033626289644631,0.0,0.00019638366802,0.089052875413497,0.2856248437716082,中等方差
420X69,420,4.978885038399595,0.6971320986062313,5.0,365.0,0.006113264474898887,0.005,0.408428385937342,-1.7124557914671965,0.6029805120366832,1.0,0.0008614725651164,0.1529742099907296,0.0,中等方差
210X10,210,4.930956680225282,0.6929311871545898,1.8000000000000007,25.3,0.08776979265687748,0.0,-7.501340264748308,86.0917016417962,0.6025983951089033,0.0,0.00018227681014,0.0527167823940186,0.1333333333333335,中等方差
312X476,312,4.9293571852032825,0.6927902886238818,5.0,28.0,0.0792934132780895,0.00125,0.4136145656189792,-1.383680663532176,0.6022162781811234,0.0,0.0001272870236632,0.0432034582904322,0.4,中等方差
330X198,330,4.926054148897054,0.692499181445013,2.346500000000006,95.565,0.023224732823426925,0.0,0.6248812413848552,1.1933685978447377,0.6018341612533435,0.0,0.0001762164117559,0.0893929576822385,0.3585170323946921,中等方差
312X8,312,4.904722695349155,0.6906144581412251,4.5,99.5,0.02225789802359133,0.00125,0.25356298757519097,-1.3186116325950006,0.6014520443255637,0.0,0.0002195646355134,0.0533522697716452,0.0,中等方差
330X137,330,4.87175619524406,0.687685546104795,3.010000000000005,99.225,0.02224444965703672,0.0,0.3727541175240793,0.8176574784450126,0.6010699273977838,0.0,0.0001676469962575,0.0493784361100803,0.301680615133581,中等方差
420X71,420,4.861039474100111,0.6867291477797982,5.0,365.0,0.006040483598393351,0.005,0.4051886520439451,-1.7123003784715118,0.6006878104700039,1.0,0.0009037254744875,0.1526431830853184,0.0,中等方差
312X477,312,4.85665038691848,0.686336841274764,5.0,24.0,0.0918242054118153,0.00125,0.053548931954120284,-1.5648882285296382,0.600305693542224,0.0,0.0001586219869861,0.0755847094782895,0.475,中等方差
520X103,520,4.851893717064726,0.6859112788808784,4.0,495.0,0.004449901937182969,0.015,-0.3178904599542755,-1.724635429834837,0.5999235766144441,0.0,0.0002770052470309,0.1636012846423942,0.0,中等方差
330X159,330,4.850485192614201,0.685785183125089,3.2314999999999827,96.7715,0.02275857777453243,0.0,0.31268080422192995,0.43330794490209534,0.5995414596866642,0.0,0.0002520439239045,0.1162797301109188,0.7217413122326248,中等方差
330X130,330,4.814597996088856,0.6825600307401192,3.075000000000003,99.405,0.022073529726188007,0.0,0.33460375672220477,0.7635278375955132,0.5991593427588843,0.0,0.000209143120609,0.0677865837883356,0.2546069740778723,中等方差
420X67,420,4.81090603963212,0.6822268749096781,5.0,365.1,0.006007608242881781,0.005,0.40488910184956656,-1.7113691448905601,0.5987772258311043,1.0,0.0008294016417776,0.1541967885308666,0.0049999999999982,中等方差
520X46,520,4.808512696805336,0.6820107671316716,4.0,490.0,0.00447516758732372,0.015,0.13431429413757437,-0.9971104012567222,0.5983951089033244,0.0,0.000417665840619,0.1342423695320718,0.5333333333333333,中等方差
330X422,330,4.795189538471529,0.6808057781146987,2.2605000000000075,95.4385,0.022944536242764744,0.0,-0.09316981627457671,1.6942201843931963,0.5980129919755445,0.2,0.0003662600161829,0.1331818326606057,0.1465491526430956,中等方差
330X445,330,4.79135028222779,0.6804579220745433,3.1400000000000006,97.66,0.022413632202906736,0.0,-0.08709189355294539,1.3113111758686014,0.5976308750477646,0.0,0.0002036204167605,0.1662340955334986,0.6641570867647127,中等方差
400X93,400,4.765882963078865,0.6781433730685308,4.4,8.7,0.2509299117774487,0.0,-0.5146594797979135,-1.287592684503721,0.5972487581199847,0.0,0.0001360636502985,0.0701357174525224,0.0166666666666666,中等方差
520X47,520,4.764040015737983,0.6779754006993228,4.0,491.0,0.004445352536951186,0.015,0.43937038499142644,-0.6040382640972144,0.5968666411922048,0.2,0.0005300420223902,0.128996609674928,0.5,中等方差
440AX127,440A,4.739661514392996,0.6757473273955341,2.2999999999999545,580.8,0.0037484097254230162,0.0,-0.3083862295442505,4.665277071232759,0.5964845242644249,0.0,0.0002045077080849,0.0704318379357898,0.1397233201580853,中等方差
340X2,340,4.730356695869879,0.6748938902530909,5.099999999999994,93.95,0.023149955508409238,0.0,0.516184862459169,-1.433366474948047,0.596102407336645,0.0,0.0002339663649977,0.0837475872766582,0.4117647058823522,中等方差
440AX124,440A,4.729158886107617,0.6747839053033559,2.0,579.1,0.0037552459613294565,0.0,0.3137066356516932,3.6194183473749506,0.5957202904088651,0.0,0.0001773240400818,0.0963794573087879,0.118859362305087,中等方差
420X68,420,4.707249897285178,0.6727672546335938,4.899999999999977,365.3,0.005939282120687196,0.005,0.4053881836199036,-1.712278315556362,0.5953381734810852,1.0,0.0006725352527347,0.1524983945060773,0.0,中等方差
420X66,420,4.661419471571729,0.6685181859602471,4.800000000000011,365.2,0.005911916944723201,0.005,0.4000201179060437,-1.7096121995415694,0.5949560565533053,1.0,0.0007861547892824,0.153075278543852,0.0222619047619098,中等方差
420X70,420,4.66023821939891,0.6684081172750101,4.800000000000011,365.2,0.005911167826642777,0.005,0.39967971293421467,-1.7094783866952077,0.5945739396255254,1.0,0.0007585069212044,0.152013948731905,0.0222619047619098,中等方差
420X187,420,4.645889826490995,0.6670689066449434,4.0,4.0,0.538858157733264,0.005,0.15976477022914323,-1.3911929243817305,0.5941918226977455,0.4,0.0005347391195893,0.1375167905238513,0.25,中等方差
312X475,312,4.639831744567913,0.6665022319060422,4.0,28.0,0.07692953097100134,0.00125,0.3571824933943334,-1.4662898117082543,0.5938097057699656,0.0,0.0001082906477539,0.0453517569457061,0.5,中等方差
330X144,330,4.606329987327916,0.6633550466421556,2.9825000000000017,98.67500000000001,0.021750557259078266,0.0,0.1688242639268996,0.704763424907147,0.5934275888421857,0.0,0.0002068038860651,0.0439793081920357,0.2835331957353411,中等方差
360X1212,360,4.605567897371734,0.6632831892534652,2.0,130.0,0.016508143762863494,0.0,0.23947314403884434,5.678770952279118,0.5930454719144058,0.0,0.0001810778458403,0.0544718466783144,0.0,中等方差
312X376,312,4.558323217304851,0.658805116481735,2.0,0.0,,0.00125,-1.0950886221244722,0.4407080508305663,0.5926633549866259,0.0,0.0001597545575676,0.0473502625183304,0.0,中等方差
312X356,312,4.538994545186508,0.6569596608224211,2.0,0.0,,0.00125,0.08794752968636035,-1.1821660325368502,0.592281238058846,0.0,0.0001780314412324,0.009949337888898,0.4,中等方差
312X486,312,4.534643304130148,0.6565431310564227,4.0,19.0,0.11207737859445271,0.0,0.7539822839009727,-0.8256555913549524,0.5918991211310661,0.0,0.0001399735664474,0.0570075518582068,0.2782051282051282,中等方差
440AX134,440A,4.517236530037555,0.6548728315400694,2.5,579.8,0.0036657108480746096,0.0,1.3395358028231554,4.714378500139962,0.5915170042032862,0.0,0.0002791957916784,0.1065900846159646,0.2352380952380919,中等方差
312X375,312,4.512297640220725,0.6543977388569612,2.0,0.0,,0.00125,-1.1453511438198114,0.5733191429842472,0.5911348872755063,0.0,0.0002204822751037,0.0446034592668351,0.0,中等方差
312X357,312,4.511754981947998,0.6543455065609949,4.0,0.0,,0.00125,0.06650131013915896,-1.124118244033044,0.5907527703477264,0.0,0.0002354987678078,0.0304274308840662,0.4,中等方差
330X442,330,4.505179590262829,0.6537121079689261,3.2277500000000003,96.382,0.022022170463275186,0.0,-0.2879211360732958,1.7819557325188136,0.5903706534199465,0.0,0.000213182028477,0.1604407327781238,0.5603704225759678,中等方差
312X377,312,4.470995561725701,0.6504042387521753,3.0,0.0,,0.1375,-1.0147495404378557,0.034549354836768575,0.5899885364921666,0.0,0.0001721313834432,0.0616245490887639,0.0,中等方差
312X374,312,4.462994156229117,0.6496263181828755,2.0,0.0,,0.00125,-1.1533012873896988,0.605294840762653,0.5896064195643868,0.0,0.0001956259546484,0.0505014123115781,0.0,中等方差
312X373,312,4.404316332916136,0.6438785039205581,2.0,0.0,,0.0,-1.2377101415229932,0.9004234406102878,0.5892243026366069,0.0,0.0001724387265704,0.0471875168728574,0.0,中等方差
330X618,330,4.393609913602941,0.6428214954861485,2.525500000000008,98.13,0.02136037874078611,0.0,0.07462320149447492,1.9236116440889246,0.5888421857088268,0.0,0.0001629934206002,0.0803121781091124,0.1165753495797888,中等方差
330X107,330,4.387015990611702,0.6421692174051201,2.5887500000000045,98.10149999999999,0.02135054477187521,0.0,0.06095417301193081,1.6210230426482886,0.588460068781047,0.0,0.0002458569471423,0.102399474107919,0.1320131605606622,中等方差
330X432,330,4.381907377822279,0.6416631934606947,2.3932499999999948,95.815,0.021847316122052336,0.0,-0.29968029375900285,2.062153911616136,0.5880779518532671,0.2,0.0003778138563741,0.1526620248820901,0.3601205306521441,中等方差
750X1329,750,4.372534026908624,0.6407331978285076,0.09999999999999432,37.3,0.05606060329567686,0.0,2.999721697063365,7.04796619892503,0.5876958349254872,0.0,0.0001322197556397,0.0318506232177297,0.0,中等方差
312X283,312,4.352276282853513,0.6387164566143461,4.0,1127.0,0.001851118888320825,0.0,-0.2957903181645302,-1.1209947039382342,0.5873137179977073,0.0,0.0002217333330216,0.0797648918204138,0.0,中等方差
312X359,312,4.3316211270272245,0.6366504632724868,4.0,2.0,1.0406273500907066,0.1375,-0.34038706093518584,-0.9601793835950709,0.5869316010699274,0.0,0.0002762057709027,0.0133375952878426,0.3482352941176471,中等方差
750X1313,750,4.328362390488121,0.6363236147603974,0.5,37.3,0.05577672050945307,0.0,2.923644884610747,6.77958268313669,0.5865494841421475,0.0,0.0001467245591349,0.015648561105159,1.0,中等方差
312X53,312,4.304870436416464,0.633960085035635,2.0,171.0,0.01213343958761943,0.00125,-0.5201758072898661,0.06995321405086186,0.5861673672143676,0.0,0.0002474826324193,0.0504159426762848,0.4345945945945942,中等方差
400X187,400,4.303279098873599,0.633799514144353,4.0,3.0,0.6914782152006428,0.0,0.32266967137909813,-1.265723366434206,0.5857852502865877,0.0,0.0002413590259716,0.0215801652971837,0.175,中等方差
330X135,330,4.294566121362635,0.632919293751366,2.861000000000004,98.31649999999999,0.021078186231772256,0.0,-0.0755651516606065,0.5208212096662317,0.5854031333588078,0.0,0.0002615308309318,0.0425650345394555,0.3023146576022125,中等方差
330X142,330,4.285979196769395,0.6320500587379648,2.98299999999999,97.78,0.021172639181190073,0.0,-0.24711279667009226,0.5314483054322041,0.5850210164310279,0.0,0.000290635757018,0.038371623166576,0.3638917159659973,中等方差
520X389,520,4.235643969338605,0.62691944797702,3.0500000000000043,51.8,0.039731042830840335,0.01125,-0.42650296414154076,-0.8961711053060681,0.584638899503248,0.0,0.0002544308394445,0.0206960367864474,0.2729178633610617,中等方差
340X147,340,4.2321652065081405,0.6265626124473707,1.0,75.0,0.02742963589990664,0.0,-0.6034169563919076,2.5631884620407384,0.5842567825754681,0.0,0.0001902369831213,0.040717698598994,0.5,中等方差
340X149,340,4.215693053817264,0.6248689822124882,1.0,76.0,0.02701599074353538,0.0,-0.6128300270680705,2.5868110707772054,0.5838746656476882,0.0,0.000172694781523,0.0465697098220571,0.5,中等方差
330X128,330,4.198267496145182,0.6230701065662251,2.8797500000000014,98.64,0.02077217581035675,0.0,-0.10159865538137995,0.641360539904174,0.5834925487199083,0.0,0.0002139945427255,0.0607468076556418,0.2493532612559603,中等方差
330X121,330,4.171761614361698,0.620319483712978,2.7317500000000052,98.63499999999999,0.020707548773294775,0.0,-0.013966684645824548,0.7456022771711202,0.5831104317921284,0.0,0.0001767287239804,0.0861888967153819,0.2264685272223638,中等方差
330X114,330,4.1434296460513185,0.6173599690778505,2.700249999999997,98.66,0.020631883336736653,0.0,0.032394116106297714,1.0996344266487856,0.5827283148643485,0.0,0.0001993628686439,0.0883162215044658,0.2329100243941412,中等方差
520X388,520,4.1268121109315326,0.615614696393002,3.799999999999997,44.1,0.04606475426413672,0.01125,-0.2893596763614351,-1.2590840377254717,0.5823461979365686,0.0,0.000306011863713,0.0261354345842312,0.439348562796016,中等方差
312X358,312,4.103776336962558,0.6131836829346687,4.0,0.0,,0.00125,-0.06057107241070455,-0.876905430720929,0.5819640810087887,0.0,0.000199209659131,0.0154183805260408,0.4,中等方差
312X482,312,4.031891367969422,0.6055088223147013,3.0,33.0,0.06084718222656027,0.00125,-0.3119593122426709,-1.6004944324926087,0.5815819640810088,0.0,0.0002242023977536,0.027175386572492,0.75,中等方差
400X92,400,4.0169364048810925,0.6038949561459495,3.6999999999999993,7.7,0.2602895621792686,0.0,-0.3247952203064109,-1.2384132640817767,0.5811998471532289,0.0,0.0001948795121765,0.07627800279565,0.0285714285714287,中等方差
520X390,520,4.0139080158108,0.603567415813768,3.700000000000003,43.4,0.04616299508771007,0.01125,-0.26676406648665674,-1.2937380586475649,0.580817730225449,0.0,0.000268309818962,0.0274878036051551,0.4801833422455238,中等方差
520X391,520,4.012192385859902,0.6033817494017566,3.799999999999997,43.4,0.04615312850864454,0.01125,-0.27417744746453454,-1.2939359654174156,0.5804356132976691,0.0,0.0002505887330842,0.0274862947697161,0.4799412455934203,中等方差
520X387,520,4.011621245339173,0.6033199226474565,3.799999999999997,43.4,0.04614984341442758,0.01125,-0.2748366827511694,-1.2960664737499275,0.5800534963698892,0.0,0.0003428837973428,0.0278361242360399,0.4775659547015053,中等方差
311X189,311,4.0046256356636984,0.6025619231756433,2.799999999999997,52.4,0.038190001427265176,0.00625,0.7202078097613879,-0.2457900113217466,0.5796713794421093,1.0,0.0035020140320403,0.4939690600857903,0.0271889530523477,中等方差
220X29,220,4.00394739414268,0.6024883628673128,4.291,14.127500000000001,0.1416376998894511,0.0,-0.27363822901736184,-1.3540119116596756,0.5792892625143294,0.0,0.0002424723441153,0.0639581043921091,0.7735298626435096,中等方差
312X284,312,3.9923745534047272,0.6012312788192803,4.0,483.0,0.004136837948096167,0.00125,-0.22482113964663017,-1.88564957076987,0.5789071455865494,0.0,0.0002431485035428,0.0654220172161828,0.3,中等方差
312X285,312,3.9459851129701735,0.5961554424551735,3.0,143.0,0.013891261399953265,0.00125,0.7711965637027418,0.2899793276673379,0.5785250286587695,0.0,0.0001932734795657,0.1081345813906266,0.4,中等方差
340X77,340,3.916569148936159,0.5929057986269458,4.0,1197.0,0.0016533269648535802,0.0,-0.4692752915642781,-1.6789472269192613,0.5781429117309896,0.2,0.0002797807731295,0.0924777393737374,0.0,中等方差
520X34,520,3.88224898251415,0.5890833848041406,4.0,494.0,0.003988547270448186,0.015,-0.35643048314169706,-1.8777295872029738,0.57699656094765,0.2,0.0002452359945792,0.149561085431463,0.0,中等方差
520X49,520,3.88224898251415,0.5890833848041406,4.0,486.0,0.004054202369550214,0.015,0.35643048314169706,-1.8777295872029738,0.57699656094765,0.2,0.0003332018099341,0.149561085431463,0.0,中等方差
520X104,520,3.88224898251415,0.5890833848041406,4.0,496.0,0.003972464418551217,0.015,-0.35643048314169706,-1.8777295872029738,0.57699656094765,0.6,0.0003940537444036,0.149561085431463,0.0,中等方差
520X39,520,3.88224898251415,0.5890833848041406,4.0,490.0,0.004021106840002865,0.015,-0.35643048314169706,-1.8777295872029738,0.57699656094765,0.2,0.0002302148868992,0.149561085431463,0.0,中等方差
520X11,520,3.88224898251415,0.5890833848041406,4.0,493.0,0.003996637630023132,0.015,-0.35643048314169706,-1.8777295872029738,0.57699656094765,0.4,0.0003296106184558,0.149561085431463,0.0,中等方差
520X101,520,3.8586984565173847,0.5864408413370363,4.0,496.0,0.003960397194389318,0.015,-0.36057338926985577,-1.8709182183557385,0.5758502101643103,0.2,0.0002348973543435,0.1462387955439513,0.0,中等方差
520X36,520,3.8255922703319944,0.5826986812739076,4.0,490.0,0.0039916574134068435,0.015,-0.36630252519923456,-1.8613421885437413,0.5754680932365304,0.2,0.0002764733284945,0.1476200145186861,0.0,中等方差
312X12,312,3.7726089315905567,0.5766417885949244,1.5,116.0,0.016744142256625707,0.00125,-0.23408242417107725,0.10890052755471658,0.5750859763087505,0.0,0.0001342419176068,0.0481001379823701,0.0,中等方差
340X151,340,3.718923654568215,0.570417262860163,3.0,70.0,0.02754930146367364,0.0,-0.8577119632036458,0.36607669895010986,0.5747038593809706,0.0,0.0001910726370225,0.0477232681845379,0.0,中等方差
312X286,312,3.712607551419241,0.5696790436885897,3.0,1001.0,0.0019248879082448325,0.00125,-0.5392984317726854,0.37488318847087365,0.5743217424531907,0.2,0.0002796770943036,0.0994108871596206,0.0,中等方差
344X88,344,3.710045436042956,0.5693792283487128,2.0,2.0,0.9630739114993921,0.07625,0.43175911916894105,-0.9890702864772685,0.5739396255254108,0.0,0.0003011799854336,0.0164847952957014,0.4769444210567151,中等方差
360X1006,360,3.6878087609511954,0.5667683917153623,2.5999999999999943,163.6,0.011738183556163252,0.0,-0.8150861151705402,0.15539859041040938,0.5735575085976309,0.0,0.0003519123610817,0.0248490015314622,0.1217391304347815,中等方差
312X55,312,3.683187143728552,0.5662237860348703,3.0,227.0,0.008454463155501673,0.1375,-0.0072695804373353505,-0.5395873856654143,0.573175391669851,0.0,0.000261468726519,0.0165511295872957,0.0602673129724659,中等方差
312X2,312,3.6706401485566422,0.5647418105033226,3.0,85.0,0.022539899719941133,0.00125,-0.3916306187992714,-1.272867488274609,0.5727932747420711,0.0,0.0001236279622555,0.0767070887561402,0.3034090909090915,中等方差
400X91,400,3.6563114987484324,0.5630431882720592,3.1000000000000005,6.6,0.2897194543523461,0.0,0.056216970479391296,-1.0891426295648792,0.5724111578142912,0.0,0.000165725676889,0.0879856472940617,0.0473563218390805,中等方差
400X95,400,3.6250183823529367,0.559310213206103,3.1000000000000005,6.6,0.28847698543973344,0.0,0.0528095620120461,-1.0808891470940545,0.5720290408865113,0.0,0.0001467375338051,0.0907648119033581,0.0413498379015621,中等方差
344X115,344,3.6236509455757573,0.5591463568548587,4.0,1200.0,0.0015863241370416522,0.07625,0.6562614345825958,-1.5280954985453885,0.5716469239587314,0.0,0.0001961573372574,0.0662416537253189,0.0,中等方差
330X890,330,3.610248748435543,0.5575371261026614,3.0,130.0,0.014615888146053977,0.0,-0.9026152676518144,0.2881151101157493,0.5712648070309515,0.0,0.0002304932752657,0.0712840706456473,0.0666666666666666,中等方差
312X43,312,3.58287395585334,0.5542315301197164,1.0,103.0,0.018377166086557605,0.00125,-0.7718639455810238,-0.10964952713232101,0.5708826901031716,0.0,0.0001233210416079,0.020470525157712,0.06,中等方差
340X125,340,3.567953692115107,0.5524192091039208,2.0,27.0,0.06995936202441366,0.0,3.1420930886030547,24.55264776482003,0.5705005731753917,0.0,0.0002247278844982,0.084712300858045,0.0,中等方差
312X256,312,3.4870969664461726,0.54246402406281,2.0,1.0,1.8673770284669813,0.00125,-2.950344117759015,20.572529193442854,0.5701184562476118,0.0,0.000133887785337,0.0201690281907836,0.0,中等方差
312X281,312,3.4856734187333456,0.5422866945679767,4.0,1998.0,0.0009344323459393959,0.1375,0.19676827892060747,-1.715331199124383,0.5697363393198319,0.0,0.000259416873707,0.0927528741672612,0.05,中等方差
312X704,312,3.4827391094003306,0.5419209428500062,2.0,-15.0,0.12441398830607309,0.1375,-0.5791229679281583,0.7705780612738162,0.569354222392052,0.0,9.164602868981312e-05,0.0293498069405898,0.3896713615023476,中等方差
310X28,310,3.4794422044414866,0.5415096270070346,2.157,12.257000000000001,0.15218457205873004,0.0,0.8280138057748178,-0.700218168856217,0.568972105464272,0.0,0.0002388402793099,0.1332369021051495,0.9048121631255874,中等方差
520X6,520,3.4786779455491637,0.5414142238194318,1.0,129.0,0.014458305652480661,0.015,6.010610789542128,56.02110880930697,0.5685899885364921,0.0,0.0002077690854329,0.0620054200397061,0.0,中等方差
400X94,400,3.475399734042553,0.5410047635462247,3.0,6.45,0.28902982979354813,0.0,0.07042338262481422,-1.0844274237245564,0.5682078716087122,0.0,0.0001616530785937,0.086336950703262,0.0406896551724137,中等方差
420X194,420,3.4374590404854453,0.5362375319736986,3.5999999999999943,47.5,0.03903239106908167,0.005,-0.5315148877825052,-0.9945691412550866,0.5678257546809323,0.2,0.0003215991227168,0.1035821826463398,0.0509523809523816,中等方差
311X203,311,3.437335582909559,0.5362219338513111,3.8999999999999986,54.9,0.0337705880009435,0.00625,0.21337568586271463,-1.79249449802495,0.5674436377531524,1.0,0.0061455001632052,0.4314236767016116,0.0412367486428715,中等方差
340X132,340,3.4372825406758785,0.5362152321119616,4.0,44.0,0.04213615855517832,0.0,0.47109334918866974,-0.9524329389206763,0.5670615208253725,0.0,0.0002884450967756,0.053198785130171,0.25,中等方差
330X1042,330,3.4343261616458096,0.535841538197185,2.383500000000012,122.367,0.015144552890586352,0.0,0.9651263293208698,0.30367167952618423,0.5666794038975926,0.0,0.0002336390700279,0.0671203481183628,0.1052791478925272,中等方差
311X207,311,3.4298277014717202,0.5352723036638921,3.8999999999999986,54.9,0.0337336867200496,0.00625,0.2155941633463415,-1.790651874202073,0.5662972869698127,1.0,0.0055596998880591,0.4314500401373423,0.0507381748686103,中等方差
311X205,311,3.415717725710123,0.5334819734830822,3.8999999999999986,54.9,0.03366422666427919,0.00625,0.2153263865868832,-1.7902054117442778,0.5659151700420328,1.0,0.0051067854887462,0.4318613951035052,0.0587297376367702,中等方差
340X134,340,3.3755929286608377,0.5283500684347732,4.0,43.5,0.04223629137337379,0.0,0.41802264449887555,-1.1700268945737684,0.565533053114253,0.0,0.0003727061783143,0.0535927331225076,0.25,中等方差
330X81,330,3.373203695394248,0.528042567431317,2.5600000000000023,99.91499999999999,0.018381908120188493,0.0,0.2875764478937799,-0.5074206122787177,0.565150936186473,0.0,0.0002688801412693,0.0426102461139622,0.1675879664808746,中等方差
520X63,520,3.327464379930171,0.5221134151061202,2.0,491.0,0.003715140267137802,0.015,1.3909297314794857,1.2691523924709274,0.5647688192586932,0.0,0.0003169651457844,0.0149407269942791,0.0,中等方差
330X1221,330,3.319271839799736,0.5210428214626898,2.3999999999999915,120.8,0.015081845115543864,0.0,1.1535868720592535,0.5666363419216349,0.5643867023309133,0.0,0.0002308260179481,0.0590247846103331,0.1649102564102572,中等方差
312X280,312,3.3027719486450353,0.5188785873564753,4.0,999.0,0.0018191721782409144,0.00125,-0.4811195663296181,-1.5371293571091105,0.5640045854031334,0.0,0.0002391541614126,0.0685998606114881,0.0,中等方差
520X406,520,3.2636258541503453,0.5137003649128385,2.8499999999999943,52.9,0.03415029899678584,0.01125,0.11497921303210643,-1.001320286107549,0.5636224684753535,0.0,0.0002527237834738,0.0679971778126193,0.4129032258064518,中等方差
312X481,312,3.2564107389876153,0.5127391782888756,3.0,36.0,0.05012646613560076,0.00125,-0.17988986024096257,-1.4763606654975712,0.5632403515475736,0.0,0.0002307522615385,0.0449268401503287,0.9333333333333332,中等方差
311X204,311,3.2456970676298718,0.5113079831439062,3.6000000000000014,54.7,0.032935682335280964,0.00625,0.18104389854050645,-1.7488570795219758,0.5628582346197937,1.0,0.0044666389662748,0.4010751191477156,0.0910832260832259,中等方差
520X78,520,3.2189578106153736,0.5077152846268963,2.0,493.0,0.003639240215563357,0.015,1.162584321850719,0.669884355766281,0.5624761176920138,0.0,0.0002505085607939,0.0774802917073073,0.5,中等方差
312X257,312,3.1054058602048635,0.4921183682255076,3.0,1.0,1.7622161786241959,0.1375,-2.7074360800993325,28.65469076334359,0.5620940007642339,0.0,0.0001948258776664,0.0261819118487641,0.3222109100050276,中等方差
400X194,400,3.1029981852315447,0.4917815215899161,0.3999999999999986,48.9,0.0360231678484921,0.0,-0.0041654083045018254,-0.28540839193881995,0.561711883836454,0.0,0.0001865990140685,0.0106543322261411,0.1400000000000005,中等方差
520X112,520,3.073097736698514,0.4875763727633268,3.0,499.0,0.0035130767730886356,0.015,-0.2784870776781384,-1.6079826550051728,0.5613297669086741,0.8,0.0005471687544179,0.1429393357352108,0.0,中等方差
340X9,340,3.0718147684605808,0.4873950240349862,3.9000000000000057,96.1,0.018237870362306164,0.0,0.48819495762007825,-1.3907052723458768,0.5609476499808942,0.0,0.0002959538302049,0.0795572238563662,0.4871794871794879,中等方差
520X27,520,3.060795993266234,0.48583438417057556,3.0,493.0,0.0035487080592109628,0.015,-0.3848760820495702,-1.6516080315380055,0.5605655330531143,0.0,0.000225633057124,0.1171817206335001,0.2,中等方差
312X365,312,3.054071222734054,0.4848791608408054,4.0,0.0,,0.1375,-0.552622307363563,-1.2934019902369613,0.5601834161253344,0.0,0.0001407985864203,0.0292301530878717,0.4023529411764706,中等方差
330X460,330,3.053510497496888,0.4847994173717192,3.8000000000000007,9.3,0.18789566485309048,0.0,0.1108871559292741,-1.8021269493203314,0.5598012991975545,0.0,0.0002335668078669,0.0294528122279263,0.5959354012350915,中等方差
312X596,312,3.0507620741465273,0.4844083387750005,3.0,63.0,0.0277244934479961,0.00125,0.11644025731109561,-1.3091616728800506,0.5594191822697746,0.0,0.0002839934106184,0.0156063293501624,0.125,中等方差
520X102,520,3.048657112081506,0.48410858123486905,4.0,496.0,0.003520242761362704,0.015,-0.37259201735144165,-1.5781951294107905,0.5590370653419946,0.2,0.0003103517126364,0.1160209095180216,0.3333333333333333,中等方差
330X480,330,3.0388688740362806,0.48271196085286616,3.7752499999999998,9.267,0.18811213711245353,0.0,0.10273490543709393,-1.8419690164521956,0.5586549484142147,0.0,0.0002415069668734,0.0289705378625034,0.6003392204612805,中等方差
330X470,330,3.0346577596996336,0.4821097196436216,3.7249999999999996,9.2,0.1893507512284548,0.0,0.10292298034350829,-1.8514016922889112,0.5582728314864348,0.0,0.0001674342712186,0.0286086385065427,0.6082259570494865,中等方差
344X74,344,2.9964935036360014,0.47661334048800336,0.10000000000000142,46.9,0.036909131626906046,0.07625,-27.01585788914721,732.888006994742,0.5578907145586549,0.0,0.0004039080849255,0.0351646445968865,0.5385959662457431,中等方差
520X18,520,2.9768558233734987,0.473757801180286,2.0,478.0,0.003609532894379864,0.015,1.4481957218505375,2.084272951014254,0.557508597630875,0.0,0.0002067632094262,0.0175093529248751,0.3,中等方差
520X17,520,2.9648072420487837,0.47199646281467095,1.0,479.0,0.003594700549007183,0.015,1.7144796970737255,2.452926258691503,0.5571264807030951,0.0,0.0001725454809226,0.0504552285259444,0.9718045112781922,中等方差
520X37,520,2.945715271641347,0.46919076629106216,3.0,490.0,0.0035026706486349255,0.015,-0.3465805793555858,-1.6116201081956232,0.5567443637753152,0.2,0.0003688517727984,0.1210171590019943,0.3333333333333333,中等方差
312X590,312,2.943362787444212,0.46884379484674665,3.0,63.0,0.02723211346721385,0.00125,0.17092378444693723,-1.258133360550415,0.5563622468475353,0.0,0.0001926318779298,0.0168465701908434,0.0,中等方差
312X362,312,2.933403596601034,0.4673718201295905,2.0,-2.0,0.8563590947437053,0.00125,-0.6072811895585142,-0.7660490675394764,0.5559801299197554,0.0,0.0001647192124438,0.020473088691144,0.375,中等方差
520X135,520,2.9306497074929694,0.4669639115144028,3.0,508.0,0.003369909543165204,0.015,-0.4623274032710057,-1.650531908276583,0.5555980129919755,0.4,0.0003600617675653,0.1638134230369336,0.0,中等方差
520X12,520,2.930430407832877,0.46693141216942485,3.0,493.0,0.0034723123645355016,0.015,-0.3674599954187341,-1.5835774080994578,0.5552158960641956,0.2,0.0003046832550883,0.1350114636517603,0.0,中等方差
750X434,750,2.9301507978723507,0.46688997154817186,2.6999999999999993,24.8,0.06902291632356708,0.0,-0.95264880286088,0.5298380594438528,0.5548337791364157,0.0,0.0002418006612245,0.0852640944568178,0.5362164948453614,中等方差
750X3,750,2.926394931163963,0.46633293588745817,2.3000000000000007,12.5,0.1368536720714843,0.0,-0.2183104994061427,0.46159373427972117,0.5544516622086358,0.0,0.0002592628156969,0.0776191985115104,0.809265602483095,中等方差
310X30,310,2.898621625430229,0.4621915279757257,1.5065000000000008,13.064,0.13032255693381006,0.0,0.757541034419798,-0.4733509662507154,0.554069545280856,0.2,0.0002672942160066,0.0653205188917161,0.0757119004706581,中等方差
340X75,340,2.858673341677048,0.45616453170906646,0.0,1204.0,0.0014042866879371066,0.0,-1.2688743056671836,-0.3909416113458124,0.553687428353076,0.0,0.0001526255316412,0.0265569377473632,0.0,中等方差
312X353,312,2.8535979470351998,0.4553927838858047,4.0,0.0,,0.1375,-0.4669471127027429,-1.2649176069927746,0.5533053114252962,0.0,0.0001358656315467,0.0212878371408239,0.198235294117647,中等方差
420X87,420,2.8448548876457926,0.45406011849840694,3.0,373.1,0.004520690866991428,0.005,-0.23613419700279317,-0.917314080230851,0.5529231944975163,0.2,0.0004177143485813,0.140054882127676,0.2407429568685972,中等方差
440AX131,440A,2.8371531758448088,0.45288278367331203,1.599999999999909,579.4,0.002907119611993334,0.0,1.35641427145089,8.590212889134579,0.5525410775697364,0.0,0.0002102852806253,0.0924683755191978,0.0383333333333425,中等方差
312X291,312,2.8339747993262385,0.4523959840334543,3.0,136.0,0.012378245265219362,0.00125,-0.10514072355699357,0.2329588138510017,0.5521589606419565,0.0,0.0002458481351532,0.0350770163320418,0.8,中等方差
312X255,312,2.82728724188442,0.45136993343759735,2.0,1.0,1.6814539071542878,0.00125,-1.156974703878919,5.519859848485545,0.5517768437141766,0.0,0.0001503848288089,0.0347750296009452,0.0,中等方差
420X89,420,2.8135663695837674,0.4492571642399769,2.900000000000034,373.1,0.00449576221650568,0.005,-0.2489916744630777,-0.9223597357396467,0.5513947267863967,0.4,0.0003275951151464,0.1391426326677957,0.0,中等方差
420X85,420,2.810843193957235,0.4488366186780262,2.900000000000034,373.1,0.004493586025814908,0.005,-0.24833123899288623,-0.9220198018214627,0.5510126098586168,0.4,0.0003392299842644,0.1386766252908172,0.0,中等方差
520X16,520,2.7964770154606353,0.44661125416681063,1.0,478.0,0.0034984665873532806,0.015,1.5208648320915648,2.1484503375406345,0.5506304929308369,0.0,0.0001577216254812,0.0270798252999232,0.5567886658795735,中等方差
420X90,420,2.7962880439935356,0.44658190579813883,3.0,373.0,0.004483138139994041,0.005,-0.3183510007337237,-0.9729655419727559,0.550248376003057,0.4,0.0003469452823724,0.1371870680083692,0.0,中等方差
420X86,420,2.7903130115988803,0.44565292427187325,3.0,372.9,0.004479546805557568,0.005,-0.3224954795159217,-0.9754202708176569,0.5498662590752771,0.2,0.0003201902189364,0.1369158484064871,0.0,中等方差
312X290,312,2.784730913642049,0.44478323600295844,0.0,476.0,0.0035057800498161013,0.00125,-1.091986955382102,0.8902045001391357,0.5494841421474971,0.0,0.000250057977081,0.0694398605354746,0.0,中等方差
312X363,312,2.783755383452361,0.44463106991686546,2.0,-2.0,0.8342294923239589,0.00125,-0.5168243737342635,-1.0198915499879164,0.5491020252197172,0.0,0.0001369035732659,0.0178272610046187,0.374715909090909,中等方差
312X289,312,2.756939924906154,0.4404273027158516,3.0,1120.0,0.001482503163204435,0.0,-0.3128285768674764,-0.20370251116383908,0.5487199082919373,0.0,0.0002338401627199,0.0791162231944438,0.0,中等方差
312X364,312,2.7556249823557777,0.44022011338961725,2.0,-2.0,0.8300037623944511,0.00125,-0.5278199179226633,-0.9884232471178098,0.5483377913641574,0.0,0.0001526028472092,0.0193515879251393,0.4255681818181818,中等方差
420X88,420,2.7113862393729713,0.4331913876211849,3.0,372.6,0.004419293477483739,0.005,-0.39495959615459436,-1.021078603527485,0.5479556744363775,0.4,0.0003383296365219,0.1339724640857355,0.0,中等方差
210X6,210,2.6802609659011263,0.42817708154114487,2.713,2.3775000000000004,0.688601580476171,0.0,0.035139639276654734,-1.2496409645888544,0.5475735575085976,0.0,0.0007514813746208,0.1630640770788054,0.9903860694871356,中等方差
340X126,340,2.6777221526908637,0.4277655115059602,3.0,18.0,0.09090970545185025,0.0,-0.06926008679030449,-0.724298309277756,0.5471914405808177,0.0,0.0002124908120153,0.0862233306119053,0.0,中等方差
520X404,520,2.6762884347644986,0.4275329173454749,2.200000000000003,59.5,0.027494732133817437,0.01125,0.06811567033031511,-0.7093195387442277,0.5468093236530378,0.0,0.0003071114159999,0.0593794521854879,0.3875000000000013,中等方差
520X407,520,2.6604117204627946,0.4249488524537626,2.200000000000003,60.0,0.027184614319208385,0.01125,0.15438546807858797,-0.6695711701986755,0.5464272067252579,0.0,0.00024990764822,0.0536520727096846,0.3545601374570458,中等方差
520X403,520,2.6562925314855423,0.4242759011982835,2.200000000000003,60.0,0.02716356082187609,0.01125,0.156349847837545,-0.6652915346816881,0.546045089797478,0.0,0.000260965689312,0.0542202111276391,0.3578307620383362,中等方差
340X51,340,2.649086357947446,0.42309611615631965,2.0,0.0,,0.0,1.2987538947045212,0.5282123397341474,0.5456629728696981,0.0,0.000154036728234,0.0501020982038937,0.0,中等方差
520X405,520,2.645888876442244,0.4225716004858882,2.3000000000000043,60.1,0.027065205456411737,0.01125,0.14653428309730515,-0.6761321143886732,0.5452808559419182,0.0,0.0002420797234829,0.0544967054041212,0.3333333333333325,中等方差
520X61,520,2.6362705512806213,0.4209899783418456,2.0,493.0,0.0032934272146378798,0.015,0.9585337312860385,0.19514039501991887,0.5448987390141383,0.0,0.0002737763080163,0.0489409784853822,0.1,中等方差
312X693,312,2.5722525023447367,0.4103135983861135,2.299999999999727,3012.1,0.0005324605213965219,0.00125,-0.19410762828852982,-0.03593684117940743,0.5445166220863584,0.0,0.0002032300594307,0.0131085287877082,0.1268524435131172,中等方差
312X135,312,2.57140173654568,0.4101699328603485,2.1999999999999957,33.2,0.04829997241590061,0.0,-0.20251467801286888,-0.14589589720351626,0.5441345051585785,0.0,0.0001956150096434,0.018933140128339,0.0480810914190977,中等方差
312X141,312,2.5491053817271516,0.40638778986572466,2.200000000000003,32.6,0.048975208645633685,0.0,-0.2727836006321587,-0.14906853218594218,0.5437523882307986,0.0,0.0002588709347916,0.0155600801735795,0.0668472448267856,中等方差
312X129,312,2.54905154881101,0.40637861818319526,2.1249999999999964,32.9,0.04852811377085844,0.0,-0.24008788505263337,-0.10508626655448028,0.5433702713030187,0.0,0.0002072735534403,0.0171042471881747,0.0735507246376825,中等方差
312X279,312,2.547266162904121,0.4060743266052317,3.0,139.0,0.011482127446893213,0.00125,-0.5387573880497794,-1.4188838532076617,0.5429881543752388,0.0,0.0002000424707292,0.0445977153236348,0.0,中等方差
312X774,312,2.50230413748133,0.3983400940074973,0.5,109.9,0.014393696947433495,0.1375,-2.39376509081835,4.84760122360311,0.5426060374474589,0.0,0.0001911242147972,0.0191971337292915,0.0610626460162133,中等方差
520X107,520,2.4903088900211983,0.39625321894780646,3.0,494.0,0.0031944762273670197,0.015,-0.22710631168139053,-1.5444536254421153,0.542223920519679,0.2,0.0002446217592064,0.1761808927324403,0.1,中等方差
312X762,312,2.458762668012879,0.39071661050092327,0.5,110.0,0.014254947431753514,0.1375,-2.406213828836664,4.92460923384672,0.5418418035918992,0.0,0.000180736423225,0.0189193639601568,0.0997525838535385,中等方差
312X352,312,2.4549076069397797,0.3900351516315743,3.0,0.0,,0.00125,-0.610782379058969,-0.9925010002679469,0.5414596866641193,0.0,0.0001816825560781,0.0125923981955739,0.15,中等方差
312X351,312,2.436137276859258,0.38670175723779887,3.0,0.0,,0.00125,-0.5682373915757241,-1.098017038913291,0.5410775697363394,0.0,0.0002144062036492,0.0184763045223896,0.15,中等方差
312X768,312,2.4196486401211517,0.383752306172515,0.5,110.0,0.014141108937897466,0.1375,-2.419349008899382,5.018086932638042,0.5406954528085595,0.0,0.0002234609286649,0.0186547401419048,0.0,中等方差
312X350,312,2.3992678818448083,0.38007874030297656,2.0,0.0,,0.00125,-0.5802268361511055,-1.0312710994829097,0.5403133358807796,0.0,0.0001778885608459,0.0119988307946825,0.15,中等方差
340X4,340,2.39278942428034,0.37890448052023573,3.0,106.0,0.01459306023188154,0.0,-0.29378257454589063,-1.0487972606307037,0.5399312189529997,0.0,0.000231303272952,0.0728049960481161,0.3333333333333333,中等方差
311X65,311,2.383826434104828,0.3772746313305281,3.900000000000034,366.2,0.004216178368128458,0.00625,0.4428093086875045,-1.2545274447360608,0.5395491020252197,1.0,0.0045927390910208,0.3130790158634057,0.1806080227660614,中等方差
311X61,311,2.3770277078085527,0.3760342441085869,3.900000000000034,366.2,0.004210161757695279,0.00625,0.4380118234020804,-1.254113900222502,0.5391669850974398,1.0,0.0037172921123327,0.3118455469852328,0.1807717483017469,中等方差
520X97,520,2.3759699172465933,0.3758409376321724,3.0,489.0,0.0031521843585460662,0.015,-0.2520399725605483,-1.5392641870830677,0.5387848681696599,0.6,0.0003527003149657,0.1427810965139252,0.0,中等方差
311X63,311,2.368421399489888,0.37445897642549547,3.900000000000034,366.2,0.004202533153521611,0.00625,0.429014990096624,-1.2641217847495125,0.53840275124188,1.0,0.0039805126860776,0.3118646156099415,0.1832940495154859,中等方差
312X253,312,2.3545040675844926,0.3718994450560715,2.0,1.0,1.5344393333020672,0.0,-0.6578062483157178,-0.28617897000683223,0.5380206343141001,0.0,0.0001714275236378,0.0324319862397685,0.0,中等方差
311X188,311,2.3515123805902816,0.37134726962595865,3.8000000000000043,46.4,0.033048796907197295,0.00625,0.05711054272939279,-1.0277411584427059,0.5376385173863202,1.0,0.004300219478153,0.3775459225452094,0.0328842073511964,中等方差
400X87,400,2.351157697121364,0.3712817591516452,3.0,373.1,0.004109752142450772,0.0,-0.2986035599773508,-1.3960239867490172,0.5372564004585403,0.0,0.000223979002085,0.0516755232465937,0.1419354838709623,中等方差
520X130,520,2.3505617941292236,0.371171672880823,3.0,508.0,0.0030180200743436217,0.015,-0.40389609789614656,-1.7402535760593765,0.5368742835307604,0.2,0.0003272825153815,0.1589008474387945,0.0,中等方差
400X89,400,2.3484830882352523,0.3707874371134537,3.099999999999966,373.1,0.004107413909793711,0.0,-0.3019478166395691,-1.3925861880331323,0.5364921666029805,0.0,0.0002073894288798,0.0505927766635799,0.1531708211143623,中等方差
400X85,400,2.3475400344179684,0.3706130073613879,3.099999999999966,373.1,0.004106589143091122,0.0,-0.30113790638676396,-1.39215097963587,0.5361100496752006,0.0,0.0002384438554851,0.0517478398138434,0.1474260752688129,中等方差
312X771,312,2.3468818165564005,0.3704912201014794,0.5,109.8,0.013952218531685179,0.00125,-2.5760575091412443,6.130735782648523,0.5357279327474207,0.0,0.0001947865559919,0.039963358137811,0.0,中等方差
311X62,311,2.336667300350129,0.3685968810238266,4.0,366.1,0.004175406006500962,0.00625,0.4162276043541858,-1.270773985870836,0.5353458158196408,1.0,0.0038933928223233,0.3107421640089538,0.1957137730938493,中等方差
311X66,311,2.333102038876518,0.36793373320092554,4.0,366.0,0.00417335934670242,0.00625,0.4175139482579207,-1.2712974785888556,0.5349636988918609,1.0,0.0035685211728264,0.310814342146823,0.195829423854523,中等方差
520X96,520,2.3304378253214035,0.36743752070776964,3.0,488.0,0.003128231885170555,0.015,-0.2965260698367984,-1.7201350363278085,0.534581581964081,0.4,0.0003193860980332,0.1493915045328173,0.0,中等方差
312X145,312,2.327089648934604,0.3668131143944432,2.1000000000000014,33.8,0.04513254843731585,0.1375,-0.1567170954567947,-0.5883899425824408,0.5341994650363011,0.0,0.0002776716129921,0.0292882950400747,0.0659938196303926,中等方差
520X129,520,2.318513406304197,0.36520961145334685,3.0,508.0,0.0029973750879634,0.015,-0.2999816426496559,-1.6811097223426545,0.5338173481085212,0.6,0.0003743001323728,0.1276996456644626,0.0,中等方差
220X27,220,2.318366601846055,0.36518211176993937,3.022500000000001,13.816500000000001,0.11020289780703003,0.0,0.1993527669450056,-1.7447655300799034,0.5334352311807413,0.0,0.0002056438486183,0.0739739587817222,0.4996411037086616,中等方差
520X98,520,2.3149788117828085,0.3645470204218257,3.0,487.0,0.0031242411551830923,0.015,-0.30116982456024455,-1.768477030079525,0.5330531142529614,0.6,0.0003755301889072,0.1511505211379647,0.0,中等方差
311X190,311,2.308444307146385,0.3633194013516306,3.8999999999999986,46.2,0.032886505276760694,0.00625,0.020562763360699777,-1.049370026943174,0.5326709973251815,1.0,0.0056463831694461,0.3664755924282935,0.0,中等方差
312X133,312,2.298306724721823,0.36140798778348493,2.1000000000000014,33.9,0.04472025751319203,0.1375,-0.1773398080682492,-0.5805572173207292,0.5322888803974016,0.0,0.000207160343491,0.0271956863597153,0.0570264825539887,中等方差
312X744,312,2.291800004206889,0.3601767158873819,2.5999999999999943,105.1,0.014404083885330715,0.1375,0.06604081897758635,-1.2062215117262693,0.5319067634696217,0.0,0.0001894026369257,0.0288047367920755,0.2622979962762202,中等方差
344X165,344,2.290108584441754,0.3598560747005335,2.0,23.0,0.06579610747505585,0.07625,-0.1737552782231664,1.3661510060254982,0.5315246465418418,0.0,0.000194196279842,0.0567098100019502,0.1572569549313737,中等方差
311X191,311,2.2882457424393703,0.359502662976942,3.799999999999997,46.2,0.03274231300825422,0.00625,0.023539625770604585,-1.0467693595890153,0.5311425296140619,1.0,0.0060171899963719,0.3656735243542592,0.0282894736842089,中等方差
311X187,311,2.2881440362466776,0.3594833593597218,3.8999999999999986,46.2,0.0327415853475536,0.00625,0.022748903575946642,-1.0507668853682666,0.530760412686282,1.0,0.0060910739922229,0.3656265246704471,0.0092948717948712,中等方差
360X1072,360,2.2866577596996285,0.35920116933074714,2.1999999999999886,199.1,0.007595027044383045,0.0,-0.8627823435617391,0.7565009011477555,0.5303782957585021,0.0,0.000327509551875,0.0151196502352633,0.051578947368421,中等方差
400X86,400,2.2850844649562014,0.3589022577916119,3.0,373.0,0.004052679849997928,0.0,-0.2944588879945126,-1.3696542794598654,0.5299961788307223,0.0,0.0001722841408058,0.0540269841552925,0.1600000000000022,中等方差
312X139,312,2.271560463599843,0.3563243012027198,2.1000000000000014,34.0,0.04432852018820376,0.1375,-0.2046628606687689,-0.5514979534620932,0.5296140619029422,0.0,0.0002294130719113,0.0264389064185648,0.0790433015196744,中等方差
360X1050,360,2.2683198372966205,0.35570429086449257,2.3999999999999773,199.0,0.007568312726342283,0.0,-0.8112296133514383,0.7150104363254637,0.5292319449751623,0.0,0.0003466447861364,0.0304152421584722,0.0099999999999994,中等方差
312X142,312,2.2660326661459678,0.35526616617375245,2.099999999999998,32.3,0.046604790575255434,0.00125,-0.34499815045750054,-0.29792519580249355,0.5288498280473825,0.0,0.0001998269658579,0.0140480240293365,0.1290540323873645,中等方差
312X732,312,2.265030710334241,0.35507409475427276,2.5999999999999943,105.2,0.014306101683648428,0.1375,0.049346968963093506,-1.1883398837771693,0.5284677111196026,0.0,0.0002295479454669,0.0241977821956602,0.2707918687777274,中等方差
312X738,312,2.2576593677036687,0.3536584168244763,2.6000000000000085,105.3,0.014269239823805577,0.1375,0.0391014440406848,-1.1782961979425888,0.5280855941918227,0.0,0.0001712735191371,0.0247512465638089,0.2689542360961325,中等方差
312X772,312,2.2570324434365143,0.3535378018354865,0.5,109.8,0.01368253478135474,0.00125,-2.5697925211356627,5.983385823225312,0.5277034772640428,0.0,0.0001864368203022,0.024580982092198,0.0866666666666687,中等方差
344X27,344,2.250532654176306,0.3522853187300395,0.0,3010.0,0.0004983978541146778,0.07625,6.37645016426307,38.76401913644772,0.5273213603362629,0.0,0.0001128530089209,0.081650402009707,0.0,中等方差
400X90,400,2.2491849186483366,0.35202516279318696,3.0,373.0,0.0040207192536348985,0.0,-0.3153963191595442,-1.367454750038888,0.526939243408483,0.0,0.0002456571760712,0.0538471873410722,0.1333333333333333,中等方差
400X88,400,2.247518132040052,0.35170320412636785,3.0,372.9,0.004020307005680436,0.0,-0.29750279933012486,-1.3513558092413003,0.5265571264807031,0.0,0.0002223955176504,0.0543106122437104,0.1233333333333386,中等方差
312X94,312,2.239955332636948,0.35023935807402407,0.0,4010.0,0.00037322893573978364,0.00125,-3.495279559223663,41.0669520596085,0.5261750095529232,0.0,1.851918761165535e-05,0.0331509371119475,0.0,中等方差
520X76,520,2.2306064925599323,0.3484229619542876,3.0,495.0,0.0030172151661221327,0.015,0.48187333937134746,-0.7295379346285165,0.5257928926251433,0.0,0.0002769372593648,0.1278922745463478,0.3887432795698923,中等方差
312X773,312,2.2300047364970537,0.3483057854841918,0.4000000000000057,109.9,0.013587989428593987,0.00125,-2.545921740141189,5.772384717335434,0.5254107756973634,0.0,0.0002372735365289,0.0218788206582367,0.1066666666666787,中等方差
312X130,312,2.2288807751544044,0.34808683829747966,2.1000000000000014,32.6,0.045795817824493136,0.00125,-0.42095560061198334,-0.2759410376287783,0.5250286587695835,0.0,0.0001974760627348,0.0153657854508832,0.0965367965367974,中等方差
312X136,312,2.2171396890223116,0.3457930563352467,2.1500000000000057,33.1,0.044985083857481824,0.00125,-0.49994702777586614,-0.28557965698552934,0.5246465418418036,0.0,0.0002074320561326,0.0163019136307638,0.0859230965113327,中等方差
312X770,312,2.2170322903629582,0.34577201852013856,0.4000000000000057,109.8,0.01356074873747982,0.0,-2.5623513754941016,5.979376229472804,0.5242644249140237,0.0,0.0003003790650937,0.0551385955689313,0.0,中等方差
520X108,520,2.2151249040563923,0.3453982197749221,2.0,493.0,0.0030189240737537133,0.015,-0.30608652705776696,-1.499388997179338,0.5238823079862438,0.2,0.0002977971142505,0.1524089230657089,0.0,中等方差
330X31,330,2.206238697747188,0.3436524979076022,1.9024999999999892,98.02850000000001,0.015152137114800167,0.0,0.9643629402883941,0.3029368991914043,0.5235001910584639,0.0,0.000297446160092,0.0673487056799489,0.1001633488479738,中等方差
520X106,520,2.20082688871833,0.3425858834297278,3.0,493.0,0.003009165142722213,0.015,-0.29296982219541756,-1.5199303073544441,0.523118074130684,0.6,0.0004225603341237,0.1489123402694211,0.0,中等方差
312X144,312,2.1926543831418326,0.34097018146163605,2.1000000000000014,33.6,0.044070280358966006,0.00125,-0.2156550379828622,-0.5497184436358911,0.5227359572029041,0.0,0.0002120108300284,0.0321447493141688,0.1018055834774084,中等方差
520X111,520,2.188178458323423,0.3400827382759286,3.0,498.0,0.002970380097929604,0.015,-0.35427098790073874,-1.8750076078215734,0.5223538402751242,0.2,0.0002373315622847,0.1501159557774175,0.0,中等方差
312X132,312,2.1847728520299414,0.33940629062543215,2.0,33.7,0.04386046628977648,0.00125,-0.21288098100263872,-0.5392011775640055,0.5219717233473443,0.0,0.0002489662196115,0.0335097770279898,0.1019047619047611,中等方差
520X128,520,2.1837650526641452,0.3392059115875279,3.0,508.0,0.0029089700072854946,0.015,-0.356430483141697,-1.8777295872029738,0.5208253725640046,0.6,0.0003347925943512,0.1495610854314628,0.0,中等方差
520X99,520,2.1837650526641452,0.3392059115875279,3.0,488.0,0.0030281900895512935,0.015,-0.356430483141697,-1.8777295872029738,0.5208253725640046,0.6,0.0003804392150417,0.1495610854314628,0.0,中等方差
520X114,520,2.1837650526641452,0.3392059115875279,3.0,498.0,0.002967383059640625,0.015,-0.356430483141697,-1.8777295872029738,0.5208253725640046,0.0,0.0001835819014018,0.1495610854314628,0.0,中等方差
520X26,520,2.1837650526641452,0.3392059115875279,3.0,492.0,0.003003570657928925,0.015,-0.356430483141697,-1.8777295872029738,0.5208253725640046,0.4,0.0003375766034336,0.1495610854314628,0.0,中等方差
520X109,520,2.1837650526641452,0.3392059115875279,3.0,494.0,0.0029914104528360953,0.015,-0.356430483141697,-1.8777295872029738,0.5208253725640046,0.2,0.0002806001032246,0.1495610854314628,0.0,中等方差
400X66,400,2.181847293491863,0.33882435124104,1.0,367.2,0.004022624580793157,0.0,1.1213947447563992,-0.24785626603276434,0.5196790217806648,0.0,0.0001862397159627,0.0864182435056407,0.0,中等方差
520X62,520,2.1814301562832337,0.3387413125663091,2.0,494.0,0.0029898108069779613,0.015,0.8525539150025887,-0.07111011291350211,0.5192969048528849,0.0,0.0003270752801342,0.0669859095318476,0.0,中等方差
400X70,400,2.1788429912390925,0.33822593584733435,1.0,367.2,0.004019854143289217,0.0,1.1232263219045868,-0.24584045591301562,0.518914787925105,0.0,0.0001647526287484,0.0861795187631497,0.0,中等方差
312X293,312,2.1781283523695385,0.33808346820368573,3.0,1998.0,0.0007386628378669715,0.1375,-0.3722730757731243,-1.8668323017650827,0.5185326709973251,0.0,0.0002241577975187,0.0799607151359052,0.2,中等方差
360X635,360,2.1751886594180183,0.33749693034396416,2.072499999999991,86.11,0.01712753548393106,0.0,-0.01906617468422272,-0.006655397370843197,0.5181505540695452,0.0,0.0002365718527142,0.0863893477470068,0.788428534552231,中等方差
312X143,312,2.1717741475089536,0.33681465904266805,2.350000000000005,33.1,0.044522478795623745,0.00125,-0.38929024959016395,-0.5138550666437052,0.5177684371417653,0.0,0.0001860841556957,0.0207229932444297,0.0211956521739136,中等方差
312X761,312,2.1648176448631067,0.33542131908884487,0.4000000000000057,110.0,0.013375744807757071,0.00125,-2.5666518987836917,5.923411423928297,0.5173863202139855,0.0,0.0001398819530234,0.0218308103968531,0.1947619047618932,中等方差
312X277,312,2.1632024405506676,0.33509716423800723,3.0,1123.0,0.001309690947948027,0.0,-0.16520258914990174,-1.3712468275314038,0.5170042032862056,0.0,0.0002446585947724,0.1105171389619894,0.0,中等方差
312X138,312,2.163129224814228,0.33508246486089677,2.0,33.9,0.043385193046606645,0.00125,-0.21005259267334694,-0.5436115776426127,0.5166220863584257,0.0,0.0002599420300701,0.0325104424745133,0.1033333333333344,中等方差
312X741,312,2.1616157101138254,0.3347784880394242,2.3499999999999943,104.8,0.01402904025439185,0.00125,0.06833432279398854,-0.9920977226442838,0.5162399694306458,0.0,0.0002519143836658,0.0537763627193002,0.4133201359947353,中等方差
312X740,312,2.15952676783479,0.3343585915976379,2.4000000000000057,104.9,0.01400889265966396,0.0,0.0483835040129506,-0.9946136108016654,0.5158578525028659,0.0,0.0002258922847976,0.0636352652726009,0.3708127147766318,中等方差
312X137,312,2.1591697955778004,0.3342867962864926,2.200000000000003,33.6,0.04373248146563262,0.00125,-0.3490791197915792,-0.5382671502042844,0.515475735575086,0.0,0.0002248352380043,0.0294806035442357,0.0544042913608111,中等方差
312X131,312,2.1560119635760215,0.33365116639440173,2.299999999999997,33.4,0.04396216949992879,0.00125,-0.37436047844653414,-0.5342058425865059,0.5150936186473061,0.0,0.0001913492309201,0.026614415352195,0.0359038779165806,中等方差
520X134,520,2.1517086023516825,0.332783456139533,3.0,508.0,0.0028875400447245384,0.015,-0.3531748159058495,-1.6695001788296924,0.5147115017195262,0.2,0.0002793542977375,0.1339394784019342,0.0,中等方差
400X68,400,2.1499271589487066,0.3324237459609422,1.0,367.2,0.003993090934255999,0.0,1.0997226362435477,-0.2707413186708214,0.5143293847917463,0.0,0.0001584029411813,0.084344809992118,0.0400000000000091,中等方差
440AX109,440A,2.1456304755944835,0.33155492907972806,1.5249999999999773,587.8,0.002491999109548635,0.0,-1.6199404023133397,5.4204389995833875,0.5139472678639664,0.0,0.0001592004248437,0.0944652565224013,0.2499999999999822,中等方差
312X734,312,2.144723341677089,0.331371278370569,2.5,105.3,0.013907762573104148,0.0,0.007858361200941414,-1.0157884041289267,0.5135651509361865,0.0,0.0002295394946222,0.0614874579347713,0.3473934707903773,中等方差
312X728,312,2.144335168961214,0.3312926684525313,2.4000000000000057,105.1,0.013932967311357304,0.0,0.0253301558859001,-0.9897058372800802,0.5131830340084066,0.0,0.0002362991085497,0.0598675312990148,0.3458556701030922,中等方差
312X729,312,2.1351828883849255,0.32943508030465657,2.3999999999999915,105.1,0.013903201725946746,0.00125,0.037001764498404886,-1.0044636018449302,0.5128009170806267,0.0,0.0002226869842259,0.051358366050707,0.3634130434782611,中等方差
312X692,312,2.1332437476670445,0.32904048143104186,2.100000000000364,3011.9,0.00048493071443343695,0.00125,-0.20581090993908513,-0.07347243437621431,0.5124188001528468,0.0,0.0001870424587716,0.0095856421591007,0.0995679012346113,中等方差
312X742,312,2.128695612623551,0.32811356505088424,2.4000000000000057,105.0,0.013895285788042932,0.00125,0.02127738102957283,-1.0475196515126528,0.5120366832250669,0.0,0.0002459446654652,0.0462120452751064,0.3537486671744094,中等方差
330X98,330,2.127579501476845,0.32788579738534507,1.9055000000000035,96.799,0.015068569583179156,0.0,1.1565338440933253,0.575831201107738,0.511654566297287,0.0,0.0001938960796409,0.0592812235909654,0.1535488566911388,中等方差
400X67,400,2.1178760794743323,0.32590054520727707,1.099999999999966,367.1,0.00396429430069475,0.0,1.1067664486909639,-0.2606404233504169,0.5112724493695071,0.0,0.0001758747211023,0.0866682144029208,0.0,中等方差
520X33,520,2.1154725585175242,0.325407396123607,2.0,488.0,0.002980463969499486,0.015,0.18689334921641826,-0.21736563452906532,0.5108903324417272,0.6,0.0004726375298634,0.1781473254798652,0.2645611788092367,中等方差
312X735,312,2.1137623156765453,0.3250561509971797,2.3999999999999915,105.3,0.01380701206379221,0.00125,-0.005292952410406252,-1.0372693186472075,0.5105082155139473,0.0,0.0002254287279714,0.0509229591770405,0.3143333333333328,中等方差
312X760,312,2.1126579904078304,0.32482919657873094,0.5,109.9,0.01322564635770043,0.00125,-2.627940901854706,6.390886141063458,0.5101260985861674,0.0,0.0002760170053794,0.0261679067734945,0.1566666666666576,中等方差
312X730,312,2.109075410679386,0.3240921083579907,2.450000000000003,105.2,0.013804806207149455,0.00125,-0.0047597220683511755,-1.0370977908203787,0.5097439816583874,0.0,0.0002079801493266,0.0415422523523745,0.345575091575091,中等方差
312X736,312,2.107984447978512,0.3238674024693375,2.5,105.4,0.013775047032781802,0.00125,-0.0203484753514071,-1.0362077681211246,0.5093618647306075,0.0,0.0002300201670728,0.0406407268732928,0.3380740740740737,中等方差
312X743,312,2.1012552344566098,0.3224788083239295,2.3999999999999915,105.2,0.013779189229592531,0.00125,-0.027588904429578263,-1.0832008383017322,0.5089797478028276,0.0,0.0001851325467418,0.0413028105925095,0.3609686609686615,中等方差
312X767,312,2.087121652692417,0.31954776365733045,0.5,110.0,0.013133521720562891,0.00125,-2.586515455962931,6.073586299434297,0.5085976308750477,0.0,0.0001584786966732,0.0220894886227049,0.1515384615384561,中等方差
312X737,312,2.0795911242436516,0.31797795518381977,2.4000000000000057,105.4,0.013681961584959755,0.00125,-0.04400099706254774,-1.0454962142615711,0.5082155139472678,0.0,0.0002413036733785,0.0321362639089351,0.3317319587628872,中等方差
312X731,312,2.0755916700386714,0.3171419190745861,2.4000000000000057,105.3,0.013681779545293557,0.00125,-0.03955306587259559,-1.0512753878861292,0.5078333970194879,0.0,0.0001940720770788,0.0364825691451494,0.3363172085646305,中等方差
312X759,312,2.075498037960989,0.3171223271613614,0.4000000000000057,109.9,0.01310881610752411,0.00125,-2.7148010896315586,7.057312276895946,0.507451280091708,0.0,0.0001665601281083,0.0454688071369289,0.1733333333333247,中等方差
400X71,400,2.0694602628285224,0.315857091621057,1.0,367.0,0.003919787120250182,0.0,1.1130392091169454,-0.25695613838571996,0.5070691631639281,0.0,0.0001372072883102,0.0864570864695872,0.0,中等方差
312X292,312,2.060837324851558,0.3140437114746885,3.0,997.0,0.0014398813196984407,0.00125,-0.605394634622725,-1.4083988009858275,0.5066870462361482,0.0,0.000246439206868,0.051572765773942,0.0,中等方差
360X401,360,2.047506958072595,0.31122538630420116,0.28000000000000025,8.22,0.17407679239302726,0.0,-2.3583222029254736,3.825594653995428,0.5063049293083683,0.0,0.000370638882038,0.0305871923575795,0.0,中等方差
440AX139,440A,2.0397195087609568,0.30957044969419245,1.2999999999999545,587.3,0.0024317852728744493,0.0,-1.9211789348253188,7.559300930556695,0.5059228123805884,0.0,0.0001764216443144,0.1207076092557013,0.3546997028129178,中等方差
340X124,340,2.0211999374217933,0.30560927612003697,2.0,26.0,0.05468035054597817,0.0,-0.15174103924268995,-0.8238231640722709,0.5055406954528086,0.2,0.0003541750805237,0.1046612875733623,0.0,中等方差
360X1094,360,2.0162753285356674,0.30454983605687325,2.0,199.3,0.007124717014141993,0.0,-0.9961025202546084,1.139383695337962,0.5051585785250287,0.0,0.0002508860658318,0.0193010102099655,0.021052631578952,中等方差
520X113,520,2.0021865466108526,0.3015045388722695,3.0,497.0,0.002847055155261053,0.015,-0.39610416623768163,-1.6457121901770468,0.5047764615972488,0.4,0.000341582070408,0.1508303451537044,0.0,中等方差
340X143,340,1.9714580725907476,0.29478754527629597,1.0,15002.5,9.3590148677959e-05,0.0,2.1746064826918894,6.003415740974431,0.5043943446694689,0.0,0.0001750672374463,0.1072413002435918,1.0,中等方差
312X766,312,1.9692205168741728,0.2942943519426952,0.3999999999999915,110.0,0.012757174344749246,0.00125,-2.6826842476735955,6.779800060199825,0.504012227741689,0.0,0.0001825182144912,0.0259960191426844,0.2266666666666565,中等方差
312X758,312,1.9644292709637015,0.29323639670946744,0.4000000000000057,109.9,0.012753239215634211,0.0,-2.6457484254604635,6.584193665454764,0.5036301108139091,0.0,0.0001944323945585,0.0568322441122196,0.1733333333333247,中等方差
344X150,344,1.949472778473082,0.28991717528113786,0.40000000000000036,15.4,0.09066462441731717,0.0,-2.988386959288283,7.495952079058579,0.5032479938861292,0.8,0.0007008811730173,0.1853272408295563,0.517194570135744,中等方差
400X69,400,1.9383106382978592,0.28742337936473167,1.0,367.0,0.003793548365472745,0.0,1.104077243121359,-0.2587149981677599,0.5028658769583493,0.0,0.0001838454650018,0.0881736635440557,0.0900000000000204,中等方差
520X32,520,1.9194009249285862,0.28316569974736117,2.0,491.0,0.002821638404468289,0.015,0.3960431526305647,0.04003439224331595,0.5024837600305694,0.4,0.0004639931042508,0.1794179360846673,0.0,中等方差
312X691,312,1.8808506560519218,0.2743543129201417,2.199999999999818,3011.7,0.000455371081894867,0.00125,-0.14958713168371812,-0.44089758478769747,0.5021016431027895,0.0,0.0002124386687086,0.0523675740039032,0.1544957983194087,中等方差
312X278,312,1.873303408709481,0.27260812337458745,3.0,478.0,0.002863361393330975,0.00125,-0.4525721774057423,-1.5846200864591156,0.5017195261750096,0.0,0.0002593057444128,0.0726539287123658,0.0,中等方差
360X1138,360,1.8633636420525663,0.2702976172825737,1.9000000000000057,185.55,0.007356781372621704,0.0,-0.7142474894997255,0.6891730385691699,0.5013374092472297,0.2,0.0003652450564918,0.0690994458017158,0.1333333333333257,中等方差
312X694,312,1.8457511621547682,0.2661731505428266,1.7999999999999998,1.1,1.235076590175274,0.1375,-0.12620354229983805,-0.44946037665032756,0.5009552923194498,0.0,0.0002443403061904,0.0891198372344955,0.1290505342998323,中等方差
400X193,400,1.8262275344180297,0.2615548864436297,0.5999999999999943,41.0,0.03296048446608698,0.0,-1.086163972328425,-0.27615110300336676,0.5005731753916699,0.0,0.0001906349047283,0.0442944371749213,0.4400000000000034,中等方差
520X31,520,1.8217029263605022,0.26047755597313715,1.0,490.0,0.0027544995005223307,0.015,0.3531890311915604,0.18892352019384306,0.50019105846389,0.0,0.0002753702875841,0.1657065818833537,0.6,中等方差
400X196,400,1.8105106226533159,0.2578010772591804,0.6000000000000014,40.8,0.032979219674991116,0.0,-1.0604788374564245,-0.30662589633986537,0.49980894153611005,0.0,0.0002134005117793,0.0449320463456081,0.4000000000000047,中等方差
400X192,400,1.8075543804756065,0.257091371961154,0.6000000000000014,40.8,0.03295228407204044,0.0,-1.0568743395681335,-0.3111635209296786,0.49942682460833016,0.0,0.0001860454098962,0.0459243219831357,0.3333333333333373,中等方差
312X765,312,1.801353352091115,0.25559891204838925,0.3499999999999943,110.1,0.012190236660107772,0.00125,-2.8317451065061636,7.904692145264448,0.49904470768055026,0.0,0.0002413986311737,0.0487055283587975,0.2303921568627346,中等方差
400X195,400,1.7803613892365535,0.2505081671520854,0.6000000000000014,40.7,0.032783828891435614,0.0,-1.0444267601194184,-0.3257850653572767,0.49866259075277036,0.0,0.0001996911832526,0.0431850624875062,0.3999999999999952,中等方差
344X154,344,1.7631023153943026,0.24627751577171014,0.0,15.0,0.08852124203060724,0.0,-3.1993227111771416,8.256300367915054,0.49828047382499047,0.8,0.000728941487645,0.1930488048028741,0.0,中等方差
344X97,344,1.7428811365244763,0.24126776948993212,0.0,0.0,,0.07625,0.02601848437661125,-0.6996706327246041,0.49789835689721057,0.0,0.0001789304410983,0.1076722697486789,0.0,中等方差
340X20,340,1.7401689612014908,0.24059141802685002,3.0,3000.0,0.00043971821295025484,0.0,0.8072604894330948,0.19248360234941808,0.4975162399694306,0.0,0.000209142401455,0.0369064638228421,0.0,中等方差
344X149,344,1.7293351063830322,0.23787915796530157,0.09999999999999964,14.9,0.08825784328043391,0.0,-3.191757584552202,8.226883603288705,0.4971341230416507,1.0,0.0008672673656214,0.1974562282330759,0.0,中等方差
360X653,360,1.7222356218710873,0.23609256772053475,1.7887499999999967,19.9465,0.06579298377810781,0.0,-0.82988127255977,5.548590140433294,0.4967520061138708,0.0,0.0002344090407173,0.0394528062270915,0.0528203693699053,中等方差
312X764,312,1.7184027534418123,0.2351249599014607,0.3999999999999915,110.0,0.011917078353472147,0.0,-2.7301028906183222,7.238047384206395,0.49636988918609093,0.0,0.0002243917450109,0.0578778903127796,0.2833333333333216,中等方差
420X211,420,1.7167842198413445,0.2347157127373675,1.5,36.7,0.03570193805410332,0.005,-0.6795525672580202,1.4063271750694395,0.49598777225831103,0.0,0.000238915935846,0.0600080633464838,0.0617216117216083,中等方差
520X28,520,1.709363450486656,0.23283441366216295,2.0,491.0,0.002662782626512784,0.015,-0.4462784709974838,-1.405092595258779,0.49560565533053114,0.0,0.0002157793494899,0.1625803986538725,0.0,中等方差
330X933,330,1.7002801001251597,0.23052047191848263,1.5,171.0,0.007625426257959583,0.0,-1.3667393836081327,2.5073876570902573,0.49522353840275124,0.0,0.0001996026904328,0.0260855624815569,0.819439890710386,中等方差
330X936,330,1.6997073842302992,0.23037416117096773,1.5,171.0,0.007624141889977315,0.0,-1.381886979595622,2.531859671873862,0.49484142147497134,0.0,0.0001802893551683,0.0263396482680364,0.80777322404372,中等方差
312X690,312,1.6996012359199246,0.230347038228849,1.724999999999909,3010.8,0.0004330037043403479,0.0,-0.23224462902645893,0.3355143140949193,0.49445930454719145,0.0,0.0002088915870655,0.0190815592197528,0.1521889140273104,中等方差
330X930,330,1.6988523365206454,0.2301556318288853,1.5,171.0,0.0076222239642261685,0.0,-1.3730414945188507,2.5129543661867046,0.49407718761941155,0.0,0.0002041509781784,0.0262273840237448,0.8115214716982578,中等方差
344X86,344,1.6971113824805513,0.2297103462712886,3.0,1.0,1.3027322758266762,0.07625,0.5295701274028324,-1.480374474983313,0.49369507069163165,0.0,0.0002600004709875,0.032052210626304,0.5,中等方差
400X77,400,1.6759837140175182,0.22426979415900186,2.0000000000000004,3.8,0.3406836570138606,0.0,0.1048302201262708,-1.0829313878959435,0.49331295376385176,0.0,0.0001384253240288,0.0666892434218838,0.0099999999999999,中等方差
400X81,400,1.674272074468083,0.22382603360880265,2.1,3.8,0.3405096467965359,0.0,0.09855334329573315,-1.1005324631990665,0.49293083683607186,0.0,0.0002403817232257,0.0878128879022117,0.0290476190476189,中等方差
344X96,344,1.6690613266583103,0.22247229434250954,0.0,0.0,,0.0,0.02570375869032084,-0.5988548814823997,0.4925487199082919,0.0,0.0001632187178065,0.1384405190820117,0.0,中等方差
360X1313,360,1.6544790988735933,0.2186612850642004,1.799999999999983,175.8,0.00731664142845287,0.0,-0.6791187336165663,0.7248270173801616,0.492166602980512,0.0,0.0002917344916924,0.0582364686094153,0.1242606516290849,中等方差
360X1305,360,1.648392196339179,0.2170605498619808,2.710000000000001,12.91,0.09944982715786502,0.0,-0.6991745851780033,-1.4973235999546697,0.4917844860527321,0.2,0.0003632759353081,0.1123842285351839,0.0212690535271181,中等方差
750X508,750,1.5727637046307936,0.19666347819632143,1.5999999999999996,7.8,0.1607818925529014,0.0,0.9402960213058659,-0.46246174331200685,0.4914023691249522,0.0,0.0003525573950612,0.0341655567010182,0.9657022332506204,中等方差
344X53,344,1.565604489987498,0.19468205816220713,2.4999999999999982,15.4,0.08124942725870757,0.0,0.8578018952126709,-1.224529488833278,0.4910202521971723,1.0,0.0019794524954562,0.2715055175386204,0.0,中等方差
400X80,400,1.5570202753441775,0.19229426793919469,2.1000000000000005,3.6,0.34661282916888425,0.0,0.1741772462296353,-1.1350612728572889,0.49063813526939243,0.0,0.0001856727260066,0.0739976243231595,0.0295238095238095,中等方差
420X195,420,1.5441508801870945,0.1886897333256629,2.799999999999997,39.5,0.03145920699850688,0.005,-0.28667759239934465,-1.4099525173147296,0.49025601834161253,0.0,0.0004844279397858,0.0399897623825049,0.1765567765567765,中等方差
420X196,420,1.5384811320754757,0.1870921744308918,2.6999999999999957,39.5,0.03140139859000571,0.005,-0.28215249874962045,-1.4179984032935722,0.48987390141383264,0.0,0.0004947104264998,0.0386545525660968,0.1825396825396827,中等方差
344X55,344,1.5370887984981185,0.18669895766484623,2.4999999999999982,15.4,0.08050609436535469,0.0,0.8496284847536077,-1.2514462193483962,0.48949178448605274,1.0,0.001278368247449,0.2703027546046293,0.0,中等方差
400X72,400,1.5348434136420492,0.18606407488810317,2.0000000000000004,3.8,0.32602315121409053,0.0,0.03713359839373771,-1.0562551310197361,0.48910966755827284,0.0,0.0001619142122586,0.0636158793068796,0.0320115356885363,中等方差
400X76,400,1.5324349812265345,0.18538205715876627,2.0000000000000004,3.8,0.32576725768425974,0.0,0.02608754531697079,-1.0634649324018846,0.48872755063049295,0.0,0.0001923989110063,0.0868907432568672,0.0,中等方差
420X192,420,1.5291203659808505,0.18444167260907063,2.6999999999999957,39.5,0.031305723179399565,0.005,-0.2804870328533382,-1.4188790770859336,0.48834543370271305,0.0,0.0004394903251174,0.0399465530697903,0.1764550264550265,中等方差
420X193,420,1.5150996491893407,0.18044119763689997,2.625,39.6,0.031083177817161526,0.005,-0.2875406360425705,-1.398119124980669,0.48796331677493315,0.0,0.0004614084511551,0.0398787654267104,0.1524615384615394,中等方差
340X21,340,1.486232790988736,0.17208683898291283,0.0,3010.0,0.0004050204239303267,0.0,-6.615391002708847,62.703187890795256,0.4875811998471532,0.0,0.0,0.0296153597841499,0.0,中等方差
344X90,344,1.484170728040175,0.17148386184662845,2.0,0.0,,0.07625,-0.10897500293382291,-0.4462041264493335,0.4871990829193733,0.0,0.0002496001976216,0.0396678307364565,0.0,中等方差
360X1329,360,1.448896730287861,0.16103743235564089,1.6999999999999886,176.3,0.00682757381107219,0.0,-0.9607670219621858,1.2100070575229944,0.4868169659915934,0.0,0.0002670250879897,0.0330947986491569,0.0910362112177013,中等方差
310X107,310,1.441497242201341,0.1588138158550726,1.63091175,-0.768678,1.5619332006887003,0.0,0.42525984415643076,1.6917823148907614,0.4864348490638135,0.0,0.00032163594279,0.097470900205326,0.6378277288808758,中等方差
400X75,400,1.4228688204005058,0.1531648626968752,1.9000000000000004,3.6,0.3313446254783264,0.0,0.10320506008662826,-1.0995073347361828,0.4860527321360336,0.0,0.000165423519731,0.0751797198646911,0.0,中等方差
340X99,340,1.4058056946182733,0.14792529821825298,3.0,1.0,1.185666772165887,0.0,0.6676885956936763,-1.0323086589850607,0.4856706152082537,0.0,0.0002256540465482,0.0658840328265157,0.0,中等方差
220X108,220,1.3918360944930936,0.14358809486622254,0.0,0.0,,0.0,19.96237069463593,397.4899655152926,0.4852884982804738,0.0,0.0,0.0074455051696196,0.0,中等方差
520X57,520,1.3765746038093447,0.13879975306661588,2.0,489.0,0.002399335707906141,0.015,-0.38725140671944674,-1.4080516113262025,0.4849063813526939,0.0,0.0003091978558912,0.1244689480135533,0.5,中等方差
310X97,310,1.372545381570726,0.13752671278691359,0.0,0.0,,0.0,19.964457507328678,397.60146918002783,0.48452426442491403,0.0,0.0,0.0285181684976963,0.0,中等方差
344X99,344,1.3424278762408663,0.1278909619380552,0.0,-2.0,0.5793159492541324,0.07625,0.010482877265196842,-0.11578504783670418,0.48414214749713413,0.0,0.0001821637217826,0.1383941826026902,0.0,中等方差
520X68,520,1.3357219796309172,0.12571607245306268,2.0,486.0,0.0023780542998794157,0.015,-0.6173702166622356,-1.0337742477308487,0.48376003056935424,0.2,0.0002452264766914,0.1583782207739298,0.0,中等方差
400X78,400,1.3269446182728384,0.12285279740820523,2.0,4.9,0.2350879228216428,0.0,0.1813279412971585,-1.1644201841218815,0.48337791364157434,0.0,0.0002257443187338,0.0846008241543954,0.0505263157894739,中等方差
360X329,360,1.3164841738110142,0.11941564257778058,1.2650000000000006,20.8305,0.05508180034848247,0.0,-4.507238885705213,45.831320616927215,0.48299579671379445,0.0,0.0002365199823032,0.0422214809508682,0.4243787060750476,中等方差
360X987,360,1.3162272215269173,0.11933086840948573,1.700000000000017,162.6,0.007055777757357345,0.0,-0.9546260935707783,1.0677680445361233,0.4826136797860145,0.0,0.0003069387761579,0.0258598729893688,0.0483183833384874,中等方差
750X704,750,1.3136151282853468,0.11846814136870756,0.30000000000000004,0.1,11.461305022925385,0.0,3.2402574730432674,13.410506374886081,0.4822315628582346,0.2,0.0002895213437426,0.1610964014315906,0.0,中等方差
340X53,340,1.3110137672090243,0.11760725232434584,2.0,-2.0,0.5724975474202978,0.0,1.1703392138987552,0.37820040244245234,0.4818494459304547,0.0,0.0002386974803742,0.0224494272341559,0.0,中等方差
340X31,340,1.3031226533166118,0.11498529457034926,1.0,3081.0,0.00037051086589696286,0.0,2.1491675864897597,3.6136805199263797,0.4814673290026748,0.0,0.0003583173444399,0.0794708337800256,1.0,中等方差
340X192,340,1.3027284105131618,0.11485388454638333,1.0,88.0,0.012970128240083041,0.0,2.1440080662174146,3.598665233098287,0.4810852120748949,0.0,0.0003346286717387,0.0812621766974144,1.0,中等方差
310X111,310,1.2967136875120326,0.112844095081695,1.2926297499999997,3.865676,0.29457548170281517,0.0,-0.9733098239679967,1.6845950865434558,0.480703095147115,0.0,0.0002807880053631,0.0985785441929186,0.4186215128217895,中等方差
360X111,360,1.2888206443663948,0.11019248400846188,1.1202499999999986,19.695,0.057642161364540256,0.0,-4.198592791741294,39.96612788825248,0.4803209782193351,0.0,0.0001660364934193,0.0971924914353139,0.6010884432213388,中等方差
340X190,340,1.2802151282853569,0.10728295494228327,1.6250000000000142,106.55,0.010619107649670886,0.0,-0.05166044811488675,-0.7764841733255738,0.4799388612915552,0.0,0.0002491406141916,0.0578216096383579,0.1588235294117621,中等方差
210X195,210,1.272120236389237,0.10452816125937602,1.02,2.575,0.4380128456101276,0.0,0.6244087582017345,0.21565941947628442,0.4795567443637753,0.0,0.0001594004568941,0.0216164480571145,0.1078242636951652,中等方差
360X565,360,1.2531562720838567,0.09800523210496215,1.1372500000000016,22.1205,0.05060666018520863,0.0,-5.506736771064746,61.235250415134495,0.4791746274359954,0.0,0.0001915420574642,0.0333712199102926,0.3699027266131915,中等方差
400X79,400,1.2473842302878597,0.09600024930124802,2.0999999999999996,6.7,0.16669605497629994,0.0,0.1845120224988795,-1.1314090199211297,0.47879251050821553,0.0,0.000154344498496,0.0875288094093712,0.125,中等方差
520X77,520,1.239112416875763,0.09311070897016507,2.0,496.0,0.002244262630313112,0.015,0.19188702878039077,-1.0652169959435358,0.47841039358043563,0.0,0.0003167241227321,0.1181195273203414,0.3108698126476087,中等方差
360X211,360,1.2273859351126422,0.08898114229974116,1.0579999999999998,20.9465,0.052890674449146566,0.0,-5.274699262181809,55.40959645899376,0.47802827665265574,0.0,0.0001848082061165,0.0216094016085993,0.2872258273822886,中等方差
312X332,312,1.2134560431115353,0.08402404883452531,1.0,0.0,,0.00125,1.1176299012395283,-0.23986522848117087,0.4776461597248758,0.0,0.0001843633291308,0.0132983867470958,1.0,中等方差
360X661,360,1.2099853441551935,0.0827801099932481,1.0832499999999996,22.332,0.04925637373420151,0.0,-5.854627763250676,66.826390244628,0.4772640427970959,0.0,0.0002266393074097,0.0412558899227093,0.3534580694888076,中等方差
400X73,400,1.2078156289111432,0.08200064499903491,1.8000000000000007,4.9,0.2242870725582484,0.0,0.12537496415024954,-1.1301687681132526,0.476881925869316,0.0,0.0002123043101504,0.0838876268948365,0.0555555555555558,中等方差
520X380,520,1.2068300340860048,0.0816461098187551,1.0,45.9,0.02393372900760148,0.01125,1.3975479663185668,2.6541856270725788,0.4764998089415361,0.0,0.0002313935998458,0.0093583448340765,0.2416666666666715,中等方差
520X381,520,1.2068300340859952,0.08164610981875166,1.0,46.7,0.023523729367214207,0.01125,1.3975479663185717,2.6541856270725868,0.4761176920137562,0.0,0.0002540696968296,0.0093583448340766,0.2416666666666642,中等方差
344X106,344,1.2058557121430635,0.08129534497747383,2.0,800.0,0.0013726432712921216,0.07625,0.9526413032448943,0.7029989264245367,0.4757355750859763,0.0,0.0001925105345108,0.0242913607662156,0.0,中等方差
360X447,360,1.2004383790347304,0.07933987173828605,1.0487499999999983,21.503500000000003,0.05095194682158163,0.0,-5.630442361281709,61.92270021365514,0.4753534581581964,0.0,0.0002129685619651,0.0566492773081666,0.4540532478223037,中等方差
360X645,360,1.195846284967146,0.07767535868173392,1.3490000000000038,20.3585,0.0537145452111183,0.0,-1.6741718933946643,12.790053303682354,0.4749713412304165,0.0,0.0002329174810692,0.0321757169559759,0.1628886203848026,中等方差
360X466,360,1.1862097458933045,0.07416148787325243,1.0899999999999999,21.4645,0.05074111047559046,0.0,-4.453903428734191,50.36753385207623,0.4745892243026366,0.0,0.0002116551701319,0.0511237680821525,0.1529262075480359,中等方差
360X477,360,1.1783781758432421,0.07128469055672208,1.0524999999999984,21.478,0.05054154424819181,0.0,-4.562139123803692,51.04183883149877,0.4742071073748567,0.0,0.0003127805782345,0.0714325149949658,0.1115650396324439,中等方差
340X188,340,1.171193929912391,0.06862881284991712,1.5250000000000057,106.8,0.01013311925292779,0.0,-0.11576086248774967,-0.7088699846602293,0.4738249904470768,0.0,0.0002135408735065,0.0518883431697863,0.1345628415300561,中等方差
520X87,520,1.1692154877160057,0.06789455949505475,2.0,485.0,0.0022294900637060758,0.015,-0.3573156017086734,-1.2744670299143406,0.4734428735192969,0.6,0.0005079949941521,0.1638679559627009,0.5,中等方差
312X331,312,1.143773466833542,0.05834001759845178,1.0,0.0,,0.0,1.318230946153973,0.23066602054567031,0.47306075659151703,0.0,0.0001782268115461,0.01763509058203,0.0,中等方差
400X74,400,1.1414178817271585,0.05744467202807866,2.0,6.7,0.1594584481831361,0.0,0.16223188029966326,-1.0937011515391382,0.4726786396637371,0.0,0.0001823214105598,0.0866666546865041,0.1245796308954203,中等方差
360X669,360,1.1367304800000004,0.05565750521180727,0.9750000000000014,22.543,0.047295197303421466,0.0,-6.374602928984091,75.80862687103544,0.4722965227359572,0.0,0.0003019009651629,0.0464635108423368,0.4391666028227263,中等方差
520X137,520,1.1318232831739143,0.053778623730732694,2.0,2.0,0.5319359179388797,0.015,0.23674826439391233,-1.221127859879516,0.4719144058081773,0.0,0.0003653452183405,0.0520742632155726,0.0,中等方差
210X23,210,1.1269336514393011,0.05189834757936515,0.3000000000000007,14.2,0.07475854313102752,0.0,-11.897653740809263,156.26278897817178,0.4715322888803974,0.2,0.0003365426721456,0.035648733255485,0.2000000000000023,中等方差
360X455,360,1.1258930062578223,0.05149712142151897,1.0534999999999997,21.48,0.04939855937899478,0.0,-4.81707602506468,55.53548174197748,0.4711501719526175,0.0,0.0002823318310405,0.0751104106126902,0.0449752868839437,中等方差
210X20,210,1.12436293804756,0.05090652168574968,0.40000000000000036,14.3,0.07415103603973021,0.0,-11.96639930718718,157.606286595998,0.4707680550248376,0.2,0.0004115844239891,0.0675591121817842,0.0,中等方差
360X510,360,1.1204279159558832,0.04938392092497012,1.0852499999999985,21.344,0.049592516698120585,0.0,-4.5565588287771135,53.134697687476574,0.4703859380970577,0.0,0.0002576120068083,0.0400504631465778,0.3903967381737905,中等方差
360X543,360,1.119239537908322,0.04892304350674858,1.2062500000000007,21.461,0.04929598708591622,0.0,-4.527288489966218,50.771998300203364,0.4700038211692778,0.0,0.0001864724754997,0.0489384157311451,0.3018194677859492,中等方差
400X211,400,1.1180117490613255,0.048446367526871426,1.3999999999999986,39.5,0.026768626503514935,0.0,0.664638812560986,-0.889877087668375,0.4696217042414979,0.0,0.0001844038645388,0.0286243859137221,0.1866666666666664,中等方差
360X436,360,1.109817724616709,0.04525165654028542,0.9962499999999999,21.715,0.04851387831752198,0.0,-5.013126905082793,58.9804487137111,0.469239587313718,0.0,0.0002739262084509,0.0807164005614237,0.0369251118851878,中等方差
340X5,340,1.106202112015033,0.04383448331014811,1.9000000000000057,98.0,0.010732259520742003,0.0,0.44612175136094295,2.288820195739244,0.4688574703859381,0.0,0.0002997729765661,0.0497056387017005,0.0,中等方差
360X584,360,1.1047716701736552,0.043272529034547015,1.1969999999999992,21.587,0.04869047070215483,0.0,-3.3039078293073816,31.502687863316744,0.4684753534581582,0.0,0.0002328828288217,0.0815330708243144,0.4123219995023068,中等方差
400X204,400,1.1041536295369292,0.043029504387981254,0.0,5.0,0.21015742951767652,0.0,-4.329013911990711,16.78231110139707,0.4680932365303783,0.0,4.900042829098509e-05,0.0271315430810637,0.0,中等方差
360X677,360,1.1007049390738428,0.041670915242488775,0.9194999999999993,22.6265,0.046367969454503895,0.0,-6.59203485514951,80.00470433623536,0.46771111960259837,0.0,0.0002147987372973,0.0578426127061134,0.369851545626952,中等方差
360X425,360,1.080644774516583,0.03368295776419472,1.0835000000000008,21.906,0.04745460857929792,0.0,-4.620207424054116,58.72732525284718,0.46732900267481847,0.4,0.0003660456898655,0.1186271994503442,0.0398905231651042,中等方差
520X82,520,1.0802120756712779,0.03350902794247857,1.0,492.0,0.0021124644603408077,0.015,-0.7153657914780781,0.3927509371192688,0.4669468857470386,0.0,0.0002902602986728,0.1132582506464559,0.654563894523335,中等方差
344X138,344,1.0791473717146502,0.03308075733541953,1.0,0.0,,0.0,0.6176081159709742,0.4519683481886645,0.4665647688192587,0.0,0.0002554912094636,0.1219375273060996,0.0,中等方差
520X67,520,1.0671056959861733,0.028207438084396876,2.0,488.0,0.0021168198386849403,0.015,-0.5903483605397717,-1.1944334777481618,0.4661826518914788,0.4,0.0003801683105191,0.1232519785551984,0.0378514056224901,中等方差
344X241,344,1.0625581351689661,0.02635270069165715,1.4000000000000057,107.5,0.009588880053188554,0.0,-0.23183375187137611,-0.3759648973938985,0.4658005349636989,0.0,0.0001633102022345,0.0489542232479749,0.0692731829573914,中等方差
344X246,344,1.0609818072470283,0.025707937077621958,1.5,107.3,0.009599624524606745,0.07625,-0.2059571888635203,-0.3641362857696744,0.465418418035919,0.0,0.000233415569914,0.0335474474474314,0.2241758762201093,中等方差
344X245,344,1.060869446182733,0.025661941591207972,1.4000000000000057,107.2,0.009608070596483947,0.0,-0.20354177699747203,-0.3369732727264143,0.4650363011081391,0.0,0.0001580787636113,0.0532862611580565,0.0975939849624059,中等方差
360X637,360,1.058782132509387,0.024806603749396316,1.1965000000000003,20.966,0.04907809765236924,0.0,-2.177212269532613,17.60894670397753,0.4646541841803592,0.0,0.0002284402445414,0.0664368799248902,0.0750266427655817,中等方差
360X554,360,1.055127470081352,0.0233049299738129,1.1385000000000005,21.491999999999997,0.047794248036441944,0.0,-4.866687155526705,56.650884014942534,0.4642720672525793,0.0,0.0001673910619559,0.0399781897329534,0.2410355883380546,中等方差
344X139,344,1.0536908075440545,0.02271319125886297,1.0,0.0,,0.07625,0.6213322202307138,0.486857746734465,0.4638899503247994,0.0,0.0002946348951933,0.1147060697438505,0.0258296561090808,中等方差
344X243,344,1.045661514392991,0.019391124090094816,1.5,107.7,0.009494669648003393,0.0,-0.2624949766284766,-0.3957567034921934,0.4635078333970195,0.0,0.0001801676308116,0.0418729536470739,0.0552380952380978,中等方差
360X488,360,1.0438299215754072,0.01862974182854165,1.0594999999999999,21.471,0.04758418101893014,0.0,-5.096839853496636,62.44324772288581,0.4631257164692396,0.0,0.0002139882508456,0.0545990767303263,0.303591862845502,中等方差
360X532,360,1.0421964270087605,0.017949579929342218,1.139000000000003,21.4745,0.047539184692345145,0.0,-5.143379405838699,60.597917889473315,0.46274359954145966,0.0,0.0002191523585166,0.0232609108682002,0.4581896776648094,中等方差
ERROR:#N/A_21,META,1.0415221991191508,0.017668530982953703,1.4000000000000057,107.5,0.009493487900934166,0.07625,-0.2327702963135885,-0.42705673860432114,0.46236148261367976,0.0,0.0001996115363646,0.0343319115628988,0.0681318681318665,中等方差
360X521,360,1.0414316999984357,0.017630792971771548,1.0702500000000015,21.335,0.04783246355654625,0.0,-5.028709018094268,58.93558818807508,0.46197936568589987,0.0,0.0002455478983297,0.0265806191430578,0.4717312616794876,中等方差
340X189,340,1.030704615143927,0.013134220673007582,1.5,107.1,0.009479329935819935,0.0,-0.2096976265777337,-0.5877996487528647,0.46159724875811997,0.0,0.0002690710850165,0.0516720106374855,0.1166666666666617,中等方差
360X414,360,1.0266149567959961,0.011407587225201844,1.0127500000000005,21.907,0.046250974253386784,0.0,-4.927866762647097,64.15957624877493,0.4612151318303401,0.0,0.0002588759694679,0.1230332033865622,0.0731827033634582,中等方差
220X118,220,1.0262447044870384,0.01125092913554428,1.763357,-0.8759775,1.1564650528011806,0.0,0.6137193183855714,-0.859853628891504,0.4608330149025602,0.0,0.0002846162789264,0.0057021999651886,0.3252561224953879,中等方差
344X244,344,1.0219775130092277,0.009441339944047517,1.4000000000000057,107.7,0.009386527712218247,0.07625,-0.26143761231550633,-0.43096876960943886,0.4604508979747803,0.0,0.0002100793983921,0.0193101097563664,0.1344876619560679,中等方差
360X573,360,1.0092111711999372,0.003982049181681627,1.065999999999999,21.5305,0.046659159260430995,0.0,-5.183420345192112,61.629404134481355,0.4600687810470004,0.0,0.000149226461396,0.0254023586800633,0.1679277023350304,中等方差
312X355,312,1.0011514392991079,0.0004997760581377315,2.0,376.0,0.002661105196857287,0.0,0.020038592021096154,-2.0046162690249467,0.4596866641192205,0.0,0.0002051770470235,0.0275953159747445,0.8,中等方差
360X629,360,0.9985833159809131,-0.0006156942772591266,1.0970000000000013,21.6355,0.04618758091739932,0.0,-2.6726227674625025,22.300592332486083,0.4593045471914406,0.0,0.000224156583752,0.0532138921292129,0.1416773564192328,中等方差
360X157,360,0.9973105957446807,-0.001169566852623218,0.9450000000000003,21.025,0.04749842532901906,0.0,-5.591974397260837,67.67253021540161,0.4589224302636607,0.0,0.0002020963430906,0.0275047250666901,0.5385411992117696,中等方差
360X499,360,0.9953194824530653,-0.002037494936876154,1.1472499999999997,21.491,0.04642208349511809,0.0,-5.361638745083717,67.8115475500493,0.4585403133358808,0.0,0.0002333671686172,0.0323327793803977,0.5601624931059646,中等方差
360X141,360,0.992279545926158,-0.0033659607587630926,1.0440000000000005,21.453,0.046433239797970094,0.0,-6.309434917783917,72.69271797119093,0.4581581964081009,0.0,0.0001797946534594,0.0304312404893457,0.403718961092666,中等方差
360X149,360,0.9865490852299754,-0.0058813017810820795,1.015749999999997,21.2975,0.046637012481907075,0.0,-6.074713131397709,70.41344776965339,0.45777607948032095,0.0,0.0002366485163915,0.0220356450151577,0.5521400192261843,中等方差
312X335,312,0.9837172125113176,-0.0071297295123799375,1.0,0.0,,0.1375,1.4064511358027942,0.6297303978071862,0.45739396255254106,0.0,0.0001191597811722,0.0074271989088154,0.0,中等方差
400X98,400,0.9764956195244057,-0.01032970057955309,2.000000000000001,8.9,0.11103122798671972,0.0,-0.6775033290169954,-1.0698147103696496,0.45701184562476116,0.0,0.0001776835630156,0.0449554409539286,0.0377192982456138,中等方差
210X21,210,0.9763204005006233,-0.0104076358838286,0.0,14.0,0.07057780481969134,0.0,-14.062228281866505,196.2368516576524,0.45662972869698126,0.0,0.0,0.053101751908426,0.0,中等方差
400X210,400,0.975939862327916,-0.01057694284950331,1.8999999999999986,58.4,0.016916039144859424,0.0,0.20275506499157261,-1.675997744873906,0.45624761176920137,0.0,0.0002466078926516,0.0394632443907749,0.3519047619047626,中等方差
520X69,520,0.9705622456285375,-0.012976606523821797,2.0,487.0,0.002022938759344357,0.015,-0.35643048314169706,-1.8777295872029738,0.4551012609858617,0.2,0.0002594905490001,0.1495610854314629,0.0,中等方差
520X74,520,0.9705622456285375,-0.012976606523821797,2.0,490.0,0.0020105534200014325,0.015,-0.35643048314169706,-1.8777295872029738,0.4551012609858617,0.4,0.0003160460874178,0.1495610854314629,0.0,中等方差
520X79,520,0.9705622456285375,-0.012976606523821797,2.0,493.0,0.001998318815011566,0.015,0.35643048314169706,-1.8777295872029738,0.4551012609858617,0.2,0.0002724330554184,0.1495610854314629,0.0,中等方差
520X59,520,0.9705622456285375,-0.012976606523821797,2.0,489.0,0.0020146649811875294,0.015,-0.35643048314169706,-1.8777295872029738,0.4551012609858617,0.2,0.0002562095597342,0.1495610854314629,0.0,中等方差
520X89,520,0.9705622456285375,-0.012976606523821797,2.0,485.0,0.002031280774846808,0.015,-0.35643048314169706,-1.8777295872029738,0.4551012609858617,0.4,0.000341810197375,0.1495610854314629,0.0,中等方差
520X73,520,0.9692835351105368,-0.013549164412565795,2.0,489.0,0.00201333738865221,0.015,-0.36983366773981885,-1.80689329139103,0.453954910202522,0.6,0.0003316134098646,0.1512358184625377,0.0,中等方差
520X56,520,0.9671244009571891,-0.01451765913893744,2.0,489.0,0.002011093726764642,0.015,-0.36176233290859433,-1.8711599237794039,0.4535727932747421,0.4,0.0003846511410347,0.1507804077603494,0.0,中等方差
520X86,520,0.9651555415089254,-0.015402691448332529,2.0,485.0,0.002025615052728022,0.015,-0.36436546690326277,-1.8379037564055936,0.4531906763469622,0.6,0.0003545992631706,0.146941507419949,0.0,中等方差
220X122,220,0.9552844696640032,-0.01986728264789237,1.6125264999999998,2.157316,0.45305673846084743,0.0,-0.20955518147245197,0.05128704521577454,0.45280855941918224,0.0,0.0002490808585574,0.007612890564196,0.4848944335323247,中等方差
312X361,312,0.9503817271589547,-0.02210192239478855,2.0,372.0,0.002620632356759136,0.0,0.5076887597994555,-1.323830952123572,0.45242644249140235,0.0,0.0002325070653985,0.0681319158778762,0.0,中等方差
400X208,400,0.9495807259073842,-0.02246810904611212,1.8999999999999986,58.4,0.016686033008101005,0.0,0.20101988159803194,-1.6638563085746216,0.45204432556362245,0.0,0.0001881605129068,0.0424039668251553,0.35,中等方差
400X212,400,0.9482147058823527,-0.0230933134823317,1.8999999999999986,58.4,0.016674026836381174,0.0,0.19929300970806962,-1.6696417608968863,0.45166220863584255,0.0,0.0002729181509053,0.0443339989490174,0.3399999999999998,中等方差
400X209,400,0.9420895494367969,-0.025907813791162547,1.7999999999999972,58.0,0.016734706485043174,0.0,0.21814460847189426,-1.6322703025428043,0.45128009170806266,0.0,0.000287974845144,0.0396650059115459,0.370789473684213,中等方差
340X61,340,0.9339111389236541,-0.029694444659683412,2.0,0.0,,0.0,-0.8275084390342706,-0.9722301233289921,0.45089797478028276,0.0,0.0002545100770813,0.0199218945819248,0.0,中等方差
360X165,360,0.9306639122903614,-0.03120712609683474,0.958000000000002,20.9245,0.046104291006943444,0.0,-6.21727226615614,76.21082380914397,0.45051585785250287,0.0,0.0002445805293997,0.0233262504931046,0.5757948712021044,中等方差
520X186,520,0.9300196834642934,-0.031507859693952055,2.0,21.0,0.04592263244981549,0.01125,0.5546121475436636,-1.6967017978626278,0.45013374092472297,0.0,0.0002358399151879,0.0688334414263018,0.6147197530564916,中等方差
360X348,360,0.928764593828223,-0.03209434903834363,0.8084999999999987,22.180999999999997,0.04344819146917212,0.0,-7.020986719375211,90.32534575290545,0.4497516239969431,0.0,0.0002463079291681,0.0363766504538202,0.2166014091957842,中等方差
520X66,520,0.9263411141712925,-0.03322906005369919,2.0,487.0,0.001976316555669563,0.015,-0.423067491440236,-1.7732796695791995,0.4493695070691632,0.0,0.0002484216137534,0.1402354408393419,0.0,中等方差
312X334,312,0.9193478063117909,-0.036520155876345196,1.0,0.0,,0.00125,1.443071863866305,0.8130667922177763,0.4489873901413833,0.0,0.0001450695894926,0.0126896063040259,0.0,中等方差
340X48,340,0.9076993742177588,-0.042057963963946426,1.8999999999999986,19.4,0.04910992694545085,0.0,-0.9786541574704175,-0.797126368718633,0.4486052732136034,0.0,0.0001957932134042,0.0163857754534534,0.0,中等方差
360X176,360,0.9033013568069455,-0.04416733743355093,0.8672500000000021,21.067999999999998,0.04511209764368746,0.0,-6.595700067493172,81.46372287758896,0.4482231562858235,0.0,0.0002637829417577,0.0339308663155553,0.4069767199870583,中等方差
340X67,340,0.9003191489361758,-0.04560351272466724,2.0,800.0,0.0011860643617497217,0.0,0.6709073925777612,-1.55377397551925,0.44784103935804354,0.0,0.0002702371501559,0.0501841229992483,0.0,中等方差
340X45,340,0.8980973717146548,-0.04667657457339404,2.0,19.3,0.04910259038146976,0.0,-0.9557685070100997,-0.8628053134187983,0.44745892243026364,0.0,0.0001993969368481,0.0163123731246601,0.0,中等方差
360X125,360,0.8951854927643937,-0.04808696453089375,0.8957499999999996,21.740499999999997,0.043519809908438394,0.0,-7.138251148694812,93.54095040156083,0.44707680550248374,0.0,0.0001801661754326,0.0295699586871959,0.3051774045911228,中等方差
360X337,360,0.8934072913892369,-0.04895050743034421,0.7147500000000022,22.1405,0.04269109771385713,0.0,-6.822265200585797,85.65689870343729,0.44669468857470385,0.0,0.0001978824823915,0.0620312850431317,0.1228408463639499,中等方差
360X685,360,0.8926631472449944,-0.04931239429358805,0.8255000000000017,22.112000000000002,0.04272831603280798,0.0,-7.832974365296821,105.63162952429154,0.44631257164692395,0.0,0.0002176099495155,0.0300774683575541,0.2423302488244654,中等方差
360X621,360,0.892347055617961,-0.049466205011993065,0.9345000000000034,21.9625,0.043011552927287304,0.0,-3.249827784745194,28.432707408285502,0.44593045471914405,0.0,0.0002327484255465,0.0380879209381674,0.2388422944077524,中等方差
360X117,360,0.891254897745618,-0.0499980705391791,0.8462499999999977,21.732,0.0434411454721336,0.0,-7.370371806461971,97.37930506777957,0.44554833779136416,0.0,0.0002029982083418,0.0295441673417973,0.2985198885770453,中等方差
360X133,360,0.8871067371323523,-0.05202412249213666,0.9207499999999982,21.6115,0.04358158566899267,0.0,-7.091986621132418,93.26907590660605,0.44516622086358426,0.0,0.0001917464514814,0.0276955596438126,0.3158505514472617,中等方差
360X403,360,0.8867582596980603,-0.05219475760698266,0.8727499999999999,22.0545,0.042697790786682344,0.0,-6.373007299769011,88.550524797795,0.44478410393580436,0.2,0.0003291492620156,0.1252002313814513,0.0830393506545754,中等方差
360X187,360,0.8864440217208994,-0.052348684569906316,0.8867499999999993,21.052,0.04472314089783433,0.0,-6.6941602463850565,83.3861459992125,0.44440198700802447,0.0,0.0002349790675027,0.060280031134658,0.1954303058783699,中等方差
520X88,520,0.8830858687169175,-0.0539970648292622,2.0,484.0,0.001941583649009886,0.015,-0.1029444136407345,-1.635743356600547,0.44401987008024457,0.0,0.0002976954457853,0.1406776745854221,0.5,中等方差
360X392,360,0.8788163238031917,-0.056101884760393864,0.8739999999999988,22.117,0.04238603961363901,0.0,-6.562382759901394,91.21179360008182,0.4436377531524647,0.0,0.0002438094084594,0.1175503567969226,0.0633070069192159,中等方差
360X359,360,0.8675451549421147,-0.06170791131308093,0.7735000000000021,22.104,0.04213812163578678,0.0,-7.722790091994803,103.19281495465624,0.4432556362246848,0.0,0.0001927003488047,0.0491904380766152,0.2254350086026602,中等方差
340X46,340,0.866038157071336,-0.06246297283200804,1.7999999999999972,19.4,0.04796967583640151,0.0,-1.006930678447387,-0.6835183035196462,0.4428735192969048,0.0,0.0001261034268246,0.0169040293692606,0.0,中等方差
360X613,360,0.8612399474280354,-0.0648758342303406,0.8994999999999997,22.122999999999998,0.041948657216417946,0.0,-3.427830198855916,30.86034343341828,0.44249140236912493,0.0,0.0002095069655264,0.0341983761203383,0.2707430830244234,中等方差
340X49,340,0.8390425531914857,-0.0762160127736754,1.0,0.0,,0.0,1.0345405344604377,1.6618170876377807,0.44210928544134503,0.0,0.0001931932742047,0.074204214878988,0.0,中等方差
311X84,311,0.8353973987294501,-0.07810688138021614,2.0,371.9,0.0024576519633475753,0.00625,0.1390021385438537,-1.2017288129889563,0.44172716851356514,1.0,0.0037254624673873,0.1174150473194803,0.0,中等方差
311X80,311,0.8332333064017774,-0.07923337854977971,2.0,371.9,0.0024544666322246682,0.00625,0.1428419710128826,-1.2088915270085097,0.44134505158578524,1.0,0.0026251730876908,0.1161452606265196,0.0,中等方差
311X83,311,0.8292080541165489,-0.08133648824558351,2.0,371.8,0.00244918939596112,0.00625,0.185580243063826,-1.1793703706963368,0.44096293465800535,1.0,0.0022775204653304,0.1272653448399158,0.0,中等方差
360X595,360,0.8287957515894862,-0.08155248378848012,0.9339999999999975,21.5205,0.04230302273789063,0.0,-4.0337955510869214,40.298139857598834,0.44058081773022545,0.0,0.0002377596625181,0.0411184353150628,0.1841383304799192,中等方差
311X81,311,0.8225459182865096,-0.08483984839098431,2.0,371.8,0.0024393307492694047,0.00625,0.1815388612393092,-1.2173393909895953,0.44019870080244555,1.0,0.0024170516608559,0.1234062175126376,0.0099999999999965,中等方差
400X97,400,0.8212033635794758,-0.0855492804643608,1.8000000000000007,8.1,0.11187687859301873,0.0,-0.699011390292216,-1.1245323117195694,0.43981658387466566,0.0,0.0001455511341635,0.0450695263568519,0.0457516339869279,中等方差
360X198,360,0.8207067599734043,-0.08581198937795215,0.9207499999999982,21.045,0.04304721656803477,0.0,-4.717403591031193,48.73494091041327,0.43943446694688576,0.0,0.0003324565131284,0.0881353847989174,0.1070899169532047,中等方差
360X318,360,0.8204107127659573,-0.08596867733248,0.8747499999999988,22.04,0.04109642756859857,0.0,-5.237417330057856,55.8325332102323,0.43905235001910586,0.0,0.0003514018069007,0.1026297560715328,0.0820071833423356,中等方差
210X230,210,0.81539868585732,-0.0886299928168695,1.2,0.3,3.0099809631316057,0.0,1.0356480634110938,-0.03291777312306943,0.43867023309132597,0.0,0.0003748083977723,0.0334860421544105,0.9355555555555556,中等方差
340X65,340,0.804981226533177,-0.09421424796519948,2.0,797.0,0.001125730815735616,0.0,0.7275206742085502,-1.307343611503524,0.43828811616354607,0.0,0.0003032397244712,0.0331001296159554,0.0,中等方差
330X913,330,0.8016818523153961,-0.09599794742230523,0.39999999999997726,162.5,0.005509950039410164,0.0,-3.323764430336339,15.949952513021055,0.4379059992357661,0.0,0.0001944560492025,0.0572962582994471,0.2499999999999822,中等方差
330X910,330,0.7999878627284057,-0.09691660199563769,0.39999999999997726,162.5,0.005504125575588274,0.0,-3.3406546257851244,16.030515504156668,0.4375238823079862,0.0,0.000200247735594,0.0583645217871937,0.2461893764433989,中等方差
330X916,330,0.7990162077596912,-0.09744441108750272,0.39999999999997726,162.5,0.005500781939930256,0.0,-3.347860314791553,16.054217732858753,0.4371417653802063,0.0,0.0001891394556943,0.0594591499803279,0.2399999999999835,中等方差
360X605,360,0.7966800991098243,-0.09871603127768064,0.9690000000000012,21.9695,0.04062766019063129,0.0,-3.515546139733435,32.010894865301516,0.43675964845242643,0.0,0.0002578183132,0.027080720237827,0.3463593562218727,中等方差
311X85,311,0.7915403260301425,-0.10152695455242777,2.0,372.0,0.002391627744250655,0.00625,0.18521933166927151,-1.2211327655219582,0.43637753152464653,1.0,0.0023908042115433,0.1208216270187023,0.0,中等方差
312X333,312,0.776202082176661,-0.11002519659133843,0.0,410.0,0.002148837354493308,0.00125,16.79784840412979,386.87567487593833,0.43599541459686664,0.0,0.000114893991366,0.0137920854630291,0.0,中等方差
520X58,520,0.7761337469926965,-0.11006343263894759,1.0,488.0,0.0018052961737238114,0.015,-0.40631564476909354,-0.7369291426112095,0.43561329766908674,0.0,0.0002407507894651,0.1289810199001983,0.0,中等方差
310X13,310,0.7725458616997886,-0.11207572951873586,1.1818567500000001,-0.193446,4.543623962163067,0.0,0.1721179943388626,1.3530167719088126,0.43523118074130684,0.0,0.0002539120525218,0.0093799863330704,0.285964989952618,中等方差
340X47,340,0.7717195087609539,-0.11254052082023056,1.8000000000000007,19.1,0.045993490754086735,0.0,-0.9690965920164328,-0.720771335374994,0.43484906381352695,0.0,0.0002089133950866,0.0159435040311019,0.0,中等方差
312X471,312,0.7712836534389812,-0.11278587296326247,2.0,4996.0,0.00017578614163013743,0.00125,0.36033486626134276,-0.2623657863319395,0.43446694688574705,0.0,0.0002013154854529,0.0335725471980952,0.0,中等方差
360X370,360,0.7673626471824151,-0.11499934472250228,0.8212499999999991,21.99,0.03983594263281587,0.0,-8.20023115334512,119.01812911630806,0.43408482995796716,0.0,0.0002014873979355,0.0735931217624774,0.2755012756068889,中等方差
360X219,360,0.7671734470822901,-0.11510643710069177,0.8232500000000016,21.130499999999998,0.04145119045805425,0.0,-5.263005959318229,55.700798135155864,0.43370271303018726,0.0,0.0003050801404547,0.0672747416498847,0.2862245841953233,中等方差
360X381,360,0.7611490167647065,-0.11853030929632724,0.8202500000000015,21.9155,0.03980920107344124,0.0,-8.063882738792302,118.00441806454391,0.43332059610240736,0.0,0.0002850082999832,0.1023953878856553,0.093773806509257,中等方差
330X1032,330,0.761083714017518,-0.11856757117120484,0.9000000000000057,184.3,0.0047335926202303315,0.0,1.1976815682005264,0.5277359037813034,0.4329384791746274,0.0,0.0002210805946183,0.1050862816302279,0.1900000000000034,中等方差
330X1030,330,0.7600886966192134,-0.11913572587094907,0.9000000000000057,184.3,0.004730497331654662,0.0,1.2050593715027067,0.550503630646888,0.4325563622468475,0.0,0.0002099953409343,0.1048883935934886,0.1564999999999997,中等方差
330X1034,330,0.7579622027534474,-0.12035245075961971,0.9000000000000057,184.3,0.004723875460274182,0.0,1.2088259239793786,0.5619412741867618,0.4321742453190676,0.2,0.0002731072619196,0.1054845332177868,0.1400000000000034,中等方差
310X6,310,0.751686764590389,-0.1239630965757279,1.116266,0.32203499999999996,2.6922499443709,0.0,-0.039287357612780266,2.441071074328349,0.4317921283912877,0.0,0.0002238172332168,0.0188697979380175,0.216560148148147,中等方差
400X188,400,0.7430538172715909,-0.12897973038793184,1.6000000000000014,64.0,0.013468838975847993,0.0,-0.28636768790543865,-1.193313962072111,0.4314100114635078,0.0,0.0002487546200569,0.0701974130717448,0.0,中等方差
400X189,400,0.7430538172715894,-0.12897973038793276,1.6000000000000014,64.8,0.01330255701318319,0.0,-0.28636768790543865,-1.193313962072111,0.43102789453572793,0.0,0.0002477606359506,0.0701974130717448,0.0,中等方差
750X1127,750,0.7417495463078849,-0.12974271064784765,0.9000000000000057,109.6,0.007858109758173354,0.0,-0.6189200313964011,0.6786711762167568,0.43064577760794803,0.0,0.0002741273768014,0.0697651477042232,0.9345945945945968,中等方差
311X82,311,0.7398097999144486,-0.13087992008661675,1.8999999999999773,372.0,0.002312155828079277,0.00625,0.21766666835112372,-1.1950970171297188,0.43026366068016814,1.0,0.0029533291032761,0.1317082285406084,0.0,中等方差
311X88,311,0.7229996039478479,-0.14086194060769783,1.4000000000000004,8.5,0.10003456869269856,0.00625,0.12181355707038885,-0.44943352558633665,0.42988154375238824,1.0,0.005472912626797,0.479170087620916,0.0495238095238094,中等方差
400X96,400,0.719718257196496,-0.14283748036221608,1.5999999999999996,7.1,0.1194876200902018,0.0,-0.39979942649623534,-1.178348376734278,0.42949942682460834,0.0,0.000225002668683,0.0717380032933165,0.0712500000000001,中等方差
210X4,210,0.7148759301063823,-0.14576932539570786,1.093,1.336,0.6328617956702351,0.0,0.4170311819513123,0.31210660086633624,0.42911730989682845,0.0,0.0003811009320849,0.0526187890500822,0.1452471785184876,中等方差
311X86,311,0.7120793688512904,-0.14747159690656408,1.3000000000000007,8.5,0.09927622983922448,0.00625,0.10741502937318591,-0.377491014350241,0.42873519296904855,1.0,0.0034411067945024,0.4645986389573302,0.0083333333333334,中等方差
360X252,360,0.7088633727096375,-0.14943746326010868,0.8057499999999997,21.4375,0.03927418042945737,0.0,-4.8629080458157,50.009562744618314,0.42835307604126865,0.0,0.0002472188473909,0.0890162528932119,0.1260351156867557,中等方差
311X90,311,0.7073368502764434,-0.15037371579733483,1.3000000000000007,8.5,0.09894508282674239,0.00625,0.10680558970312706,-0.515991071540506,0.4279709591134887,1.0,0.0036023608512478,0.4361281653760233,0.0,中等方差
400X100,400,0.7054501720901126,-0.15153365625483126,1.5999999999999996,7.1,0.11829729746274403,0.0,-0.39563902040398974,-1.1681544937435757,0.4275888421857088,0.0,0.0001885011509391,0.0722104248228381,0.0791666666666666,中等方差
360X285,360,0.6916756958135174,-0.16009748434664628,0.8317499999999995,21.8545,0.038054882289519074,0.0,-5.090678957892773,52.99472959607687,0.4272067252579289,0.0,0.0002689080803658,0.067771164591138,0.1484086541789535,中等方差
344X41,344,0.6862058667083826,-0.16354557326879046,1.0999999999999943,109.7,0.0075512802028946825,0.0,0.10859950881833332,0.2625011710617664,0.426824608330149,0.0,0.00023012761669,0.0554121791264959,0.2254654654654693,中等方差
312X254,312,0.6845367486300145,-0.1646032322650758,1.0,720.0,0.0011491213335319593,0.00125,-0.7855015953196066,3.9403811244058287,0.4264424914023691,0.0,0.0002077420963719,0.0571357840317073,0.0,中等方差
360X263,360,0.6844900953926786,-0.1646328317482915,0.7802499999999988,21.5925,0.03831604334265004,0.0,-5.202741726167953,54.5647142715461,0.4260603744745892,0.0,0.0002917912329408,0.0726588731344558,0.1620016647667191,中等方差
ERROR:#N/A (#2),META,0.6826282853566945,-0.16581572027679936,2.0,2.0,0.4131066101373514,0.0,0.25553215889142133,-1.4901398829058283,0.4256782575468093,0.0,0.0003197016405931,0.0531569629210773,0.0,中等方差
360X307,360,0.6825953817271586,-0.16583665437732711,0.7777499999999975,21.691000000000003,0.038089221692109015,0.0,-4.268256703331687,41.75661557115902,0.42529614061902943,0.2,0.0003458776533303,0.116727661828271,0.0400356537385216,中等方差
360X274,360,0.6787758257759702,-0.16827363323569872,0.8094999999999963,21.722,0.03792829970096708,0.0,-5.145282650586733,53.58892387249012,0.42491402369124953,0.0,0.0002963003245287,0.068262160846289,0.1861114650720308,中等方差
360X296,360,0.6768103583088229,-0.16953300321675874,0.7615000000000016,21.769,0.03779157735778658,0.0,-4.478434801053544,44.35018220327911,0.42453190676346964,0.0,0.0002935736410633,0.0887867036377116,0.0786155057935729,中等方差
210X231,210,0.6767611858573223,-0.16956455725533143,0.30000000000000004,0.2,4.113274808037151,0.0,8.08697913519852,81.72581830023755,0.42414978983568974,0.0,0.0002611401134753,0.0097479327359405,0.3333333333333332,中等方差
330X993,330,0.675638548185236,-0.17028557996167945,0.9000000000000057,198.1,0.004149279921482947,0.0,1.0174604477103066,0.40397270183978007,0.42376767290790984,0.2,0.000278762418593,0.1214851039158751,0.2599999999999965,中等方差
310X12,310,0.6751668114622038,-0.17058891406172505,1.0097349999999998,-1.8875635,0.4353153407604683,0.0,0.18737130814972858,1.1269243645408995,0.42338555598012995,0.0,0.0002583351500606,0.0169227313474794,0.1580810465070333,中等方差
330X990,330,0.6748768970212788,-0.17077543875431392,0.9000000000000057,198.1,0.004146940508604739,0.0,1.0099810465162522,0.3904760350664791,0.42300343905235,0.0,0.0003233017056602,0.120447929257314,0.2599999999999965,中等方差
310X32,310,0.6748044680287859,-0.17082205051411772,0.8170000000000002,14.136,0.05811154716119596,0.0,-0.9115369913271466,0.6804079819285289,0.4226213221245701,0.0,0.0001750058438583,0.1168434164695405,0.2454968309811374,中等方差
330X996,330,0.6742852941176448,-0.17115631200243944,0.9000000000000057,198.1,0.00414512248820139,0.0,1.0039477689526226,0.378367232760064,0.4222392051967902,0.0,0.000319439291246,0.1195681337267802,0.2599999999999965,中等方差
360X241,360,0.6694362337672096,-0.1742907848087094,0.7805,21.195,0.03860301154408113,0.0,-5.378766797923382,56.694631834309334,0.4218570882690103,0.0,0.0003161922876403,0.0462690435982008,0.241641547713017,中等方差
400X99,400,0.6672063673341674,-0.1757398177586596,1.6000000000000005,7.0,0.11668957312548323,0.0,-0.42220581817275726,-1.1960149881095858,0.4214749713412304,0.0,0.0002241509087834,0.0596466320215623,0.0710314207650271,中等方差
344X95,344,0.6648880967835404,-0.17725144197340814,1.0,-1.0,0.8154067063640944,0.07625,-0.5340675777583787,-1.1612826316327756,0.4210928544134505,0.0,0.0002150114572514,0.0978449087828406,0.4965207770150374,中等方差
210X210,210,0.6647241448044453,-0.17735854604172505,0.2925000000000002,1.299,0.6276413905300646,0.0,2.001068381758906,13.213543451669322,0.4207107374856706,0.0,0.0003462932051958,0.0346584379177487,0.1422952151968545,中等方差
330X956,330,0.664369696495613,-0.17759018498776752,1.0,197.9,0.004118690075908097,0.0,0.7911686908013784,0.12564867349227127,0.4203286205578907,0.2,0.0003416925140644,0.1218205583745855,0.2363636363636344,中等方差
330X950,330,0.6619997050547534,-0.17914220405444148,1.0,197.967,0.0041099458143047315,0.0,0.7887757863915517,0.10854380029693145,0.4199465036301108,0.2,0.000284727847701,0.1187805655033717,0.2789090909090909,中等方差
330X953,330,0.6613394242803495,-0.17957558702373466,1.0,198.0,0.004107211016673588,0.0,0.7804098553522828,0.08778781542049474,0.4195643867023309,0.0,0.0002870460979818,0.1159598173476005,0.3090909090909035,中等方差
520X81,520,0.6590003160495083,-0.18111437712294837,1.0,490.0,0.0016567109068706658,0.015,-0.04839668499150221,-0.4920226046308387,0.41918226977455103,0.0,0.0002335662850989,0.10796385467304,0.2,中等方差
311X87,311,0.6583824279581105,-0.18152176883872093,1.2999999999999998,8.2,0.09895215645790495,0.00625,0.05629425763443075,-0.4411612500474238,0.41880015284677113,1.0,0.0050659036972458,0.4697390105944409,0.0450549450549451,中等方差
344X43,344,0.6577431789737159,-0.18194364700423019,1.0999999999999943,109.1,0.0074336725364615615,0.0,0.23155772572068994,0.286402270463074,0.41841803591899124,0.0,0.0002120797078176,0.0977890456886803,0.1733333333333279,中等方差
340X34,340,0.6555315237797321,-0.18340641873454042,1.6000000000000014,18.4,0.044002663734153694,0.0,0.9379075206185093,-1.0782324701518011,0.4180359189912113,0.0,0.0002230912831369,0.0332776584178715,0.0,中等方差
344X94,344,0.6511749061326677,-0.18630234389602973,1.0,-1.0,0.8069540917131951,0.0,-0.5484247290890707,-1.1666401766569765,0.4176538020634314,0.0,0.0002215729174713,0.1307954848044808,0.5,中等方差
360X230,360,0.6503698869070709,-0.18683957542882798,0.8324999999999996,20.945,0.03850346795542133,0.0,-5.485583581299441,58.95547976169515,0.4172716851356515,0.0,0.0002595022504459,0.0311210424517603,0.3954246126472348,中等方差
330X1189,330,0.6486635638297872,-0.18798049619970025,1.0999999999999943,175.1,0.004599637497639497,0.0,0.6598939984462241,-0.16977918697616,0.4168895682078716,0.0,0.0002936438305661,0.1125204909287423,0.2230769230769199,中等方差
330X1187,330,0.6412816819633876,-0.19295116540919344,1.0999999999999943,175.1,0.004573390351663487,0.0,0.6530879661821413,-0.17697318207748758,0.4165074512800917,0.0,0.0002397000587536,0.1128057457137867,0.2230769230769199,中等方差
ERROR:#N/A_16,META,0.6347168335419393,-0.1974199834610092,0.0,2.0,0.39834558913772955,0.0,3.199322711177141,8.256300367915053,0.4161253343523118,0.8,0.0006524667146831,0.193048804802874,0.0,中等方差
210X8,210,0.6339990987171461,-0.19791135950383246,1.08,-0.08,9.953007544182515,0.0,0.4571424475065271,-0.3690149629201587,0.4157432174245319,0.0,0.0003717218993665,0.114023662219394,0.2177618262125304,中等方差
330X1191,330,0.6319346683354145,-0.19932781831260385,1.0999999999999943,175.1,0.004539938238733441,0.0,0.6456369860521495,-0.1772375118758558,0.415361100496752,0.2,0.0002811596685197,0.1134818495635454,0.2230769230769199,中等方差
340X36,340,0.631026892991235,-0.19995213167691994,1.5,18.4,0.04317239194086496,0.0,0.9647146689769562,-0.9929540267632042,0.4149789835689721,0.0,0.0001077114708954,0.03683977874908,0.0,中等方差
210X142,210,0.6232239886968095,-0.20535583845785133,0.5462499999999999,2.11,0.37414472406260163,0.0,0.9078551045102088,0.5266258393837835,0.4145968666411922,0.2,0.0007152811498181,0.092993463360838,0.3744776774912345,中等方差
360X508,360,0.6202101220275325,-0.20746115021602352,0.9000000000000004,11.0,0.07159401851992139,0.0,-1.8151531957772993,6.392794824581092,0.4142147497134123,0.0,0.0003966290932278,0.085209091757041,0.2888888888888873,中等方差
310X5,310,0.6167443503595061,-0.20989482014212457,0.949562,-1.3110565,0.5990060128899305,0.0,0.13065159967689977,1.9419024068584356,0.4138326327856324,0.0,0.0002195515255043,0.0161367955812493,0.1635749548674557,中等方差
420X40,420,0.607760500616287,-0.2162675288724278,0.0,21.0,0.03712333127230752,0.005,3.034627440331431,7.478126717747832,0.41345051585785253,0.0,4.7275733652660464e-05,0.0378628342247323,0.0,中等方差
344X44,344,0.6041616334972567,-0.21884685749617258,1.0,109.1,0.007124457837545826,0.07625,0.35118495319149956,0.44063296162425525,0.4130683989300726,0.0,0.0002464198762453,0.1185351733195943,0.0558133093200311,中等方差
360X712,360,0.5967396745932461,-0.22421508686829142,0.0,0.0,,0.0,7.146558145409305,63.9550018077908,0.4126862820022927,0.0,0.0001408201540461,0.0231396001528637,0.0,中等方差
520X183,520,0.5955288130710974,-0.22509722149427389,1.0,277.0,0.002785939110110279,0.01125,-0.745587252510539,-0.9368173445179568,0.4123041650745128,0.0,0.0002236645238478,0.0454834343639196,0.0,中等方差
520X71,520,0.5926686188636406,-0.22718806755625992,1.0,490.0,0.0015711219139741932,0.015,-0.7795032497584086,-0.6190300104828776,0.4119220481467329,0.0,0.000206026124039,0.1146724967513227,0.0,中等方差
330X1203,330,0.5904730287859882,-0.2287999349970047,0.6999999999999886,175.1,0.004388477604836152,0.0,1.2106307278180448,0.6311073731514361,0.411539931218953,0.2,0.0003023433056524,0.111473222501972,0.1249999999999955,中等方差
311X89,311,0.5879192370451348,-0.2306823292209097,1.1000000000000005,7.7,0.09957908015071364,0.00625,0.047097048516745364,-0.295662898447862,0.4111578142911731,1.0,0.003876563851218,0.4428584092708784,0.0166666666666667,中等方差
330X976,330,0.5872841051314123,-0.23115175319609124,1.0,198.0,0.0038704274677441464,0.0,0.7654788732832554,0.2182982841436636,0.4107756973633932,0.2,0.0002594919826425,0.1284204467952726,0.1909090909090887,中等方差
330X1201,330,0.587171324954635,-0.2312351617398951,0.7330000000000041,175.1,0.0043761910444517025,0.0,1.182914840400233,0.5838166225583246,0.4103935804356133,0.0,0.0001572385986016,0.1127950877423789,0.1229527104959614,中等方差
340X35,340,0.5864314768460633,-0.23178272688386176,1.5,18.4,0.04161892070474137,0.0,0.9415805009104143,-1.0652564916332379,0.4100114635078334,0.0,0.000124358360039,0.0331637872719964,0.0,中等方差
340X33,340,0.5857536764705819,-0.23228497688229996,1.5,18.4,0.04159486207468273,0.0,0.9419926290921852,-1.0650221213569742,0.4096293465800535,0.0,0.0001508879582063,0.0334514447047354,0.0,中等方差
330X970,330,0.5835473953379201,-0.23392386507222981,0.9752500000000168,198.0,0.0038580946436825897,0.0,0.7667928375912025,0.2267455197077437,0.4092472296522736,0.0,0.0003044244027667,0.1287470256402043,0.1764342453662747,中等方差
330X1205,330,0.5823867177722183,-0.23478853833789542,0.8000000000000114,175.1,0.004358324722217029,0.0,1.1502895006978482,0.5344677126394961,0.4088651127244937,0.0,0.0001972558732275,0.1132994997914763,0.1333333333333186,中等方差
330X642,330,0.5819211514393162,-0.23513585695604164,0.0,0.0,,0.0,7.5499577380080956,102.05274168103196,0.4084829957967138,0.0,0.0001722165926492,0.0198201715120313,0.0,中等方差
330X973,330,0.5794640801001241,-0.2369734799726861,0.9250000000000114,198.0,0.003844572629394139,0.0,0.7644169214449072,0.23184816174175715,0.40810087886893387,0.0,0.0002489289735924,0.1294022875552671,0.1666666666666682,中等方差
330X71,330,0.578800438047561,-0.23747114887026594,1.0999999999999943,42.7,0.017817080842029036,0.0,-0.20759264802102184,-0.5710529632246879,0.407718761941154,0.0,0.0002608459421055,0.0436163300072751,0.1315151515151548,中等方差
340X59,340,0.5783229036295305,-0.2378296077604699,0.0,2.0,0.38023772288843544,0.0,-2.1287931012449013,3.385315697232147,0.4073366450133741,0.4,0.0004050366719028,0.0864385911456011,0.0,中等方差
311X183,311,0.5773824754843804,-0.23853640181298913,1.7000000000000028,37.1,0.02048131747411967,0.00625,0.8295226380133119,-0.8868819300697166,0.4069545280855942,1.0,0.0045872135540172,0.3774595099358592,0.0,中等方差
311X184,311,0.5773824754843666,-0.23853640181299948,1.7000000000000028,37.9,0.02004899415012746,0.00625,0.8295226380133119,-0.8868819300697166,0.4065724111578143,1.0,0.0038480552969281,0.3774595099358592,0.0,中等方差
344X39,344,0.5675785412793233,-0.2459740324889611,1.0,109.2,0.006899066726560736,0.07625,0.3932771677206732,0.4222985139203139,0.4061902942300344,0.0,0.0001457349190593,0.1022551006203704,0.08659892657618,中等方差
312X776,312,0.5611356539424284,-0.25093213582600943,1.1000000000000085,101.2,0.007402073950137331,0.0,-0.8718628788363773,0.25336315016094035,0.4058081773022545,0.0,0.0003255411518333,0.0332983164429843,0.0563636363636408,中等方差
312X788,312,0.5590585732165209,-0.25254268819212755,1.0,101.1,0.007395669589918814,0.0,-0.8502210923762024,0.21760849190487797,0.4054260603744746,0.0,0.0002333949030751,0.0361044570985495,0.0663636363636327,中等方差
312X782,312,0.5590086983729645,-0.25258143428533153,1.0999999999999943,101.3,0.007380738822498825,0.0,-0.8844888204796151,0.28500423681856013,0.4050439434466947,0.0,0.0001939975335422,0.035741336858229,0.0463636363636336,中等方差
520X52,520,0.5572581737498201,-0.2539435526576677,1.0,483.0,0.0015455430015605827,0.015,0.7499259770799191,-0.4739000729007272,0.4046618265189148,0.2,0.0003516348587376,0.1242046961428073,0.0,中等方差
312X783,312,0.5522049491689175,-0.25789970528980377,1.0999999999999943,101.3,0.007335685470823393,0.00125,-0.8976405114618332,0.35095342540139907,0.4042797095911349,0.0,0.0002419494054152,0.0282267023394721,0.0563636363636331,中等方差
520X119,520,0.5500341849470191,-0.25961031801031836,1.0,508.0,0.0014599269603110827,0.015,0.11627667961936122,-1.1740480433517757,0.403897592663355,0.2,0.0002453728578487,0.0737011910038251,0.0,中等方差
360X984,360,0.5489971839799703,-0.26042988320946436,1.0,33.0,0.022452831570382834,0.0,-0.011190758587631203,-0.8708859517232166,0.4035154757355751,0.4,0.0003523853310824,0.1423235009282766,0.0,中等方差
312X789,312,0.5482760405393979,-0.2610007322104147,1.0,101.1,0.007324002406075977,0.00125,-0.8636749761638198,0.2743536111072733,0.40313335880779516,0.0,0.0002715336456321,0.026677390927462,0.0602247258344781,中等方差
312X777,312,0.5459905709204201,-0.26281485735495214,1.0,101.2,0.007301499483411213,0.00125,-0.8890562786490444,0.3168283752445822,0.40275124188001526,0.0,0.0002896042294252,0.0299287490945388,0.0681818181818224,中等方差
312X790,312,0.5397856656660445,-0.2677786525783101,1.0,101.1,0.007267072921054023,0.00125,-0.8774715824411209,0.3084136905988091,0.40236912495223537,0.0,0.0002259486483769,0.0262395021502138,0.07131313131313,中等方差
312X784,312,0.5381789894009101,-0.26907326117159636,1.0,101.3,0.007241923353507613,0.00125,-0.8969095092701296,0.38176158690071693,0.40198700802445547,0.0,0.0002558824452451,0.0284036566385767,0.069999999999996,中等方差
312X778,312,0.5365810646767123,-0.27036465714211594,1.0,101.2,0.007238309665514248,0.00125,-0.8814776533111232,0.32752277726100765,0.4016048910966756,0.0,0.0002778449800097,0.0262345803164366,0.0398034398034431,中等方差
311X72,311,0.5322279359346017,-0.273902333648156,0.6999999999999993,5.3,0.13764896923085512,0.00625,2.6839666667916022,10.239986038335676,0.4012227741688957,1.0,0.0010967702580109,0.1609803994708122,0.0780568135034996,中等方差
420X98,420,0.5318439208621742,-0.27421580051244365,1.4000000000000004,10.1,0.0722055741977222,0.005,0.6808866218248483,-1.0711936639086368,0.4008406572411158,1.0,0.0017320418277002,0.2712142210198234,0.7223809523809519,中等方差
520X72,520,0.5297296164190874,-0.2759457456073099,1.0,491.0,0.001482332515340383,0.015,-1.1102812507964275,0.8863859518701145,0.4004585403133359,0.0,0.000142217489143,0.1288038131704804,0.0,中等方差
312X792,312,0.5255013567236699,-0.2794261583858004,1.0,101.1,0.007170274221164657,0.1375,-0.8268629189326036,0.3624936042478719,0.400076423385556,0.0,0.00028543578288,0.0291683672858189,0.034781519649941,中等方差
312X791,312,0.525492485908137,-0.2794334896299614,1.0,101.1,0.007170213701389061,0.00125,-0.8693318129259097,0.32214962372303324,0.3996943064577761,0.0,0.0002067739471779,0.0289302400509433,0.0613131313131331,中等方差
312X779,312,0.5251997327486394,-0.279675503576124,1.0,101.2,0.0071611329337339154,0.00125,-0.8841750128005075,0.36421773903631394,0.3993121895299962,0.0,0.000243263519354,0.0271525687862411,0.042222222222226,中等方差
312X785,312,0.5241942465676063,-0.28050775007704337,1.0,101.3,0.007147212251836746,0.00125,-0.8793820216562672,0.34876838170451485,0.3989300726022163,0.0,0.0002492027448499,0.0272828162563616,0.0799999999999954,中等方差
312X786,312,0.5241893102795475,-0.2805118398067058,1.0,101.2,0.007154241028889871,0.1375,-0.8247793800428181,0.3381314822393211,0.3985479556744364,0.0,0.0001924216120501,0.0246080684577144,0.0597222222222258,中等方差
312X780,312,0.5225901853137286,-0.28183875095028404,0.8999999999999915,101.2,0.007143320104094429,0.1375,-0.8269261219177109,0.3100775001468925,0.39816583874665645,0.0,0.0002265073121202,0.0265500576054187,0.0410256410256381,中等方差
420X93,420,0.5119990360608038,-0.29073085666844245,1.1999999999999993,9.8,0.07301439583945156,0.005,0.6499680990593537,-0.7428105016613702,0.39778372181887656,0.8,0.0014159405281117,0.2806580215664034,0.6695447409733125,中等方差
340X198,340,0.5115405350438039,-0.2911199466080415,1.2000000000000028,103.3,0.006923723328554149,0.0,-0.49429322284303634,-0.5046453215646531,0.39740160489109666,0.0,0.0002812841788965,0.0148060714380475,0.0511111111111105,中等方差
520X43,520,0.5115019446719807,-0.291152710810658,1.0,482.0,0.0014838042352305317,0.015,-0.21805433876410066,-0.94713620583294,0.39701948796331676,0.2,0.0002914609150918,0.1281878431683367,0.0,中等方差
210X115,210,0.511129471282855,-0.2914690772789333,0.07999999999999996,0.315,2.2696291859690474,0.0,11.55925114393411,141.14856723351033,0.39663737103553687,0.0,0.0004164351433436,0.0280804449085581,0.4774725274725279,中等方差
340X196,340,0.5097481226533157,-0.2926443650060401,1.2000000000000028,103.4,0.006904898178521082,0.0,-0.5119500469672345,-0.4807349590183825,0.39625525410775697,0.0,0.0002956787216319,0.0116878397039955,0.033333333333336,中等方差
340X197,340,0.5084135012515628,-0.29378292499215014,1.1000000000000085,103.5,0.006889190399670207,0.0,-0.5246174868431406,-0.430467574807603,0.3958731371799771,0.0,0.0002536444461727,0.0115618688109875,0.0363636363636344,中等方差
344X81,344,0.506617636812357,-0.29531969524630447,0.10000000000000142,19.3,0.0368793147911623,0.07625,-26.886117184100794,728.1915367316827,0.3954910202521972,0.0,0.0003216132288459,0.0430452228179404,0.7159825730894381,中等方差
344X147,344,0.5009589608751284,-0.30019785057087167,1.0,7.0,0.10111207772940738,0.07625,-0.6207949782551603,2.3295648961007207,0.3951089033244173,0.4,0.0003565058655876,0.1150020660828546,0.0,中等方差
311X76,311,0.4999120764222232,-0.301106371828759,0.6999999999999993,5.3,0.1334046428481266,0.00625,2.7377812692512014,10.62960178636342,0.3947267863966374,1.0,0.0009919335337008,0.1692505713951813,0.0617436497839956,中等方差
310X29,310,0.4961905895118898,-0.30435147658499717,1.2512500000000006,15.635,0.0450532760429511,0.0,-0.6128565088376314,-0.07605434906321173,0.3943446694688575,0.0,0.0003120218176683,0.1077156087930883,0.9646002726066574,中等方差
210X194,210,0.4921839799749688,-0.3078725261913179,0.6000000000000001,1.7,0.41268132429741067,0.0,0.7372989586436635,-0.020127797124545488,0.3939625525410776,0.0,0.0002122151320704,0.0188387474875434,0.0850532350532349,中等方差
340X28,340,0.48635538172715864,-0.31304627411053737,1.0999999999999943,109.2,0.00638637218236949,0.0,-0.15771781324876974,-0.5554478698218284,0.3935804356132977,0.0,0.0002751301140028,0.020813434909529,0.0,中等方差
340X27,340,0.47651758448059994,-0.32192106836881884,1.1000000000000085,109.0,0.006333050744286112,0.0,-0.12944096852392706,-0.6104173864367559,0.39319831868551774,0.0,0.0002655072093222,0.0265917713996603,0.0,中等方差
520X267,520,0.47573179279553046,-0.32263782403882724,0.7999999999999989,14.8,0.046603589971444155,0.01125,0.6162243231804072,-0.24485574305628655,0.39281620175773785,0.0,0.0002006804974421,0.0774681040549814,0.1666666666666691,中等方差
340X29,340,0.4755013141426805,-0.32284827846552433,1.1000000000000085,108.8,0.006337923099261354,0.0,-0.08674852620681645,-0.606628590994978,0.39243408482995795,0.0,0.0003185804305677,0.0349651611622122,0.0,中等方差
220X10,220,0.47418685344584294,-0.32405049075233017,1.4088910000000001,2.041843,0.33725035000573084,0.0,-0.8575801979802103,-1.0029160259833176,0.39205196790217806,0.0,0.0003553749186003,0.0384516450601839,0.2844994476297152,中等方差
330X895,330,0.4718647684605816,-0.3261824478199235,0.8999999999999773,161.8,0.004245513818816055,0.0,0.7208221130991332,-0.0680639308585107,0.39166985097439816,0.0,0.0002676365680594,0.1174702497845479,0.2290909090909046,中等方差
311X75,311,0.4699082743215652,-0.3279869076892012,0.5999999999999996,5.1,0.1344114821469213,0.00625,2.889769748394549,11.386288822354604,0.39128773404661826,1.0,0.0012804892749397,0.1946916587027249,0.0,中等方差
520X263,520,0.469589335723087,-0.32828177438651923,0.7499999999999982,14.8,0.04630174911359505,0.01125,0.6020131167216964,-0.20848205961071953,0.39090561711883837,0.0,0.0002142030969085,0.1176657472536522,0.1666666666666691,中等方差
330X1175,330,0.4695166458072552,-0.3283490060515702,0.5,180.3,0.0038004040326275936,0.0,1.2084197055234982,0.852213681351822,0.39052350019105847,0.0,0.0001823544768768,0.1154443555422415,0.157142857142843,中等方差
330X893,330,0.46881790437421933,-0.32899581076461737,0.9669999999999845,161.767,0.004232648101460689,0.0,0.7316422418342736,-0.07452001224204352,0.3901413832632786,0.0,0.0002313807541114,0.1173124586013064,0.2329665053242902,中等方差
330X897,330,0.46859974968711177,-0.32919794772696714,1.0,161.7,0.004233416578682909,0.0,0.7422609537363286,-0.07225907578852864,0.3897592663354987,0.0,0.0002329047451378,0.1159688130173963,0.2199999999999988,中等方差
420X209,420,0.4646892955342737,-0.3328373317043499,0.7999999999999972,50.849999999999994,0.013405727182158206,0.005,0.10594605160089392,-0.09778921751987957,0.3893771494077188,0.4,0.000553249859371,0.1381651714672523,0.3245208133915505,中等方差
330X1173,330,0.46420285456195437,-0.333292193228026,0.5,180.3,0.003778837153310052,0.0,1.1928309209970807,0.8350652467775017,0.3889950324799389,0.2,0.0002873287190573,0.1161320118779941,0.1592373195112787,中等方差
520X83,520,0.46330761937318526,-0.3341305575034709,1.0,487.0,0.0013976735934756513,0.015,-0.3822683158290603,-0.8419631300951309,0.38861291555215893,0.2,0.0005855234106539,0.1812555558963753,0.8102705410821727,中等方差
330X1177,330,0.4606242177722091,-0.3366532323111238,0.5,180.3,0.0037642430490851166,0.0,1.175202387075908,0.824591361965719,0.38823079862437904,0.2,0.0002769225745229,0.11800244522996,0.163999999999984,中等方差
520X265,520,0.459954391972988,-0.337285229832455,0.5,15.1,0.044913865880495764,0.01125,0.5395366587088514,-0.2873192797436266,0.38784868169659914,0.0,0.0001778492653672,0.0870034826566345,0.2899999999999998,中等方差
420X208,420,0.45975999494326797,-0.337468820651005,0.6999999999999957,50.9,0.013321336761343852,0.005,0.10276982593771916,-0.08266177438571765,0.38746656476881924,0.6,0.000480190796825,0.1430739217777057,0.2806872037914739,中等方差
420X212,420,0.45966012452197946,-0.3375631696262411,0.6999999999999957,50.9,0.01331988983274445,0.005,0.11747505034822746,-0.07392287387530816,0.38708444784103935,0.4,0.0005055990024155,0.1411304803109336,0.2995663390376636,中等方差
311X74,311,0.45282743215626703,-0.3440672715874,0.7000000000000002,6.6,0.1019582631434964,0.00625,2.644361431230159,9.899841643156103,0.38670233091325945,1.0,0.0018383704754618,0.2243195557616432,0.0952380952380956,中等方差
420X210,420,0.45253087765873357,-0.3443517821178105,0.7999999999999972,51.0,0.01319027751265,0.005,0.0851970871098798,-0.09148378512067668,0.38632021398547955,0.6,0.0005046621571528,0.1408054448293755,0.3236628300609331,中等方差
210X114,210,0.4497124495556937,-0.34706508953123444,0.12,0.305,2.198708300174823,0.0,11.791446735614436,150.03376389825078,0.38593809705769966,0.0,0.0003856360924491,0.0088775394686976,0.3650232483565819,中等方差
520X262,520,0.446631119076957,-0.3500510206900863,1.0,14.8,0.045155720295507656,0.01125,0.11491072378965068,-0.39186843237894387,0.38555598012991976,0.0,0.0001754702615667,0.053869409935636,0.0136445783132531,中等方差
520X260,520,0.44613772023876375,-0.35053105629434256,0.7999999999999989,15.1,0.04423413352439321,0.01125,-0.034667261788898625,-0.5403263517058741,0.38517386320213987,0.0,0.0001927826145707,0.0467474218922197,0.2424876847290632,中等方差
311X73,311,0.44424647117532184,-0.3523760132810675,0.6999999999999993,5.9,0.11296918138583373,0.00625,3.001691002459476,11.90420418697272,0.38479174627435997,1.0,0.0022299849647257,0.2054971602823352,0.0,中等方差
220X31,220,0.44276545198842304,-0.35382627351178436,1.1262500000000006,13.530999999999999,0.0491764267829962,0.0,0.39628747002572307,-0.588067940155149,0.3844096293465801,0.0,0.0003525070109012,0.0277432767307106,0.6345323316477494,中等方差
520X266,520,0.44171607802973306,-0.3548567925629547,0.5999999999999996,14.4,0.04615397512144184,0.01125,0.6906073187345475,-0.2470431687307193,0.3840275124188002,0.0,0.0001412279918272,0.0672146938985931,0.0790781563126252,中等方差
360X45,360,0.4411533792240298,-0.3554103897394631,1.0,33.5,0.019826680041197774,0.0,-0.26606195908891156,-0.9154266322852376,0.3836453954910202,0.0,0.0002958892890511,0.1479114247080441,0.4309090909090942,中等方差
520X258,520,0.4387408983981187,-0.35779187979443416,0.9500000000000011,14.8,0.0447550807150294,0.01125,0.10836001021010748,-0.22361268340971385,0.38326327856324033,0.0,0.0001393156575608,0.0774757691322771,0.0022933382177364,中等方差
520X264,520,0.43294762278161003,-0.3635646406277487,0.6499999999999986,14.6,0.04506764076626643,0.01125,0.7227424935328508,-0.21782962003400508,0.38288116163546043,0.0,0.0002133295468743,0.0775873971035477,0.1933333333333326,中等方差
750X335,750,0.43132543116395233,-0.3651949348784664,0.1900000000000004,3.14,0.2091572314088176,0.0,-2.494064235783264,6.133543807794139,0.38249904470768054,0.0,0.0002350595336508,0.0749281185366142,0.3039529770718349,中等方差
520X162,520,0.4279600889756599,-0.3685967308603006,1.2000000000000028,31.8,0.020571905212274193,0.01125,0.17980516025933382,-0.5005736673817558,0.38211692777990064,0.0,0.0002644458983658,0.0441916786605632,0.5727272727272704,中等方差
520X158,520,0.42641188049096596,-0.37017070370054955,1.2000000000000028,31.8,0.020534660552796992,0.01125,0.20236278070484684,-0.5243427601141923,0.38173481085212074,0.0,0.0001705578307004,0.0533832516224662,0.5272727272727258,中等方差
210X173,210,0.42541713591364183,-0.371185020585496,0.07499999999999998,0.245,2.662204451828279,0.0,12.162798986466138,161.66401869988405,0.38135269392434085,0.0,0.0003306347536322,0.0399649633209725,0.5256410256410255,中等方差
312X429,312,0.4233926493329678,-0.37325668618869473,1.0,6.0,0.10844771517148609,0.00125,0.2915411339808273,-0.13333649208253417,0.380779518532671,0.0,0.0001225041576589,0.0669149048764444,0.0,中等方差
312X755,312,0.4233926493329678,-0.37325668618869473,1.0,36.0,0.01807461919524768,0.00125,0.2915411339808273,-0.13333649208253417,0.380779518532671,0.0,7.815241217477323e-05,0.0669149048764444,0.0,中等方差
360X109,360,0.4229807703379217,-0.3736793761851513,0.5499999999999998,3.5549999999999997,0.18294506840774252,0.0,-1.867894905305966,2.988300970602599,0.38020634314100116,0.0,0.0002476858657714,0.0229116627175971,0.1162097553698925,中等方差
520X261,520,0.42158815151466544,-0.37511160321322307,0.8000000000000007,14.3,0.045405468477156284,0.01125,0.32658905160016205,-0.24736457983488602,0.37982422621322126,0.0,0.0001402622110171,0.0374083425219944,0.1392857142857164,中等方差
360X659,360,0.42156919884230537,-0.37513112754286615,0.5825,3.33,0.19498006135817483,0.0,-1.3210400390396306,1.7997728725849864,0.37944210928544136,0.0,0.0003348749313761,0.0492920848499495,0.3755768189669207,中等方差
340X73,340,0.42062578222777947,-0.37610411078406125,1.0,1199.0,0.000540914671898801,0.0,-1.2273421313133444,0.3015853514123825,0.37905999235766147,0.0,0.000222009308265,0.0417580090953534,0.0,中等方差
750X659,750,0.41456768319774584,-0.3824045554884512,0.33000000000000007,3.0,0.21462310199710713,0.0,-1.8275982319083077,5.304705395826371,0.3786778754298815,0.0,0.0002489332383706,0.0863151057295546,0.6092307692307689,中等方差
520X160,520,0.4130749411896518,-0.38397115029853185,1.0999999999999979,32.1,0.020022089227046246,0.01125,0.24215525368724136,-0.44589411206575313,0.3782957585021016,0.0,0.000236971772331,0.047543643366538,0.5772727272727283,中等方差
520X161,520,0.41178882683351986,-0.3853254413760214,1.1000000000000014,31.5,0.020371674366293228,0.01125,0.21115743947450807,-0.4687519044997659,0.3779136415743217,0.0,0.0002463742329347,0.045443762929104,0.5738888888888882,中等方差
520X123,520,0.41039351389005646,-0.38679951169745175,1.0,508.0,0.0012610622692318023,0.015,0.8967905844188372,-0.27134227024558344,0.3775315246465418,0.2,0.0003108190506496,0.1386236867626449,0.0,中等方差
520X159,520,0.4072970602826109,-0.3900887244773409,1.1000000000000014,31.7,0.020132438242605005,0.01125,0.21847135222165115,-0.49215942591498596,0.37714940771876193,0.0,0.0002384893397696,0.0474167126907125,0.613636363636363,中等方差
330X595,330,0.4046998433979969,-0.3928669636622978,0.5325000000000006,4.26,0.14933338827675968,0.0,-1.3927240414430209,1.4135608901577168,0.37676729079098203,0.4,0.0003676473311357,0.1919530728030935,0.1994867558864241,中等方差
330X609,330,0.4034305188845399,-0.394231251185703,0.5317500000000006,4.26,0.14909901532357248,0.0,-1.3973323913000388,1.4252235067720838,0.37638517386320214,0.2,0.000295836772788,0.1919017937946926,0.1963739158813921,中等方差
330X602,330,0.40204020259699474,-0.3957305168333247,0.5300000000000002,4.26,0.14884187848738203,0.0,-1.400977378138636,1.4342151989174914,0.37600305693542224,0.0,0.0002657446151406,0.1918098848008253,0.1962054957158029,中等方差
330X41,330,0.3986130162703361,-0.39944852399457187,0.9000000000000057,43.9,0.014381732868861725,0.0,-1.0991601257670327,0.4658777101372089,0.37562094000764235,0.0,0.0001475307794308,0.0626499128784237,0.1250000000000018,中等方差
330X51,330,0.3915769447747188,-0.4071828864600078,0.8000000000000043,43.433,0.01440750333641354,0.0,-0.918176011530496,0.21316503701793188,0.37523882307986245,0.0,0.000203648130543,0.0707536291754639,0.1028020068661961,中等方差
520X259,520,0.39148352510041706,-0.40728650974531905,0.6999999999999993,14.6,0.04285523582993229,0.01125,0.288976920355609,-0.24639086359136542,0.37485670615208255,0.0,0.0001771213683716,0.0566906343026515,0.0,中等方差
220X30,220,0.3862508773451193,-0.4131305210927755,1.3572500000000005,14.3665,0.04325972579071666,0.0,-0.9815715282985543,-0.948940777865805,0.37447458922430266,0.0,0.000423117276106,0.0327209055950027,0.0148887256988637,中等方差
312X75,312,0.3756704574468079,-0.4251929563135084,1.0999999999999996,7.98,0.07680696960442016,0.0,0.7383884273575854,2.2828295217950645,0.37409247229652276,0.0,0.0001590184769556,0.0323723534743737,0.0640660447821575,中等方差
210X143,210,0.3721622379083233,-0.42926769541812876,0.6375000000000002,2.125,0.28708282943338226,0.0,0.00542797442697042,0.17824966051097046,0.3737103553687428,0.6,0.0006246969733196,0.1073117498648734,0.2193084238409988,中等方差
311X91,311,0.37061235999556463,-0.4310801009686615,0.8000000000000007,8.5,0.07162110608828136,0.00625,-0.5101227907648186,0.6689113271547527,0.3733282384409629,0.6,0.0006162439471651,0.1910507199814441,0.0464646464646462,中等方差
312X339,312,0.3703972070351108,-0.43133229675741613,1.0,408.0,0.0014916732049528542,0.00125,-1.9803244730916998,4.540184768676831,0.372946121513183,0.0,0.0001489360588846,0.0323444875565744,0.0,中等方差
311X8,311,0.3692377738700627,-0.4326938760530431,0.6499999999999986,38.5,0.015783100882998974,0.00625,0.7365030999917185,-0.5293082575247912,0.3725640045854031,1.0,0.0018071737904392,0.1997018086198759,0.1320000000000016,中等方差
311X95,311,0.36907903616748255,-0.4328806221989402,0.8000000000000007,8.5,0.07147279455974623,0.00625,-0.48781418300536833,0.6704207885572377,0.3721818876576232,0.8,0.0009010167066846,0.2243103748346172,0.0333333333333333,中等方差
311X10,311,0.3654022464078073,-0.4372287870340669,0.7499999999999929,39.5,0.015303420468554423,0.00625,0.6106209683315706,-0.537834557750871,0.3717997707298433,1.0,0.0013955409339133,0.2273081878195655,0.1571428571428573,中等方差
220X13,220,0.36087003251912764,-0.4426491812598342,0.9511285,1.1338715,0.5297995315820448,0.0,-0.8221609740630897,6.7600348017589145,0.37141765380206343,0.0,0.0002905016352422,0.0089748735577956,0.7209039303888539,中等方差
311X12,311,0.3605352407204986,-0.44305227851061085,0.6499999999999986,38.5,0.015595996578397962,0.00625,0.7304085725813346,-0.5217797688107901,0.37103553687428353,1.0,0.0019573762996902,0.2203840924785704,0.1542857142857167,中等方差
312X426,312,0.3596855444305379,-0.44407701589347853,0.0,4.0,0.14993447411088826,0.0,0.033016132710563466,-0.255176167960514,0.37065341994650364,0.0,0.0001230885351887,0.0055155215896828,0.0,中等方差
312X69,312,0.3588365450563206,-0.4451033334426591,0.6724999999999999,1.63,0.3675028647828363,0.0,2.1459405781577705,34.882621827604254,0.37027130301872374,0.0,0.0001578857639773,0.0746843582006258,0.2269024799548584,中等方差
312X427,312,0.35322662099554253,-0.45194657316979703,0.0,6.0,0.09905478576630972,0.00125,0.003501364752947572,-0.1600193659596889,0.36988918609094384,0.0,0.0001291784361963,0.0379331687694044,0.0,中等方差
311X93,311,0.35147790821095237,-0.4541019669274966,0.8000000000000007,8.6,0.0689367119686144,0.00625,-0.6243205101709467,0.988195970973551,0.36950706916316395,1.0,0.0009202274293334,0.1782420308066082,0.0499999999999993,中等方差
220X167,220,0.3492333462468529,-0.45688429475004927,1.252733,-0.53969,1.094998392448936,0.0,0.651149670905749,-1.4647214958072863,0.36912495223538405,0.0,0.0003362113928574,0.0248304176098124,0.0178568130623153,中等方差
520X42,520,0.3443456162642948,-0.46300544148465883,1.0,484.0,0.0012124167218939478,0.015,-0.6619518502016992,-0.4820159337746892,0.3687428353076041,0.0,0.000261161071391,0.1174280309827623,0.0405622489959796,中等方差
330X808,330,0.3430374061326681,-0.4646585202159735,1.1,0.3,1.9523131753915466,0.0,0.17923735464228818,-1.9162435933724078,0.3683607183798242,0.0,0.0002428038693232,0.0374534823409842,0.9,中等方差
330X818,330,0.34236669274092535,-0.46550849242486264,1.1,0.3,1.9504036412466164,0.0,0.17894381918647445,-1.916602108054275,0.3679786014520443,0.0,0.0002695254346102,0.0381707829208373,0.9,中等方差
330X709,330,0.34229622966207623,-0.465597884519655,1.1,0.3,1.9502029229517979,0.0,0.17857987681633258,-1.9170111877797817,0.3675964845242644,0.0,0.0001509237818832,0.0382283164404232,0.9,中等方差
340X10,340,0.3388219649561883,-0.4700284432349011,0.0,106.0,0.0054913599646138405,0.0,0.34502315064901806,1.1901479677705993,0.3672143675964845,0.0,0.0001709566745167,0.1239995058059175,0.0,中等方差
420X74,420,0.33102474637337614,-0.4801395385152772,0.7999999999999998,5.4,0.1065458334326495,0.005,0.5292603032259546,-0.5148685516163489,0.3668322506687046,0.2,0.0003509077435436,0.1460600462434283,0.389393939393939,中等方差
311X94,311,0.3292907498059344,-0.4824204689985821,0.6999999999999993,7.8,0.07356905250592512,0.00625,-0.8167715644712886,1.098211881810085,0.3664501337409247,1.0,0.0012857003470444,0.2171960473132586,0.05,中等方差
520X181,520,0.3285058170237918,-0.4834569357572705,1.0,277.0,0.002069148988554166,0.01125,-1.4768662266613257,1.175691988311173,0.3660680168131448,0.0,0.0001236332797782,0.0640948099230538,0.0,中等方差
520X243,520,0.3270602506041065,-0.48537223481810104,0.7999999999999989,8.6,0.06649904851404627,0.01125,-0.7163115013729621,2.1939843047034637,0.36568589988536493,0.0,0.0001918060609752,0.0868085128693056,0.085714285714285,中等方差
311X92,311,0.32558645818481413,-0.48733366661426386,0.7999999999999998,8.3,0.06874720946682986,0.00625,-0.784162812435754,1.0920560251221505,0.36530378295758503,1.0,0.0010654913270147,0.2081671877350336,0.0492424242424249,中等方差
330X966,330,0.32402377331038595,-0.4894231248589609,0.8000000000000043,50.41,0.011292022637805939,0.0,-0.9645926282594259,0.27322851325288466,0.36492166602980514,0.0,0.0002828964539128,0.033017224970238,0.8665871638084072,中等方差
311X9,311,0.3233745861255023,-0.49029411411158286,0.6000000000000014,38.5,0.014770398529178058,0.00625,0.7800538621552573,-0.6603460019847538,0.36453954910202524,1.0,0.0026457568314777,0.2114406701411015,0.1666666666666686,中等方差
344X259,344,0.3215046151439284,-0.4928127884717799,0.6999999999999886,102.8,0.0055156981498150634,0.0,-0.4149359345696333,-0.09349821577573181,0.36415743217424534,0.0,0.0002554166365491,0.0759723598299103,0.0499999999999976,中等方差
344X261,344,0.3201550531914891,-0.49463963906592473,0.7000000000000028,102.9,0.005498760518034257,0.0,-0.4032463129689496,-0.10165211680750819,0.3637753152464654,0.2,0.0003859464693775,0.0781044237384239,0.1119047619047703,中等方差
344X263,344,0.3198497496871086,-0.49505398482307955,0.625,102.7,0.005506841339705586,0.0,-0.41666534827702634,-0.1202566072538147,0.3633931983186855,0.0,0.000304345995043,0.0745965367773572,0.0285714285714308,中等方差
520X238,520,0.31856499543919725,-0.49680194706218306,0.6999999999999993,8.5,0.06640183799507238,0.01125,-0.44186926642084806,1.2142992018219836,0.3630110813909056,0.0,0.0002146699490388,0.0870323623136665,0.0624999999999999,中等方差
520X118,520,0.31830700662414463,-0.4971538015149953,1.0,509.0,0.0011084224589365285,0.015,0.1588316216838664,-0.7432602473712722,0.3626289644631257,0.0,0.0003824859854805,0.1717716557106028,0.769510272098205,中等方差
344X262,344,0.31522345805325563,-0.5013814709921097,0.7000000000000028,102.9,0.005456245335079726,0.07625,-0.44860818336190866,0.010284513350775626,0.3622468475353458,0.0,0.0002929051988476,0.111818496004135,0.2082597402597514,中等方差
ERROR:#N/A_25,META,0.31510882280676666,-0.5015394367414212,0.5999999999999943,102.9,0.0054552531263954976,0.07625,-0.43435663993867984,0.011971374478663144,0.3618647306075659,0.4,0.0003803970579533,0.1260484273896696,0.0,中等方差
344X264,344,0.31403808706557934,-0.5030176767697399,0.6999999999999886,102.8,0.00545127444217866,0.07625,-0.45863702812429324,-0.03529075874114351,0.361482613679786,0.0,0.0002287059526394,0.1118452726978893,0.2092727272727451,中等方差
311X11,311,0.3123755841769248,-0.5053229186859732,0.7000000000000028,38.2,0.01463103932988245,0.00625,0.5863809007965844,-0.7511989775474022,0.3611004967520061,1.0,0.001859826703403,0.2261398581067003,0.1476190476190494,中等方差
360X896,360,0.3111451088861078,-0.5070370216133672,1.0524999999999998,3.97,0.14050474219777262,0.0,-0.13486755002368597,-0.8829626020092514,0.3607183798242262,0.0,0.0003177535271518,0.050999138493821,0.290863453815261,中等方差
520X51,520,0.3110765678313157,-0.5071327013465371,1.0,482.0,0.0011571418772322198,0.015,0.5887538113030686,-0.7119560604899644,0.3603362628964463,0.0,0.0002004534076141,0.1372805353878705,0.0,中等方差
330X626,330,0.2998867183979969,-0.5230427681657492,0.40249999999999986,4.26,0.1285490930187469,0.0,-1.829272641842017,3.1918206795728548,0.35995414596866643,0.4,0.0003130146370194,0.1898699172141182,0.0670087733077831,中等方差
330X189,330,0.2995436069837314,-0.5235399449145983,0.40249999999999986,4.26,0.12847553310155677,0.0,-1.8327943913254334,3.2008881852036017,0.35957202904088653,0.6,0.000353882767939,0.1898533842123414,0.0657976058340379,中等方差
330X100,330,0.29915305131414116,-0.5241065630638342,0.39250000000000007,4.26,0.12839175028504912,0.0,-1.834535258017748,3.2027027365303997,0.35918991211310664,0.4,0.0002967506564547,0.1897503562107642,0.0644646097223292,中等方差
210X192,210,0.296039799749688,-0.5286498982325178,0.9999999999999999,1.2,0.45341282984782943,0.0,0.29845289047656115,-1.234138949304259,0.3588077951853267,0.2,0.0003615155416241,0.0820642266363625,0.1199999999999999,中等方差
330X236,330,0.2954491099812269,-0.529517313962616,0.7425000000000006,4.37,0.1243826788497406,0.0,-0.14694640045739404,-0.8347317566479666,0.3584256782575468,0.0,0.0003519132840569,0.1000161940360958,0.6168895066617373,中等方差
750X261,750,0.29367964705882393,-0.5321261504343928,0.5425,3.3049999999999997,0.16397040182954586,0.0,-2.5964401344624433,10.461372772611655,0.3580435613297669,0.0,0.0002098412643789,0.1272182927123473,0.3763823601336844,中等方差
330X256,330,0.29311649531289125,-0.5329597406820427,0.7447500000000007,4.367,0.1239758052293266,0.0,-0.15255497471692575,-0.8316577977381581,0.357661444401987,0.0,0.0003276239016247,0.1002133083328902,0.6166419954458109,中等方差
520X182,520,0.29154251148201965,-0.5352981093237263,1.0,277.0,0.00194926630782289,0.01125,-0.11020149730388988,-0.1536660213604697,0.3572793274742071,0.0,0.0001327054974269,0.0165458647142731,0.0,中等方差
330X246,330,0.29051345040675924,-0.5368337555207857,0.75,4.36,0.12362224693148029,0.0,-0.15785308596868902,-0.8279474050201414,0.3568972105464272,0.0,0.0004230775228859,0.0998484965880632,0.6126942385847478,中等方差
330X960,330,0.29024468876095044,-0.5372357187484444,0.7930000000000064,50.4115,0.010686919068507097,0.0,-0.8777440022493831,0.055018682760170634,0.3565150936186473,0.0,0.0002227383046933,0.0364447545235276,0.867363915360054,中等方差
520X41,520,0.2901012003431435,-0.5374504742262048,1.0,483.0,0.001115135475522117,0.015,0.020134327505960906,-0.946486024893554,0.3561329766908674,0.0,0.0002401120038314,0.1192841183403333,0.0,中等方差
750X984,750,0.28907227784730916,-0.5389935553553606,1.0,26.0,0.02067901624332931,0.0,0.03334809730954449,-1.0312947364243066,0.3557508597630875,0.0,0.0002327906532997,0.0464192848369223,0.2,中等方差
520X239,520,0.28798361311590626,-0.5406322238234509,0.7000000000000002,7.0,0.07666300668642059,0.01125,-0.7889659455433671,0.8107584767582154,0.3553687428353076,0.0,0.000201245767756,0.1113131539238985,0.0933569997137131,中等方差
344X60,344,0.2850556123964446,-0.5450704038483742,0.0,15.0,0.03559373305615874,0.07625,27.128400135043233,736.9712101315303,0.3549866259075277,0.0,0.0004985357297391,0.0432152092133729,0.0,中等方差
340X44,340,0.28273742177721306,-0.5486167065590272,0.0,47.2,0.011265478630292472,0.0,2.2442144505978523,3.0585574685670203,0.3546045089797478,0.0,0.0001528006992294,0.0676524125711648,0.0,中等方差
520X53,520,0.28043750282187424,-0.5521639087528059,1.0,481.0,0.0011009636219580109,0.015,-0.16261908529509472,-0.37223659053696334,0.3542223920519679,0.0,0.0002578438146437,0.0282656763027808,0.0,中等方差
520X236,520,0.2765313575189245,-0.5582556143583037,0.6999999999999993,7.3,0.07203595742091995,0.01125,-0.7974147752403977,1.4490849357812774,0.353840275124188,0.0,0.0002007806378348,0.0689745531449235,0.0,中等方差
220X2,220,0.27548326347743035,-0.5599047808419201,1.07707375,1.6502515,0.3180515184972364,0.0,-0.8871072456132193,-0.9364539461486792,0.3534581581964081,0.0,0.000426672131815,0.0279096452582703,0.1630918834617323,中等方差
520X245,520,0.2733268575269254,-0.5633176917516961,0.5999999999999996,7.4,0.07064955560002817,0.01125,-0.9258729596167538,1.841198313288407,0.3530760412686282,0.0,0.0002309457055604,0.0540308764548641,0.0750644145433729,中等方差
220X165,220,0.27327275015536145,-0.5634036725414625,1.1424400000000001,-0.594348,0.8795435702077661,0.0,0.9689864465119586,-1.0490165455888605,0.3526939243408483,0.0,0.0004223525737184,0.0253302756474385,0.0295497243714774,中等方差
520X240,520,0.2714221703019727,-0.5663546811915245,0.6999999999999993,7.3,0.07136738752864752,0.01125,-0.8948232764182475,1.3237687095939394,0.3523118074130684,0.0,0.0002153112513844,0.07224871417931,0.0,中等方差
520X241,520,0.2708346428971491,-0.5672957851242685,0.5999999999999996,7.4,0.07032672406124714,0.01125,-0.8809508781592458,1.9072145615423253,0.3519296904852885,0.0,0.0002251117870912,0.0683797570599298,0.008849045691151,中等方差
340X101,340,0.27058667083854687,-0.5676936006572557,1.0,0.0,,0.0,-0.9366047639305018,1.0321947763751602,0.3515475735575086,0.0,0.0002681718849213,0.0716478603126861,0.0,中等方差
340X42,340,0.26960824468085515,-0.5692668311105612,0.10000000000000142,47.4,0.010954391111818708,0.0,2.2143538388860056,2.988188039448051,0.3511654566297287,0.0,0.0002419755903888,0.0690335290215712,1.0,中等方差
340X41,340,0.26863139862327073,-0.5708432267683183,0.09999999999999432,47.3,0.01095764549439615,0.0,2.2134601466239636,2.995553795000774,0.3507833397019488,0.0,0.0002814745987334,0.0641383202016559,0.0,中等方差
340X43,340,0.26597991239049423,-0.5751511613666165,0.0,47.2,0.010926533980069958,0.0,2.157462811747008,2.8694705653491264,0.3504012227741689,0.0,0.0002724152073948,0.0776320326804211,0.0,中等方差
520X244,520,0.26443303621437286,-0.5776842884097769,0.7000000000000002,7.0,0.07346150403989513,0.01125,-0.7300894310073046,1.0950647791518326,0.350019105846389,0.0,0.0001884840194358,0.1037661324529552,0.1383004926108368,中等方差
312X349,312,0.2637734668335441,-0.5787688925930036,1.0,375.0,0.0013695701627942664,0.0,-0.1617319124558035,-1.3296007912232874,0.3496369889186091,0.0,0.0001569914634471,0.085404395815992,0.0,中等方差
310X31,310,0.2632566990597625,-0.5796205685653767,0.6335000000000015,14.9725,0.03426852359636066,0.0,-1.8510697076250213,3.630723081901312,0.3492548719908292,0.0,0.0003508039599131,0.1808659082249682,0.957679077829424,中等方差
330X963,330,0.26068822262202723,-0.5838785889536601,0.7900000000000063,50.415,0.010127469268357538,0.0,-0.7932758766912051,-0.16334229067587147,0.34887275506304927,0.0,0.0002425093387174,0.0400042779555341,0.8658733364851848,中等方差
520X180,520,0.2580262126134169,-0.5883361722728178,1.0,277.0,0.0018338007448692674,0.01125,-0.3688341998425619,-0.09584729988044005,0.34849063813526937,0.0,8.888622850712827e-05,0.0267683231337244,0.0,中等方差
312X81,312,0.256179063829788,-0.5914563657495089,0.5999999999999999,0.7,0.7230590681121144,0.0,3.076142766372264,42.09064338449196,0.3481085212074895,0.0,0.0001196936294814,0.0897311429130857,0.0190476190476189,中等方差
360X100,360,0.25023623279099,-0.601649806705286,1.0,2.0,0.25011808850570466,0.0,-0.03507115329790075,-2.0037857521026874,0.3477264042797096,0.0,0.0002476543160104,0.0161414317931256,1.0,中等方差
340X105,340,0.2501235919899863,-0.6018453431041602,1.0,0.0,,0.0,0.05512422047094604,-2.0019725251321936,0.3473442873519297,0.0,0.0002567467152768,0.0269340686445201,0.7,中等方差
330X91,330,0.24996088861076413,-0.6021279400853404,1.0,1.0,0.49996088708094366,0.0,0.07519385202690818,-1.9993505344348241,0.3469621704241498,0.0,0.0003252729793923,0.0200939964234865,0.3,中等方差
520X184,520,0.24991598521339944,-0.6022059644900202,1.0,277.0,0.0018047508236596708,0.01125,-0.43880894792872327,-0.16334253631170847,0.3465800534963699,0.0,0.0001293452141137,0.0227778732313377,0.0,中等方差
400X56,400,0.2495128558528588,-0.6029070729579471,1.0,1.0,0.49951261831194893,0.00625,0.11360380113747182,-1.992112131948198,0.34619793656859,0.0,0.0002391765046638,0.0188313909504207,0.2,中等方差
312X421,312,0.24890488110137604,-0.6039665866593547,1.0,0.0,,0.0,0.15070638494405103,-1.9822494825911865,0.3458158196408101,0.0,0.0003590764834213,0.0254335223657918,0.0,中等方差
750X100,750,0.24890488110137576,-0.6039665866593551,1.0,1.0,0.49890367918203987,0.0,0.15070638494405167,-1.9822494825911858,0.3454337027130302,0.0,0.0003868848080848,0.0248619765493039,0.0,中等方差
330X1006,330,0.24807162562578275,-0.6054229073878657,0.6199999999999974,47.54,0.01047681726097447,0.0,-1.054463099933477,0.7529929601332817,0.3450515857852503,0.0,0.0001813671159423,0.0323365832526425,0.7918577476623833,中等方差
360X1061,360,0.24738470525657058,-0.6066271544563147,0.4399999999999977,50.02,0.009943579157903355,0.0,-1.0490510164095022,1.062459648038594,0.3446694688574704,0.0,0.0002644856797216,0.0203144251156547,0.2316613348765335,中等方差
311X51,311,0.24701325016388945,-0.6072797499034135,1.0,1.0,0.49700427580040946,0.1125,0.23303463305828678,-1.951199163461325,0.3442873519296905,0.0,0.0003334234664516,0.0854367381307801,0.5719449582434288,中等方差
360X1164,360,0.24670838548185367,-0.6078160888296575,1.0,1.0,0.4966974788358138,0.0,0.24220125328936057,-1.9462103518503928,0.3437141765380206,0.0,0.0002104894113786,0.0299779808379759,0.0,中等方差
330X1053,330,0.24670838548185367,-0.6078160888296575,1.0,1.0,0.4966974788358138,0.0,0.24220125328936057,-1.9462103518503928,0.3437141765380206,0.0,0.0002346557172881,0.0312171911535178,0.0,中等方差
750X1164,750,0.24655663329161456,-0.6080833088367876,1.0,1.0,0.4965446941531191,0.0,0.2473231896140046,-1.9436967548122273,0.34314100114635077,0.0,0.000282082806188,0.0283650237981074,0.0,中等方差
311X67,311,0.24427920092517766,-0.6121135093178683,0.6999999999999993,5.3,0.0932539799028291,0.00625,0.4672915761179301,0.8526703555136357,0.34275888421857087,1.0,0.0011048975584421,0.2731199945994368,0.0,中等方差
520X84,520,0.2426405614071344,-0.6150365978517842,1.0,489.0,0.0010073324905937647,0.015,-0.35643048314169706,-1.8777295872029738,0.3416125334352312,0.6,0.0004154981667944,0.149561085431463,0.0,中等方差
520X64,520,0.2426405614071344,-0.6150365978517842,1.0,492.0,0.0010011902193096565,0.015,0.35643048314169706,-1.8777295872029738,0.3416125334352312,0.4,0.0003131486843636,0.149561085431463,0.0,中等方差
520X117,520,0.2426405614071344,-0.6150365978517842,1.0,508.0,0.0009696566690951791,0.015,0.35643048314169706,-1.8777295872029738,0.3416125334352312,0.4,0.0003693217803312,0.149561085431463,0.0,中等方差
520X44,520,0.2426405614071344,-0.6150365978517842,1.0,483.0,0.001019845937681886,0.015,-0.35643048314169706,-1.8777295872029738,0.3416125334352312,0.6,0.0003341373454989,0.149561085431463,0.0,中等方差
520X94,520,0.2426405614071344,-0.6150365978517842,1.0,494.0,0.0009971368176120465,0.015,-0.35643048314169706,-1.8777295872029738,0.3416125334352312,0.2,0.0002885418365165,0.149561085431463,0.0,中等方差
420X72,420,0.2420687715306083,-0.6160612337995474,0.5,2.4,0.20500202045523994,0.005,0.5000831372740618,0.769484661223836,0.3404661826518915,0.0,0.0003199205543217,0.0575081159377284,0.1980952380952382,中等方差
330X363,330,0.24138822137046292,-0.617283925285124,0.2599999999999998,4.47,0.10991336758657032,0.0,-1.9638146788575659,12.229784704736335,0.3400840657241116,0.0,0.0001683491739433,0.0313225113206529,0.1923076923076918,中等方差
330X986,330,0.24138264768460482,-0.617293953317747,0.509999999999998,48.32,0.01016777899091684,0.0,-1.0139089189724189,1.014405772357727,0.3397019487963317,0.0,0.0001778477733215,0.0299325676252265,0.6800454819235849,中等方差
330X383,330,0.2413091554380504,-0.6174262003423759,0.2599999999999998,4.47,0.10989536522798711,0.0,-1.9648570565190504,12.236193105704164,0.3393198318685518,0.0,0.0002045489177863,0.0313164490153295,0.1923076923076918,中等方差
330X373,330,0.2412416631727119,-0.6175476860697577,0.2599999999999998,4.47,0.109879995720283,0.0,-1.965844361992459,12.241855840237246,0.33893771494077185,0.0,0.0002583258793535,0.0313502486083469,0.1923076923076918,中等方差
312X76,312,0.24080798774156872,-0.6183291113737205,0.65,0.68,0.7216498598367178,0.00125,0.11131430719843952,0.2483800283511366,0.33855559801299195,0.0,0.0001506349407911,0.0631655544727015,0.0428571428571428,中等方差
420X76,420,0.24062695553237679,-0.6186557236992394,0.5,2.3,0.21327713696427483,0.005,0.5733802644069913,0.9437585843739451,0.33817348108521206,0.0,0.000219890880485,0.0520702507868755,0.2000000000000001,中等方差
312X78,312,0.23982147954366587,-0.6201119220314757,0.73,0.53,0.9239919112910253,0.00125,0.4898741932637443,0.5692038167082889,0.33779136415743216,0.0,0.0001714881618807,0.0563607545054194,0.0893617021276596,中等方差
210X228,210,0.23880625782227757,-0.6219542968807131,0.4,0.3,1.6289269058776006,0.0,2.9765599064245447,11.755258723884523,0.33740924722965226,0.0,0.0002877016789932,0.0376750770168024,0.338095238095238,中等方差
400X37,400,0.2353426157697103,-0.6282994237894133,1.0,111.0,0.004370461605563341,0.0,0.5240586124426865,-1.5515858124677693,0.33702713030187237,0.0,0.0001863007428055,0.103733597481566,0.0,中等方差
312X77,312,0.23339377417260318,-0.6319107330316348,0.73,0.55,0.8783789994565508,0.00125,0.3968619200110916,0.3000461004626396,0.33664501337409247,0.0,0.0001842020684195,0.0561287077420417,0.0730555555555556,中等方差
344X69,344,0.23338250987381856,-0.6319316939200639,0.0,47.2,0.010235101512993491,0.07625,-27.037526877505943,733.6905990535417,0.3362628964463126,0.0,0.0002679241848764,0.0325056130023309,0.0,中等方差
312X311,312,0.2313792305588882,-0.635675627486652,1.0,0.0,,0.1375,0.5741203969589369,-1.6752500011540203,0.3358807795185327,0.0,0.0003537249434473,0.0397045121370313,0.0,中等方差
312X465,312,0.23122888573122533,-0.6359579136335494,1.0,5003.0,9.611486057752201e-05,0.00125,-1.2511686237662383,0.6796516789154561,0.3354986625907528,0.0,0.000269667071708,0.0580238499888601,0.0,中等方差
750X109,750,0.2311472033792249,-0.6361113566681142,0.25,3.39,0.14182233239654632,0.0,-1.5724954434016216,2.2748267387457703,0.3351165456629729,0.0,0.0002167425829175,0.133194391007196,0.3002980231929338,中等方差
750X91,750,0.2305544274092625,-0.6372265334708167,1.0,4.0,0.12004020873473566,0.0,0.30052864463130824,-1.8991299009562,0.334734428735193,1.0,0.0013662492047374,0.2421272103953292,0.0,中等方差
312X428,312,0.2275400641779706,-0.6429421237563169,1.0,6.0,0.0795019329216401,0.00125,0.6339131822790508,-1.6021708034971842,0.3343523118074131,0.0,0.0001577208659202,0.0151466544808955,1.0,中等方差
311X71,311,0.22727696719103915,-0.6434445745200039,0.5999999999999996,5.3,0.08995013989922597,0.00625,0.39510710054445713,0.7107221319368251,0.33397019487963314,1.0,0.0019489526262413,0.2993902560022965,0.0285714285714287,中等方差
312X303,312,0.227160517062369,-0.6436671514471183,1.0,449.0,0.001061500207197041,0.00125,-0.6397076258850488,-1.5947723602335033,0.33358807795185325,0.0,0.0002655553691118,0.0604678270307384,0.0,中等方差
344X201,344,0.2254786553278243,-0.646894563817466,0.0,0.0,,0.07625,18.43602979845062,345.57058878000487,0.33320596102407335,0.0,0.000348731821997,0.0088783481157626,0.0,中等方差
312X308,312,0.22401121702880564,-0.6497302344705461,1.0,0.0,,0.00125,0.6866043647627369,-1.5324165680620132,0.33282384409629345,0.0,0.0002413269156533,0.045822422603721,0.0,中等方差
312X307,312,0.22137672090112898,-0.6548680497433289,1.0,0.0,,0.0,0.7244360227197927,-1.478895958291887,0.33244172716851356,0.0,0.0001727619920661,0.0196551542298934,0.0,中等方差
420X97,420,0.22061553048260063,-0.6563639181628947,0.9000000000000004,8.8,0.05337469038205926,0.005,0.5261717569980806,-1.1163671349438924,0.33205961024073366,1.0,0.0022764702364829,0.3123359291983371,0.5997297297297309,中等方差
420X36,420,0.22022059985462275,-0.657142058730544,1.0,226.0,0.00207644547476412,0.005,0.7407294453650121,-1.4549819548105671,0.33167749331295376,1.0,0.0012825180225696,0.1860299994430131,0.0,中等方差
312X72,312,0.22014844432733924,-0.6572843791230988,0.7400000000000001,0.46,1.0199995467013596,0.00125,0.5399511650849779,0.3369356340348686,0.33129537638517387,0.0,0.0001754185735192,0.0601415947170167,0.0853839037927844,中等方差
330X1000,330,0.21906622903003783,-0.6594245675617638,0.6069999999999993,47.543499999999995,0.00984456580417126,0.0,-0.9315225153029049,0.4643907664080107,0.33091325945739397,0.0,0.0002252430275646,0.0368798101632838,0.7930027685863378,中等方差
312X586,312,0.21890368313665903,-0.6597469312028751,0.0,2999.0,0.00015600914927791002,0.1375,-0.7154977469665288,0.28100502482518364,0.3305311425296141,0.0,0.0001450562476766,0.0154809603931559,0.0,中等方差
312X438,312,0.2188963704630775,-0.6597614394413214,0.9000000000000004,10.4,0.04498688690259348,0.0,0.31141240118533287,-1.6585977733271398,0.3301490256018342,0.0,0.0001934498017043,0.0144245172936613,0.2222222222222217,中等方差
400X34,400,0.21887359198998776,-0.6598066347083633,0.0,112.0,0.004177136429325936,0.0,-0.5254279212831036,0.6172306351616377,0.3297669086740543,0.0,0.0002465637822573,0.0653678041105778,0.0,中等方差
360X1083,360,0.2167430688360452,-0.66405478180741,0.4025000000000034,48.32,0.009634866100721154,0.0,-1.1787473492769052,1.536131700215095,0.3293847917462744,0.0,0.0002253688568075,0.0515551326401664,0.0496220649269475,中等方差
520X242,520,0.21486175166829252,-0.6678408879883658,0.40000000000000036,7.9,0.058674914404099075,0.01125,-1.4026368775967746,4.2215636360083835,0.32900267481849443,0.0,0.0002251113001414,0.1166851665514776,0.175000000000001,中等方差
330X980,330,0.21378979593867423,-0.6700130272529805,0.5069999999999979,48.33,0.009567020206451912,0.0,-0.8769417755387832,0.769605681114466,0.32862055789071454,0.0,0.0001703893587006,0.0333808152500488,0.6982121173622864,中等方差
420X79,420,0.2137539742738857,-0.6700858017966438,0.6000000000000005,5.5,0.08406097241546899,0.005,0.888033234134668,0.38754452879657686,0.32823844096293464,0.0,0.0002590770746171,0.0697049034373818,0.1399999999999994,中等方差
220X12,220,0.21209199066494916,-0.6734757316517264,0.62740475,-0.6602865,0.6974767195349364,0.0,-2.0027276205486197,18.04753216726254,0.32785632403515474,0.0,0.0003893244719985,0.0321384441521677,0.1655158798355418,中等方差
400X38,400,0.2113751564455569,-0.6749460579587581,0.0,112.0,0.004104960177453456,0.0,-0.5821659116447317,0.725343893000316,0.32747420710737485,0.0,0.0001701695630655,0.03594839496609,0.0,中等方差
312X71,312,0.210811586851986,-0.6761055226455079,0.7400000000000001,0.43,1.0677726265966798,0.00125,0.5382673817670222,0.08511995736491329,0.32709209017959495,0.0,0.0001547719684649,0.0603533909692669,0.0861803720607467,中等方差
312X430,312,0.21030478955007414,-0.677150836436448,1.0,0.0,,0.1375,0.8747743939349868,-1.2383676601204785,0.32670997325181506,0.0,0.0002748970033071,0.021801695815244,0.0,中等方差
340X145,340,0.2083463704630816,-0.681214060849062,0.0,14999.0,3.0432011855744704e-05,0.0,-1.3927896726982505,0.6419820635340967,0.32632785632403516,0.0,0.0002772680822416,0.0474253251806885,0.0,中等方差
520X237,520,0.2075184112403782,-0.6829433662030275,0.40000000000000036,7.8,0.05840280608598863,0.01125,-1.041513943918211,2.702749387820119,0.32594573939625526,0.0,0.0002433972079689,0.1193083213033795,0.0,中等方差
312X310,312,0.20683435748319765,-0.6843773184504245,1.0,0.0,,0.00125,0.9187018085716373,-1.1588941309563847,0.32556362246847537,0.0,0.0002509863258008,0.0187719442660729,0.0,中等方差
360X34,360,0.20648936670838533,-0.685102307682028,0.7325000000000017,21.728,0.020913614265892364,0.0,0.3285786693934789,-0.8801227828414331,0.32518150554069547,0.2,0.000375444645816,0.1493794775857183,0.441306767620176,中等方差
312X84,312,0.20539773118653976,-0.6874043579082061,0.72,0.4,1.1330206617338774,0.00125,0.6151414687124922,0.3396355412627057,0.3247993886129156,0.0,0.0001401805313351,0.0618139012783502,0.0979166666666667,中等方差
750X45,750,0.20518834480600842,-0.6878473118360214,0.6999999999999993,26.1,0.017355448321797765,0.0,0.03293040141312,-0.3886270841921182,0.3244172716851357,0.0,0.0002346241934836,0.0500702943119759,0.1809523809523839,中等方差
312X70,312,0.20354056825417696,-0.6913490173330653,0.6900000000000002,0.46,0.9807710988151912,0.00125,0.38822749366678233,-0.21621561779670984,0.3240351547573557,0.0,0.0001391102513511,0.0639382753709365,0.0383549783549783,中等方差
311X70,311,0.20172266844097927,-0.6952452955122721,0.7000000000000002,5.0,0.08982709356112537,0.00625,0.43576529154109145,0.6827814004595716,0.32365303782957583,1.0,0.0016627953287423,0.3322890839515405,0.0,中等方差
210X107,210,0.2016760951188985,-0.6953455761214389,0.4,0.8,0.5613545213350284,0.0,3.1387064432582017,13.851861152770889,0.32327092090179593,0.0,0.0001487085004661,0.0336279001642569,0.0666666666666666,中等方差
312X338,312,0.20106273192367544,-0.6966684207997026,0.0,0.0,,0.00125,-3.2792912377297845,10.394248435338586,0.32288880397401604,0.0,6.910870103237358e-05,0.0407079615367796,0.0,中等方差
220X166,220,0.1983188822016047,-0.7026359340772814,0.9808950000000001,-0.492175,0.9048206071017714,0.0,1.022814217830005,-0.9289427907215044,0.32250668704623614,0.0,0.0003003277906623,0.0355538974836144,0.0035011294603909,中等方差
420X75,420,0.1966922031541357,-0.7062128550997125,0.4249999999999998,2.2,0.20159088508462278,0.005,0.37076540765207194,0.5243027846117885,0.32212457011845624,0.0,0.0002512946382858,0.0682496839817658,0.4040233074361815,中等方差
312X83,312,0.1965190309942566,-0.7065953859726158,0.75,0.38,1.16659123847591,0.00125,0.6146819423123489,-0.032508494100208285,0.32174245319067635,0.0,0.0001813208136612,0.0618451412060776,0.1097222222222222,中等方差
750X853,750,0.19539489346057481,-0.7090867905193617,0.43999999999999995,3.27,0.13517888256028127,0.0,-2.434527396758241,10.367684525002218,0.32136033626289645,0.0,0.0002224762459928,0.017143317563253,0.359085861727371,中等方差
420X92,420,0.19527574981827311,-0.7093516859185931,0.8000000000000007,8.5,0.05198825390602719,0.005,0.5008868669451997,-0.8495458397591933,0.32097821933511655,1.0,0.001085750078909,0.3101345156909812,0.6250000000000009,中等方差
330X1003,330,0.1942933510638299,-0.711542061189703,0.6000000000000014,47.55,0.009269972550144364,0.0,-0.805568829427986,0.1687118477630123,0.32059610240733666,0.0,0.0001707695417204,0.0453996666965392,0.8046577577012259,中等方差
420X77,420,0.19420941183906934,-0.7117297269989425,0.5,2.4,0.18362165389086388,0.005,0.8233000158631307,1.3208852055975249,0.32021398547955676,0.0,0.0002454768869431,0.0473851371582178,0.0,中等方差
311X32,311,0.1928235350030897,-0.7148399595505092,1.0,301.0,0.0014588596908126016,0.00625,-1.09413715994305,-0.804895111865076,0.31983186855177687,1.0,0.0102711799709866,0.480769142235636,0.0,中等方差
420X81,420,0.19163787490913736,-0.7175186537205522,0.5,2.4,0.18240193089424098,0.005,0.8605600557869645,1.3491307240478778,0.31944975162399697,0.0,0.0002503535107569,0.0464450841689725,0.0,中等方差
330X983,330,0.18993258933041285,-0.7214005110288881,0.5,48.34,0.009015568104117869,0.0,-0.7305453713374094,0.5119167378829563,0.319067634696217,0.0,0.000248230349944,0.0410971904793516,0.7010049719039653,中等方差
520X124,520,0.1896039061139415,-0.7221527198130571,0.0,508.0,0.000857156115083323,0.015,1.1036592704540789,-0.5056363762641247,0.3186855177684371,0.2,0.0003090982216993,0.1165354166713567,0.0,中等方差
344X137,344,0.1893601376720935,-0.7227114393300891,0.0,0.0,,0.0,-0.9984570857319423,0.1356837235050281,0.3183034008406572,0.0,0.0001892087991247,0.170401977161723,0.0,中等方差
360X1105,360,0.18716552424906155,-0.7277741449530466,0.4099999999999966,47.42,0.009123287856756696,0.0,-1.3600433798963991,1.8004915628369975,0.31792128391287733,0.0,0.0002794134817402,0.0391590280372773,0.0451910828025532,中等方差
312X82,312,0.18574342771823177,-0.7310865442225836,0.7,0.38,1.1341568790531336,0.00125,0.5142361116199127,-0.3459637937814435,0.31753916698509743,0.0,0.0001649863557567,0.0636297636839253,0.062080378250591,中等方差
400X36,400,0.18529255319148846,-0.7321420343930939,0.0,112.0,0.0038433590641527545,0.0,1.1207740432838909,-0.18489900375961188,0.31715705005731754,0.0,0.0001724255787917,0.0877366380750434,0.0,中等方差
312X337,312,0.18425375469336672,-0.7345836533956637,0.0,0.0,,0.0,-3.4777915955610252,11.937205385024946,0.31677493312953764,0.0,4.623336420317619e-05,0.0564531171136589,0.0,中等方差
311X69,311,0.184187475246741,-0.7347399051715484,0.7000000000000002,6.6,0.06502586107826777,0.00625,0.04687829406655202,-0.5877515987356969,0.31639281620175774,1.0,0.0020531076701596,0.3965572561934393,0.0,中等方差
420X100,420,0.18343546348092624,-0.7365166986268026,0.5,7.6,0.056354429605538735,0.005,0.7130170897424253,0.21364568501735848,0.31601069927397785,0.8,0.0004693154091954,0.1879405036689953,0.2066666666666669,中等方差
400X29,400,0.18329005006257715,-0.7368611101616491,0.0,7.0,0.06116055319062448,0.0,-16.26845109740115,263.3207989077351,0.31562858234619795,0.0,0.0,0.0,0.0,中等方差
400X35,400,0.18327753441802289,-0.7368907662229028,0.0,112.0,0.0038224040645998465,0.0,-1.2118331620656504,-0.532798645942429,0.31524646541841805,0.0,0.0001528134243631,0.0498814316095741,0.0,中等方差
360X131,360,0.1826506005944926,-0.7383788953959728,0.77,3.91,0.10930343109477389,0.0,-0.1055720268452526,-0.13983753064039428,0.31486434849063816,0.0,0.0002716812724706,0.0551071323444802,0.2412800077631171,中等方差
310X10,310,0.18142984726772146,-0.7412912650302047,0.66196275,1.522594,0.2797501019194173,0.0,0.11864194441524593,-0.6836024632762472,0.31448223156285826,0.0,0.000258690153139,0.0195857873706963,0.5216275898405927,中等方差
311X29,311,0.1792436988102621,-0.7465561027175301,0.0,301.0,0.0014065509003063541,0.00625,-1.072455672327417,0.5508654075429393,0.3141001146350783,1.0,0.0030167576843277,0.3813215798755393,0.0,中等方差
420X96,420,0.17856418886887274,-0.7482056346752063,0.5,7.6,0.05560112646655902,0.005,0.6682702918153857,-0.08238348820816022,0.3137179977072984,0.6,0.0005769547829418,0.2053612085041957,0.1666666666666676,中等方差
311X33,311,0.1776753322877545,-0.7503728636688288,0.0,301.0,0.0014003837822006223,0.00625,-1.0864828833303877,0.6053709367900071,0.3133358807795185,1.0,0.0051557994223002,0.4129012225008909,0.0,中等方差
312X574,312,0.17442838812814412,-0.758382832453356,0.0,3000.0,0.00013921541586418596,0.1375,-1.322472270681012,-0.2518053808445626,0.3129537638517386,0.0,0.0002099301197894,0.0168204240498014,0.0,中等方差
312X315,312,0.17377925414286474,-0.7600020710924891,0.0,448.0,0.0009305097979336198,0.00125,1.2676264678656992,0.0898072166025452,0.3125716469239587,0.0,0.0001576934763627,0.0801249643576263,0.0,中等方差
420X37,420,0.17370342277424952,-0.7601916238250728,0.0,226.0,0.0018441479023950994,0.005,1.0185209247797589,1.1380465292581632,0.3121895299961788,1.0,0.0007235026333313,0.1906282345792311,0.0,中等方差
ERROR:#N/A_3 (#1),META,0.17297233865437414,-0.7620233427109481,0.0,0.0,,0.07625,19.183220092981724,366.9891341368892,0.31180741306839893,0.0,0.0,0.0114531358027503,0.0,中等方差
311X68,311,0.1716585079923333,-0.765334666560672,0.6999999999999993,5.8,0.0714339512651454,0.00625,0.2642124174588028,0.13639881025686318,0.31142529614061903,1.0,0.003305641505014,0.3718012004767309,0.0559810671256457,中等方差
420X91,420,0.16575506463133338,-0.7805331928909888,0.5,7.4,0.05501760536199925,0.005,0.40523697604336284,0.009071992545073737,0.31104317921283914,0.6,0.0004246718069337,0.2032638182269555,0.2114285714285711,中等方差
340X40,340,0.16550181476846018,-0.78119723971541,0.0,15.0,0.02712127617191264,0.0,1.3954313956519009,22.018708243188485,0.31066106228505924,0.0,0.0001285093139259,0.0303309586185413,0.0,中等方差
340X37,340,0.16223723404255644,-0.789849466502914,0.0,15.0,0.026852455633004462,0.0,1.1965706695408873,20.385145911119643,0.31027894535727935,0.0,0.0001090446261542,0.0309826539218047,0.0,中等方差
312X456,312,0.16207759699624288,-0.7902770108967273,0.0,2999.0,0.00013424095366891618,0.0,1.3022814259100115,0.9271854628374023,0.30989682842949945,0.0,0.0002061790712649,0.0391389133596935,0.0,中等方差
750X1116,750,0.16178771902377873,-0.791054447882152,0.8000000000000007,11.7,0.03437849925993243,0.0,-0.30545192231336354,-1.8201278571591326,0.30951471150171955,1.0,0.0014356763976885,0.2457204863349608,0.1250000000000016,中等方差
420X95,420,0.15964683480294622,-0.7968396874674198,0.5,7.4,0.0539943648148191,0.005,0.5583441327395205,0.38464648464173923,0.3091325945739396,0.4,0.0003806515291475,0.217424708768559,0.186666666666666,中等方差
420X38,420,0.15929332195568732,-0.7978024307185628,0.0,226.0,0.001765998561531059,0.005,1.5146836945959463,0.29500158609993843,0.3087504776461597,1.0,0.0013667077909942,0.1944814782016645,0.0,中等方差
420X34,420,0.1585332321987329,-0.7998796858264962,0.0,226.0,0.0017617801721622757,0.005,1.5246367320476586,0.3253282540331064,0.3083683607183798,1.0,0.0012339740879157,0.1863362398332264,0.0,中等方差
420X35,420,0.15776998198539718,-0.8019756240557947,0.0,226.0,0.0017575340546331338,0.005,1.5346617583896636,0.35607505550184504,0.3079862437905999,1.0,0.0010346599598158,0.1974072530724001,0.0,中等方差
330X813,330,0.1557791933667085,-0.8074905492915584,0.25,4.57,0.08636514873487529,0.0,-1.544979443439324,1.6390470177298697,0.30760412686282,0.0,0.0003638624082526,0.1585114592754711,0.6733688010752189,中等方差
340X39,340,0.15538734355444103,-0.808584357789373,0.09999999999999964,14.9,0.026455839836237678,0.0,1.587937160617363,23.100520493666018,0.3072220099350401,0.0,0.000189393635931,0.0375507936416773,1.0,中等方差
330X810,330,0.15519737820869778,-0.809115619670052,0.25,4.57,0.08620371652639178,0.0,-1.5548652895744408,1.6554399664316044,0.3068398930072602,0.0,0.000376580364835,0.158745386099759,0.6782262743805655,中等方差
330X816,330,0.15472820963704711,-0.8104304996630963,0.25,4.56,0.08626207634805869,0.0,-1.5628426747237776,1.6681198942878321,0.3064577760794803,0.2,0.0004526599228434,0.1587353561686828,0.6757783389307519,中等方差
360X1116,360,0.15448285356696065,-0.8111197169802232,0.5,31.7,0.012398834963280078,0.0,-1.260954483389581,2.182410851496199,0.30607565915170043,0.0,0.000215210942355,0.0266495847151653,0.1600000000000022,中等方差
311X21,311,0.15360425737784242,-0.8135967469992934,0.0,1.0,0.391923790267754,0.20375,17.804361279365885,315.9873866947732,0.30569354222392053,0.0,0.0001642376837116,0.0617039160060008,0.0,中等方差
311X31,311,0.15274305720577405,-0.8160385210903001,0.0,301.0,0.0012984171520153333,0.00625,1.5425208184844514,0.8043759863597342,0.30531142529614064,0.2,0.0003248659459389,0.1469764487895951,0.0,中等方差
420X80,420,0.15175846212193073,-0.8188470831166489,0.3999999999999999,2.3,0.16937473254015573,0.005,0.7353670427264742,1.1521893341139493,0.30492930836836074,0.0,0.0002497588347244,0.0436396264998871,0.0,中等方差
220X5,220,0.15115917230727388,-0.8205654947873584,0.46389900000000006,0.2641525,1.4718465265784593,0.0,-3.4570999752849785,34.527616488334075,0.30454719144058084,0.0,0.0003447707254925,0.0153453743141649,0.3774850778415154,中等方差
210X12,210,0.1501216260262827,-0.8235567402194031,0.20400000000000007,0.449,0.8629294461673944,0.0,3.726970551861565,18.724898734785498,0.3041650745128009,0.0,0.0004619246330147,0.0331881726755979,0.1287651320110844,中等方差
330X1212,330,0.1492384979662075,-0.8261191306327524,0.4400000000000013,22.25,0.017362426464296546,0.0,0.32740171318144395,0.38280207004489375,0.303782957585021,0.0,0.0002373838712692,0.0184598889328937,0.3681818181818195,中等方差
311X30,311,0.1477052738304591,-0.8306039978865813,0.0,301.0,0.0012768253762211286,0.00625,-1.6701158357925872,0.7912711937730021,0.3034008406572411,1.0,0.0031457858355195,0.3522508916659678,0.0,中等方差
340X38,340,0.14458973717146228,-0.8398625317163061,0.0,15.0,0.025349971481155316,0.0,2.086649662226438,28.01291786015856,0.3030187237294612,0.0,0.0001789537217746,0.0283692086023435,0.0,中等方差
750X1006,750,0.14132659574468068,-0.8497761021409956,0.7999999999999972,33.8,0.011122316482587307,0.0,-0.6852433909454915,-1.134146009839144,0.3026366068016813,0.8,0.0007501268258019,0.1965131975910505,0.4047619047619115,中等方差
420X73,420,0.14057899560696555,-0.8520795639067943,0.2999999999999998,3.8,0.09866806731363288,0.005,0.15860180621420367,1.2723010095714025,0.3022544898739014,0.0,0.0002002486423189,0.0806563284700885,0.3333333333333323,中等方差
330X1198,330,0.13857432399874886,-0.8583172313306966,0.3000000000000007,23.15,0.01608016086091296,0.0,0.3441123866905146,1.0149963835167508,0.3018723729461215,0.0,0.0002426909113795,0.0209555035956681,0.2897548387096824,中等方差
750X885,750,0.13840653926783478,-0.858843390364481,0.3999999999999999,3.31,0.11239585905781592,0.0,-1.506053384498775,5.201340503294155,0.3014902560183416,0.0,0.0004155360968611,0.1817298286271847,0.9437632135306552,中等方差
330X119,330,0.13811232650187785,-0.8597675589822114,0.46999999999999975,4.37,0.08504225813662598,0.0,0.1579920115676351,-0.39571938327171186,0.3011081390905617,0.2,0.0004923668038375,0.1374002852595206,0.4220609579100147,中等方差
520X92,520,0.13804913602384047,-0.8599663070345168,0.0,495.0,0.0007506053361599086,0.015,1.5487138546159904,2.106572122688523,0.3007260221627818,0.0,0.0001519146085867,0.0558125938840784,0.0,中等方差
330X133,330,0.13721061771589566,-0.8626122804878287,0.4707499999999998,4.37,0.08476419126796797,0.0,0.15798851423139892,-0.38402992456112406,0.30034390523500193,0.0,0.0003882970978787,0.1379896013113652,0.4230862614002409,中等方差
330X126,330,0.13629448670212774,-0.8655217116141205,0.47250000000000014,4.37,0.08448073958373561,0.0,0.15801167158009896,-0.3744891195507032,0.29996178830722203,0.0,0.000334211982527,0.1375809240340875,0.4197206947539129,中等方差
360X785,360,0.13511500312891112,-0.8692964243730168,0.09999999999999987,1.3,0.2827537904139192,0.0,-2.5327377215932043,5.04753614522714,0.29957967137944214,0.0,0.0002586762964551,0.0931203591624054,0.0,中等方差
220X6,220,0.1338806214621869,-0.8732822803524136,0.3471345000000001,2.1169585,0.17284089856504628,0.0,-3.5896845220638696,39.77736360902225,0.2991975544516622,0.0,0.0001785100499058,0.0393489495171504,0.4069703134273174,中等方差
330X1208,330,0.1332139618523154,-0.8754502553635187,0.4400000000000013,22.253,0.0164016033315298,0.0,0.5928955839079016,0.19824561183644995,0.2988154375238823,0.0,0.0001835841664619,0.0196124978297369,0.3657419835943349,中等方差
330X167,330,0.1329084799749685,-0.8764473088326951,0.6400000000000006,4.47,0.08155842350887885,0.0,0.6594943361651734,-0.6492606661817706,0.2984333205961024,0.0,0.000365609545146,0.1287899888209123,0.4396187737530697,中等方差
330X196,330,0.1316430004443054,-0.8806022277028316,0.6470000000000002,4.467,0.08122373077783604,0.0,0.6497618670023395,-0.6680083926000044,0.2980512036683225,0.0,0.0003918380554526,0.1282435884404297,0.4297693101402313,中等方差
750X653,750,0.1312343859574468,-0.8819523564622451,0.6160000000000001,3.68,0.09844099689885312,0.0,0.3565863939123837,-0.7314731544612392,0.2976690867405426,0.0,0.0002641439892637,0.1255279413912811,0.4807867854300987,中等方差
750X131,750,0.13048886717772185,-0.8844265391266684,0.5800000000000001,3.34,0.108153421614468,0.0,-0.22853274061058296,-0.19481976406586465,0.2972869698127627,0.0,0.0003654161327475,0.0149651237959301,0.1095238095238093,中等方差
330X177,330,0.13023671526908612,-0.8852665657603089,0.6399999999999997,4.46,0.08091552539562216,0.0,0.6443196082901698,-0.6752440630915646,0.2969048528849828,0.2,0.0004062441140178,0.127181967064678,0.4298264253347327,中等方差
750X896,750,0.12947873451188993,-0.8878015539187455,0.5,3.49,0.10310359206139356,0.0,-0.8850455176608761,0.45589431593322294,0.2965227359572029,0.0,0.0004666633002929,0.0086149415876005,0.2875344180225289,中等方差
330X793,330,0.12927218382352976,-0.8884949144974744,0.54,4.58,0.07850314661045198,0.0,0.34800555309759873,-0.23935876456216576,0.296140619029423,0.0,0.0002410236921369,0.0686096904220237,0.5226126177890142,中等方差
330X790,330,0.12850332327753458,-0.8910856407184276,0.54,4.5715,0.07841487518880659,0.0,0.34086680769045496,-0.2458953594056732,0.2957585021016431,0.0,0.000136127904721,0.0686565806764213,0.5174325133316681,中等方差
310X2,310,0.12797388790665376,-0.8928786357812502,0.5598267499999998,1.714099,0.2087011204013251,0.0,-0.2941639290953478,-0.6392141079207461,0.2953763851738632,0.0,0.0002634515327568,0.0336662662726319,0.6873090789314141,中等方差
330X21,330,0.1277976456508135,-0.8934771468840226,0.5324999999999998,4.57,0.07822493779926555,0.0,0.33150500278555234,-0.2508986447277093,0.2949942682460833,0.0,0.0002536103745759,0.0678350560946821,0.5132092239331952,中等方差
360X261,360,0.12650267068210233,-0.8979003057114315,0.16249999999999964,4.01,0.08869629409253235,0.0,-3.929936510120911,22.72422459408326,0.29461215131830343,0.0,0.0002573343766801,0.0238026077499533,0.4642213114754092,中等方差
330X1210,330,0.12285024640175204,-0.9106239681150038,0.4399999999999977,22.27,0.01573866164647412,0.0,0.7745771196638738,0.09020852191736184,0.2942300343905235,0.0,0.0002003639834727,0.0229209019887072,0.3694949494949492,中等方差
400X14,400,0.12208235294117654,-0.9133471089802686,0.6000000000000014,31.4,0.011127479361026683,0.0,-0.1691651221400561,-0.7812277699300201,0.2938479174627436,0.0,0.0002261396604197,0.0838093826439265,0.0333333333333325,中等方差
750X1364,750,0.1217210448998744,-0.9146343281483938,0.41000000000000014,1.66,0.21017194719346666,0.0,-0.22186039717749184,2.467796310806828,0.2934658005349637,0.4,0.0004805998381566,0.1809124679901225,0.4097560975609756,中等方差
330X1194,330,0.11944975719649581,-0.9228147286962651,0.2937499999999993,23.157,0.01492486254320327,0.0,0.7477663677876453,0.932294861914261,0.2930836836071838,0.0,0.0002019393488913,0.0231437963749791,0.2728055993690879,中等方差
220X168,220,0.11838762087173801,-0.9266937069725922,0.755938,-0.346873,0.9919337110588751,0.0,1.0273193450149263,-0.9272901107985181,0.2927015666794039,0.0,0.0003570944265221,0.0299530002664523,0.024114411812805,中等方差
330X537,330,0.11702202480600729,-0.9317323916596866,0.3062499999999999,3.2535,0.10514363641287498,0.0,-1.1514917655285977,3.7175913861632974,0.292319449751624,0.0,0.0002172880684055,0.0630916233830739,0.2706799017789106,中等方差
330X546,330,0.11681070575563228,-0.9325173521078056,0.3077500000000004,3.275,0.10435902660391512,0.0,-1.129608521418328,3.5556298199824043,0.2919373328238441,0.0,0.000211757150234,0.0668920183225453,0.2583087792622902,中等方差
330X527,330,0.11647294628285351,-0.9337749385392174,0.30774999999999997,3.3015,0.10337159779244648,0.0,-1.1190319736202903,3.4667664710750135,0.2915552158960642,0.0,0.0001971725023697,0.0709566021888516,0.2255349105758589,中等方差
312X570,312,0.11638923654568246,-0.9340871805534369,0.0,5000.0,6.823173353966098e-05,0.0,-2.236289923893564,3.7491193459304775,0.2911730989682843,0.0,0.0001908743843656,0.0446929714456215,0.0,中等方差
210X19,210,0.11479192740926232,-0.9400886520502613,0.0,2.0,0.16940478698170125,0.0,-2.741690124993275,6.817835270504975,0.2907909820405044,0.0,0.0001467018985452,0.0222543393817752,0.0,中等方差
750X1028,750,0.11462138610763398,-0.9407343439566421,0.5999999999999943,34.3,0.009870489889213865,0.0,-0.8088573058412011,-0.9414045114762386,0.2904088651127245,0.0,0.0003334037580081,0.1210451623564084,1.0,中等方差
310X149,310,0.11423071236960576,-0.9422171148343759,0.75621,0.383401,0.8815322421444809,0.0,-0.987070167937239,-1.0014394011051535,0.2900267481849446,0.0,0.0001898399346158,0.0930252128118521,0.6698970066328755,中等方差
420X99,420,0.11400941815998271,-0.9430592707165065,0.40000000000000036,7.3,0.04625380919532522,0.005,0.5913237141850063,-0.3235607307416437,0.2896446312571647,1.0,0.0007791310246773,0.2351909626047288,0.3600000000000001,中等方差
360X611,360,0.11366018460575679,-0.9443916429138787,0.46999999999999975,4.91,0.0686629860667262,0.0,-1.0794880662848743,1.612760009587812,0.28926251432938477,0.0,0.0003761298025328,0.1742122031186685,0.797487922705314,中等方差
344X56,344,0.11101829543329172,-0.9546054450783659,0.09999999999999787,18.3,0.018207326815829115,0.07625,-26.11631023704342,700.4771561520585,0.28888039740160487,0.0,0.0003893696844471,0.0867693185842924,0.3107528083084072,中等方差
220X18,220,0.11099917729623093,-0.954680240105516,0.7103,0.7103,0.4690488389465314,0.0,-0.7635862552280377,-1.4149368093895964,0.288498280473825,0.0,0.0003854433125639,0.0176892386241223,1.0,中等方差
400X12,400,0.10887970901126422,-0.9630530484859406,0.5,30.4,0.010854251797547218,0.0,-0.010667198172496308,-0.7338572739698863,0.2881161635460451,0.0,0.0001552804179818,0.0372114154761183,0.2000000000000028,中等方差
210X172,210,0.10745047206508097,-0.9687916721705889,0.1,0.26,1.2607553389263815,0.0,16.923074984027757,326.0182422217463,0.2877340466182652,0.0,0.000557145980114,0.052941822291995,0.4359993120055042,中等方差
400X16,400,0.10697995932415594,-0.9706975715681094,0.5,30.4,0.010759141782057816,0.0,0.10909331244912815,-0.5252117483700989,0.2873519296904853,0.0,0.0001508028647905,0.0365596770651302,0.1200000000000017,中等方差
330X1196,330,0.10689723091364214,-0.9710335446930103,0.29999999999999716,23.16,0.014117073394073337,0.0,1.057569384108088,0.967891430416739,0.2869698127627054,0.0,0.0001713943041556,0.0329894204945084,0.3078250000000055,中等方差
220X163,220,0.10445775256847357,-0.9810593223398277,0.08979399999999998,0.380554,0.849286161564642,0.0,-1.1697088185784348,-0.5652478423605092,0.2865876958349255,1.0,0.0008631281906393,0.1646588481454947,0.0215261192075449,中等方差
420X94,420,0.10336752947125592,-0.9856158634287254,0.39999999999999947,7.1,0.04528284656076102,0.005,0.3264161826262877,0.08126082179474325,0.2862055789071456,0.8,0.0007283447248575,0.2403176360377694,0.4141176470588239,中等方差
360X23,360,0.1019836005944933,-0.9914696590608804,0.3150000000000004,4.03,0.0792428568625699,0.0,-1.4321057162311703,6.179786939537827,0.2858234619793657,0.0,0.0002611522377745,0.1173436894163257,0.8427294231369459,中等方差
520X91,520,0.09985068273144057,-1.0006489612841791,0.0,495.0,0.0006383668413906578,0.015,1.6560672556720246,5.7272126941342165,0.2854413450515858,0.0,5.878720983140439e-05,0.0700807982627904,0.0,中等方差
220X164,220,0.09928399953021522,-1.0031207361536023,0.08571700000000004,0.356631,0.8835284541471068,0.0,-1.2117744472841392,-0.4348964996631577,0.2850592281238059,0.2,0.0006258999329405,0.0709498630997116,0.1424679139857896,中等方差
220X21,220,0.09926096183940815,-1.0032215208017665,0.6723,-0.6723,0.4686257282666498,0.0,0.6768802385129841,-1.528685353210134,0.284677111196026,0.0,0.0003275759823869,0.0263549444778882,1.0,中等方差
210X224,210,0.09899718397997233,-1.0043771589312676,0.0,1.0,0.3146381794696447,0.0,-2.4772855693092186,4.147305831085028,0.28429499426824606,0.0,0.0003410351728098,0.0425385220691841,0.0,中等方差
400X15,400,0.09782002503128917,-1.0095722303825614,0.5,29.9,0.010460265226692633,0.0,0.1858084103199664,-1.1682438499811525,0.28391287734046616,0.0,0.00017280763648,0.0345304808848625,0.2600000000000037,中等方差
750X23,750,0.09746256821026324,-1.0111621488253348,0.2899999999999996,3.47,0.08996828683922403,0.0,-0.6050799542656919,2.6486566583627047,0.28353076041268627,0.0,0.0001377945304345,0.0675805542708042,0.2699999999999999,中等方差
312X580,312,0.09424286405418598,-1.0257515240846862,0.0,3002.0,0.00010226182759502066,0.1375,-1.6506699284301434,6.466215104934484,0.28314864348490637,0.0,0.0002653014165071,0.0539396542781866,0.0,中等方差
420X78,420,0.09097234600676354,-1.0410906055018854,0.2999999999999998,3.8,0.07937269027623561,0.005,1.2842615476400527,2.195326065243178,0.2827665265571265,0.0,0.000268636755449,0.0614930568202724,0.0,中等方差
420X15,420,0.09034202458835007,-1.0441101810128781,0.1999999999999993,13.9,0.021623705066859834,0.005,-1.0879534643840156,0.6698245506144858,0.2823844096293466,0.0,0.0002815202127891,0.0148587305988557,0.0,中等方差
312X340,312,0.08959193979943593,-1.047731060182582,0.0,0.0,,0.00125,-4.570176536498873,24.71292816945691,0.2820022927015667,0.0,6.673925072512318e-05,0.0926184823928958,0.0,中等方差
750X785,750,0.08949610450563139,-1.0481958677961252,0.19999999999999996,1.5,0.19943933024092134,0.0,-3.381013248311388,10.732327424050037,0.2816201757737868,1.0,0.0008014242123663,0.2548228983198269,0.0,中等方差
360X1267,360,0.08946687093241547,-1.0483377516647392,0.28000000000000025,5.01,0.059702621113427626,0.0,-2.2141224406436812,4.567245574468247,0.2812380588460069,0.0,0.0002531606195451,0.1662906034854301,0.6968500783292122,中等方差
520X93,520,0.08904049948722645,-1.0504124124206775,0.0,495.0,0.0006028213078347342,0.015,0.08463207689314865,14.149613495361432,0.280855941918227,0.0,7.692971026529521e-05,0.0268942834470854,0.0,中等方差
420X14,420,0.08645908789229052,-1.0631893504058205,0.3000000000000007,14.8,0.01986751773657227,0.005,-0.8208390412687995,0.8014639228636304,0.2804738249904471,0.0,0.0007408310487376,0.025272860845522,0.0,中等方差
420X200,420,0.08516668167883444,-1.069730273696668,0.39000000000000057,13.774999999999999,0.02118572134024883,0.005,0.33680900273145215,-0.19338333873531077,0.2800917080626672,0.8,0.0006597371649443,0.2108455267761213,0.2194879757923232,中等方差
344X51,344,0.08445196211095991,-1.0733902558139472,0.0,18.4,0.015793815089521407,0.07625,27.184554438136303,738.999999999997,0.2797095911348873,0.0,0.000324500710654,0.0286438865444671,0.0,中等方差
420X16,420,0.0841673145602218,-1.0748565291895817,0.1999999999999993,14.1,0.02057560541645661,0.005,-1.1876575318910902,1.1066464697994491,0.27932747420710735,0.0,0.0003195649569375,0.0365197757366092,0.0,中等方差
340X19,340,0.08381879083229091,-1.0766586085779504,0.6799999999999999,0.55,0.5263904556907201,0.0,0.24700130288591862,-1.4481258569198592,0.27894535727932745,0.0,0.0002896481468775,0.0775287817785037,0.171813725490196,中等方差
310X151,310,0.08375418120905123,-1.0769935027306223,0.04154399999999997,0.353931,0.8176823915072526,0.0,-1.4203946831240062,0.08631232278505419,0.27856324035154756,0.0,0.000205960212382,0.0350263624685473,0.2910222038209593,中等方差
312X246,312,0.08322828716265954,-1.0797290430512976,0.3000000000000007,18.6,0.015510383436340074,0.1375,1.1241547732465915,0.7561121666220703,0.27818112342376766,0.0,0.0002149420139579,0.0177433826965071,0.1888888888888913,中等方差
360X1321,360,0.0830108610763457,-1.0808650811548552,0.35999999999999943,23.58,0.012218662208410778,0.0,-1.1021304629626938,1.0787646436552905,0.27779900649598777,0.0,0.0002863816721405,0.0849863473042842,0.0747744903353418,中等方差
310X27,310,0.08238037624530666,-1.0841762288776908,0.5490000000000013,14.226,0.020175721816281248,0.0,0.21159381751540016,-1.5303308911629727,0.27741688956820787,0.0,0.0003437477187909,0.1515440290758908,0.9307776926059445,中等方差
420X12,420,0.08160228817041136,-1.0882976632332628,0.1999999999999993,14.1,0.020259655476096254,0.005,-1.1408974709077226,1.0703792556803813,0.277034772640428,0.0,0.0003920579228923,0.0354554011004795,0.0,中等方差
344X49,344,0.08032901709260612,-1.0951275470396948,0.0,3002.0,9.44116393170021e-05,0.07625,-2.9155035750210594,6.5177933210893535,0.2766526557126481,0.0,0.0001993791070789,0.0856868864460435,0.0,中等方差
210X105,210,0.07823027221526901,-1.1066251585513223,0.40000000000000013,0.8,0.3496209380691577,0.0,0.5292340112847542,0.6033389570446914,0.2762705387848682,0.0,0.0001789233979515,0.0085328682474011,0.1,中等方差
750X645,750,0.0771830405757195,-1.112478116678768,0.4405000000000001,3.8475,0.07220750070458366,0.0,0.2971706663091031,-0.7767638422992023,0.2758884218570883,0.0,0.0002408779811931,0.1201400437762203,0.5580622993584363,中等方差
420X13,420,0.07616616099364838,-1.1182379336187889,0.1999999999999993,14.1,0.019573203910463903,0.005,-1.2865782986029826,1.2748356078604437,0.2755063049293084,0.0,0.0004128516659227,0.0487839633185074,0.0,中等方差
360X1337,360,0.07451755929286615,-1.1277413781853372,0.33999999999999986,22.79,0.011978018671335501,0.0,-1.2070281650780437,1.2758813460606993,0.2751241880015285,0.0,0.0002158638826977,0.0725743917415646,0.0432564102564068,中等方差
330X1150,330,0.0731952434292866,-1.135517140519932,0.41999999999999993,5.73,0.047215740773289286,0.0,-1.668499039598674,3.293328492899464,0.27474207107374854,0.0,0.0003095119420211,0.0525074504926578,0.2967230443974622,中等方差
330X1147,330,0.0731931678332295,-1.135529455974503,0.4269999999999996,5.727,0.04723980420241532,0.0,-1.666891526151711,3.280003726302658,0.27435995414596864,0.0,0.0002713343298179,0.0523356016465316,0.2962828011001766,中等方差
330X1153,330,0.07319297559449342,-1.1355305966319496,0.4299999999999997,5.72,0.047297553038988034,0.0,-1.665109547678462,3.2690850410766625,0.27397783721818875,0.0,0.0002714449050093,0.0520645382607474,0.2965116279069761,中等方差
310X9,310,0.07238207603661473,-1.1403689647713946,0.45973625,-0.017044,15.784978405135327,0.0,0.5206267493118558,-0.981103552065278,0.27359572029040885,0.0,0.0002592133623929,0.0559910771626867,0.3360065427391759,中等方差
360X335,360,0.07231300062578225,-1.1407836170557792,0.54,4.25,0.06327312165460734,0.0,0.4222728592611446,-1.3324562865392366,0.27321360336262895,0.0,0.0002622554098513,0.0578404408377221,0.0772804704375262,中等方差
330X303,330,0.07214728394868608,-1.141780013680686,0.34250000000000025,4.92,0.054593996854592396,0.0,0.36800307475481614,-0.03126731259917692,0.27283148643484906,0.0,0.00022806379004,0.0568445759972843,0.2921249999999995,中等方差
330X323,330,0.07128578966051313,-1.146997035184668,0.33999999999999986,4.913,0.05434438999809026,0.0,0.36805759919777475,-0.022990736818714108,0.27244936950706916,0.0,0.000231340031624,0.0579417176634405,0.299611038406288,中等方差
400X13,400,0.07127352941176425,-1.1470717347332653,0.5,30.4,0.008781941687139406,0.0,-0.33404780176258075,-1.108332842924607,0.27206725257928926,0.0,0.0002442338565215,0.0715495597246086,0.0400000000000005,中等方差
330X313,330,0.07034699608886176,-1.1527544427904974,0.33999999999999986,4.91,0.05401834652092494,0.0,0.3676064032173687,-0.011648830190421844,0.27168513565150937,0.0,0.0002616678209505,0.0586942422585527,0.3096774193548373,中等方差
360X853,360,0.06861590988735954,-1.1635751732849609,0.45999999999999996,4.14,0.0632720742583305,0.0,0.26710194565796597,-1.4487798466272128,0.27130301872372947,0.0,0.0004673528181772,0.1134547516914072,0.4156862745098043,中等方差
750X1321,750,0.06803446667709627,-1.167271015302328,0.040000000000000036,4.57,0.05707531174453458,0.0,2.9501850723235217,6.868824395251108,0.2709209017959496,0.0,0.0001192366765355,0.0431641683062603,1.0,中等方差
344X79,344,0.06759397999933851,-1.1700919811217967,0.1999999999999993,19.7,0.013197381868928874,0.07625,16.574081162893652,383.5012389317467,0.2705387848681697,0.6,0.0004866216693617,0.1125189717932201,0.0109090909090881,中等方差
340X97,340,0.06758291614518122,-1.1701630727203889,0.0,0.0,,0.0,2.777579214548608,9.75598506579282,0.2701566679403898,0.0,6.918421351463457e-05,0.0265466254901826,0.0,中等方差
750X1337,750,0.0664110136107633,-1.1777598912081981,0.040000000000000036,4.45,0.05791086386468877,0.0,2.955378519506272,6.888745632515983,0.26977455101260983,0.0,0.000195125168795,0.0340297356268344,0.0,中等方差
311X195,311,0.06453549577808387,-1.1902013492355907,0.33000000000000007,13.42,0.018929834174148445,0.00625,-0.13182372241253454,0.32466786234518796,0.26939243408482993,1.0,0.0004597412681364,0.246299027763241,0.048586179863986,中等方差
340X17,340,0.06377428723404259,-1.1953543865331784,0.58,0.91,0.2775117744717611,0.0,0.3755544431645667,-1.3458819073705766,0.26901031715705004,0.0,0.0001784774127013,0.0849176794342619,0.1996160990712075,中等方差
360X1039,360,0.06361871339173969,-1.19641511819813,0.3724999999999987,19.98,0.012623999161265881,0.0,-0.4104954024042326,-0.6676784326974725,0.26862820022927014,0.0,0.0002167922672895,0.0294436309319581,0.147063492063491,中等方差
330X1013,330,0.06349310075093875,-1.1972734631896318,0.3000000000000007,31.4,0.008024788967447466,0.0,1.1915026238790525,0.9850274964991961,0.26824608330149025,0.0,0.0001623884990707,0.1208117266034866,0.4666666666666675,中等方差
330X1010,330,0.06321476287703409,-1.1991814867915644,0.24975000000000236,31.4,0.008007180314362324,0.0,1.1921244722347906,0.9769853127219994,0.26786396637371035,0.0,0.000192741228493,0.124878869185074,0.4446666666666666,中等方差
330X1016,330,0.0630397997496874,-1.2003851750829664,0.22499999999999787,31.4,0.00799609167011761,0.0,1.1753405704570876,0.9502686697379317,0.26748184944593045,0.0,0.00015396897282,0.1265146525381347,0.4,中等方差
360X1017,360,0.06276258933041316,-1.202299147482916,0.42249999999999943,18.84,0.013297485572789173,0.0,-0.3445125480359512,-1.0247913149223842,0.26709973251815056,0.0,0.0002062473255297,0.0840486247930469,0.0812743648339835,中等方差
340X57,340,0.06093710888610904,-1.2151181543895888,0.0,0.0,,0.0,-4.923244510116052,26.009459725803175,0.26671761559037066,0.0,0.0001292814630861,0.0214042895838854,0.0,中等方差
330X553,330,0.05777304740300375,-1.2382747237619809,0.3100000000000005,5.66,0.042466474391381015,0.0,-1.627673523149181,5.98031612914709,0.26633549866259076,0.0,0.0002149404496713,0.0557950559053357,0.6070345431193762,中等方差
330X567,330,0.05751952384856064,-1.2401847177364147,0.3070000000000004,5.66,0.04237319483196567,0.0,-1.6330359754859476,6.003573027535154,0.26595338173481087,0.0,0.000208413733024,0.0556282466617931,0.6109085676420122,中等方差
330X560,330,0.0572950563204005,-1.2418828493309475,0.3100000000000005,5.66,0.04229043420319301,0.0,-1.6376046746514408,6.021830622965345,0.26557126480703097,0.0,0.0002934657688892,0.0553162985689603,0.6135038748252054,中等方差
340X110,340,0.05647058823529328,-1.248177688338712,0.0,6.0,0.03960590171906668,0.0,3.7124328929651798,11.811681021877169,0.2651891478792511,0.0,6.242829244918204e-05,0.1041990417173537,0.0,中等方差
340X18,340,0.05481650500625792,-1.2610886576853062,0.35000000000000053,4.35,0.05382281574864008,0.0,0.26764891539188307,0.18789851701208216,0.2648070309514711,0.0,0.0002480017799519,0.0711189483893515,0.0563636363636356,中等方差
360X885,360,0.05435795744680839,-1.2647368706710767,0.38000000000000034,4.0,0.058286982598394335,0.0,0.3682400832432804,-1.104718283876154,0.2644249140236912,0.0,0.000263732666873,0.0307869683136849,0.163568860511865,中等方差
360X582,360,0.05150141068679595,-1.2881808749374413,0.361,1.226,0.18510540167315637,0.0,-0.9015805900377071,0.27996838353388,0.26404279709591133,0.0,0.0004531706535345,0.0336284715616732,0.5508770180148257,中等方差
312X217,312,0.05123989819313862,-1.2903917418118565,0.10000000000000142,47.9,0.004725726851668922,0.1375,-1.7178086946567985,1.7147456117528717,0.26366068016813143,0.0,0.000208476896861,0.053064329030792,0.0,中等方差
210X2,210,0.05088523653942448,-1.2934082023290867,0.17099999999999999,0.447,0.504647790014432,0.0,0.3363499015189535,3.3707056945537888,0.26327856324035154,0.0,0.0005029992768525,0.0545182713296348,0.2528245296061847,中等方差
220X28,220,0.050750143577909856,-1.2945627247446851,0.3697499999999998,14.447,0.015593405218384229,0.0,-0.7574701448478753,-0.7211637554254811,0.26289644631257164,0.0,0.0002910655103523,0.0519015617242374,0.0355567798309951,中等方差
310X148,310,0.050661319262557736,-1.2953235050115404,0.02670200000000006,0.289559,0.7773223937157646,0.0,-1.8090823039152653,1.3117239942627608,0.26251432938479174,0.0,0.0001863282260152,0.090091503001649,0.2520688878430676,中等方差
360X185,360,0.05052859683979964,-1.2964627617893443,0.37999999999999945,4.12,0.05455962831816665,0.0,0.20560503162579194,-0.692151264816228,0.26213221245701185,0.0,0.0004302929745547,0.1407359719722611,0.9346999405822948,中等方差
210X229,210,0.04885730600750883,-1.3110704837057898,0.19999999999999998,0.3,0.7367896278036133,0.0,0.9941662030270639,0.5250858266917056,0.26175009552923195,0.0,0.0004044698992123,0.0197948281214477,0.9333333333333332,中等方差
312X441,312,0.04842199365748542,-1.3149573335101437,0.25,10.4,0.021158651914225134,0.00125,2.262893215435026,11.724946527597089,0.26136797860145206,0.0,0.0001615435129819,0.0579793317782971,0.0,中等方差
310X19,310,0.044999263133354485,-1.3467945977743938,0.4425,0.0,,0.0,0.8478106955406606,-0.9578876000354635,0.26098586167367216,0.0,0.0001072133279815,0.0826372412478649,0.0,中等方差
750X185,750,0.04413891364205243,-1.355178360006896,0.2599999999999998,3.29,0.0638579425832479,0.0,1.1810487988339284,0.4441359014719901,0.26060374474589226,0.6,0.0004288295538798,0.208473217627984,0.2878205128205132,中等方差
750X111,750,0.04290725954943679,-1.3674692226046867,0.0990000000000002,3.2744999999999997,0.0632587191168845,0.0,2.7419839563820023,7.862767089579915,0.26022162781811237,0.0,0.0001578597762685,0.0530811298797153,0.4488633801603991,中等方差
400X22,400,0.042056570713391854,-1.3761661425143816,0.09999999999999432,90.0,0.002278633192042005,0.0,-3.8809881478706996,17.23421595905028,0.2598395108903324,0.0,0.0001725192723581,0.0382089782014454,0.0,中等方差
750X637,750,0.04089832858416774,-1.3882944401957225,0.2730000000000006,3.973,0.05090192595259379,0.0,0.5462045514991939,-0.3476998189309044,0.2594573939625525,0.0,0.0002613400936701,0.1285989666359617,0.2490173564067127,中等方差
220X177,220,0.039900717372233975,-1.3990192960926504,0.07424899999999998,-0.305521,0.653806577036917,0.0,1.8881368644793188,1.8013286443970697,0.2590752770347726,0.0,0.0002332972002475,0.0192872736191819,0.0,中等方差
210X214,210,0.03878441802252818,-1.4113427209530924,0.0,2.0,0.09846879965568812,0.0,-3.3923645511936016,73.01221592541638,0.2586931601069927,0.0,1.2519972601930447e-05,0.0578031784841521,0.0,中等方差
310X96,310,0.03838615003128881,-1.4158254436005488,0.379999999999999,23.33,0.008397935590346954,0.0,0.174094746558787,-1.0345708556049378,0.25831104317921283,0.0,0.0002451621336747,0.0800044359068923,0.9666666666666652,中等方差
750X211,750,0.038178937165206525,-1.4181761657723875,0.11799999999999988,3.546,0.055102738863035725,0.0,2.058046257266625,4.5112632656594585,0.25792892625143293,0.0,0.0001499811493555,0.0198718349302901,0.1845912602171232,中等方差
360X14,360,0.03796620775969977,-1.4206027800339227,0.09999999999999432,78.0,0.00249806656859805,0.0,-0.9696236120891488,-0.567597223300571,0.25754680932365304,0.6,0.0006091472044995,0.1059285674216614,0.0,中等方差
360X1,360,0.03692515644555669,-1.432677655980859,0.3999999999999999,2.7,0.07117007243665541,0.0,-0.7191107398529132,-0.07422395472640853,0.25716469239587314,0.0,0.0002544625279015,0.0649475287431606,0.0,中等方差
330X946,330,0.03584724264705895,-1.445544244437505,0.259999999999998,20.02,0.00945722680814556,0.0,-0.6445397311950746,-0.03663277750664218,0.25678257546809324,0.0,0.0001951999068132,0.0346990621029672,0.3580301180301137,中等方差
344X20,344,0.033540595118898606,-1.4744292358694442,0.12,0.79,0.23182394432307965,0.0,0.595886746947726,3.897893862237912,0.25640045854031335,0.0,0.0003757701566661,0.0657128323852316,0.0181818181818182,中等方差
330X940,330,0.03319534758291625,-1.4789227795685829,0.2560000000000002,20.02,0.009100694525855919,0.0,-0.5880997373598642,-0.092082073711655,0.25601834161253345,0.0,0.0002700766611836,0.0377417443965849,0.3702306469595228,中等方差
330X59,330,0.03233225531914871,-1.4903640003529002,0.29000000000000004,0.77,0.2335217167045153,0.0,0.37563336239281975,-0.8215827733356749,0.25563622468475355,0.0,0.0001684385935975,0.0948464423827752,0.0966294170945333,中等方差
330X53,330,0.03223293591833527,-1.4917001352241896,0.29000000000000004,0.773,0.23225786978306925,0.0,0.3823962440558461,-0.7848729715187557,0.25525410775697366,0.0,0.0002476883523291,0.0979299404193527,0.0929394838073843,中等方差
330X1,330,0.03221462765957443,-1.4919468839149255,0.2999999999999998,2.7,0.06647568081531259,0.0,-1.044862704645594,1.1754607601472342,0.2548719908291937,0.0,0.0003023979753958,0.1053537672602548,0.166666666666667,中等方差
330X56,330,0.03214697371714643,-1.4928599048487907,0.29000000000000004,0.78,0.22986637385869244,0.0,0.38431715910842795,-0.7434535496959023,0.2544898739014138,0.0,0.0001361920835691,0.0976870646563066,0.1023031341723289,中等方差
750X1,750,0.03169197434292883,-1.4990507043398265,0.2999999999999998,2.8,0.06357942801087395,0.0,-0.722296299027115,-0.5929267372302869,0.2541077569736339,0.0,0.0004100890424084,0.1311066098313218,0.6222222222222217,中等方差
310X20,310,0.03093926829030047,-1.5094899615236108,0.3253,0.0,,0.0,1.2484671083339685,1.7893645842506567,0.253725640045854,0.0,0.0001259922902486,0.1002274596727781,0.0,中等方差
312X341,312,0.030912265202667003,-1.5098691693471316,0.0,0.0,,0.1375,-5.340459973939065,26.597599133992887,0.2533435231180741,0.0,9.951352188754348e-05,0.1308590124675524,0.0,中等方差
330X943,330,0.03086715879224046,-1.5105033438784194,0.26000000000000156,20.02,0.008775750246106865,0.0,-0.5346648832255796,-0.1420344902142645,0.2529614061902942,0.0,0.0002117366600172,0.0409451437045325,0.3898860398860311,中等方差
310X150,310,0.030583467512459713,-1.5145132764072082,0.025549000000000044,0.291025,0.6009150261680922,0.0,-2.7955235046582723,6.100292901984297,0.25257928926251433,0.0,0.0001287495434567,0.0092171426611163,0.1052951878729844,中等方差
330X11,330,0.030008995619524612,-1.522748539869973,0.2999999999999998,2.8,0.06186823104546037,0.0,-1.3810243748463606,2.1561340598775534,0.25219717233473443,0.4,0.0004797518030728,0.1597975726506889,0.3999999999999991,中等方差
220X174,220,0.028992063793579458,-1.537720868389006,0.166155,0.27492,0.6193458481030051,0.0,-1.1828742875907934,-0.498873859369946,0.25181505540695454,0.0,0.0003629400785425,0.0139821451350881,0.0240012880016616,中等方差
330X774,330,0.02877278535669594,-1.54101809408846,0.2599999999999998,4.93,0.034406780247870444,0.0,0.37725868665789264,0.0037136136020641253,0.25143293847917464,0.0,0.0003344739967741,0.0313011933461053,0.4163807189542515,中等方差
330X61,330,0.028527263923654476,-1.5447398799321561,0.19999999999999973,2.733,0.061800277947976795,0.0,-1.3142557789779445,2.064549236464976,0.25105082155139474,0.0,0.0002888758909876,0.147568556760829,0.0141630901287551,中等方差
330X771,330,0.028515193591989983,-1.54492367560798,0.2607500000000007,4.925,0.034287192629716294,0.0,0.3717211811059843,-0.0126143988904448,0.25066870462361485,0.0,0.0002765595429859,0.0312921889743422,0.3782272985003584,中等方差
330X777,330,0.028224808354192714,-1.5493689982426455,0.2599999999999998,4.92,0.03414683044691544,0.0,0.36629145211090675,-0.02670910546072003,0.25028658769583495,0.0,0.0003580992537537,0.0329166119394117,0.3599264705882372,中等方差
210X80,210,0.027958385481852283,-1.5534879114874283,0.0,0.0,,0.0,5.650832187452378,30.006915676821173,0.24990447076805503,0.0,1.7834730974844113e-05,0.0588676156431459,0.0,中等方差
750X1050,750,0.02793892365456825,-1.553790329069574,0.20000000000000284,42.1,0.003970294660037988,0.0,-1.1239362133993345,1.0222025323974577,0.24952235384027513,0.0,0.0001776903236058,0.0145475625870362,1.0,中等方差
330X803,330,0.02727386983729676,-1.5642532364717852,0.27000000000000046,4.79,0.03447766680975937,0.0,-0.21475817282742177,0.5726589601915824,0.24914023691249523,0.2,0.0004433473090347,0.1271228890762658,0.5770026052378995,中等方差
330X800,330,0.026898829347622003,-1.570266620329597,0.2599999999999998,4.79,0.034239796624838975,0.0,-0.2272988052956162,0.603575324218895,0.2487581199847153,0.0,0.00048914801466,0.12693659175532,0.5810688762230974,中等方差
400X200,400,0.026598829630788457,-1.5751374722438451,0.29000000000000004,6.79,0.024019363220398604,0.0,-0.8118758404580263,-0.336739115562696,0.2483760030569354,0.0,0.0002281597104121,0.0233816584353947,0.1180740740740736,中等方差
330X806,330,0.02659148873591983,-1.575257347824658,0.25,4.79,0.03404362615056984,0.0,-0.2291462253561219,0.6248141235864995,0.24799388612915552,0.0,0.0004041436398294,0.125158670794182,0.5916666666666669,中等方差
330X630,330,0.02650922262202751,-1.5766030076842565,0.35,0.33,0.49338342592480317,0.0,-0.3112858180877445,-1.6380314465069652,0.24761176920137562,0.0,0.000233907005392,0.0531243357440019,0.5114285714285715,中等方差
310X22,310,0.026419663401689535,-1.5780727197918953,0.2487,0.0,,0.0,-0.992630518241524,1.2506745458118713,0.24722965227359572,0.2,0.0001722340394356,0.1328269130554119,0.0,中等方差
330X628,330,0.026303347808197753,-1.5799889723430676,0.343,0.33,0.49146384487475725,0.0,-0.3044232343252466,-1.6459332391382142,0.24684753534581583,0.0,0.0002089616794943,0.0523039172786451,0.5202687171185756,中等方差
440AX210,440A,0.0262437421777222,-1.5809742374649045,0.0,100.0,0.0016199920425027463,0.0,19.066844820401943,471.8856032524437,0.24646541841803593,0.0,0.0,0.0140834751037245,0.0,中等方差
330X632,330,0.02611973701501876,-1.58303120004249,0.34,0.33,0.48974550666130473,0.0,-0.2954987710541328,-1.6550097051045867,0.246083301490256,0.0,0.0001578535490525,0.0515394263926654,0.5285714285714287,中等方差
344X22,344,0.026092316944820313,-1.5834873547183634,0.13,0.48,0.3365232583438152,0.07625,2.4667079131850254,7.093454830867161,0.2457011845624761,0.2,0.00026639280771,0.0818332262583381,0.1012567641352841,中等方差
750X611,750,0.024497949937421677,-1.6108702571912665,0.1900000000000004,4.3,0.03639958362867377,0.0,1.6227984045291588,6.234084907577495,0.24531906763469621,0.4,0.0002868621904552,0.1990935283442634,0.1087719298245639,中等方差
750X582,750,0.0243451266817897,-1.6135879612265658,0.34299999999999997,0.375,0.41607799851504085,0.0,0.5120417346712606,-1.541544005474364,0.24493695070691632,1.0,0.0008079955415832,0.2140404649271884,0.0176363939411765,中等方差
344X21,344,0.024075330685647895,-1.6184277389296662,0.13,0.38,0.40832176870467685,0.07625,2.4065490904259077,6.589660118531631,0.24455483377913642,0.0,0.0003236616889792,0.0728799119341687,0.0242266928340669,中等方差
310X152,310,0.023753145846540213,-1.6242788646362274,0.06735799999999997,0.320043,0.48156202825931543,0.0,-3.218623263931517,9.38381031955164,0.24417271685135652,0.0,0.0002756208381807,0.0231722353857729,0.9294867494129484,中等方差
312X91,312,0.023011716202856216,-1.6380509906474743,0.0,0.0,,0.1375,11.387189177813575,136.32451967304573,0.2437905999235766,0.0,4.151350340420291e-05,0.0208756166378687,0.0,中等方差
220X19,220,0.022745373995228232,-1.6431069178039743,0.3181,-0.3181,0.4741141007665808,0.0,0.6596007860990779,-1.568299332564751,0.2434084829957967,0.0,0.0004192195368888,0.0283244309795474,1.0,中等方差
750X621,750,0.02253010187108887,-1.6472368445854573,0.21525000000000016,4.1,0.03660983073966561,0.0,-0.13120703079453688,-0.36500511677204583,0.2430263660680168,0.0,0.0004215079949812,0.0555502164931441,0.9122910934345112,中等方差
750X613,750,0.022236469698060105,-1.6529341609906798,0.21125000000000016,4.049,0.03682859430219508,0.0,-0.050682179561108376,-0.2919128397609856,0.2426442491402369,0.0,0.0002514738933749,0.0588428507838159,0.9502409361932748,中等方差
360X1383,360,0.021149186483104564,-1.674706333380835,0.30000000000001137,149.8,0.0009708117407669794,0.0,-0.06596663627523387,-1.3187454542981432,0.24226213221245702,0.0,0.0005183109561089,0.2129444142232229,1.0,中等方差
750X329,750,0.0210088408948685,-1.677597907939072,0.1160000000000001,3.7125000000000004,0.03904222713464682,0.0,1.7702164442203325,4.609491307298708,0.24188001528467712,0.0,0.000242757323391,0.0286293836604278,0.342250336205899,中等方差
400X19,400,0.020615206508134934,-1.685812310394795,0.0,90.0,0.0015953329505863454,0.0,-3.9652375377224707,24.48119252435602,0.24149789835689722,0.0,0.0001036999360979,0.0511396431658895,0.0,中等方差
400X23,400,0.020490597622027405,-1.6884453749241422,0.0,90.0,0.00159050413709831,0.0,-4.03779256287886,24.722988028580396,0.2411157814291173,0.0,8.385467806097563e-05,0.0574946464688852,0.0,中等方差
750X401,750,0.02041852174593263,-1.6899757030337963,0.28,1.74,0.08212263962074473,0.0,0.22934504903780362,-0.74128465210147,0.2407336645013374,0.0,0.0003455226029773,0.0384561904347738,0.6476190476190473,中等方差
330X926,330,0.02041284355444314,-1.6900964928838946,0.08999999999999986,18.87,0.007571463854268609,0.0,-1.8936014132472303,3.0561214012529003,0.2403515475735575,0.0,0.000249605758247,0.0259290537935741,0.4329729729729615,中等方差
750X629,750,0.019387823053817255,-1.7124709525918116,0.1515000000000004,4.112,0.03386190739810881,0.0,0.31880969364691303,0.16976221955544846,0.2399694306457776,0.0,0.0002565012836769,0.065831317923904,0.7262256101794764,中等方差
750X541,750,0.019267834793491537,-1.7151670860747819,0.29999999999999716,50.0,0.002776172530192714,0.0,0.5209778812822338,-1.4314637195354492,0.2395873137179977,0.8,0.0009365801293363,0.2171257115042552,0.0,中等方差
750X677,750,0.019082091637984962,-1.719374022868409,0.2162499999999996,4.091,0.03376630267339448,0.0,-0.12658970584472884,-0.21735703259908146,0.23920519679021782,0.2,0.0004038915573031,0.1060783084409183,0.3956537713243406,中等方差
330X920,330,0.018270269322590682,-1.7382550506522303,0.08075000000000188,18.877,0.007160436519099231,0.0,-1.9507950881395921,3.5298801142110774,0.2388230798624379,0.0,0.0002132289755429,0.0253257922985676,0.4341979645815844,中等方差
311X211,311,0.01817249750487142,-1.7405853821004895,0.17000000000000082,4.86,0.02773773787385508,0.00625,-0.6544475152250961,1.6688225874865394,0.238440962934658,1.0,0.0008680812494747,0.3008680942047967,0.0650735294117672,中等方差
210X193,210,0.017618292240300256,-1.754036190507303,0.019999999999999997,0.02,6.636695759242746,0.0,2.238187585644485,3.859590320477114,0.2380588460068781,1.0,0.0029132523105532,0.3039219886308746,0.0,中等方差
330X1093,330,0.017242596839799687,-1.7633973261989582,0.1900000000000004,4.15,0.031641221443835146,0.0,-0.36386414029816844,0.41084952297104227,0.2376767290790982,0.0,0.0002880719914376,0.0295873184060187,0.3684210526315787,中等方差
312X447,312,0.017141288766346432,-1.7659565287913774,0.09999999999999964,9.6,0.01363799423623625,0.00125,-1.913533615040285,2.2676643164898427,0.2372946121513183,0.0,0.0001212302515535,0.0190339769726254,0.0,中等方差
750X1072,750,0.016818507509386783,-1.774212546540297,0.10000000000000142,42.0,0.0030877663948518158,0.0,-1.1075140266134724,2.1561022118556785,0.2369124952235384,0.0,0.0001405629259289,0.0671114101877936,1.0,中等方差
750X685,750,0.016673530506883614,-1.7779724315267855,0.19200000000000017,3.9425,0.032752321033866286,0.0,-0.2511655510486147,-0.12664103989537256,0.23653037829575851,0.0,0.0004019708301371,0.0837989254167234,0.4017870375178985,中等方差
400X20,400,0.01663915832290361,-1.7788686458916592,0.0,90.0,0.00143325401687966,0.0,-4.014865746549516,23.038786592800953,0.2361482613679786,0.0,0.0001784527242875,0.0354931712481775,0.0,中等方差
330X1087,330,0.01660220208854833,-1.7798343040395996,0.1900000000000004,4.15,0.03104808017946524,0.0,-0.29388685819836347,0.24174137172766397,0.2357661444401987,0.0,0.0002136632291363,0.0300026654708697,0.3773684210526301,中等方差
330X923,330,0.016379769086358048,-1.785692224994854,0.08000000000000185,18.88,0.006778785589326675,0.0,-2.026058486509644,4.149473539969326,0.2353840275124188,0.0,0.0001667210479843,0.0257980976738674,0.4477204477204368,中等方差
750X669,750,0.01637344273936174,-1.7858599946560332,0.1792499999999997,4.173,0.030663492464704064,0.0,-0.04892943916962535,0.2212682513586306,0.2350019105846389,0.0,0.0002572596979242,0.1027498784435072,0.2395571164562945,中等方差
311X111,311,0.016230629089238422,-1.7896646468595305,0.2999999999999998,5.0,0.025479897244092976,0.00625,-0.3724117953086635,-1.3658461277029075,0.234619793656859,0.6,0.0009625385956789,0.065588682678415,0.0,中等方差
330X1090,330,0.016004172559449383,-1.7957667746379136,0.1900000000000004,4.15,0.030483758752042765,0.0,-0.21860019134365286,0.051546654776523315,0.2342376767290791,0.0,0.0002273364940594,0.0292935300318089,0.3789473684210521,中等方差
750X117,750,0.015987144166145162,-1.7962291087149733,0.16725000000000012,3.903,0.03239566462967399,0.0,-0.36714902070955563,-0.20265537805246536,0.23385555980129918,0.0,0.0002905380574918,0.0988106766378318,0.1811036520404799,中等方差
750X1094,750,0.015454177096370742,-1.8109541152865452,0.10000000000000142,42.1,0.0029528463315159023,0.0,-1.0585123697711718,1.4047767740248238,0.2334734428735193,0.0,0.0001782882901571,0.0585322054340494,1.0,中等方差
310X8,310,0.015368812342369895,-1.8133596922324695,0.174257,0.33174349999999997,0.3736953824919821,0.0,-0.10945858300473232,-0.3006502502551309,0.2330913259457394,0.0,0.0002610206368476,0.0443487591737524,0.2241789625833312,中等方差
210X9,210,0.015179830882352908,-1.818733066864126,0.21000000000000002,-0.11,1.1200586939443868,0.0,0.21492204226202694,-1.6987307234961864,0.2327092090179595,0.0,0.0004159456300411,0.0833244074008819,0.8636363636363635,中等方差
750X987,750,0.014964705882352712,-1.8249318144019042,0.10000000000000142,34.4,0.0035561137979632992,0.0,-0.7002957556298685,1.6054081101152269,0.2323270920901796,0.0,0.0002447590707468,0.1006727115871548,1.0,中等方差
750X605,750,0.014884919009699587,-1.8272535240495875,0.17425000000000024,3.9965,0.030527653290393444,0.0,0.008962898641314778,0.1006649344898749,0.2319449751623997,0.0,0.0002662394099392,0.0724270596210206,0.8796209120968165,中等方差
750X1138,750,0.014779411764705618,-1.8303428509497364,0.19999999999999574,39.3,0.003093399593689597,0.0,-0.505520525429253,-0.27947089989054597,0.2315628582346198,0.0,0.000289965280129,0.0787106146274757,0.0,中等方差
750X125,750,0.014338794586983731,-1.843487356773195,0.17100000000000026,3.898,0.030719524341433112,0.0,-0.30873807738037007,-0.3044297409502681,0.23118074130683988,0.0,0.0002234809442116,0.0949121045262106,0.0928417210555104,中等方差
340X195,340,0.014165143929912909,-1.8487790083197255,0.10000000000000853,109.9,0.0010829609663023665,0.0,-6.414448669586044,54.96737706041722,0.23079862437905999,0.0,0.0001609568493582,0.0939511475931184,0.0,中等方差
210X3,210,0.014027734042553213,-1.8530124766760852,0.11000000000000001,0.24,0.49349473082281453,0.0,-0.46680255096077694,-0.1161413855618707,0.2304165074512801,1.0,0.0016064027905759,0.1710626530327161,0.1393939393939395,中等方差
330X46,330,0.014019974342928676,-1.8532527811435893,0.19000000000000006,0.42,0.28191898233647994,0.0,0.5710171281665352,0.01729217725413612,0.2300343905235002,0.0,0.0002118350624679,0.1248188284860806,0.6981850248516916,中等方差
210X102,210,0.013928394868585768,-1.8560989295115609,0.029999999999999805,1.64,0.07196257369225278,0.0,-13.255779768868257,181.37970445918316,0.2296522735957203,0.2,0.0004248169655874,0.0369367359519514,0.0,中等方差
330X43,330,0.013824065768147688,-1.8593642086994064,0.18375000000000008,0.42,0.2799423508047324,0.0,0.5505827349394986,-0.02571512656379138,0.2292701566679404,0.0,0.0003492625439211,0.1252179516951939,0.6863584182677998,中等方差
311X113,311,0.013729797379718857,-1.8623358719052212,0.20000000000000018,5.0,0.023434843613490453,0.00625,-0.5935927031828124,-0.6557705107770615,0.22888803974016048,0.6,0.0008710576870553,0.0726804366842992,0.0,中等方差
330X49,330,0.013687503754693365,-1.863675748682116,0.18250000000000005,0.42,0.27855620384417173,0.0,0.5190873375129589,-0.11450714655165184,0.22850592281238058,0.0,0.0003034367313417,0.125761561160372,0.6924614691993065,中等方差
420X216,420,0.01344768417559493,-1.8713524990337103,0.1225000000000005,5.34,0.02171613303177093,0.005,-1.2852177205835562,2.2906311256744956,0.22812380588460068,0.0,0.0003059248227354,0.0888336916878277,0.226515151515154,中等方差
210X226,210,0.013428895494368001,-1.8719597059036719,0.10000000000000003,0.4,0.28970777835570793,0.0,0.6234728903850323,1.607667688818477,0.2277416889568208,0.0,0.0001551841557456,0.0426520895677241,1.0,中等方差
344X151,344,0.013255149601563671,-1.877615366326441,0.1999999999999993,10.5,0.01096485815229259,0.07625,-0.7310973251150392,3.2148739422186963,0.2273595720290409,0.0,0.0002025589049305,0.0907190483705368,0.0,中等方差
340X194,340,0.013226470588235208,-1.878556029474316,0.09999999999999432,110.1,0.0010445630670677254,0.0,-6.177059610265416,51.88302103326116,0.226977455101261,0.0,0.0001312249461013,0.0803143751133354,0.0,中等方差
750X1267,750,0.013173235919899877,-1.8803075303126526,0.14250000000000007,4.44,0.025850161739106103,0.0,-0.27959412076358225,5.170783709989982,0.2265953381734811,0.8,0.0005435136164105,0.2089590954545813,0.1266666666666636,中等方差
750X661,750,0.013089839422715898,-1.8830656810471167,0.13849999999999962,4.201499999999999,0.027230949928486983,0.0,-0.11518503183299307,1.0716807381402118,0.22621322124570117,0.2,0.0002437450062446,0.0976027464601732,0.1060139159439728,中等方差
311X109,311,0.013062592082125282,-1.883970635062158,0.20000000000000018,5.0,0.02285833946910867,0.00625,-0.6071736568649955,-0.6135722605109555,0.22583110431792128,0.8,0.0009146887573713,0.0868330272533914,0.0,中等方差
750X1297,750,0.01301627033792238,-1.8855134400152118,0.10000000000000142,38.5,0.0029633472818390437,0.0,-0.7137800108649385,0.8273269455032324,0.22544898739014138,0.0,0.0001533616428827,0.0956652838171589,0.4,中等方差
340X193,340,0.01297295056320379,-1.8869612369009028,0.0,110.0,0.001035444191950943,0.0,-6.8664372960040225,61.0750876313053,0.22506687046236148,0.0,0.0001341122415398,0.0928549235008424,0.0,中等方差
360X1201,360,0.012867061326658337,-1.8905206291130885,0.07000000000000028,4.23,0.026816328560427493,0.0,-1.49535796262339,1.6874398476462646,0.2246847535345816,0.0,0.0003102595051271,0.0573138093911553,0.0523809523809518,中等方差
750X318,750,0.012825547834793456,-1.891924075218377,0.1612499999999999,3.926,0.0288461373542875,0.0,0.3308735708950513,0.4823144498848615,0.2243026366068017,0.0,0.000246501827121,0.1598547525026485,0.1389844626939936,中等方差
310X14,310,0.012749466546792893,-1.894507986259903,0.2304,-0.22,0.5132433441415858,0.0,0.18204390348706276,-1.9117608122416478,0.22392051967902177,0.0,0.0002212916487833,0.1060157678211146,0.8240000000000001,中等方差
750X425,750,0.012690430086045052,-1.8965236591636905,0.15399999999999991,4.036,0.027911746547794585,0.0,0.2447124422300307,0.03231625535127991,0.22353840275124187,0.0,0.0002061703810903,0.0207128619600096,0.1247298298772283,中等方差
220X9,220,0.012527576487823194,-1.9021329369679931,0.16087475,0.13234,0.8457507687378775,0.0,0.5703164400576598,1.365170492106297,0.22315628582346198,0.0,0.0001664301390447,0.0340918295524284,0.4414702809778414,中等方差
750X414,750,0.012442886101376706,-1.9050788742652123,0.1495000000000002,4.015499999999999,0.027779276634304944,0.0,0.32005135422141223,0.038864382095027405,0.22277416889568208,0.0,0.0002001510952227,0.0160406879392782,0.1966189299485182,中等方差
750X307,750,0.01237236836045054,-1.9075471582995154,0.15524999999999967,3.915,0.02841153214236843,0.0,0.35016591676737957,0.5817815146047494,0.22239205196790218,0.0,0.0002654942189221,0.1718069689555429,0.2016308386827378,中等方差
750X403,750,0.012370330607008755,-1.9076186933473622,0.14925000000000033,3.997,0.027826366766462128,0.0,0.3406183901955311,0.041384254271596976,0.22200993504012229,0.0,0.0002645349627128,0.0200908930436947,0.2907634886667532,中等方差
310X147,310,0.012326883512529266,-1.9091467080263176,0.03412700000000002,0.311415,0.3565226438855099,0.0,-5.028298289562051,25.193824137135422,0.2216278181123424,0.0,0.0001909147328592,0.0165871646455038,0.430027543882005,中等方差
750X1391,750,0.012301314142678153,-1.9100484906396789,0.20000000000000284,49.8,0.002227134327682681,0.0,0.19954530493527273,-1.3061607794274646,0.22124570118456247,1.0,0.0008564979709969,0.2135632379911946,0.0,中等方差
220X171,220,0.01209605039226114,-1.917356412564152,0.24138900000000002,-0.1286,0.8552258613709477,0.0,1.0005763719948073,-0.9596950608992763,0.22086358425678257,0.0,0.0004213120969298,0.0300091157992762,0.0233071929541114,中等方差
750X455,750,0.012061648160200252,-1.9185933441051715,0.15649999999999942,4.008,0.02740158061399841,0.0,0.11421613211576738,-0.1237300477881158,0.22048146732900267,0.0,0.0001655494438384,0.0161539597754015,0.2448384372023108,中等方差
750X337,750,0.011972095743116386,-1.9218298186827598,0.14525000000000032,3.9154999999999998,0.027944597739271243,0.0,0.3512891953503335,0.5416612789538715,0.22009935040122278,0.0,0.0002970575850245,0.1459326080490471,0.2396558933978501,中等方差
220X55,220,0.01196865850920844,-1.9219545241714637,0.17700200000000166,23.928223,0.00457206388845411,0.0,-0.3645315738562628,0.1780113451415697,0.21971723347344288,0.0,0.0003260820426117,0.0834345830738786,0.6965175718907284,中等方差
311X110,311,0.011867718581182693,-1.9256327606437476,0.20000000000000018,4.9,0.02223246102544488,0.00625,-0.6145713205928344,-0.9641190936501798,0.21933511654566298,0.0,0.0006705729324653,0.0130041087532549,0.0,中等方差
330X1184,330,0.011845541301627007,-1.9264450886821793,0.129999999999999,12.75,0.00853625285323308,0.0,0.9818330715983218,0.2571010507297422,0.21895299961788306,0.0,0.0002631544516106,0.0447641606523482,0.635897435897441,中等方差
750X466,750,0.0118355112640801,-1.9268129769091318,0.15149999999999997,4.0595,0.02679914668378294,0.0,0.1525471821579023,-0.16066934643524178,0.21857088269010316,0.0,0.0002097337392143,0.0196920490992319,0.1824455958727119,中等方差
330X1180,330,0.011801080348873604,-1.9280782326873216,0.129999999999999,12.757,0.008515542643799159,0.0,0.9795756762744329,0.24260920636403727,0.21818876576232327,0.0,0.0002175908842633,0.0459521998565218,0.6698412698412719,中等方差
330X1182,330,0.011781524405506831,-1.9287985127690035,0.129999999999999,12.76,0.008506483603566425,0.0,0.9791768465958459,0.23417959708184144,0.21780664883454337,0.0,0.0002222530122728,0.0471297428504541,0.646153846153851,中等方差
750X296,750,0.01171349146433043,-1.9313136345874866,0.15100000000000025,3.9625000000000004,0.027313283182807423,0.0,0.4861328759799025,0.8244280522704286,0.21742453190676347,0.0,0.0002078376500562,0.1410133901129412,0.0323288079132454,中等方差
750X436,750,0.01169713747027534,-1.931920406028816,0.14825,4.018,0.026917198956233738,0.0,0.15020646595897436,0.080017057802106,0.21704241497898358,0.0,0.0002015716348529,0.0159562411533657,0.1749520271711566,中等方差
750X198,750,0.01166196795838547,-1.93322815615074,0.16224999999999978,4.0395,0.026733653172462235,0.0,0.34304346224248367,-0.07538543165926326,0.21666029805120368,0.2,0.0003153123157942,0.120756753544441,0.1318635982664167,中等方差
750X392,750,0.011633913291614515,-1.934274177353336,0.1422500000000002,3.984,0.027073448730987403,0.0,0.4249632253606534,0.17075375299530204,0.21627818112342376,0.0,0.0001542761515295,0.0258656962340589,0.250023598257854,中等方差
312X239,312,0.011629480459597054,-1.9344396866963216,0.1999999999999993,19.6,0.0055020443314529426,0.00125,0.828506439704964,-0.10841560336104816,0.21589606419564386,0.0,0.000177451443485,0.0167297188419133,0.0,中等方差
750X219,750,0.011465094962453064,-1.9406223437688825,0.16224999999999978,4.0555,0.026402461765740626,0.0,0.3885346897296482,0.14516190127149775,0.21551394726786396,0.0,0.0002027994793864,0.1391880584051092,0.0948727664942717,中等方差
750X359,750,0.01117377261576973,-1.9518001706992534,0.14800000000000013,3.916,0.02699337769962057,0.0,0.5749655285328567,0.6805287882290805,0.21513183034008407,0.0,0.0002103072482366,0.0978396562049871,0.4106768230255205,中等方差
750X370,750,0.011171185542866086,-1.951900734905584,0.1532499999999999,3.912,0.027017850014399096,0.0,0.5464822359671931,0.5400809037564396,0.21474971341230417,0.0,0.0002155803367105,0.0888513799969689,0.4964416470393215,中等方差
750X348,750,0.011118165955882345,-1.9539668477299077,0.14649999999999963,3.9025,0.027019273310895642,0.0,0.4802985824287361,0.7152063092111796,0.21436759648452428,0.0,0.0002581144923656,0.1223122422720259,0.2878880050780983,中等方差
750X447,750,0.010917404655819774,-1.961880592182639,0.12850000000000028,3.984,0.02622650226558418,0.0,0.18632013155165467,1.2908269954406322,0.21398547955674435,0.0,0.0002243117062269,0.0506544237846678,0.4018336130410726,中等方差
750X477,750,0.01089500223873592,-1.962772676177656,0.14824999999999955,4.067,0.025664894863374303,0.0,0.14068968737645962,-0.14185980889072747,0.21360336262896445,0.0,0.000218549021147,0.0160098796418487,0.2451213483943601,中等方差
750X381,750,0.010822104574468083,-1.9656882737766577,0.15224999999999955,3.926,0.026497540696824206,0.0,0.4417478838721993,0.3669263043621651,0.21322124570118456,0.0,0.000210383087969,0.0712212786892043,0.3510896811713701,中等方差
360X1391,360,0.010720134543178961,-1.9697997639908675,0.10000000000000142,49.9,0.0020749114744364563,0.0,0.002572070121908589,-0.8813629261177134,0.21283912877340466,0.0,0.0002909844675343,0.0295660033513697,0.0,中等方差
750X285,750,0.010661857695556937,-1.9721671183264187,0.13649999999999984,4.0265,0.02564417532421517,0.0,0.6163565612576322,1.3844975695139246,0.21245701184562477,0.0,0.0001836165813784,0.1000832678252797,0.04274764377341,中等方差
750X133,750,0.010524535769712157,-1.9777970515111802,0.1459999999999999,3.909,0.026244348963541293,0.0,-0.054732698640538785,-0.09349684994558283,0.21207489491784487,0.0,0.0002435384864117,0.0856002427618572,0.0423173445817357,中等方差
312X439,312,0.010441497987772998,-1.981237190878322,0.10000000000000142,10.8,0.009461448920234546,0.00125,-0.7292614332246051,0.001249781203746192,0.21169277799006497,0.0,0.000173076943464,0.03862187678805,0.0,中等方差
312X235,312,0.010415199512000034,-1.9823324063565824,0.10000000000000142,19.2,0.005315358583450397,0.1375,1.0100390794605378,0.6704445457988175,0.21131066106228505,0.0,0.0001718506163388,0.048795656246976,0.0,中等方差
220X26,220,0.010372518421464326,-1.9841157851966802,0.16600000000000037,14.6395,0.006956901644105078,0.0,-0.11092703391844,-0.758012106956417,0.21092854413450515,0.0,0.0002141189671247,0.0870000707443412,0.5672080428524204,中等方差
420X197,420,0.010371177269997693,-1.9841719424688298,0.16000000000000014,14.74,0.006909021517294635,0.005,-0.9051222124097298,-0.6024442235698606,0.21054642720672526,0.8,0.0007986283223526,0.2022901700353522,0.7147787144362462,中等方差
312X240,312,0.010347300225068861,-1.9851729497532722,0.09999999999999787,19.4,0.0052433855779169805,0.1375,2.129157184722427,5.832560338171774,0.21016431027894536,0.0,0.0001996098793272,0.0299505806845436,0.0,中等方差
750X187,750,0.010340126156132655,-1.9854741625401382,0.15200000000000014,4.0255,0.025260566606013835,0.0,0.3206509962051388,0.016749210902050393,0.20978219335116546,0.0,0.0001785702099594,0.080992335315304,0.169488863080631,中等方差
210X177,210,0.010290009260012533,-1.9875842344143857,0.12825,0.2645,0.3835148690596797,0.0,-1.0045147961508574,-0.3906887037277884,0.20940007642338557,1.0,0.0008635004521373,0.2022592393804093,0.161098986625355,中等方差
210X159,210,0.010272633291614536,-1.9883182148811687,0.128,0.2615,0.38758699762792165,0.0,-1.0144493121241065,-0.3700853101818651,0.20901795949560564,1.0,0.0011862141314065,0.2008942035891707,0.1760910091726095,中等方差
520X326,520,0.01022602378018539,-1.9902932016748753,0.1,-0.1,1.0112380422128802,0.01125,0.4108552455766852,-0.9036063945423365,0.20863584256782575,0.0,0.0002641706628746,0.0885698555350546,0.8966873530338658,中等方差
420X201,420,0.010195703675610684,-1.9915827952032845,0.13000000000000078,14.74,0.006850324095535075,0.005,-0.9027508998913727,-0.6004361580347424,0.20825372564004585,0.6,0.0009497234259055,0.1913966946842108,0.7581730769230777,中等方差
750X595,750,0.010112733590425539,-1.995131433650506,0.13624999999999954,3.909,0.02572578363678724,0.0,0.32722003613074563,0.7775847641805851,0.20787160871226595,0.0,0.0002735214803527,0.1055082630962749,0.4852195061946468,中等方差
520X296,520,0.009981564755396934,-2.0008013714014248,0.1999999999999993,9.4,0.010628487367606434,0.01125,0.4833572423948577,-1.0517579596178896,0.20748949178448606,0.0,0.0002383780462056,0.0753676627343486,0.5,中等方差
750X274,750,0.009956652676783483,-2.0018866423331443,0.13224999999999998,4.0455000000000005,0.024665190458453286,0.0,0.5684116601983981,1.3633741183086627,0.20710737485670616,0.0,0.0001929535630822,0.08970378772013,0.0422166061747547,中等方差
420X198,420,0.009844835498245936,-2.006791536285734,0.16000000000000014,14.73,0.006735990795050086,0.005,-0.9094938995956158,-0.6036542533977824,0.20672525792892626,0.6,0.0010709223750836,0.2067967711705885,0.8125000000000041,中等方差
220X20,220,0.009835955805694525,-2.0071834312739183,0.213,0.213,0.46561684196900993,0.0,-0.7080253061454096,-1.4732324469040479,0.20634314100114634,0.0,0.0004665209761312,0.0243436417157739,1.0,中等方差
750X263,750,0.009801088961201526,-2.0087256688414694,0.13400000000000034,4.0634999999999994,0.024363344234767582,0.0,0.5483033702810433,1.2477749860083733,0.20596102407336644,0.0,0.0001923286447259,0.0907181082618329,0.0729363417372463,中等方差
750X230,750,0.00978943426783479,-2.0092424053834606,0.14824999999999955,4.022,0.024600091986204928,0.0,0.3788746681922782,0.5535842507013866,0.20557890714558655,0.2,0.0002612974709704,0.1414083531422206,0.1081196041624774,中等方差
311X112,311,0.009781125738637396,-2.0096111581017015,0.20000000000000018,4.9,0.020183586531908052,0.00625,-0.6076472430676044,-0.623698658451803,0.20519679021780665,0.8,0.0011652766040305,0.0722053868801978,0.0,中等方差
750X176,750,0.00974971894712141,-2.0110079034269575,0.1365000000000003,4.005,0.02465434834302857,0.0,0.20812056671230345,0.3411117689035623,0.20481467329002676,0.0,0.0002233248900604,0.0240064187821936,0.4073482236722917,中等方差
750X488,750,0.009734736320400483,-2.0116758074871384,0.13900000000000023,4.0675,0.024256857374587958,0.0,0.14074677223611312,0.05834582143945388,0.20443255636224686,0.0,0.0001990361480474,0.0221761220574923,0.1775112162830988,中等方差
750X252,750,0.009682689355444307,-2.014004001161351,0.13125000000000053,4.066,0.024200850293096172,0.0,0.53030389635568,0.9615958791152832,0.20405043943446693,0.2,0.0002697226034587,0.1140480839026097,0.0754375925577238,中等方差
750X241,750,0.009577767132352963,-2.018735726320719,0.13424999999999976,4.046,0.024188350795431288,0.0,0.5133386966102073,0.8172288282882025,0.20366832250668704,0.0,0.00019161173677,0.1116748961358935,0.0788926478190004,中等方差
750X165,750,0.009526457972465584,-2.021068544162474,0.12500000000000044,3.9475,0.02472541497482399,0.0,0.09976125792310267,0.3730457306426964,0.20328620557890714,0.0,0.0002289388944062,0.0244520697498714,0.6294754199751649,中等方差
312X79,312,0.009480778485938443,-2.0231560003975657,0.15,0.0,,0.1375,0.8768924295529379,-1.0276192260086634,0.20290408865112725,0.0,0.0001526737434881,0.0718842005276648,0.0,中等方差
220X107,220,0.009408738423028699,-2.0264686053344843,0.18999999999999773,23.52,0.004124092332301237,0.0,0.010716774730967821,-0.9714209063014771,0.20252197172334735,0.0,0.0002684943127955,0.0345011050292625,0.4947368421052603,中等方差
750X565,750,0.009374886406445545,-2.0280339858245378,0.11525000000000052,4.1615,0.02326660989037983,0.0,-0.07093978886708516,1.5878517739484357,0.20213985479556745,0.0,0.000214209038935,0.1028977730470388,0.2876892560783155,中等方差
330X1253,330,0.009334418022529226,-2.0299127540387527,0.20000000000001705,149.6,0.0006458208017697849,0.0,0.06652271630766514,-0.8484184093704803,0.20175773786778756,0.0,0.0001496580140661,0.0231504384655234,0.4999999999999289,中等方差
750X499,750,0.009204694968710892,-2.0359905988601987,0.12824999999999998,4.062,0.023619178129211747,0.0,0.10082536994933443,0.2622126934713913,0.20137562094000763,0.0,0.0002439544987517,0.0471577808922044,0.0892297011764457,中等方差
750X521,750,0.009203117920838538,-2.0360650132617844,0.14000000000000012,4.0065,0.023944311088313516,0.0,-0.2055396975950379,0.09386844709425546,0.20099350401222774,0.0,0.0001752434133489,0.0147671885542818,0.0754359265929609,中等方差
750X532,750,0.009139092309136421,-2.0390969360723856,0.13500000000000023,4.026,0.02374530549749878,0.0,-0.18462023132268685,0.21022303897925765,0.20061138708444784,0.0,0.0002427494575064,0.0190270054257353,0.2598116632335366,中等方差
330X1251,330,0.009090362953693181,-2.0414187762236597,0.20000000000001705,149.7,0.0006368964256100392,0.0,-0.013390334701141919,-0.6016313072219077,0.20022927015666794,0.0,0.0001715097745247,0.0242914904164323,0.4499999999999503,中等方差
750X510,750,0.009087315838548214,-2.0415643773557632,0.1339999999999999,3.991,0.023885596063108108,0.0,0.12142334923531055,0.040228259579506265,0.19984715322888805,0.0,0.0002419199224944,0.0685307456409295,0.1236609535428598,中等方差
420X199,420,0.009056195916690362,-2.0430541907696305,0.14999999999999858,14.76,0.00644742868533105,0.005,-0.8306461482606428,-0.7379335841272971,0.19946503630110815,0.0,0.0005444839587296,0.1924437635898009,0.9466666666666672,中等方差
750X1201,750,0.00903506242177722,-2.044068842622723,0.10000000000000053,4.15,0.022904324183343032,0.0,-0.9539114019358966,0.8245923754131224,0.19908291937332823,0.2,0.0003064735763821,0.0864369159965382,0.0,中等方差
210X176,210,0.0090285131899249,-2.0443837631500803,0.15425,0.236,0.40262071472109345,0.0,-0.3815408299842805,-0.8827483619999033,0.19870080244554833,0.0,0.0002754522114086,0.145353928121117,0.3597472246633254,中等方差
310X160,310,0.009007606343416769,-2.045390601912975,0.191283,0.079478,1.1941469373677354,0.0,-0.8287320989752633,-1.105642142174619,0.19831868551776843,0.0,0.0001806755354773,0.0187833031813364,0.0,中等方差
520X295,520,0.00898190081454332,-2.046631745079846,0.09999999999999964,9.5,0.00997609375951033,0.01125,0.827634538868851,-0.35964416887732575,0.19793656858998854,0.0,0.0003183623761249,0.0620567403101946,1.0,中等方差
750X543,750,0.008971018717146442,-2.0471582372107173,0.12924999999999986,4.013,0.02360215845239644,0.0,-0.19491350093574994,0.4029021988400867,0.19755445166220864,0.0,0.0002584031334739,0.0313807211864628,0.413442614742593,中等方差
220X176,220,0.008887046771416439,-2.051242534188136,0.054221000000000005,-0.135813,0.6941245267304073,0.0,1.6982023941531583,1.2681868970545729,0.19717233473442874,0.0,0.0002349979700326,0.0482139730432059,0.1704084334613568,中等方差
330X1249,330,0.008876212008761921,-2.0517723331710105,0.20000000000001705,149.667,0.0006294884701509355,0.0,0.03513279405075672,-0.7899446413050972,0.19679021780664885,0.0,0.0002041612297519,0.0250138062383164,0.4834999999999226,中等方差
210X158,210,0.008842024974968716,-2.05344826273078,0.15425,0.24,0.3918001761582699,0.0,-0.4431052376123211,-1.0216402253030819,0.19640810087886892,0.2,0.0003755868601186,0.1435615488838358,0.3385263197440965,中等方差
750X584,750,0.00879237270181477,-2.0558939107903336,0.13099999999999978,3.94,0.023798896636474137,0.0,0.13933601038557325,0.43736764120589955,0.19602598395108903,0.0,0.0002196565628961,0.0359471089112464,0.206586935858515,中等方差
520X297,520,0.008703579830050018,-2.0603020829371714,0.09999999999999964,9.4,0.009924784942617044,0.01125,1.0594497712959468,0.8849945301918383,0.19564386702330913,0.0,0.0001608820780844,0.0802698812525259,0.0,中等方差
750X141,750,0.008702361938360447,-2.0603628580044715,0.125,3.9345,0.023709861733453335,0.0,0.1340274670626975,0.29113121309885415,0.19526175009552924,0.0,0.0002001635467537,0.0720173359817079,0.0418035430373294,中等方差
210X164,210,0.00862965306476846,-2.0640066637384757,0.06099999999999994,0.7135,0.13019751364519924,0.0,-2.219497552600019,14.626532502651274,0.19487963316774934,0.8,0.0005291045149964,0.154903810430983,0.119126283300593,中等方差
520X293,520,0.008604234345244578,-2.0652877696629344,0.09999999999999964,9.4,0.009867980021806926,0.01125,1.0984720327667703,1.0305988901913308,0.19449751623996944,0.0,0.0001378321176246,0.0598997269019173,0.0,中等方差
312X238,312,0.008594828748968842,-2.065762772161197,0.10000000000000142,30.6,0.003029682981874796,0.00125,0.8053577954167506,0.31405312200647195,0.19411539931218952,0.0,0.0001764712189862,0.0153641896198455,0.0,中等方差
210X154,210,0.008581845104818523,-2.0664193283875547,0.06699999999999995,0.714,0.1297454462271286,0.0,-2.186587422605969,14.720904920751972,0.19373328238440962,0.6,0.0005386757012906,0.1608762547913816,0.0785774986029203,中等方差
750X157,750,0.008518134443053821,-2.0696555096701554,0.11299999999999999,3.934,0.023460533807644957,0.0,0.30417241931974104,0.5377674749536401,0.19335116545662973,0.0,0.0002636391691297,0.0194613421820028,0.4076570076734163,中等方差
400X142,400,0.008516645807259065,-2.069731413944044,0.2,-0.1,0.9228567498403565,0.0,0.8231672427720141,-1.3188028798182647,0.19296904852884983,0.0,0.0001390469030835,0.0662327569147296,0.0,中等方差
400X138,400,0.008494602628285332,-2.0708569323192894,0.2,-0.1,0.9216616856680835,0.0,0.8263285753849007,-1.3118148169088995,0.19239587313717998,0.0,0.0001696403979829,0.0645268996351068,0.0,中等方差
400X139,400,0.008494602628285332,-2.0708569323192894,0.2,-0.1,0.9216616856680835,0.0,0.8263285753849006,-1.3118148169088997,0.19239587313717998,0.0,0.0001994848436053,0.0649294823332942,0.0,中等方差
750X149,750,0.008485834267834785,-2.0713054544534106,0.11625000000000041,3.963,0.023244660123403253,0.0,0.3522285799948091,0.5670551313946053,0.1918226977455101,0.0,0.0001775517573524,0.0497166189047137,0.1035595509457673,中等方差
400X140,400,0.00847495306633292,-2.071862698209136,0.2,-0.1,0.9205950828856799,0.0,0.7822857123152412,-1.3624013070690693,0.19144058081773022,0.0,0.0001888834367618,0.0691854201364144,0.0,中等方差
220X8,220,0.007974624472848411,-2.0982897588299836,0.11511975000000002,0.44753750000000003,0.1995380340738119,0.0,-0.5882967343130843,1.6966660370389057,0.19105846388995032,0.0,0.0002416399761921,0.0337062525959695,0.5998654426111399,中等方差
750X554,750,0.007929827094806007,-2.100736282113708,0.11899999999999977,3.991,0.022312597497410654,0.0,-0.1322687377344347,0.7889805273740733,0.19067634696217042,0.0,0.000226480825607,0.0542858552129332,0.2117509577558938,中等方差
330X500,330,0.007865441176470882,-2.104276912566026,0.20000000000000284,50.0,0.0017737464504794232,0.0,0.4313352871434988,-1.592467509854865,0.19029423003439053,0.0,0.0002767447310922,0.0430650273594366,0.5,中等方差
311X135,311,0.007858371750391967,-2.1046674301787003,0.1999999999999993,12.9,0.006871895942990025,0.00625,0.8929892533704837,-1.130230915107552,0.18991211310661063,1.0,0.0039520625747788,0.3471955491689008,0.0,中等方差
330X490,330,0.007858260325407007,-2.104673588146372,0.20000000000000284,50.0,0.0017729365837961613,0.0,0.4285788192864503,-1.5930908869972444,0.18952999617883073,0.0,0.0002219763377015,0.0447797948437787,0.5,中等方差
330X517,330,0.007857866256258119,-2.1046953673113586,0.20000000000000284,50.0,0.0017728921294041687,0.0,0.4299903754830853,-1.592149336341145,0.1891478792510508,0.0,0.0002169749438789,0.0442230612344157,0.5,中等方差
400X21,400,0.007843413642052613,-2.1054948807792884,0.09999999999999432,90.1,0.0009829417199270472,0.0,1.2538724272880637,8.5973028655925,0.1887657623232709,0.0,0.0001466458539006,0.0245245661605131,0.0,中等方差
520X323,520,0.007690537534606091,-2.1140433038715774,0.1,-0.1,0.8769570989852405,0.01125,0.449112887001471,-0.6637832103087993,0.18838364539549102,0.0,0.0002429350334047,0.0650833997356398,1.0,中等方差
420X150,420,0.007623716064599721,-2.1178332868022878,0.2,-0.1,0.8731389388064033,0.005,0.5728131791350733,-1.4464534391209316,0.18800152846771112,0.0,0.0003197122283457,0.0202095830259678,0.0327751196172248,中等方差
750X573,750,0.007609935162703403,-2.1186190434396885,0.11900000000000022,3.964,0.022006796752390236,0.0,0.04367815746464263,0.8543418081381047,0.18761941153993122,0.0,0.0002471656279477,0.0397287615486319,0.0361180791245254,中等方差
420X154,420,0.007575661325495472,-2.12057944896732,0.2,-0.1,0.8703827506043229,0.005,0.5865836980714488,-1.426348608020631,0.18723729461215133,0.0,0.0003498293461954,0.0352331422057187,0.0679425837320574,中等方差
420X152,420,0.007571884580133319,-2.1207960147020657,0.2,-0.1,0.8701657646755196,0.005,0.4384173846001254,-1.5393560272785247,0.1868551776843714,0.0,0.0003423230506216,0.0161954048122445,0.5290140845070422,中等方差
400X117,400,0.007565316020025007,-2.1211729258183936,0.20000000000000018,4.9,0.017750780637637405,0.0,-0.5208291945845639,-1.479225272651,0.1864730607565915,0.0,0.000206307590959,0.1149671034291629,0.5000000000000022,中等方差
520X327,520,0.007540239082078508,-2.1226148835226297,0.1,-0.1,0.8683455004822969,0.01125,0.4769281611894931,-0.6481495888767941,0.1860909438288116,0.0,0.0003093550120259,0.0451112858615218,1.0,中等方差
210X165,210,0.0075074023013141445,-2.124510310847428,0.10400000000000009,0.622,0.1393010724197513,0.0,-1.3872360850307943,12.917250770449096,0.18570882690103171,0.0,0.0002435223571927,0.0205055430909894,0.4037104808158537,中等方差
520X294,520,0.007497255516970885,-2.125097687537312,0.09999999999999964,9.4,0.009211350388133194,0.01125,0.26063566767678864,-0.6125167206957487,0.18532670997325182,0.0,0.0002257244611969,0.0485848360782015,0.0,中等方差
310X38,310,0.007453066332916196,-2.127665013495192,0.0,0.0,,0.0,11.438151192994999,129.15418292356304,0.18494459304547192,0.0,1.475850111820604e-06,0.0610452639938495,0.0,中等方差
750X1383,750,0.007436780350439025,-2.128615045459001,0.10000000000002274,149.8,0.0005756793667066494,0.0,1.220412805413317,1.5308115874910433,0.18456247611769203,0.0,0.0002558279062225,0.0887719564672577,1.0,中等方差
360X541,360,0.007426720901126106,-2.1292028967223975,0.19999999999999574,50.2,0.0017167016892565329,0.0,-0.18237261669197766,-1.1341316104677202,0.1841803591899121,0.0,0.0004365240457052,0.0355060893002926,0.0,中等方差
311X137,311,0.007199689495112567,-2.1426862332169345,0.09999999999999964,12.9,0.006577595663183183,0.00625,1.0059159731897096,-0.7891458160432165,0.1837982422621322,1.0,0.0030527124380729,0.360462896852397,0.0,中等方差
311X133,311,0.007193511081539082,-2.143059083032012,0.09999999999999964,12.9,0.006574772775563574,0.00625,1.020855090679727,-0.8294260644671163,0.1834161253343523,1.0,0.0025598797862421,0.3457063981475577,0.0,中等方差
400X141,400,0.007166943053817248,-2.144666046278498,0.1,-0.1,0.8465779972227749,0.0,1.0305195782843257,-0.8093661289396232,0.1830340084065724,0.0,0.0001902330874343,0.0686345171668647,0.0,中等方差
210X174,210,0.007137250549123898,-2.1464690573145244,0.038000000000000034,0.716,0.11799196914199571,0.0,-3.2637755903235233,21.55269917548683,0.18265189147879252,1.0,0.0007515880277932,0.1702723346347275,0.0666465880815824,中等方差
420X114,420,0.006957855314307449,-2.1575246064667293,0.1,0.0,,0.005,0.3482415070508814,-0.4550867187512302,0.18226977455101262,0.6,0.0004067811896275,0.1348135204337744,0.0,中等方差
400X114,400,0.006872590738423082,-2.1628795174813953,0.09999999999999964,5.0,0.0165802180183773,0.0,-0.5516864120271436,-1.1835014548544673,0.1818876576232327,0.0,0.0002406364258825,0.0475751144217058,0.7999999999999992,中等方差
312X73,312,0.0068070415010201635,-2.1670416015903324,0.11,0.0,,0.1375,0.9527393745586485,-0.8450086148869365,0.1815055406954528,0.0,0.0001382126724548,0.0691827447221385,0.0,中等方差
400X118,400,0.00680694618272847,-2.167047683013214,0.09999999999999964,5.0,0.016500843836275127,0.0,-0.5815416107871705,-1.1904303752065533,0.1811234237676729,0.0,0.0003004448942957,0.1057595113422403,0.8599999999999991,中等方差
210X155,210,0.006559238283792246,-2.1831465917757558,0.10125000000000006,0.619,0.1308386502075757,0.0,-1.957121216691526,15.958993769715695,0.180741306839893,0.0,0.0002144947458573,0.0148061111799079,0.451646538137432,中等方差
360X47,360,0.006515754067584458,-2.186035316184683,0.15999999999999998,0.09,0.8968913437077173,0.0,0.36510196094196656,-1.371839862630447,0.1803591899121131,0.0,0.0004766861048808,0.0548507123402018,0.1071428571428571,中等方差
311X118,311,0.006464901858276739,-2.1894380636269553,0.10000000000000142,29.9,0.0026891175054895152,0.00625,-0.530360730792259,-1.2576129477168005,0.17997707298433321,0.2,0.0009519481955883,0.075547221800731,0.5858408841117809,中等方差
420X118,420,0.006416785183780468,-2.192682499443476,0.1,0.0,,0.005,0.2574168611209388,-0.5057151706397405,0.17959495605655332,0.6,0.0004891434759133,0.1341172973915059,0.0,中等方差
400X216,400,0.006394499217772208,-2.19419346142366,0.11000000000000032,3.9,0.020504003261678238,0.0,0.011780442645532886,-0.6839987431776833,0.1792128391287734,0.0,0.0002499388539279,0.0119027994447589,0.0431818181818172,中等方差
420X202,420,0.006360729907398586,-2.1964930452687406,0.16999999999999993,14.74,0.005410731632471952,0.005,-0.46126468614354765,-1.423443302464776,0.1788307222009935,1.0,0.0019667040781871,0.2215821063739237,0.7058823529411826,中等方差
420X116,420,0.006330567934009627,-2.1985573263898712,0.2,0.1,0.7956486620368081,0.005,0.06825000881161386,-1.3809770511764734,0.1784486052732136,0.0,0.000297972530727,0.1068175900576708,0.0,中等方差
420X140,420,0.006296814259979226,-2.200879117092696,0.20000000000000107,16.0,0.004959529282406129,0.005,-0.20663448026803322,-1.3841981441498223,0.1780664883454337,1.0,0.0007210689404551,0.0954041243193419,0.0,中等方差
520X325,520,0.0062630222919233805,-2.203216042515188,0.1,-0.1,0.79139258853766,0.01125,0.5730329616413363,-0.965692164651831,0.1776843714176538,0.0,0.0002584541956885,0.068509456745292,1.0,中等方差
420X117,420,0.006231092569767146,-2.2054357967727727,0.1,-0.1,0.7893726983983641,0.005,0.9965762947082538,-0.6664968180112618,0.1773022544898739,0.0,0.0002024268199193,0.0290995030176667,0.0,中等方差
312X327,312,0.006226454747632655,-2.2057591639015977,0.0,408.0,0.00019340168563794155,0.00125,12.54579722250374,155.78697778593175,0.176920137562094,0.0,0.0,0.021554959311412,0.0,中等方差
520X290,520,0.006224199459104908,-2.20591649850541,0.20000000000000284,40.0,0.0019723398951348543,0.01125,-0.11454211900902148,-1.3845092674762802,0.1765380206343141,0.0,0.0002159643458626,0.0233742833947737,0.0,中等方差
210X45,210,0.00621082701971213,-2.2068505662995546,0.08099999999999996,0.97,0.08124618597431299,0.0,-9.093952426166174,109.43584212954411,0.1761559037065342,0.2,0.0003099305870681,0.1486114851428733,0.2097397910731243,中等方差
312X222,312,0.006171247894454685,-2.20962700794772,0.10000000000000142,47.0,0.0016714317132742321,0.00125,-0.34492071470025665,-0.10314697679526796,0.1757737867787543,0.0,0.0001208218867259,0.0390499027081065,0.0,中等方差
210X47,210,0.0061682702988110245,-2.2098366033893293,0.08099999999999996,0.97,0.0809673572074625,0.0,-9.197477708341646,110.85746650321502,0.1753916698509744,0.2,0.000366238118705,0.1492573598620805,0.2061728395061727,中等方差
520X324,520,0.006125878154555206,-2.2128316456833117,0.1,-0.1,0.7826798933507367,0.01125,0.5412627477491915,-0.8346126195033627,0.1750095529231945,0.0,0.000270572406899,0.0596491970263993,1.0,中等方差
312X444,312,0.005974405506883661,-2.223705303421682,0.20000000000000107,9.8,0.007887171287423392,0.0,-0.03125746481451096,-1.0192089360473584,0.1746274359954146,0.0,0.0001959383460968,0.0215078995097763,0.0,中等方差
210X137,210,0.005602141451814774,-2.2516459296133,0.07199999999999995,0.922,0.08117945178379485,0.0,-9.12989400250214,109.85055563454154,0.17424531906763469,0.6,0.000413036718202,0.1329401968103054,0.176712328767124,中等方差
210X64,210,0.005602125350438047,-2.2516471778411735,0.07199999999999995,0.922,0.0811793351228817,0.0,-9.129937501192734,109.85247459980711,0.1738632021398548,0.0,0.0002768562466999,0.1328890511687526,0.1780821917808225,中等方差
210X62,210,0.005601172559449314,-2.2517210474951166,0.07199999999999995,0.9215,0.08121647511424877,0.0,-9.130195509235227,109.86383730256655,0.1734810852120749,0.2,0.0003376833450768,0.133036719406726,0.1761384672343583,中等方差
210X131,210,0.005599842539111397,-2.251824184664598,0.07199999999999995,0.923,0.08107485985727747,0.0,-9.13467557625114,109.93384602723836,0.173098968284295,0.2,0.0002926544305577,0.134098086879617,0.1700341296928335,中等方差
210X46,210,0.005470372459324172,-2.261983103004348,0.04899999999999993,0.971,0.0761709230715202,0.0,-11.001091289701966,141.1026542131901,0.1727168513565151,0.4,0.0004062706215881,0.1114166063284392,0.1244305722288918,中等方差
210X44,210,0.005469262939612023,-2.2620711970353886,0.04899999999999993,0.971,0.07616319805580919,0.0,-11.002658123742416,141.12727216099358,0.1723347344287352,0.0,0.0003246876294859,0.1109917350218845,0.1183263559230799,中等方差
750X34,750,0.005423205930851068,-2.265743904151261,0.10024999999999995,3.998,0.01841981475018761,0.0,0.004165810769075609,-0.4021502919143285,0.17195261750095528,0.0,0.0002096061393165,0.047829563809894,0.1584738558138133,中等方差
420X22,420,0.005344900603646936,-2.272060366730046,0.09999999999999432,90.0,0.0008123203013929771,0.005,-3.324545506873934,38.393970635083065,0.17157050057317538,0.0,0.0002596567903522,0.0171466258175723,0.9499999999999856,中等方差
520X289,520,0.00526511866088448,-2.278591836598793,0.10000000000000142,40.1,0.0018095046733343735,0.01125,0.3714178959030079,-1.0410754592023648,0.1711883836453955,0.0,0.0002171279601964,0.0425275449978555,0.0,中等方差
312X223,312,0.0051257651290463205,-2.290241297780351,0.0,47.2,0.0015168315468221567,0.1375,-0.9316469635864749,1.735249295028615,0.1708062667176156,0.0,0.0001872266813191,0.020714807496487,0.0,中等方差
520X308,520,0.005113924050632859,-2.291245726179841,0.2,0.0,,0.01125,0.0,-1.0410725502497558,0.1704241497898357,0.0,0.0002484825877885,0.0891538624720055,0.0,中等方差
210X61,210,0.00507794477471838,-2.2943120266142243,0.049000000000000044,0.9175,0.07766724742588324,0.0,-10.41851963048624,132.21870116694913,0.1700420328620558,0.2,0.0003312010362417,0.085600785419004,0.0625640965437823,中等方差
210X130,210,0.005076668146120148,-2.2944212248205753,0.049000000000000044,0.918,0.07761518668020116,0.0,-10.427749411561155,132.2828431058198,0.1696599159342759,0.4,0.0003801229287123,0.1016076155740256,0.047661393556346,中等方差
210X136,210,0.005010504730913634,-2.300118523472142,0.04800000000000004,0.9175,0.07714977526956494,0.0,-10.66461043292937,135.5646601741103,0.16927779900649598,0.2,0.0004370668852333,0.0875578527064534,0.070684083212385,中等方差
210X63,210,0.005010147482790974,-2.300149489697713,0.048250000000000015,0.9175,0.07714702483770616,0.0,-10.665921583919157,135.58505217361392,0.16889568207871608,0.2,0.0002820921359773,0.0877398093470799,0.0706243817198477,中等方差
312X440,312,0.005003591582209586,-2.30071814678668,0.0,10.5,0.006736768560095151,0.00125,0.6195578863179009,0.7215563082923269,0.16851356515093618,0.0,0.0002453264988076,0.0095848987097864,0.0,中等方差
220X155,220,0.005000000000000173,-2.301029995663966,0.0,4.0,0.017677669529663993,0.0,28.28427124746187,799.9999999999985,0.1681314482231563,0.0,0.0,0.0145894719660924,0.0,中等方差
310X139,310,0.005000000000000025,-2.301029995663979,0.0,4.0,0.017677669529663733,0.0,28.28427124746186,799.9999999999981,0.1677493312953764,0.0,0.0,0.0,0.0,中等方差
210X199,210,0.004981226533166446,-2.3026637072403044,0.0,1.0,0.07057780481969134,0.0,-14.062228281866501,196.23685165765235,0.1673672143675965,0.0,0.0,0.053101751908426,0.0,中等方差
312X211,312,0.004968364148839846,-2.303786580698628,0.10000000000000142,47.3,0.0014902034651192479,0.1375,-0.5833726626002511,-0.8340048248123768,0.16698509743981657,0.0,0.0001836094886267,0.0411283781856581,0.0,中等方差
311X129,311,0.004933922658935748,-2.3068076625197094,0.1,0.1,0.7024188678371153,0.00625,-0.024412283067067206,-0.9692642507835694,0.16660298051203667,1.0,0.005980181813917,0.3396856493735689,0.0,中等方差
312X85,312,0.00492601102206521,-2.3075046207517382,0.08,0.0,,0.1375,1.0707104015235556,-0.5541861559617436,0.16622086358425678,0.0,9.680062333051488e-05,0.0657021588444554,0.0,中等方差
520X408,520,0.004916927139176501,-2.3083062271965256,0.07000000000000028,5.67,0.012366984814304541,0.01125,-1.2598350116843218,0.8889990259466227,0.16583874665647688,0.0,0.0002247915776921,0.0422422608733563,0.1257936507936479,中等方差
420X138,420,0.004912281533453504,-2.3087167507998028,0.09999999999999964,16.0,0.004380479396145215,0.005,0.4494887049325666,-0.9014443171439912,0.16545662972869699,0.2,0.0002931167569792,0.1392178124608496,0.0,中等方差
210X180,210,0.004864774829474368,-2.31293725664535,0.06,0.02,3.4873968907604884,0.0,1.512983592909668,0.8279469597721008,0.1650745128009171,0.0,0.0004939927284077,0.0170702333346579,0.0,中等方差
520X412,520,0.0048358747939637415,-2.3155249520202346,0.07000000000000028,5.67,0.012264630400324442,0.01125,-1.2541124857169639,0.8665016659520499,0.1646923958731372,0.0,0.0002213085075253,0.0322071768300051,0.1289714882818296,中等方差
420X115,420,0.004799390031920594,-2.318813954833605,0.1,0.0,,0.005,-0.1306470708477671,-0.9159019422162968,0.16431027894535727,1.0,0.0012547146425291,0.1793908257625367,0.0,中等方差
210X175,210,0.0047954743038172735,-2.3191684318002013,0.1050000000000001,0.616,0.1124177974050795,0.0,-3.503407885229959,30.964533537401827,0.16392816201757737,0.0,0.0002795205912939,0.0483611772685291,0.3685988354004393,中等方差
210X182,210,0.004769813890801006,-2.321498565986087,0.065,0.02,3.4531919620841407,0.0,1.4632739652720144,0.5915038017907341,0.16354604508979748,0.0,0.0005344108500607,0.0166330896768204,0.0,中等方差
311X117,311,0.004664924037197418,-2.3311554238348644,0.10000000000000142,30.0,0.002276674972458597,0.00625,-0.3987317555052443,-0.8471469681372281,0.16316392816201758,1.0,0.0012051733856823,0.2364588894305453,0.0,中等方差
420X142,420,0.004646376536771959,-2.3328855984066257,0.09999999999999964,16.0,0.004260270924103943,0.005,0.40059325898795345,-0.8410361168549532,0.16278181123423768,0.0,0.000188888144418,0.0809693054976473,0.0,中等方差
210X191,210,0.004639093241551947,-2.3335668984696984,0.009999999999999995,0.05,1.3622177860462616,0.0,4.795451756395639,32.743240433588866,0.1623996943064578,0.2,0.0002795989285226,0.1457665130442936,0.0,中等方差
210X181,210,0.004590114816958691,-2.338176450901098,0.07,0.015,4.516692406794399,0.0,1.3454245297325806,0.5925170314980348,0.16201757737867786,0.0,0.0005914699700664,0.032820615324424,0.0,中等方差
210X183,210,0.004587190411451753,-2.338453232197108,0.08,0.01,6.772880045779457,0.0,1.2301651971365246,0.10613922370505469,0.16163546045089797,0.2,0.000849297316836,0.0311901088859829,0.0124999999999999,中等方差
520X291,520,0.004563235129382963,-2.3407271528002815,0.10000000000000142,40.1,0.0016845815930968434,0.01125,-0.12038855372747834,-0.18973514879938547,0.16125334352311807,0.0,0.0002271673078048,0.0143830550078108,0.0,中等方差
312X244,312,0.004536058544358506,-2.34332134888416,0.10000000000000142,30.0,0.0022450089196453605,0.00125,0.48610950139225034,-0.7769301285010881,0.16087122659533817,0.0,0.0002112371082423,0.0274160339563949,0.0,中等方差
420X124,420,0.004521791346670515,-2.344689481592673,0.1,0.0,,0.005,-0.4701662838034513,-0.7803681623135716,0.16048910966755828,0.0,0.0001909442652024,0.0602581568039774,0.0,中等方差
520X287,520,0.004503512618220941,-2.346448616085307,0.10000000000000142,40.1,0.0016735215892316063,0.01125,-0.006393631467124442,-0.21659304922864386,0.16010699273977838,0.0,0.0001881453364982,0.0293446746246208,0.0,中等方差
420X120,420,0.004487215953983804,-2.3480230288920114,0.1,0.0,,0.005,-0.4593921433772066,-0.7755708500622753,0.15972487581199848,0.0,0.0001474357244283,0.0201322061038874,0.0,中等方差
220X172,220,0.004474666300023307,-2.349239346820078,0.065823,0.130231,0.5136484136961887,0.0,-2.1844404866425675,6.1573810539467,0.15934275888421856,0.0,0.0003587959027124,0.0551628841883008,0.1039865350942675,中等方差
420X21,420,0.004407319616952523,-2.355825453496086,0.09999999999999432,90.1,0.0007368218265134842,0.005,1.284649359035892,5.791612571838231,0.15896064195643866,0.0,0.0003392194950441,0.0433543916280103,0.0,中等方差
220X178,220,0.004401816280114028,-2.356368087679479,0.15719399999999997,0.15257,0.43485734496316664,0.0,0.5666578093799767,-1.3589723107348106,0.15857852502865877,0.0,0.0002956549583323,0.023342216478838,0.4852984210593279,中等方差
520X309,520,0.004364480148506186,-2.360067477520896,0.1,0.0,,0.01125,-0.46196120985830874,-0.7428298458483331,0.15819640810087887,0.0,0.0002258563796042,0.0908336126911829,0.0,中等方差
400X116,400,0.004347293491864777,-2.361781038991428,0.09999999999999964,5.0,0.013186801722729855,0.0,0.3436999988386966,-0.7628139209107414,0.15781429117309898,0.0,0.0001674489262916,0.1264818330649784,0.0,中等方差
520X396,520,0.004339935988733954,-2.3625166760046867,0.05999999999999872,14.48,0.004549598794151411,0.01125,-0.7689069946983194,1.2474527869455478,0.15743217424531908,0.0,0.0001867886461961,0.0201866978684263,0.0,中等方差
520X305,520,0.004317911952503683,-2.3647262177062016,0.1,0.0,,0.01125,-0.42699849803467593,-0.7425828466449045,0.15705005731753915,0.0,0.000197334671133,0.0457335163862337,0.0,中等方差
312X233,312,0.004311874805913451,-2.3653338572578373,0.10000000000000142,30.1,0.002181557055277772,0.00125,0.46437628143856713,-0.7292040542134042,0.15666794038975926,0.0,0.0001509104861358,0.0174331700657573,0.0,中等方差
420X139,420,0.004302819127081924,-2.366246909497558,0.09999999999999964,16.0,0.004099742335216174,0.005,0.543647656875915,-0.6884385665176604,0.15628582346197936,0.0,0.0006518505104169,0.1598080627464039,0.841784037558685,中等方差
520X392,520,0.004268923170477996,-2.369681661297648,0.05999999999999872,14.48,0.0045122235462885215,0.01125,-0.7568080197808456,1.2115961063887655,0.15590370653419947,0.0,0.0001956946177456,0.0198533955300605,0.0,中等方差
311X127,311,0.004266749045514312,-2.3699028999936105,0.1,0.1,0.6532035705286915,0.00625,0.14828396665627594,-0.6908097304066048,0.15552158960641957,1.0,0.0015260898526453,0.2275808556320909,0.0,中等方差
311X134,311,0.004264467785117909,-2.3701351620132556,0.09999999999999964,12.9,0.005062239738327951,0.00625,1.3853817450946402,0.6348808583146277,0.15513947267863967,1.0,0.0020359903283822,0.328739728708675,0.0,中等方差
312X221,312,0.004237220084002195,-2.372918977871706,0.0,43.2,0.0015068039994010221,0.00125,-0.6494508599526968,1.1037307484718135,0.15475735575085978,0.0,0.000205899658617,0.0201751299902332,0.0,中等方差
311X131,311,0.004180346308001802,-2.378787738936843,0.1,0.1,0.646555976540454,0.00625,0.12256463925445615,-0.6404969278024533,0.15437523882307985,1.0,0.0014107549324978,0.225205750801352,0.0,中等方差
311X136,311,0.004150689922848976,-2.3818797093643362,0.09999999999999964,12.9,0.0049942518023959395,0.00625,1.032599227962553,0.7628669321457711,0.15399312189529996,1.0,0.0010687590571525,0.3149283124631397,0.0,中等方差
210X129,210,0.004123959447747189,-2.3846856139283403,0.07499999999999996,0.72,0.08919175235291618,0.0,-6.877826021029397,75.03239347403435,0.15361100496752006,0.2,0.000361011236228,0.1350426188281465,0.1704306855934765,中等方差
210X212,210,0.0041000282212140075,-2.387213153944817,0.07799999999999996,0.72,0.08893258714528765,0.0,-6.913819514592914,75.33396410600686,0.15322888803974016,0.6,0.0004555918330264,0.1422091857382795,0.1577400816846695,中等方差
210X26,210,0.004096162077596983,-2.3876228674586413,0.07799999999999996,0.72,0.08889064752597302,0.0,-6.921833205293336,75.47654919802605,0.15284677111196027,0.4,0.0003436044805557,0.1425890847118919,0.1504085484790903,中等方差
210X203,210,0.0040960835982478145,-2.387631188290227,0.07799999999999996,0.72,0.08888979598330365,0.0,-6.921945613634304,75.47846020200616,0.15246465418418037,0.4,0.0004578371372068,0.1423978308380228,0.1504085484790903,中等方差
210X201,210,0.004094672440550691,-2.387780834550991,0.07799999999999996,0.72,0.08887448277955769,0.0,-6.9254068992088875,75.5131202470483,0.15208253725640045,0.2,0.0003511907406272,0.1435441379116107,0.1517794441845075,中等方差
520X167,520,0.004081518347229027,-2.3891782469209213,0.09999999999999432,90.1,0.0007090650600343191,0.01125,0.4940899181151674,1.0056626235215482,0.15170042032862055,0.2,0.0002985810026143,0.0807967450062501,0.0,中等方差
520X393,520,0.004064986477620064,-2.39094089476973,0.07000000000000028,14.48,0.00440312475631498,0.01125,-0.8422333371899156,1.2068954745998797,0.15131830340084065,0.0,0.0001530350944566,0.0191775714083247,0.0,中等方差
311X14,311,0.004050124360375495,-2.3925316414283797,0.09999999999999432,90.1,0.0007063328231595539,0.00625,1.0314862635621476,4.512282349849979,0.15093618647306076,0.0,0.0001916644163449,0.0625023982523293,0.0,中等方差
520X397,520,0.00402654835251006,-2.3950670813468626,0.0,14.5,0.004376213052150502,0.01125,-0.06315624876641847,1.0624961332425418,0.15055406954528086,0.0,9.571652378348957e-05,0.0189929854844711,0.0,中等方差
310X155,310,0.004009805493261864,-2.3968766935274077,0.007996000000000003,0.09645,0.656537324884254,0.0,-2.4623213532629427,4.21425816987533,0.15017195261750096,0.0,0.0001706838381647,0.0325883215686867,0.6501500750375186,中等方差
750X47,750,0.0039865275344179935,-2.399405231945765,0.09,0.04,1.5784738543958357,0.0,1.0278714622994594,0.4101040657121766,0.14978983568972107,1.0,0.0007899419601824,0.256701040520901,0.1111111111111111,中等方差
520X394,520,0.003985750452079557,-2.399489895971081,0.019999999999999574,14.52,0.004347988989573985,0.01125,-1.3132339032197615,2.876328176671155,0.14940771876194114,0.0,0.000154410460784,0.0090430457891654,0.0,中等方差
400X134,400,0.003984214643304103,-2.3996572726852095,0.0,0.0,,0.0,-0.022330061701394604,-0.4856774350260178,0.14902560183416125,0.0,0.0001201742886765,0.074707808594846,0.0,中等方差
520X395,520,0.0039714929027509045,-2.4010462092190528,0.05000000000000071,14.47,0.004355202614840688,0.01125,-0.6681435676641482,1.0922195426059815,0.14864348490638135,0.0,0.0002294011266028,0.0151183767455946,0.0,中等方差
750X80,750,0.003965894868585308,-2.401658802636627,0.09999999999999432,99.9,0.0006303838966765027,0.0,0.9403999873613617,-0.041634828648176914,0.14826136797860145,0.0,0.0001812369461091,0.1201214581875249,0.0,中等方差
311X18,311,0.00395212521584814,-2.4031693040412896,0.09999999999999432,90.1,0.0006977350775340899,0.00625,1.027959976420884,4.572465735847015,0.14787925105082156,0.0,0.000243255575749,0.0654326179912003,0.0441860465116431,中等方差
520X409,520,0.003917758325465292,-2.406962357813983,0.07500000000000018,5.67,0.011039153243977305,0.01125,-0.9223251690083135,-0.06512009342091929,0.14749713412304166,0.0,0.0001865219924474,0.026453133511241,0.1235714285714256,中等方差
312X169,312,0.003856797290759687,-2.4137731865988235,0.10000000000000142,18.5,0.0033569253083677096,0.1375,0.09680252673059969,-0.4743851253260818,0.14711501719526174,0.2,0.0002566059720216,0.0934014468543853,0.0,中等方差
311X17,311,0.003821332953122931,-2.4177851205412835,0.09999999999999432,90.0,0.0006868547884273262,0.00625,0.8310007895850312,5.594283970263287,0.14673290026748184,0.0,0.0002605266409052,0.0279751069873775,0.0,中等方差
360X58,360,0.0037486802252815975,-2.4261216047421708,0.1,0.17,0.3601556865049538,0.0,0.10705693976371648,-0.7608649092927324,0.14635078333970195,0.0,0.0002189917993645,0.1020751668929091,0.0899999999999999,中等方差
310X158,310,0.0036948182330557027,-2.4324069219031497,0.098623,0.119582,0.5083124259310667,0.0,-0.8697129006427309,3.2273676758239036,0.14596866641192205,0.0,0.0001628436537669,0.0721823204320775,0.8396035633633705,中等方差
330X19,330,0.0036355444305381053,-2.4394305434091637,0.0,78.0,0.0007730189235523095,0.0,-2.701387630653509,22.74140195478529,0.14558654948414215,0.0,8.329724347790769e-05,0.0921614701801978,0.0,中等方差
750X1105,750,0.0036038448060075243,-2.4432339195092267,0.06500000000000128,9.63,0.006233855815152766,0.0,1.2765148578046794,1.2791805435659889,0.14520443255636226,1.0,0.0013182910895085,0.3150626522742614,0.2000000000000266,中等方差
520X307,520,0.0035651074589127785,-2.447927375178314,0.1,0.1,0.59708520823353,0.01125,-1.1470138128501959,0.2897978724751926,0.14482231562858236,0.0,0.0002170914399768,0.0979834430474977,0.0,中等方差
210X200,210,0.0035626503066332835,-2.448226803905708,0.051999999999999935,0.723,0.08255593506044488,0.0,-8.40248658317093,99.2468078449012,0.14444019870080244,0.0,0.0003654191667969,0.0966282033111783,0.0258309421137847,中等方差
312X446,312,0.003560089209255933,-2.448539119273707,0.09999999999999964,9.5,0.0062806824348721185,0.00125,-0.37721667207567616,-0.6793381412942696,0.14405808177302254,0.0,0.0001263091524936,0.0084481869089419,1.0,中等方差
360X696,360,0.0035382939612015264,-2.4512060887738536,0.0,0.0,,0.0,3.4970819611486834,12.118955757013563,0.14367596484524264,0.0,6.667586686127958e-05,0.0592553659243682,0.0,中等方差
210X25,210,0.003495658767209016,-2.4564709681289023,0.051999999999999935,0.724,0.08166311648222119,0.0,-8.714325067110575,102.79182305958447,0.14329384791746275,0.2,0.0003497943988562,0.1037846506657387,0.0294376378338643,中等方差
210X128,210,0.003495601495619518,-2.456478083508492,0.050999999999999934,0.72,0.08211612777417157,0.0,-8.706438142418243,102.97289823510218,0.14291173098968285,0.2,0.0003704782979456,0.0907967659964476,0.0928481782901183,中等方差
210X211,210,0.003495448609198992,-2.456497078574414,0.051999999999999935,0.724,0.08166066166366638,0.0,-8.713479248640557,102.76962775617227,0.14252961406190295,0.2,0.0003260256266481,0.1043425840798829,0.0295711835334477,中等方差
210X202,210,0.003495388884543179,-2.4565044991698652,0.051999999999999935,0.724,0.08165996401705646,0.0,-8.715380074339688,102.80884059854488,0.14214749713412303,0.0,0.0003224383935728,0.1038880093787704,0.0294376378338643,中等方差
311X15,311,0.0034868431475053945,-2.457567588530252,0.09999999999999432,90.0,0.0006561055270724268,0.00625,1.3163445743000142,5.767072887426984,0.14176538020634313,0.0,0.00017697737164,0.0256258186536999,0.0,中等方差
420X151,420,0.003470054675895197,-2.459663682196877,0.1,-0.1,0.5890716998715179,0.005,0.5753669540263521,-0.6080187680253775,0.14138326327856324,0.0,0.0005541747800747,0.0392950770538695,0.8502347417840376,中等方差
311X119,311,0.0034697970628773103,-2.4596959249353096,0.0,30.0,0.001963499444834064,0.00625,-0.25598105336697086,0.48096117393918814,0.14100114635078334,1.0,0.0008881832589934,0.1983149981902858,0.0,中等方差
400X199,400,0.003469661451814751,-2.459712898921403,0.10999999999999943,6.95,0.008475371544415893,0.0,0.5793392642973882,-1.1421176741673564,0.14061902942300344,0.0,0.0002285159726215,0.0295480979043731,0.0,中等方差
312X215,312,0.0034586152490110812,-2.4610977480536467,0.10000000000000142,43.7,0.001345766424826766,0.00125,0.09793342951142534,-0.43290534259533375,0.14023691249522355,0.0,0.0001842441384373,0.0302129358941345,0.0,中等方差
520X411,520,0.0034380674998799716,-2.4636856010237107,0.09999999999999964,5.56,0.010545869865701673,0.01125,-0.18795864699209935,-0.970140079713544,0.13985479556744365,0.0,0.0003127588638093,0.0124352061181958,0.0981818181818164,中等方差
311X115,311,0.003422936172235286,-2.465601199110576,0.0,30.0,0.0019501954808671777,0.00625,-0.3056088287050185,0.5928628433605772,0.13947267863966373,0.8,0.0005231785065213,0.168350548297134,0.0,中等方差
330X13,330,0.0033669339408635003,-2.4727654043722023,0.0,78.0,0.000743913936939326,0.0,-1.727756772316447,16.672853788783556,0.13909056171188383,0.0,0.0001535921439201,0.0849695359414427,0.0,中等方差
420X123,420,0.00335379728832844,-2.474463190752263,0.1,0.0,,0.005,0.4099327310130313,-0.7328165514689515,0.13870844478410393,0.0,0.0002879988769632,0.0864101820499218,0.8,中等方差
400X213,400,0.003333162546933669,-2.477143506767007,0.05999999999999961,4.23,0.013648592871491635,0.0,0.9209023721185993,-0.5435311314938454,0.13832632785632404,0.0,0.0001801322691137,0.0799831311074141,0.0666666666666656,中等方差
400X217,400,0.0033331475281601955,-2.477145463642811,0.05999999999999961,4.235,0.01363244811724612,0.0,0.9293047172062581,-0.5347509727472239,0.13794421092854414,0.0,0.0001709292615186,0.0805000844655102,0.0500000000000022,中等方差
750X69,750,0.003264565081351575,-2.486174669013837,0.09999999999999432,99.9,0.0005719356623156248,0.0,-0.08377338407841055,-0.5212135501195512,0.13756209400076425,0.8,0.0010352262193899,0.1644044606002555,0.0,中等方差
520X410,520,0.0032570711645249707,-2.487172752327709,0.08000000000000007,5.67,0.01006538902525686,0.01125,-0.693834022018017,-0.5735402991777208,0.13717997707298432,0.0,0.0001538563129981,0.0160518416429335,0.2432432432432485,中等方差
400X214,400,0.0032499367959949923,-2.488125084995747,0.05999999999999961,4.23,0.013477119838408352,0.0,0.9411555251397017,-0.5244623171082683,0.13679786014520443,0.0,0.0001884234168962,0.0807429988097319,0.0780952380952406,中等方差
750X1083,750,0.003224191332916146,-2.4915791938011607,0.062499999999998224,9.82,0.0057822773009113,0.0,1.460466003780562,1.977381748156037,0.13641574321742453,1.0,0.0009350969173106,0.300983374619848,0.6666666666666666,中等方差
330X16,330,0.003217005632039912,-2.4925481787742148,0.0,78.0,0.0007271622217806666,0.0,-0.8126192040332177,12.447050442241382,0.13603362628964463,0.0,8.954311778110264e-05,0.080185937855777,0.0,中等方差
344X257,344,0.003192697962162673,-2.49584216494648,0.10000000000000853,109.9,0.0005141398009814524,0.07625,-0.537311320758828,1.5292462108630436,0.13565150936186474,0.0,0.0002212861862412,0.0622723699139076,0.1597321238277948,中等方差
ERROR:#N/A_24,META,0.003152377972465991,-2.50136171582875,0.10000000000000853,109.9,0.0005108829978840969,0.0,-0.5149912229329434,1.2832240453568007,0.13526939243408484,0.0,0.0002618613990124,0.071344413794908,0.0,中等方差
344X254,344,0.00315192428035022,-2.5014242242475415,0.09999999999999432,110.1,0.0005099182655423588,0.0,-0.4352770994243856,1.4362330298508255,0.13488727550630492,0.0,0.0001846634566733,0.0307578543939083,0.0,中等方差
520X165,520,0.0031299908783943217,-2.5044569280985307,0.09999999999999432,90.0,0.0006216257933534144,0.01125,0.6842910515656822,-0.3184424238235768,0.13450515857852502,0.0,0.0001883534989735,0.0416037754453218,1.0,中等方差
310X201,310,0.003117955778141875,-2.5061300486869964,0.030281999999999996,0.069833,0.7996027444873568,0.0,-1.159688265651705,0.6476882289708819,0.13412304165074512,0.0,0.0002061408157653,0.0295483165595943,0.3344296441342262,中等方差
220X169,220,0.0031101182651653535,-2.507223096203979,0.044254000000000016,0.3775,0.14773095180926302,0.0,-2.12373562148378,41.74023166032129,0.13374092472296523,0.0,0.0003741903273769,0.0521936474483962,0.1540419419706984,中等方差
311X16,311,0.003088097840723648,-2.5103089482931527,0.0,90.1,0.0006167664405327463,0.00625,1.251917951539378,6.742997810414714,0.13335880779518533,0.0,0.000126639817732,0.0351913482301997,0.0,中等方差
400X215,400,0.0030809455569461917,-2.511315975985803,0.07000000000000028,4.25,0.013060297864725753,0.0,0.9069661616793114,-0.6123792812669984,0.13297669086740543,0.0,0.0002048316729428,0.0764479996151573,0.0971428571428549,中等方差
520X169,520,0.0030780457360493315,-2.511724931364099,0.09999999999999432,90.0,0.0006164459801360079,0.01125,0.6648646503801956,-0.358176085022353,0.13259457393962554,0.0,0.0002720603310784,0.0411539764150604,0.9522000000000022,中等方差
420X135,420,0.0030538857811068,-2.5151472100964507,0.1,-0.1,0.5526197409708414,0.005,0.7251549646301066,-0.549325789244266,0.1322124570118456,0.4,0.0004335924624239,0.139265325485006,0.0799836730991632,中等方差
210X54,210,0.003051436857008765,-2.515495612414381,0.07925000000000004,0.52,0.10623040816600139,0.0,-3.9958179278259864,35.95767953959674,0.13183034008406572,0.2,0.000370607954769,0.1359560026663007,0.1919665097486841,中等方差
210X123,210,0.003048635129849815,-2.515894550241053,0.08000000000000007,0.52,0.10618162836436114,0.0,-4.002685895593679,36.032660785802314,0.13144822315628582,0.6,0.0005155784903153,0.1361131330666258,0.1936972155464695,中等方差
210X56,210,0.0030481607493742244,-2.5159621335511617,0.08000000000000007,0.52,0.10617336688851464,0.0,-4.003660801439286,36.043809934843004,0.13106610622850592,0.4,0.0003698266777692,0.1360810454209591,0.1936972155464695,中等方差
210X117,210,0.0030458058182102634,-2.51629778805446,0.08000000000000007,0.52,0.10613234554784728,0.0,-4.0057520580765935,36.08323470864032,0.13068398930072603,0.2,0.0004503783897397,0.1352999292241112,0.1955529505523014,中等方差
310X202,310,0.0030075549341934365,-2.5217864313533074,0.029663999999999996,0.072305,0.7584700806736059,0.0,-1.3794193986376913,0.37028471465507407,0.13030187237294613,0.0,0.0002905428001275,0.0298026309964348,0.1822558861023679,中等方差
344X255,344,0.0029779860721473616,-2.5260773377469357,0.09999999999999432,110.1,0.0004956487464698458,0.07625,-0.7983177114993408,2.1097296467087587,0.1299197554451662,0.0,0.0001975439560358,0.0682168613069965,0.0,中等方差
520X313,520,0.002932196066507777,-2.5328069931866133,0.10000000000000142,16.0,0.0033843597451801728,0.01125,-0.12611742351373478,-1.0366767374071977,0.1295376385173863,0.0,0.000210597664284,0.0549514889943011,0.1837906582395563,中等方差
312X216,312,0.002904727400478568,-2.536894618531119,0.0,47.3,0.0011394402327611474,0.00125,0.03188348022158623,0.4347502476448448,0.12915552158960641,0.0,0.000158339107333,0.0365353793791861,0.0,中等方差
310X24,310,0.0028950314767834796,-2.53834670996105,0.1004,0.0,,0.0,-0.8802659198835787,-0.7999603381532956,0.12877340466182652,0.2,0.0002502778448311,0.1356139904255082,0.0,中等方差
520X332,520,0.002886972107090861,-2.5395574120995503,0.1,0.0,,0.01125,0.04186303881257428,-1.0172495821108867,0.12839128773404662,0.0,0.0003528220190748,0.0899470987967095,0.9372233400402414,中等方差
311X128,311,0.002852430968109896,-2.544784857175031,0.1,0.1,0.5340815450949318,0.00625,-0.02740658080532911,-0.9554698566584068,0.12800917080626673,1.0,0.0014022303719575,0.1079885090859627,0.0,中等方差
420X19,420,0.002841929774659254,-2.5463866578845478,0.0,90.0,0.000592330589903738,0.005,1.6852659409214508,13.19232828423198,0.12762705387848683,0.0,0.0001617632915631,0.0291849634977771,0.0,中等方差
311X130,311,0.002836113619441404,-2.5472763745792326,0.1,0.1,0.5325517457901535,0.00625,-0.08651896278166178,-1.0604672955894028,0.1272449369507069,1.0,0.0011431978345674,0.0888510326199607,0.0,中等方差
210X89,210,0.0028339668335419506,-2.547605236690535,0.09,0.19,0.2801842900417574,0.0,0.3858042055099363,0.4616111429350154,0.126862820022927,0.0,0.0004707332964337,0.0826871715018306,0.2611111111111113,中等方差
520X306,520,0.0028205284130007006,-2.549669520988307,0.1,0.0,,0.01125,0.1550391587949655,-0.06877391050845372,0.1264807030951471,0.0,0.000185356774906,0.0753679390788984,0.0,中等方差
312X166,312,0.002805292329697926,-2.5520218757412976,0.10000000000000142,38.4,0.0013792971465771955,0.00125,0.2158627113439187,-0.167790724883353,0.12609858616736722,0.0,0.0002282449163954,0.0540670886624442,0.0,中等方差
420X23,420,0.002790493347239129,-2.554319008539107,0.0,90.0,0.0005869457824288404,0.005,1.736018367440728,13.82255169962497,0.12571646923958732,0.0,0.0001844113065746,0.035757487002144,0.0,中等方差
330X1041,330,0.0027799123904880996,-2.555968890746357,0.06999999999999984,2.23,0.023643441477470453,0.0,-0.6804798986942815,0.24743757955194345,0.12533435231180742,0.0,0.0002505503298694,0.0185950693446938,0.1462857142857114,中等方差
420X20,420,0.0027245030182355425,-2.5647127066432214,0.09999999999999432,90.0,0.0005799641345057727,0.005,-0.26562926367270634,-0.3122863468929138,0.12495223538402751,0.0,0.0001331721220615,0.0219354914360543,0.0,中等方差
310X21,310,0.0027223867294117665,-2.56505018092565,0.1038,0.0,,0.0,-1.3901948798634298,1.7021833734788672,0.12457011845624762,0.0,0.0001358087975267,0.0384342646496804,0.0,中等方差
520X331,520,0.0027036438413160944,-2.5680505198083323,0.0,0.0,,0.01125,0.922419937835802,5.682860232277651,0.1241880015284677,0.0,0.0001681579370511,0.1472932160337769,0.0,中等方差
750X1061,750,0.0026857165206508075,-2.5709398293494408,0.040000000000000924,10.19,0.00508576046381547,0.0,1.8380978933569545,4.032339360367975,0.12380588460068781,0.8,0.0008319738876833,0.2909682082156787,0.7333333333333018,中等方差
210X43,210,0.0026787952377972483,-2.5720604817980557,0.07500000000000001,0.468,0.11059204937618146,0.0,-3.6036348588150724,30.998552677414565,0.12342376767290791,0.4,0.0004610532736395,0.129793467490104,0.0819366121833761,中等方差
344X252,344,0.0026779568210260527,-2.572196429766616,0.09999999999999432,110.0,0.00047044526306398623,0.0,-0.8344251148032947,2.4391547151443307,0.123041650745128,0.0,0.0002383650308179,0.0723935610278733,0.0,中等方差
210X41,210,0.0026773312640801018,-2.572297890575693,0.07500000000000001,0.468,0.11056182571860751,0.0,-3.6067247166684067,31.031282025528192,0.12265953381734811,0.4,0.0004064680884303,0.1298746128087093,0.0875950909931485,中等方差
420X153,420,0.0026740463322903886,-2.572831072136216,0.1,-0.1,0.5171118188835359,0.005,1.319926276440397,0.7464004643728273,0.12227741688956821,0.0,0.0003178721695359,0.1037989828380998,0.0,中等方差
330X1037,330,0.0026529511889862236,-2.5762707404243614,0.06999999999999984,2.23,0.023097222964204422,0.0,-0.6531064733957638,0.23397320450496917,0.1218952999617883,0.0,0.0002142561495907,0.0184917426425279,0.0901378629872992,中等方差
220X217,220,0.002581403784863573,-2.588144057516446,0.06288049999999999,0.09795100000000001,0.5187034028381409,0.0,-0.6641950395832735,2.2803638404865643,0.1215131830340084,0.0,0.0002504181879713,0.0711590360475305,0.0411473537936982,中等方差
312X245,312,0.002574552777438005,-2.589298200859408,0.10000000000000142,19.2,0.002642710990586919,0.00125,0.16432812861991672,-1.757936371388037,0.12113106610622851,0.0,0.0001895320922418,0.0135400196029526,1.0,中等方差
344X253,344,0.002564184369854237,-2.591050751410774,0.09999999999999432,110.0,0.0004603434192256006,0.07625,-1.0226922821130227,3.2150970976188034,0.12074894917844861,0.0,0.0002221409196543,0.0558811190260885,0.0,中等方差
312X234,312,0.0025521249933342927,-2.593098059345065,0.09999999999999787,19.3,0.002617542014481119,0.00125,0.10110009251516176,-1.8435643171629266,0.1203668322506687,0.0,0.0002708447693208,0.0283433418008131,1.0,中等方差
520X288,520,0.0025385907919794784,-2.595407299562677,0.10000000000000142,40.0,0.0012596107513780492,0.01125,0.333323183501667,-1.059599161216531,0.1199847153228888,0.0,0.0002153835713459,0.0303252257786481,0.0,中等方差
330X1039,330,0.0025361176470588285,-2.595830603990871,0.06999999999999984,2.23,0.02258290642372561,0.0,-0.6292204160387379,0.2345144778613797,0.11960259839510891,0.0,0.0003031634238357,0.0180507005638986,0.0166666666666662,中等方差
520X315,520,0.002509913744819108,-2.6003412031375928,0.10000000000000142,16.0,0.0031311899600151446,0.01125,0.35151451544915346,-0.054404448552285434,0.119220481467329,0.0,0.0001141095297763,0.0152123785307025,0.0,中等方差
312X193,312,0.0025035443091226536,-2.6014447178112365,0.09999999999999964,15.0,0.0033356953691997537,0.1375,0.36786578360944905,-0.18247496723949785,0.1188383645395491,0.0,0.000179233944211,0.0297267641669846,0.0,中等方差
311X106,311,0.002503049601571536,-2.601530544129144,0.1,0.0,,0.00625,0.01260265620584171,-2.0048912775334236,0.1184562476117692,1.0,0.0021674701157507,0.1731299717851515,0.6502840909090909,中等方差
520X281,520,0.0025014002464433718,-2.6018168117024234,0.1,0.1,0.5001400050429251,0.01125,-0.05321703785615855,-2.0022369101488895,0.1180741306839893,0.4,0.000298637996025,0.1192505430572597,0.2,中等方差
520X285,520,0.002501400246443369,-2.601816811702424,0.1,0.1,0.5001400050429248,0.01125,-0.05321703785615855,-2.0022369101488895,0.1176920137562094,0.2,0.0002402250321735,0.1263383191385852,0.2,中等方差
311X154,311,0.0025006732886586366,-2.6019430448553327,0.1,0.0,,0.00625,-0.06304321371130049,-2.001066034398156,0.1173098968284295,1.0,0.0073074173385724,0.4222509864524196,0.1974063400576369,中等方差
520X282,520,0.0024982636944102035,-2.602361723294494,0.1,0.0,,0.01125,0.08875072363443577,-1.9971794848587905,0.11692777990064959,0.0,0.0002872757874096,0.1109100974649006,0.0,中等方差
440AX106,440A,0.002496871088861075,-2.6026038792912245,0.0,100.0,0.0004996870109239457,0.0,-19.962370694636068,397.48996551529575,0.1165456629728697,0.0,0.0,0.0205224213694216,0.0,中等方差
400X227,400,0.0024968710888610634,-2.6026038792912267,0.0,0.0,,0.0,19.96237069463593,397.4899655152921,0.1161635460450898,0.0,9.84170051439346e-06,0.0678704962873162,0.0,中等方差
311X104,311,0.002495128558528618,-2.602907072957942,0.1,0.1,0.49951261831195193,0.00625,-0.11360380113747125,-1.9921121319481978,0.1157814291173099,1.0,0.0028782694724056,0.1122603889670769,0.0,中等方差
330X1107,330,0.002491724030037653,-2.603500059472205,0.10000000000000142,30.0,0.0016639057231698532,0.0,0.1355629147935812,-1.9865954581596865,0.11539931218952999,0.0,0.0001461421962316,0.0246882150508498,1.0,中等方差
400X157,400,0.0024908635794743395,-2.603650057410866,0.1,0.0,,0.0,-0.1406080432081364,-1.9851986481763018,0.1150171952617501,0.0,0.000288527894335,0.0212870453649773,1.0,中等方差
312X174,312,0.0024885430095889604,-2.6040548489260904,0.09999999999999787,18.4,0.0027111575288924525,0.00125,-0.15342599133369156,-1.981426520274835,0.1146350783339702,0.0,0.0001930932560305,0.0321223785048742,0.4,中等方差
311X107,311,0.0024745338466169177,-2.6065066015422858,0.1,0.1,0.4974468661693345,0.00625,-0.21547606661703703,-1.958503469935325,0.11425296140619029,1.0,0.0016471231265165,0.1108730205089121,0.0,中等方差
311X103,311,0.0024745338466169173,-2.6065066015422858,0.1,0.1,0.4974468661693344,0.00625,-0.21547606661703703,-1.9585034699353245,0.1138708444784104,1.0,0.002669604333027,0.1330613641742585,0.0,中等方差
520X311,520,0.002473331306309965,-2.6067177053673567,0.10000000000000142,16.0,0.0031082873765585608,0.01125,0.38140963990581495,-0.0668920167486653,0.1134887275506305,0.0,0.0001497980921626,0.0320225058713608,0.0,中等方差
312X198,312,0.0024706635173666544,-2.6071863976579976,0.09999999999999964,14.9,0.0033359576817144575,0.00125,0.22970807891412037,-1.9521269126481,0.11310661062285059,0.0,0.0001974548247207,0.0590320995563195,1.0,中等方差
312X160,312,0.0024692206109768115,-2.6074401065647463,0.10000000000000142,38.0,0.0013076645489951246,0.00125,-0.23482518893902896,-1.9497438797489874,0.11272449369507069,0.0,0.0002278595373538,0.014397674556943,0.0,中等方差
220X216,220,0.002438412952127652,-2.6128927434906624,0.015,0.072,0.685837348685375,0.0,-1.9158551567081907,2.1304463958159054,0.1123423767672908,0.0,0.0001270412320238,0.0277155096890071,0.025,中等方差
312X220,312,0.0024368806873253084,-2.613165733886563,0.0,53.7,0.0009192694920599996,0.00125,-0.36921335495763874,0.2540812081224537,0.11196025983951088,0.0,0.0002694430080593,0.0606938743971037,0.0,中等方差
310X161,310,0.002429531785094957,-2.614477414773007,0.074934,0.154207,0.3196371165904358,0.0,-2.9638722338073515,24.821500369752457,0.11157814291173099,0.0,0.000165190602222,0.040864923839252,1.0,中等方差
400X136,400,0.0024285200250313086,-2.614658311081313,0.1,-0.1,0.4928001648773373,0.0,0.7467603621953888,-1.0507016589184517,0.11119602598395109,0.0,0.0002349952186425,0.0476555305858762,0.0,中等方差
400X156,400,0.0024242647058823692,-2.6154199612270617,0.1,0.0,,0.0,-0.36140606264487324,-1.8740771231929685,0.1108139090561712,0.0,0.0002041868845381,0.0693321664712575,0.0,中等方差
420X159,420,0.0024166113586801727,-2.616793187553443,0.1,-0.1,0.4915904147438366,0.005,0.3791733510177959,-1.8609095577430275,0.11043179212839128,0.6,0.0013590340172722,0.213622569152279,1.0,中等方差
210X116,210,0.002414348834480606,-2.6171999811545485,0.05700000000000005,0.523,0.09395033230591815,0.0,-5.661015330406772,56.81296692620641,0.11004967520061139,0.0,0.000294599705584,0.0943121573910457,0.0763224062716551,中等方差
210X53,210,0.002413458566958697,-2.617360152530254,0.05700000000000005,0.523,0.0939330090756965,0.0,-5.666002006565941,56.85961621665393,0.10966755827283149,0.4,0.0004626817802225,0.0952355040857495,0.0765490361448756,中等方差
210X55,210,0.0024131064314768446,-2.617423522855515,0.05700000000000005,0.523,0.0939261561815795,0.0,-5.668522862872534,56.90036319979385,0.10928544134505158,0.0,0.0003401572100654,0.0933857843955467,0.0911516452074396,中等方差
312X219,312,0.0024127659574468864,-2.6174848033788156,0.10000000000000142,54.2,0.0009062714771565345,0.0,-0.38777793918044173,-1.8542702177760273,0.10890332441727169,0.0,0.0002622313737426,0.0352299285835172,0.0,中等方差
210X122,210,0.0024126995478723416,-2.617496757173425,0.05700000000000005,0.523,0.09391823721381191,0.0,-5.669669734457603,56.916886824211026,0.10852120748949179,0.4,0.0004660929571507,0.0933647841933238,0.0894349070100145,中等方差
400X160,400,0.0023979349186482733,-2.6201626080826594,0.1,0.0,,0.0,-0.4196838533262611,-1.8284428425079822,0.10813909056171188,0.0,0.0003204965259691,0.0141532460419953,0.0,中等方差
520X333,520,0.0023905967450271264,-2.6214936761550764,0.0,0.0,,0.01125,0.5237985542834702,5.137245867573776,0.10775697363393198,0.0,0.0001898195654337,0.143019152552001,0.0,中等方差
400X115,400,0.002377909887359223,-2.623804607313695,0.10000000000000053,4.9,0.00995179946925944,0.0,-0.473870431015924,-1.691701365428053,0.10737485670615209,0.0,0.0001918442205732,0.1085596705278109,0.0,中等方差
520X283,520,0.0023691849765558955,-2.625401029964726,0.1,0.1,0.4867427427867719,0.01125,-0.4765128333915517,-1.7774360845360968,0.10699273977837218,0.0,0.0003061455835057,0.1008505133005864,1.0,中等方差
400X124,400,0.002359183354192669,-2.6272383047186243,0.09999999999999787,20.4,0.0023809522198409983,0.0,-0.5719038525162471,-0.20361081400774594,0.10661062285059228,0.0,0.0002138954640174,0.0772553432211065,0.0,中等方差
420X141,420,0.0023544609841661085,-2.6281085018667283,0.09999999999999964,15.9,0.0030517476916680315,0.005,0.5035417424995405,-1.7508511719440778,0.10622850592281238,1.0,0.0007284878212894,0.1925098333477305,0.0,中等方差
400X111,400,0.002352878598247784,-2.6284004805890717,0.1,0.1,0.4850647996142148,0.0,-0.5063530383632484,-1.7479828291282355,0.10584638899503249,0.0,0.0001866245339427,0.1065353811683135,0.0,中等方差
400X132,400,0.002346292240300406,-2.6296178956964367,0.1,-0.1,0.4843854085643379,0.0,0.6676108709695749,-1.3806893452506688,0.10546427206725258,0.0,0.0003014593644075,0.0459689550066384,0.0,中等方差
312X173,312,0.0023351244193085944,-2.631689974549855,0.10000000000000009,3.0,0.016107708366247076,0.00125,0.5374734443137498,-1.7154225073251534,0.10508215513947268,0.0,0.0001825981574293,0.0344312006652863,0.0,中等方差
520X312,520,0.002318968138392421,-2.6347052183371806,0.10000000000000142,16.0,0.0030097291058491286,0.01125,0.5249977414987614,-0.13630769687483602,0.10470003821169278,0.0,9.744471387221408e-05,0.0136425903109428,0.0,中等方差
312X191,312,0.0023184996282948674,-2.6347929693948755,0.10000000000000142,23.2,0.002075465556474653,0.00125,0.565454802753526,-1.6844836324755084,0.10431792128391287,0.0,0.000180458410033,0.0291003182957999,0.0,中等方差
520X314,520,0.0023006609163213148,-2.6381473852523323,0.0,16.0,0.0029978253291978395,0.01125,-0.049967622738241346,1.3586132119563263,0.10393580435613298,0.0,6.939094762947416e-05,0.0272142053426816,0.0,中等方差
520X284,520,0.0022822256717181903,-2.6416414137582316,0.1,0.0,,0.01125,0.6234642647125817,-1.6153831322599899,0.10355368742835308,0.0,0.0003197381637891,0.1316146964809694,0.0,中等方差
312X445,312,0.002277000385820608,-2.642636895796914,0.0,9.5,0.005022939495208709,0.00125,-0.33349701623747574,0.9753694739361167,0.10317157050057317,0.0,0.0001058762630613,0.0853097899803561,0.0,中等方差
400X120,400,0.0022647684605756704,-2.6449761916354135,0.09999999999999787,20.4,0.0023328227220674883,0.0,-0.5930915380738925,-0.2586012902586594,0.10278945357279327,0.0,0.0002104432179933,0.074494062781088,0.0,中等方差
420X157,420,0.0022319616952688054,-2.6513132629943765,0.1,0.0,,0.005,-0.6984533752277043,-1.5159782060714475,0.10240733664501338,0.2,0.0003710677445724,0.1244602502597264,0.0,中等方差
420X156,420,0.002184507442874756,-2.6606464712593203,0.1,0.0,,0.005,-0.7652812506174936,-1.417913536470813,0.10202521971723347,0.4,0.0003721477055285,0.1381432992362826,0.0,中等方差
310X200,310,0.0021708039909261604,-2.663379388660824,0.02500000000000001,0.07,0.6655983944076126,0.0,-1.8066026099098398,2.1998921836101264,0.10164310278945357,0.0,0.0002534608141863,0.0852785646852658,0.2426455026455024,中等方差
210X40,210,0.0021592770901126416,-2.6656916230732155,0.059,0.474,0.09803380217628437,0.0,-5.076825341233899,47.372743563558046,0.10126098586167367,0.0,0.0003995151417639,0.0903663586791254,0.0115573770491803,中等方差
420X160,420,0.0021570114724566527,-2.6661475450173584,0.1,0.0,,0.005,-0.8026846929517923,-1.359118485994012,0.10087886893389378,0.4,0.000399562649617,0.1347120653919323,0.0,中等方差
420X121,420,0.0021570114724566523,-2.6661475450173584,0.1,0.0,,0.005,0.8026846929517923,-1.3591184859940122,0.10049675200611387,0.0,0.0002371345279368,0.0573127251602281,0.0,中等方差
311X148,311,0.002140962881992321,-2.669390862030948,0.0,-0.1,0.46270540109148506,0.00625,-0.5877738713569547,0.5714309319913209,0.10011463507833397,0.4,0.0006472110263228,0.0618323178762735,0.0,中等方差
750X696,750,0.0021336414267834674,-2.670878564974348,0.0,0.0,,0.0,4.082915523693472,14.722433155962376,0.09973251815055408,0.4,0.0003754327959939,0.2067553407868074,0.0,中等方差
400X121,400,0.0021321026282852596,-2.6711918944741457,0.09999999999999787,20.3,0.002274615607892097,0.0,0.8358796888611681,-1.3045728459105599,0.09935040122277417,0.0,0.0002589660062653,0.0645268996351068,0.0,中等方差
360X1146,360,0.002107503754693359,-2.6762316429707624,0.08000000000000007,2.26,0.02031307814983937,0.0,-0.6117599001133082,-0.4730800562061934,0.09896828429499427,0.0,0.0002619620369594,0.0090328207223989,0.0,中等方差
520X329,520,0.0021003696650610582,-2.677704262710122,0.0,0.0,,0.01125,-0.17809880091700186,3.106995265765187,0.09858616736721437,0.0,0.0001487585853581,0.1483060567052309,0.0,中等方差
210X42,210,0.0020996392975594553,-2.677855307425373,0.059,0.474,0.09667050884866638,0.0,-5.177327916406212,49.77476697050999,0.09820405043943446,0.2,0.0003476685478948,0.0999220086518231,0.0066059875964841,中等方差
312X236,312,0.0020874687108885714,-2.680380025444493,0.09999999999999964,4.4,0.010383823816399693,0.0,0.8941383480895982,-1.2035317110093966,0.09782193351165457,0.0,0.0001811148913945,0.0105320820848863,0.0,中等方差
340X113,340,0.002040300375469334,-2.6903058905124575,0.09999999999999964,10.1,0.004472245965592731,0.0,-0.9543517989320958,-1.09194878221397,0.09743981658387467,0.0,0.0002451030186183,0.0141989613765442,0.0,中等方差
311X192,311,0.002004169003374368,-2.698065658983345,0.08000000000000007,14.08,0.0031795416306736554,0.00625,-0.6732397376382455,-0.28931808665594927,0.09705769965609476,1.0,0.0030316005890257,0.4036303923681467,0.0,中等方差
311X196,311,0.001970698477575515,-2.7053798189181397,0.08000000000000007,14.08,0.0031528799572504017,0.00625,-0.6194904446456801,-0.5548819073722346,0.09667558272831486,1.0,0.0039418338819124,0.4015007246243834,0.0,中等方差
311X152,311,0.0019521252158484067,-2.709492328673478,0.1,0.0,,0.00625,-1.0645885939910331,-0.8688432384775608,0.09629346580053497,1.0,0.0027965387960096,0.3441665385901291,0.0,中等方差
311X116,311,0.0019221836731461517,-2.7162051159272953,0.10000000000000142,30.0,0.0014614238388739448,0.00625,-1.1016106975172073,-0.7884437204697132,0.09591134887275506,0.2,0.0006782524887703,0.0727098717659937,0.0,中等方差
400X123,400,0.0019143304130163257,-2.7179831009555753,0.10000000000000142,20.3,0.0021553232392073057,0.0,-1.111272032937262,-0.766998228223684,0.09552923194497516,0.0,0.0001738895821155,0.0185615657137771,0.0,中等方差
312X442,312,0.001909951410361568,-2.7189776811712614,0.09999999999999964,10.0,0.00437029908628868,0.1375,1.1174797957317733,-0.7534311876591451,0.09514711501719526,0.0,0.0001619863620138,0.0078613323755008,0.0,中等方差
330X1258,330,0.001904317897371781,-2.720260550935725,0.0,49.8,0.0008762749198201426,0.0,1.94741034043803,4.763940130200947,0.09476499808941537,0.0,0.0001233062156814,0.0773890162025788,0.0,中等方差
310X15,310,0.0018881948309762227,-2.723953195603452,0.0704,-0.03,1.4484454620869394,0.0,-0.8561167441659284,-0.27307137257201664,0.09438288116163546,0.0,0.0002094196947046,0.1226990873400963,0.0,中等方差
312X436,312,0.001881344523674267,-2.7255316664221514,0.07499999999999929,10.0,0.004337446856935849,0.1375,-1.152751875681158,-0.6731226151912599,0.09400076423385556,0.0,0.0002108186640157,0.0871454757635385,0.0,中等方差
420X132,420,0.0018744034638602156,-2.7271369218428116,0.0,0.0,,0.005,-0.19020301550602617,2.297544804144884,0.09361864730607566,0.4,0.0003412638854905,0.1264240138369485,0.0,中等方差
311X193,311,0.0018610069229916257,-2.7302520112800504,0.08999999999999986,14.09,0.0030617025876590966,0.00625,-0.8473350739552354,-0.49282494209444794,0.09323653037829575,1.0,0.0049414654853287,0.419064743328162,0.0,中等方差
400X122,400,0.0018520650813517675,-2.7323437563283086,0.0,20.4,0.0021095894962150272,0.0,1.1880347663167163,-0.5900547934637266,0.09285441345051586,0.0,0.0001458355783649,0.0272552921683055,0.0,中等方差
420X134,420,0.0018519484213520186,-2.7323711130288877,0.0,0.1,0.43034270312763734,0.005,-1.1882042123130774,-0.5896586298028166,0.09247229652273596,1.0,0.0007330468433854,0.1475399629981203,0.0,中等方差
750X58,750,0.001846292240300393,-2.7336995555827572,0.08,0.06,0.7161417147736878,0.0,0.20622302908965054,-0.8464348379752096,0.09209017959495605,0.0,0.0002753972395289,0.0662875531804806,0.1375000000000001,中等方差
520X330,520,0.0018385635871913427,-2.7355213453497726,0.0,0.0,,0.01125,-0.8534723615322715,1.1100522113421043,0.09170806266717615,0.0,8.257202330173952e-05,0.1481038319163797,0.0,中等方差
420X136,420,0.0018045415758035366,-2.7436331075451488,0.0,0.0,,0.005,-0.263344577026197,2.4576293356649406,0.09132594573939626,0.0,0.0002284645882466,0.1310784367290397,0.0,中等方差
220X14,220,0.0017976370463079236,-2.7452979904101773,0.084,-0.016,2.649909378099622,0.0,-0.2722163683346265,0.24851902287523275,0.09094382881161635,0.0,0.000287365347177,0.0185975365488167,0.0,中等方差
311X194,311,0.001777671530187085,-2.7501484828516043,0.07000000000000028,14.12,0.0029860086526429606,0.00625,-0.34289019224346695,-0.17154757028484902,0.09056171188383645,1.0,0.0024889814935648,0.3920185999865867,0.1428571428571646,中等方差
220X180,220,0.00174629142849773,-2.757883277682609,0.075899,0.307307,0.13598340392672315,0.0,-0.4607863613185931,0.49843950031483386,0.09017959495605656,0.0,0.0002228396011491,0.0274668710453994,0.0,中等方差
420X110,420,0.0017383142125722635,-2.7598717189964375,0.0,0.0,,0.005,1.3291317533684388,-0.23400305234634855,0.08979747802827666,0.0,0.0002208633524365,0.0121869119859218,0.0,中等方差
311X151,311,0.0017329024285918126,-2.7612258896329402,0.0,0.0,,0.00625,-1.335913525699744,-0.21588449607829396,0.08941536110049675,1.0,0.0019228640726713,0.2982351530033738,0.0,中等方差
400X159,400,0.0017321026282853679,-2.7614263793062195,0.0,-0.1,0.41618537075266926,0.0,1.336882592574987,-0.21328440419069272,0.08903324417271685,0.0,9.333325757544342e-05,0.0677636061250614,0.0,中等方差
311X155,311,0.001718866340319692,-2.7647578928990186,0.0,0.0,,0.00625,-1.353523405504454,-0.1684043877856669,0.08865112724493696,1.0,0.0024730656450981,0.2997219906642654,0.0,中等方差
520X166,520,0.001678919489830112,-2.774970129330002,0.0,90.0,0.00045527355632645443,0.01125,2.344504522226301,6.236481788958171,0.08826901031715705,0.0,0.00015177360967,0.0267375893541182,0.0,中等方差
312X208,312,0.001625904561152608,-2.7889049506123387,0.0,54.2,0.0007439576915277769,0.00125,-1.4718220149462011,0.16667097038736767,0.08788689338937715,0.0,0.0002146930619334,0.0205963585243912,0.0,中等方差
312X210,312,0.0016230814834330884,-2.789659676774473,0.0,47.2,0.0008535484204322945,0.00125,1.2251811076281331,1.1923777658416195,0.08750477646159725,0.0,0.000120467869709,0.0268660182245528,0.0,中等方差
330X1256,330,0.0016172606993116784,-2.791219967015947,0.0,49.8,0.0008075337341606367,0.0,1.5476729625127466,2.6416061770407744,0.08712265953381734,0.0,0.000155108902786,0.0757750076137323,0.0,中等方差
311X209,311,0.001583835685883118,-2.80028987603931,0.03000000000000025,5.53,0.007196642523863519,0.00625,-3.416238626960718,14.425707665389355,0.08674054260603745,0.6,0.0010871123475072,0.0878660783138661,0.2666666666666825,中等方差
312X197,312,0.0015808294202339776,-2.801114990186623,0.0,23.0,0.001728680244569808,0.00125,1.5305267072021538,0.34336521803372877,0.08635842567825755,0.0,0.0001498153892766,0.0126763748503103,0.0,中等方差
520X168,520,0.0015678279377168678,-2.8047016009630394,0.0,90.0,0.0004399534119158566,0.01125,2.0127230527424436,7.1386801460289355,0.08597630875047764,0.0,0.0001815931882846,0.0241341868855685,0.0,中等方差
400X133,400,0.001564064455569461,-2.805745353500376,0.0,0.0,,0.0,-1.5526224639944444,0.4116594096024513,0.08559419182269774,0.0,6.927588787257447e-05,0.0757380219845707,0.0,中等方差
400X112,400,0.0015640644555694242,-2.8057453535003862,0.0,0.1,0.39548254772738384,0.0,-1.5526224639944444,0.4116594096024513,0.08521207489491785,0.0,0.0001549620457631,0.0599549640243385,0.0,中等方差
220X218,220,0.001545371352722781,-2.8109671427378986,0.022247000000000003,0.092698,0.42407831387675626,0.0,-2.7600380382596414,7.760292485444303,0.08482995796713795,0.0,0.0001791786478657,0.0197556670041505,0.0583258653519351,中等方差
311X149,311,0.0015405478193368332,-2.8123248164305896,0.0,-0.1,0.3924981298473705,0.00625,-0.6783193790569311,3.013724116045639,0.08444784103935804,0.2,0.0004304146219077,0.0836263910481676,0.0,中等方差
330X1261,330,0.0014898466833541963,-2.826858421520055,0.0,49.8,0.0007750709265038348,0.0,1.446637898294245,2.384053483820785,0.08406572411157814,0.2,0.0001800891999746,0.0735485992238443,0.0,中等方差
400X108,400,0.001485841677096372,-2.8280274640791765,0.0,0.1,0.38546616934516725,0.0,-1.657986602161757,0.7507902967207425,0.08368360718379825,0.0,0.0001391346394163,0.0492877882175524,0.0,中等方差
310X167,310,0.0014801212522620635,-2.8297027055298125,0.077019,0.229274,0.16780072748023162,0.0,-0.06516199735056113,-2.000580620714399,0.08330149025601834,0.0,0.000255857010609,0.0960382091500745,0.9984575234682348,中等方差
310X164,310,0.0014792283124425254,-2.8299647893692423,0.07655699999999999,0.153923,0.24986998229099971,0.0,0.6274119335778541,-1.2017741968394855,0.08291937332823844,0.0,0.0001236443256288,0.0526239785384695,0.4027352168972137,中等方差
420X214,420,0.001476661767959298,-2.8307189692314285,0.03000000000000025,5.73,0.006706345030614769,0.005,-2.1704627669055916,4.680971652954913,0.08253725640045854,0.0,0.0001791947132113,0.0933502516631927,0.4651865008880794,中等方差
420X217,420,0.0014725519104958854,-2.8319293864936337,0.03000000000000025,5.73,0.006697005949962799,0.005,-2.155213018380797,4.638817466046934,0.08215513947267863,0.0,0.0002687198527769,0.0758662383547216,0.3999999999999822,中等方差
420X213,420,0.0014624752694289117,-2.834911469137315,0.03000000000000025,5.73,0.0066740528818459936,0.005,-2.123565592067064,4.523873090317368,0.08177302254489874,0.0,0.0002122256893183,0.0741190802699739,0.3999999999999822,中等方差
400X109,400,0.0014617647058823458,-2.835122528308925,0.0,0.1,0.3823303160726789,0.0,-1.6912510312953133,0.8624799997615877,0.08139090561711884,0.0,0.0001622224206734,0.0569538611356376,0.0,中等方差
420X215,420,0.0014562856736512748,-2.836753422879597,0.03000000000000025,5.73,0.0066599146972149735,0.005,-2.123238772809334,4.565351443838738,0.08100878868933893,0.0,0.000220761807979,0.0961710246512238,1.0,中等方差
311X145,311,0.00145430350268524,-2.8373449498823224,0.0,-0.1,0.3813533142225513,0.00625,-0.6263829894226265,4.171941413641404,0.08062667176155904,0.0,0.0003042772169329,0.0412326243235987,0.0,中等方差
312X187,312,0.0014101722723543848,-2.8507278289313307,0.0,15.0,0.0025034840366127847,0.1375,-1.76498215548471,1.1183953345992275,0.08024455483377914,0.0,0.0002377036717053,0.0966713715755066,0.0,中等方差
344X65,344,0.0013982859720342467,-2.854403999280226,0.0,14.9,0.0025096417577669494,0.07625,1.781623792914837,1.177362383225503,0.07986243790599924,0.0,0.0002787916910442,0.1063665265410003,0.0,中等方差
312X167,312,0.0013555478182314595,-2.867885157664638,0.0,3.1,0.011876698381122425,0.00125,1.8436629257722057,1.4025976039672226,0.07948032097821933,0.0,7.12422055477162e-05,0.0153511716407666,0.0,中等方差
210X50,210,0.0012975860935544442,-2.886863817514031,0.006000000000000005,0.504,0.07147226655012481,0.0,-13.323354669441713,182.38337533488607,0.07909820405043944,0.0,0.000467868800411,0.0688355937191985,0.3142857142857143,中等方差
210X48,210,0.0012973350688360442,-2.8869478421479524,0.006000000000000005,0.504,0.0714653528765479,0.0,-13.322668430609678,182.37147372190728,0.07871608712265954,0.0,0.0002644716815824,0.0697222384550519,0.4500000000000018,中等方差
312X168,312,0.0012866647218798346,-2.8905346064811934,0.0,18.4,0.0019494624473248407,0.00125,1.9483374437763745,1.8005194677677463,0.07833397019487963,0.0,0.000144056788606,0.007004703626956,0.0,中等方差
210X49,210,0.0012601852800375381,-2.899565597594886,0.009000000000000008,0.499,0.07114045779464832,0.0,-13.631857840200345,188.23285479859513,0.07795185326709973,0.8,0.0009821215503925,0.1384518242396897,0.3125,中等方差
210X51,210,0.0012600612703379246,-2.899608336848536,0.009000000000000008,0.499,0.07113695738721268,0.0,-13.63580883699023,188.30718607901701,0.07756973633931984,0.8,0.0015464633685535,0.1404839302386921,0.25,中等方差
312X459,312,0.0012515644555694582,-2.9025467793139925,0.0,5000.0,7.07549137677224e-06,0.00125,-28.266588050190453,798.9999999994455,0.07718761941153993,0.0,0.0,0.0,0.0,中等方差
312X328,312,0.0012515644555694204,-2.902546779314006,0.0,0.0,,0.00125,28.266588050205154,799.0000000000009,0.07680550248376003,0.0,0.0,0.0284967549945279,0.0,中等方差
440AX158,440A,0.0012500000000000195,-2.9030899869919367,0.0,100.0,0.0003535533905932765,0.0,-28.28427124746198,800.0000000000026,0.07642338555598013,0.0,0.0,0.0489453082932289,0.0,中等方差
310X140,310,0.0012500000000000065,-2.903089986991941,0.0,5.0,0.0070710678118654936,0.0,28.2842712474619,799.9999999999995,0.07585021016431027,0.0,0.0,0.0,0.0,中等方差
310X138,310,0.0012500000000000065,-2.903089986991941,0.0,4.0,0.008838834764831867,0.0,28.2842712474619,799.9999999999995,0.07585021016431027,0.0,0.0,0.0,0.0,中等方差
220X183,220,0.0012195792689336509,-2.9137899666158082,0.077324,0.152255,0.22936833027557893,0.0,1.096574837410086,-0.5735714479454082,0.07527703477264043,0.0,0.0003092162718222,0.0302650521420497,0.0,中等方差
311X147,311,0.0012047272784880174,-2.919111255871601,0.0,-0.1,0.3470918147245794,0.00625,2.4787927610592337,5.084993140478476,0.07489491784486053,0.8,0.000699088367488,0.2210330625797424,0.0,中等方差
311X210,311,0.0011567647291795295,-2.9367549618858417,0.02999999999999936,5.55,0.006128152100552303,0.00625,-2.5278746778108143,9.285147696845954,0.07451280091708062,0.8,0.0011393900889446,0.0853214705339811,0.0,中等方差
220X190,220,0.0011519537741474532,-2.9385649480269356,0.010328000000000004,0.045166,0.7514600478014879,0.0,-1.367953186771225,-0.0735176868071381,0.07413068398930073,0.0,0.00030555571395,0.015073089810453,0.0972420674638186,中等方差
220X191,220,0.0011440655255514326,-2.9415491009184693,0.006950999999999999,0.041734,0.8104671895451148,0.0,-1.2934113577771944,-0.27689823198063435,0.07374856706152083,0.0,0.0002004724631918,0.0187448415039549,0.0,中等方差
400X151,400,0.001141661451814751,-2.9424626626458896,0.0,-0.1,0.33788481052198116,0.0,2.188166937084653,2.7950559484434585,0.07336645013374092,0.0,0.0001746280149322,0.050878992620552,0.0,中等方差
311X212,311,0.0011351878079305557,-2.9449322819065697,0.02999999999999936,5.55,0.006070729415355563,0.00625,-2.5060415494880415,9.022920086226472,0.07298433320596102,0.2,0.0007922946823621,0.0547670181454231,0.0666666666666666,中等方差
311X208,311,0.0011335842719769243,-2.9455461883789966,0.024999999999999467,5.55,0.006066440225071378,0.00625,-2.591363610572319,9.449213237586028,0.07260221627818113,0.2,0.0008653166087619,0.0636986392000939,0.2,中等方差
311X105,311,0.0011017537189297014,-2.957915474870304,0.0,0.1,0.3319267568198896,0.00625,-1.9762183689214738,3.84084307372247,0.07222009935040122,0.0,0.0002323268764994,0.0643404624817522,0.0,中等方差
312X171,312,0.0010634386733417017,-2.973287550046387,0.0,37.9,0.0008604329139594485,0.0,-0.12325313159550008,6.45480767379833,0.07183798242262132,0.0,8.462241508997482e-05,0.0247306016945442,0.0,中等方差
210X161,210,0.0010403477096370458,-2.9828214846064927,0.03625,0.055,0.5864440282133688,0.0,0.2630245041510272,-0.16020985525948994,0.07145586549484143,0.8,0.000521725489375,0.1508862664668821,0.0558170248315825,中等方差
312X172,312,0.0010393631136665549,-2.9832327000736085,0.0,37.9,0.0008506373345000278,0.00125,2.3779309466889496,3.663720106180284,0.07107374856706151,0.0,0.0001406945790683,0.085900837474746,0.0,中等方差
312X209,312,0.0010393631136665301,-2.9832327000736187,0.0,43.6,0.0007394301600355659,0.00125,-2.3779309466889496,3.663720106180284,0.07069163163928162,0.0,0.0001627637140311,0.085900837474746,0.0,中等方差
312X159,312,0.0010382352941176673,-2.983704211654424,0.0,37.9,0.000850175693232926,0.0,2.3801297711693272,3.674196990981642,0.07030951471150172,0.0,0.0001443159976186,0.085900837474746,0.0,中等方差
210X179,210,0.0010352540675844782,-2.9849530544493246,0.034999999999999996,0.055,0.5850066235648136,0.0,0.2704450399150787,-0.1386227458972744,0.06992739778372183,1.0,0.0005771187543662,0.1514062885697623,0.0677343337484303,中等方差
312X207,312,0.0010286451814768578,-2.9877344039550957,0.0,54.2,0.0005917435209282407,0.0,-2.3990134441108237,3.7646709540152914,0.06954528085594192,0.0,0.0001130750445008,0.0842833567342368,0.0,中等方差
312X214,312,0.0009861010473618435,-3.0060785799237637,0.0,54.2,0.0005793772305678987,0.00125,-2.0066538618989367,5.252061923541525,0.06916316392816202,0.0,7.970837175796307e-05,0.0783152469930907,0.0,中等方差
312X175,312,0.000935950022086152,-3.0287473411248187,0.0,18.4,0.0016626793631002398,0.1375,-2.5940472059976707,4.742819854878828,0.06878104700038212,0.0,0.0001969274680696,0.0576915255067049,0.0,中等方差
312X165,312,0.0009310231539424439,-3.0310395182620535,0.0,38.0,0.0008029650532192812,0.0,-2.603791024782297,4.791700732208188,0.06839893007260221,0.0,0.0001235708921683,0.0792327477706112,0.0,中等方差
330X904,330,0.0009227144868585807,-3.0349326607984124,0.030000000000000027,1.68,0.01808108083853018,0.0,-0.43401404399263327,0.5723591710181863,0.06801681314482232,0.0,0.0002570607097144,0.0636813667755119,0.0,中等方差
312X189,312,0.0009210888610763643,-3.035698469679909,0.0,3.4,0.008926307591671866,0.0,2.626052831897806,4.908418302227261,0.06763469621704242,0.0,0.0001117377638127,0.0335662244288159,0.0,中等方差
330X900,330,0.0008834833479349114,-3.053801631746503,0.030000000000000027,1.68,0.017692528440521493,0.0,-0.3966254223571797,0.5771711525766499,0.06725257928926251,0.0,0.000205900097304,0.06606148037245,0.0,中等方差
360X995,360,0.0008698316645807211,-3.0605647867116432,0.040000000000000036,1.68,0.01755530280765158,0.0,-0.7517352491409738,-0.048969707677099183,0.06687046236148261,0.0,0.0002653395880064,0.0356491442106598,0.3166666666666666,中等方差
210X70,210,0.0008597593225907376,-3.065623106314017,0.008000000000000007,0.402,0.07293943481174484,0.0,-12.41291166960952,172.27218164870823,0.06648834543370272,0.0,0.0002657822282136,0.0678701801691916,0.2608001194208094,中等方差
210X90,210,0.0008509998435544453,-3.070070519754951,0.04000000000000001,0.2,0.14585950805093623,0.0,-1.0157464245002237,10.180419717066181,0.0661062285059228,0.0,0.0002690527059371,0.0341125396299713,0.3333333333333336,中等方差
210X146,210,0.0008504992177722166,-3.0703260814839415,0.012999999999999956,0.401,0.07272648312139739,0.0,-12.857722759194644,174.4272216525212,0.06572411157814291,0.0,0.0002550361489242,0.0479222008064021,0.0083333333333333,中等方差
330X902,330,0.0008494040988735924,-3.0708856476143667,0.030000000000000027,1.68,0.01734793932288686,0.0,-0.3631321179960605,0.5762751592020816,0.06534199465036301,0.0,0.0002324014483251,0.0628079978145562,0.0,中等方差
210X69,210,0.0008430387593867313,-3.0741524578772523,0.011999999999999955,0.401,0.07240680734747842,0.0,-13.043864442090582,177.3992023613767,0.0649598777225831,0.0,0.0003746598787816,0.0516768840955174,0.034848484848485,中等方差
210X71,210,0.0008420212374843544,-3.074676954574046,0.012999999999999956,0.4,0.07254400550202074,0.0,-13.058672083139303,177.67683838120664,0.06457776079480321,0.2,0.0003608529256877,0.0512124724997683,0.0166666666666667,中等方差
310X23,310,0.0008313269723248059,-3.0802281286262225,0.0104,0.0,,0.0,7.2450596233042015,73.40332915143036,0.06419564386702331,0.0,0.0002263200529029,0.0799529527835284,0.0,中等方差
210X147,210,0.0008210425140801017,-3.0856343542662423,0.008000000000000007,0.403,0.0711013385359749,0.0,-13.568306967851356,187.02447350850304,0.06381352693924341,0.0,0.0003055417720857,0.0523412726562137,0.2371168582375481,中等方差
210X72,210,0.0008202063579474341,-3.0860768685394087,0.009000000000000008,0.402,0.0712419031491247,0.0,-13.576183168136907,187.17129765368384,0.0634314100114635,0.0,0.0001776593255185,0.0509957423514497,0.3546798029556652,中等方差
311X146,311,0.0008143465931593819,-3.089190716167347,0.0,-0.1,0.28536758630919906,0.00625,2.8855948355643743,6.342607514055864,0.06304929308368361,0.6,0.0004494802873873,0.1659611125548368,0.0,中等方差
311X197,311,0.0007950081586743166,-3.0996284144264807,0.049999999999998934,14.11,0.0019982912146386707,0.00625,-1.5913772029135667,4.085859725043415,0.06266717615590371,1.0,0.0038576361490294,0.3523602614361872,0.1134602352422457,中等方差
210X160,210,0.0007760631789737187,-3.1101029215733083,0.023999999999999997,0.037,0.7529165007507734,0.0,0.7628771182705218,-0.5753025341932312,0.06228505922812381,0.8,0.0005573916888105,0.1384356194384559,0.2202052518004837,中等方差
210X178,210,0.0007752903566958699,-3.110535617887602,0.023249999999999996,0.0375,0.7425076342932305,0.0,0.7660284809031307,-0.573117657156383,0.061902942300343905,0.4,0.0003168473769291,0.1379323571974794,0.2186543799886549,中等方差
310X153,310,0.0007620451686637653,-3.118019285983165,0.03417600000000004,0.351762,0.07847682698979136,0.0,1.0536544198771267,4.841206251874045,0.061520825372564,0.0,0.000333608793289,0.0664319429806686,0.3602224506639614,中等方差
210X109,210,0.0007578848560700984,-3.1203967708479894,0.0,0.0,,0.0,3.040688674672241,7.263941268429992,0.061138708444784105,0.0,7.365798278093766e-05,0.0917910923080229,0.0,中等方差
310X156,310,0.0007418337785249958,-3.1296933954708477,0.052607,0.151863,0.17934997782013518,0.0,-0.35802145074734903,-1.6609215224409193,0.0607565915170042,0.0,0.0001594898003641,0.1248771073941822,0.7517438405864688,中等方差
220X170,220,0.000720678318175831,-3.1422585436242527,0.05455,0.151211,0.17753637279915427,0.0,-0.6953260184806789,-0.9699422074198525,0.060374474589224306,0.0,0.0003129791609423,0.0295236613275908,0.1750797433547208,中等方差
310X163,310,0.0006984885309156333,-3.1558407205461427,0.001473000000000002,0.153589,0.1720756928815989,0.0,-11.425813737705804,128.96692150086517,0.0599923576614444,0.0,0.0001919671723738,0.058572443430839,1.0,中等方差
312X448,312,0.0006978397593656008,-3.156244290288919,0.0,9.9,0.0026683491772168666,0.1375,-3.224269409787797,8.420311616080804,0.0596102407336645,0.0,0.0001364157477173,0.0570309419208962,0.0,中等方差
210X98,210,0.000668945556946172,-3.1746092264474117,0.0,0.01,2.586398184630843,0.0,6.499409800033208,45.74812493043056,0.0592281238058846,0.0,0.0001238379578701,0.0295624815243536,0.0,中等方差
220X192,220,0.0005403643565966455,-3.267313305549188,0.020863,0.04869,0.4774232585949427,0.0,-2.1778691496260545,3.444769716798638,0.0588460068781047,0.0,0.0002558464226442,0.0483982306566346,0.0166706609787662,中等方差
210X91,210,0.0005169460262828577,-3.286554798707173,0.03,0.14,0.16240319350101917,0.0,-0.5341330994793962,5.975462626082667,0.058463889950324796,0.0,0.0003547343620501,0.0433782273184672,0.3333333333333336,中等方差
220X175,220,0.0004990766775033817,-3.301832724800775,0.01458000000000001,0.142802,0.15644055486616582,0.0,-10.004467184468856,115.26242082107301,0.0580817730225449,0.0,0.0001943758791736,0.0406257118507423,0.0114577424844014,中等方差
750X1039,750,0.0004978917396745944,-3.3028650788731664,0.03000000000000025,3.87,0.00576575913229692,0.0,0.22093994354733193,0.9068046127172495,0.057699656094764996,0.0,0.0003276537936618,0.1202338237897969,1.0,中等方差
210X111,210,0.00046431476846057844,-3.3331875025088604,0.0,0.0,,0.0,4.19882773730121,15.669321536098556,0.0573175391669851,0.0,6.16758960398552e-06,0.0690777323327194,0.0,中等方差
750X1017,750,0.0004336364205256484,-3.362874249142491,0.029999999999999805,3.74,0.00556789803236267,0.0,-0.4521191115827087,0.6814124348852171,0.0569354222392052,0.0,0.0002405671797005,0.055359035504803,0.5599999999999911,中等方差
420X122,420,0.0003978856546885405,-3.4002417185613676,0.0,0.1,0.1994707133111376,0.005,-4.609175205389064,19.292964691901574,0.05655330531142529,0.0,5.856781038537265e-05,0.1469932512635201,0.0,中等方差
420X108,420,0.00038633418665656066,-3.413036859498535,0.0,0.0,,0.005,4.690390573771418,20.05013479591187,0.0561711883836454,0.0,2.651880366910615e-05,0.0387178340111211,0.0,中等方差
750X1305,750,0.00038098623279099036,-3.419090717581417,0.020000000000000018,2.67,0.007310437691017027,0.0,-0.743813684624885,-0.6326435150366341,0.055789071455865494,0.2,0.0003265026556404,0.1790358452538766,0.433333333333322,中等方差
310X162,310,0.00034689340711354283,-3.459803954068049,0.0026259999999999895,0.155196,0.12001001757430693,0.0,3.683744301360692,11.680161295620284,0.0554069545280856,0.0,0.0001717917531032,0.1314289560278957,0.919421172886523,中等方差
400X110,400,0.00031783479349186593,-3.4977985621493732,0.0,0.1,0.1782792173787696,0.0,-4.403877966707189,26.5686721129915,0.055024837600305694,0.0,7.479627812222669e-05,0.0408180588825755,0.0,中等方差
420X112,420,0.0003045889826490895,-3.516285809671152,0.0,0.0,,0.005,5.383456769142805,27.04956440876411,0.05464272067252579,0.0,2.751810043558056e-05,0.040761621387259,0.0,中等方差
330X1083,330,0.00029138282227784875,-3.5355360545215393,0.040000000000000036,7.97,0.002141774045296344,0.0,0.2987711423429854,-1.5597621974724851,0.054260603744745894,0.0,0.0002109228607167,0.0468134299959758,0.5000000000000111,中等方差
420X133,420,0.00028094876900223477,-3.5513728664582356,0.0,0.0,,0.005,5.635431746473769,29.833042277789755,0.05387848681696599,0.0,8.30573051509224e-05,0.1109804515813782,0.0,中等方差
400X202,400,0.000247288954943673,-3.6067952807844255,0.02999999999999936,6.94,0.002265911216120152,0.0,0.6572815277737162,-1.1934478600449359,0.05349636988918609,0.0,0.0002055746324906,0.0599174569461504,0.0,中等方差
330X1077,330,0.00023755363579474616,-3.624238318250408,0.03300000000000036,7.97,0.001933848818589072,0.0,0.39824782455528374,-1.5401046807335517,0.05311425296140619,0.0,0.0002427682905072,0.0526727149582482,0.75757575757576,中等方差
340X115,340,0.00023214956195244014,-3.6342321314758066,0.0,9.9,0.001539035861852264,0.0,-6.267121952045052,37.370237189258134,0.05273213603362629,0.0,3.96027974700773e-05,0.0278607549383229,0.0,中等方差
310X171,310,0.00023034508021475519,-3.637621059115236,0.010609999999999998,0.024255,0.6257317494008856,0.0,-2.045310274577787,2.9509045569639207,0.05235001910584639,0.0,0.0002572098601117,0.1277401759835121,0.5134110377755934,中等方差
750X1190,750,0.00022355381727158296,-3.6506179099792178,0.02999999999999936,8.01,0.0018666312357306157,0.0,-0.7032821968179931,-1.175006649166892,0.05196790217806649,1.0,0.0011848690218741,0.2621251116293415,0.0,中等方差
210X99,210,0.00021799608886107592,-3.661551298144432,0.01,0.0,,0.0,6.003791658771713,42.03780336678605,0.051585785250286585,0.0,0.0002417539506457,0.0327835088679418,0.0,中等方差
330X1080,330,0.00020094477471840156,-3.696923282532257,0.03000000000000025,7.97,0.0017786071642968953,0.0,0.4672432143651956,-1.515630527485408,0.05120366832250669,0.0,0.0002056029123697,0.0669012986435457,1.0,中等方差
210X97,210,0.0002006619211514339,-3.6975350341036113,0.0,0.01,1.4165518739228502,0.0,5.305078980536001,33.7906252790301,0.050821551394726786,0.0,0.0001783094528711,0.0077593345129464,0.0,中等方差
312X163,312,0.00019907027618265571,-3.700993581025024,0.0,18.4,0.0007668057952742414,0.1375,-6.819716823259952,44.63791494063434,0.05043943446694689,0.0,9.078204688444615e-05,0.0184824959513656,0.0,中等方差
750X14,750,0.00019624530663329512,-3.707200720965564,0.0,10.0,0.0014008758211679403,0.0,-6.87003087993341,45.31059487501815,0.050057317539166986,0.0,2.873593162188555e-05,0.1099908277509881,0.0,中等方差
310X154,310,0.0001853820827746545,-3.7319322428351103,0.023765999999999995,0.13519,0.10071387607215204,0.0,0.11008943491724799,0.5904478785166307,0.04967520061138708,0.0,0.0002632374476076,0.0736700728776465,0.3344464786294651,低方差候选，需结合量纲和预测贡献判断
312X435,312,0.0001844410776628624,-3.7341423489246144,0.0,10.0,0.0013580908572804044,0.00125,-7.104592824459411,48.596877558611844,0.049293083683607186,0.0,1.1837229735416633e-05,0.0309875222043031,0.0,低方差候选，需结合量纲和预测贡献判断
220X173,220,0.0001787960049272599,-3.747642189440715,0.022799999999999987,0.1340025,0.09978517067342292,0.0,0.6805257296841268,-0.6688811168283078,0.04891096675582728,0.0,0.0002904063696893,0.0152365052000714,0.3205657894736839,低方差候选，需结合量纲和预测贡献判断
220X193,220,0.00017478250671182604,-3.7575020363394898,0.013906000000000002,0.041688,0.3171304338416335,0.0,-3.1886860207813927,13.618151618502752,0.04852884982804738,0.0,0.000300527406153,0.0208397230563709,0.0499640442974256,低方差候选，需结合量纲和预测贡献判断
210X14,210,0.00017344217615769685,-3.760845286067961,0.009000000000000008,0.076,0.17328611482063114,0.0,13.533784435378905,331.49282573454286,0.04814673290026748,1.0,0.0011125782202266,0.2339228644196068,0.35,低方差候选，需结合量纲和预测贡献判断
310X159,310,0.00016355269243953477,-3.7863423020311546,0.026149000000000006,0.137087,0.09328945942355929,0.0,-0.05512089004226927,-0.9317903123428337,0.04776461597248758,0.0,0.000205178831026,0.0784279646975318,0.5218269653052254,低方差候选，需结合量纲和预测贡献判断
210X124,210,0.0001625209261576959,-3.7890907114254277,0.001,0.005,2.5496739097986305,0.0,23.941696642736908,603.9786709334566,0.047382499044707684,0.0,0.0002049213696928,0.0262588803897768,0.0,低方差候选，需结合量纲和预测贡献判断
360X763,360,0.00015934313304750308,-3.797666647871687,0.00016900000000000002,6.8e-05,185.63410280099373,0.0,19.659313368009705,393.77046474522183,0.04700038211692778,0.0,0.0002246117434016,0.0707339876904356,0.1872154333069056,低方差候选，需结合量纲和预测贡献判断
360X1190,360,0.00015821010638297168,-3.8007657774365384,0.019999999999999574,8.0,0.0015722699870677212,0.0,-0.31889895825536935,-1.1461088353238928,0.04661826518914788,0.0,0.0002274165712902,0.0222143011709992,0.0,低方差候选，需结合量纲和预测贡献判断
310X157,310,0.00015726474595421743,-3.8033686222814374,0.015964000000000006,0.129663,0.09671628876317603,0.0,0.33143375584773066,0.27230550457768565,0.04623614826136798,0.0,0.0002128010506826,0.0900047894126657,0.5232078110334423,低方差候选，需结合量纲和预测贡献判断
220X15,220,0.00015233190863579265,-3.817209116408064,0.0236,-0.0236,0.5229780228128311,0.0,0.06093010777021449,0.03306722704802789,0.04585403133358808,0.0,0.0002286643044814,0.0103556401909079,1.0,低方差候选，需结合量纲和预测贡献判断
312X213,312,0.00014793491864829565,-3.829929302768798,0.0,54.2,0.00022440682545013375,0.0,7.995092289549151,62.07668666280616,0.045471914405808174,0.0,0.0,0.038504605711908,0.0,低方差候选，需结合量纲和预测贡献判断
312X199,312,0.00012892030037231012,-3.8896786912927714,0.0,14.9,0.000762034065036097,0.1375,8.602410848107906,72.21077145027049,0.04508979747802828,0.0,1.012287585646934e-05,0.0317367674881179,0.0,低方差候选，需结合量纲和预测贡献判断
310X175,310,0.00012587449112931004,-3.90006227214978,0.0035469999999999946,0.041633,0.26948286594724247,0.0,-5.655042032805782,33.32952755970224,0.044707680550248374,0.0,0.0001064523972414,0.0168771620022584,0.0103348785472862,低方差候选，需结合量纲和预测贡献判断
312X186,312,0.00011151156991351895,-3.9526800699349574,0.0,15.0,0.0007039935918695692,0.00125,-9.279674597501064,84.32342743315935,0.04432556362246848,0.0,0.0,0.0,0.0,低方差候选，需结合量纲和预测贡献判断
750X763,750,0.00010862287067308875,-3.9640787239056854,0.00148,0.00019,54.853840211585336,0.0,19.833319082607368,474.3215059931143,0.043943446694688575,0.0,0.000241508482473,0.0591941616471419,0.1364864864864864,低方差候选，需结合量纲和预测贡献判断
310X176,310,0.00010236538687089937,-3.989846867892817,0.010598000000000003,0.038076,0.2657206143742294,0.0,-3.939016574522778,25.110864696087084,0.04356132976690867,0.0,0.0002550726509995,0.0711411133187627,0.8955274580109455,低方差候选，需结合量纲和预测贡献判断
400X135,400,8.684292866082686e-05,-4.06126553897407,0.0,-0.1,0.09318955341712228,0.0,10.569450865445058,109.98825684168114,0.043179212839128775,0.0,5.503902442992237e-06,0.072637712502804,0.0,低方差候选，需结合量纲和预测贡献判断
310X165,310,7.487905424213829e-05,-4.125639649579973,0.0011290000000000189,0.154207,0.05611462783045025,0.0,8.723407188262026,74.69473343984805,0.04279709591134887,0.0,0.0002206715867556,0.0280976450989347,1.0,低方差候选，需结合量纲和预测贡献判断
312X162,312,7.462335438094398e-05,-4.127125232963486,0.0,18.4,0.00046948266428156515,0.00125,-11.430863203302106,128.987500653898,0.042414978983568975,0.0,3.384666098392342e-06,0.0533891526149662,0.0,低方差候选，需结合量纲和预测贡献判断
400X153,400,7.453066332916298e-05,-4.127665013495186,0.0,-0.1,0.08633114347045508,0.0,-11.438151192994999,129.15418292356298,0.04203286205578907,0.0,5.4574700302568125e-06,0.0374853539056263,0.0,低方差候选，需结合量纲和预测贡献判断
400X198,400,7.195854192741282e-05,-4.1429176452055065,0.020000000000000462,6.9,0.0012293968234952035,0.0,0.4437731368238896,-1.468505009868603,0.04165074512800917,0.0,0.0003025538018115,0.089996186375237,0.6200000000000304,低方差候选，需结合量纲和预测贡献判断
210X34,210,6.318041145181475e-05,-4.1994175501518125,0.0050000000000000044,0.077,0.10322870989263573,0.0,-4.353933642774312,41.45570398795743,0.04126862820022927,1.0,0.0008822682967829,0.2167278027955911,0.5,低方差候选，需结合量纲和预测贡献判断
210X32,210,6.294295369211507e-05,-4.201052881027369,0.0050000000000000044,0.077,0.10303453947682166,0.0,-4.360890921366363,41.649999065827785,0.04088651127244937,0.8,0.0007503828654651,0.2127714451387722,0.25,低方差候选，需结合量纲和预测贡献判断
311X153,311,6.257624003928839e-05,-4.203590535457106,0.0,0.0,,0.00625,-12.513872828053955,154.9869122369642,0.040504394344669466,0.0,0.0,0.0242608548453935,0.0,低方差候选，需结合量纲和预测贡献判断
400X158,400,6.218710888610833e-05,-4.206299633313441,0.0,0.0,,0.0,-12.553765635187288,155.98699407072158,0.04012227741688957,0.0,0.0,0.0138472690908419,0.0,低方差候选，需结合量纲和预测贡献判断
210X16,210,6.16980209637046e-05,-4.209728766247584,0.009000000000000008,0.076,0.10335274709968453,0.0,-4.357373551059357,39.55501314015382,0.039740160489109666,1.0,0.0009205859724045,0.2258701160696471,0.3666666666666666,低方差候选，需结合量纲和预测贡献判断
520X318,520,4.991022419945914e-05,-4.30181047925491,0.010000000000000009,1.6,0.0044154480325232824,0.01125,-0.15127969879366024,-0.9914895508909223,0.03935804356132977,0.0,0.0002385531914278,0.0234293486644363,0.0,低方差候选，需结合量纲和预测贡献判断
312X192,312,4.9874373041490084e-05,-4.302122550680286,0.0,15.0,0.00047081193717279555,0.00125,14.05333624424844,195.98683517253372,0.038975926633549866,0.0,0.0,0.0291189113133023,0.0,低方差候选，需结合量纲和预测贡献判断
520X317,520,4.893437244955152e-05,-4.3103859768443495,0.010000000000000009,1.6,0.0043720692169847974,0.01125,-0.3117737699167915,-0.9407636993824933,0.03859380970576996,0.0,0.000231071122682,0.0252902369784308,0.0,低方差候选，需结合量纲和预测贡献判断
400X197,400,4.692803504380622e-05,-4.328567630051258,0.009999999999999787,6.9,0.0009928121747655291,0.0,-0.13062912346822197,-0.8210080433291962,0.03821169277799007,0.0,0.000164281043955,0.0718995883191869,0.0,低方差候选，需结合量纲和预测贡献判断
310X188,310,4.656575123799125e-05,-4.331933386247502,0.0033837500000000013,0.0146655,0.46530362143171583,0.0,-2.870851946214012,8.054263948521927,0.03782957585021016,0.0,0.0001273653048303,0.0449122947108532,0.0846737020501318,低方差候选，需结合量纲和预测贡献判断
750X995,750,4.6292240300375765e-05,-4.334491801145299,0.010000000000000009,0.33,0.020617697315930984,0.0,-0.1432983182825939,-0.8460240162429709,0.03744745892243027,1.0,0.0004718868076976,0.1843989171531097,0.0,低方差候选，需结合量纲和预测贡献判断
400X201,400,4.6138767209012755e-05,-4.335934013661386,0.009999999999999787,6.9,0.0009844278744808469,0.0,-0.12002070407712526,-0.7847114058087477,0.037065341994650364,0.0,0.0002146626407481,0.0622446282441998,0.0,低方差候选，需结合量纲和预测贡献判断
520X321,520,4.5851909936148726e-05,-4.338642569318839,0.010000000000000009,1.6,0.004232127398697739,0.01125,-0.27325515144331436,-0.8393275847152544,0.03668322506687046,0.0,0.0002381559631088,0.0654801752491764,0.0,低方差候选，需结合量纲和预测贡献判断
310X174,310,4.510860719138868e-05,-4.345740582311127,0.007099000000000001,0.034829,0.1928362616242027,0.0,-5.3559905653168896,51.63349936261071,0.036301108139090564,0.0,0.0001067409438961,0.0834048705322726,0.9948924731182796,低方差候选，需结合量纲和预测贡献判断
520X320,520,4.099857574933254e-05,-4.387231229986348,0.010000000000000009,1.6,0.004001883138234176,0.01125,0.08606915897727908,-0.5815775837385115,0.03591899121131066,0.0,0.0002287220482191,0.0214881634929685,0.0,低方差候选，需结合量纲和预测贡献判断
210X13,210,3.910281445556945e-05,-4.407791982795073,0.0020000000000000018,0.076,0.08227926743084148,0.0,-9.098205509194424,111.01804839216356,0.03553687428353076,0.2,0.0006082838627886,0.1702602962656696,0.6,低方差候选，需结合量纲和预测贡献判断
210X35,210,3.906788329161451e-05,-4.408180118329207,0.0020000000000000018,0.077,0.08117442400639625,0.0,-8.996952427301407,104.92216475156985,0.03515475735575086,0.0,0.0005955631479544,0.1396277054856645,1.0,低方差候选，需结合量纲和预测贡献判断
210X33,210,3.9063429286608304e-05,-4.408229633683162,0.0020000000000000018,0.077,0.08116979665566909,0.0,-8.964540494149942,104.72042022250679,0.03477264042797096,0.4,0.000710192194919,0.1403598877311999,0.8,低方差候选，需结合量纲和预测贡献判断
311X142,311,3.861920377675341e-05,-4.4131966844387325,0.0,1.3,0.004780334702497454,0.00625,0.014093134073635653,-0.40445862994572046,0.03439052350019106,0.8,0.0012918168127389,0.1535301644846785,0.0,低方差候选，需结合量纲和预测贡献判断
210X15,210,3.825158948685882e-05,-4.417350513686067,0.0020000000000000018,0.077,0.08032190830503631,0.0,-9.444920981947709,116.61039338831716,0.03400840657241116,0.0,0.0008724149218988,0.1697325450029115,1.0,低方差候选，需结合量纲和预测贡献判断
220X197,220,3.7794592522528036e-05,-4.422570332586609,0.013951999999999999,0.052178,0.11782227530201962,0.0,-0.5383019142503702,-1.012069315840251,0.033626289644631255,0.0,0.0003065099934806,0.0602336676012855,0.0748064793577982,低方差候选，需结合量纲和预测贡献判断
312X434,312,3.7452831076439634e-05,-4.4265153482073885,0.0,10.0,0.00061198718186282,0.00125,-16.25820293154306,262.9874498435755,0.03324417271685136,0.0,2.0053925771326826e-06,0.0251281482573577,0.0,低方差候选，需结合量纲和预测贡献判断
400X150,400,3.74061326658312e-05,-4.4270571901901725,0.0,-0.1,0.06116055319062377,0.0,16.26845109740114,263.32079890773485,0.032862055789071455,0.0,0.0,0.0275557869347308,0.0,低方差候选，需结合量纲和预测贡献判断
310X179,310,3.702456359195081e-05,-4.431510051799991,0.010440999999999999,0.041646,0.1461072206242409,0.0,0.4144864732394235,-0.9935197310432944,0.03247993886129155,0.0,0.0002749086610748,0.1545728644245221,0.6670434949223989,低方差候选，需结合量纲和预测贡献判断
310X168,310,3.300525740765996e-05,-4.481416875841031,0.010916999999999996,0.034592,0.16607944689277235,0.0,0.21249784487684475,-1.1255622819927285,0.032097821933511655,0.0,0.0004293390223097,0.1351260550267934,0.9467668242370102,低方差候选，需结合量纲和预测贡献判断
210X138,210,3.208634386733418e-05,-4.493679766503838,0.002,0.005,1.1328961800153479,0.0,26.552529438065758,735.1891706814756,0.03171570500573175,0.0,0.0003013520089905,0.0554909215276223,0.0,低方差候选，需结合量纲和预测贡献判断
520X319,520,2.988173918609681e-05,-4.5245941291811445,0.010000000000000009,1.6,0.0034165120180630225,0.01125,-0.28254310093435453,-1.01583061168158,0.031333588077951856,0.0,0.0002019949472417,0.07612889679727,1.0,低方差候选，需结合量纲和预测贡献判断
220X196,220,2.9651895139418092e-05,-4.5279475443810195,0.010527000000000002,0.052231,0.10425523871084874,0.0,-0.23928536576269302,-0.898188703092361,0.030951471150171952,0.0,0.000244113797396,0.0115516527942943,0.2646907950983185,低方差候选，需结合量纲和预测贡献判断
750X1146,750,2.7405350438048107e-05,-4.562164640140313,0.010000000000000009,0.44,0.011897754501585606,0.0,0.19672369924584282,-0.03772915259490839,0.030569354222392053,0.2,0.0005127653877662,0.1311499355065407,0.8,低方差候选，需结合量纲和预测贡献判断
220X195,220,2.6735741560824432e-05,-4.572907765507623,0.010427000000000006,0.048616,0.10635719963221617,0.0,-0.3457414181777499,-0.8325888642496193,0.030187237294612153,0.0,0.0002904284754472,0.0161807282168807,0.4994247914869135,低方差候选，需结合量纲和预测贡献判断
310X177,310,2.625248631857171e-05,-4.580829559179861,0.010506999999999996,0.041595,0.1231811039086933,0.0,0.32502819123958004,-0.5120854487836959,0.02980512036683225,0.0,0.000178156814123,0.0245370548111777,0.1084149379727629,低方差候选，需结合量纲和预测贡献判断
330X440,330,2.5579474342928492e-05,-4.592108384498146,0.010000000000000009,0.5,0.010115230959879956,0.0,-0.3264909829302059,-1.227210622538282,0.02942300343905235,0.0,0.0001477891532255,0.0313379652661712,1.0,低方差候选，需结合量纲和预测贡献判断
420X158,420,2.5094023577004865e-05,-4.6004296983030555,0.0,0.0,,0.005,-19.912212956948483,395.489914916026,0.02904088651127245,0.0,0.0,0.083763215211645,0.0,低方差候选，需结合量纲和预测贡献判断
400X154,400,2.4968710888610872e-05,-4.602603879291222,0.0,-0.1,0.04996870109239469,0.0,19.962370694635908,397.4899655152915,0.02865876958349255,0.0,0.0,0.0348098211087463,0.0,低方差候选，需结合量纲和预测贡献判断
330X450,330,2.496256414267854e-05,-4.602710806176302,0.010000000000000009,0.5,0.009992510023548345,0.0,-0.2020317018284459,-1.9357018680297997,0.028276652655712647,0.0,0.0001643726090958,0.0330008743617422,1.0,低方差候选，需结合量纲和预测贡献判断
330X430,330,2.4805381727159184e-05,-4.605454085268666,0.010000000000000009,0.5,0.009961000296588527,0.0,-0.1912219504114073,-1.9683613422755266,0.027894535727932747,0.0,0.0001531209711441,0.0337697374967547,1.0,低方差候选，需结合量纲和预测贡献判断
400X146,400,2.4575093867332914e-05,-4.609504814656076,0.009999999999999787,2.1,0.00236063204320075,0.0,0.27300667865504313,-1.9302993747879296,0.027512418800152847,0.0,0.0002457022060393,0.0674765591658597,0.0,低方差候选，需结合量纲和预测贡献判断
310X170,310,2.37147322353941e-05,-4.624981774632068,0.010626999999999998,0.03453,0.14103033396504158,0.0,0.3549644877064508,-1.4669666983230616,0.027130301872372947,0.0,0.0002745257266385,0.0909334516273293,0.9040548098434008,低方差候选，需结合量纲和预测贡献判断
220X204,220,2.3157547155818207e-05,-4.635307442919863,0.0017677500000000002,0.008935,0.5385818598371507,0.0,-2.465824150206534,4.942572046777406,0.026748184944593044,0.0,0.0002498309513878,0.0242925744905252,0.0661710993317374,低方差候选，需结合量纲和预测贡献判断
400X145,400,2.28897058823541e-05,-4.6403597876876805,0.010000000000000231,2.1,0.002278247022851659,0.0,-0.6129045704365484,-1.6284253214214084,0.026366068016813144,0.0,0.0001755153404313,0.1097672309971597,0.0,低方差候选，需结合量纲和预测贡献判断
311X139,311,2.233575717250475e-05,-4.6509993205475535,0.0,1.3,0.003635440050726851,0.00625,0.4575852399572189,0.7061354782807872,0.025983951089033244,0.2,0.0007552772615916,0.020663264188974,0.0,低方差候选，需结合量纲和预测贡献判断
400X147,400,2.1876720901127275e-05,-4.6600177738043005,0.010000000000000231,2.09,0.002237921388477657,0.0,0.7608943085254752,-1.4246076393374656,0.025601834161253344,0.0,0.0001906125576844,0.0368434269551355,0.0,低方差候选，需结合量纲和预测贡献判断
420X147,420,2.184507442874744e-05,-4.660646471259323,0.010000000000000009,1.6,0.002921169662777133,0.005,-0.7652812506173553,-1.417913536470955,0.025219717233473445,0.0,0.0002402990196906,0.0784419105295967,0.0,低方差候选，需结合量纲和预测贡献判断
311X143,311,2.184053356145918e-05,-4.660736756078703,0.0,1.3,0.0035949120489820988,0.00625,0.5160585448891714,0.6775807812285692,0.02483760030569354,0.0,0.0003987502268489,0.0181480968089605,0.0,低方差候选，需结合量纲和预测贡献判断
310X181,310,1.8246960064455413e-05,-4.73880947845139,0.0070240000000000025,0.04518,0.0945472788910476,0.0,0.046412903392505866,-0.7649068449489986,0.02445548337791364,0.0,0.000178086924428,0.0115468886138398,0.801982901615915,低方差候选，需结合量纲和预测贡献判断
220X188,220,1.767497998222625e-05,-4.75264106939039,0.003597000000000003,0.034578,0.1215848869572343,0.0,-7.6917629963573155,111.69014682840442,0.02407336645013374,0.0,0.0002164331331008,0.0413172382283006,0.0,低方差候选，需结合量纲和预测贡献判断
311X140,311,1.713796872772197e-05,-4.766040653977523,0.0,1.3,0.003184463832116851,0.00625,1.0995685584155,0.999352464936742,0.023691249522353842,0.2,0.0003313030632011,0.0530944956279031,0.0,低方差候选，需结合量纲和预测贡献判断
311X141,311,1.6687419799439065e-05,-4.77761080852699,0.0,1.3,0.003142326033223855,0.00625,1.416918603693418,0.007671291546029746,0.02330913259457394,0.4,0.0005778423137313,0.0613215805712388,0.0,低方差候选，需结合量纲和预测贡献判断
220X187,220,1.6626716367334156e-05,-4.7791935117158815,0.010143,0.034888,0.11687649267970836,0.0,0.5523366059699385,-1.0446492218134367,0.02292701566679404,0.0,0.0003689584585163,0.0097403747205697,0.0,低方差候选，需结合量纲和预测贡献判断
310X166,310,1.5256862630231512e-05,-4.816534764052361,0.0011629999999999974,0.153949,0.025372060935025982,0.0,19.326956922131203,380.7030051601051,0.02254489873901414,0.0,0.0001379165618842,0.0338497550683493,0.8110060189165917,低方差候选，需结合量纲和预测贡献判断
220X186,220,1.4779383662772113e-05,-4.830343676728627,0.003474999999999999,0.045179,0.08509255179875709,0.0,-0.2796468122960606,-0.7064514763764511,0.02216278181123424,0.0,0.000330823119934,0.0093699179227764,0.4957252572090994,低方差候选，需结合量纲和预测贡献判断
210X73,210,1.3936664580726098e-05,-4.855841152171344,0.002,0.005,0.7466368482930935,0.0,23.406494421298735,621.386897282141,0.021780664883454336,0.0,0.0002057001281572,0.0734802657149374,0.5,低方差候选，需结合量纲和预测贡献判断
360X475,360,1.2689455569462044e-05,-4.896557010549152,0.0,0.49,0.007269849407662283,0.0,-2.3578048305622885,55.186291251857135,0.021398547955674436,0.0,7.884381503979213e-05,0.0202845385255911,0.0,低方差候选，需结合量纲和预测贡献判断
400X144,400,1.2240143929912135e-05,-4.912213475360465,0.0,2.1,0.0016659960507906125,0.0,0.573811994388249,4.991421854775336,0.021016431027894536,0.0,0.0001090628724771,0.0790440942878086,0.0,低方差候选，需结合量纲和预测贡献判断
750X1278,750,1.2234668335419408e-05,-4.912407799262706,0.0,0.19,0.018409521455092843,0.0,2.0492598774823843,2.204972235453827,0.020634314100114636,0.0,0.000118731382733,0.0182168592154188,0.0,低方差候选，需结合量纲和预测贡献判断
400X148,400,1.0891113892365472e-05,-4.962927700357293,0.0,2.1,0.0015715089367881014,0.0,0.6572792108083724,5.995538931897753,0.020252197172334733,0.0,0.0001084760014893,0.0855032127896295,0.0,低方差候选，需结合量纲和预测贡献判断
310X180,310,1.0699826706983649e-05,-4.9706232560353705,0.0037449999999999983,0.048465,0.06749322104697238,0.0,0.40576599957789733,1.8871659571600938,0.019870080244554833,0.0,0.0002002456201187,0.0204540377841181,1.0,低方差候选，需结合量纲和预测贡献判断
220X194,220,1.0527968745730606e-05,-4.977655413013638,0.003474999999999999,0.045184,0.07181044507531494,0.0,-0.7327711759773676,-0.0923583279149387,0.019487963316774933,0.0,0.0002449894668344,0.0138367544744404,0.3995395683453241,低方差候选，需结合量纲和预测贡献判断
360X1278,360,1.0477941176470696e-05,-4.9797240440256845,0.0,0.19,0.01703665689090964,0.0,2.3615055232579256,3.5856662722646275,0.019105846388995033,0.0,0.0001207024413267,0.1356806848159054,0.0,低方差候选，需结合量纲和预测贡献判断
310X178,310,1.0234202457315385e-05,-4.989945995882057,0.003599000000000005,0.041575,0.07694754072643459,0.0,0.703670648977419,1.7393115778177126,0.018723729461215134,0.0,0.0002385304187404,0.0196356840311148,0.9851069741594886,低方差候选，需结合量纲和预测贡献判断
310X172,310,9.655106045805641e-06,-5.015242951832251,0.0035649999999999987,0.031013,0.10019239196037605,0.0,0.22378515297681736,-0.6442521866248465,0.01834161253343523,0.0,0.0002743154354049,0.095420473096413,1.0,低方差候选，需结合量纲和预测贡献判断
220X184,220,8.0540144815769e-06,-5.093987593841663,0.0035110000000000002,0.049059,0.05784788852325414,0.0,0.11982153340138005,-0.5185539249816618,0.01795949560565533,0.0,0.0002222314906608,0.0428685435569251,0.0,低方差候选，需结合量纲和预测贡献判断
330X1160,330,6.946182728410502e-06,-5.158253796191316,0.0,0.19,0.013871374626474184,0.0,3.233202600624673,8.474779814673116,0.01757737867787543,0.0,4.745472543907827e-05,0.0503828467854034,0.0,低方差候选，需结合量纲和预测贡献判断
220X189,220,6.274241845907396e-06,-5.202438745071053,0.003700999999999996,0.045441,0.05512298754297262,0.0,0.34982277003893836,-0.7786998819078352,0.01719526175009553,0.0,0.0003245999733736,0.0241338147107394,0.0,低方差候选，需结合量纲和预测贡献判断
310X169,310,6.2594848499623924e-06,-5.203461407368595,0.003488999999999999,0.034602,0.07230496072016154,0.0,0.4014256755445037,-0.6586845186932178,0.016813144822315627,0.0,0.0001449763488664,0.070166151439301,1.0,低方差候选，需结合量纲和预测贡献判断
330X689,330,5.469868596644245e-06,-5.262023106653365,0.0001,0.00015,15.591833470184527,0.0,15.26620758224953,257.4036990148783,0.016431027894535728,0.0,0.0001645033407201,0.0182011062008051,0.074237484199987,低方差候选，需结合量纲和预测贡献判断
310X173,310,5.247063860811942e-06,-5.28008365007087,0.003824000000000001,0.038089,0.06013933260970529,0.0,0.2882471243311844,-0.673422452757642,0.016048910966755828,0.0,0.0002946250799131,0.0906347103113588,1.0,低方差候选，需结合量纲和预测贡献判断
750X475,750,5.204005006257745e-06,-5.283662294318548,0.0,0.49,0.004655569054877212,0.0,3.911184016319428,13.33068095834374,0.015666794038975928,0.6,0.000475856041381,0.2167601171703407,0.0,低方差候选，需结合量纲和预测贡献判断
420X144,420,3.733131064125506e-06,-5.427926762437135,0.0,1.6,0.00120758201457459,0.005,2.4832628371764494,23.167097815070623,0.015284677111196026,0.0,4.359171794687242e-05,0.1043989850032072,0.0,低方差候选，需结合量纲和预测贡献判断
420X148,420,3.6021301475931602e-06,-5.443440599856176,0.0,1.6,0.0011862049101666954,0.005,2.7958443222364537,23.97345163163597,0.014902560183416125,0.0,0.0001217901490542,0.0905946289952984,0.0,低方差候选，需结合量纲和预测贡献判断
220X185,220,3.496660147659543e-06,-5.456346576203357,0.0034519999999999967,0.038145,0.049021781813040545,0.0,0.13808882448213608,0.7256367386899831,0.014520443255636225,0.0,0.0001641636738966,0.0875937183862032,0.0,低方差候选，需结合量纲和预测贡献判断
210X57,210,3.340669586983827e-06,-5.476166476665308,0.001,0.005,0.36554997398352124,0.0,22.913369852628307,607.2604223802941,0.014138326327856323,0.0,0.0002307907943434,0.0465954769808095,0.0,低方差候选，需结合量纲和预测贡献判断
210X59,210,2.963189924906139e-06,-5.5282405116332525,0.0,0.001,1.7213918568722635,0.0,19.507906431699666,394.5573986647122,0.013756209400076424,0.0,0.0,0.0145859996098551,0.0,低方差候选，需结合量纲和预测贡献判断
420X146,420,2.8094876900223256e-06,-5.551372866458239,0.0,1.6,0.0010475954032521195,0.005,5.635431746474209,29.83304227779308,0.013374092472296522,0.0,6.934137772705344e-05,0.1109804515813781,0.0,低方差候选，需结合量纲和预测贡献判断
210X225,210,2.5217459324155473e-06,-5.598298671017574,0.0,0.0225,0.07057780481969182,0.0,-14.062228281866497,196.23685165765227,0.012991975544516622,0.0,0.0,0.0531017519084262,0.0,低方差候选，需结合量纲和预测贡献判断
210X74,210,1.5818773466833606e-06,-5.8008271932300275,0.001,0.005,0.2515454111434642,0.0,0.6887096941912692,2.697989987510642,0.012609858616736722,0.8,0.0004398365772138,0.2404604374761443,0.0,低方差候选，需结合量纲和预测贡献判断
210X126,210,1.4245791614518188e-06,-5.846313412744978,0.0,0.001,1.1935573557445065,0.0,21.479597144802135,484.1085075564225,0.01222774168895682,0.0,0.0,0.0514395358456557,0.0,低方差候选，需结合量纲和预测贡献判断
210X67,210,1.3706883604505576e-06,-5.863061275131218,0.0,0.001,1.1707640071553949,0.0,18.785180325679498,365.8437502555485,0.011845624761176921,0.0,0.0001132759657329,0.0476997077365757,0.0,低方差候选，需结合量纲和预测贡献判断
330X1157,330,1.3040910513141268e-06,-5.884692085212366,0.0,0.19,0.006010358213415979,0.0,4.588755565372703,23.440183010356066,0.01146350783339702,0.0,4.672187127256399e-05,0.0735964616646791,0.0,低方差候选，需结合量纲和预测贡献判断
210X65,210,1.3004990613266637e-06,-5.885889956932774,0.002,0.005,0.22807885139369358,0.0,0.3241056376067789,1.5853810411848066,0.01108139090561712,0.8,0.0004116160859982,0.1506320232597265,0.0,低方差候选，需结合量纲和预测贡献判断
360X741,360,9.544084949937423e-07,-6.02026570375464,0.0019999999999999996,0.0044,0.22203143798155275,0.0,-0.30314602420431,-1.824771770048675,0.010699273977837218,0.6,0.0009816832057904,0.2402828195935948,0.9100000000000004,低方差候选，需结合量纲和预测贡献判断
210X66,210,9.022512515644564e-07,-6.044672506833254,0.0,0.005,0.1899738141496829,0.0,0.03904344436214254,4.590178908747553,0.010317157050057318,0.4,0.0003473536593916,0.2135711444171892,0.0,低方差候选，需结合量纲和预测贡献判断
210X139,210,8.772700250312908e-07,-6.05686670956302,0.001,0.005,0.18732538803176582,0.0,-0.10169824263550559,4.247851320857194,0.009935040122277417,0.6,0.0003225090775207,0.2149352379953119,0.0,低方差候选，需结合量纲和预测贡献判断
420X145,420,7.490281596662431e-07,-6.125501854720062,0.0,1.6,0.0005409150810151499,0.005,-11.408971299485193,128.4874536098626,0.009552923194497517,0.0,1.3725666638017303e-05,0.0125307380120583,0.0,低方差候选，需结合量纲和预测贡献判断
210X140,210,7.095603879849846e-07,-6.149010637482595,0.0,0.001,0.8423540751874977,0.0,25.357487415222437,689.3137333242707,0.009170806266717615,0.0,7.347513094990287e-05,0.0277193235272303,0.0,低方差候选，需结合量纲和预测贡献判断
210X58,210,7.016755319148976e-07,-6.1538636674637965,0.0,0.005,0.16753214997902913,0.0,-0.4338801656102756,6.829319701364852,0.008788689338937715,0.8,0.0004366675124674,0.1294110082804898,0.0,低方差候选，需结合量纲和预测贡献判断
210X18,210,6.928410513141436e-07,-6.15936638797826,0.0,0.4,0.002080926853763341,0.0,-1.3368825925748848,-0.2132844041908739,0.008406572411157814,0.0,0.0004114238994847,0.0706830453322192,0.0,低方差候选，需结合量纲和预测贡献判断
210X125,210,6.700813516896154e-07,-6.173872468276578,0.0,0.005,0.16371699382649504,0.0,-0.621755566327607,6.794721918005045,0.008024455483377914,0.2,0.000286031729464,0.1316791919987736,0.0,低方差候选，需结合量纲和预测贡献判断
210X27,210,6.226142052565708e-07,-6.205780974893201,0.001,0.004,0.1972647658061005,0.0,-0.38094604665146214,1.8900648354546545,0.007642338555598013,0.2,0.0003092865401362,0.1622057250968625,0.0,低方差候选，需结合量纲和预测贡献判断
330X699,330,5.765697851752186e-07,-6.239148120316693,5.299999999999999e-05,0.0001,7.593219245980051,0.0,14.986086686637508,246.4449236772723,0.0072602216278181125,0.0,0.0002067519117399,0.0191566127570417,0.2805654910964258,低方差候选，需结合量纲和预测贡献判断
210X28,210,5.691551939924954e-07,-6.244769296514208,0.001,0.004,0.1886059374052974,0.0,-0.5340242443455862,5.436710256826576,0.006878104700038212,0.2,0.0003029608290054,0.1594300321430915,0.0,低方差候选，需结合量纲和预测贡献判断
210X75,210,5.490847934918661e-07,-6.2603605835971585,0.0,0.001,0.7410025597066896,0.0,12.926163474524282,229.02818184919985,0.006495987772258311,0.0,0.0001505034952698,0.0694267198296545,0.0,低方差候选，需结合量纲和预测贡献判断
210X29,210,2.9196495619524703e-07,-6.534669272676107,0.0,0.001,0.5403378167362035,0.0,21.68862594894096,570.6567434493838,0.00611387084447841,0.0,5.883966071153117e-05,0.0534453785961445,0.0,低方差候选，需结合量纲和预测贡献判断
220X182,220,2.737197696120081e-07,-6.562693834218163,0.0011759999999999826,0.152786,0.0034242819913968816,0.0,1.0309377270974545,-0.9395224742237973,0.00573175391669851,0.0,0.0002753300921552,0.0313547322800517,0.0,低方差候选，需结合量纲和预测贡献判断
220X179,220,1.737683606993086e-07,-6.760029295922842,0.0009369999999999934,0.152116,0.002740377892285095,0.0,1.03093772709765,-0.9395224742235269,0.005349636988918609,0.0,0.000398044012908,0.0313547322800516,0.0,低方差候选，需结合量纲和预测贡献判断
330X1163,330,1.2499999999999994e-07,-6.903089986991944,0.0,0.19,0.0018608073189119668,0.0,28.284271247461927,800.0000000000001,0.004967520061138708,0.0,0.0,0.0467925496202509,0.0,低方差候选，需结合量纲和预测贡献判断
210X76,210,1.2402847309136383e-07,-6.906478602846136,0.0,0.001,0.35217676398559267,0.0,3.298313591429987,20.79548479787423,0.0045854031333588076,1.0,0.000926628525943,0.2492327556359872,0.0,低方差候选，需结合量纲和预测贡献判断
330X669,330,9.918922090112581e-08,-7.003535520965935,0.0004000000000000002,0.002,0.15747160132951418,0.0,2.2752355630065284,8.008117239071693,0.004203286205578907,0.0,0.0001550528603127,0.0334373944164691,0.1666666666666664,低方差候选，需结合量纲和预测贡献判断
330X769,330,9.810699311639627e-08,-7.00830003478501,0.0002000000000000001,0.0022,0.14237289032706288,0.0,2.7301922603816773,11.375699728044687,0.0038211692777990066,0.0,0.0001999411407994,0.0618864542657903,0.0,低方差候选，需结合量纲和预测贡献判断
330X788,330,9.662077596996185e-08,-7.014929478978258,0.00030000000000000014,0.002,0.1554194131776673,0.0,2.603497118147317,10.113730546774105,0.003439052350019106,0.0,0.0001624725126849,0.0507070753882636,0.3333333333333326,低方差候选，需结合量纲和预测贡献判断
210X30,210,4.3028785982477925e-08,-7.366240906962959,0.0,0.001,0.20743381108796588,0.0,-4.3979363680857055,17.385301429455737,0.003056935422239205,0.2,0.0002114347728919,0.1564054937011846,0.0,低方差候选，需结合量纲和预测贡献判断
220X181,220,4.133556920994662e-08,-7.383676077558726,0.0004569999999999852,0.153078,0.0013281562851281507,0.0,-1.0309377270978022,-0.9395224742233181,0.0026748184944593045,0.0,0.000366948486557,0.0313547322800516,0.0,低方差候选，需结合量纲和预测贡献判断
210X141,210,3.0012515644555564e-08,-7.522697600551163,0.0,0.001,0.17324120654323427,0.0,15.357419692593867,364.7862225592321,0.0022927015666794038,0.0,0.0,0.0768331093046462,0.0,低方差候选，需结合量纲和预测贡献判断
750X741,750,1.3978903473091323e-08,-7.854526893988245,0.00021,0.00077,0.1535485882528605,0.0,-0.4144573246936424,-0.49376808710228604,0.0019105846388995033,0.0,0.0003737683275252,0.1416724827046332,0.6979098360655736,低方差候选，需结合量纲和预测贡献判断
210X68,210,1.126251564455577e-08,-7.948364592741891,0.0,0.001,0.10612500009213555,0.0,1.0143273058979263,86.41164157414815,0.0015284677111196026,0.0,0.0,0.0897720369757995,0.0,低方差候选，需结合量纲和预测贡献判断
210X60,210,6.243742177722103e-09,-8.204555038521915,0.0,0.001,0.07901735364919596,0.0,-7.486627864722044,157.27824202616725,0.0011463507833397019,0.0,0.0,0.0515631535927894,0.0,低方差候选，需结合量纲和预测贡献判断
210X127,210,4.9812265331665076e-09,-8.3026637072403,0.0,0.001,0.07057780481969178,0.0,-14.062228281866513,196.23685165765252,0.0007642338555598013,0.0,0.0,0.0531017519084265,0.0,低方差候选，需结合量纲和预测贡献判断
330X798,330,5.948839658948694e-10,-9.225567736600711,3.7999999999999995e-05,8e-05,0.30487804065080404,0.0,0.11718884496705423,-0.5610335330283456,0.00038211692777990065,0.0,0.0002181611987455,0.0181966510210168,0.0880809046026437,低方差候选，需结合量纲和预测贡献判断
