feature,operation,selected_folds,mean_stable_score,std_stable_score,mean_importance,mean_abs_correlation,mean_temporal_drift,selection_rate
311X32,311,5,0.9990141383263278,0.0005290629312593293,0.010271179970986673,0.48076914223563605,0.0,1.0
311X33,311,5,0.994046618265189,0.0031659719197913512,0.005155799422300219,0.4129012225008909,0.0,1.0
311X223,311,5,0.9939934440357142,0.007750845263575775,0.008699304855679112,0.5294285012354518,0.02222222222222222,1.0
311X190,311,5,0.9935957202904089,0.001654747197259623,0.005646383169446162,0.3664755924282935,0.0,1.0
311X129,311,5,0.992510508215514,0.0028766832311984017,0.005980181813917038,0.3396856493735689,0.0,1.0
311X183,311,5,0.9920825372564004,0.002896492942560159,0.004587213554017236,0.3774595099358592,0.0,1.0
311X193,311,5,0.9917844860527321,0.008704762839810216,0.004941465485328784,0.41906474332816207,0.0,1.0
311X187,311,5,0.9917279408293819,0.004713700317805656,0.006091073992222953,0.36562652467044715,0.009294871794871271,1.0
311X90,311,5,0.9905999235766144,0.0034116643908691006,0.0036023608512478537,0.43612816537602334,0.0,1.0
311X196,311,5,0.9902407336645013,0.0045072469355495305,0.0039418338819124255,0.4015007246243834,0.0,1.0
311X184,311,5,0.9898127627053878,0.004159492390864721,0.003848055296928169,0.3774595099358592,0.0,1.0
311X86,311,5,0.9886026859506426,0.006678083710173224,0.0034411067945024575,0.4645986389573302,0.008333333333333456,1.0
311X135,311,5,0.9884906381352693,0.005097603087319031,0.003952062574778847,0.34719554916890083,0.0,1.0
311X29,311,5,0.9872143675964844,0.003370609212613814,0.003016757684327709,0.3813215798755393,0.0,1.0
311X1,311,5,0.9866494291994006,0.010743019416609512,0.004154852105025234,0.39505678592949806,0.02,1.0
311X89,311,5,0.9865490442367097,0.009005867100186155,0.0038765638512180635,0.44285840927087844,0.016666666666666753,1.0
311X137,311,5,0.9864424914023691,0.0026991902397031048,0.003052712438072915,0.360462896852397,0.0,1.0
311X30,311,5,0.9859992357661443,0.0045787590382032305,0.0031457858355195567,0.3522508916659678,0.0,1.0
311X191,311,5,0.9859373402694699,0.0031800005942148927,0.006017189996371997,0.36567352435425926,0.02828947368420894,1.0
311X203,311,5,0.9858548832515888,0.006475913746211167,0.006145500163205296,0.4314236767016116,0.04123674864287153,1.0
311X152,311,5,0.9850897974780283,0.002314158920522097,0.00279653879600968,0.34416653859012913,0.0,1.0
311X88,311,5,0.9840327215644322,0.008373016358127304,0.0054729126267970725,0.47917008762091606,0.049523809523809456,1.0
311X133,311,5,0.9837905999235765,0.0033370645629364434,0.002559879786242181,0.34570639814755777,0.0,1.0
210X193,210,5,0.983591899121131,0.004169506814222372,0.0029132523105532735,0.30392198863087466,0.0,1.0
311X87,311,5,0.9834716304783381,0.007757231294694014,0.005065903697245857,0.4697390105944409,0.04505494505494518,1.0
311X207,311,5,0.9828671896217486,0.010086849568423803,0.005559699888059198,0.43145004013734234,0.05073817486861039,1.0
311X188,311,5,0.9828219652511725,0.003883570943083888,0.0043002194781530554,0.3775459225452094,0.03288420735119647,1.0
311X192,311,5,0.9822086358425677,0.014144898244351067,0.00303160058902579,0.4036303923681467,0.0,1.0
311X189,311,5,0.980299510710241,0.013127803517718691,0.0035020140320403638,0.49396906008579033,0.027188953052347798,1.0
311X205,311,5,0.9802117698582784,0.007391171415604234,0.005106785488746289,0.43186139510350524,0.05872973763677021,1.0
311X155,311,5,0.9797936568589988,0.0061756763298796095,0.0024730656450981697,0.2997219906642654,0.0,1.0
344X71,344,5,0.977890714558655,0.010057721134814844,0.002424275775716305,0.27162914066918675,0.0,1.0
344X53,344,5,0.9755292319449751,0.004235003824099464,0.00197945249545622,0.2715055175386204,0.0,1.0
311X69,311,5,0.9752311807413067,0.013267477221693398,0.002053107670159629,0.39655725619343934,0.0,1.0
311X134,311,5,0.9751700420328622,0.012683933837588599,0.0020359903283822976,0.328739728708675,0.0,1.0
311X70,311,5,0.9742147497134124,0.0031858562022832287,0.0016627953287423635,0.3322890839515405,0.0,1.0
311X151,311,5,0.9728162017577379,0.012032363922268228,0.001922864072671351,0.2982351530033738,0.0,1.0
311X25,311,5,0.9723571343779271,0.00857059503869964,0.00809117694421729,0.4925151260003062,0.11424770478314354,1.0
311X26,311,5,0.9718171303916838,0.009345003847247913,0.0075895849816560845,0.49213448423556966,0.11410741625729177,1.0
311X68,311,5,0.9715772694843443,0.019927528982154778,0.0033056415050140425,0.37180120047673093,0.055981067125645725,1.0
311X204,311,5,0.9707876616185128,0.008331957244106087,0.004466638966274826,0.4010751191477156,0.09108322608322597,1.0
311X71,311,5,0.9682251742435989,0.01670614267420657,0.001948952626241374,0.2993902560022965,0.028571428571428754,1.0
344X73,344,5,0.9652884982804737,0.014894195353823988,0.0015856705667286544,0.2713658380603799,0.0,1.0
344X55,344,5,0.9631104317921283,0.006223792145084693,0.0012783682474490795,0.2703027546046293,0.0,1.0
311X73,311,5,0.9611769201375621,0.015420631503600618,0.002229984964725746,0.20549716028233522,0.0,1.0
311X197,311,5,0.9604706683080305,0.03252340786243179,0.0038576361490294414,0.3523602614361872,0.11346023524224577,1.0
344X1,344,5,0.9593121895299962,0.016536491389583626,0.001299916163543094,0.27288636828627844,0.0,1.0
311X127,311,5,0.958952999617883,0.017644854786207337,0.001526089852645394,0.2275808556320909,0.0,1.0
311X154,311,5,0.9578598875718185,0.05052420478175596,0.007307417338572456,0.4222509864524196,0.1974063400576369,1.0
750X91,750,5,0.9574780282766525,0.019397532699090912,0.0013662492047374283,0.2421272103953292,0.0,1.0
750X1212,750,5,0.9541648709185881,0.004788879306461812,0.0013113426156983036,0.2496469670483307,0.030920133634361656,1.0
311X131,311,5,0.9535880779518532,0.016830821464695014,0.0014107549324978185,0.22520575080135208,0.0,1.0
311X65,311,5,0.9505902362000459,0.02502871003225739,0.004592739091020858,0.3130790158634057,0.18060802276606147,1.0
420X38,420,5,0.9496369889186091,0.012917134794831768,0.0013667077909942321,0.1944814782016645,0.0,1.0
311X63,311,5,0.9483887796306133,0.02447156268005794,0.003980512686077656,0.31186461560994155,0.18329404951548595,1.0
311X61,311,5,0.947441529267417,0.021325405018488564,0.0037172921123327157,0.3118455469852328,0.18077174830174692,1.0
311X194,311,5,0.9461396005974849,0.014404158740040618,0.002488981493564862,0.3920185999865867,0.1428571428571646,1.0
750X1190,750,5,0.9456476881925869,0.03673427380369092,0.001184869021874117,0.2621251116293415,0.0,1.0
311X66,311,5,0.9445966481509321,0.02360528239493458,0.0035685211728264986,0.310814342146823,0.19582942385452307,1.0
311X62,311,5,0.9441368530680931,0.028640745169509856,0.0038933928223233924,0.3107421640089538,0.19571377309384935,1.0
344X77,344,5,0.9424608330149026,0.018615437070675082,0.0008889966998404487,0.2739431827241229,0.0,1.0
210X76,210,5,0.9415896064195642,0.01993146583299794,0.0009266285259430515,0.24923275563598724,0.0,1.0
311X117,311,5,0.9406954528085594,0.042339262577400893,0.0012051733856823777,0.23645888943054535,0.0,1.0
750X25,750,5,0.9403002262468867,0.020340268400345005,0.0013714481793761983,0.24302435924291052,0.07523809523809362,1.0
311X94,311,5,0.9400529573030123,0.015164623201036245,0.0012857003470444093,0.21719604731325864,0.05000000000000006,1.0
311X74,311,5,0.9395599505454484,0.028263928710782312,0.0018383704754618886,0.22431955576164325,0.09523809523809568,1.0
420X115,420,5,0.9376767290790982,0.02080331027697599,0.001254714642529112,0.1793908257625367,0.0,1.0
311X11,311,5,0.9354327542435265,0.00211567991573155,0.001859826703403027,0.22613985810670037,0.14761904761904948,1.0
311X67,311,5,0.9337485670615207,0.04177687534462459,0.0011048975584421097,0.2731199945994368,0.0,1.0
750X1391,750,5,0.9337179977072984,0.014329196279488615,0.0008564979709969288,0.21356323799119464,0.0,1.0
311X9,311,5,0.9336494683698845,0.004829357700530364,0.0026457568314777365,0.21144067014110152,0.16666666666666863,1.0
311X12,311,5,0.932469370675933,0.020633079855652974,0.0019573762996902442,0.2203840924785704,0.15428571428571677,1.0
344X83,344,5,0.9323653037829576,0.030815153848946408,0.0008226775909856605,0.2735953641380945,0.0,1.0
311X136,311,5,0.9320978219335115,0.052808552506791666,0.0010687590571525055,0.31492831246313974,0.0,1.0
311X211,311,5,0.9316684296972666,0.00930152296169475,0.0008680812494747898,0.30086809420479677,0.06507352941176728,1.0
750X1116,750,5,0.9313353579162553,0.021619842793377,0.0014356763976885276,0.24572048633496085,0.12500000000000167,1.0
420X36,420,5,0.9312648070309514,0.029010683568228505,0.0012825180225696357,0.18602999944301316,0.0,1.0
311X82,311,5,0.9298968284294993,0.027182410790458123,0.00295332910327614,0.1317082285406084,0.0,1.0
311X75,311,5,0.9291096675582728,0.04275711189689367,0.0012804892749397358,0.19469165870272495,0.0,1.0
311X119,311,5,0.9270691631639281,0.019961076579811936,0.0008881832589934561,0.1983149981902858,0.0,1.0
311X103,311,5,0.9269698127627054,0.02422769583777495,0.002669604333027059,0.13306136417425854,0.0,1.0
344X159,344,5,0.9252961406190294,0.01597660075057986,0.0008357680012223395,0.19232908568359985,0.0,1.0
344X149,344,5,0.9245471914405808,0.029042641179418544,0.0008672673656214295,0.19745622823307596,0.0,1.0
311X92,311,5,0.9243297416845981,0.01933018030508161,0.0010654913270147762,0.20816718773503368,0.04924242424242497,1.0
311X8,311,5,0.922870436524996,0.01602354143931686,0.001807173790439219,0.1997018086198759,0.13200000000000162,1.0
750X1105,750,5,0.9226141158308353,0.027186994954665984,0.0013182910895085304,0.31506265227426145,0.20000000000002666,1.0
420X34,420,5,0.9226136797860145,0.046499975208732724,0.0012339740879157442,0.18633623983322642,0.0,1.0
ERROR:#N/A_14,META,5,0.9214644771040069,0.043021189940505675,0.0008465614925486805,0.23239938494221296,0.02517887962876154,1.0
311X83,311,5,0.9208024455483377,0.02837280073020922,0.002277520465330438,0.12726534483991586,0.0,1.0
311X84,311,5,0.91961788307222,0.029267270694820203,0.0037254624673873104,0.11741504731948034,0.0,1.0
311X10,311,5,0.9195419799932303,0.03138973971730239,0.0013955409339133126,0.22730818781956558,0.1571428571428573,1.0
750X582,750,5,0.9177781073221623,0.028866851560467914,0.0008079955415832591,0.2140404649271884,0.017636393941176588,1.0
311X81,311,5,0.9162541789444244,0.026130768548719447,0.0024170516608559905,0.12340621751263767,0.00999999999999659,1.0
344X85,344,5,0.915949560565533,0.04157423920792456,0.000911724099768689,0.19319765496361396,0.0,1.0
311X85,311,5,0.9159037065341995,0.030390002142401264,0.002390804211543341,0.12082162701870236,0.0,1.0
420X35,420,5,0.915513947267864,0.0593791202071878,0.0010346599598158996,0.19740725307240017,0.0,1.0
750X785,750,5,0.9148643484906381,0.06791999674169064,0.0008014242123663085,0.25482289831982696,0.0,1.0
344X78,344,5,0.9148184944593044,0.05225252616116441,0.0007332622510984523,0.2744893307398678,0.0,1.0
420X141,420,5,0.9140466182651892,0.025193354755898505,0.00072848782128945,0.19250983334773059,0.0,1.0
210X3,210,5,0.9125594640017429,0.02054662225482064,0.0016064027905759062,0.17106265303271612,0.13939393939393951,1.0
311X182,311,5,0.9123261188998691,0.0435071835457051,0.0008685509045658875,0.21518272718487008,0.014285714285714285,1.0
311X93,311,5,0.9118833399900259,0.02908268937838355,0.0009202274293334011,0.17824203080660828,0.04999999999999934,1.0
311X80,311,5,0.9109896828429498,0.03431940381110974,0.0026251730876908365,0.1161452606265196,0.0,1.0
311X4,311,5,0.9096469085523431,0.02135635531182932,0.0022106497280616763,0.19490077142952944,0.2540653625302225,1.0
344X221,344,5,0.9085420080104342,0.033132494667566265,0.0006505472443317555,0.2276953775708038,0.02908608171804846,1.0
420X37,420,5,0.906557126480703,0.032469390721285185,0.0007235026333313634,0.19062823457923117,0.0,1.0
311X27,311,5,0.9059363413174942,0.03100282610899988,0.002100640160905493,0.19487285242481128,0.25407415171107073,1.0
311X104,311,5,0.905510126098586,0.03149600254929708,0.0028782694724056386,0.11226038896707694,0.0,1.0
311X72,311,5,0.9050448829689646,0.02112753269328229,0.0010967702580109502,0.16098039947081225,0.07805681350349969,1.0
750X47,750,5,0.904986071707258,0.03533893453353621,0.00078994196018247,0.25670104052090104,0.11111111111111112,1.0
210X159,210,5,0.9036000209144636,0.024937023697612973,0.0011862141314065294,0.20089420358917076,0.17609100917260959,1.0
420X71,420,5,0.9025907527703477,0.04142262412623519,0.0009037254744875655,0.15264318308531846,0.0,1.0
520X345,520,5,0.9024077266049405,0.022644620546302556,0.0008986091070785441,0.1656429076080001,0.05236357967016238,1.0
210X36,210,5,0.9019586673750893,0.04370605746542714,0.001335463419981481,0.18701467608092187,0.2,1.0
220X163,220,5,0.9014448553017225,0.04003572365371011,0.0008631281906393643,0.16465884814549475,0.021526119207544908,1.0
344X103,344,5,0.900343905235002,0.03517460521930871,0.00064322732029071,0.19275931483601574,0.0,1.0
210X167,210,5,0.8999477422417194,0.0241870019327858,0.0012322232647465224,0.155485149071579,0.13898066525171887,1.0
420X67,420,5,0.8987233494289366,0.03704501414991182,0.0008294016417776603,0.1541967885308666,0.004999999999998295,1.0
420X69,420,5,0.8984791746274359,0.03813025712859006,0.0008614725651164874,0.15297420999072966,0.0,1.0
311X107,311,5,0.897340466182652,0.019781049624497032,0.0016471231265165602,0.11087302050891217,0.0,1.0
210X187,210,5,0.8966399663383108,0.016060730962673034,0.0007329659431873959,0.250296458018885,0.1336285491841156,1.0
210X163,210,5,0.8955252142472743,0.03406937280115716,0.0011308751208621696,0.15129501355377847,0.11522435603148237,1.0
420X70,420,5,0.8945517141632274,0.01819283645891367,0.0007585069212044954,0.152013948731905,0.022261904761909805,1.0
311X76,311,5,0.8942003548593609,0.046991346320629776,0.0009919335337008498,0.16925057139518132,0.06174364978399569,1.0
750X765,750,5,0.8938377468384797,0.014784759540116297,0.0007413522001512356,0.24445585769326578,0.17451999015737646,1.0
520X351,520,5,0.8932511874678196,0.016481287430756726,0.0007456418177991123,0.17070914607318513,0.05235379011245257,1.0
420X31,420,5,0.8926817559028855,0.005317589883772037,0.0017499897101193433,0.25097686837473454,0.4000369332785696,1.0
ERROR:#N/A_9,META,5,0.8911501719526175,0.027290554498683107,0.0005396473930371819,0.20946047152137948,0.0,1.0
210X133,210,5,0.8906777087401782,0.029842807665152776,0.0009948485843932278,0.152545583112718,0.12469580362419963,1.0
210X119,210,5,0.890153329325377,0.037089899713253806,0.0011817100644677153,0.15268161103840686,0.14042622354185902,1.0
210X174,210,5,0.8892749855687464,0.024140038240252893,0.000751588027793262,0.17027233463472752,0.06664658808158248,1.0
210X145,210,5,0.888557505613847,0.016415091398709687,0.0010271205145932834,0.15223828614409668,0.12723024199411204,1.0
210X135,210,5,0.8878198650658952,0.027432009796662177,0.0010305944210378807,0.15300760885012693,0.11725216777068295,1.0
210X121,210,5,0.8875993185218569,0.01719412577247601,0.001027803155637073,0.15298129185536152,0.11701204199819615,1.0
210X82,210,5,0.8873846048255107,0.020569755559815363,0.0009229880820647527,0.14758506908078656,0.0992844997996708,1.0
344X158,344,5,0.8873824990447077,0.03880618368396534,0.0005948325035837118,0.19269075243462627,0.0,1.0
210X169,210,5,0.8868914104065677,0.021473842067768204,0.0010492113094214216,0.15292756444059555,0.11639107891182436,1.0
210X157,210,5,0.8861988761066739,0.029837289922743322,0.0010379543888102227,0.1566910480843406,0.14581212851400807,1.0
420X66,420,5,0.886175072545069,0.0428493215228659,0.000786154789282479,0.15307527854385206,0.022261904761909805,1.0
420X189,420,5,0.8858044386350606,0.011369443981759127,0.0013574455680389573,0.2561583602252258,0.39120677476190224,1.0
344X208,344,5,0.8853649216660298,0.037859130120423044,0.0005792328172272254,0.1872894481557324,0.0,1.0
311X128,311,5,0.8843867023309132,0.034572593659174915,0.00140223037195756,0.10798850908596273,0.0,1.0
210X151,210,5,0.8839184985264772,0.04108282027834991,0.0010733245413039171,0.15002721897385754,0.13309666445134005,1.0
420X188,420,5,0.8831351382372976,0.017221019675059995,0.0013835259774265113,0.25615836022522587,0.391206774761904,1.0
344X112,344,5,0.8814138326327857,0.06138594926583068,0.000709395782839091,0.1931127507621106,0.0,1.0
210X14,210,5,0.881370940204427,0.03470730258253751,0.0011125782202266413,0.2339228644196068,0.35,1.0
520X246,520,5,0.8805481671166943,0.025118589132098326,0.0006238477391302302,0.17003100524281295,0.05235865140962202,1.0
520X353,520,5,0.8803022875820694,0.0271228324107533,0.0006518636247888082,0.1700300631219672,0.05235586624923162,1.0
420X134,420,5,0.8780970576996561,0.05030898707044323,0.0007330468433854575,0.1475399629981203,0.0,1.0
210X11,210,5,0.8736089400673887,0.015141685636937009,0.0017914327646066468,0.20957173934151294,0.46487908679204476,1.0
210X149,210,5,0.8724645864257475,0.036218712906567786,0.0011998173099033358,0.14602140192250435,0.22511679367274331,1.0
210X177,210,5,0.8723671860031297,0.049726185187806964,0.000863500452137364,0.2022592393804093,0.16109898662535502,1.0
420X97,420,5,0.8720844912420331,0.0037619879136080486,0.0022764702364829253,0.31233592919833714,0.5997297297297309,1.0
420X68,420,5,0.8719296904852885,0.05314580672192149,0.0006725352527347798,0.1524983945060773,0.0,1.0
750X228,750,5,0.8714969421159336,0.007174912256951956,0.0005847485432109828,0.24171004772166965,0.203359809451407,1.0
210X16,210,5,0.8712841732875631,0.02394653943372688,0.0009205859724045155,0.2258701160696471,0.36666666666666664,1.0
210X217,210,5,0.87041639711531,0.014243881933114247,0.0019084552461105585,0.1790760503788768,0.42285927079150565,1.0
750X776,750,5,0.8690468631507142,0.04099638715735545,0.0010326035618481847,0.260372866810866,0.35725287484358836,1.0
344X212,344,5,0.8650286587695835,0.025951864362193995,0.0005009571948139884,0.16966348456029373,0.0,1.0
311X195,311,5,0.8649994233211187,0.012166865395248097,0.00045974126813646545,0.24629902776324109,0.048586179863986015,1.0
ERROR:#N/A_4,META,5,0.8649290228456351,0.014236436197801423,0.0015608525920065743,0.1751858098787203,0.4210593971450923,1.0
344X5,344,5,0.8637753152464654,0.048034134519736045,0.000696906504269542,0.12190252329967695,0.0,1.0
420X99,420,5,0.863238692939421,0.020740126935402028,0.0007791310246773474,0.23519096260472888,0.36000000000000015,1.0
520X1,520,5,0.8626685986476573,0.05183581690157302,0.00062259249961726,0.16816714826272133,0.052600254031944536,1.0
750X995,750,5,0.8624531906763468,0.0330369929386732,0.0004718868076976232,0.18439891715310974,0.0,1.0
311X130,311,5,0.8604279709591134,0.031068627721893376,0.0011431978345674695,0.08885103261996075,0.0,1.0
210X179,210,5,0.857092471763462,0.026982885915767498,0.0005771187543662297,0.15140628856976232,0.06773433374843037,1.0
420X98,420,5,0.8477902479722156,0.0065700090484682675,0.0017320418277002561,0.2712142210198234,0.7223809523809519,1.0
311X106,311,5,0.8471522351250215,0.061579870238321587,0.002167470115750771,0.17312997178515152,0.6502840909090909,1.0
420X92,420,5,0.8456150795967297,0.013059822815406586,0.0010857500789090563,0.3101345156909812,0.6250000000000009,1.0
420X202,420,5,0.8455794173216006,0.011042743745277929,0.0019667040781871058,0.2215821063739237,0.7058823529411826,1.0
220X3,220,5,0.8455650391834684,0.030408278559225774,0.0007391219695848163,0.11900019303509221,0.04087912087912088,1.0
420X140,420,5,0.8397401604891096,0.030531991400850583,0.0007210689404551095,0.09540412431934193,0.0,1.0
344X185,344,5,0.8388515208405508,0.04760047721210887,0.0005371501107812986,0.17925623427898493,0.13885746606334842,1.0
750X1083,750,5,0.8365130797212131,0.010901012623762814,0.0009350969173106069,0.30098337461984803,0.6666666666666666,1.0
210X34,210,5,0.8361063522282427,0.026953077932723293,0.000882268296782926,0.2167278027955911,0.5,1.0
220X54,220,5,0.8354989634883745,0.009136409268528413,0.0009942444595426978,0.2463514612601661,0.6700888659481645,1.0
344X19,344,5,0.8262815296791072,0.027295747188337032,0.0007273592899708121,0.12155613409249433,0.1980295566502463,1.0
750X541,750,4,0.9124264424914024,0.07778349505628981,0.0009365801293363229,0.21712571150425525,0.0,0.8
210X190,210,4,0.8883512984446129,0.08309457501525,0.0006884947055624715,0.22419968393887785,0.031161868222795243,0.8
520X144,520,4,0.8868223533066493,0.05484585932599957,0.0007851498751574525,0.17003053417044034,0.052357258792387305,0.8
311X142,311,4,0.8823691249522353,0.07899530520888667,0.0012918168127389628,0.15353016448467852,0.0,0.8
311X147,311,4,0.876140619029423,0.07693290979930888,0.0006990883674880977,0.22103306257974245,0.0,0.8
344X92,344,4,0.8727130301872371,0.0692387680349943,0.0006095174478333238,0.19304880480287417,0.0,0.8
344X154,344,4,0.871692777990065,0.11787446854659824,0.0007289414876450624,0.19304880480287415,0.0,0.8
210X84,210,4,0.8692614224817218,0.04562785808491614,0.000822959225240095,0.14968070648080817,0.09533335536053386,0.8
344X105,344,4,0.868230798624379,0.04790192415435974,0.0005165058184663479,0.1931254632974221,0.0,0.8
210X51,210,4,0.8660206374893626,0.05989815532064349,0.0015464633685535589,0.1404839302386921,0.25,0.8
344X114,344,4,0.8639052350019105,0.0738674551191729,0.0006326082535332892,0.19266175342195208,0.0,0.8
344X190,344,4,0.8629346580053496,0.11214865907655913,0.000619745331134807,0.20945903495911206,0.0,0.8
344X119,344,4,0.8589644631257164,0.08882230354276605,0.0006301940871584547,0.19304880480287417,0.0,0.8
311X28,311,4,0.8575322110574006,0.04658462689430692,0.0025773030331151235,0.09216833255315927,0.12012604726912764,0.8
344X172,344,4,0.8532709209017959,0.11666062221807814,0.0007216010801670564,0.1930488048028741,0.0,0.8
750X1267,750,4,0.8471429869548288,0.04963029363363636,0.0005435136164105697,0.20895909545458138,0.12666666666666365,0.8
311X210,311,4,0.8470233091325945,0.056585205659659604,0.0011393900889446042,0.08532147053398118,0.0,0.8
750X294,750,4,0.8439376023947514,0.061672555675408955,0.0006507172849683239,0.2167453605067197,0.280285634339588,0.8
210X32,210,4,0.8395887086483448,0.05500284350501011,0.0007503828654651234,0.21277144513877227,0.25,0.8
210X49,210,4,0.8392985972910353,0.040534037507737125,0.0009821215503925656,0.13845182423968974,0.3125,0.8
420X93,420,4,0.8392572795214791,0.02894952779370955,0.0014159405281117987,0.28065802156640346,0.6695447409733125,0.8
420X94,420,4,0.8368090441600515,0.0446895544190114,0.0007283447248575936,0.2403176360377694,0.4141176470588239,0.8
420X200,420,4,0.834707011651961,0.09674799236845838,0.0006597371649443157,0.21084552677612134,0.21948797579232324,0.8
311X112,311,4,0.8323729461215132,0.051705202923503,0.001165276604030542,0.07220538688019787,0.0,0.8
750X69,750,4,0.8314023691249522,0.22782701359577492,0.00103522621938996,0.16440446060025551,0.0,0.8
344X110,344,4,0.8312533435231181,0.11074806688998069,0.0005914966859130866,0.19304880480287417,0.0,0.8
210X74,210,4,0.8305540695452809,0.11568008783871196,0.00043983657721383145,0.24046043747614437,0.0,0.8
220X70,220,4,0.8290899991474857,0.03913755701172094,0.0005498078097958862,0.11939005260065796,0.04087912087912088,0.8
420X30,420,4,0.8267686189378818,0.0667538761306198,0.0004609712639651443,0.1627791515912536,0.04012825078127774,0.8
311X95,311,4,0.8244727338087949,0.21848197036889194,0.0009010167066846972,0.2243103748346172,0.033333333333333395,0.8
344X176,344,4,0.8237854122562075,0.11110939018828996,0.0006785122353204661,0.15633263166146252,0.15999999999999998,0.8
750X1061,750,4,0.8184416092441074,0.033334913880838264,0.0008319738876833296,0.2909682082156787,0.7333333333333018,0.8
420X100,420,4,0.8180713764858257,0.06463826970046344,0.0004693154091954765,0.18794050366899534,0.20666666666666691,0.8
344X150,344,4,0.8176474845793595,0.024995835132885145,0.0007008811730173108,0.18532724082955634,0.517194570135744,0.8
311X200,311,4,0.8169233461296042,0.13801551655083408,0.00048685244210075126,0.22447124775105456,0.014521452145214522,0.8
311X109,311,4,0.8113794421092854,0.07300656362390515,0.0009146887573713949,0.08683302725339141,0.0,0.8
340X15,340,4,0.8112797668131042,0.05841150072658322,0.0005304165981998196,0.1986194359032077,0.3333333333333333,0.8
750X1006,750,4,0.80966971371229,0.06519123447499889,0.0007501268258019746,0.19651319759105054,0.4047619047619115,0.8
210X161,210,4,0.8064560395140836,0.13169151382445826,0.0005217254893750297,0.15088626646688214,0.05581702483158255,0.8
420X197,420,4,0.8064056114018644,0.025386305448930647,0.0007986283223526628,0.20229017003535224,0.7147787144362462,0.8
210X65,210,4,0.8005961024073367,0.07376582761932406,0.0004116160859982637,0.15063202325972658,0.0,0.8
210X164,210,4,0.7991590355989157,0.11849434577823566,0.0005291045149964296,0.154903810430983,0.11912628330059301,0.8
520X112,520,4,0.7986090943828812,0.17129172361253645,0.0005471687544179244,0.14293933573521084,0.0,0.8
210X206,210,4,0.797189831348823,0.03248340703318534,0.00094659279177881,0.18838540508969115,0.7847610024497227,0.8
311X115,311,4,0.7954222392051967,0.1928580350854702,0.0005231785065213511,0.16835054829713408,0.0,0.8
ERROR:#N/A_16,META,4,0.7947573557508598,0.2792557741714069,0.0006524667146831589,0.19304880480287406,0.0,0.8
210X168,210,4,0.7934628426720918,0.03863156386597595,0.000932046525759566,0.1127511293568169,0.47891211002026635,0.8
210X160,210,4,0.7926936349451048,0.07602739726039294,0.0005573916888105431,0.13843561943845595,0.22020525180048373,0.8
210X58,210,4,0.7847000382116927,0.12491909256991984,0.00043666751246742506,0.12941100828048988,0.0,0.8
344X87,344,3,0.8560947649980892,0.09167421120871684,0.0006105574160202652,0.1930099353350918,0.0,0.6
420X96,420,3,0.8446951049171212,0.04987402466410919,0.0005769547829418764,0.20536120850419576,0.16666666666666766,0.6
344X225,344,3,0.8420788733015729,0.08312528902254912,0.0005253442550409779,0.22022677901684345,0.043740058426269705,0.6
311X91,311,3,0.841798833106662,0.11208578967633605,0.0006162439471651075,0.1910507199814441,0.04646464646464626,0.6
340X13,340,3,0.8353324395305404,0.05315364239529805,0.0006427834497621046,0.2195339923925992,0.23809523809523808,0.6
360X14,360,3,0.8248452426442491,0.07030902875677292,0.0006091472044995179,0.10592856742166146,0.0,0.6
311X146,311,3,0.8239052350019105,0.07613775242731456,0.00044948028738735343,0.16596111255483684,0.0,0.6
520X33,520,3,0.8180059559093047,0.045712085624055085,0.0004726375298634925,0.17814732547986528,0.2645611788092367,0.6
420X118,420,3,0.8160947649980894,0.06058734354252054,0.0004891434759133459,0.13411729739150596,0.0,0.6
420X228,420,3,0.8133147199183824,0.024284121309989,0.001448947912188875,0.14767326139923878,0.6666666666666666,0.6
420X198,420,3,0.809702069507706,0.023858393025865152,0.0010709223750836588,0.20679677117058853,0.8125000000000041,0.6
210X94,210,3,0.8079451831742042,0.03912999550247704,0.0008403828030129019,0.1578787401579896,0.5,0.6
210X154,210,3,0.8070604688836406,0.10667708396535493,0.0005386757012906023,0.16087625479138165,0.07857749860292038,0.6
420X201,420,3,0.8046518569627661,0.024793204600096392,0.0009497234259055153,0.19139669468421083,0.7581730769230777,0.6
210X134,210,3,0.8045985158067153,0.026305973995793246,0.0011598223189281855,0.11267089928119838,0.47940978167442605,0.6
311X113,311,3,0.8032403515475736,0.06923806578837244,0.0008710576870553785,0.07268043668429923,0.0,0.6
311X111,311,3,0.8029270156667939,0.06717861527452171,0.0009625385956789458,0.06558868267841503,0.0,0.6
340X11,340,3,0.802598855056802,0.06523490906552774,0.0005443500824338584,0.20914486809593588,0.2878095238095238,0.6
311X209,311,3,0.8015464024706525,0.056638360949583674,0.001087112347507268,0.08786607831386616,0.2666666666666825,0.6
210X83,210,3,0.801483442819622,0.03451273310041151,0.0009237944111235574,0.1126035180638755,0.408465516041806,0.6
360X741,360,3,0.7994721123404899,0.016279394099166004,0.0009816832057904412,0.2402828195935948,0.9100000000000004,0.6
420X159,420,3,0.7980258001512496,0.01923970102230577,0.001359034017272229,0.21362256915227906,1.0,0.6
220X33,220,3,0.7970489850567248,0.011604876180835161,0.0012406864858282448,0.2006449050852625,1.0,0.6
344X79,344,3,0.7967272837039776,0.08962783287779909,0.00048662166936177436,0.1125189717932201,0.010909090909088131,0.6
210X81,210,3,0.7938538173284346,0.02811718232541416,0.0008309310828335137,0.10664070966523206,0.4106189403321028,0.6
210X207,210,3,0.7923196605721194,0.030328823802364874,0.0007014720638760781,0.16438092591616377,0.6262157829643267,0.6
210X150,210,3,0.7892658105645862,0.05898313671808238,0.0012187906824441546,0.10779805525996047,0.4800401273396786,0.6
344X15,344,3,0.7883621371394225,0.08518001835339221,0.00064622561309994,0.1395407198266288,0.3249999999999993,0.6
420X208,420,3,0.7876749938205918,0.04965983427716811,0.0004801907968250734,0.14307392177770578,0.28068720379147394,0.6
ERROR:#N/A_11,META,3,0.786131002509556,0.08155446126073139,0.0005106506517381689,0.20359930866802753,0.4333333333333333,0.6
360X368,360,3,0.7857324512664323,0.02451735308481986,0.0005944923173266112,0.17606633867810223,0.6490425389725468,0.6
210X166,210,3,0.7857237680457353,0.05416150702131219,0.0008925431669484646,0.11043472985668334,0.48128995415301634,0.6
210X39,210,3,0.7850672522062325,0.03495417163623425,0.0006450516836115947,0.12980733484909485,0.4837258586625756,0.6
210X212,210,3,0.7839955623106118,0.07357618459138282,0.0004555918330264185,0.1422091857382795,0.15774008168466952,0.6
311X169,311,3,0.7831593780587605,0.029024638019489676,0.001071245049695283,0.19552417991640486,1.001618751691994,0.6
210X123,210,3,0.780121075929826,0.08886430426482973,0.000515578490315303,0.1361131330666258,0.19369721554646951,0.6
520X87,520,3,0.778140473601563,0.04058656290807297,0.0005079949941521589,0.1638679559627009,0.5,0.6
420X114,420,3,0.7744975162399694,0.10374257350309685,0.0004067811896275741,0.1348135204337744,0.0,0.6
210X139,210,3,0.7743446694688574,0.07864550575000594,0.0003225090775207361,0.21493523799531195,0.0,0.6
520X23,520,3,0.773160999723272,0.09027551455545718,0.0003691481219238549,0.1530702798592774,0.016666666666666666,0.6
750X475,750,3,0.7717844860527321,0.2371468813571726,0.0004758560413810546,0.2167601171703407,0.0,0.6
520X129,520,3,0.7714864348490638,0.06404764975144758,0.00037430013237285773,0.12769964566446268,0.0,0.6
750X185,750,3,0.7684820432700821,0.09991266675877518,0.0004288295538798706,0.208473217627984,0.28782051282051324,0.6
210X120,210,3,0.7673330315183289,0.09517969300078441,0.0008790597303779421,0.11264710066473034,0.4793176619786177,0.6
420X91,420,3,0.7669608023154577,0.13357005840617636,0.00042467180693370795,0.20326381822695558,0.21142857142857113,0.6
ERROR:#N/A_8,META,3,0.7649126373126878,0.16489393235976638,0.0005152843613307846,0.2094985663147147,0.22000000000000003,0.6
344X194,344,3,0.7630999210613331,0.15468171552553697,0.0005129341020152219,0.20936499177052043,0.14166666666666666,0.6
520X22,520,3,0.7625601834161253,0.14182090863630997,0.0003893772770517819,0.1390227314821963,0.0,0.6
520X106,520,3,0.7617424531906762,0.14643519735796348,0.00042256033412370564,0.14891234026942118,0.0,0.6
330X140,330,3,0.7614417363055941,0.09215903651945163,0.0008385271933619091,0.23731336783537232,0.9496222550498086,0.6
311X52,311,3,0.7596382436749791,0.13058313545293798,0.0003926751344292438,0.13510579897616348,0.06807669694186164,0.6
330X189,330,3,0.7572324827673531,0.1131738447391212,0.00035388276793901416,0.18985338421234144,0.06579760583403799,0.6
210X143,210,3,0.7568321042015042,0.12060290592122011,0.0006246969733196277,0.10731174986487346,0.21930842384099888,0.6
520X104,520,3,0.7543867023309132,0.1539402609786883,0.00039405374440361384,0.14956108543146301,0.0,0.6
344X186,344,3,0.7501577538302515,0.24438147797813198,0.0005016501306753505,0.19603355348777543,0.04089006778661951,0.6
420X210,420,3,0.7479721323664645,0.13855998693626587,0.0005046621571528163,0.14080544482937551,0.3236628300609331,0.6
520X97,520,3,0.7436759648452427,0.12084908638082657,0.00035270031496573617,0.14278109651392526,0.0,0.6
520X99,520,3,0.7369621704241498,0.1758576630301574,0.00038043921504177746,0.14956108543146288,0.0,0.6
520X84,520,3,0.7340886511272449,0.19461532422094333,0.00041549816679445204,0.14956108543146301,0.0,0.6
520X128,520,3,0.7305961024073365,0.13757993133621457,0.0003347925943512949,0.14956108543146288,0.0,0.6
210X153,210,3,0.7135871740715858,0.1372949338209662,0.0003221985296655548,0.14247166924856397,0.02698589933365102,0.6
520X98,520,3,0.7128085594191822,0.2047074803332058,0.000375530188907219,0.15115052113796473,0.0,0.6
520X73,520,3,0.6984638899503247,0.19538104181810936,0.0003316134098646022,0.1512358184625377,0.0,0.6
520X44,520,3,0.6931639281620174,0.22882439885533923,0.0003341373454989739,0.14956108543146301,0.0,0.6
520X86,520,3,0.6843408482995796,0.24010170734699735,0.00035459926317066585,0.14694150741994905,0.0,0.6
210X137,210,3,0.6809109433307684,0.21547514107182605,0.00041303671820203385,0.13294019681030544,0.176712328767124,0.6
344X48,344,2,0.8085212074894917,0.09779265837734961,0.00046226342805129095,0.1829349529944134,0.0,0.4
210X118,210,2,0.8016493366486921,0.024203749383158623,0.0012340142747338937,0.11405682602211302,0.5101893652439309,0.4
420X187,420,2,0.7970465985177165,0.02899805128484334,0.0005347391195893944,0.13751679052385138,0.25,0.4
210X144,210,2,0.7954363856571462,0.03824974856274512,0.0008571793689459755,0.11388996354791345,0.40736803057148163,0.4
210X132,210,2,0.7953152407682011,0.040669384743010455,0.0009337915748534604,0.11566956212914312,0.47794083563366235,0.4
210X162,210,2,0.7908807741023397,0.03820586285948676,0.0009342287989986479,0.11757885980940216,0.48506498637601025,0.4
520X38,520,2,0.7904317921283913,0.09528445751936557,0.0004055776049771737,0.16846972610959385,0.0,0.4
344X10,344,2,0.7898936151426479,0.07214451048019832,0.0005954326912266464,0.1616158814125826,0.3249999999999993,0.4
311X162,311,2,0.7865898961094598,0.021411290366510332,0.0011574299588008243,0.19345021958632894,1.0006086744786042,0.4
210X156,210,2,0.7806158644461643,0.04630193033948789,0.0010168272017510138,0.10832018885736619,0.5501697226818354,0.4
420X209,420,2,0.7774183952640332,0.058468802407047604,0.000553249859371081,0.13816517146725235,0.32452081339155053,0.4
420X4,420,2,0.7756926989993327,0.09450723536050669,0.00045245375945251223,0.1335496857175154,0.08455296727602107,0.4
420X212,420,2,0.7749228140607406,0.061448230144783185,0.0005055990024155196,0.14113048031093367,0.2995663390376636,0.4
420X135,420,2,0.7748372021603435,0.09868261620279306,0.0004335924624239572,0.13926532548500603,0.07998367309916324,0.4
340X107,340,2,0.7743983466518258,0.02665654919481774,0.0008473043265202817,0.18611383131896908,0.9705328160638504,0.4
210X203,210,2,0.7727724571250798,0.06602694358566727,0.0004578371372068223,0.14239783083802288,0.15040854847909038,0.4
311X206,311,2,0.7724611333096075,0.05689501709232612,0.0006205547134281624,0.09352121042897435,0.2631052996835049,0.4
330X286,330,2,0.7694654757467535,0.0962539415963809,0.0005717662625834464,0.21158879632633304,0.5020510052706484,0.4
420X1,420,2,0.769368227982753,0.08486957242285631,0.0005047893052895277,0.09837757603894333,0.01818181818181818,0.4
520X32,520,2,0.7684218570882689,0.14463399707359317,0.0004639931042508069,0.1794179360846673,0.0,0.4
311X77,311,2,0.7665941667403908,0.05634772510408813,0.0011577615421180564,0.19422967222122595,0.9990624801067961,0.4
520X143,520,2,0.7658249568048464,0.1148290439100768,0.00042639137755183857,0.17684954180426188,0.12235361567928738,0.4
360X1245,360,2,0.7656262348980117,0.0839757202573839,0.00041524150389805946,0.13154656675204673,0.06620540807699885,0.4
520X177,520,2,0.7636586787176982,0.038884517215834274,0.0003540413523089378,0.15286437859329668,0.10746237943351596,0.4
210X122,210,2,0.7636209341557291,0.05528152356658323,0.0004660929571507339,0.09336478419332384,0.08943490701001451,0.4
ERROR:#N/A_25,META,2,0.7582575468093236,0.10321299568868317,0.0003803970579533471,0.12604842738966965,0.0,0.4
210X43,210,2,0.7571711554942475,0.1051511026814417,0.0004610532736395301,0.129793467490104,0.08193661218337611,0.4
360X776,360,2,0.7533673622317281,0.09325887508863023,0.0006144180452932992,0.16622050370258823,0.6116564609905542,0.4
420X85,420,2,0.7528926251432939,0.06900097729955548,0.00033922998426442536,0.13867662529081728,0.0,0.4
520X89,520,2,0.751803591899121,0.08198234710195382,0.0003418101973750742,0.14956108543146296,0.0,0.4
311X148,311,2,0.7505235001910584,0.07554601163735722,0.0006472110263228484,0.061832317876273524,0.0,0.4
420X95,420,2,0.749780379943797,0.1187014118371903,0.0003806515291475364,0.21742470876855902,0.18666666666666604,0.4
210X53,210,2,0.7496692448408588,0.09857939641231786,0.0004626817802225445,0.09523550408574959,0.07654903614487563,0.4
750X696,750,2,0.7458846006878105,0.1520139024976211,0.00037543279599398175,0.2067553407868074,0.0,0.4
420X156,420,2,0.7454031333588078,0.13993752499237444,0.00037214770552854176,0.1381432992362826,0.0,0.4
520X113,520,2,0.7447841039358043,0.11650031378398237,0.00034158207040809607,0.1508303451537044,0.0,0.4
360X425,360,2,0.7444468468592905,0.07895558851647283,0.0003660456898655734,0.1186271994503442,0.03989052316510421,0.4
330X11,330,2,0.7432784557884937,0.15775861453551673,0.00047975180307283034,0.1597975726506889,0.39999999999999913,0.4
210X33,210,2,0.7425713863433715,0.08607369327616962,0.0007101921949190361,0.14035988773119995,0.8,0.4
360X294,360,2,0.742066761043227,0.14659814843413957,0.0004400497120386519,0.1145444696973175,0.08015161607554042,0.4
340X59,340,2,0.7403056935422239,0.09570060059082373,0.0004050366719028512,0.08643859114560118,0.0,0.4
210X41,210,2,0.7372367954092234,0.1033055638396085,0.000406468088430375,0.12987461280870932,0.08759509099314859,0.4
420X90,420,2,0.7351547573557509,0.11855969757666858,0.00034694528237247895,0.1371870680083692,0.0,0.4
344X147,344,2,0.7350859763087504,0.09232794023340903,0.0003565058655876055,0.11500206608285464,0.0,0.4
330X595,330,2,0.7303578030019385,0.1385563818248402,0.00036764733113579687,0.19195307280309354,0.19948675588642412,0.4
750X743,750,2,0.7298330152927942,0.14124015548697696,0.0003459043591066078,0.1812985057754679,0.08325597581719,0.4
420X89,420,2,0.7280473824990447,0.0843694274379965,0.00032759511514647685,0.13914263266779572,0.0,0.4
420X88,420,2,0.727260221627818,0.0928076458141422,0.0003383296365219196,0.1339724640857355,0.0,0.4
210X46,210,2,0.7269816482692908,0.12783794376763263,0.0004062706215881017,0.11141660632843928,0.12443057222889183,0.4
360X984,360,2,0.7269086740542605,0.13422523641382175,0.0003523853310824111,0.14232350092827667,0.0,0.4
520X64,520,2,0.7181467329002673,0.13996799913435098,0.0003131486843636568,0.14956108543146301,0.0,0.4
520X24,520,2,0.7174933129537637,0.12936870199811906,0.0003200316269020932,0.14956108543146282,0.0,0.4
520X26,520,2,0.7160985861673671,0.14777472166609762,0.00033757660343368786,0.14956108543146288,0.0,0.4
750X1356,750,2,0.7145586549484142,0.15837084890744435,0.00031827097857332643,0.19468868719826618,0.0,0.4
420X33,420,2,0.713841132845626,0.13885692700685054,0.00038774195021110244,0.1133997610889927,0.13354904085002955,0.4
750X155,750,2,0.7114472322385039,0.21193518803769354,0.0003929900029507712,0.1878113348666095,0.15287479872080975,0.4
420X132,420,2,0.7108444784103936,0.139109006028905,0.0003412638854905694,0.1264240138369485,0.0,0.4
520X96,520,2,0.7107527703477263,0.13535509494468206,0.00031938609803327085,0.14939150453281738,0.0,0.4
210X66,210,2,0.7102865876958349,0.19285052637288988,0.0003473536593916597,0.21357114441718927,0.0,0.4
420X160,420,2,0.7085364921666029,0.22528476723340066,0.0003995626496170218,0.13471206539193234,0.0,0.4
311X141,311,2,0.7044784103935804,0.11536724660597085,0.0005778423137313149,0.06132158057123889,0.0,0.4
210X130,210,2,0.7040790962102363,0.1127238898746882,0.0003801229287123029,0.10160761557402569,0.04766139355634608,0.4
750X702,750,2,0.7040667039500806,0.1955525358553006,0.0003820639189645899,0.19896659042138284,0.21165164953677543,0.4
520X74,520,2,0.7010355368742834,0.16076892015092847,0.0003160460874178839,0.14956108543146296,0.0,0.4
520X56,520,2,0.7000993504012227,0.21491672535637837,0.00038465114103476136,0.15078040776034946,0.0,0.4
750X1364,750,2,0.6987633114130345,0.21021715039228206,0.00048059983815668496,0.18091246799012256,0.40975609756097564,0.4
520X117,520,2,0.6947153228888039,0.2383905160203844,0.00036932178033120876,0.14956108543146301,0.0,0.4
520X11,520,2,0.6910470003821169,0.15072168193204355,0.0003296106184558109,0.14956108543146301,0.0,0.4
330X100,330,2,0.6906941174676579,0.2093695016994559,0.0002967506564547168,0.18975035621076428,0.06446460972232926,0.4
330X574,330,2,0.6873858044373373,0.1574173801555569,0.0004782569917860059,0.21816693455967168,0.6189398489200763,0.4
330X626,330,2,0.6824402910634924,0.17471170921333687,0.0003130146370194821,0.1898699172141182,0.06700877330778318,0.4
210X56,210,2,0.6822483115623477,0.1464110821085545,0.0003698266777692848,0.13608104542095914,0.19369721554646951,0.4
520X67,520,2,0.6753417489296585,0.19446282013632005,0.0003801683105191225,0.12325197855519845,0.03785140562249012,0.4
344X177,344,2,0.674141380728223,0.1842637410114584,0.0003781947527575132,0.11542627619760129,0.04236453201970443,0.4
210X26,210,2,0.6707820998081709,0.1689680810017495,0.00034360448055578794,0.14258908471189194,0.15040854847909038,0.4
750X611,750,2,0.6612990467811475,0.18671875569718202,0.0002868621904552303,0.19909352834426347,0.10877192982456393,0.4
344X13,344,2,0.6610072756525984,0.1777145012987097,0.00037134248829897367,0.1674695552480015,0.3249999999999993,0.4
520X135,520,2,0.6592357661444401,0.28370967759120413,0.0003600617675653038,0.1638134230369336,0.0,0.4
312X478,312,2,0.6579136415743218,0.19544366742145808,0.00032421342931559545,0.104722809505983,0.0,0.4
210X178,210,2,0.6406610662664829,0.17812980547424231,0.0003168473769291918,0.13793235719747948,0.21865437998865495,0.4
312X699,312,2,0.6350019105846388,0.2439609043962827,0.0002930811749610654,0.11991754989627909,0.0,0.4
520X281,520,2,0.6205133936436743,0.24959987227414485,0.00029863799602502454,0.11925054305725975,0.2,0.4
750X327,750,2,0.6136634953375854,0.2609795123004019,0.0003145960501645433,0.210135924365489,0.3334905222784108,0.4
311X116,311,1,0.7808177302254489,0.06067738280087302,0.0006782524887703901,0.07270987176599379,0.0,0.2
400X63,400,1,0.7783435200703547,0.026245766104246324,0.0008877840081579009,0.1827320339337044,0.9660883730143255,0.2
400X5,400,1,0.7777560659104024,0.016078605222860372,0.0009108583948506211,0.18255398295260256,0.9660883730143255,0.2
210X13,210,1,0.7755413800748638,0.04163408595855069,0.0006082838627886277,0.17026029626566969,0.6,0.2
400X170,400,1,0.7730189609153694,0.02312237180818619,0.0008464050204575394,0.1822690970674267,0.9660883730143255,0.2
330X206,330,1,0.7722257285499523,0.03193599497257722,0.00066779230634447,0.2270668566096053,0.9527182076137549,0.2
330X112,330,1,0.7711608851256387,0.036933586110736896,0.0007876868762766925,0.2238377444419549,0.9316510440655836,0.2
311X5,311,1,0.7702528843082858,0.04332112602658747,0.0011258225506614182,0.19062048711254476,0.99738157622482,0.2
360X743,360,1,0.7665909309039374,0.02905921999080717,0.0005738749397468473,0.16520233065595114,0.6691659472989641,0.2
311X212,311,1,0.7652442284810278,0.05696914596882671,0.0007922946823621764,0.0547670181454231,0.06666666666666667,0.2
210X117,210,1,0.7638764081804039,0.06958822868055195,0.00045037838973975883,0.13529992922411122,0.19555295055230149,0.2
220X164,220,1,0.7637776535537848,0.04250650323266271,0.0006258999329405898,0.07094986309971166,0.14246791398578965,0.2
520X83,520,1,0.7630187413688364,0.03506135537392934,0.0005855234106539745,0.1812555558963753,0.8102705410821727,0.2
210X142,210,1,0.7610680654264576,0.04494072744775639,0.0007152811498181988,0.09299346336083807,0.37447767749123456,0.2
311X208,311,1,0.7608533468880061,0.08970211236542212,0.0008653166087619913,0.06369863920009396,0.2,0.2
520X130,520,1,0.7503935804356132,0.08280060045676046,0.0003272825153815097,0.15890084743879457,0.0,0.2
330X266,330,1,0.7500222322979757,0.09093270451741968,0.00044283990267656164,0.21156820469141507,0.5036537607341345,0.2
210X47,210,1,0.7497951810447894,0.05124383763658652,0.00036623811870501344,0.1492573598620805,0.20617283950617274,0.2
330X671,330,1,0.7474093764846805,0.042579614696353185,0.00058725350613277,0.2091627543519769,0.9687947374284356,0.2
330X422,330,1,0.746930992821379,0.05019361968325916,0.0003662600161829195,0.1331818326606057,0.14654915264309568,0.2
330X147,330,1,0.7418992356142227,0.05873800121780457,0.0005652891701571637,0.2368970379649428,0.9515203636491171,0.2
420X87,420,1,0.7383141744930833,0.13016409189234696,0.00041771434858139223,0.14005488212767608,0.2407429568685972,0.2
311X118,311,1,0.7371069591402214,0.06788683471000782,0.0009519481955883218,0.07554722180073101,0.5858408841117809,0.2
340X124,340,1,0.7334505158578525,0.07866547560285946,0.0003541750805237429,0.10466128757336235,0.0,0.2
210X28,210,1,0.7329996178830722,0.058195539988973886,0.00030296082900540134,0.15943003214309154,0.0,0.2
520X47,520,1,0.7316862842375322,0.09199932102353543,0.000530042022390289,0.12899660967492807,0.5,0.2
330X276,330,1,0.7309950274374204,0.07878529707801366,0.000402567644941703,0.21138584523989076,0.5002424240252794,0.2
210X129,210,1,0.7306378876658866,0.07037536355875061,0.000361011236228085,0.13504261882814655,0.17043068559347657,0.2
220X223,220,1,0.7302077598708633,0.09380600397514925,0.0005148503398563926,0.06896403762548883,0.07049180327868852,0.2
420X157,420,1,0.729789835689721,0.12773831009778017,0.0003710677445724664,0.12446025025972644,0.0,0.2
330X694,330,1,0.7286007953241815,0.1047620506966765,0.0005687816075355083,0.21071994616150486,0.9118907358784328,0.2
311X58,311,1,0.7261915190026643,0.1301245926967791,0.0008836126491147528,0.19498056824404644,1.0012627968949421,0.2
360X702,360,1,0.7258319702035926,0.10248774054359705,0.00044256086485343593,0.11998346609057806,0.25829649916247716,0.2
520X52,520,1,0.7244249140236911,0.132493933829638,0.0003516348587376781,0.12420469614280734,0.0,0.2
330X157,330,1,0.7226888310782627,0.13127780539518985,0.0005533314736658716,0.23725707891596565,0.9495280220106537,0.2
330X119,330,1,0.7206556525471558,0.13819749830452766,0.0004923668038375993,0.1374002852595206,0.4220609579100147,0.2
311X31,311,1,0.7201834161253343,0.1056001765937032,0.0003248659459389234,0.14697644878959512,0.0,0.2
311X24,311,1,0.7194803209782192,0.0860866205243019,0.0005087221088908511,0.050427676347295405,0.0,0.2
330X691,330,1,0.7184566932906884,0.06015521690403507,0.0004775520822950333,0.21072757495577105,0.9112521185551923,0.2
420X86,420,1,0.7165685899885365,0.11216154646269914,0.00032019021893647315,0.13691584840648716,0.0,0.2
360X34,360,1,0.716212259959633,0.05904066480855234,0.0003754446458160047,0.1493794775857183,0.441306767620176,0.2
520X108,520,1,0.7150859763087504,0.06592523390136514,0.0002977971142505517,0.1524089230657089,0.0,0.2
360X434,360,1,0.7149770746452371,0.11993312138985202,0.000375920063626147,0.1045201967220474,0.023627106331718006,0.2
210X183,210,1,0.7143703391679125,0.07573986793961329,0.0008492973168360999,0.031190108885982958,0.012499999999999997,0.2
210X201,210,1,0.7143596606655395,0.15348880537300286,0.00035119074062727156,0.14354413791161072,0.15177944418450756,0.2
210X42,210,1,0.7137414246309165,0.08105673315165406,0.0003476685478948312,0.09992200865182313,0.006605987596484191,0.2
210X25,210,1,0.7131433080519389,0.09605756825792215,0.0003497943988562441,0.10378465066573876,0.02943763783386431,0.2
330X177,330,1,0.7131196630518399,0.08769911297678931,0.000406244114017891,0.12718196706467808,0.42982642533473275,0.2
360X1305,360,1,0.711041438699725,0.15720375395563785,0.0003632759353081858,0.11238422853518396,0.02126905352711811,0.2
520X13,520,1,0.7095646245644971,0.10150172023491977,0.0003451853309884709,0.15436412856037987,0.19,0.2
360X307,360,1,0.7084948072776429,0.1444534098902515,0.000345877653330303,0.11672766182827102,0.040035653738521644,0.2
210X27,210,1,0.7081085212074895,0.15874256262951023,0.00030928654013621,0.16220572509686254,0.0,0.2
420X138,420,1,0.7038058846006877,0.06191155466396532,0.00029311675697925375,0.13921781246084963,0.0,0.2
311X149,311,1,0.6999465036301108,0.09865123758618898,0.00043041462190777403,0.08362639104816762,0.0,0.2
520X12,520,1,0.6990064959877722,0.08495298528003219,0.00030468325508832675,0.13501146365176037,0.0,0.2
311X53,311,1,0.6984300151595242,0.09779965227998125,0.0003328923205849721,0.1135643405814986,0.06200381071656511,0.2
210X54,210,1,0.6970187179101435,0.12692312117674145,0.0003706079547690103,0.1359560026663007,0.19196650974868412,0.2
330X816,330,1,0.6964101973131538,0.10899250732288693,0.00045265992284347883,0.15873535616868284,0.6757783389307519,0.2
330X343,330,1,0.6954051186557043,0.09116320470466953,0.0005305186530562153,0.20112032690191722,0.939949633008095,0.2
520X124,520,1,0.6916927779900649,0.11968902753092871,0.0003090982216993929,0.11653541667135676,0.0,0.2
210X128,210,1,0.6865117728034902,0.10124132043500877,0.0003704782979456045,0.09079676599644763,0.0928481782901183,0.2
210X62,210,1,0.6840858006981099,0.13711874364645624,0.0003376833450768671,0.13303671940672604,0.17613846723435836,0.2
210X136,210,1,0.6813776751111807,0.13027278810489748,0.0004370668852333178,0.08755785270645347,0.07068408321238509,0.2
330X432,330,1,0.6802640025749118,0.18500589351450103,0.0003778138563741132,0.1526620248820901,0.3601205306521441,0.2
520X94,520,1,0.6800573175391669,0.18019218558213232,0.0002885418365165107,0.14956108543146301,0.0,0.2
330X803,330,1,0.678186676219297,0.13102709113718622,0.00044334730903475007,0.12712288907626582,0.5770026052378995,0.2
210X192,210,1,0.677732724565448,0.09838465066172115,0.00036151554162418617,0.08206422663636256,0.11999999999999991,0.2
330X353,330,1,0.6776495677153086,0.0799508746325626,0.000412754315704064,0.2013997191936764,0.9374986437467733,0.2
210X158,210,1,0.6759493000927741,0.19486957890437712,0.00037558686011860494,0.1435615488838358,0.3385263197440965,0.2
520X123,520,1,0.6759342758884218,0.148499788599932,0.0003108190506496011,0.1386236867626449,0.0,0.2
520X49,520,1,0.6749980894153611,0.16721546325380704,0.00033320180993410344,0.14956108543146301,0.0,0.2
750X677,750,1,0.6746259487144393,0.11645569333705795,0.00040389155730314577,0.10607830844091834,0.39565377132434065,0.2
520X37,520,1,0.6706969143112227,0.13967040583560345,0.0003688517727984105,0.12101715900199432,0.3333333333333333,0.2
330X609,330,1,0.6649071236971895,0.19596603159558976,0.00029583677278805767,0.19190179379469263,0.19637391588139216,0.2
420X194,420,1,0.6630187003592816,0.14522290837255244,0.00032159912271687426,0.10358218264633985,0.05095238095238167,0.2
750X1146,750,1,0.6615977233668525,0.16490014596850813,0.0005127653877662125,0.1311499355065407,0.8,0.2
360X403,360,1,0.6604447094278687,0.17163572175019784,0.00032914926201568843,0.1252002313814513,0.08303935065457548,0.2
420X74,420,1,0.6596218979728249,0.12629260609118312,0.0003509077435436115,0.14606004624342833,0.38939393939393907,0.2
520X79,520,1,0.6567940389759265,0.1344829635698241,0.0002724330554184766,0.14956108543146296,0.0,0.2
330X403,330,1,0.6567051403734854,0.19097524830326712,0.0005395710210535805,0.2128044585271339,0.9219592270397875,0.2
344X261,344,1,0.6556721116431486,0.14113665471364967,0.00038594646937754136,0.07810442373842397,0.11190476190477032,0.2
210X221,210,1,0.6550515857852502,0.10899069827899578,0.0004040588326685672,0.04253852206918416,0.0,0.2
520X134,520,1,0.6540924722965228,0.13559319870271125,0.0002793542977375436,0.13393947840193426,0.0,0.2
210X125,210,1,0.6540084065724111,0.16094988986724226,0.0002860317294640846,0.1316791919987736,0.0,0.2
520X176,520,1,0.6517936987451834,0.14546971979518694,0.00031989868490683187,0.1657491792172301,0.26068833342310094,0.2
750X198,750,1,0.6506837407802943,0.16124710238056433,0.0003153123157942758,0.12075675354444101,0.13186359826641675,0.2
330X956,330,1,0.6494750124436337,0.20861331931162777,0.0003416925140644699,0.12182055837458557,0.23636363636363447,0.2
344X6,344,1,0.6488836683898558,0.16302618543981987,0.00034660574408310193,0.12064564671069851,0.3249999999999993,0.2
310X119,310,1,0.6481536463192125,0.219132504421112,0.0004115354030772663,0.12314395034546159,0.5660985565486635,0.2
311X139,311,1,0.6476576232327091,0.11961131290730664,0.0007552772615916765,0.02066326418897408,0.0,0.2
520X178,520,1,0.6472037734622843,0.20269796074877758,0.00031883047649790047,0.1423356586931671,0.14586914681716295,0.2
210X102,210,1,0.6403668322506687,0.1312132739782383,0.0004248169655874269,0.03693673595195147,0.0,0.2
520X43,520,1,0.6392051967902178,0.21058585749605105,0.0002914609150918039,0.1281878431683367,0.0,0.2
210X71,210,1,0.6352902698157393,0.13254947619447885,0.0003608529256877868,0.051212472499768326,0.016666666666666743,0.2
210X131,210,1,0.6320959672982139,0.13554245385701896,0.00029265443055771794,0.134098086879617,0.1700341296928335,0.2
210X45,210,1,0.6318093189218686,0.20456817569123648,0.00030993058706816376,0.1486114851428733,0.20973979107312438,0.2
360X155,360,1,0.6260514725448006,0.19272205955481017,0.0003724219303903438,0.13059599465850222,0.4471037288141055,0.2
210X191,210,1,0.6242338555598013,0.20401268472124529,0.0002795989285226686,0.14576651304429364,0.0,0.2
520X167,520,1,0.6221933511654566,0.16292095176212795,0.000298581002614313,0.08079674500625014,0.0,0.2
520X107,520,1,0.6221716737170848,0.1465483615076071,0.0002446217592064789,0.17618089273244036,0.1,0.2
344X37,344,1,0.6215943212233392,0.15469304982300164,0.00029692549764846505,0.09530828913368886,0.04361372388524134,0.2
330X425,330,1,0.6204148418862253,0.17594164293919165,0.00028209474259642265,0.13277003230431908,0.1137847218807246,0.2
520X109,520,1,0.6198586167367214,0.21940421274007563,0.00028060010322461363,0.14956108543146288,0.0,0.2
312X286,312,1,0.61980894153611,0.15663262694176608,0.00027967709430368746,0.09941088715962065,0.0,0.2
344X16,344,1,0.6186015333947315,0.1528616676525066,0.00029200591887786184,0.14326890639576087,0.3333333333333333,0.2
340X77,340,1,0.6184333205961023,0.14204575958705146,0.00027978077312951514,0.09247773937373747,0.0,0.2
520X36,520,1,0.6166411922048146,0.26807916752112615,0.00027647332849452483,0.14762001451868617,0.0,0.2
520X59,520,1,0.6158693160106992,0.19402558933247702,0.00025620955973427534,0.14956108543146296,0.0,0.2
750X230,750,1,0.614391530618515,0.12401870632394975,0.00026129747097041134,0.1414083531422206,0.10811960416247746,0.2
360X1138,360,1,0.6143787731114836,0.15381256567010196,0.0003652450564918943,0.06909944580171587,0.13333333333332575,0.2
330X950,330,1,0.6139574381438911,0.14865953512912874,0.0002847278477010874,0.11878056550337172,0.2789090909090909,0.2
330X1177,330,1,0.6136692698617859,0.11633746590294214,0.0002769225745229335,0.11800244522996003,0.163999999999984,0.2
210X61,210,1,0.609640254907793,0.17981406841833625,0.0003312010362417319,0.085600785419004,0.06256409654378231,0.2
520X69,520,1,0.6048490638135269,0.19024599240062878,0.0002594905490001645,0.14956108543146296,0.0,0.2
330X1034,330,1,0.6039539385646263,0.13381236871221527,0.00027310726191969066,0.10548453321778686,0.1400000000000034,0.2
520X68,520,1,0.6033167749331294,0.15750652897603795,0.00024522647669145684,0.15837822077392982,0.0,0.2
750X252,750,1,0.6003383066687046,0.15108457223866664,0.00026972260345874995,0.11404808390260979,0.07543759255772388,0.2
520X111,520,1,0.5990676346962169,0.20743364910512682,0.00023733156228474,0.15011595577741751,0.0,0.2
312X520,312,1,0.5983568972105464,0.1571659860881463,0.0002771591545973258,0.10472280950598298,0.0,0.2
520X102,520,1,0.5928774388179466,0.18830513110158678,0.0003103517126364755,0.11602090951802169,0.3333333333333333,0.2
ERROR:#N/A_18,META,1,0.5870016069577695,0.13611492935332606,0.00032568149911149224,0.16705716368084203,0.42000000000000004,0.2
520X34,520,1,0.5853916698509743,0.212641166686954,0.0002452359945792463,0.14956108543146301,0.0,0.2
750X1305,750,1,0.5783686267998032,0.22219774933676756,0.00032650265564040644,0.17903584525387667,0.433333333333322,0.2
210X20,210,1,0.5768360718379824,0.25234619501452177,0.00041158442398915324,0.0675591121817842,0.0,0.2
360X1127,360,1,0.576024410793752,0.18408071992308261,0.000351956729296507,0.049796338038770226,0.03234260851816268,0.2
330X976,330,1,0.5749424639599722,0.18594777835564938,0.00025949198264250473,0.12842044679527262,0.19090909090908878,0.2
210X211,210,1,0.5727652727418874,0.22191874684808108,0.0003260256266481011,0.10434258407988298,0.029571183533447752,0.2
330X1203,330,1,0.5717630795572048,0.19131654262439035,0.0003023433056524384,0.11147322250197207,0.12499999999999556,0.2
210X188,210,1,0.5711707985174909,0.1911993946868375,0.00025068387044714223,0.13044290898796662,0.10501869394132131,0.2
210X63,210,1,0.5694717045146929,0.1945485219927736,0.0002820921359773227,0.08773980934707992,0.07062438171984779,0.2
750X1201,750,1,0.5693618647306076,0.20989046389140345,0.00030647357638216707,0.08643691599653827,0.0,0.2
520X101,520,1,0.5671303018723729,0.2128043639271713,0.00023489735434352403,0.1462387955439513,0.0,0.2
330X993,330,1,0.5667127659197109,0.24112116916045329,0.00027876241859303474,0.12148510391587512,0.25999999999999657,0.2
344X250,344,1,0.5624226213221245,0.2599229571665619,0.0003346458804680321,0.055590110427378894,0.0,0.2
520X285,520,1,0.5586139755054854,0.19918842325045985,0.0002402250321735991,0.12633831913858526,0.2,0.2
311X140,311,1,0.5567367214367596,0.18104964848628863,0.00033130306320116747,0.05309449562790316,0.0,0.2
210X23,210,1,0.5565912613731746,0.1551035510387165,0.00033654267214568753,0.035648733255485086,0.20000000000000234,0.2
312X169,312,1,0.5539854795567443,0.19437972887799118,0.0002566059720216226,0.09340144685438531,0.0,0.2
310X24,310,1,0.548612915552159,0.24237149362221574,0.0002502778448311011,0.1356139904255082,0.0,0.2
750X704,750,1,0.5471608712265953,0.2656661165053644,0.00028952134374268205,0.1610964014315906,0.0,0.2
330X1191,330,1,0.5451706310898408,0.2332686509983026,0.0002811596685197443,0.11348184956354543,0.2230769230769199,0.2
750X661,750,1,0.5352992337174426,0.1871697935315294,0.00024374500624467095,0.09760274646017328,0.10601391594397284,0.2
330X1173,330,1,0.5275495684275662,0.24359993984234996,0.0002873287190573625,0.11613201187799416,0.15923731951127879,0.2
210X30,210,1,0.5217806648834543,0.2471863768446681,0.0002114347728919775,0.15640549370118467,0.0,0.2
520X39,520,1,0.5191096675582728,0.21734460525062338,0.00023021488689921305,0.14956108543146301,0.0,0.2
344X22,344,1,0.5149792508573242,0.20698401796873464,0.00026639280771006084,0.08183322625833812,0.10125676413528417,0.2
520X119,520,1,0.5128467711119602,0.2036099165570533,0.00024537285784877747,0.07370119100382519,0.0,0.2
310X30,310,1,0.4826103195574669,0.21729912248621489,0.0002672942160066546,0.06532051889171617,0.07571190047065814,0.2
310X22,310,1,0.4376308750477646,0.23101011587106798,0.00017223403943563364,0.1328269130554119,0.0,0.2
330X1261,330,1,0.38187237294612153,0.2571472773808101,0.0001800891999746601,0.07354859922384435,0.0,0.2
400X59,400,0,0.7751596162736518,0.01222843761298854,0.000820839209917317,0.18273556822515052,0.9660883730143255,0.0
400X82,400,0,0.7739753104703937,0.023327333519415433,0.0008245418723682363,0.18052491574459056,0.9660883730143255,0.0
330X216,330,0,0.7698122129555814,0.011558652082108,0.0005916927707879691,0.22685869900164293,0.9512833981010098,0.0
210X15,210,0,0.7692675925986292,0.015102988134658957,0.0008724149218988269,0.16973254500291152,1.0,0.0
210X5,210,0,0.7690465354616947,0.026931763957147133,0.0010571789155025338,0.15661522945569678,0.9826996592208121,0.0
400X167,400,0,0.7688057683450554,0.02194259056635375,0.0008035862615632854,0.17991353150999462,0.9773990822907287,0.0
360X228,360,0,0.7581765559509757,0.04352439354138917,0.000505805204479171,0.17325799224329846,0.6834172230833759,0.0
210X6,210,0,0.7578360389488804,0.02745367386053224,0.0007514813746208459,0.16306407707880546,0.9903860694871357,0.0
210X148,210,0,0.7543535015587783,0.026092762897342796,0.0006691476456351272,0.10648860448162953,0.5162136547660824,0.0
330X588,330,0,0.7542706587849237,0.046609411544997065,0.000431682271411497,0.2181529585429784,0.6190962388985133,0.0
330X717,330,0,0.7526272242431993,0.0036546513349937676,0.0005421636877125459,0.20160877188011303,0.9679715827356891,0.0
311X54,311,0,0.7517689381609332,0.03617947182016507,0.0006325447998680702,0.18333317412471384,1.0024342126441776,0.0
311X165,311,0,0.7508345372505967,0.07402005283764768,0.0008724724593569263,0.17294323728896063,1.0018783288250446,0.0
210X1,210,0,0.7498324955519908,0.024874972204228782,0.000942656121831337,0.11975163294374862,0.9149098860702788,0.0
210X40,210,0,0.7419251859770872,0.0514419959232583,0.00039951514176391124,0.09036635867912549,0.01155737704918034,0.0
420X139,420,0,0.7409317688656514,0.03224694726970059,0.0006518505104169727,0.15980806274640394,0.841784037558685,0.0
420X199,420,0,0.740545118422135,0.030647815199236535,0.0005444839587296317,0.19244376358980098,0.9466666666666672,0.0
420X164,420,0,0.7396154802601422,0.0267310396561297,0.0006906272846553612,0.1380804419179858,0.9909374828586927,0.0
360X853,360,0,0.7370958946262928,0.052690808841479746,0.0004673528181772616,0.11345475169140726,0.41568627450980433,0.0
330X701,330,0,0.736213105780952,0.0609515523598293,0.0006050283607495478,0.19448185399756518,0.9872509440455131,0.0
520X46,520,0,0.7314810984170498,0.03221788374254498,0.0004176658406190075,0.13424236953207186,0.5333333333333333,0.0
210X8,210,0,0.7292505543061976,0.031474434684093486,0.0003717218993665163,0.11402366221939401,0.21776182621253043,0.0
330X800,330,0,0.7282643950413166,0.05447199319045705,0.0004891480146600002,0.12693659175532002,0.5810688762230974,0.0
330X1130,330,0,0.7276791235676845,0.03585679136227422,0.0004517150354448409,0.21889544259435617,0.9243958643537129,0.0
420X50,420,0,0.727461295226172,0.0451519681702877,0.0006337811834475872,0.13808502594762756,0.9909374828586927,0.0
420X8,420,0,0.7264407212141212,0.04408488301007084,0.0006434898618861506,0.1380775702865694,0.9909374828586927,0.0
750X635,750,0,0.7257794551978836,0.04470524441046177,0.000495676202524075,0.1394124443576133,0.783585519622789,0.0
210X89,210,0,0.7250556918245721,0.05405697951525017,0.00047073329643377464,0.08268717150183061,0.26111111111111135,0.0
360X318,360,0,0.7209958619417016,0.04644871204114133,0.000351401806900714,0.10262975607153288,0.08200718334233562,0.0
330X226,330,0,0.7203175937265215,0.08156056725122084,0.00048229923145478687,0.22706630148510937,0.9519887452516022,0.0
520X284,520,0,0.7187925105082156,0.10872034584797752,0.0003197381637891853,0.13161469648096943,0.0,0.0
330X105,330,0,0.7187843985775124,0.09595429862564922,0.0005096969716322301,0.22360150738941725,0.9389820449690622,0.0
330X133,330,0,0.7170626161645247,0.06776261101745362,0.00038829709787875297,0.13798960131136528,0.42308626140024097,0.0
210X35,210,0,0.716988705796268,0.043541673850571054,0.0005955631479544731,0.13962770548566455,1.0,0.0
330X633,330,0,0.7146340262146369,0.06454490848850906,0.0004628922189488987,0.20184856075144034,0.9674695342244395,0.0
750X1,750,0,0.7102516008094015,0.06044737582053947,0.00041008904240848437,0.1311066098313218,0.6222222222222217,0.0
344X60,344,0,0.7095452808559419,0.024310016471294296,0.0004985357297391174,0.04321520921337291,0.0,0.0
400X218,400,0,0.7092616493693563,0.1584160306524793,0.0007068258354565773,0.17962196641694758,0.9786258050428488,0.0
330X510,330,0,0.7082460815361605,0.04468273504676652,0.00040220328739600355,0.21301635283292653,0.9173755468329553,0.0
340X140,340,0,0.7077531327493982,0.0802865054706688,0.00033892174303157285,0.1217458987827839,0.125,0.0
210X209,210,0,0.7050650818354909,0.03516295409860983,0.000602036619652241,0.09702979335632145,0.8751283102082222,0.0
210X184,210,0,0.7050335238493947,0.11592986133245352,0.00040708202374530045,0.0899411107909677,0.17584730724614217,0.0
330X412,330,0,0.7044421441742744,0.09358743390897908,0.00037781737654142994,0.11761935023730556,0.23234594523716465,0.0
210X200,210,0,0.7031388394779137,0.13241600039457993,0.000365419166796934,0.09662820331117833,0.025830942113784706,0.0
312X51,312,0,0.7016783698727073,0.10916232706654984,0.0003600439056061505,0.09370304190221641,0.09850809889173061,0.0
360X1383,360,0,0.7012825473027252,0.11801912956279205,0.0005183109561089826,0.2129444142232229,1.0,0.0
330X61,330,0,0.7008471555158098,0.0787407567833399,0.0002888758909876531,0.14756855676082908,0.014163090128755159,0.0
330X714,330,0,0.6984725072486466,0.0745144213754522,0.00045013803645795194,0.20188200503121317,0.9675245138197228,0.0
330X616,330,0,0.696901338523302,0.1448709782186434,0.0004985669316423408,0.22387079178451116,0.9338449124021215,0.0
210X104,210,0,0.69459171010038,0.027960416835180916,0.00041752491871979426,0.062453054872358985,0.11581879085152566,0.0
420X153,420,0,0.694543370271303,0.07226483462231933,0.00031787216953599247,0.10379898283809981,0.0,0.0
210X50,210,0,0.6943128483076694,0.06881402422498453,0.00046786880041101777,0.06883559371919859,0.3142857142857143,0.0
330X810,330,0,0.693836919849423,0.05383571848090806,0.0003765803648350874,0.15874538609975905,0.6782262743805655,0.0
220X224,220,0,0.6934384970332033,0.0517961069146917,0.0003595070717813841,0.06695050976247574,0.007827237213552118,0.0
210X202,210,0,0.6932482449305145,0.07855926456772767,0.00032243839357287663,0.10388800937877041,0.02943763783386431,0.0
210X44,210,0,0.6931054065642649,0.05611358735953878,0.0003246876294859334,0.11099173502188456,0.11832635592307994,0.0
520X118,520,0,0.6918800607195681,0.08293378983110407,0.0003824859854805535,0.17177165571060282,0.769510272098205,0.0
210X181,210,0,0.6912800917080626,0.07965551313713734,0.0005914699700664758,0.032820615324424054,0.0,0.0
520X103,520,0,0.6911119602598395,0.11173969805485277,0.0002770052470309378,0.1636012846423942,0.0,0.0
360X47,360,0,0.6910705337139698,0.08689190234715836,0.0004766861048808279,0.05485071234020189,0.10714285714285716,0.0
420X116,420,0,0.6892854413450515,0.03233518283275122,0.00029797253072703515,0.10681759005767086,0.0,0.0
330X196,330,0,0.6873340854969451,0.09638369612461099,0.00039183805545269987,0.12824358844042977,0.4297693101402313,0.0
210X2,210,0,0.6869195943050637,0.05594010332168096,0.0005029992768525451,0.054518271329634826,0.2528245296061847,0.0
360X611,360,0,0.6867784970724834,0.06235087767995899,0.00037612980253285013,0.17421220311866856,0.797487922705314,0.0
210X55,210,0,0.6867021254604833,0.0898879755339461,0.0003401572100654118,0.09338578439554679,0.0911516452074396,0.0
330X167,330,0,0.6862603616408525,0.08092770646721885,0.000365609545146053,0.1287899888209123,0.43961877375306974,0.0
330X1127,330,0,0.6857594740255986,0.13232160751436683,0.00044550681996305955,0.21884189827642056,0.9260073017711339,0.0
360X1152,360,0,0.685422152989063,0.11813101494592118,0.00034866773656767305,0.1487912828379007,0.440365087172761,0.0
210X18,210,0,0.6843637753152464,0.13428793206811468,0.000411423899484714,0.07068304533221922,0.0,0.0
360X508,360,0,0.6836929198038362,0.06395053195479752,0.0003966290932278702,0.08520909175704108,0.28888888888888736,0.0
420X48,420,0,0.6809501804134394,0.05520910990843635,0.000444816551975137,0.1380804419179858,0.9909374828586927,0.0
330X1133,330,0,0.6803073207625112,0.10924395675134539,0.00041484400846401946,0.2188145763587162,0.92670188297087,0.0
330X677,330,0,0.6803053463377734,0.01594540411241817,0.0003490935057630441,0.20882537445835894,0.9682105889399214,0.0
330X704,330,0,0.6782932037655819,0.0888085816289932,0.00042498237806823266,0.1945682727096112,0.9879632463079323,0.0
330X581,330,0,0.6762222241130997,0.05818475975364164,0.00030925743569276595,0.2181423856657326,0.6191787559834288,0.0
360X1364,360,0,0.6731111542758927,0.1286591456184663,0.00036323719510647875,0.15135941890934532,0.5131331532716055,0.0
360X198,360,0,0.6728685788732718,0.057520161538836295,0.00033245651312844156,0.08813538479891747,0.10708991695320472,0.0
210X172,210,0,0.672692242148054,0.05919309017257963,0.0005571459801140147,0.052941822291995046,0.43599931200550424,0.0
330X813,330,0,0.6722445210761827,0.1074586381516198,0.0003638624082526437,0.15851145927547117,0.6733688010752189,0.0
330X296,330,0,0.6712077348222668,0.22397032359380828,0.0005298047750691713,0.2130142117099733,0.9135937294628851,0.0
210X218,210,0,0.6696025983951089,0.04738401670255512,0.0004392862075752558,0.04253852206918416,0.0,0.0
330X707,330,0,0.6692713209701614,0.0861764886807454,0.0003712923522018179,0.19415598716688984,0.985099190046786,0.0
360X185,360,0,0.66891012237477,0.05893065280275174,0.00043029297455474455,0.14073597197226118,0.9346999405822949,0.0
420X14,420,0,0.6672296522735957,0.11708572290818943,0.0007408310487376714,0.02527286084552203,0.0,0.0
210X69,210,0,0.6633537436638437,0.07075737703534206,0.00037465987878161123,0.051676884095517406,0.03484848484848502,0.0
420X193,420,0,0.6616369712210759,0.07567116930854957,0.0004614084511551376,0.03987876542671041,0.15246153846153945,0.0
311X110,311,0,0.6615666794038976,0.04387726071795761,0.0006705729324653653,0.013004108753254945,0.0,0.0
420X13,420,0,0.65859380970577,0.1203043569023105,0.00041285166592279607,0.04878396331850743,0.0,0.0
330X602,330,0,0.6581476410477727,0.09185541133088879,0.00026574461514063997,0.1918098848008253,0.19620549571580295,0.0
750X741,750,0,0.6580201582441434,0.13471025734642594,0.0003737683275252128,0.14167248270463328,0.6979098360655736,0.0
420X196,420,0,0.6573873465545712,0.07932216511897681,0.0004947104264998723,0.03865455256609686,0.18253968253968278,0.0
310X109,310,0,0.6571843634942361,0.09840315498153354,0.0003755411608712104,0.11215867324045507,0.6555761769746286,0.0
520X137,520,0,0.6569048528849828,0.11103955785296613,0.00036534521834054236,0.05207426321557266,0.0,0.0
310X168,310,0,0.6547250372557978,0.09819831583177699,0.0004293390223097427,0.13512605502679342,0.9467668242370102,0.0
330X674,330,0,0.6547137218766997,0.10032705099632026,0.00035340576197550515,0.20927237803202575,0.969597666579741,0.0
750X685,750,0,0.6538089050763768,0.10242880554955094,0.0004019708301371435,0.08379892541672342,0.4017870375178985,0.0
344X146,344,0,0.6533546887634107,0.10134392466453039,0.00042431655199908473,0.11862905886106952,0.8462921956175679,0.0
330X806,330,0,0.652825985369103,0.12434193587261147,0.00040414363982940954,0.12515867079418203,0.5916666666666669,0.0
311X199,311,0,0.6526733524337445,0.06795512002732923,0.000477217008022682,0.03554618142094537,0.1,0.0
750X337,750,0,0.6507671595872166,0.13266929127800667,0.00029705758502455553,0.1459326080490471,0.23965589339785015,0.0
750X307,750,0,0.6507407692836585,0.09616178131902259,0.00026549421892214464,0.17180696895554295,0.20163083868273782,0.0
344X139,344,0,0.6506770245691554,0.1541830729338697,0.0002946348951933793,0.11470606974385053,0.025829656109080883,0.0
344X222,344,0,0.6505549979538996,0.10716839235254333,0.00030399559567999594,0.10236301992863454,0.12677973612457066,0.0
750X885,750,0,0.6484669113180448,0.11510852727890925,0.00041553609686110945,0.1817298286271847,0.9437632135306553,0.0
440AX115,440A,0,0.6472223367581362,0.08930161360946307,0.00027229835557198454,0.12771948747526013,0.07401477832513717,0.0
210X180,210,0,0.646901031715705,0.030113403270302545,0.000493992728407751,0.01707023333465791,0.0,0.0
330X333,330,0,0.6468403837033548,0.08378358851632842,0.00032327732284346693,0.20145722911387015,0.937209705820772,0.0
210X9,210,0,0.645499523548899,0.035641077348145075,0.0004159456300411177,0.0833244074008819,0.8636363636363635,0.0
520X282,520,0,0.6453419946503629,0.19830248464443473,0.0002872757874096955,0.11091009746490063,0.0,0.0
344X262,344,0,0.6438712820955311,0.06738174904668803,0.00029290519884766,0.11181849600413507,0.2082597402597514,0.0
360X541,360,0,0.643515475735575,0.07894849405297087,0.0004365240457052485,0.035506089300292615,0.0,0.0
210X182,210,0,0.6434084829957967,0.049370845347540174,0.000534410850060731,0.01663308967682049,0.0,0.0
330X126,330,0,0.6429916480792787,0.19651679903476893,0.0003342119825270636,0.13758092403408756,0.41972069475391294,0.0
210X4,210,0,0.642954107863419,0.050101757077812,0.00038110093208499355,0.05261878905008225,0.1452471785184876,0.0
330X996,330,0,0.641920316117519,0.16055073501924688,0.0003194392912460061,0.11956813372678024,0.25999999999999657,0.0
330X697,330,0,0.6417453252301047,0.1593333674567659,0.0003651101576914857,0.21052024078487594,0.9014273990431649,0.0
344X35,344,0,0.6412993156461763,0.16383010334892859,0.00030257306234105494,0.09901995387632243,0.0330831881429252,0.0
340X8,340,0,0.6401669851291433,0.14822420289574065,0.00033341675340630176,0.08392533732270405,0.16666666666666666,0.0
210X95,210,0,0.6397271425568791,0.08528029412441804,0.0003873214567380642,0.06962390328232251,0.4000000000000048,0.0
310X113,310,0,0.639182806146702,0.1774541439275945,0.0003916820754882434,0.11607954899719382,0.6493583477607295,0.0
210X87,210,0,0.6383190707514916,0.07316878018545088,0.000385623985956658,0.07673992660959689,0.5866571538204031,0.0
520X48,520,0,0.6370653086665572,0.11324169869118215,0.00033216726616334654,0.12837712078539865,0.5,0.0
220X30,220,0,0.6363987714841992,0.06627824981015,0.00042311727610607386,0.03272090559500278,0.014888725698863708,0.0
344X263,344,0,0.636269329372542,0.09158421249920172,0.0003043459950430617,0.07459653677735724,0.02857142857143089,0.0
210X64,210,0,0.6356324129428478,0.09456443385200351,0.00027685624669995877,0.1328890511687526,0.1780821917808225,0.0
312X723,312,0,0.6355150159754317,0.06182605124592136,0.00034403533789559635,0.05761888878401168,0.15999999999999998,0.0
420X192,420,0,0.6334983940781561,0.07104965643125453,0.0004394903251174859,0.03994655306979036,0.1764550264550265,0.0
210X106,210,0,0.6333937894825157,0.06219595973021134,0.00040528599287603125,0.05961453245051115,0.3665923659713516,0.0
330X328,330,0,0.6327813554553666,0.09978605001470241,0.00038932059211012045,0.07383722749451299,0.5155769374411656,0.0
210X116,210,0,0.6326945585663754,0.15699809435902384,0.00029459970558400685,0.09431215739104573,0.07632240627165518,0.0
360X3,360,0,0.6324871584223066,0.1298283333296398,0.00029156256915913935,0.1038131419201549,0.08083475914758351,0.0
420X195,420,0,0.630794843522103,0.1509514943507368,0.000484427939785818,0.039989762382504936,0.1765567765567765,0.0
330X1189,330,0,0.630351600115941,0.2170633335231008,0.00029364383056613855,0.11252049092874235,0.2230769230769199,0.0
344X21,344,0,0.6290898299472413,0.11305224130111616,0.00032366168897922896,0.07287991193416875,0.02422669283406694,0.0
360X45,360,0,0.629015618061384,0.13174578727923877,0.00029588928905118563,0.14791142470804414,0.43090909090909424,0.0
210X222,210,0,0.6288651127244936,0.12013239538283577,0.0003792544703862985,0.04253852206918417,0.0,0.0
520X77,520,0,0.6283635325847848,0.16397315508084476,0.0003167241227321635,0.11811952732034145,0.31086981264760877,0.0
344X20,344,0,0.6274813521999351,0.21073795987082164,0.0003757701566661839,0.06571283238523165,0.0181818181818182,0.0
750X1138,750,0,0.6252350019105846,0.08671487469072678,0.0002899652801290211,0.07871061462747571,0.0,0.0
330X990,330,0,0.6251574064117353,0.1424274044411017,0.00032330170566026494,0.12044792925731403,0.25999999999999657,0.0
750X318,750,0,0.6250769331998547,0.10810252212912622,0.0002465018271210155,0.1598547525026485,0.13898446269399364,0.0
520X62,520,0,0.6248910966755827,0.1268263744141681,0.0003270752801342227,0.06698590953184769,0.0,0.0
360X69,360,0,0.6239408499936328,0.1907165649992161,0.0002686850482682054,0.11804747448276401,0.009900990099009337,0.0
310X101,310,0,0.6235850848490336,0.16327840109892244,0.0003618697181993522,0.11784727371431596,0.6222676635571645,0.0
344X56,344,0,0.6223601878576431,0.1909126453032612,0.0003893696844471838,0.0867693185842924,0.3107528083084072,0.0
344X231,344,0,0.6220703086346673,0.1195130113336085,0.00028049551847619933,0.13894912212014293,0.26666666666666666,0.0
330X970,330,0,0.6211328009668527,0.15398250298231364,0.0003044244027667766,0.1287470256402043,0.17643424536627475,0.0
340X134,340,0,0.6211249266557578,0.10871487125188306,0.00037270617831432055,0.053592733122507605,0.25,0.0
750X117,750,0,0.621058973162249,0.10789987568115328,0.0002905380574918811,0.0988106766378318,0.18110365204047998,0.0
310X103,310,0,0.6209702492561957,0.12450101429619019,0.00034453656539567195,0.11434410952526423,0.6182578862133951,0.0
220X172,220,0,0.6205334876085057,0.12743295167813573,0.00035879590271241564,0.0551628841883008,0.10398653509426754,0.0
312X155,312,0,0.6204896567213748,0.12464614525397304,0.0005008444630688723,0.08810978148549028,1.0,0.0
360X414,360,0,0.6191628525932182,0.10132335617506656,0.0002588759694679556,0.12303320338656223,0.0731827033634582,0.0
330X1,330,0,0.6188326254843524,0.1480749928204737,0.00030239797539586655,0.10535376726025489,0.16666666666666705,0.0
210X7,210,0,0.6182424010275651,0.08784137948454282,0.0004646940653781838,0.02694712128938536,0.10929784053934115,0.0
220X165,220,0,0.6181394785261801,0.0831292064321327,0.0004223525737184565,0.02533027564743856,0.02954972437147745,0.0
420X151,420,0,0.6178237346148651,0.06849801425126106,0.0005541747800747792,0.039295077053869566,0.8502347417840376,0.0
210X219,210,0,0.6170402145874627,0.08146708478210472,0.00034837097670265324,0.047972901872850596,0.09638524414882241,0.0
220X179,220,0,0.6164233855559801,0.1206838641384024,0.00039804401290801137,0.03135473228005166,0.0,0.0
ERROR:#N/A (#2),META,0,0.6159648452426442,0.07247679067966116,0.0003197016405931127,0.05315696292107739,0.0,0.0
330X953,330,0,0.6155903915485175,0.10178297320976498,0.00028704609798181825,0.11595981734760057,0.3090909090909035,0.0
220X171,220,0,0.6148103802616642,0.09532079269923813,0.0004213120969298336,0.030009115799276297,0.0233071929541114,0.0
330X49,330,0,0.6145910240302737,0.07169968977653622,0.0003034367313417727,0.12576156116037204,0.6924614691993065,0.0
340X6,340,0,0.6140108579239287,0.05547755950960383,0.00033432337378386,0.060638317405917797,0.16666666666666666,0.0
360X296,360,0,0.6132964609906466,0.14019140502343372,0.00029357364106334183,0.08878670363771163,0.0786155057935729,0.0
340X19,340,0,0.6131887891722296,0.03169731701612773,0.00028964814687754104,0.07752878177850377,0.17181372549019605,0.0
344X65,344,0,0.6129614061902942,0.20751107604595903,0.00027879169104429787,0.10636652654100032,0.0,0.0
420X21,420,0,0.6126022162781811,0.09975946180669686,0.0003392194950441428,0.0433543916280103,0.0,0.0
520X57,520,0,0.6122464657091725,0.1214114257338199,0.00030919785589129603,0.12446894801355339,0.5,0.0
520X237,520,0,0.61220481467329,0.07171642330377634,0.00024339720796897344,0.11930832130337957,0.0,0.0
420X12,420,0,0.6119831868551777,0.09511162293253118,0.00039205792289232166,0.0354554011004795,0.0,0.0
520X66,520,0,0.6119602598395109,0.1644927872653106,0.0002484216137534288,0.14023544083934197,0.0,0.0
360X477,360,0,0.6119368872405511,0.11914791231984743,0.0003127805782345158,0.0714325149949658,0.11156503963244395,0.0
360X1297,360,0,0.6119050968537747,0.056026152543662076,0.00024785372381793704,0.11502211516710878,0.005345578594603384,0.0
310X153,310,0,0.6113910956456106,0.076724281298762,0.0003336087932890283,0.06643194298066861,0.3602224506639614,0.0
440AX134,440A,0,0.6109129896029325,0.0862101028078088,0.00027919579167849553,0.10659008461596468,0.23523809523809192,0.0
360X381,360,0,0.6104520572605839,0.15812331268766228,0.0002850082999832983,0.1023953878856553,0.09377380650925708,0.0
310X105,310,0,0.6102408650228996,0.11333719433516203,0.00032918736964052516,0.11336540313996243,0.6304014509283694,0.0
344X138,344,0,0.6088880397401605,0.17303136045261996,0.0002554912094636665,0.1219375273060996,0.0,0.0
360X1321,360,0,0.6086358783456306,0.11132173226114302,0.000286381672140572,0.08498634730428423,0.0747744903353418,0.0
220X169,220,0,0.6085938038213559,0.16928030721723356,0.0003741903273769515,0.0521936474483962,0.15404194197069848,0.0
750X637,750,0,0.6085208526463222,0.12234554226452082,0.0002613400936701603,0.12859896663596176,0.24901735640671277,0.0
220X142,220,0,0.607996323466817,0.05961115757695888,0.0005090800391409925,0.00833259804346289,0.06372033738389236,0.0
310X27,310,0,0.6077862178939095,0.156415903617202,0.00034374771879091577,0.15154402907589082,0.9307776926059445,0.0
360X1356,360,0,0.6056226594045327,0.15186004060261077,0.00029190862374862774,0.1507490526690564,0.5164990697430578,0.0
420X72,420,0,0.605490576268239,0.06648446947581857,0.000319920554321767,0.05750811593772848,0.19809523809523827,0.0
420X216,420,0,0.6049424093392084,0.11323073098168353,0.0003059248227354301,0.08883369168782776,0.22651515151515406,0.0
312X153,312,0,0.6048541887938831,0.18663795791081114,0.0004795182250956845,0.08972112777233004,1.0,0.0
210X12,210,0,0.6027529078929774,0.08509873349982469,0.0004619246330147741,0.03318817267559797,0.12876513201108442,0.0
220X168,220,0,0.6026851411117174,0.043884392117165556,0.00035709442652213756,0.029953000266452368,0.02411441181280504,0.0
360X1201,360,0,0.6018119152792571,0.10310019737150528,0.0003102595051271598,0.057313809391155345,0.052380952380951876,0.0
750X100,750,0,0.6017500955292319,0.0854805961575818,0.0003868848080848731,0.024861976549303954,0.0,0.0
360X1050,360,0,0.601539151975446,0.05591688422293513,0.00034664478613645293,0.030415242158472234,0.009999999999999431,0.0
520X432,520,0,0.6014416323759957,0.12293304773106575,0.0002539715070944914,0.15184066103812424,0.27999999999999997,0.0
220X12,220,0,0.5999259845079854,0.1071293665173984,0.0003893244719985404,0.03213844415216777,0.16551587983554183,0.0
520X76,520,0,0.598102425490431,0.14132736801708715,0.0002769372593648468,0.12789227454634783,0.3887432795698923,0.0
360X582,360,0,0.5979255828702841,0.061421059588136255,0.000453170653534515,0.03362847156167324,0.5508770180148257,0.0
210X176,210,0,0.5969780630972576,0.17466682101622233,0.0002754522114086398,0.14535392812111708,0.3597472246633254,0.0
330X182,330,0,0.59674952449145,0.17400427806695695,0.000350349764989953,0.08912993943318648,0.3541877703955678,0.0
312X281,312,0,0.5966726328848361,0.09808042785631217,0.0002594168737070643,0.09275287416726127,0.05,0.0
750X348,750,0,0.5965910597280507,0.07777833102022906,0.00025811449236569454,0.12231224227202593,0.28788800507809836,0.0
330X973,330,0,0.5963434324068688,0.1251083901838537,0.00024892897359241365,0.12940228755526711,0.16666666666666824,0.0
312X124,312,0,0.5961789169234684,0.1079153033723625,0.00036392297604155533,0.034284723145247116,0.08897684498994107,0.0
311X51,311,0,0.5955134532400399,0.11250587566425976,0.00033342346645169233,0.08543673813078012,0.5719449582434288,0.0
220X197,220,0,0.5951884755843777,0.11100024003321521,0.00030650999348068607,0.06023366760128557,0.07480647935779829,0.0
210X185,210,0,0.5943037342863654,0.17772391331584708,0.00032875392858007187,0.08861976302098937,0.17867812104998637,0.0
520X82,520,0,0.5937631664854862,0.14299382426129725,0.0002902602986728151,0.11325825064645598,0.654563894523335,0.0
420X205,420,0,0.5937047498581023,0.1614025212225984,0.00025149360620282355,0.168497695622513,0.32761378523321544,0.0
520X42,520,0,0.5933123751543464,0.15600607439505879,0.0002611610713910578,0.11742803098276233,0.04056224899597964,0.0
360X401,360,0,0.59322888803974,0.0832104528606052,0.00037063888203800336,0.030587192357579583,0.0,0.0
310X179,310,0,0.5931796630392685,0.09604368369093431,0.00027490866107482485,0.15457286442452217,0.6670434949223989,0.0
520X332,520,0,0.5931328840332725,0.08041473645776996,0.00035282201907482096,0.08994709879670958,0.9372233400402414,0.0
312X90,312,0,0.592966087097474,0.09559560144916612,0.00027935514577830404,0.0972896898011268,0.26666666666666666,0.0
220X2,220,0,0.5921109996255117,0.1398634357560882,0.0004266721318150689,0.027909645258270395,0.16309188346173234,0.0
330X435,330,0,0.5920437455859162,0.17471121875588908,0.0002747593822808863,0.1517378864313402,0.3271856060701429,0.0
344X121,344,0,0.5917844860527322,0.10897016431228453,0.000342138606746505,0.04316219055956808,0.0,0.0
360X785,360,0,0.591730989682843,0.16141529652422099,0.0002586762964551735,0.09312035916240549,0.0,0.0
520X28,520,0,0.5902560183416126,0.18046406549420937,0.00021577934948994277,0.16258039865387255,0.0,0.0
330X236,330,0,0.5902267049509573,0.1497054529934659,0.00035191328405693556,0.10001619403609581,0.6168895066617373,0.0
520X21,520,0,0.5901566679403898,0.2498434218848905,0.0002373408458135977,0.14847719399666484,0.0,0.0
330X256,330,0,0.5896657067519073,0.13859742553012055,0.0003276239016247742,0.10021330833289026,0.6166419954458109,0.0
312X277,312,0,0.5896140619029422,0.13325846544654546,0.0002446585947724781,0.11051713896198948,0.0,0.0
330X355,330,0,0.5891090752768694,0.10459209740995333,0.0003249390884889073,0.09233322440650742,0.6527919627656619,0.0
750X1245,750,0,0.5885900048094637,0.17558176688670357,0.0003217480205716948,0.19118672097933614,0.9368671257709454,0.0
310X99,310,0,0.5884192571533909,0.12439823472939163,0.0002867846253177544,0.12022422820543925,0.6479310361083213,0.0
330X246,330,0,0.5878979982438289,0.21280821771673689,0.0004230775228859302,0.09984849658806325,0.6126942385847478,0.0
330X179,330,0,0.5877124805855658,0.07731904644552777,0.00028047769220730114,0.0947823693605033,0.4397958800964821,0.0
310X111,310,0,0.5862083704228996,0.05973485040698059,0.00028078800536310544,0.09857854419291867,0.4186215128217895,0.0
210X52,210,0,0.5844167944397928,0.0929857203974328,0.00031814452583392753,0.06445373605957391,0.4159810110484411,0.0
520X58,520,0,0.5841192204814674,0.20271375516367474,0.00024075078946519946,0.12898101990019833,0.0,0.0
330X43,330,0,0.5836680397646671,0.19468529481666505,0.0003492625439211609,0.1252179516951939,0.6863584182677998,0.0
310X31,310,0,0.5834896802293382,0.18920587351922943,0.00035080395991310897,0.18086590822496823,0.9576790778294239,0.0
750X1039,750,0,0.5832742869030006,0.1469407709337229,0.0003276537936618043,0.1202338237897969,1.0,0.0
344X44,344,0,0.5821903570948959,0.1548224544513394,0.00024641987624530266,0.11853517331959432,0.05581330932003117,0.0
312X716,312,0,0.5819101277898578,0.07674002478266943,0.0003078708426066638,0.05951717546507301,0.2969026251571546,0.0
360X263,360,0,0.5817085275441825,0.16139505563751722,0.0002917912329408174,0.07265887313445589,0.16200166476671912,0.0
750X595,750,0,0.5810779612759636,0.09334831021537317,0.0002735214803527352,0.10550826309627492,0.4852195061946468,0.0
220X167,220,0,0.5798312240749921,0.03205183024528569,0.00033621139285742237,0.024830417609812493,0.017856813062315346,0.0
340X185,340,0,0.5797256545685588,0.09956470259909403,0.00035909950173750054,0.02846820984243554,0.06610008083537249,0.0
520X31,520,0,0.5792164918208214,0.14350269619932554,0.0002753702875841958,0.16570658188335374,0.6,0.0
330X395,330,0,0.5789444342973649,0.1129622002352611,0.0002971305275264385,0.09454984637040321,0.47931925644736906,0.0
400X118,400,0,0.5783816028115587,0.12054174379120933,0.00030044489429570105,0.1057595113422403,0.8599999999999991,0.0
420X136,420,0,0.5782728314864348,0.1517858614827405,0.0002284645882466957,0.13107843672903974,0.0,0.0
220X55,220,0,0.5779548689516749,0.11786550779924977,0.0003260820426117685,0.08343458307387863,0.6965175718907284,0.0
750X1028,750,0,0.5778118340717767,0.12290811961690891,0.0003334037580081462,0.12104516235640847,1.0,0.0
344X145,344,0,0.5777476342289394,0.17277096471116615,0.00035095760424807773,0.13430923190533509,0.9780613556688579,0.0
310X107,310,0,0.5775982217355041,0.14869057919989012,0.0003216359427900111,0.097470900205326,0.6378277288808758,0.0
344X236,344,0,0.5773992215469479,0.02834675483273028,0.0002827609710244892,0.05885991742244358,0.13066297810240463,0.0
312X154,312,0,0.577239883128272,0.16541645291548945,0.00043609066360449984,0.08804633175123155,1.0,0.0
360X455,360,0,0.5769378845326104,0.15614857016671974,0.0002823318310405721,0.07511041061269029,0.04497528688394376,0.0
330X368,330,0,0.5768285757774623,0.10445926467615736,0.00031645831366117216,0.0812084052145216,0.614319177176847,0.0
220X28,220,0,0.5767886896288605,0.09472156803452197,0.0002910655103523649,0.05190156172423743,0.035556779830995186,0.0
340X138,340,0,0.5765631207134281,0.08989631479194346,0.0002427052754382728,0.11967973608727041,0.2,0.0
360X1313,360,0,0.576432612106934,0.1458910594835165,0.0002917344916924726,0.0582364686094153,0.12426065162908491,0.0
520X88,520,0,0.5762957432728497,0.1927434468577309,0.0002976954457853395,0.14067767458542216,0.5,0.0
312X711,312,0,0.5753287498130015,0.1651030812869002,0.0003152844382602878,0.05913030942064523,0.18527086560959835,0.0
520X283,520,0,0.5751063133165468,0.04029393910016215,0.00030614558350573377,0.1008505133005864,1.0,0.0
220X32,220,0,0.5734423679972231,0.062153682441556876,0.0004216700669811747,0.012076087317415203,0.14016487116233772,0.0
360X219,360,0,0.5732170248880512,0.14001102966980788,0.0003050801404547522,0.06727474164988478,0.2862245841953233,0.0
360X1267,360,0,0.5723759350859015,0.10803624789391404,0.00025316061954518506,0.16629060348543018,0.6968500783292122,0.0
310X29,310,0,0.5723246703972926,0.10499113379214232,0.0003120218176683237,0.10771560879308832,0.9646002726066574,0.0
330X895,330,0,0.5722344994094621,0.21486183354618696,0.00026763656805940954,0.11747024978454793,0.22909090909090465,0.0
310X115,310,0,0.5716719893318888,0.1771684444456205,0.00029657329617979413,0.1215499955228287,0.5519086460349348,0.0
210X210,210,0,0.5709118661643419,0.0810797478828197,0.00034629320519581153,0.0346584379177487,0.14229521519685454,0.0
312X770,312,0,0.5704241497898357,0.2123126982287665,0.00030037906509373024,0.05513859556893136,0.0,0.0
210X224,210,0,0.5702713030187236,0.18665734698442366,0.00034103517280984744,0.04253852206918417,0.0,0.0
312X776,312,0,0.5701105498695149,0.1053041449706059,0.0003255411518333311,0.033298316442984345,0.05636363636364089,0.0
360X1288,360,0,0.5700342830819254,0.07152005615602589,0.00040612799791689007,0.025450143533114623,0.29061565279150525,0.0
310X171,310,0,0.5695645589075002,0.10681667089108297,0.0002572098601117948,0.12774017598351217,0.5134110377755934,0.0
210X138,210,0,0.5694306457776079,0.15052283503530015,0.00030135200899054134,0.05549092152762232,0.0,0.0
310X4,310,0,0.5693524904446443,0.10375299313970084,0.0002624881260085105,0.12338004283667177,0.6158155568104272,0.0
330X315,330,0,0.5692160654394824,0.04874437628605709,0.00028576458758613506,0.06870863618079506,0.3878241665542677,0.0
340X109,340,0,0.5690719692175945,0.1398822371080286,0.0004334305866084811,0.053105055013437416,0.9124293672495689,0.0
340X41,340,0,0.5684524264424914,0.15946189588288728,0.0002814745987334108,0.06413832020165593,0.0,0.0
340X43,340,0,0.568269010317157,0.19520985381408265,0.0002724152073948961,0.07763203268042118,0.0,0.0
344X126,344,0,0.5678181123423768,0.14159102973454504,0.00027082282052133717,0.06243604127906023,0.0,0.0
750X653,750,0,0.5675606305539155,0.10108062136618699,0.0002641439892637152,0.12552794139128112,0.48078678543009873,0.0
360X392,360,0,0.5667168222795288,0.19175126416092067,0.00024380940845946823,0.11755035679692263,0.06330700691921595,0.0
330X31,330,0,0.5663707822132438,0.15253234168642282,0.00029744616009200246,0.06734870567994893,0.1001633488479738,0.0
750X58,750,0,0.5661920518871164,0.1305078761837969,0.00027539723952895465,0.06628755318048063,0.13750000000000012,0.0
400X132,400,0,0.5657623232709209,0.11275361177778394,0.00030145936440750397,0.0459689550066384,0.0,0.0
420X154,420,0,0.5657220209759245,0.10106584216188323,0.0003498293461954197,0.03523314220571871,0.06794258373205742,0.0
520X179,520,0,0.5648744253694109,0.19894713975640116,0.00025169934382251167,0.12419002541924233,0.13359763737272012,0.0
750X669,750,0,0.5646862594062853,0.16243917756380372,0.0002572596979242019,0.10274987844350725,0.23955711645629454,0.0
520X19,520,0,0.5644669468857471,0.1764310980745345,0.00021232126481885455,0.14956108543146285,0.0,0.0
420X16,420,0,0.564294994268246,0.14009061815697255,0.0003195649569375819,0.036519775736609215,0.0,0.0
312X421,312,0,0.5636377531524646,0.10736161982221794,0.0003590764834213526,0.025433522365791807,0.0,0.0
520X399,520,0,0.563515475735575,0.1690540704909331,0.00026023507521447955,0.07220664492642061,0.0,0.0
520X41,520,0,0.5633779136415743,0.21016855103929996,0.00024011200383143198,0.11928411834033333,0.0,0.0
330X897,330,0,0.5627533324302642,0.07742392175809856,0.00023290474513780685,0.11596881301739632,0.21999999999999886,0.0
520X308,520,0,0.5625296140619029,0.15441339756225325,0.0002484825877885028,0.08915386247200555,0.0,0.0
340X101,340,0,0.5614749713412304,0.19301599099122063,0.00026817188492135266,0.0716478603126861,0.0,0.0
210X96,210,0,0.561349777639006,0.1740480427871561,0.00031192260765350256,0.06041591339021295,0.1829227736139462,0.0
520X404,520,0,0.5612629376197,0.09278023437436146,0.00030711141599992184,0.05937945218548798,0.3875000000000013,0.0
360X274,360,0,0.5610218667030835,0.1421631743624885,0.00029630032452879294,0.06826216084628906,0.18611146507203088,0.0
750X621,750,0,0.56100997498313,0.1155817878897066,0.0004215079949812171,0.055550216493144164,0.9122910934345112,0.0
520X140,520,0,0.5603303223801991,0.17293195715078838,0.000285940706758511,0.1439688010457048,0.7430857142857142,0.0
312X187,312,0,0.5596560947649981,0.1369584961654362,0.0002377036717053041,0.09667137157550665,0.0,0.0
400X81,400,0,0.5596305512672479,0.11471563649410026,0.00024038172322579735,0.08781288790221173,0.029047619047618944,0.0
420X147,420,0,0.5590523500191058,0.034452567902004634,0.00024029901969067858,0.07844191052959673,0.0,0.0
344X124,344,0,0.5588765762323271,0.11965505899105644,0.0002839105592347839,0.04586749144808017,0.0,0.0
220X10,220,0,0.5588216508705761,0.14840688781685976,0.0003553749186003876,0.03845164506018398,0.28449944762971524,0.0
400X121,400,0,0.5588001528467711,0.10568823859524425,0.00025896600626532193,0.06452689963510685,0.0,0.0
330X415,330,0,0.5586879670334655,0.2051309957969936,0.0002503884192901383,0.11766229902608145,0.22029833389305592,0.0
340X108,340,0,0.5583724489919363,0.0738806325968104,0.0004673619322832012,0.03701093050845627,0.8080427483654665,0.0
360X896,360,0,0.5577067315627934,0.116155145165526,0.0003177535271518203,0.05099913849382108,0.290863453815261,0.0
330X485,330,0,0.5572500293200998,0.13354469913951947,0.000252294611337552,0.12887331054984028,0.5661968896244247,0.0
344X259,344,0,0.5561125814399319,0.1498790659753003,0.0002554166365491415,0.07597235982991032,0.04999999999999764,0.0
311X143,311,0,0.5539854795567443,0.1812508528260765,0.000398750226848971,0.018148096808960505,0.0,0.0
220X181,220,0,0.5538708444784104,0.16383561594421403,0.0003669484865570934,0.03135473228005163,0.0,0.0
360X1,360,0,0.5538708444784104,0.09824737249737618,0.0002544625279015837,0.06494752874316066,0.0,0.0
400X198,400,0,0.5538374166025477,0.132558398597824,0.0003025538018115386,0.08999618637523701,0.6200000000000304,0.0
ERROR:#N/A_24,META,0,0.5536186473060756,0.20192391092471934,0.0002618613990124546,0.07134441379490805,0.0,0.0
360X765,360,0,0.5534497714073721,0.20034664098929442,0.00023867183833583224,0.12328286204410899,0.13967796528471826,0.0
360X285,360,0,0.5532945277836359,0.09106920653884872,0.0002689080803658683,0.06777116459113809,0.14840865417895355,0.0
340X67,340,0,0.5531295376385174,0.04216194616026072,0.0002702371501559847,0.05018412299924831,0.0,0.0
220X183,220,0,0.5521436759648453,0.08776456240156788,0.0003092162718222657,0.030265052142049737,0.0,0.0
340X5,340,0,0.5513488727550631,0.1709714020265487,0.00029977297656617636,0.04970563870170052,0.0,0.0
312X717,312,0,0.5510396345964182,0.11822180493458179,0.0002931256021396956,0.05711733995422332,0.19867940665890996,0.0
330X335,330,0,0.5507217140639991,0.08136882992595723,0.00028858887301560495,0.08046492109553792,0.5059918170056552,0.0
330X1150,330,0,0.5507125555501247,0.18612159223383254,0.00030951194202115585,0.052507450492657856,0.2967230443974622,0.0
210X112,210,0,0.5505811071339017,0.10483794953269567,0.0002894433078583252,0.06676643127762213,0.4376507449265157,0.0
310X200,310,0,0.5503370870497786,0.06778579633615853,0.0002534608141863989,0.08527856468526583,0.2426455026455024,0.0
220X217,220,0,0.5500571940307444,0.10948078778139661,0.00025041818797138143,0.07115903604753054,0.041147353793698285,0.0
420X79,420,0,0.5491894975280698,0.10139771139007245,0.00025907707461710034,0.06970490343738181,0.1399999999999994,0.0
330X53,330,0,0.5490765429788939,0.1898041933689799,0.00024768835232917433,0.09792994041935275,0.0929394838073843,0.0
220X20,220,0,0.5489957887832962,0.030854101639888516,0.0004665209761312478,0.02434364171577397,1.0,0.0
520X61,520,0,0.5489510281968875,0.02193834033065375,0.00027377630801632196,0.04894097848538228,0.1,0.0
330X107,330,0,0.5489302714195117,0.15416316248602455,0.00024585694714235454,0.10239947410791901,0.13201316056066226,0.0
220X187,220,0,0.5487657623232709,0.09655475676413479,0.000368958458516335,0.009740374720569784,0.0,0.0
440AX112,440A,0,0.5481974648474812,0.1334488034073498,0.00022680634322802036,0.10297027942274287,0.028341173134619674,0.0
340X65,340,0,0.5478945357279328,0.145827556546776,0.0003032397244712718,0.033100129615955404,0.0,0.0
750X296,750,0,0.5478509193051657,0.09701994152840215,0.0002078376500562012,0.14101339011294123,0.032328807913245425,0.0
420X150,420,0,0.5477732936947933,0.05789317349026276,0.00031971222834571017,0.02020958302596783,0.03277511961722489,0.0
330X23,330,0,0.5475198537209405,0.23431025269001282,0.0002458861198333771,0.1298889719624518,0.30246204355159506,0.0
344X164,344,0,0.5474866831200911,0.04753226438891861,0.0002184100834898192,0.1013687374517442,0.008540005206819542,0.0
312X311,312,0,0.5473977837218188,0.2603214200378017,0.00035372494344737017,0.03970451213703132,0.0,0.0
750X133,750,0,0.5470340893747416,0.16804592274511454,0.00024353848641172103,0.08560024276185724,0.042317344581735764,0.0
340X29,340,0,0.5462514329384791,0.16996048844834818,0.00031858043056775165,0.03496516116221221,0.0,0.0
330X375,330,0,0.5459479036827675,0.149354644037301,0.0003106987239383811,0.08980804012179784,0.6405143905683296,0.0
344X113,344,0,0.5458922430263661,0.11458606135836344,0.0003055794606550287,0.032211868939923116,0.0,0.0
330X893,330,0,0.5457033428460661,0.17237262666747763,0.00023138075411141432,0.11731245860130643,0.23296650532429028,0.0
360X241,360,0,0.5456076609556991,0.11192289675913442,0.00031619228764034966,0.04626904359820089,0.241641547713017,0.0
210X152,210,0,0.5453607470306799,0.17683755841640011,0.0003458431664561122,0.04983591469578022,0.26207763294969183,0.0
400X13,400,0,0.5451155608207265,0.07872795887175964,0.00024423385652159687,0.07154955972460861,0.04000000000000057,0.0
210X186,210,0,0.5448444350825377,0.06289841612104824,0.00024519164886825347,0.09326745071504138,0.3296776053254977,0.0
310X154,310,0,0.5446855236174867,0.0986878620610932,0.0002632374476076896,0.07367007287764657,0.3344464786294651,0.0
330X388,330,0,0.5446156528905316,0.15458304497446207,0.00027473852452073355,0.09067641396441867,0.5118124706125281,0.0
344X174,344,0,0.5444796772926457,0.1811308125826665,0.0002279784089744365,0.13151576257644854,0.16919372791227402,0.0
340X163,340,0,0.5441860187527723,0.07819762707800412,0.00029150106813252436,0.035640286084418694,0.06632653061224489,0.0
220X174,220,0,0.5438959865420725,0.12942206219444022,0.0003629400785425651,0.01398214513508812,0.024001288001661604,0.0
310X117,310,0,0.5436188697602791,0.0927079158747186,0.00025966413600856346,0.11254621089003317,0.6874310773223664,0.0
310X11,310,0,0.5434386608316883,0.18868656000272468,0.00026861831797754955,0.1230808937954097,0.6236693004671218,0.0
340X9,340,0,0.5432151671181163,0.1393102921266254,0.00029595383020491074,0.07955722385636625,0.48717948717948795,0.0
330X102,330,0,0.5430457497847867,0.0996118876947815,0.00024241154016452896,0.1006672971939502,0.2520482181033783,0.0
312X561,312,0,0.5429340447935787,0.14994888259761646,0.0002741768044289751,0.0644037923993434,0.20116889442810054,0.0
312X580,312,0,0.5422697745510126,0.0805918907136487,0.00026530141650711234,0.053939654278186686,0.0,0.0
340X31,340,0,0.5419010265178007,0.17739768563603697,0.00035831734443990393,0.07947083378002565,1.0,0.0
400X189,400,0,0.5417424531906764,0.14539173407440245,0.0002477606359506773,0.07019741307174489,0.0,0.0
312X278,312,0,0.5414214749713413,0.18863278675324432,0.00025930574441286613,0.07265392871236581,0.0,0.0
312X7,312,0,0.5411004967520061,0.1665430878171433,0.0002514664146669925,0.07012068104140919,0.0,0.0
ERROR:#N/A_6,META,0,0.5407789664350153,0.1500114686687549,0.00023880813787196002,0.09465934027928395,0.14285714285714285,0.0
520X387,520,0,0.5406816331143188,0.05637941024701428,0.00034288379734282,0.027836124236039976,0.4775659547015053,0.0
360X436,360,0,0.5403229467438133,0.18969886449837806,0.0002739262084509462,0.08071640056142375,0.036925111885187836,0.0
340X145,340,0,0.5396025983951088,0.16406421489584647,0.0002772680822416487,0.04742532518068855,0.0,0.0
310X43,310,0,0.5394911208569666,0.12945356316095888,0.000257956114523579,0.1521456451568791,1.0,0.0
210X220,210,0,0.5391183887814243,0.14994478449985144,0.00044054715776174487,0.042006600269163086,1.0,0.0
750X896,750,0,0.5391146783507501,0.09626221421647434,0.00046666330029290076,0.008614941587600547,0.2875344180225289,0.0
330X904,330,0,0.538991211310661,0.08090375379684733,0.0002570607097144518,0.06368136677551194,0.0,0.0
750X368,750,0,0.5389257767111096,0.1733711330063136,0.00020659648568493457,0.16604124499077016,0.22006847271417343,0.0
312X87,312,0,0.53786835705508,0.1259123908777995,0.0002430389953757405,0.0924276891137612,0.26666666666666666,0.0
360X659,360,0,0.5376903843824912,0.14548456350476507,0.00033487493137612535,0.04929208484994957,0.37557681896692074,0.0
312X13,312,0,0.5375620940007642,0.12334853987665378,0.0002817330138177466,0.039857475822243006,0.0,0.0
210X115,210,0,0.5375237003676495,0.09046259324494337,0.00041643514334362066,0.0280804449085581,0.4774725274725279,0.0
312X290,312,0,0.5374856706152082,0.1395892697914944,0.000250057977081024,0.0694398605354746,0.0,0.0
400X33,400,0,0.5373451414894671,0.11810507840179231,0.00030364336023708797,0.044492508168021236,0.31217726769959125,0.0
312X220,312,0,0.5373098968284294,0.1645589745989182,0.00026944300805934525,0.060693874397103734,0.0,0.0
420X78,420,0,0.5371188383645396,0.20542057945383083,0.0002686367554490054,0.06149305682027242,0.0,0.0
360X829,360,0,0.53680550248376,0.0699766453367405,0.00024967415578808417,0.057140435497472816,0.0,0.0
360X327,360,0,0.536690299358563,0.1397494413768481,0.00028096588190076204,0.06319834610423436,0.0657489906315188,0.0
340X132,340,0,0.536676742019968,0.12651724828623007,0.0002884450967756126,0.05319878513017105,0.25,0.0
400X146,400,0,0.536499808941536,0.09081710970736877,0.0002457022060393506,0.06747655916585972,0.0,0.0
520X51,520,0,0.5364615972487581,0.11803953846996983,0.00020045340761419756,0.1372805353878705,0.0,0.0
340X81,340,0,0.536140619029423,0.11254659576233621,0.0002925477101198761,0.03828564100959975,0.0,0.0
344X137,344,0,0.5360565533053114,0.1317640360915864,0.00018920879912479263,0.170401977161723,0.0,0.0
312X710,312,0,0.5359855570146213,0.11320455419871878,0.0002855763593557324,0.05725336885389463,0.332102310231023,0.0
210X91,210,0,0.5357823237329512,0.23181485004478022,0.0003547343620501309,0.04337822731846723,0.33333333333333365,0.0
344X252,344,0,0.5349102025219716,0.14829035531225396,0.00023836503081794622,0.07239356102787334,0.0,0.0
330X159,330,0,0.5349071445645568,0.10038474723241245,0.00025204392390456226,0.11627973011091886,0.7217413122326248,0.0
360X796,360,0,0.534851249157974,0.07474360590690776,0.0003150764679544614,0.06084049029246985,1.0,0.0
520X3,520,0,0.534352311807413,0.07061425192106427,0.00025805798257456816,0.04993306432256651,0.0,0.0
210X93,210,0,0.53380206343141,0.06801034368343056,0.00023822612047132602,0.06516467164592488,0.0,0.0
330X365,330,0,0.5334549237717229,0.14533331251890252,0.00029314841008147823,0.08122625894914151,0.6885952287554418,0.0
344X209,344,0,0.5325266850772163,0.15779385805040375,0.00024893654076296344,0.07030268446380963,0.08076923076923062,0.0
311X18,311,0,0.5323788371159891,0.09543869225087488,0.0002432555757490003,0.06543261799120036,0.04418604651164311,0.0
344X123,344,0,0.5321436759648452,0.1846552356236012,0.00039573653084913255,0.023956143376812088,0.0,0.0
750X115,750,0,0.5314765431440858,0.1813372438851181,0.0002346229540843827,0.16688286749284614,0.5945687761682373,0.0
220X143,220,0,0.5309088422999618,0.18419449129706394,0.00025491173566127097,0.07749033475339409,0.06082925923586526,0.0
750X1288,750,0,0.5307200599829939,0.0680941771551164,0.0002667778584576478,0.051555988395436,0.17334989425069508,0.0
220X189,220,0,0.5307069163163929,0.14252484417936556,0.0003245999733736321,0.02413381471073945,0.0,0.0
344X264,344,0,0.5306775742776539,0.17015891147168669,0.0002287059526394052,0.11184527269788935,0.20927272727274512,0.0
220X53,220,0,0.5301872372946121,0.13009385882051722,0.0003247058862709203,0.019243290355495223,0.0,0.0
360X1105,360,0,0.5301220965570155,0.1408844672436419,0.0002794134817402079,0.0391590280372773,0.045191082802553226,0.0
340X125,340,0,0.5300878868933894,0.06091325933754047,0.00022472788449826977,0.08471230085804501,0.0,0.0
520X263,520,0,0.5300641758393828,0.09363857330176209,0.0002142030969085401,0.11766574725365224,0.16666666666666913,0.0
360X115,360,0,0.5300639645060613,0.14480852930680943,0.0002977897836096946,0.04466042117050246,0.08537111222680038,0.0
520X242,520,0,0.5294268376898149,0.15386599151530467,0.00022511130014147353,0.11668516655147765,0.175000000000001,0.0
520X321,520,0,0.52901031715705,0.11783377811969581,0.00023815596310882087,0.06548017524917649,0.0,0.0
520X295,520,0,0.5289003887794876,0.08309026184576467,0.00031836237612491565,0.062056740310194605,1.0,0.0
210X147,210,0,0.5287792399885916,0.12835448810497835,0.0003055417720857926,0.05234127265621373,0.2371168582375481,0.0
344X232,344,0,0.5285347143888863,0.0712401588835043,0.00023898991831138944,0.06783629592222085,0.055729647296609466,0.0
750X109,750,0,0.5282791624310865,0.09900105787785335,0.00021674258291757585,0.13319439100719604,0.30029802319293386,0.0
312X694,312,0,0.5281568181679702,0.15507268054545048,0.0002443403061904659,0.08911983723449557,0.12905053429983232,0.0
520X27,520,0,0.5279501345919526,0.15527038232450932,0.00022563305712403964,0.11718172063350014,0.2,0.0
520X307,520,0,0.5277111196025983,0.10424846065426582,0.00021709143997682197,0.09798344304749776,0.0,0.0
330X1187,330,0,0.527485991561336,0.21124926027254512,0.00023970005875364493,0.11280574571378674,0.2230769230769199,0.0
312X88,312,0,0.5274585520195869,0.09295668793620811,0.00024298572976765788,0.08197509781669485,0.26666666666666666,0.0
ERROR:#N/A_5,META,0,0.5270182331689715,0.17642490595978202,0.00022374022279368495,0.12226889971455938,0.1394871957662733,0.0
312X289,312,0,0.5262208635842567,0.18680261827478292,0.00023384016271995217,0.07911622319444382,0.0,0.0
210X170,210,0,0.5252009918059739,0.11062243671373347,0.000478839158900427,0.006603756572152201,0.5057744516516067,0.0
330X777,330,0,0.5251475204418644,0.19650336755431436,0.00035809925375374167,0.032916611939411734,0.35992647058823724,0.0
360X23,360,0,0.5250973687289368,0.1388038847503329,0.0002611522377745148,0.11734368941632578,0.8427294231369459,0.0
220X19,220,0,0.5245432793446996,0.05590407065981539,0.00041921953688886743,0.028324430979547472,1.0,0.0
330X338,330,0,0.5242087879990864,0.12783833944986528,0.000266481318568816,0.07990989374821374,0.5203301013039446,0.0
360X1391,360,0,0.5242032862055789,0.10031223880968645,0.00029098446753435747,0.029566003351369725,0.0,0.0
310X15,310,0,0.5239434466946886,0.1963426517067379,0.00020941969470469088,0.12269908734009638,0.0,0.0
400X160,400,0,0.5239128773404662,0.10142612182826494,0.0003204965259691065,0.014153246041995329,0.0,0.0
520X81,520,0,0.5234106362276527,0.18946221876092068,0.0002335662850989963,0.10796385467304004,0.2,0.0
312X465,312,0,0.5232403515475735,0.17821533980332677,0.0002696670717080303,0.05802384998886014,0.0,0.0
750X219,750,0,0.5223707780605458,0.1705605762668111,0.00020279947938646944,0.1391880584051092,0.09487276649427173,0.0
330X193,330,0,0.5222211884052974,0.08868856426420411,0.0003134272775256939,0.055921906434404,0.5147288333479418,0.0
330X1032,330,0,0.5221399214860891,0.1648008708602972,0.00022108059461834032,0.10508628163022793,0.19000000000000342,0.0
344X235,344,0,0.5219956186910801,0.10566203711123659,0.00023223944973507134,0.0721248440332627,0.046113121329359116,0.0
340X139,340,0,0.5219216145673792,0.07726329022858902,0.0002132589773223657,0.12021973408864639,0.2333333333333333,0.0
312X722,312,0,0.5218319459270883,0.10933061013981775,0.0003090776727970823,0.05448418067334483,0.32799999999999985,0.0
312X52,312,0,0.5216671120008132,0.1932713900750407,0.00022733106005995278,0.08293207927342956,0.03333333333333333,0.0
310X34,310,0,0.5216073229575812,0.1355750895591621,0.00030724490405383334,0.09924640273107638,0.9407888294996332,0.0
344X94,344,0,0.5215547949914952,0.08360346690261132,0.0002215729174713041,0.13079548480448086,0.5,0.0
344X34,344,0,0.5209094382881162,0.055871345210484716,0.0002646685394542533,0.03715291390428791,0.0,0.0
360X252,360,0,0.5199888380297969,0.18801707691908925,0.0002472188473909346,0.08901625289321197,0.1260351156867557,0.0
310X33,310,0,0.5196087646496669,0.15591550595789244,0.00027568495915120974,0.083892801002072,0.7890088343906199,0.0
400X78,400,0,0.5195756860158842,0.15789770388432856,0.0002257443187338991,0.08460082415439547,0.050526315789473954,0.0
330X385,330,0,0.5194346150564335,0.16130709369891708,0.00027304267061994486,0.09195390112176186,0.6139867790355975,0.0
750X645,750,0,0.5191789982231717,0.13341629367526947,0.00024087798119310088,0.12014004377622037,0.5580622993584363,0.0
420X81,420,0,0.5185861673672143,0.029363014440447296,0.00025035351075692783,0.046445084168972514,0.0,0.0
400X205,400,0,0.5185832353235611,0.13831274305093197,0.00024374190803698494,0.08276766583894915,0.30343915343915345,0.0
330X26,330,0,0.5182438179221821,0.13488769511269172,0.0002187733433163457,0.129876275668881,0.28591430129455775,0.0
360X80,360,0,0.5181490121635945,0.15578781798021635,0.00020114704300197602,0.11874488914152317,0.009900990099009337,0.0
340X18,340,0,0.5178552197461654,0.15942062714969374,0.0002480017799519252,0.07111894838935155,0.056363636363635686,0.0
360X1006,360,0,0.5177745857696989,0.19815195734605429,0.0003519123610817144,0.024849001531462224,0.12173913043478153,0.0
312X555,312,0,0.5171036680125326,0.22221272913216478,0.000305408478345141,0.06111961229158884,0.172485178307972,0.0
520X63,520,0,0.5166373710355369,0.07429172990032604,0.0003169651457844627,0.014940726994279114,0.0,0.0
520X333,520,0,0.5166297286969812,0.14355461027112937,0.00018981956543379067,0.14301915255200104,0.0,0.0
400X14,400,0,0.5161472979348324,0.1720049105963281,0.00022613966041971556,0.08380938264392657,0.03333333333333254,0.0
330X475,330,0,0.5160582718007696,0.15521284367198376,0.00021813649683798098,0.13505581016578264,0.5941003736859186,0.0
360X669,360,0,0.5159404865623727,0.09645579001551617,0.0003019009651629537,0.046463510842336846,0.4391666028227263,0.0
330X358,330,0,0.5159337598934141,0.1899505915722287,0.00028492529523572454,0.09046759591151321,0.6269112421842117,0.0
340X186,340,0,0.5149376309687335,0.10502456781609902,0.0002980581928651667,0.030571057130684327,0.06170431370846008,0.0
360X335,360,0,0.5147187114629962,0.1429786504273506,0.0002622554098513307,0.05784044083772211,0.07728047043752626,0.0
312X280,312,0,0.5145815819640809,0.2027167047430134,0.00023915416141261848,0.06859986061148812,0.0,0.0
330X325,330,0,0.5144137214032853,0.10657042429017442,0.00025350807512823463,0.07395462845691035,0.47915321005362,0.0
520X400,520,0,0.514003912036305,0.09477648098752482,0.0002057581505041875,0.12295093899068874,0.20240198575472199,0.0
312X115,312,0,0.5137701189242776,0.12013691522683348,0.0003001762704416216,0.0237981554434214,0.11375576513071133,0.0
520X71,520,0,0.5137409247229652,0.17801598516957218,0.0002060261240390755,0.1146724967513227,0.0,0.0
220X170,220,0,0.5137175722697016,0.1482637705506132,0.0003129791609423025,0.029523661327590878,0.17507974335472082,0.0
520X78,520,0,0.5134613937822422,0.11017526007040838,0.00025050856079391747,0.07748029170730736,0.5,0.0
312X303,312,0,0.5129690485288498,0.22264928488676392,0.00026555536911188987,0.06046782703073842,0.0,0.0
420X217,420,0,0.5126429465173084,0.161715074941001,0.0002687198527769324,0.07586623835472164,0.39999999999998226,0.0
400X188,400,0,0.5126175009552922,0.15907050256677405,0.0002487546200569951,0.07019741307174486,0.0,0.0
330X1147,330,0,0.5125915104167187,0.1526806704763247,0.0002713343298179695,0.052335601646531685,0.29628280110017663,0.0
344X51,344,0,0.511880015284677,0.2908370716817307,0.000324500710654017,0.028643886544467128,0.0,0.0
750X434,750,0,0.5116166359486046,0.08188151797253508,0.0002418006612245701,0.08526409445681787,0.5362164948453614,0.0
420X123,420,0,0.5114972068477524,0.17131417538195698,0.00028799887696320033,0.0864101820499218,0.8,0.0
340X173,340,0,0.511439369663068,0.14939272697343367,0.0003244719930107308,0.03446727611337432,0.2362709966405375,0.0
360X58,360,0,0.511403740229135,0.16809712632427598,0.0002189917993645982,0.10207516689290916,0.08999999999999991,0.0
220X5,220,0,0.5108779415828347,0.08577504531275673,0.00034477072549255974,0.015345374314164956,0.37748507784151547,0.0
520X406,520,0,0.5105907714467066,0.11340468740072825,0.0002527237834738657,0.06799717781261935,0.4129032258064518,0.0
330X890,330,0,0.5104139654016508,0.07549424504681114,0.000230493275265766,0.07128407064564737,0.06666666666666667,0.0
310X28,310,0,0.5100581451537378,0.1104434847286079,0.00023884027930997194,0.13323690210514955,0.9048121631255874,0.0
310X23,310,0,0.509980894153611,0.20073297332618723,0.00022632005290297046,0.07995295278352849,0.0,0.0
210X85,210,0,0.5099490383045447,0.09953120429920043,0.000341666238370365,0.029502993541428373,0.583212848854105,0.0
520X241,520,0,0.5097484472127393,0.10273230240764404,0.00022511178709123947,0.06837975705992985,0.008849045691151095,0.0
420X211,420,0,0.5094638261133826,0.09803386982601983,0.00023891593584605253,0.06000806334648384,0.06172161172160835,0.0
340X165,340,0,0.5093957427691764,0.15329750705776127,0.00028271732371540966,0.0360747129410602,0.125,0.0
330X81,330,0,0.5093115531373151,0.10923607975347877,0.0002688801412693266,0.04261024611396222,0.1675879664808746,0.0
420X75,420,0,0.5091790559988185,0.0653526052135816,0.000251294638285893,0.06824968398176588,0.40402330743618153,0.0
330X1153,330,0,0.5091273331258153,0.14760091236248118,0.00027144490500934787,0.05206453826074745,0.2965116279069761,0.0
330X91,330,0,0.5090538940330889,0.13499847077610783,0.000325272979392339,0.02009399642348656,0.3,0.0
330X345,330,0,0.5088634191881612,0.15695158864268957,0.0002751889688177334,0.07718249663272954,0.6381938322972452,0.0
330X442,330,0,0.5087250963878618,0.16352872237748536,0.00021318202847700663,0.16044073277812385,0.5603704225759678,0.0
360X1072,360,0,0.5085660447719869,0.1161985195266632,0.0003275095518750526,0.015119650235263345,0.051578947368421016,0.0
312X777,312,0,0.5082912228392507,0.1799647958812416,0.0002896042294252147,0.029928749094538853,0.06818181818182242,0.0
330X560,330,0,0.5081855878333378,0.12351861129568238,0.00029346576888927497,0.055316298568960386,0.6135038748252054,0.0
312X58,312,0,0.5080925059767444,0.1625352996976244,0.0002173405948762242,0.08553597503709236,0.05818181818181818,0.0
340X126,340,0,0.5078868933893771,0.19046230183912272,0.00021249081201536358,0.08622333061190537,0.0,0.0
520X309,520,0,0.5078104700038212,0.15114637759093374,0.0002258563796042943,0.09083361269118294,0.0,0.0
520X114,520,0,0.5076767290790982,0.11765643645650521,0.00018358190140181223,0.14956108543146288,0.0,0.0
344X199,344,0,0.5076652655712648,0.1795547939223429,0.0002574422883610325,0.049979161483337975,0.0,0.0
520X403,520,0,0.5073727563958987,0.068089370238166,0.0002609656893120967,0.054220211127639126,0.35783076203833625,0.0
360X131,360,0,0.5071031889289591,0.1612877300013902,0.000271681272470693,0.05510713234448024,0.24128000776311714,0.0
330X313,330,0,0.5068621294183153,0.15580688361569697,0.0002616678209505977,0.05869424225855278,0.30967741935483734,0.0
210X48,210,0,0.5068601471903009,0.12162448889761686,0.00026447168158247043,0.0697222384550519,0.4500000000000018,0.0
750X125,750,0,0.5067215757111245,0.13783008834793356,0.00022348094421162742,0.0949121045262106,0.09284172105551042,0.0
312X120,312,0,0.5067144799407284,0.09887413102764052,0.00028826846796578033,0.02652415969757299,0.05759743540879865,0.0
312X117,312,0,0.5067019915388453,0.15463272673849035,0.00030447389703874345,0.024884465332917764,0.10086890117937367,0.0
210X230,210,0,0.5063841560472027,0.12154852293948151,0.0003748083977723704,0.03348604215441052,0.9355555555555556,0.0
340X192,340,0,0.5061058944355448,0.20974933276863397,0.0003346286717387858,0.08126217669741444,1.0,0.0
210X70,210,0,0.5059756084196086,0.20054642541441323,0.0002657822282136861,0.06787018016919164,0.26080011942080944,0.0
340X187,340,0,0.5058674497970745,0.09808851933060031,0.00029555439827319655,0.02730973518832127,0.07151151722825015,0.0
330X774,330,0,0.5056906124104772,0.1825450502307972,0.0003344739967741923,0.03130119334610537,0.41638071895425155,0.0
360X1028,360,0,0.5052485627109239,0.12092042415203143,0.00021903358689470513,0.08874121031526394,0.14481807929724694,0.0
750X763,750,0,0.5051943694998322,0.12210669763450407,0.00024150848247301166,0.05919416164714199,0.13648648648648648,0.0
420X28,420,0,0.5051766056686987,0.08616908279477911,0.00025020342915786105,0.07117968271838362,0.544206043006979,0.0
330X341,330,0,0.505162571765473,0.07523951518443067,0.0002813356320945752,0.04674099954891553,0.5126797532509719,0.0
330X482,330,0,0.5050983812622379,0.17675506674070166,0.0002521685091954279,0.1123668426100898,0.6075973486372048,0.0
330X902,330,0,0.5049522353840274,0.10871730454190616,0.00023240144832519682,0.06280799781455625,0.0,0.0
330X278,330,0,0.504735157588631,0.1110650405193501,0.0002893846759972064,0.024240284530428754,0.07364357857188486,0.0
210X101,210,0,0.5044096293465801,0.2767824323469771,0.00026663404926036274,0.053572356993279044,0.0,0.0
312X219,312,0,0.5040962934658004,0.11266331053331832,0.00026223137374265155,0.03522992858351725,0.0,0.0
400X124,400,0,0.503553687428353,0.07441659721381766,0.00021389546401740035,0.07725534322110651,0.0,0.0
312X292,312,0,0.5035154757355751,0.13725784189984994,0.0002464392068680406,0.05157276577394201,0.0,0.0
520X239,520,0,0.5027027498805056,0.10820838229883446,0.0002012457677560899,0.11131315392389858,0.09335699971371311,0.0
330X472,330,0,0.5022011396110038,0.20974895045766812,0.00022838460591423221,0.12071883216419148,0.542875908290658,0.0
330X445,330,0,0.5022000340334014,0.060434005989486124,0.0002036204167605459,0.16623409553349866,0.6641570867647127,0.0
310X173,310,0,0.5017102265101834,0.15961965629448338,0.00029462507991313125,0.09063471031135885,1.0,0.0
340X189,340,0,0.5014440605898514,0.14136880166737043,0.00026907108501657463,0.051672010637485576,0.11666666666666173,0.0
210X146,210,0,0.5009107700945973,0.1764529281994486,0.0002550361489242679,0.047922200806402124,0.008333333333333371,0.0
344X36,344,0,0.5008003004845283,0.11289129756180837,0.00024729591958091106,0.04923700971100674,0.025581395348837094,0.0
400X73,400,0,0.5007514044689908,0.08595528566434293,0.00021230431015046162,0.08388762689483653,0.05555555555555582,0.0
440AX131,440A,0,0.5004960335724865,0.13094823795217744,0.00021028528062535195,0.09246837551919787,0.03833333333334258,0.0
220X166,220,0,0.5002516408000992,0.20389873686122606,0.00030032779066234346,0.03555389748361444,0.0035011294603909367,0.0
520X238,520,0,0.5000747559206583,0.1301626622519184,0.00021466994903882787,0.08703236231366654,0.062499999999999944,0.0
312X293,312,0,0.499935576579853,0.08509426537114778,0.0002241577975187937,0.07996071513590529,0.2,0.0
750X508,750,0,0.49965294977195934,0.11005415388610681,0.00035255739506127805,0.034165556701018215,0.9657022332506205,0.0
312X792,312,0,0.499597052742679,0.18602243582659192,0.00028543578288004314,0.029168367285818952,0.034781519649941056,0.0
312X283,312,0,0.49885364921666026,0.17306085572758712,0.00022173333302164333,0.07976489182041384,0.0,0.0
330X1042,330,0,0.4985322389028977,0.12090174627425207,0.00023363907002790487,0.06712034811836283,0.10527914789252728,0.0
330X1030,330,0,0.4983488884718663,0.20517874362894084,0.0002099953409343762,0.10488839359348864,0.15649999999999978,0.0
312X361,312,0,0.49780664883454334,0.1327882181278524,0.0002325070653985943,0.06813191587787623,0.0,0.0
340X190,340,0,0.4975391938386623,0.18719450759393888,0.0002491406141916975,0.05782160963835795,0.1588235294117621,0.0
520X326,520,0,0.4974732754317911,0.16476618149858363,0.0002641706628746227,0.08856985553505463,0.8966873530338658,0.0
750X261,750,0,0.4973381481982383,0.15503497702594102,0.00020984126437894715,0.12721829271234736,0.3763823601336844,0.0
750X510,750,0,0.497160842697129,0.18299870152630474,0.0002419199224944611,0.06853074564092951,0.12366095354285984,0.0
420X80,420,0,0.4971570500573176,0.13476762579484233,0.000249758834724481,0.043639626499887126,0.0,0.0
ERROR:#N/A_15,META,0,0.497049631747681,0.17545625749301125,0.00024706317250084705,0.08265825383898702,0.4326426472265448,0.0
330X398,330,0,0.49679557999044094,0.27584641560620554,0.0002516892669891825,0.09339137569026983,0.3595030470963875,0.0
300X1,300,0,0.4967204424235233,0.10180243352417827,0.00033971725057373506,0.043318074836147434,0.9750055731396461,0.0
400X212,400,0,0.49650900325437897,0.11287528531490132,0.00027291815090536647,0.044333998949017496,0.33999999999999986,0.0
310X167,310,0,0.4963150644838617,0.1256749563767764,0.0002558570106090728,0.09603820915007454,0.9984575234682349,0.0
220X31,220,0,0.49625053797975127,0.10621327734882159,0.00035250701090128536,0.027743276730710687,0.6345323316477494,0.0
420X32,420,0,0.4955793119140687,0.12328005092810296,0.00025772381223045424,0.044740197393170936,0.14096306658731522,0.0
340X83,340,0,0.4955426424734963,0.10759395430548707,0.00028226029924136823,0.04118734208110182,0.3333333333333333,0.0
340X133,340,0,0.495246465418418,0.08941795586540427,0.00030864456926155495,0.014050534492991904,0.0,0.0
750X3,750,0,0.49519735104013984,0.11982913176105106,0.00025926281569694024,0.07761919851151046,0.809265602483095,0.0
312X28,312,0,0.4951700420328621,0.14737177074873667,0.00020731835001428265,0.08012953068112641,0.0,0.0
400X34,400,0,0.4950706916316392,0.2539857749343145,0.00024656378225732065,0.06536780411057783,0.0,0.0
312X778,312,0,0.49501100415302457,0.07811707466424304,0.0002778449800097554,0.026234580316436617,0.03980343980344313,0.0
420X77,420,0,0.49430645777607946,0.16429639329584544,0.00024547688694317993,0.04738513715821781,0.0,0.0
440AX133,440A,0,0.4940199299895703,0.12861875951091223,0.00022414388550499927,0.07120107973452097,0.021111111111116194,0.0
750X987,750,0,0.49401780764080083,0.0707266455463023,0.00024475907074689884,0.10067271158715482,1.0,0.0
310X172,310,0,0.4940049548106097,0.1707190420860301,0.0002743154354049027,0.09542047309641304,1.0,0.0
312X114,312,0,0.49397825771464576,0.0768227762959607,0.00027157737807799627,0.02579227479994416,0.0594644497818923,0.0
330X142,330,0,0.49328112056770196,0.12605102227482318,0.0002906357570180276,0.03837162316657602,0.36389171596599734,0.0
210X114,210,0,0.4930298808802108,0.12915708289945269,0.0003856360924491085,0.008877539468697604,0.3650232483565819,0.0
344X64,344,0,0.49293816990474715,0.06984203194044213,0.0003949620874071638,0.01903668695876131,1.0,0.0
312X643,312,0,0.49283214157479965,0.17386130736063374,0.0002583012254927241,0.053639341330281566,0.21988203572632284,0.0
400X209,400,0,0.4925070844689884,0.12458949265823499,0.0002879748451440611,0.03966500591154591,0.370789473684213,0.0
210X228,210,0,0.4923196363570736,0.15293504781023703,0.00028770167899328967,0.03767507701680247,0.338095238095238,0.0
360X584,360,0,0.49229498111620007,0.12348748214997067,0.0002328828288217295,0.08153307082431445,0.4123219995023068,0.0
310X9,310,0,0.49196314147561643,0.14510190814839474,0.00025921336239293033,0.05599107716268671,0.3360065427391759,0.0
750X335,750,0,0.49181477018926845,0.14939188052484542,0.00023505953365086574,0.07492811853661424,0.3039529770718349,0.0
344X151,344,0,0.49156285823461976,0.12515798086071434,0.00020255890493058853,0.09071904837053688,0.0,0.0
330X564,330,0,0.4913702596533772,0.1224057033917549,0.0003003115645490856,0.021897471716227905,0.13446370799768087,0.0
312X123,312,0,0.49125042849109757,0.1444384081778834,0.0002892562139590792,0.025872032676937506,0.07623108352943679,0.0
312X308,312,0,0.49110431792128384,0.1365539588521332,0.00024132691565339326,0.04582242260372104,0.0,0.0
312X379,312,0,0.4909667558272831,0.1075409986677586,0.00026550809865892214,0.027687941194650362,0.0,0.0
344X201,344,0,0.49070691631639274,0.27040661514601905,0.00034873182199703106,0.00887834811576261,0.0,0.0
ERROR:#N/A (#3),META,0,0.4906763469621704,0.2408771248576147,0.00026365613989792335,0.06652307599451028,0.0,0.0
330X452,330,0,0.4906286739616011,0.06772482658276575,0.00020205897479429964,0.1278698554178094,0.4199920173341282,0.0
330X583,330,0,0.4905864533942461,0.10533466906415516,0.0002969390439819319,0.03112452343731694,0.4219643233429079,0.0
400X115,400,0,0.490569354222392,0.14104331115393975,0.00019184422057323442,0.10855967052781093,0.0,0.0
330X21,330,0,0.4903488111999367,0.14306954726098356,0.00025361037457591605,0.06783505609468218,0.5132092239331952,0.0
210X229,210,0,0.4899018857813532,0.06723122618442597,0.00040446989921237434,0.01979482812144778,0.9333333333333332,0.0
520X240,520,0,0.48968284294994263,0.17695159338774086,0.00021531125138449318,0.07224871417931003,0.0,0.0
750X605,750,0,0.48964580522237283,0.1146947830291701,0.00026623940993928416,0.07242705962102064,0.8796209120968165,0.0
400X136,400,0,0.4894230034390524,0.0685586797345338,0.00023499521864251668,0.04765553058587622,0.0,0.0
330X288,330,0,0.48922684289033425,0.18222846492224193,0.00026411512850046606,0.040403099615258634,0.17398979706503098,0.0
420X121,420,0,0.4890332441727169,0.1682232354450448,0.00023713452793687004,0.05731272516022814,0.0,0.0
520X388,520,0,0.48895251723552596,0.04863128680329097,0.00030601186371304,0.026135434584231242,0.439348562796016,0.0
520X331,520,0,0.48873519296904855,0.1375924408211482,0.0001681579370511938,0.14729321603377693,0.0,0.0
330X1205,330,0,0.4884881886881991,0.12409136940595052,0.00019725587322759258,0.11329949979147631,0.1333333333333186,0.0
360X987,360,0,0.4879932052699164,0.23395434197362494,0.00030693877615793884,0.02585987298936885,0.048318383338487404,0.0
344X234,344,0,0.48785395524109443,0.061810883479117645,0.00024022581161985772,0.055628397817039044,0.15506374315013374,0.0
210X175,210,0,0.48766430053854737,0.14967652986188815,0.00027952059129397825,0.0483611772685291,0.3685988354004393,0.0
520X296,520,0,0.48756527216560547,0.12460131955199974,0.00023837804620568752,0.07536766273434867,0.5,0.0
400X96,400,0,0.48750791706589236,0.16486187790654958,0.0002250026686830078,0.07173800329331652,0.0712500000000001,0.0
330X71,330,0,0.4874409838787395,0.15194542365857996,0.00026084594210557297,0.043616330007275154,0.13151515151515486,0.0
750X565,750,0,0.4871859413254106,0.18417867461271872,0.0002142090389350878,0.10289777304703884,0.2876892560783155,0.0
400X32,400,0,0.4870850729118644,0.14773357206381768,0.00032013519790071994,0.01964753451867087,0.27537542640772517,0.0
400X90,400,0,0.487025901985265,0.18873150044449477,0.00024565717607129674,0.05384718734107228,0.13333333333333333,0.0
360X637,360,0,0.48699869449301314,0.14114354036547488,0.00022844024454148228,0.06643687992489027,0.07502664276558176,0.0
344X90,344,0,0.4867711119602598,0.14521875218493663,0.00024960019762166355,0.039667830736456584,0.0,0.0
750X241,750,0,0.48665152485429475,0.12063953101515956,0.00019161173677007513,0.1116748961358935,0.0788926478190004,0.0
330X378,330,0,0.486386498991599,0.13975795394225743,0.00025638690303565195,0.08866753734883934,0.5278208454548251,0.0
312X166,312,0,0.48632021398547953,0.11813413500053296,0.00022824491639543667,0.05406708866244422,0.0,0.0
750X499,750,0,0.4859658452841873,0.12476281319836428,0.00024395449875176545,0.047157780892204494,0.08922970117644577,0.0
330X1093,330,0,0.48584570199261845,0.12471598524809242,0.0002880719914376959,0.02958731840601877,0.36842105263157876,0.0
750X629,750,0,0.485652451994944,0.09434249748771013,0.0002565012836769099,0.06583131792390408,0.7262256101794764,0.0
220X190,220,0,0.48559500489168556,0.0829963298442598,0.0003055557139500635,0.015073089810453095,0.09724206746381867,0.0
440AX136,440A,0,0.48558119052492177,0.18318294644555558,0.00022085680979843457,0.07609661494597493,0.05310715375563728,0.0
344X99,344,0,0.48520443255636214,0.16175398029287857,0.00018216372178264371,0.13839418260269024,0.0,0.0
330X111,330,0,0.4851431315662838,0.16399453528529942,0.00024258055687883823,0.04839502738387734,0.07900011499751862,0.0
750X80,750,0,0.48505158578525026,0.20355115598659734,0.00018123694610911557,0.12012145818752493,0.0,0.0
312X682,312,0,0.48495208305690374,0.1065897867032883,0.00022475111116481943,0.07838905882295062,0.23461538461538461,0.0
330X109,330,0,0.4848248855953786,0.07759259138918974,0.0002092783936170878,0.10052660356014523,0.24757689988676593,0.0
220X14,220,0,0.4847841039358044,0.10118315694563196,0.0002873653471770855,0.018597536548816733,0.0,0.0
360X1337,360,0,0.4846322115880559,0.12153766607423808,0.00021586388269776444,0.07257439174156465,0.04325641025640682,0.0
520X407,520,0,0.48442616038931136,0.10193431781950966,0.0002499076482200964,0.05365207270968468,0.35456013745704584,0.0
330X465,330,0,0.48393153558097995,0.13946783369161403,0.0001997552176212853,0.14464125259466315,0.5536561069176383,0.0
340X4,340,0,0.4837793987825917,0.06952477003209519,0.00023130327295208488,0.0728049960481161,0.3333333333333333,0.0
340X27,340,0,0.48377531524646533,0.0968277418674703,0.0002655072093222281,0.026591771399660336,0.0,0.0
750X1383,750,0,0.48368413216714423,0.1545433867081164,0.00025582790622254967,0.08877195646725777,1.0,0.0
360X187,360,0,0.4834988035974406,0.054842198264653114,0.00023497906750276744,0.060280031134658,0.1954303058783699,0.0
344X74,344,0,0.48326655706836785,0.21737442473323437,0.0004039080849255608,0.03516464459688657,0.5385959662457431,0.0
312X741,312,0,0.48289368150941636,0.1113247751313528,0.0002519143836658819,0.05377636271930027,0.4133201359947353,0.0
344X95,344,0,0.4828427547527133,0.06750119877803407,0.00021501145725148028,0.09784490878284063,0.4965207770150374,0.0
344X43,344,0,0.4828325615432109,0.18094458892278495,0.00021207970781763095,0.09778904568868038,0.1733333333333279,0.0
312X436,312,0,0.4826901031715705,0.1689554831652095,0.0002108186640157935,0.08714547576353851,0.0,0.0
330X135,330,0,0.4822899127557455,0.0634878644800892,0.00026153083093180963,0.04256503453945553,0.30231465760221254,0.0
520X411,520,0,0.48223848715434264,0.12304825811342786,0.0003127588638093372,0.012435206118195801,0.09818181818181647,0.0
344X49,344,0,0.4822162781811234,0.10568683009794441,0.00019937910707899207,0.08568688644604354,0.0,0.0
340X121,340,0,0.48210164310278947,0.21542221053422492,0.00023545601326314692,0.060506933296114576,0.0,0.0
400X120,400,0,0.48202521971723344,0.1415856935186812,0.00021044321799333702,0.07449406278108808,0.0,0.0
340X161,340,0,0.48194394504073285,0.14079315585205307,0.0002612793943311817,0.03411950680863076,0.13265306122448978,0.0
330X611,330,0,0.4818674882947208,0.0931611674881859,0.00021876553788151656,0.07603496839305292,0.06821524845354272,0.0
330X620,330,0,0.4818303674320166,0.11233177091551577,0.00021569479017279034,0.08071683164240587,0.22004001930930298,0.0
420X152,420,0,0.48181971687971625,0.09640844824715276,0.0003423230506216247,0.016195404812244588,0.5290140845070422,0.0
750X659,750,0,0.4813982811399312,0.1746219784528707,0.0002489332383706137,0.08631510572955466,0.6092307692307689,0.0
310X8,310,0,0.4807042741458035,0.11441493252841835,0.0002610206368476516,0.04434875917375245,0.2241789625833312,0.0
440AX148,440A,0,0.4806678723778709,0.09804417664551256,0.00022145349518555292,0.07787620502498689,0.30946547402991625,0.0
520X264,520,0,0.48037844561795584,0.078187768605373,0.00021332954687439278,0.07758739710354774,0.19333333333333266,0.0
340X2,340,0,0.479972377014043,0.186824951234228,0.00023396636499770554,0.08374758727665829,0.41176470588235226,0.0
310X170,310,0,0.4795635548158145,0.1670331472719192,0.00027452572663854585,0.09093345162732938,0.9040548098434007,0.0
220X192,220,0,0.4792645568876831,0.13541097792252896,0.0002558464226442314,0.04839823065663461,0.016670660978766214,0.0
344X81,344,0,0.4790636490473644,0.11129987659126583,0.00032161322884599185,0.043045222817940446,0.7159825730894381,0.0
312X284,312,0,0.47897157121856776,0.1768158683842931,0.00024314850354281275,0.06542201721618286,0.3,0.0
344X253,344,0,0.4788689338937715,0.09210020367294358,0.0002221409196543522,0.05588111902608857,0.0,0.0
312X27,312,0,0.4787695834925487,0.15656584135987708,0.00020796978827987916,0.0740088260322421,0.0,0.0
311X145,311,0,0.47873137179977066,0.25954915839426745,0.00030427721693298686,0.041232624323598754,0.0,0.0
330X1221,330,0,0.47867491271084006,0.0766741366067973,0.0002308260179481925,0.059024784610333156,0.1649102564102572,0.0
750X1164,750,0,0.47849445930454715,0.15099458440855879,0.0002820828061880329,0.02836502379810742,0.0,0.0
360X1017,360,0,0.4781054614228009,0.0666013405223757,0.00020624732552977952,0.08404862479304698,0.08127436483398356,0.0
312X119,312,0,0.4780260843073627,0.08496886035500699,0.0002696158631425217,0.026776884400098032,0.05354558657247995,0.0
400X111,400,0,0.4776308750477646,0.14384931087082442,0.00018662453394279024,0.10653538116831354,0.0,0.0
330X500,330,0,0.4775313882432126,0.07801029216116268,0.00027674473109224,0.043065027359436625,0.5,0.0
344X239,344,0,0.47737721464789545,0.15628911849893648,0.00022748540211468623,0.06546585563747297,0.12312134931867547,0.0
344X69,344,0,0.4772946121513183,0.18625611922512017,0.00026792418487646944,0.03250561300233096,0.0,0.0
400X85,400,0,0.4772880559000997,0.13251731301565997,0.00023844385548516377,0.051747839813843434,0.14742607526881293,0.0
330X468,330,0,0.4770544610414172,0.1433138997866109,0.00023903534966196704,0.07242852637054499,0.48385916409980767,0.0
344X237,344,0,0.4767348781896475,0.09920540053690095,0.0002082331300741667,0.07813717217956571,0.0776867445877122,0.0
330X401,330,0,0.47662178840962427,0.1577965894996064,0.0002530416872838641,0.055947068342686035,0.4064377289073523,0.0
312X38,312,0,0.4765609476499809,0.19072275933111324,0.00020059784574735039,0.08749098466353773,0.0,0.0
330X305,330,0,0.4764354592569239,0.1647332970984039,0.00025274328852872044,0.05842468899676033,0.28499435211768553,0.0
312X54,312,0,0.4762426322224763,0.10235277409148774,0.00026434210812413604,0.03817002035233795,0.16,0.0
312X430,312,0,0.4758578525028659,0.15677471826545544,0.00027489700330719194,0.021801695815244004,0.0,0.0
750X573,750,0,0.47561461860651894,0.12021822486738859,0.0002471656279477878,0.03972876154863199,0.03611807912452542,0.0
360X995,360,0,0.4753638125185299,0.11077054064021595,0.00026533958800642747,0.03564914421065986,0.31666666666666665,0.0
400X37,400,0,0.47523118074130677,0.0919710334577197,0.00018630074280559682,0.10373359748156603,0.0,0.0
312X145,312,0,0.47522293569817853,0.13416469568532766,0.00027767161299218767,0.02928829504007479,0.06599381963039261,0.0
330X104,330,0,0.4751088616381233,0.1354504781440155,0.00020704115642783896,0.10652417150522223,0.24560307519468233,0.0
360X763,360,0,0.4748321529234663,0.16433145843940314,0.0002246117434016974,0.07073398769043565,0.18721543330690565,0.0
520X405,520,0,0.47471679810324474,0.11734389525442233,0.0002420797234829056,0.054496705404121236,0.33333333333333254,0.0
750X1127,750,0,0.4746677516468041,0.15454570915109914,0.00027412737680145173,0.06976514770422326,0.9345945945945969,0.0
520X53,520,0,0.47437523882307986,0.11611612558533839,0.00025784381464373274,0.028265676302780856,0.0,0.0
344X213,344,0,0.47436759648452426,0.08669334758452878,0.00020636594643535648,0.07556209357602742,0.0,0.0
330X188,330,0,0.47404374843085356,0.12724541880011284,0.00020069504556750217,0.10576466754389488,0.23917195808830444,0.0
520X8,520,0,0.47391553726263974,0.10871737360818927,0.00023129315147926043,0.053079962288794094,0.07333333333333333,0.0
330X308,330,0,0.4735676623210467,0.10963364162614306,0.00024254634494297214,0.060080883145873024,0.3681515131003058,0.0
344X257,344,0,0.47356684807993643,0.07516846523471198,0.0002212861862412461,0.062272369913907645,0.15973212382779484,0.0
312X718,312,0,0.47336603088954143,0.09920641439318076,0.0002593206938445909,0.033863475606817794,0.21662953296599824,0.0
330X940,330,0,0.47295683055300186,0.09143786619620219,0.00027007666118361904,0.03774174439658494,0.37023064695952285,0.0
750X274,750,0,0.47281571508158543,0.122750875303838,0.00019295356308229856,0.08970378772013007,0.04221660617475477,0.0
312X724,312,0,0.4723694969810578,0.0933994216044655,0.00024855327820846017,0.040225782115246175,0.2059405940594056,0.0
400X76,400,0,0.47225831104317917,0.08799057282693921,0.00019239891100636581,0.08689074325686723,0.0,0.0
400X99,400,0,0.47192507898605385,0.15190126850936772,0.0002241509087834947,0.059646632021562326,0.07103142076502719,0.0
340X177,340,0,0.4717559738004297,0.08260786243880153,0.0002632264822499907,0.034391832184800665,0.24457908697473124,0.0
220X186,220,0,0.47116206126031335,0.08604052816568308,0.0003308231199340858,0.009369917922776482,0.4957252572090994,0.0
360X635,360,0,0.4710573982169996,0.117318876073454,0.00023657185271421102,0.08638934774700688,0.788428534552231,0.0
312X383,312,0,0.4708903324417271,0.15306074390389124,0.00023812543128451028,0.04348515317855119,0.0,0.0
750X401,750,0,0.47088359141362357,0.20001077768174183,0.0003455226029773967,0.03845619043477381,0.6476190476190473,0.0
520X162,520,0,0.4706080035838518,0.1145507823625651,0.0002644458983658117,0.04419167866056326,0.5727272727272704,0.0
330X46,330,0,0.4705132674540291,0.16838533257771626,0.00021183506246799378,0.12481882848608064,0.6981850248516916,0.0
310X42,310,0,0.4704286979344302,0.2033081667187204,0.00036893969146541226,0.02566373193813904,0.7183673469387755,0.0
312X789,312,0,0.4703325761362872,0.19892277326167304,0.00027153364563210276,0.02667739092746202,0.060224725834478174,0.0
400X156,400,0,0.4701260985861674,0.07874090875236193,0.0002041868845381877,0.06933216647125753,0.0,0.0
400X117,400,0,0.4699282869365679,0.12482276373619633,0.00020630759095908633,0.11496710342916298,0.5000000000000022,0.0
520X245,520,0,0.46977851922354147,0.12697179679151524,0.000230945705560436,0.05403087645486414,0.07506441454337293,0.0
220X178,220,0,0.46971615436672465,0.09078481189570352,0.00029565495833231873,0.023342216478838045,0.48529842105932797,0.0
220X182,220,0,0.46908674054260596,0.1829822956552654,0.00027533009215525707,0.031354732280051714,0.0,0.0
312X113,312,0,0.46894976893512974,0.1621039166678622,0.00026775443728160983,0.028271054053684935,0.055540122230482505,0.0
330X1010,330,0,0.46883805187354827,0.13500671351883906,0.0001927412284930511,0.12487886918507403,0.44466666666666665,0.0
344X41,344,0,0.46857221395031423,0.10943285885482874,0.00023012761669001332,0.055412179126495986,0.22546546546546936,0.0
340X198,340,0,0.4683239415893724,0.13266156996583264,0.00028128417889658594,0.014806071438047597,0.0511111111111105,0.0
360X885,360,0,0.4679887754073843,0.16569127316096424,0.000263732666873081,0.03078696831368493,0.16356886051186503,0.0
340X99,340,0,0.4677493312953763,0.18627541212880658,0.00022565404654829911,0.06588403282651573,0.0,0.0
210X57,210,0,0.4674054260603745,0.11721202099512182,0.00023079079434340944,0.04659547698080958,0.0,0.0
311X105,311,0,0.4673519296904852,0.21875803251343479,0.000232326876499432,0.06434046248175221,0.0,0.0
312X285,312,0,0.4671960066686841,0.09652743052341627,0.0001932734795657397,0.10813458139062662,0.4,0.0
750X285,750,0,0.4670294096952185,0.1758925408390553,0.00018361658137842763,0.10008326782527974,0.042747643773410074,0.0
400X201,400,0,0.46664119220481465,0.15175283444375579,0.00021466264074819735,0.06224462824419987,0.0,0.0
330X149,330,0,0.4664433322310762,0.1092605808253629,0.00024763168335587525,0.05588213503834598,0.4515052052347811,0.0
520X327,520,0,0.46644206046576314,0.11502530540417688,0.0003093550120259569,0.04511128586152184,1.0,0.0
340X175,340,0,0.46630677475906984,0.055088206846131735,0.00026481897306872396,0.03109704503848255,0.2401767330130405,0.0
340X3,340,0,0.46625143293847915,0.13283812434419995,0.00025521412540443556,0.026841705992796387,0.0,0.0
520X244,520,0,0.46592881281049187,0.1716973358789252,0.00018848401943586738,0.10376613245295525,0.13830049261083688,0.0
312X138,312,0,0.4658423084281691,0.14173730633645165,0.00025994203007012736,0.03251044247451334,0.10333333333333443,0.0
340X85,340,0,0.46582346197936564,0.2077162324044779,0.00026923584077561866,0.033845924092581595,0.0,0.0
750X370,750,0,0.46575197048691097,0.12354739902189442,0.00021558033671050222,0.08885137999696893,0.4964416470393215,0.0
220X18,220,0,0.4655937736731495,0.11537953832902204,0.000385443312563976,0.017689238624122396,1.0,0.0
750X131,750,0,0.46530481108350497,0.22291461378775346,0.00036541613274750355,0.014965123795930138,0.10952380952380933,0.0
210X173,210,0,0.4647627246674917,0.19120251426382218,0.00033063475363227,0.039964963320972546,0.5256410256410255,0.0
310X202,310,0,0.46407767760792024,0.15642721100647522,0.000290542800127517,0.02980263099643487,0.18225588610236798,0.0
344X122,344,0,0.46390523500191055,0.16851715146643412,0.00022578124052472057,0.05156292502429789,0.0,0.0
750X263,750,0,0.46365064554515706,0.1512662854502751,0.00019232864472593474,0.09071810826183295,0.07293634173724635,0.0
312X742,312,0,0.4629620151149682,0.11114511727251487,0.00024594466546527566,0.04621204527510641,0.35374866717440945,0.0
330X303,330,0,0.46280853682172723,0.07511316740038056,0.0002280637900400785,0.056844575997284354,0.2921249999999995,0.0
440AX113,440A,0,0.4625319538910787,0.09326479078005208,0.00019368869226051158,0.1001125375485142,0.23134057971014718,0.0
520X243,520,0,0.4623286538087795,0.13513255319943807,0.00019180606097522046,0.08680851286930563,0.085714285714285,0.0
750X359,750,0,0.46228131936014194,0.16408717445578438,0.00021030724823667006,0.09783965620498712,0.41067682302552055,0.0
330X172,330,0,0.4622159781795768,0.1994241074088496,0.00023570065199238332,0.09221453616287446,0.5606880572210878,0.0
330X361,330,0,0.46192730634421936,0.09479393148677362,0.0002508620170359621,0.05922914444239204,0.7395337638933179,0.0
312X676,312,0,0.461815618304256,0.15758625756255298,0.0002014591859613577,0.08469366587161814,0.20416666666666666,0.0
520X183,520,0,0.4616201757737867,0.10518384144498454,0.00022366452384780042,0.04548343436391967,0.0,0.0
520X324,520,0,0.46149372084218376,0.11978181934501841,0.0002705724068990891,0.05964919702639939,1.0,0.0
400X88,400,0,0.4614795634463573,0.0980035704936548,0.00022239551765040297,0.05431061224371048,0.12333333333333862,0.0
312X784,312,0,0.4613770605646647,0.22253979016502579,0.00025588244524518526,0.028403656638576767,0.06999999999999602,0.0
520X236,520,0,0.4609858616736721,0.09621486851234662,0.00020078063783483084,0.06897455314492358,0.0,0.0
400X215,400,0,0.46077457552505496,0.13231590477560343,0.00020483167294281287,0.07644799961515739,0.09714285714285499,0.0
311X17,311,0,0.4604432556362247,0.20878746444918256,0.0002605266409052815,0.02797510698737753,0.0,0.0
340X28,340,0,0.4602445548337791,0.1810732309138815,0.0002751301140028876,0.020813434909529048,0.0,0.0
340X10,340,0,0.46016813144822316,0.13481775290219328,0.00017095667451671564,0.12399950580591754,0.0,0.0
330X114,330,0,0.45995618057450666,0.06355142185093375,0.0001993628686439974,0.08831622150446586,0.23291002439414127,0.0
330X889,330,0,0.4598909499261306,0.05988881055389302,0.00026102424307435253,0.025047942982270765,0.1479598887445163,0.0
312X740,312,0,0.4595608782497627,0.13346686794243134,0.00022589228479763155,0.06363526527260097,0.37081271477663186,0.0
330X318,330,0,0.4594023778683772,0.15017305650933085,0.0002495726964034,0.06911779537995817,0.4321430465779537,0.0
750X45,750,0,0.45937424799059035,0.12861498599005314,0.00023462419348369134,0.05007029431197596,0.1809523809523839,0.0
344X96,344,0,0.45873901413832635,0.1334260620291152,0.0001632187178065155,0.1384405190820117,0.0,0.0
220X26,220,0,0.4586649590342584,0.09392555783564499,0.00021411896712478294,0.08700007074434127,0.5672080428524204,0.0
360X510,360,0,0.4585742182564645,0.11995148744590334,0.0002576120068083267,0.04005046314657787,0.3903967381737905,0.0
420X215,420,0,0.4583319246151694,0.08289305450853973,0.00022076180797909222,0.09617102465122386,1.0,0.0
330X606,330,0,0.4583154908117229,0.18204644874515324,0.00022197699008405497,0.05961203204183654,0.06572982930474,0.0
420X15,420,0,0.45792892625143294,0.15519239531697498,0.00028152021278918737,0.014858730598855771,0.0,0.0
520X6,520,0,0.4579212839128773,0.08295174305537603,0.00020776908543290165,0.06200542003970615,0.0,0.0
210X90,210,0,0.4578775042709382,0.14938165270418305,0.0002690527059371504,0.03411253962997132,0.33333333333333365,0.0
520X186,520,0,0.4577791173231208,0.138684739258464,0.00023583991518796909,0.06883344142630189,0.6147197530564916,0.0
312X670,312,0,0.4573961873879494,0.108124002408679,0.00019607934360313443,0.08369555353797309,0.2035699123821392,0.0
ERROR:#N/A_20,META,0,0.4565531139269621,0.16732497712226282,0.00022157809313682323,0.0558111530498732,0.13018811881187967,0.0
750X554,750,0,0.45644008706654154,0.10507350396535707,0.00022648082560702468,0.054285855212933255,0.2117509577558938,0.0
400X116,400,0,0.4562246847535346,0.11109389937143434,0.00016744892629162627,0.12648183306497846,0.0,0.0
520X267,520,0,0.45563282369679586,0.08563808913010854,0.00020068049744214272,0.07746810405498146,0.16666666666666913,0.0
310X121,310,0,0.4555645708331336,0.12326949665445237,0.00020639964211816036,0.10860462194434428,0.6861359040146203,0.0
312X111,312,0,0.4555190425078258,0.18692656036139219,0.00027162215837481766,0.026033328468909645,0.09127213270840648,0.0
344X163,344,0,0.455513947267864,0.16043452453467238,0.00020900192245599248,0.06694166252909858,0.0,0.0
310X176,310,0,0.45478308314423516,0.1900222693235074,0.0002550726509995747,0.07114111331876279,0.8955274580109455,0.0
330X1236,330,0,0.4546265700449442,0.12543815097185215,0.000272584406154822,0.05224654081016913,0.9757883948281301,0.0
344X97,344,0,0.4546121513183034,0.1587550784806863,0.000178930441098376,0.10767226974867894,0.0,0.0
312X269,312,0,0.45384791746274356,0.16867223663739628,0.00020995258589080087,0.07666959443003593,0.0,0.0
312X132,312,0,0.4535767841418005,0.1339409377724851,0.0002489662196115687,0.03350977702798983,0.1019047619047611,0.0
330X1218,330,0,0.4535336396616466,0.16853455679512325,0.00023926192188089933,0.04279676847276733,0.1656264429293885,0.0
344X66,344,0,0.4533193208406344,0.1292243799188526,0.0004355868315042725,0.019084479410636162,1.0,0.0
220X21,220,0,0.45324863027458334,0.13082279546084985,0.00032757598238699725,0.02635494447788823,1.0,0.0
330X878,330,0,0.453169567509254,0.06361379333081167,0.00025341938150517837,0.025047982533090735,0.1479598887445163,0.0
340X196,340,0,0.4530322496122136,0.19422169233014516,0.00029567872163195695,0.011687839703995506,0.033333333333336095,0.0
220X107,220,0,0.45290212318309103,0.08653575024770316,0.0002684943127955488,0.03450110502926255,0.49473684210526037,0.0
312X55,312,0,0.452866882596392,0.10728321884780663,0.0002614687265190234,0.0165511295872957,0.060267312972465945,0.0
520X329,520,0,0.4526480703095147,0.2331541058799414,0.0001487585853581956,0.14830605670523095,0.0,0.0
420X142,420,0,0.4526327856324035,0.1116922635755684,0.00018888814441809997,0.08096930549764733,0.0,0.0
400X145,400,0,0.45259457393962543,0.1735191635299215,0.00017551534043133232,0.10976723099715979,0.0,0.0
312X89,312,0,0.4525155044632875,0.138419661981344,0.00019824419187428432,0.09496118527339126,0.26666666666666666,0.0
344X187,344,0,0.4522991168723777,0.1331072214650358,0.00020459110475974808,0.0640931467448802,0.02461589948843292,0.0
330X323,330,0,0.45225321693439324,0.15391637199779962,0.0002313400316240509,0.057941717663440515,0.29961103840628805,0.0
330X793,330,0,0.4520792470826879,0.11645940861092707,0.00024102369213690355,0.0686096904220237,0.5226126177890142,0.0
330X900,330,0,0.4512036683225066,0.1240370941680669,0.0002059000973040831,0.06606148037245009,0.0,0.0
520X169,520,0,0.45115157475228573,0.10115923850836105,0.00027206033107845927,0.041153976415060495,0.9522000000000022,0.0
400X92,400,0,0.4508677180590771,0.1781832443252863,0.00019487951217657873,0.07627800279565007,0.028571428571428727,0.0
400X87,400,0,0.45069016346263113,0.14112103972952283,0.00022397900208506722,0.05167552324659373,0.1419354838709623,0.0
340X123,340,0,0.4505816680099269,0.10902501375959837,0.00024504913003448893,0.06417114278415452,1.0,0.0
520X325,520,0,0.4505495359344491,0.1619880025892531,0.00025845419568856727,0.06850945674529205,1.0,0.0
340X49,340,0,0.45051585785250287,0.20935289744895355,0.0001931932742047455,0.07420421487898807,0.0,0.0
360X653,360,0,0.4501985040554491,0.043543060776074345,0.00023440904071734707,0.03945280622709158,0.05282036936990531,0.0
330X1184,330,0,0.4500060412881995,0.1304971999748937,0.0002631544516106947,0.04476416065234822,0.635897435897441,0.0
330X123,330,0,0.4499297521473534,0.176771462745359,0.00019638366802007134,0.089052875413497,0.2856248437716082,0.0
330X1175,330,0,0.44970839926430733,0.14885699819762802,0.00018235447687687737,0.11544435554224157,0.157142857142843,0.0
220X29,220,0,0.4495756175552982,0.11040360100506004,0.0002424723441153122,0.06395810439210915,0.7735298626435096,0.0
312X637,312,0,0.44932519292116735,0.20646865169247533,0.000240147921621666,0.04019877944082133,0.05,0.0
330X818,330,0,0.4492518441777181,0.06863882545629023,0.0002695254346102638,0.038170782920837386,0.9,0.0
330X1053,330,0,0.4492319449751624,0.10215436577373238,0.00023465571728810533,0.031217191153517822,0.0,0.0
750X381,750,0,0.4488758397915844,0.11535899068645206,0.00021038308796903927,0.07122127868920433,0.3510896811713701,0.0
750X1017,750,0,0.4486599404449215,0.16438207400951965,0.0002405671797005773,0.055359035504803034,0.5599999999999911,0.0
312X217,312,0,0.448498280473825,0.06444997225867874,0.00020847689686101455,0.053064329030792036,0.0,0.0
360X595,360,0,0.44842948714367126,0.094820723242774,0.00023775966251815068,0.04111843531506285,0.1841383304799192,0.0
310X157,310,0,0.4483849870109678,0.15253092929895787,0.0002128010506826294,0.09000478941266579,0.5232078110334423,0.0
750X141,750,0,0.4476988646970056,0.18517942668407447,0.00020016354675378,0.07201733598170794,0.04180354303732947,0.0
312X735,312,0,0.44692517353191386,0.07330184284032892,0.0002254287279714595,0.0509229591770405,0.31433333333333285,0.0
312X779,312,0,0.4468031265940232,0.11403535629580669,0.00024326351935403194,0.027152568786241123,0.04222222222222603,0.0
750X403,750,0,0.4462568003545478,0.07596868162265784,0.0002645349627128387,0.020090893043694748,0.2907634886667532,0.0
220X176,220,0,0.4456582131913912,0.18673050643731115,0.00023499797003263554,0.0482139730432059,0.17040843346135687,0.0
330X201,330,0,0.4455237783447442,0.1994284764318016,0.00020883365392096107,0.08463546047264343,0.33383866693526476,0.0
220X195,220,0,0.4454767218466416,0.07475160550106774,0.000290428475447286,0.016180728216880776,0.4994247914869135,0.0
220X184,220,0,0.44526557126480704,0.15524442427534374,0.0002222314906608212,0.04286854355692517,0.0,0.0
312X37,312,0,0.4450745128009171,0.17267076418871138,0.00018896017994902436,0.07097493704139851,0.0,0.0
750X613,750,0,0.4438280827037417,0.10264947917523211,0.0002514738933749522,0.058842850783815945,0.9502409361932749,0.0
420X73,420,0,0.44381708542153175,0.1178727411173281,0.00020024864231899965,0.08065632847008856,0.33333333333333237,0.0
750X984,750,0,0.4437461911942151,0.18511965205443642,0.0002327906532997983,0.0464192848369223,0.2,0.0
312X127,312,0,0.44348577069187467,0.10087554904511567,0.00025063659718464965,0.023391227283974286,0.10353961602380635,0.0
312X785,312,0,0.4428975571734413,0.14233843105422778,0.0002492027448499696,0.02728281625636163,0.07999999999999545,0.0
330X248,330,0,0.4422400902366421,0.07927716889219727,0.0002661024180984705,0.012730421256937477,0.1514340434913847,0.0
344X88,344,0,0.44211563355944916,0.15461228301358199,0.00030117998543366126,0.016484795295701474,0.47694442105671514,0.0
312X697,312,0,0.4418876576232327,0.17674621652133132,0.0001856655259523444,0.07656533620343928,0.0,0.0
440AX127,440A,0,0.44171204123476465,0.1889645549573221,0.00020450770808498673,0.07043183793578986,0.13972332015808536,0.0
520X323,520,0,0.441501143479904,0.11846048948617167,0.00024293503340478594,0.06508339973563987,1.0,0.0
312X375,312,0,0.44126098586167367,0.11759416851900635,0.00022048227510372957,0.044603459266835135,0.0,0.0
400X69,400,0,0.4411610182561537,0.11484842078207981,0.00018384546500180033,0.08817366354405577,0.09000000000002047,0.0
330X391,330,0,0.4411009885406273,0.14855048381493266,0.0002472910250536487,0.057830779670588486,0.5671201803511743,0.0
330X630,330,0,0.44103828856561406,0.06922804086945183,0.00023390700539200723,0.053124335744001924,0.5114285714285715,0.0
312X8,312,0,0.4406954528085594,0.2192535869982734,0.00021956463551344634,0.05335226977164524,0.0,0.0
312X254,312,0,0.44056553305311424,0.16889922786181127,0.00020774209637196625,0.057135784031707326,0.0,0.0
400X210,400,0,0.4405578733891885,0.13089834209905424,0.00024660789265168356,0.039463244390774956,0.35190476190476266,0.0
220X173,220,0,0.4400392166164334,0.14246466062319996,0.0002904063696893016,0.01523650520007144,0.32056578947368397,0.0
344X226,344,0,0.4399069208721639,0.22098462973326094,0.00017463187041626108,0.09925825887060273,0.03869761210480808,0.0
344X115,344,0,0.43951853267099733,0.1755625639402656,0.0001961573372574803,0.06624165372531898,0.0,0.0
312X22,312,0,0.4394803209782193,0.11887532768235316,0.00019195284685290928,0.0696350190570342,0.0,0.0
520X160,520,0,0.43923547917448796,0.04967798217591337,0.00023697177233105113,0.04754364336653801,0.5772727272727283,0.0
330X1039,330,0,0.439216487823553,0.1499876191516946,0.0003031634238357856,0.018050700563898608,0.016666666666666295,0.0
312X760,312,0,0.4390643781923676,0.2583841337595434,0.0002760170053794608,0.026167906773494592,0.15666666666665768,0.0
330X130,330,0,0.43901390248716743,0.1368411897628667,0.00020914312060908504,0.0677865837883356,0.25460697407787236,0.0
330X291,330,0,0.4388990039116159,0.08945540728223297,0.0002311803581900224,0.044524135783951355,0.24786513762717774,0.0
312X728,312,0,0.4388180970616854,0.18429370165953715,0.00023629910854970222,0.059867531299014856,0.34585567010309226,0.0
330X274,330,0,0.43874986271045485,0.19453662346249506,0.0002606802976236686,0.02301497066907258,0.050857790290457026,0.0
312X734,312,0,0.4385660555295002,0.23629186395436846,0.0002295394946222822,0.061487457934771395,0.34739347079037736,0.0
440AX124,440A,0,0.43855841686005065,0.0661645377177323,0.00017732404008186293,0.09637945730878798,0.11885936230508709,0.0
312X596,312,0,0.43851760123906586,0.1383946770467669,0.0002839934106184501,0.015606329350162484,0.125,0.0
330X152,330,0,0.43839402817201234,0.17789711104460074,0.00024956664881616074,0.060452774558143615,0.529157123341905,0.0
360X629,360,0,0.43839061075552543,0.13811496263833398,0.00022415658375208764,0.05321389212921296,0.14167735641923282,0.0
310X132,310,0,0.43763861643033247,0.17134218273484036,0.0002820049125981525,0.01622786721802195,0.11705335557296481,0.0
360X1146,360,0,0.43758502101643104,0.08850251896640056,0.0002619620369594678,0.009032820722398967,0.0,0.0
312X691,312,0,0.4371237356894374,0.10383978294296711,0.0002124386687086937,0.0523675740039032,0.1544957983194087,0.0
312X6,312,0,0.4371188383645396,0.1539757208433122,0.00017491798042116327,0.09234354853079371,0.0,0.0
312X788,312,0,0.43687115073371335,0.21911473802706974,0.00023339490307518318,0.03610445709854957,0.06636363636363278,0.0
400X74,400,0,0.43683937315480537,0.03922479253689553,0.00018232141055982403,0.08666665468650411,0.12457963089542035,0.0
440AX139,440A,0,0.43682568418445855,0.090953920731203,0.0001764216443144341,0.12070760925570138,0.35469970281291785,0.0
400X214,400,0,0.4366306966088058,0.1403464778441996,0.00018842341689628963,0.08074299880973197,0.07809523809524062,0.0
220X126,220,0,0.4365093290317327,0.12735728453535722,0.0003168694335597993,0.004509331694200942,0.43578637186011004,0.0
340X188,340,0,0.43615764731941714,0.08836559180066403,0.00021354087350652375,0.05188834316978637,0.13456284153005613,0.0
210X99,210,0,0.4361559037065342,0.17742964019471355,0.0002417539506457103,0.032783508867941825,0.0,0.0
312X696,312,0,0.4361176920137562,0.19744572980470157,0.00019420532796412114,0.06926550438381682,0.0,0.0
330X284,330,0,0.4360493609909767,0.10594084510698507,0.000252342431620485,0.019075567433745236,0.0816436069149264,0.0
312X141,312,0,0.4360107377926516,0.09455146623810286,0.0002588709347916073,0.015560080173579561,0.06684724482678565,0.0
400X202,400,0,0.43585785250286585,0.18833422259020188,0.00020557463249063412,0.05991745694615045,0.0,0.0
220X118,220,0,0.4355358345868229,0.06146837286298461,0.000284616278926478,0.00570219996518867,0.32525612249538793,0.0
330X1020,330,0,0.4354970508038966,0.14319358680370747,0.0001631762732692016,0.11061864137929192,0.056073053591951215,0.0
340X24,340,0,0.4354454974236514,0.15002403512675286,0.0002604606933228643,0.01851666260038,0.009993084370677162,0.0
420X76,420,0,0.4353781576459883,0.11643132156191263,0.00021989088048504217,0.052070250786875515,0.20000000000000018,0.0
330X546,330,0,0.4352657610130272,0.18076752901823312,0.0002117571502340574,0.0668920183225453,0.2583087792622902,0.0
520X294,520,0,0.43496369889186093,0.1810882418118542,0.00022572446119693753,0.048584836078201576,0.0,0.0
520X159,520,0,0.43488925691812785,0.09184533670094629,0.0002384893397696612,0.0474167126907125,0.613636363636363,0.0
360X230,360,0,0.43488763255879626,0.15884367798327811,0.0002595022504459737,0.031121042451760374,0.3954246126472348,0.0
330X438,330,0,0.43471693624180363,0.04724587699950591,0.00018316653445421793,0.08864847647634114,0.17543556281652822,0.0
400X140,400,0,0.43465800534963694,0.08446296010464521,0.00018888343676180892,0.06918542013641446,0.0,0.0
312X712,312,0,0.4346511639727219,0.1114157812494385,0.0002333902393329348,0.037294053334522695,0.21287038703870378,0.0
360X1094,360,0,0.43447492435753093,0.15283414551897198,0.0002508860658318169,0.019301010209965535,0.02105263157895209,0.0
520X408,520,0,0.4342334932845464,0.14287845145095918,0.00022479157769211182,0.04224226087335637,0.12579365079364796,0.0
312X567,312,0,0.43416083012445156,0.10604123604715958,0.0002266637845115726,0.039747297023488476,0.12857142857142856,0.0
400X4,400,0,0.4339057591079765,0.10997235815622756,0.00021379479774848273,0.053352066245811014,0.27810410620077486,0.0
400X80,400,0,0.43362809822224707,0.13898860721910747,0.00018567272600668409,0.07399762432315951,0.029523809523809546,0.0
330X771,330,0,0.43338324802792344,0.17374050811359365,0.0002765595429859016,0.0312921889743422,0.37822729850035847,0.0
330X251,330,0,0.43315896131684883,0.14154247295115258,0.00026363779310169906,0.016360045582975234,0.11991482894771957,0.0
750X447,750,0,0.4325770910136371,0.13956878490405616,0.0002243117062269615,0.050654423784667856,0.4018336130410726,0.0
312X53,312,0,0.432503207062884,0.17695953096977166,0.00024748263241933537,0.05041594267628485,0.43459459459459426,0.0
ERROR:#N/A_17,META,0,0.43250101557741977,0.15239643647655424,0.0002543887655037703,0.03864240422444516,0.007675327962755713,0.0
210X100,210,0,0.4322420938722222,0.25066029022057196,0.00024851443304278905,0.04956073816220702,0.18845572333878782,0.0
330X51,330,0,0.4321484265608639,0.19579960224885976,0.0002036481305430428,0.07075362917546393,0.10280200686619612,0.0
360X370,360,0,0.4320831408636116,0.09210482872785937,0.0002014873979355185,0.07359312176247743,0.2755012756068889,0.0
310X32,310,0,0.4319178790874626,0.19077242805497183,0.00017500584385830061,0.11684341646954058,0.24549683098113745,0.0
220X193,220,0,0.43177024876650794,0.12411195329918363,0.00030052740615309486,0.02083972305637093,0.04996404429742564,0.0
330X1234,330,0,0.4315825975531677,0.1737423988711446,0.0002791085702895577,0.05256885695240793,0.9845033112582783,0.0
360X329,360,0,0.4313570360814351,0.04571248864871909,0.0002365199823032617,0.04222148095086822,0.4243787060750476,0.0
344X255,344,0,0.4313335880779518,0.17134907880255776,0.00019754395603588495,0.06821686130699653,0.0,0.0
400X199,400,0,0.4313335880779518,0.1299034723100852,0.00022851597262156656,0.029548097904373176,0.0,0.0
340X53,340,0,0.43131066106228505,0.11939100656474538,0.0002386974803742483,0.022449427234155977,0.0,0.0
400X67,400,0,0.4312113106610623,0.11911626741531152,0.00017587472110233102,0.0866682144029208,0.0,0.0
360X348,360,0,0.4305946119925069,0.21430996748015585,0.00024630792916814604,0.03637665045382021,0.21660140919578424,0.0
310X96,310,0,0.4302257184630977,0.17084448497918608,0.00024516213367478483,0.08000443590689231,0.9666666666666653,0.0
312X729,312,0,0.4300932247011078,0.1379611436909398,0.00022268698422595507,0.051358366050707024,0.3634130434782611,0.0
330X505,330,0,0.4300901488442693,0.12388653548317971,0.00019036187514382004,0.09847630982878891,0.5395021195104414,0.0
400X36,400,0,0.4295758502101643,0.15070878377535585,0.00017242557879173262,0.08773663807504349,0.0,0.0
520X161,520,0,0.42924018307529777,0.14337042387111734,0.000246374232934786,0.04544376292910409,0.5738888888888882,0.0
330X966,330,0,0.42904310835059967,0.14255163054788808,0.0002828964539128124,0.033017224970238096,0.8665871638084072,0.0
220X27,220,0,0.4289154881889611,0.136042735556413,0.00020564384861838556,0.07397395878172229,0.49964110370866166,0.0
210X73,210,0,0.42889501903095323,0.10767802538844465,0.00020570012815726533,0.07348026571493746,0.5,0.0
330X381,330,0,0.42881787346730543,0.07540536378259598,0.00022509488216065232,0.05547760899100381,0.617957090856445,0.0
330X128,330,0,0.42840714541350655,0.16955420757838144,0.0002139945427255319,0.06074680765564181,0.24935326125596036,0.0
340X61,340,0,0.42834543370271305,0.19263861356264114,0.0002545100770813372,0.01992189458192489,0.0,0.0
360X1083,360,0,0.4275947043890014,0.20400334900137793,0.00022536885680752593,0.05155513264016641,0.04962206492694756,0.0
400X100,400,0,0.4273961028157263,0.12069260455124198,0.0001885011509391526,0.07221042482283813,0.07916666666666664,0.0
310X159,310,0,0.4273527255966242,0.047871863132860924,0.0002051788310260795,0.07842796469753188,0.5218269653052254,0.0
360X176,360,0,0.42714674336800806,0.1835894429860971,0.0002637829417577471,0.03393086631555538,0.4069767199870583,0.0
330X537,330,0,0.4269597082844595,0.1903581450630301,0.00021728806840555859,0.06309162338307397,0.27067990177891066,0.0
312X783,312,0,0.4269072379286551,0.14239370851610486,0.00024194940541520971,0.028226702339472148,0.056363636363633104,0.0
400X66,400,0,0.42674818494459305,0.20824469135855608,0.00018623971596271976,0.08641824350564076,0.0,0.0
311X14,311,0,0.4266641192204815,0.09880729319193932,0.00019166441634490335,0.06250239825232932,0.0,0.0
312X737,312,0,0.42641048961322364,0.10857801614823437,0.00024130367337850248,0.03213626390893518,0.3317319587628872,0.0
340X42,340,0,0.4263219510241969,0.16822141413450953,0.00024197559038881223,0.06903352902157123,1.0,0.0
312X26,312,0,0.426312571646924,0.038542583390612374,0.00019714334012034166,0.05413678351066735,0.0,0.0
344X229,344,0,0.42626644220279764,0.13415669311813544,0.0002170399794474001,0.042344914435601164,0.04285362174890202,0.0
340X17,340,0,0.42607309284214845,0.14641186422999805,0.00017847741270136456,0.08491767943426193,0.19961609907120753,0.0
360X109,360,0,0.4260036358672451,0.1781254722516414,0.0002476858657714566,0.022911662717597196,0.11620975536989257,0.0
312X389,312,0,0.4258693160106993,0.12825136636167378,0.00016577482146470107,0.0977864733787208,0.0,0.0
312X126,312,0,0.42582814494179483,0.11396935088247713,0.00023734653010699401,0.024520296490945708,0.0578195899785103,0.0
312X631,312,0,0.4258270740202176,0.1065309623211073,0.00021511092963418795,0.04949549087703542,0.22000000000000003,0.0
220X204,220,0,0.42539198014947316,0.19406852373172176,0.0002498309513878962,0.024292574490525225,0.06617109933173748,0.0
520X231,520,0,0.4252579289262514,0.15193110323496722,0.000246547900644585,0.01947091654093152,0.0,0.0
400X139,400,0,0.42523882307986244,0.2053583800206467,0.00019948484360538953,0.06492948233329425,0.0,0.0
420X124,420,0,0.42515857852502864,0.06546229877784596,0.00019094426520244618,0.06025815680397746,0.0,0.0
210X171,210,0,0.42512723639361855,0.07529687098130862,0.00022101427502448459,0.058372479727282586,0.45832553994672975,0.0
520X306,520,0,0.4251203668322507,0.186650610878749,0.00018535677490609092,0.07536793907889848,0.0,0.0
330X185,330,0,0.4250348310835176,0.11893351388174916,0.00021270197948782105,0.05838838483165942,0.38058336402417786,0.0
400X141,400,0,0.4248987390141384,0.18610555040091636,0.00019023308743435218,0.06863451716686479,0.0,0.0
312X765,312,0,0.42480489314481185,0.2509030003079113,0.00024139863117375587,0.048705528358797594,0.23039215686273465,0.0
310X12,310,0,0.42434186703593396,0.18256147810020093,0.0002583351500606808,0.01692273134747945,0.15808104650703336,0.0
360X466,360,0,0.4241991541497148,0.14135031840361992,0.00021165517013195756,0.05112376808215259,0.15292620754803596,0.0
312X234,312,0,0.42411769064642063,0.04956043446996047,0.00027084476932088934,0.02834334180081318,1.0,0.0
344X86,344,0,0.42400583126973224,0.16984318205485718,0.00026000047098750885,0.032052210626304006,0.5,0.0
400X157,400,0,0.4234557698915782,0.0899684330907268,0.0002885278943350623,0.02128704536497736,1.0,0.0
344X192,344,0,0.4234390523500191,0.12585836650401702,0.00016663972197554174,0.09236428416737716,0.0,0.0
520X257,520,0,0.42274382487582995,0.21580413190860329,0.000240853425660248,0.03247194527317099,0.11428571428571428,0.0
360X971,360,0,0.4225745316780583,0.13429191027424026,0.0002628760701130133,0.02543236517102142,0.2907055904378814,0.0
310X14,310,0,0.4224546207414816,0.24815992168901194,0.0002212916487833586,0.10601576782111469,0.8240000000000001,0.0
330X1077,330,0,0.4222490269095326,0.1411307726729412,0.00024276829050721193,0.05267271495824821,0.75757575757576,0.0
312X95,312,0,0.4220175773786779,0.17856985020606742,0.00015966524096874571,0.09911152270672813,0.0,0.0
210X88,210,0,0.42198508249767813,0.1566298082984613,0.0002075353939248146,0.06366732962073997,0.5398331778351092,0.0
300X5,300,0,0.42197123477577303,0.0643599252164439,0.0002589707405188272,0.04343644982995709,0.9746663273284775,0.0
340X181,340,0,0.421462216426848,0.24248167128554535,0.0002637180784146844,0.025425898388013075,0.11688040604226262,0.0
360X25,360,0,0.4214239307012885,0.12476439642010485,0.0002224816158234427,0.047220171622101056,0.2826537162891801,0.0
330X1013,330,0,0.4212967430738563,0.12568066080727716,0.00016238849907074157,0.12081172660348669,0.4666666666666675,0.0
312X36,312,0,0.421176920137562,0.039354058955935654,0.00017934853906686582,0.07304183387469124,0.0,0.0
330X59,330,0,0.421109732077508,0.12281360722765156,0.0001684385935975894,0.09484644238277526,0.09662941709453338,0.0
400X187,400,0,0.42079276120031406,0.08944622583094257,0.00024135902597163073,0.021580165297183745,0.175,0.0
340X73,340,0,0.4207795185326709,0.2145101437524334,0.0002220093082650625,0.04175800909535348,0.0,0.0
360X1061,360,0,0.4207517070567894,0.1933544502576618,0.0002644856797216958,0.020314425115654795,0.2316613348765335,0.0
520X256,520,0,0.420309562903296,0.1278764764584009,0.00023395577242972055,0.030562932288250334,0.09705882352941442,0.0
330X580,330,0,0.42004766916131164,0.12393066940782071,0.00023775393636549466,0.04765086041334878,0.5916800792270631,0.0
312X18,312,0,0.4198624379059992,0.1512705539271707,0.00017943570762257865,0.07429749206210519,0.0,0.0
520X254,520,0,0.4198402050369019,0.13409150799125405,0.00022706933021168202,0.030268803747314575,0.0823529411764758,0.0
360X621,360,0,0.419566373474321,0.24589894341228638,0.00023274842554656686,0.038087920938167444,0.23884229440775248,0.0
330X311,330,0,0.4190333270107717,0.16687538123915105,0.0002497341952580758,0.027487078464442805,0.2998704099301971,0.0
312X3,312,0,0.41902942300343904,0.10395591623055064,0.00016171880087144765,0.08893973122649565,0.0,0.0
312X780,312,0,0.4190211388350388,0.048081819318778043,0.00022650731212029473,0.02655005760541871,0.04102564102563811,0.0
330X261,330,0,0.4189824790300739,0.19767563973643673,0.0002566356947319851,0.02068341063255236,0.06419511819650878,0.0
220X132,220,0,0.41876101898833384,0.11416253432230235,0.0002911129510906568,0.006480776847797654,0.4285977784608138,0.0
400X213,400,0,0.4186679165513487,0.16995656758421088,0.00018013226911371406,0.07998313110741415,0.06666666666666568,0.0
520X390,520,0,0.41865100535034633,0.18815484424015658,0.0002683098189620488,0.027487803605155126,0.48018334224552384,0.0
330X502,330,0,0.4184827817470773,0.1645276547960373,0.00020085681806831964,0.08379910625878584,0.555243763373191,0.0
330X208,330,0,0.41835365603467684,0.09200752251051214,0.0002689889426015567,0.022068347981904705,0.6252983406436787,0.0
340X105,340,0,0.4181834731730277,0.11360639750276465,0.0002567467152768682,0.026934068644520148,0.7,0.0
330X211,330,0,0.4179769151384519,0.16644486795822674,0.00027123868287028466,0.02826515193998621,0.5989031642735597,0.0
330X418,330,0,0.4179388415913749,0.12948338643381174,0.0001896131434723528,0.07039720153107358,0.20425628849227176,0.0
360X337,360,0,0.4173017143147756,0.08818590383096599,0.00019788248239158046,0.06203128504313178,0.12284084636394998,0.0
330X926,330,0,0.4169554769140419,0.077525187099032,0.0002496057582470936,0.025929053793574176,0.4329729729729615,0.0
400X89,400,0,0.41668373714334506,0.09135927204992102,0.00020738942887987035,0.05059277666357996,0.1531708211143623,0.0
220X8,220,0,0.4166632205269522,0.044016101436637506,0.00024163997619218517,0.03370625259596957,0.5998654426111399,0.0
330X271,330,0,0.41663811535385015,0.13733204587279,0.0002591514707087526,0.02508806640273272,0.05659019092707836,0.0
360X645,360,0,0.4164410269069722,0.1496667341611631,0.00023291748106925666,0.03217571695597597,0.16288862038480265,0.0
360X521,360,0,0.41618996866066355,0.06794016754790294,0.00024554789832977806,0.026580619143057822,0.47173126167948765,0.0
520X389,520,0,0.41613868993452136,0.10303824357153588,0.0002544308394445874,0.020696036786447415,0.2729178633610617,0.0
420X213,420,0,0.4157183111488866,0.18274548984379388,0.00021222568931835844,0.07411908026997398,0.39999999999998226,0.0
750X543,750,0,0.41553766190473,0.14316075885886112,0.0002584031334739121,0.03138072118646286,0.41344261474259303,0.0
750X157,750,0,0.4154536759459114,0.10542773535634013,0.00026363916912974816,0.019461342182002857,0.40765700767341634,0.0
330X553,330,0,0.41526063042976036,0.058776416363913564,0.0002149404496713369,0.05579505590533577,0.6070345431193762,0.0
520X289,520,0,0.414696217042415,0.2637161319635148,0.00021712796019643924,0.042527544997855535,0.0,0.0
520X391,520,0,0.41460048227960167,0.12061981887479717,0.0002505887330842859,0.027486294769716157,0.4799412455934203,0.0
310X148,310,0,0.41458649772535566,0.22871530953187255,0.00018632822601522128,0.09009150300164906,0.2520688878430676,0.0
520X7,520,0,0.41437523882307986,0.16486288249954564,0.00023073677719241654,0.03021960623660642,0.0,0.0
400X216,400,0,0.4143696596484728,0.10106346887016605,0.0002499388539279993,0.01190279944475894,0.04318181818181726,0.0
330X769,330,0,0.41426060374474594,0.24148133797812182,0.00019994114079946177,0.06188645426579038,0.0,0.0
360X1329,360,0,0.41398723682909633,0.2396561004012537,0.00026702508798973485,0.03309479864915694,0.09103621121770136,0.0
312X175,312,0,0.4137791364157432,0.22132939239128266,0.00019692746806968184,0.057691525506704935,0.0,0.0
750X187,750,0,0.41376016016440065,0.1104533384925512,0.00017857020995941438,0.08099233531530409,0.169488863080631,0.0
400X114,400,0,0.4131706601300406,0.15868552366793426,0.000240636425882561,0.04757511442170588,0.7999999999999992,0.0
400X91,400,0,0.4129488737570596,0.16378136225759282,0.00016572567688908873,0.0879856472940617,0.04735632183908053,0.0
312X310,312,0,0.4127779900649598,0.16967182999061256,0.00025098632580088657,0.018771944266072926,0.0,0.0
330X527,330,0,0.4121866573496801,0.19921469311292156,0.00019717250236974939,0.07095660218885161,0.22553491057585898,0.0
330X373,330,0,0.4120243692577805,0.19655699992722728,0.00025832587935356057,0.03135024860834699,0.1923076923076918,0.0
330X910,330,0,0.4119386327089488,0.14040100570320838,0.00020024773559400923,0.05836452178719378,0.24618937644339894,0.0
330X98,330,0,0.41179717991192294,0.15479847885231063,0.00019389607964098314,0.05928122359096542,0.15354885669113888,0.0
330X331,330,0,0.4115939529429588,0.14903237361055208,0.00021639792605162157,0.04344006358494053,0.26000532105446794,0.0
220X185,220,0,0.41154757355750854,0.15059610478278118,0.00016416367389662285,0.08759371838620325,0.0,0.0
220X188,220,0,0.4114405808177303,0.13543789549816485,0.0002164331331008205,0.04131723822830069,0.0,0.0
340X1,340,0,0.4114023691249522,0.11202753589510579,0.00017426425895590916,0.07538824931179262,0.0,0.0
400X70,400,0,0.4113259457393962,0.16301579418779527,0.00016475262874844128,0.08617951876314978,0.0,0.0
344X117,344,0,0.41121676019145975,0.12365364204559447,0.00028448073178800876,0.034926440695936714,0.8872727272727274,0.0
340X195,340,0,0.4111043179212839,0.09847096734139453,0.0001609568493582402,0.09395114759311844,0.0,0.0
360X447,360,0,0.41074445986233393,0.11681006238531493,0.00021296856196518346,0.056649277308166636,0.4540532478223037,0.0
750X532,750,0,0.4106339178541779,0.07330152245246585,0.0002427494575064114,0.019027005425735384,0.25981166323353666,0.0
340X113,340,0,0.4104470768055025,0.15934152318475778,0.00024510301861839176,0.014198961376544268,0.0,0.0
520X265,520,0,0.4100180666968146,0.12129269173356771,0.00017784926536723047,0.08700348265663457,0.28999999999999987,0.0
312X374,312,0,0.4096904852884983,0.09959223894880899,0.00019562595464842823,0.050501412311578196,0.0,0.0
344X246,344,0,0.40967544982253823,0.15459720700420584,0.00023341556991403702,0.0335474474474314,0.22417587622010932,0.0
340X25,340,0,0.4086781840123363,0.13750268080840472,0.0002454724002782274,0.0176586659333055,0.016813563097403443,0.0
312X112,312,0,0.4085996408213536,0.11921856240574867,0.00024428180687980646,0.027446211747507852,0.08107267834182004,0.0
420X214,420,0,0.40847179574148224,0.15018392878621256,0.0001791947132113887,0.09335025166319275,0.46518650088807945,0.0
340X183,340,0,0.4084294994268246,0.11737596018379465,0.000249535310079105,0.012983957836990436,0.0,0.0
330X983,330,0,0.4084009992002636,0.18577959872096383,0.00024823034994402005,0.04109719047935162,0.7010049719039653,0.0
520X230,520,0,0.40790982040504387,0.16588022184746648,0.0002479505471897331,0.01976224853196082,0.0,0.0
520X305,520,0,0.40768819258693156,0.2371127283190271,0.0001973346711330965,0.045733516386233714,0.0,0.0
330X1182,330,0,0.40768607151985153,0.07228614972722286,0.0002222530122728562,0.04712974285045413,0.646153846153851,0.0
220X124,220,0,0.407060219209704,0.1528023170873097,0.0003085833172269478,0.005054192461561068,0.4356431011705256,0.0
220X177,220,0,0.40704623614826135,0.13035642635360972,0.00023329720024752764,0.019287273619181918,0.0,0.0
310X149,310,0,0.406932168504464,0.15489970776398035,0.00018983993461580925,0.0930252128118521,0.6698970066328755,0.0
ERROR:#N/A_1 (#2),META,0,0.40675582728314863,0.2060810146000033,0.0001762848103065005,0.08014050465639022,0.0,0.0
360X488,360,0,0.40666336576990936,0.2054940438820541,0.00021398825084560733,0.05459907673032634,0.30359186284550205,0.0
312X381,312,0,0.4066182651891479,0.12409143948811892,0.00022350310792060881,0.024053780179522026,0.0,0.0
312X137,312,0,0.406478587002137,0.19758684240373062,0.0002248352380043056,0.02948060354423579,0.054404291360811194,0.0
330X165,330,0,0.40611955885786016,0.061042203069203486,0.00020279430072970891,0.06996871137667754,0.7386209938476511,0.0
312X139,312,0,0.4060457401681388,0.14344702486033425,0.00022941307191135158,0.026438906418564896,0.0790433015196744,0.0
312X101,312,0,0.4059817312871381,0.07793686383459272,0.00020361743326480488,0.08149925091605778,0.9488636363636397,0.0
400X56,400,0,0.4059373433949087,0.14499938608634522,0.00023917650466387985,0.01883139095042071,0.2,0.0
520X72,520,0,0.405892243026366,0.19455772862260937,0.0001422174891430677,0.12880381317048042,0.0,0.0
312X773,312,0,0.4057970308050735,0.16904275280274964,0.0002372735365289854,0.021878820658236767,0.10666666666667876,0.0
330X198,330,0,0.40572613936209356,0.04910479064901211,0.00017621641175599034,0.08939295768223858,0.3585170323946921,0.0
400X196,400,0,0.40559369286659813,0.09013468612448278,0.00021340051177932482,0.044932046345608136,0.4000000000000047,0.0
520X317,520,0,0.4055177684371417,0.17881616074868467,0.0002310711226820732,0.025290236978430847,0.0,0.0
310X152,310,0,0.40548401441977544,0.12867806411699145,0.00027562083818075567,0.023172235385772993,0.9294867494129484,0.0
330X1201,330,0,0.4054065309483833,0.17351117891633364,0.00015723859860160866,0.11279508774237898,0.12295271049596149,0.0
310X10,310,0,0.40501356731757554,0.13004786531339138,0.0002586901531390235,0.01958578737069639,0.5216275898405927,0.0
310X2,310,0,0.4050118946898092,0.10909561419568117,0.0002634515327568397,0.033666266272631924,0.6873090789314141,0.0
310X162,310,0,0.40420499482505196,0.11150279682364331,0.00017179175310323073,0.13142895602789578,0.919421172886523,0.0
750X329,750,0,0.40416596662565374,0.09575481638607475,0.00024275732339108536,0.028629383660427894,0.34225033620589906,0.0
344X165,344,0,0.40391145049954436,0.05591532274159729,0.0001941962798420579,0.05670981000195028,0.15725695493137373,0.0
520X381,520,0,0.4038529611975544,0.060829028868444185,0.0002540696968296322,0.009358344834076607,0.2416666666666642,0.0
750X34,750,0,0.40382524033522077,0.11733831536819671,0.0002096061393165809,0.047829563809894074,0.1584738558138133,0.0
210X189,210,0,0.4037922610578617,0.15384282030109953,0.00020339752725551411,0.052176728626061306,0.2962510749237598,0.0
312X714,312,0,0.40353279934580566,0.1444530949782627,0.00024420615478724613,0.01469462323329258,0.07205191935929298,0.0
210X231,210,0,0.40339249222981344,0.07513925380301446,0.0002611401134753681,0.009747932735940596,0.3333333333333332,0.0
312X279,312,0,0.40322506687046233,0.11112377650357079,0.00020004247072926464,0.04459771532363483,0.0,0.0
330X488,330,0,0.4029402527225197,0.17173153903462293,0.00021289415504594737,0.06059661528734247,0.5975458320307385,0.0
330X455,330,0,0.4028693329798224,0.14741212376836732,0.0001576265679105708,0.1449853192450979,0.6306983226934515,0.0
400X200,400,0,0.4028455432280105,0.09841561581137347,0.00022815971041218494,0.023381658435394727,0.11807407407407369,0.0
312X736,312,0,0.4020404619138439,0.14628397267078083,0.00023002016707289948,0.040640726873292884,0.33807407407407375,0.0
330X490,330,0,0.4020321088739621,0.20713087997659752,0.00022197633770154455,0.044779794843778795,0.5,0.0
312X209,312,0,0.40202139854795566,0.2148835538837808,0.0001627637140311663,0.085900837474746,0.0,0.0
344X26,344,0,0.4016965991593427,0.15137676661125204,0.00023738483553945974,0.016949252147420463,0.0,0.0
312X287,312,0,0.40165500016702066,0.08544117695210998,0.00017798640055782043,0.07365286091240059,0.19906103286384677,0.0
360X261,360,0,0.40160554654297087,0.1447258744791654,0.0002573343766801018,0.023802607749953304,0.46422131147540924,0.0
360X677,360,0,0.4012975099663983,0.17683678149560755,0.00021479873729733932,0.057842612706113475,0.369851545626952,0.0
330X808,330,0,0.40128273915931445,0.14924470593227693,0.0002428038693232582,0.03745348234098426,0.9,0.0
360X499,360,0,0.4010351971704183,0.12270853253823556,0.00023336716861728485,0.03233277938039778,0.5601624931059646,0.0
312X725,312,0,0.4009426517336225,0.11779816149902908,0.00023827775393644134,0.01753882427854861,0.18207856079725607,0.0
400X75,400,0,0.40080244554833777,0.1366761877169563,0.0001654235197310158,0.07517971986469112,0.0,0.0
340X34,340,0,0.4004891096675583,0.2709697054271466,0.00022309128313696678,0.03327765841787159,0.0,0.0
520X313,520,0,0.40047524196014506,0.20459650062371854,0.00021059766428400555,0.05495148899430112,0.18379065823955637,0.0
400X94,400,0,0.4003723122721218,0.0744764068865019,0.00016165307859372635,0.08633695070326208,0.04068965517241376,0.0
220X194,220,0,0.3999294508126366,0.062447867953165155,0.00024498946683440716,0.013836754474440443,0.3995395683453241,0.0
330X348,330,0,0.39989251454397123,0.18529034847134443,0.00019435355369101448,0.07635353172156947,0.6119229592628571,0.0
312X790,312,0,0.3997340204085248,0.1378273661439381,0.00022594864837692958,0.026239502150213877,0.07131313131313001,0.0
344X104,344,0,0.399549221583911,0.17750596205006008,0.00021866441212373597,0.036197267132234666,0.19870129870130313,0.0
330X420,330,0,0.39918093201847155,0.19218281616927976,0.00023141373488720206,0.049730100714516466,0.6280287310692254,0.0
330X29,330,0,0.39879002645830613,0.09681978666962589,0.00014955411679118296,0.12922582910057706,0.3074670484053469,0.0
360X661,360,0,0.3986660639995139,0.16750052742345312,0.00022663930740976553,0.04125588992270933,0.3534580694888076,0.0
300X8,300,0,0.398551932498127,0.06803443813289793,0.0002324365848092002,0.04455266630931075,0.9763105392646734,0.0
330X567,330,0,0.3984622557379557,0.07744586281089019,0.00020841373302402517,0.055628246661793154,0.6109085676420122,0.0
220X116,220,0,0.3983445339784123,0.10210273252099443,0.00028075902029972935,0.004975215969855194,0.45391721827129816,0.0
400X217,400,0,0.39831170333033117,0.17240388277568766,0.00017092926151867266,0.08050008446551021,0.05000000000000222,0.0
312X758,312,0,0.39796814661514957,0.10014489120630327,0.00019443239455851574,0.05683224411221963,0.17333333333332474,0.0
330X195,330,0,0.3977813340076266,0.10560376589106785,0.00019208072131282156,0.07763364242735335,0.6760635816073466,0.0
520X320,520,0,0.397737867787543,0.19783671978438058,0.00022872204821914655,0.021488163492968594,0.0,0.0
330X529,330,0,0.3976536774994149,0.03965479093841305,0.0002262015325670062,0.034705518677119365,0.5040421164650497,0.0
340X20,340,0,0.3975391669850974,0.19007181350600566,0.00020914240145503642,0.03690646382284217,0.0,0.0
330X613,330,0,0.39687617866282665,0.1818074522763498,0.0001733651007924634,0.07325359665822943,0.13752624212164316,0.0
360X605,360,0,0.39683533264531146,0.1923603403496971,0.00025781831320003106,0.027080720237827094,0.34635935622187275,0.0
520X319,520,0,0.39656122271666955,0.07750874909883601,0.00020199494724173198,0.07612889679727003,1.0,0.0
312X481,312,0,0.3963311855368414,0.08350026311435796,0.00023075226153858723,0.04492684015032874,0.9333333333333332,0.0
330X175,330,0,0.39580457208160047,0.11302937596494658,0.0002063859535836723,0.05950867881685461,0.5930419393271268,0.0
330X578,330,0,0.39563950806967474,0.18384679209682364,0.00025329980789454517,0.028203725975158474,0.36150020997147847,0.0
312X565,312,0,0.39554811114523475,0.0946114493128525,0.000179898426079407,0.06670586935929937,0.13059040041137226,0.0
312X359,312,0,0.3955206249662907,0.21038200143561597,0.0002762057709027655,0.013337595287842684,0.3482352941176471,0.0
310X13,310,0,0.3954833076719745,0.11355945330201755,0.0002539120525218936,0.009379986333070479,0.285964989952618,0.0
520X318,520,0,0.39543752388230796,0.18491568056089208,0.00023855319142783438,0.023429348664436363,0.0,0.0
330X169,330,0,0.3953834455531519,0.10628381435099753,0.00017582891520704112,0.09843969712908673,0.6436075607479983,0.0
312X291,312,0,0.3947459208765178,0.12773857811299372,0.00024584813515325475,0.035077016332041855,0.8,0.0
330X913,330,0,0.3946673332794696,0.1856847688268412,0.00019445604920257238,0.0572962582994471,0.24999999999998224,0.0
340X182,340,0,0.394619793656859,0.13065923706444357,0.00020830273623396547,0.03197816591198895,0.0,0.0
312X732,312,0,0.3944968468941268,0.136008138342259,0.00022954794546696007,0.02419778219566022,0.27079186877772743,0.0
360X165,360,0,0.39449007908191713,0.10361428922566497,0.00024458052939979916,0.02332625049310466,0.5757948712021044,0.0
312X764,312,0,0.39413298953656695,0.1794887040874981,0.00022439174501099937,0.05787789031277966,0.28333333333332167,0.0
330X1016,330,0,0.3939171105546194,0.02603829481545965,0.00015396897282002906,0.12651465253813474,0.4,0.0
220X13,220,0,0.39331600174568804,0.16887729456141165,0.0002905016352422407,0.008974873557795617,0.7209039303888539,0.0
330X1080,330,0,0.39290459252729726,0.12084349731596387,0.00020560291236979407,0.06690129864354574,1.0,0.0
312X144,312,0,0.392829100480938,0.0584944825116231,0.000212010830028408,0.032144749314168886,0.10180558347740847,0.0
330X458,330,0,0.39195886321988105,0.13928139516667543,0.00019430095849227433,0.06484456607450349,0.4215834803417911,0.0
520X234,520,0,0.39183798242262136,0.15222057100067313,0.00023004632354812327,0.019814545873061206,0.0,0.0
310X156,310,0,0.3913056060902812,0.15677048944894945,0.0001594898003641619,0.12487710739418226,0.7517438405864688,0.0
440AX145,440A,0,0.39123332098548586,0.0906189063701206,0.00015570721486705285,0.09399397662687889,0.08371336971983132,0.0
330X144,330,0,0.3909175982408438,0.154968375075328,0.00020680388606517404,0.0439793081920357,0.2835331957353411,0.0
312X349,312,0,0.3905158578525028,0.09131831667211966,0.00015699146344710428,0.08540439581599205,0.0,0.0
340X151,340,0,0.38997325181505543,0.13046384810619555,0.00019107263702251696,0.047723268184537995,0.0,0.0
400X138,400,0,0.3899197554451662,0.1982092838510049,0.00016964039798295509,0.06452689963510684,0.0,0.0
312X440,312,0,0.38978219335116543,0.16380753837030013,0.00024532649880768496,0.009584898709786408,0.0,0.0
312X83,312,0,0.389572401363118,0.1517692116292127,0.00018132081366129346,0.061845141206077626,0.10972222222222221,0.0
360X1190,360,0,0.38948414214749716,0.10487323310213775,0.00022741657129029435,0.02221430117099926,0.0,0.0
312X730,312,0,0.3894623521443235,0.11340531280221174,0.00020798014932665382,0.041542252352374555,0.34557509157509103,0.0
520X290,520,0,0.389316010699274,0.1479742624875214,0.00021596434586265895,0.023374283394773755,0.0,0.0
520X291,520,0,0.38901031715705003,0.1056917759890176,0.00022716730780482624,0.014383055007810813,0.0,0.0
750X971,750,0,0.38897715518272236,0.16926404301937392,0.00021189800430841278,0.03501098537438312,0.1788361342028281,0.0
330X916,330,0,0.38876228573824945,0.15643175406217485,0.00018913945569435097,0.059459149980327974,0.2399999999999835,0.0
360X685,360,0,0.38873779668403474,0.07701729093479841,0.00021760994951555094,0.030077468357554194,0.24233024882446547,0.0
330X566,330,0,0.3886741165216455,0.11259801596187433,0.00021945924145462805,0.03591103446070053,0.4103938274161738,0.0
220X175,220,0,0.3886103054985217,0.15707252081420725,0.00019437587917369947,0.04062571185074234,0.011457742484401488,0.0
330X943,330,0,0.38843332973476175,0.16149518031374113,0.00021173666001724688,0.04094514370453258,0.3898860398860311,0.0
750X1152,750,0,0.3884332335627988,0.1277133284088664,0.0001968889316182676,0.04759424250332386,0.15723837896628018,0.0
312X471,312,0,0.3873977837218189,0.06768233287630804,0.00020131548545298774,0.0335725471980952,0.0,0.0
344X108,344,0,0.3872984333205961,0.10065957046155208,0.00017215218120767141,0.061921047677333106,0.0,0.0
312X387,312,0,0.3872602216278181,0.17695209384646932,0.00018135974652989977,0.05655266526145793,0.0,0.0
400X68,400,0,0.3872357518894316,0.08073006319371745,0.00015840294118138815,0.08434480999211806,0.0400000000000091,0.0
312X77,312,0,0.3871952961833151,0.123614872328085,0.00018420206841959227,0.056128707742041775,0.07305555555555562,0.0
312X99,312,0,0.38693924340848296,0.11247027219614905,0.00018428353667196548,0.04760301419699617,0.0,0.0
330X1083,330,0,0.3868535287903968,0.14776453363193942,0.00021092286071674738,0.046813429995975805,0.5000000000000111,0.0
312X791,312,0,0.3865304032659275,0.1186180994055024,0.0002067739471779915,0.028930240050943308,0.061313131313133165,0.0
312X315,312,0,0.3865036301108139,0.10475452241622799,0.00015769347636270464,0.08012496435762635,0.0,0.0
520X259,520,0,0.38629728696981275,0.07052020752343512,0.00017712136837168382,0.05669063430265157,0.0,0.0
312X244,312,0,0.38603744745892243,0.14248333915614858,0.00021123710824235792,0.027416033956394987,0.0,0.0
400X197,400,0,0.3859457393962552,0.08971575481082651,0.00016428104395505068,0.07189958831918697,0.0,0.0
312X57,312,0,0.38576664967605023,0.1603402334798901,0.00018312754781837695,0.061388229816848786,0.14592250177582994,0.0
520X395,520,0,0.38549484142147494,0.16106534151236715,0.0002294011266028304,0.015118376745594636,0.0,0.0
340X26,340,0,0.38515709179282753,0.14792864390115149,0.0002237902063348148,0.019959781634812924,0.005714285714286201,0.0
330X121,330,0,0.38493617761091786,0.19111074343141288,0.0001767287239804149,0.08618889671538199,0.2264685272223638,0.0
520X297,520,0,0.38483760030569353,0.12712395721778244,0.0001608820780844439,0.0802698812525259,0.0,0.0
312X456,312,0,0.38471532288880395,0.18860337787067383,0.00020617907126491315,0.03913891335969359,0.0,0.0
312X121,312,0,0.3845235098359142,0.19298036137665542,0.0002234965548136944,0.024158482676440354,0.12360945780650927,0.0
330X116,330,0,0.3840986995540471,0.0987838705688014,0.00015869572430730983,0.08972613425377314,0.24997770331562733,0.0
330X517,330,0,0.3836631266072278,0.11778119571865327,0.0002169749438789801,0.04422306123441573,0.5,0.0
210X165,210,0,0.38366072206053464,0.09738543488251444,0.0002435223571927007,0.020505543090989425,0.40371048081585376,0.0
330X963,330,0,0.383630310152036,0.09542586263114872,0.00024250933871744671,0.040004277955534115,0.8658733364851848,0.0
312X570,312,0,0.38358425678257546,0.19646109684097982,0.00019087438436562782,0.04469297144562158,0.0,0.0
312X377,312,0,0.3833244172716851,0.13435254981518624,0.0001721313834432646,0.061624549088763955,0.0,0.0
330X1212,330,0,0.3829638771917178,0.10980879584824514,0.0002373838712692684,0.018459888932893787,0.3681818181818195,0.0
360X1164,360,0,0.382927015666794,0.10158892902428683,0.0002104894113786753,0.029977980837975964,0.0,0.0
440AX109,440A,0,0.382784701566284,0.14052400115828845,0.00015920042484378506,0.09446525652240137,0.24999999999998224,0.0
312X72,312,0,0.38270675731442466,0.15008991198773478,0.00017541857351929704,0.0601415947170167,0.08538390379278449,0.0
330X462,330,0,0.38261348443794674,0.12438984626058606,0.00015138977796090537,0.125975106929243,0.4542735233876537,0.0
330X1166,330,0,0.3824481462353434,0.1560073927820069,0.00022045107513758477,0.025795374351858098,0.17817779651747856,0.0
340X143,340,0,0.38242310950644287,0.10266247796551978,0.00017506723744630678,0.1072413002435918,1.0,0.0
ERROR:#N/A_21,META,0,0.3820523204234365,0.11487749474439202,0.00019961153636468995,0.034331911562898845,0.06813186813186652,0.0
520X412,520,0,0.3819734616591518,0.14811527515954337,0.0002213085075253041,0.032207176830005166,0.12897148828182964,0.0
220X11,220,0,0.3818313523038565,0.14663824415970073,0.0002782785277926023,0.004172077956952053,0.4261295391056457,0.0
340X197,340,0,0.38174538869034746,0.14189107773568105,0.00025364444617271116,0.0115618688109875,0.03636363636363448,0.0
312X100,312,0,0.38168012152457814,0.16800747754103074,0.00022626467974499803,0.027389204447143482,0.3,0.0
312X160,312,0,0.38140619029423,0.13854330618042904,0.00022785953735382286,0.014397674556943001,0.0,0.0
330X155,330,0,0.3814041347431936,0.1780331716769785,0.00024051218730321462,0.021073559345106622,0.4102133720856493,0.0
360X613,360,0,0.3813974981264663,0.12252779641715768,0.000209506965526416,0.034198376120338395,0.2707430830244234,0.0
330X1227,330,0,0.3811167435482966,0.13261509850737058,0.00021879864487443597,0.052028441433678164,0.9956302521008403,0.0
520X174,520,0,0.3810240733664501,0.12920543755541347,0.00017543423438676442,0.05771997735336983,0.0,0.0
330X628,330,0,0.3807346045251053,0.16750342782975716,0.00020896167949433593,0.052303917278645154,0.5202687171185756,0.0
750X584,750,0,0.3806296723673456,0.17084940892700862,0.00021965656289615502,0.03594710891124647,0.206586935858515,0.0
330X125,330,0,0.380419179334526,0.0923187404206236,0.00020103515113548275,0.03709743126015589,0.16684012557931585,0.0
360X1212,360,0,0.3796025983951089,0.10924579753974553,0.0001810778458403883,0.05447184667831443,0.0,0.0
210X124,210,0,0.3795414596866641,0.1287834181171539,0.00020492136969284461,0.026258880389776834,0.0,0.0
312X357,312,0,0.3788703404062181,0.13671707293806737,0.00023549876780786633,0.030427430884066287,0.4,0.0
330X162,330,0,0.37878705221132286,0.16055452824692878,0.0001635525138739576,0.10904257740066803,0.626216381993974,0.0
344X39,344,0,0.37849670154763027,0.059321648420919,0.0001457349190593977,0.10225510062037049,0.08659892657618004,0.0
440AX167,440A,0,0.378395235713825,0.12059585403785615,0.0001959472622682941,0.040088499667010835,0.1741176470588739,0.0
360X111,360,0,0.37759366791592597,0.043326557383067926,0.00016603649341931197,0.09719249143531399,0.6010884432213388,0.0
360X359,360,0,0.3771820137991892,0.14842813128345858,0.00019270034880474105,0.04919043807661523,0.22543500860266025,0.0
330X618,330,0,0.3770779558337724,0.12292314618718496,0.00016299342060024845,0.0803121781091124,0.1165753495797888,0.0
312X125,312,0,0.3769054005170266,0.13512142057935328,0.00020359199393673848,0.029579647415236276,0.06281230517126096,0.0
312X782,312,0,0.3768982257130803,0.1839678302788418,0.00019399753354223175,0.03574133685822902,0.04636363636363368,0.0
330X371,330,0,0.376575523764658,0.23260820821207434,0.00025039943171714077,0.04843241781475136,0.7215312677848129,0.0
312X61,312,0,0.37650207276195347,0.23437236368571493,0.0002607828379095941,0.014729052855055727,0.16392525647798523,0.0
520X288,520,0,0.3764157432174245,0.17194065555132385,0.00021538357134598228,0.03032522577864814,0.0,0.0
520X260,520,0,0.37632839904518156,0.06912793693719772,0.00019278261457078292,0.046747421892219795,0.2424876847290632,0.0
312X133,312,0,0.37631163957719976,0.19851189777055445,0.0002071603434910968,0.02719568635971531,0.0570264825539887,0.0
330X460,330,0,0.37581411753083627,0.13135540794396297,0.00023356680786696331,0.029452812227926367,0.5959354012350915,0.0
312X719,312,0,0.3757745774809235,0.047290024507824345,0.00022508565098074493,0.014494754905033824,0.18939779264709578,0.0
330X351,330,0,0.375688484333968,0.12600360634713517,0.00022366424047969924,0.04779770600071775,0.68074757687813,0.0
360X1116,360,0,0.3756526352562936,0.1610071000086103,0.00021521094235500425,0.026649584715165354,0.16000000000000228,0.0
312X713,312,0,0.3755525738611538,0.18009611100138248,0.00022881571009864804,0.016165132573915622,0.18363030676320208,0.0
312X67,312,0,0.37548337791364156,0.15004264711283535,0.00022460521273976342,0.017719773847443426,0.0,0.0
400X79,400,0,0.3754542506943276,0.12805039481200192,0.00015434449849604067,0.08752880940937127,0.125,0.0
220X180,220,0,0.37539931218952993,0.18329076884234025,0.00022283960114910295,0.027466871045399487,0.0,0.0
330X1090,330,0,0.37456841246788414,0.21357274062899814,0.0002273364940594327,0.029293530031808977,0.37894736842105214,0.0
330X241,330,0,0.3738423058981838,0.18020765681564838,0.00022964582534396025,0.016733851729550237,0.1413326079023484,0.0
312X633,312,0,0.37372235148799027,0.1255566584726907,0.00020643878807270944,0.03991669946304721,0.3238095238095238,0.0
330X13,330,0,0.3737027130301872,0.20499447163757697,0.00015359214392018648,0.08496953594144278,0.0,0.0
312X118,312,0,0.37368732104901303,0.09480376511304567,0.00021687767925033982,0.020939255714908966,0.10289555813436708,0.0
330X268,330,0,0.37350840623375503,0.1600460817936857,0.00022536050940282507,0.015609598806062035,0.07339013671194985,0.0
440AX110,440A,0,0.37349436162859284,0.14502129601346794,0.00015090597558847993,0.0870807862879944,0.12603778195490284,0.0
400X195,400,0,0.3734688149682834,0.11788987986576484,0.00019969118325269923,0.04318506248750624,0.39999999999999525,0.0
310X6,310,0,0.37346762426718666,0.10118919231119707,0.00022381723321683301,0.0188697979380175,0.21656014814814703,0.0
312X771,312,0,0.37283912877340464,0.20726916919850855,0.00019478655599193152,0.039963358137811086,0.0,0.0
420X117,420,0,0.37276270538784867,0.13137783870210798,0.00020242681991931676,0.029099503017666763,0.0,0.0
312X768,312,0,0.3726175009552923,0.21065460681519502,0.00022346092866491396,0.01865474014190484,0.0,0.0
330X1087,330,0,0.3724869054859012,0.17029149808253397,0.0002136632291363778,0.03000266547086979,0.37736842105263013,0.0
312X32,312,0,0.3718912888320973,0.16764793793042895,0.00018873889385229202,0.041126947049040685,0.08695652173913043,0.0
312X208,312,0,0.3716316392816202,0.15140362988760883,0.00021469306193341945,0.020596358524391258,0.0,0.0
330X294,330,0,0.37121868937560026,0.07409160261692276,0.00022814234859132779,0.01622942584429837,0.24055074890246342,0.0
400X147,400,0,0.3710049675200611,0.05954760801363882,0.00019061255768442197,0.036843426955135594,0.0,0.0
400X151,400,0,0.3708291937332824,0.10685892062657208,0.00017462801493225538,0.050878992620552066,0.0,0.0
750X1337,750,0,0.3706687046236148,0.11617331726898827,0.0001951251687950869,0.034029735626834465,0.0,0.0
330X302,330,0,0.37017641473788104,0.11161515066437935,0.00017552688254159903,0.07260690539327463,0.5560057402155486,0.0
750X165,750,0,0.3701517536985901,0.07381053387514656,0.0002289388944062302,0.0244520697498714,0.6294754199751649,0.0
750X1297,750,0,0.36956149935271426,0.08526242330520598,0.00015336164288275113,0.09566528381715897,0.4,0.0
312X33,312,0,0.36932365303782955,0.1709270981628081,0.00018628162662136125,0.04191942110666157,0.0,0.0
400X95,400,0,0.36889092826549985,0.04629162021334305,0.00014673753380512375,0.09076481190335811,0.04134983790156219,0.0
520X262,520,0,0.3688603699746717,0.10265067895130127,0.0001754702615667798,0.05386940993563601,0.013644578313253159,0.0
330X1041,330,0,0.3687294563643222,0.16915942259280153,0.00025055032986949196,0.018595069344693824,0.1462857142857114,0.0
360X1278,360,0,0.36751241880015284,0.07959862212997532,0.00012070244132676957,0.13568068481590548,0.0,0.0
210X194,210,0,0.36711118025364964,0.06408408089381677,0.00021221513207041426,0.018838747487543474,0.08505323505323495,0.0
312X82,312,0,0.3670316608358627,0.11303378192628823,0.00016498635575678408,0.06362976368392537,0.062080378250591026,0.0
311X21,311,0,0.366901031715705,0.10469056993020531,0.0001642376837116283,0.061703916006000815,0.0,0.0
340X193,340,0,0.3668093236530378,0.10184760471635457,0.00013411224153985857,0.0928549235008424,0.0,0.0
312X695,312,0,0.36672525792892624,0.14119874925563347,0.00015917213519376592,0.061924386410988644,0.0,0.0
360X149,360,0,0.3666667437573656,0.15956718299765102,0.00023664851639153614,0.022035645015157708,0.5521400192261843,0.0
330X428,330,0,0.36646355489054805,0.09147493068708687,0.00015285627825426136,0.07625897787833462,0.052934047211687096,0.0
312X720,312,0,0.3663640282625877,0.115919112888897,0.0002243511359722341,0.0136960426665347,0.06658283226831377,0.0
310X151,310,0,0.36612042054125177,0.14004097917972835,0.0002059602123820909,0.03502636246854731,0.2910222038209593,0.0
330X1256,330,0,0.3658616736721437,0.24521322698320414,0.00015510890278609847,0.07577500761373232,0.0,0.0
310X130,310,0,0.36580615132382355,0.12683857211944066,0.00022284072338317012,0.02602880986841799,0.5490552596523515,0.0
312X240,312,0,0.36576232327092084,0.19639565566479125,0.00019960987932726308,0.02995058068454367,0.0,0.0
750X149,750,0,0.3654309708645226,0.15433707987642198,0.0001775517573524452,0.049716618904713725,0.10355955094576737,0.0
312X59,312,0,0.3652426442491402,0.2021800788934109,0.00018776779025375098,0.05055755707284924,0.0,0.0
330X448,330,0,0.3648763286376592,0.102044978118585,0.0001612800516675426,0.08852938711245453,0.490911581202614,0.0
312X159,312,0,0.3648758119984715,0.06844075748596516,0.00014431599761863468,0.08590083747474603,0.0,0.0
210X92,210,0,0.3646847535345816,0.1322824713399518,0.00015275882703397214,0.07319160979768907,0.0,0.0
312X198,312,0,0.364596234031366,0.11977594236379986,0.00019745482472079473,0.05903209955631955,1.0,0.0
330X495,330,0,0.3642636683840069,0.11348480330523304,0.00014775668415054782,0.10993905893727973,0.5092070461245709,0.0
312X351,312,0,0.36388694994356763,0.0722379354638568,0.00021440620364927273,0.018476304522389606,0.15,0.0
330X1180,330,0,0.3638000609019675,0.19364085588573945,0.00021759088426336523,0.045952199856521894,0.6698412698412719,0.0
344X62,344,0,0.36360656610665004,0.18137877096430213,0.00027518968891924854,0.01957409782517209,1.0,0.0
344X195,344,0,0.3629346580053496,0.23618512071781445,0.00019360815031675647,0.04605153279595943,0.0,0.0
312X574,312,0,0.3628735192969048,0.06811950789809013,0.00020993011978946694,0.016820424049801476,0.0,0.0
300X12,300,0,0.3625463205886721,0.09635353720235619,0.00021373040665652944,0.04301208684772662,0.9756617048431646,0.0
360X100,360,0,0.3622698717667741,0.061739751644631434,0.00024765431601041053,0.01614143179312566,1.0,0.0
312X726,312,0,0.3622347123526013,0.19503276949452783,0.0002254954231776777,0.01576632598109738,0.08186875895998418,0.0
330X410,330,0,0.3617186550121471,0.15604399378418035,0.0002039242337950531,0.049926179638454846,0.6630849816484495,0.0
360X1039,360,0,0.3613532901704696,0.224221948352444,0.00021679226728954208,0.02944363093195813,0.14706349206349106,0.0
312X69,312,0,0.3611528933535398,0.08403798529961444,0.0001578857639773772,0.07468435820062583,0.2269024799548584,0.0
310X5,310,0,0.3611205071601017,0.09857625753761554,0.00021955152550439845,0.01613679558124936,0.16357495486745577,0.0
312X78,312,0,0.3609517523134888,0.19363236101234138,0.00017148816188073746,0.05636075450541943,0.08936170212765965,0.0
400X72,400,0,0.36093147246201884,0.14809241487211397,0.00016191421225864353,0.06361587930687969,0.0320115356885363,0.0
330X1037,330,0,0.36080114297843585,0.10917368847307059,0.0002142561495907498,0.018491742642527988,0.0901378629872992,0.0
310X163,310,0,0.36062470950231135,0.11227032329892932,0.00019196717237388662,0.058572443430839026,1.0,0.0
210X10,210,0,0.3605619499855484,0.18050247975633815,0.00018227681014008605,0.0527167823940186,0.13333333333333358,0.0
312X211,312,0,0.3601604891096676,0.22416620736443307,0.0001836094886267761,0.041128378185658135,0.0,0.0
330X508,330,0,0.3600214285241824,0.11867815178448068,0.00020038054285484276,0.04160755383263964,0.5388409818067469,0.0
310X20,310,0,0.35971723347344287,0.17335940984223544,0.00012599229024861947,0.10022745967277813,0.0,0.0
330X539,330,0,0.359578443890648,0.17384165040229016,0.00020809246963975487,0.033080356935362425,0.4110586989403403,0.0
312X341,312,0,0.35885364921666024,0.16583659481354962,9.951352188754348e-05,0.13085901246755244,0.0,0.0
330X1198,330,0,0.3587297662475025,0.17068027659652737,0.00024269091137950468,0.020955503595668192,0.28975483870968244,0.0
312X690,312,0,0.35846733647165796,0.041422035985485633,0.0002088915870655419,0.019081559219752846,0.15218891402731044,0.0
400X208,400,0,0.35784028874829465,0.07076770347805082,0.00018816051290686204,0.04240396682515535,0.35,0.0
312X172,312,0,0.35776079480320977,0.0962512970911052,0.0001406945790683558,0.08590083747474603,0.0,0.0
400X98,400,0,0.3577268204748639,0.06306084811502818,0.00017768356301563245,0.04495544095392862,0.03771929824561382,0.0
330X221,330,0,0.3574159857049658,0.18181896655777052,0.00024022413376043836,0.018988463600798956,0.41302120413094146,0.0
520X380,520,0,0.3574114759446535,0.13048506524001627,0.00023139359984586174,0.009358344834076587,0.24166666666667158,0.0
210X86,210,0,0.3572597789126736,0.13053047092825054,0.00021427636733753426,0.025793247856483216,0.4947953355557809,0.0
312X583,312,0,0.3571876194115399,0.11376354023821102,0.00020887701730429973,0.015833078571325442,0.0,0.0
312X235,312,0,0.35706534199465034,0.12124831323211596,0.00017185061633887436,0.04879565624697601,0.0,0.0
330X480,330,0,0.3570574191104755,0.18112252306415416,0.000241506966873445,0.0289705378625034,0.6003392204612805,0.0
360X543,360,0,0.3566874981632003,0.17577040601345656,0.0001864724754997062,0.0489384157311451,0.30181946778594926,0.0
312X79,312,0,0.3566144440198701,0.12569182260466608,0.00015267374348817048,0.07188420052766487,0.0,0.0
400X86,400,0,0.35656596016816844,0.10534110305563502,0.00017228414080580802,0.05402698415529256,0.16000000000000228,0.0
330X9,330,0,0.35656274187434084,0.16843139950851962,0.00024059241165928788,0.03707934793487095,0.5616988380735929,0.0
750X466,750,0,0.35650836462741076,0.09543482749126223,0.0002097337392143443,0.0196920490992319,0.1824455958727119,0.0
400X20,400,0,0.35618647306075657,0.21984566132467956,0.0001784527242875952,0.03549317124817754,0.0,0.0
220X122,220,0,0.35591893681168696,0.1536356743034565,0.0002490808585574617,0.007612890564196002,0.48489443353232475,0.0
312X477,312,0,0.35575885032388455,0.17086363873892657,0.00015862198698610278,0.07558470947828956,0.475,0.0
520X253,520,0,0.35537115307980044,0.1612958589692678,0.0001936109718495858,0.029766476669334407,0.07058823529411352,0.0
750X176,750,0,0.3553023935775683,0.16347319409653263,0.00022332489006048973,0.02400641878219367,0.40734822367229173,0.0
312X246,312,0,0.35462693082009855,0.18635645747073368,0.0002149420139579118,0.01774338269650715,0.18888888888889138,0.0
330X258,330,0,0.35450377247164405,0.18391923726332537,0.00022570915293175622,0.014928065193744311,0.0687842167895227,0.0
400X112,400,0,0.3544745892243026,0.13544465491239172,0.00015496204576313273,0.059954964024338586,0.0,0.0
360X704,360,0,0.35440729832809154,0.12348086536495038,0.00017532775551125265,0.05742075220333755,0.4333333333333334,0.0
312X731,312,0,0.35423993903803047,0.14031752458836522,0.00019407207707883167,0.03648256914514943,0.33631720856463054,0.0
344X243,344,0,0.35388665487157656,0.06773752190456886,0.00018016763081166322,0.04187295364707391,0.055238095238097806,0.0
330X254,330,0,0.3538348770807332,0.1723126709834389,0.0001982418310343558,0.03153819016439347,0.08329887290387036,0.0
420X22,420,0,0.35378064686766086,0.1307979922171813,0.00025965679035220456,0.017146625817572366,0.9499999999999857,0.0
330X218,330,0,0.35338469421995816,0.11109202601194731,0.00023194244671396542,0.013362693690956138,0.45119562947630776,0.0
310X178,310,0,0.35325662264531255,0.11556230507947775,0.00023853041874048148,0.019635684031114885,0.9851069741594886,0.0
400X192,400,0,0.3531234204260399,0.12144096976933458,0.00018604540989628513,0.045924321983135716,0.3333333333333373,0.0
340X44,340,0,0.3530531142529614,0.12271677431438885,0.00015280069922946217,0.06765241257116482,0.0,0.0
312X441,312,0,0.35286969812762703,0.03986932471964477,0.00016154351298191584,0.05797933177829715,0.0,0.0
330X532,330,0,0.3528371210629686,0.15071380425810432,0.00019534301836401767,0.043350866024212155,0.5095856424667354,0.0
330X576,330,0,0.3527435213351276,0.05803410413672808,0.00020378673494577258,0.03152519303922951,0.4746793218819881,0.0
360X117,360,0,0.3518646107662383,0.16969422177828736,0.00020299820834189134,0.029544167341797357,0.2985198885770453,0.0
330X920,330,0,0.35161203601943447,0.10540302659460939,0.0002132289755429056,0.025325792298567667,0.4341979645815844,0.0
330X798,330,0,0.35152901791097985,0.21211122256740683,0.00021816119874558162,0.01819665102101687,0.0880809046026437,0.0
330X132,330,0,0.3511025542141951,0.19172878716762892,0.00022113321723645488,0.024210818879768507,0.2839661040176941,0.0
400X109,400,0,0.3508979747802828,0.17982292704345287,0.0001622224206734723,0.05695386113563768,0.0,0.0
310X201,310,0,0.3504578766007379,0.1546414185390962,0.0002061408157653096,0.02954831655959439,0.3344296441342262,0.0
220X191,220,0,0.3502789453572793,0.16800869481068395,0.00020047246319180044,0.01874484150395499,0.0,0.0
400X71,400,0,0.3501108139090562,0.08522054187694718,0.00013720728831022045,0.08645708646958725,0.0,0.0
312X136,312,0,0.35001310661311924,0.09472195878653443,0.00020743205613268895,0.016301913630763856,0.08592309651133274,0.0
330X56,330,0,0.349885376825513,0.023541559958334055,0.00013619208356912781,0.09768706465630668,0.10230313417232897,0.0
330X535,330,0,0.34921688173142673,0.14833517386117306,0.0002263838048870086,0.018659446076904194,0.49646655771343334,0.0
344X244,344,0,0.34909871584738383,0.11752847899286821,0.00021007939839216735,0.019310109756366448,0.13448766195606798,0.0
312X373,312,0,0.34900267481849445,0.2036236547352849,0.00017243872657043396,0.04718751687285742,0.0,0.0
312X17,312,0,0.3488116163546045,0.07427066268386769,0.00015831161017553153,0.06001446774644066,0.0,0.0
520X376,520,0,0.3487428353076041,0.12527060120829117,0.00020136520425183404,0.02409518307479864,0.0,0.0
420X23,420,0,0.3480779518532671,0.10194989698862586,0.0001844113065746791,0.035757487002144095,0.0,0.0
520X258,520,0,0.3478599572163902,0.10179508062614225,0.0001393156575608614,0.07747576913227719,0.0022933382177364376,0.0
210X75,210,0,0.3471532288880397,0.15918035202364295,0.00015050349526983374,0.06942671982965454,0.0,0.0
344X254,344,0,0.34714558654948413,0.10382246104156319,0.00018466345667338818,0.03075785439390833,0.0,0.0
300X11,300,0,0.3469144606355551,0.12646581741060023,0.00021099561290487356,0.04338031853212357,0.9758489960704416,0.0
400X58,400,0,0.34661030083194994,0.14763140644603412,0.00017160387366772252,0.04970676480564799,0.18740870834253198,0.0
750X853,750,0,0.3463487918409498,0.17627051536389166,0.0002224762459928288,0.017143317563253085,0.359085861727371,0.0
312X131,312,0,0.3463467336478428,0.11194543821557658,0.00019134923092019415,0.02661441535219502,0.03590387791658062,0.0
312X97,312,0,0.3462285059228124,0.1377797374997642,0.00017642652772111147,0.04150798849765202,0.0,0.0
210X72,210,0,0.34584444150943927,0.15346276180364368,0.00017765932551854838,0.05099574235144975,0.35467980295566526,0.0
520X235,520,0,0.3457852502865877,0.21962673353411644,0.00021518961281206958,0.01961832652541923,0.0,0.0
312X380,312,0,0.3456935422239205,0.11071579465269028,0.00019867357462325643,0.020018819710547205,0.0,0.0
750X425,750,0,0.34557916756454055,0.17070855724615386,0.00020617038109036804,0.020712861960009637,0.12472982987722832,0.0
520X287,520,0,0.34531142529614056,0.14270395559366186,0.0001881453364982073,0.029344674624620808,0.0,0.0
440AX138,440A,0,0.3452643563810714,0.15977242946150141,0.00016517192727441053,0.06255333200902428,0.3608347792558394,0.0
330X562,330,0,0.3446077436630154,0.11688127514295839,0.00020643522835371786,0.023718219289756287,0.26244970043229754,0.0
330X519,330,0,0.3444173141372402,0.0891636878816289,0.00017487977783539496,0.06123782007352609,0.5608336281815536,0.0
344X106,344,0,0.34438670233091323,0.08238144356167383,0.00019251053451084296,0.02429136076621565,0.0,0.0
330X238,330,0,0.34435215779767836,0.22057245084679347,0.00024323742049196657,0.01281914661222239,0.17682626141834207,0.0
330X960,330,0,0.3441116605082083,0.20473781892990667,0.0002227383046933688,0.03644475452352766,0.867363915360054,0.0
330X604,330,0,0.34374653640494296,0.12906164172073764,0.00016088015495757747,0.06042283514476854,0.09735005807271493,0.0
330X1232,330,0,0.34329106352387645,0.17077016326161698,0.0002008967281222095,0.05240598360091473,0.9805362879361127,0.0
344X210,344,0,0.34318089934178897,0.12229228308114952,0.0001773775986105203,0.04073781125837313,0.04596354166666679,0.0
330X409,330,0,0.3431630439273287,0.1018574566096934,0.0001699077111412465,0.059940495038996344,0.45636255543464327,0.0
440AX122,440A,0,0.34305773687141733,0.11203905851324361,0.00014343933574215406,0.08108416016304124,0.1691228070175726,0.0
520X255,520,0,0.3429580908046806,0.21890702623530553,0.000187222712358858,0.03165418717032253,0.10973201528008296,0.0
520X392,520,0,0.34281238058846003,0.07303192525682535,0.00019569461774568512,0.019853395530060526,0.0,0.0
420X148,420,0,0.3424990447076805,0.2352369090115019,0.00012179014905425365,0.09059462899529844,0.0,0.0
340X47,340,0,0.34219335116545657,0.1329590041558481,0.00020891339508669293,0.015943504031101955,0.0,0.0
330X231,330,0,0.3416238529522319,0.13029485005553174,0.0002121783058828196,0.018765179115977113,0.2781265961512318,0.0
312X215,312,0,0.3416048910966756,0.08355520025936776,0.0001842441384373262,0.03021293589413459,0.0,0.0
312X173,312,0,0.34142147497134123,0.16407992089979126,0.00018259815742937505,0.03443120066528631,0.0,0.0
360X532,360,0,0.3411981423409055,0.1004487463000265,0.000219152358516611,0.023260910868200264,0.4581896776648094,0.0
420X110,420,0,0.34119220481467327,0.17268449096787547,0.00022086335243652247,0.012186911985921884,0.0,0.0
312X786,312,0,0.34090873324953674,0.10614142844863522,0.00019242161205019996,0.0246080684577144,0.05972222222222588,0.0
312X76,312,0,0.34070767093616916,0.10513362373085007,0.00015063494079116144,0.06316555447270157,0.042857142857142885,0.0
330X946,330,0,0.3405709257328277,0.16812756606821405,0.00019519990681321465,0.034699062102967256,0.3580301180301137,0.0
330X478,330,0,0.3405375258685289,0.1712952036859502,0.00016972879353354404,0.07162318346126795,0.5410380879737442,0.0
312X129,312,0,0.3405056656409927,0.14001892651867917,0.00020727355344037722,0.01710424718817477,0.0735507246376825,0.0
330X1194,330,0,0.3396277496025588,0.17772212528165976,0.00020193934889131148,0.02314379637497912,0.2728055993690879,0.0
312X743,312,0,0.339500347771955,0.12490064967268596,0.00018513254674184273,0.04130281059250955,0.36096866096866154,0.0
330X1229,330,0,0.3393524586331287,0.12231176771113732,0.00019552417730835792,0.05203932638082813,0.9956302521008403,0.0
312X386,312,0,0.3392281238058846,0.17493222098509148,0.00013880550487147344,0.0665894045056629,0.0,0.0
312X71,312,0,0.33914534928052853,0.13037036585622366,0.00015477196846498646,0.06035339096926695,0.08618037206074673,0.0
312X444,312,0,0.3389835689721054,0.10106547552917766,0.00019593834609688056,0.021507899509776322,0.0,0.0
330X1000,330,0,0.3386963396964971,0.13724232729513547,0.00022524302756464395,0.03687981016328384,0.7930027685863378,0.0
360X157,360,0,0.338345591628204,0.06235135407733239,0.00020209634309067953,0.027504725066690144,0.5385411992117696,0.0
340X194,340,0,0.3382346197936569,0.11987038659547782,0.0001312249461013378,0.08031437511333547,0.0,0.0
312X519,312,0,0.3376079480320978,0.14448420974291123,0.0001469763014846629,0.06215219155794001,0.0,0.0
310X131,310,0,0.3375065739330386,0.14070798999301595,0.00019145332567721156,0.05705527261804566,0.8244093263951836,0.0
340X147,340,0,0.3371675034486104,0.11260530200146397,0.00019023698312132866,0.040717698598994004,0.5,0.0
750X488,750,0,0.33705809226081007,0.09613023281339095,0.00019903614804744158,0.022176122057492344,0.17751121628309885,0.0
312X174,312,0,0.3362192936809446,0.10570814427809595,0.00019309325603058793,0.03212237850487426,0.4,0.0
312X525,312,0,0.336102407336645,0.1261645778618929,0.0001621182806372276,0.05059070484646579,0.0,0.0
330X244,330,0,0.3358906294127264,0.15811318640857694,0.0001908497320425084,0.029971516501486405,0.14997139724958858,0.0
330X1249,330,0,0.3358228226030884,0.12010255029507994,0.000204161229751997,0.025013806238316484,0.48349999999992266,0.0
520X158,520,0,0.3355697310969913,0.13453658131927557,0.00017055783070048643,0.053383251622466286,0.5272727272727258,0.0
330X592,330,0,0.33533457785207266,0.13952265603723682,0.00021429190941780023,0.022379077379501434,0.40958778527195133,0.0
344X160,344,0,0.33516050286692733,0.11816666715229382,0.0001565238191094884,0.05734515318043522,0.09546306010781178,0.0
400X31,400,0,0.3349896524710655,0.16696520149159289,0.00023849623397058294,0.011352510252605247,0.6293200229119398,0.0
220X114,220,0,0.3349160282470513,0.13718583766796766,0.00023611474368374127,0.0051017058990146125,0.3816530927296823,0.0
344X241,344,0,0.33442228344858055,0.10244786890662572,0.0001633102022345506,0.0489542232479749,0.06927318295739149,0.0
312X553,312,0,0.33404499831676165,0.06445683973376358,0.00015569222046945503,0.057027467943392605,0.07065392880939567,0.0
330X601,330,0,0.3338505235396336,0.07523972963593545,0.0002062813268538299,0.019587245619858744,0.32361147096772963,0.0
312X135,312,0,0.3336114465744263,0.07023497796730523,0.0001956150096434095,0.01893314012833902,0.04808109141909779,0.0
330X699,330,0,0.3335008134653821,0.09687202978861749,0.000206751911739939,0.019156612757041794,0.2805654910964258,0.0
312X603,312,0,0.3333779136415743,0.13581200578230554,0.00019502792803901317,0.01900457576081508,0.0,0.0
312X523,312,0,0.3333358807795185,0.11102093701740581,0.000148790337522606,0.05552018168961809,0.0,0.0
400X22,400,0,0.3330836836071838,0.12317393627407087,0.0001725192723581876,0.038208978201445476,0.0,0.0
400X193,400,0,0.33177699996219345,0.1661164646300613,0.0001906349047283967,0.04429443717492133,0.4400000000000034,0.0
210X155,210,0,0.3316097283559628,0.1051095571620652,0.00021449474585737345,0.014806111179907915,0.45164653813743205,0.0
750X1094,750,0,0.3315965925156776,0.11587900644537703,0.0001782882901571488,0.05853220543404943,1.0,0.0
360X133,360,0,0.3314442747475929,0.11326096322267491,0.00019174645148142957,0.027695559643812685,0.3158505514472617,0.0
344X178,344,0,0.33129537638517387,0.1506293030516348,0.0001934530349492039,0.01537758798207492,0.0,0.0
750X477,750,0,0.33106514449223645,0.2052222396454869,0.00021854902114709851,0.016009879641848714,0.2451213483943601,0.0
330X191,330,0,0.3309215583493391,0.11185035640958467,0.0001626406746583853,0.06750009326478153,0.6299424977032899,0.0
312X482,312,0,0.33082640417683107,0.17892127896712628,0.00022420239775365692,0.027175386572492004,0.75,0.0
312X191,312,0,0.33078333970194873,0.14932818257720826,0.00018045841003309064,0.0291003182957999,0.0,0.0
312X701,312,0,0.3303430082112813,0.14377967406204273,0.00018242318709994488,0.03030157280509691,0.06666666666666667,0.0
330X204,330,0,0.3303110095878261,0.12347188743804637,0.0001729227620833413,0.04776152600104714,0.3550962251476178,0.0
312X355,312,0,0.3302203686066224,0.12061613827633653,0.0002051770470235334,0.027595315974744565,0.8,0.0
360X565,360,0,0.3301994928742,0.1241121193442696,0.00019154205746427856,0.03337121991029268,0.36990272661319157,0.0
340X45,340,0,0.3301337409247229,0.15809211210162497,0.0001993969368481321,0.01631237312466011,0.0,0.0
312X693,312,0,0.329815063578614,0.15125694875603846,0.0002032300594307326,0.013108528787708249,0.12685244351311728,0.0
312X42,312,0,0.3296383625384072,0.10930469942257146,0.00020513529908198184,0.02012310553529393,0.38461538461538464,0.0
400X228,400,0,0.32958159041463875,0.179958321792172,0.0002266204441668226,0.012305328559954162,0.2583333333333333,0.0
312X257,312,0,0.32954407019265924,0.15860348727781876,0.00019482587766649344,0.026181911848764134,0.3222109100050276,0.0
520X92,520,0,0.32941536110049674,0.1568023445585573,0.0001519146085867114,0.055812593884078464,0.0,0.0
344X245,344,0,0.3292135996235406,0.09500084202143605,0.000158078763611339,0.05328626115805653,0.09759398496240598,0.0
330X383,330,0,0.32917629330499387,0.18385469759938464,0.00020454891778634194,0.03131644901532953,0.1923076923076918,0.0
400X57,400,0,0.329036698810555,0.1430551229143776,0.00019522596936669828,0.022140665434585614,0.22346757852076998,0.0
520X252,520,0,0.32900462804456637,0.1794414823122406,0.00017832426414588707,0.0302484025813314,0.09705882352941442,0.0
400X35,400,0,0.3283225066870462,0.10815534416226368,0.00015281342436318428,0.049881431609574145,0.0,0.0
312X489,312,0,0.327971939171012,0.1598176853603859,0.00014562882990534458,0.060930663425419085,0.025,0.0
344X25,344,0,0.3277646159724875,0.17926393611344926,0.00019247356953378718,0.01987048228679135,0.0,0.0
750X414,750,0,0.3275269153887358,0.08403641597499771,0.00020015109522276224,0.016040687939278264,0.19661892994851823,0.0
340X7,340,0,0.32735957202904087,0.16863260321864423,0.00018547953219079827,0.02384461742376213,0.0,0.0
330X615,330,0,0.32719260754075524,0.1271038496948807,0.00018875283594849016,0.03185095164048913,0.18865487863729574,0.0
312X385,312,0,0.32707680550248375,0.08475213307260565,0.00014490476340909558,0.06334773856071174,0.0,0.0
312X759,312,0,0.3269519715902875,0.17626971974872843,0.000166560128108391,0.045468807136928975,0.17333333333332474,0.0
312X774,312,0,0.3265949107661327,0.18300191723197165,0.00019112421479728652,0.01919713372929154,0.06106264601621336,0.0
312X193,312,0,0.3263966373710355,0.13096382609018173,0.0001792339442110337,0.029726764166984602,0.0,0.0
312X559,312,0,0.32615616603664993,0.12477645754721775,0.00015408788848961558,0.057895321521673246,0.11112185461411468,0.0
312X142,312,0,0.3261522624104364,0.06456853745837023,0.0001998269658579461,0.014048024029336501,0.1290540323873645,0.0
330X281,330,0,0.3258527403841829,0.1835246050056071,0.00018036022343512046,0.033258597311776654,0.10936641654202064,0.0
330X541,330,0,0.3257572619703137,0.07782193479859838,0.00017420497533293924,0.04134760440834462,0.25222316207733503,0.0
400X211,400,0,0.3257406134724753,0.05246545162920707,0.00018440386453882448,0.02862438591372212,0.18666666666666648,0.0
520X168,520,0,0.32551776843714175,0.14979748611860472,0.00018159318828465446,0.024134186885568558,0.0,0.0
330X559,330,0,0.3250342529736682,0.15504682502062556,0.00018295239638369302,0.026938129033416403,0.04081494137212207,0.0
312X376,312,0,0.3249369507069163,0.13790797809809385,0.00015975455756765314,0.04735026251833045,0.0,0.0
330X1258,330,0,0.3249216660298051,0.09964543286864039,0.00012330621568146238,0.0773890162025788,0.0,0.0
312X772,312,0,0.32480066347256875,0.1838146277507783,0.00018643682030220607,0.02458098209219805,0.0866666666666687,0.0
330X228,330,0,0.32459159796085835,0.16546084449171258,0.00021578407814760444,0.012710151647211157,0.3233641642393012,0.0
312X590,312,0,0.3244936950706916,0.07828664329856928,0.00019263187792989308,0.016846570190843457,0.0,0.0
220X4,220,0,0.3244239674433735,0.18040915913072883,0.0002303878658822007,0.004350027378501936,0.4145136734384497,0.0
312X753,312,0,0.3241421474971341,0.11227419044361851,0.00016643836688147307,0.03973593707930111,0.0,0.0
344X169,344,0,0.32355722634924644,0.14397837165524305,0.00014786901010846036,0.07223735401352495,0.337522844544187,0.0
520X396,520,0,0.32320213985479557,0.08055922254833885,0.00018678864619618306,0.020186697868426307,0.0,0.0
330X41,330,0,0.3230354434969849,0.0928837183285013,0.00014753077943085308,0.06264991287842377,0.1250000000000018,0.0
312X73,312,0,0.32298815437523876,0.10972871188484674,0.00013821267245485582,0.06918274472213852,0.0,0.0
220X120,220,0,0.32282028006570973,0.19922036899746973,0.0002554598158061269,0.005479546793057601,0.44017391487946683,0.0
330X597,330,0,0.3227687869453731,0.08166060296115503,0.000174583091201251,0.03908790491358412,0.2335889342586262,0.0
220X196,220,0,0.3225119073121788,0.19497201141070147,0.00024411379739603745,0.011551652794294327,0.26469079509831855,0.0
312X439,312,0,0.3224073366450133,0.20293969868006106,0.00017307694346402797,0.03862187678805007,0.0,0.0
220X141,220,0,0.32234830646296864,0.09381916564038971,0.00018956400402264878,0.02613400725374518,0.23469233110463886,0.0
750X436,750,0,0.32230764200321105,0.16293232706535232,0.00020157163485292674,0.01595624115336574,0.1749520271711566,0.0
400X93,400,0,0.32200945543953274,0.09178104472768296,0.00013606365029850235,0.07013571745252245,0.016666666666666653,0.0
312X165,312,0,0.3219411539931219,0.19574020916117385,0.00012357089216830628,0.07923274777061123,0.0,0.0
330X569,330,0,0.32175102663344035,0.09897911725830462,0.00019145367577171486,0.028776146331828678,0.453333682070762,0.0
312X130,312,0,0.321750721689445,0.12146849940037484,0.00019747606273484583,0.015365785450883282,0.09653679653679749,0.0
310X158,310,0,0.3217137712563843,0.13470736283839826,0.0001628436537669792,0.07218232043207755,0.8396035633633705,0.0
312X223,312,0,0.32157432174245315,0.06998709425503012,0.00018722668131912397,0.020714807496487013,0.0,0.0
400X30,400,0,0.32129805807517603,0.19109530676116315,0.00023000864613914167,0.011352510252605247,0.6293200229119398,0.0
312X81,312,0,0.32094378045052985,0.056707932481676625,0.0001196936294814932,0.08973114291308573,0.019047619047618907,0.0
520X293,520,0,0.320703095147115,0.11628127769850426,0.00013783211762466067,0.059899726901917326,0.0,0.0
330X6,330,0,0.32064601763301503,0.1542544752541825,0.00018680356562190446,0.03675803261441593,0.6239233344459063,0.0
330X137,330,0,0.32032826977363066,0.2336233626304809,0.0001676469962575402,0.049378436110080304,0.301680615133581,0.0
340X51,340,0,0.32016813144822315,0.07955071230376619,0.00015403672823408786,0.0501020982038937,0.0,0.0
310X206,310,0,0.32006559865315143,0.21192076420576156,0.000215277780367605,0.02525764169174302,0.8204081632653061,0.0
420X133,420,0,0.31987008024455477,0.12804178061760677,8.30573051509224e-05,0.11098045158137826,0.0,0.0
400X77,400,0,0.31979078944270023,0.08820787546381485,0.00013842532402888718,0.0666892434218838,0.009999999999999962,0.0
400X38,400,0,0.31967137944210927,0.27335709788362084,0.00017016956306551128,0.035948394966090015,0.0,0.0
520X266,520,0,0.31958088368830256,0.09153564164222164,0.00014122799182722225,0.06721469389859314,0.07907815631262523,0.0
312X744,312,0,0.3191372326545056,0.16929632147148374,0.00018940263692574844,0.02880473679207559,0.26229799627622025,0.0
400X142,400,0,0.3191325945739396,0.029311200472558693,0.00013904690308358186,0.06623275691472967,0.0,0.0
330X573,330,0,0.3190523019827215,0.1557949844121603,0.00017213748939992653,0.04433046159007716,0.5504384794543234,0.0
340X48,340,0,0.3188612915552159,0.2106993200619375,0.00019579321340426614,0.016385775453453412,0.0,0.0
330X522,330,0,0.3184776078083452,0.11045600144155647,0.000148937761652684,0.0735673629023367,0.5423617942534132,0.0
312X517,312,0,0.31845624761176916,0.07301927053715739,0.00015299141543634624,0.050444737100818426,0.0,0.0
330X118,330,0,0.31830894277731453,0.19490897338910115,0.00017824700964174539,0.03770561892885842,0.16046427100339647,0.0
440AX151,440A,0,0.31813428577887987,0.10869893007352925,0.00015453365407557709,0.06071219435827576,0.45090909090905723,0.0
220X6,220,0,0.3180185727992026,0.10203356669342135,0.00017851004990589186,0.03934894951715043,0.4069703134273174,0.0
344X27,344,0,0.3176843714176538,0.1747082981325513,0.00011285300892092671,0.08165040200970704,0.0,0.0
520X330,520,0,0.31759266335498665,0.04462728696334744,8.257202330173952e-05,0.1481038319163797,0.0,0.0
310X44,310,0,0.31755253204259964,0.11325338521335318,0.00014449077091360985,0.06926652753035067,0.382466998885337,0.0
312X268,312,0,0.3175238823079862,0.1682499356694741,0.00016936872925524442,0.031236265203270948,0.0,0.0
310X165,310,0,0.3172271283620107,0.18842335993019665,0.00022067158675568313,0.028097645098934705,1.0,0.0
330X1210,330,0,0.31698760359412154,0.16491910755957256,0.00020036398347274867,0.022920901988707273,0.3694949494949492,0.0
344X173,344,0,0.31667558272831486,0.15088951891213037,0.00011024603423109016,0.08568688644604601,0.0,0.0
312X221,312,0,0.3165303782957585,0.21433863367486006,0.00020589965861708947,0.02017512999023327,0.0,0.0
520X18,520,0,0.3164599820152081,0.18000714988449035,0.00020676320942625382,0.017509352924875193,0.3,0.0
312X84,312,0,0.31645613498635,0.11553111414978538,0.0001401805313351179,0.06181390127835025,0.09791666666666672,0.0
330X1103,330,0,0.3163159782276502,0.15263629726949782,0.00020426166980639306,0.02295463053837981,0.6678571428571429,0.0
220X15,220,0,0.31615391704105267,0.09005116739664458,0.00022866430448144595,0.010355640190907995,1.0,0.0
520X409,520,0,0.31604055977600687,0.15915090261343542,0.00018652199244747976,0.026453133511241,0.12357142857142564,0.0
312X47,312,0,0.31598777225831104,0.1374349697072413,0.00014630680418735589,0.05005554110000342,0.0,0.0
312X143,312,0,0.31551486026403686,0.08409691526204477,0.0001860841556957622,0.0207229932444297,0.021195652173913615,0.0
330X492,330,0,0.3154335685492221,0.19284347545905572,0.00013607146237702423,0.095911154384812,0.5781837021212082,0.0
312X70,312,0,0.31499909856376357,0.11690959536355583,0.00013911025135118497,0.06393827537093652,0.03835497835497834,0.0
330X587,330,0,0.3146680995036325,0.13523082526225674,0.00016877742994339336,0.04513581960088322,0.5176235899256013,0.0
340X149,340,0,0.31421318124762354,0.12855846184205397,0.00017269478152305396,0.04656970982205717,0.5,0.0
312X65,312,0,0.3136709499866483,0.13949979031379414,0.00018211782277010547,0.02631377977013567,0.22000000000000003,0.0
312X530,312,0,0.31309896828429495,0.11470552350861409,0.00013498233089249766,0.056206961497371824,0.0,0.0
330X788,330,0,0.3129705573530531,0.12331746772233697,0.00016247251268492857,0.0507070753882636,0.3333333333333326,0.0
400X15,400,0,0.31288614809261966,0.10783615874182284,0.00017280763648002095,0.03453048088486252,0.2600000000000037,0.0
312X703,312,0,0.3127932747420711,0.09767610317787657,0.00016901616669795432,0.0355928109708492,0.0,0.0
750X111,750,0,0.3126489477304967,0.1284854628880039,0.00015785977626858906,0.05308112987971535,0.4488633801603991,0.0
520X165,520,0,0.3117261170402134,0.13019675633949868,0.00018835349897356756,0.04160377544532183,1.0,0.0
312X253,312,0,0.3109591134887275,0.2085410815942898,0.00017142752363780817,0.03243198623976853,0.0,0.0
330X933,330,0,0.3103987647265958,0.09203419951318169,0.00019960269043283341,0.026085562481556905,0.819439890710386,0.0
330X3,330,0,0.310228150176064,0.16232500315938092,0.00017727364084366872,0.038832461417602174,0.6064985920449093,0.0
440AX135,440A,0,0.3095705381625574,0.09396818155300146,0.00013989671004972854,0.06895061944847483,0.2490470576677592,0.0
440AX146,440A,0,0.30916074317278563,0.06967170439217092,0.00012747102496456206,0.08800564033794453,0.4114836250705685,0.0
312X267,312,0,0.3085976308750477,0.13132382077495003,0.00015863025076524138,0.03939111548004175,0.0,0.0
400X134,400,0,0.3082460833014903,0.15757714359582273,0.00012017428867654796,0.07470780859484603,0.0,0.0
400X148,400,0,0.3074054260603744,0.13751001381139608,0.00010847600148938186,0.08550321278962951,0.0,0.0
312X207,312,0,0.3069507069163164,0.10186729214057713,0.00011307504450084802,0.08428335673423684,0.0,0.0
312X448,312,0,0.3060985861673672,0.13728248926764422,0.00013641574771730834,0.057030941920896215,0.0,0.0
312X358,312,0,0.30599739567938367,0.07959762672375675,0.00019920965913108548,0.015418380526040849,0.4,0.0
311X15,311,0,0.30595338173481085,0.15246699427327223,0.0001769773716400179,0.02562581865369994,0.0,0.0
360X141,360,0,0.30569863861697044,0.09650817926094303,0.00017979465345942543,0.030431240489345777,0.40371896109266603,0.0
330X264,330,0,0.30567162398552816,0.16333325493156264,0.0001781977769316921,0.025460061481679452,0.06238091267935488,0.0
312X766,312,0,0.3055206288737677,0.09937089756758269,0.00018251821449126487,0.02599601914268441,0.22666666666665652,0.0
440AX108,440A,0,0.305426328776631,0.09355462747564568,0.00015300460610214128,0.05046700784644533,0.2382352941176439,0.0
312X592,312,0,0.3051280091708063,0.11878412596120011,0.0001938976449605489,0.006926133651447587,0.0,0.0
340X39,340,0,0.30428432835955765,0.12966025340538162,0.00018939363593107383,0.037550793641677335,1.0,0.0
312X388,312,0,0.3040657241115782,0.10811448510325118,0.00011608921277499174,0.07611986598279377,0.0,0.0
330X321,330,0,0.3038691321760755,0.1478885959553893,0.00017181586538548036,0.03677812752037876,0.28150282764855356,0.0
360X211,360,0,0.3037243921027935,0.0758872424733031,0.00018480820611655612,0.021609401608599376,0.28722582738228863,0.0
344X156,344,0,0.3033626289644631,0.14100878589351287,8.884831389148216e-05,0.09138470634563241,0.0,0.0
312X463,312,0,0.30324035154757356,0.21106350764306953,0.0001816807938044497,0.01582785079455175,0.0,0.0
360X554,360,0,0.3032256907498309,0.12771615430723607,0.00016739106195595976,0.03997818973295348,0.2410355883380546,0.0
312X698,312,0,0.30190655477420136,0.09311094979472448,0.00018081985151487503,0.04042005209899003,1.0,0.0
440AX143,440A,0,0.3014299215632469,0.13119900132800927,0.00012646873226423774,0.07223092683434894,0.15068264342775958,0.0
750X23,750,0,0.3014175962689865,0.08175299955469428,0.00013779453043454682,0.06758055427080423,0.2699999999999999,0.0
330X930,330,0,0.3009325446641845,0.15176052702878523,0.00020415097817840124,0.02622738402374484,0.8115214716982578,0.0
312X634,312,0,0.3008737416059245,0.12970316019434022,0.00022408716291325744,0.00359213781526104,0.625,0.0
344X230,344,0,0.3007867478384786,0.08171694225540492,0.00015820057961061547,0.048924434843923184,0.4132096474953609,0.0
330X632,330,0,0.3006908369975422,0.07283801510924583,0.00015785354905257614,0.05153942639266544,0.5285714285714287,0.0
312X216,312,0,0.3006419564386702,0.11092501446573537,0.00015833910733307604,0.036535379379186196,0.0,0.0
440AX116,440A,0,0.3002504624530376,0.10245500861274873,0.00016094123248365389,0.04249713700792447,0.339393939393857,0.0
312X438,312,0,0.3001722068072358,0.19610145133116824,0.0001934498017043249,0.01442451729366137,0.22222222222222174,0.0
310X177,310,0,0.29963616305480417,0.14232983747829586,0.00017815681412308563,0.024537054811177704,0.10841493797276296,0.0
420X122,420,0,0.29953381734810847,0.042529849236540726,5.856781038537265e-05,0.14699325126352014,0.0,0.0
330X1225,330,0,0.29947697606376045,0.08283273886214856,0.00017091369355176403,0.052033391684221476,0.9956302521008403,0.0
330X759,330,0,0.29917502605769586,0.08921060102050864,0.0001870911359483524,0.03363486733475057,0.9974693090878619,0.0
340X38,340,0,0.29906763469621706,0.24205300862490664,0.00017895372177466494,0.028369208602343515,0.0,0.0
310X160,310,0,0.2989377149407718,0.1911939706701465,0.00018067553547733965,0.0187833031813364,0.0,0.0
330X594,330,0,0.298568283837866,0.11171951370705549,0.00018390145234808286,0.02824408841588345,0.5962032593331894,0.0
520X181,520,0,0.2985403133358807,0.1269728766300685,0.00012363327977829157,0.06409480992305389,0.0,0.0
330X393,330,0,0.29837055139612195,0.13266182690625086,0.0001596410639105766,0.04886347074827725,0.6051170798898072,0.0
344X191,344,0,0.29822697745510124,0.1048188544824549,9.468071441922374e-05,0.0922032497629363,0.0,0.0
310X19,310,0,0.29792128391287737,0.15448769204844112,0.00010721332798152951,0.08263724124786495,0.0,0.0
400X97,400,0,0.2974010205404848,0.13076120736016475,0.00014555113416356717,0.04506952635685198,0.04575163398692792,0.0
220X128,220,0,0.29718219250637923,0.14805516939995966,0.0002096378054232511,0.005104581534225777,0.4388722504348541,0.0
330X146,330,0,0.2971455657664279,0.19560710700107364,0.00019469544454539398,0.017311014230173536,0.3281038869963174,0.0
220X218,220,0,0.2971218662895262,0.08165802555509069,0.00017917864786579717,0.019755667004150507,0.058325865351935124,0.0
330X1196,330,0,0.2967486407496298,0.12832279669950186,0.00017139430415567296,0.032989420494508426,0.3078250000000055,0.0
312X591,312,0,0.29592281238058843,0.10573048824174205,0.00017519895926809004,0.019252016687450007,0.0,0.0
312X564,312,0,0.2956372244909712,0.17136609078520243,0.00019690109922494969,0.02106047893998288,0.6020385780205759,0.0
312X762,312,0,0.29545650039884486,0.11488798219809551,0.0001807364232250578,0.018919363960156897,0.09975258385353855,0.0
312X307,312,0,0.2948032097821933,0.14017991395067556,0.00017276199206618404,0.01965515422989341,0.0,0.0
400X123,400,0,0.294619793656859,0.15384441893948397,0.00017388958211557695,0.018561565713777112,0.0,0.0
330X139,330,0,0.29441844079463647,0.14321588012309713,0.00019102161784170915,0.018717923800292635,0.2983923179720652,0.0
400X108,400,0,0.29406190294230033,0.08414693076404335,0.00013913463941636842,0.049287788217552454,0.0,0.0
312X595,312,0,0.2938123196185697,0.24222294897775906,0.00017654455233212797,0.022714570729366952,0.05,0.0
340X22,340,0,0.29354222392051965,0.15873212839684356,0.00017909517835825538,0.016101008889711225,0.0,0.0
220X112,220,0,0.2935042607956916,0.08216375712250183,0.00021057066302412902,0.0045664217851517155,0.45712723000559896,0.0
220X110,220,0,0.2930442510893164,0.1533446666200915,0.00022523691957642973,0.004759479186935983,0.4203405629534612,0.0
312X429,312,0,0.29299961788307216,0.07475664640730198,0.00012250415765891124,0.06691490487644448,0.0,0.0
330X642,330,0,0.2929690485288498,0.10555525210779185,0.00017221659264927096,0.019820171512031394,0.0,0.0
330X858,330,0,0.292716781187554,0.10283270841701886,0.00018464515996127225,0.03367572541127235,1.0,0.0
330X1003,330,0,0.29264882828543254,0.1007096158087261,0.00017076954172040733,0.04539966669653927,0.8046577577012259,0.0
312X63,312,0,0.2923767936785455,0.09428266256804477,0.00015388011280668845,0.04798247138858354,0.3869694718793105,0.0
312X669,312,0,0.29223083032998526,0.13010398239701795,0.00016787799022765398,0.03157105017113126,0.19491323641578268,0.0
330X1006,330,0,0.2921895615729976,0.05224305077133424,0.000181367115942352,0.03233658325264253,0.7918577476623833,0.0
330X1208,330,0,0.29216016803176525,0.13745470683892808,0.00018358416646191493,0.019612497829736945,0.3657419835943349,0.0
312X238,312,0,0.29173863202139855,0.12256093361345963,0.0001764712189862838,0.01536418961984554,0.0,0.0
312X483,312,0,0.2915570063442763,0.11118496444581401,0.00017280207062724624,0.03525913347715628,0.75,0.0
312X382,312,0,0.2914405808177302,0.06630617307056656,0.00016462357300992185,0.027837306106885184,0.0,0.0
330X669,330,0,0.2904996675967638,0.1553218954372877,0.00015505286031276678,0.03343739441646913,0.1666666666666664,0.0
312X2,312,0,0.2904616004687982,0.04002501369239662,0.00012362796225555688,0.0767070887561402,0.30340909090909157,0.0
440AX137,440A,0,0.2901277588739996,0.046398217873319596,0.00012294506826522226,0.07916288360252872,0.3855235279625325,0.0
440AX2,440A,0,0.29011295083875627,0.1508069277683502,0.00016940394853569686,0.03213421810156151,0.2408521303258145,0.0
360X125,360,0,0.28980639749119735,0.19194084835604397,0.00018016617543261347,0.0295699586871959,0.3051774045911228,0.0
312X75,312,0,0.2896105820694781,0.13014991667160497,0.00015901847695564444,0.03237235347437374,0.06406604478215755,0.0
312X529,312,0,0.28957704527596306,0.1253001355337784,0.00015085763619942144,0.06480947294090937,0.9,0.0
312X486,312,0,0.2888086669838168,0.06632318347740747,0.0001399735664474109,0.05700755185820684,0.2782051282051282,0.0
310X180,310,0,0.28837252458295703,0.07621141585896704,0.00020024562011873164,0.020454037784118133,1.0,0.0
420X146,420,0,0.2880779518532671,0.09722656052381026,6.934137772705344e-05,0.11098045158137819,0.0,0.0
330X790,330,0,0.28783416945748436,0.052314611828556346,0.00013612790472100988,0.06865658067642134,0.5174325133316681,0.0
520X17,520,0,0.2877198716316469,0.13464608872329076,0.00017254548092262184,0.0504552285259444,0.9718045112781922,0.0
310X169,310,0,0.2875242377903434,0.08953280208042733,0.0001449763488664216,0.07016615143930101,1.0,0.0
312X48,312,0,0.2873748567061521,0.10028807676874976,0.00016664594976043665,0.024485741949036986,0.0,0.0
420X19,420,0,0.2869850974398166,0.20206369805345567,0.0001617632915631992,0.02918496349777714,0.0,0.0
312X445,312,0,0.28686282002292696,0.050761522147953216,0.00010587626306130684,0.08530978998035611,0.0,0.0
312X64,312,0,0.2867827290942227,0.13099407422192813,0.0001663734190296849,0.029251700512185758,0.2345374931581828,0.0
440AX121,440A,0,0.28641690362364636,0.11410761174052889,0.00012775058593087922,0.06684279547417853,0.25999999999994544,0.0
312X331,312,0,0.2859457393962552,0.13848535963803899,0.00017822681154611733,0.017635090582030048,0.0,0.0
312X46,312,0,0.2856314661677906,0.07318234532685484,0.00016541592952922898,0.038642231107623895,0.5333333333333333,0.0
440AX199,440A,0,0.2856082330131076,0.08517538047900777,0.0001525237579291486,0.042411488874185485,0.3497645211931075,0.0
ERROR:#N/A_23,META,0,0.2851994244156463,0.07356177617212367,0.00016159373613077347,0.03292690841171354,0.2444444444444444,0.0
312X239,312,0,0.2848987390141383,0.14894657183546653,0.00017745144348500774,0.01672971884191334,0.0,0.0
330X555,330,0,0.2847621976314506,0.13081202045953877,0.00016901140344397284,0.020299145533179554,0.09639279908331458,0.0
400X12,400,0,0.28424514340796,0.10273426502559399,0.00015528041798184414,0.03721141547611834,0.20000000000000284,0.0
312X236,312,0,0.28398165838746653,0.08741713518701842,0.00018111489139455644,0.010532082084886306,0.0,0.0
520X232,520,0,0.28359189912113103,0.060091744996251785,0.00017126115842106888,0.019502277794184446,0.0,0.0
330X622,330,0,0.28319784300742673,0.2032780353727209,0.00015437617912042903,0.03199164725005475,0.0897032137899714,0.0
312X692,312,0,0.28311321944796475,0.17684371146875377,0.00018704245877168173,0.00958564215910077,0.09956790123461137,0.0
312X16,312,0,0.28264016231771966,0.1497361102294636,0.00014841881973646291,0.055966651843897396,1.0,0.0
312X558,312,0,0.28181294560697434,0.03392586625378832,0.00018632076114761826,0.021369704149092936,0.6748321739492779,0.0
220X9,220,0,0.2817127407382448,0.07263524408804242,0.00016643013904472844,0.03409182955242848,0.4414702809778414,0.0
440AX195,440A,0,0.2817072558455768,0.1322948860161527,0.00013786753080518053,0.048565793422613204,0.19941944847610507,0.0
210X113,210,0,0.2816008689111803,0.22756367626244695,0.00021742835601133817,0.01274386230091933,0.4749539071807146,0.0
440AX187,440A,0,0.28155601018037013,0.19879171013484143,0.0001614491435404753,0.03496097636315691,0.11648351648347921,0.0
330X986,330,0,0.28133079458256366,0.1223892587775127,0.00017784777332152573,0.029932567625226596,0.6800454819235849,0.0
312X738,312,0,0.28130644426885654,0.10127277874111972,0.00017127351913710204,0.024751246563808952,0.2689542360961325,0.0
312X266,312,0,0.2808712265953382,0.07652246920378426,9.440340225078315e-05,0.0858745484784604,0.0,0.0
330X590,330,0,0.27995109711764055,0.1275210240294707,0.00018023676977412618,0.021424666841597988,0.48737046332022665,0.0
400X194,400,0,0.27976524142040204,0.15086074698406451,0.0001865990140685139,0.010654332226141101,0.14000000000000057,0.0
330X525,330,0,0.27974090490800807,0.1398511654565292,0.00017208707690686672,0.027172115974745358,0.5648038984585574,0.0
330X19,330,0,0.27936568589988536,0.06106403660262767,8.329724347790769e-05,0.0921614701801978,0.0,0.0
750X1072,750,0,0.27912491326044964,0.11444181943187835,0.00014056292592891942,0.06711141018779367,1.0,0.0
400X144,400,0,0.2787695834925487,0.05674565420939162,0.00010906287247710951,0.07904409428780869,0.0,0.0
344X200,344,0,0.2785979788666483,0.19016635891995243,0.00017633628254921978,0.020927916973530192,0.26666666666666666,0.0
400X16,400,0,0.27812271003034816,0.09560902371285591,0.0001508028647905886,0.03655967706513021,0.1200000000000017,0.0
330X498,330,0,0.2769582627074624,0.13012124666289993,0.00014902646099827614,0.051255909954444345,0.5666378691708369,0.0
310X155,310,0,0.27692144995196016,0.05304619664782363,0.00017068383816475682,0.03258832156868672,0.6501500750375186,0.0
312X752,312,0,0.2768558345825489,0.07239664289168656,0.00014884694553283872,0.045047294515071126,0.3333333333333333,0.0
330X234,330,0,0.2766121155582806,0.0991064009102919,0.00015934859827806838,0.03456970746958005,0.342652755611966,0.0
312X255,312,0,0.27584256782575467,0.038495871070604065,0.0001503848288089302,0.034775029600945216,0.0,0.0
312X424,312,0,0.2756297704680222,0.05868212350491521,0.00019700802572628537,0.014527954506724861,0.9685418674460864,0.0
330X407,330,0,0.274994874906196,0.13812129110623422,0.00016206176409204535,0.029388784019060067,0.2557440005113321,0.0
340X33,340,0,0.27438288116163545,0.12524358298296123,0.00015088795820635705,0.03345144470473547,0.0,0.0
312X601,312,0,0.27395491020252194,0.1074808065257488,0.00016594989958990054,0.020238288323895168,0.0,0.0
440AX162,440A,0,0.2738338012459631,0.07957876911622568,0.00013838882389324722,0.04522040275487832,0.17251461988308325,0.0
330X599,330,0,0.27343901826884964,0.2268448102820185,0.00014325430158273483,0.04201953300430301,0.1906651268359234,0.0
440AX188,440A,0,0.2734024240280574,0.14825650232853577,0.0001441942346663354,0.03498818797893868,0.13363095238096767,0.0
440AX6,440A,0,0.27293164985119395,0.08033735817586891,0.00016757024880521915,0.018449336421369276,0.07183288409704468,0.0
330X936,330,0,0.27287561513242764,0.1405368109273355,0.0001802893551683699,0.026339648268036437,0.80777322404372,0.0
330X980,330,0,0.2727054424092966,0.14831471506780852,0.00017038935870069283,0.03338081525004888,0.6982121173622864,0.0
750X521,750,0,0.27219477094304756,0.11455314787301908,0.0001752434133489097,0.01476718855428182,0.07543592659296092,0.0
330X363,330,0,0.27120896897574015,0.19939320286364662,0.0001683491739433694,0.03132251132065298,0.1923076923076918,0.0
312X352,312,0,0.2708801176678474,0.17525354658549344,0.0001816825560781088,0.012592398195573912,0.15,0.0
312X12,312,0,0.27081390905617114,0.059762925031565196,0.00013424191760682215,0.04810013798237019,0.0,0.0
312X552,312,0,0.2706169836393498,0.13168489922412555,0.00017590512673720522,0.02237425379013432,0.6470401288210438,0.0
440AX129,440A,0,0.2702269225544365,0.06056398563787146,0.00013919749492229418,0.05260081349467026,0.44363636363635156,0.0
310X147,310,0,0.27018791149157556,0.1472292689873819,0.00019091473285925005,0.016587164645503867,0.430027543882005,0.0
312X638,312,0,0.27014106534503723,0.07935151871576929,0.00018176154164203313,0.012964324997987619,0.4,0.0
520X311,520,0,0.2698586167367214,0.11171944128769593,0.0001497980921626566,0.032022505871360886,0.0,0.0
210X97,210,0,0.26954528085594187,0.11555166299101222,0.00017830945287116614,0.007759334512946423,0.0,0.0
312X265,312,0,0.26932365303782957,0.043201520338299326,0.00011113713304372044,0.06727996405678108,0.0,0.0
312X474,312,0,0.2687499618095803,0.15284712431175757,0.00013772874745285392,0.05015534849236973,0.4,0.0
330X405,330,0,0.2683849094513604,0.09117211075555,0.0001447011501220312,0.04178239032525338,0.29489718259700515,0.0
312X350,312,0,0.26772443669023926,0.16333555207983375,0.00017788856084593514,0.011998830794682525,0.15,0.0
310X161,310,0,0.2676601887299748,0.1342097212039642,0.00016519060222200264,0.04086492383925201,1.0,0.0
312X259,312,0,0.2676499808941536,0.06043739194171745,0.00012387709634840833,0.05199444536062886,0.0,0.0
330X923,330,0,0.2672238432378265,0.15352657572500278,0.0001667210479843063,0.025798097673867475,0.4477204477204368,0.0
312X339,312,0,0.26670997325181506,0.06823840950857171,0.00014893605888468005,0.03234448755657447,0.0,0.0
330X635,330,0,0.2663914909771668,0.12112528117644565,0.00018004665270709012,0.026893289366604643,0.8542857142857143,0.0
330X470,330,0,0.26606483840251277,0.17547883839659875,0.00016743427121867563,0.028608638506542706,0.6082259570494865,0.0
210X107,210,0,0.265689866564097,0.07290583916514816,0.00014870850046612977,0.03362790016425693,0.06666666666666664,0.0
440AX79,440A,0,0.26545956282488054,0.13301487266503134,0.00016309228833228761,0.016924474539817793,0.021637426900583456,0.0
440AX125,440A,0,0.265277042892979,0.07258122538895226,0.00011931223570918039,0.06768083219040522,0.3239071038251358,0.0
330X1251,330,0,0.2650898209890005,0.19809222531410145,0.0001715097745247509,0.02429149041643232,0.4499999999999503,0.0
210X105,210,0,0.26492363145104253,0.16306774940306984,0.00017892339795159048,0.008532868247401149,0.1,0.0
312X600,312,0,0.264799096985474,0.1488812623389862,0.000197433414053365,0.008291712765868552,0.7692307692307693,0.0
400X122,400,0,0.26476881925869317,0.15689455822677498,0.00014583557836497777,0.02725529216830559,0.0,0.0
440AX165,440A,0,0.2635772557965632,0.08690599839928198,0.00014013704145145672,0.04044310202108039,0.22023636740618407,0.0
312X589,312,0,0.26285823461979363,0.18008001837539536,0.00015800005950268042,0.021029492170724147,0.0,0.0
330X689,330,0,0.2627519091006039,0.17731252168045405,0.00016450334072014904,0.018201106200805117,0.07423748419998703,0.0
520X166,520,0,0.26250668704623614,0.08550778551926147,0.00015177360967008063,0.026737589354118286,0.0,0.0
312X362,312,0,0.2622763447562321,0.10364207961998466,0.0001647192124438023,0.02047308869114407,0.375,0.0
520X233,520,0,0.2611310661062285,0.10601706386477328,0.00016007784340644324,0.0193287757356617,0.0,0.0
210X226,210,0,0.2601734151436502,0.07663711854661237,0.00015518415574564378,0.04265208956772414,1.0,0.0
312X645,312,0,0.2601218487338893,0.11717448392439284,0.00012665885615138788,0.05076530799439234,0.30476190476190473,0.0
312X702,312,0,0.26005973570171736,0.14182663963951306,0.00016833474324541423,0.01690221871480322,0.13333333333333333,0.0
330X450,330,0,0.25955647929447667,0.08153405535852982,0.00016437260909588943,0.03300087436174221,1.0,0.0
440AX101,440A,0,0.2593008483592737,0.11619367141152097,0.00016487170723017945,0.016482964523820403,0.15811475409833675,0.0
210X67,210,0,0.259182269774551,0.12585809619106753,0.00011327596573299028,0.047699707736575704,0.0,0.0
440AX211,440A,0,0.25900649598777226,0.1685471668617615,9.976529975102538e-05,0.05714275864141648,0.0,0.0
340X75,340,0,0.25883836453954906,0.07338660005423285,0.00015262553164127566,0.026556937747363295,0.0,0.0
340X110,340,0,0.25847917462743597,0.06723529821918219,6.242829244918204e-05,0.10419904171735375,0.0,0.0
330X557,330,0,0.25785412499554405,0.09609365500974582,0.00015742962351062247,0.020418836295029517,0.06597148295103353,0.0
440AX154,440A,0,0.25773462770556993,0.17652816395989698,0.00012672407198925368,0.047775518431935685,0.3799999999999576,0.0
310X21,310,0,0.2576308750477646,0.1241090792989303,0.00013580879752671693,0.0384342646496804,0.0,0.0
312X767,312,0,0.25715802681506966,0.14832521158964446,0.00015847869667321885,0.022089488622704993,0.15153846153845615,0.0
210X195,210,0,0.2569669400924449,0.12633488077315175,0.00015940045689412507,0.02161644805711453,0.10782426369516526,0.0
312X681,312,0,0.2565121296739512,0.15336888325778833,0.0001517842950290816,0.029085335846503656,0.169184328373029,0.0
330X552,330,0,0.2562739391488128,0.030739343001103203,0.0001696139689204178,0.016134869661297298,0.264278245889913,0.0
210X19,210,0,0.25620940007642334,0.21571032450366434,0.00014670189854523507,0.02225433938177527,0.0,0.0
312X639,312,0,0.25614776545916346,0.12838453068809935,0.00015393799421882878,0.026749599659321548,0.19142857142857145,0.0
312X245,312,0,0.25608621514287555,0.07603429661400746,0.0001895320922418685,0.013540019602952627,1.0,0.0
312X427,312,0,0.25587313717997706,0.13947010691668513,0.00012917843619639994,0.03793316876940443,0.0,0.0
210X109,210,0,0.25510126098586167,0.031638808585418635,7.365798278093766e-05,0.09179109230802293,0.0,0.0
312X340,312,0,0.25465036301108135,0.05743140136223407,6.673925072512318e-05,0.09261848239289587,0.0,0.0
310X207,310,0,0.25429117309896826,0.05793392556688616,0.00014893835788353082,0.02785375248876821,0.0,0.0
312X356,312,0,0.25377174703977834,0.09346994953796152,0.00017803144123243694,0.009949337888898064,0.4,0.0
420X144,420,0,0.2531524646541842,0.06850483749622197,4.359171794687242e-05,0.10439898500320728,0.0,0.0
520X261,520,0,0.2526048175702117,0.06183787210256824,0.0001402622110171097,0.03740834252199449,0.1392857142857164,0.0
312X260,312,0,0.2521054642720672,0.15557278344058106,0.00013280039826490549,0.028812118105299316,0.0,0.0
440AX123,440A,0,0.25194844764196284,0.046796869104797204,0.00012091029509757836,0.05679550549099066,0.3297354497354579,0.0
330X548,330,0,0.25148784084771647,0.12839183599379098,0.00014800127514406653,0.021472791545274275,0.11200928301261878,0.0
312X332,312,0,0.25144634344388295,0.11528872618499952,0.00018436332913085305,0.013298386747095863,1.0,0.0
330X16,330,0,0.25128773404661825,0.023260870122779508,8.954311778110264e-05,0.08018593785577706,0.0,0.0
440AX85,440A,0,0.25117219217182596,0.08210528168894338,0.00016506845472197217,0.016564071624639375,0.14471480900052894,0.0
220X130,220,0,0.25112170484848595,0.12630175535204707,0.00019120146913149702,0.0038882444874991694,0.43517624344811523,0.0
330X639,330,0,0.2510665797546628,0.18878116126745215,0.00017289765525642858,0.02689800930303684,0.8542857142857143,0.0
312X66,312,0,0.2509794700991335,0.08552413852707226,0.00016163782801750047,0.017124335820912398,0.125,0.0
312X262,312,0,0.2505540695452808,0.10139395455732998,0.00016150168891132166,0.014776680461403149,0.0,0.0
750X392,750,0,0.2503124312716233,0.08020032904646189,0.00015427615152951955,0.025865696234058953,0.25002359825785403,0.0
312X31,312,0,0.2497119664590101,0.09213401551547999,0.00012926789818562402,0.04103914694864883,0.14285714285714285,0.0
312X524,312,0,0.24932365303782955,0.13125483804133978,0.00013491921109709415,0.034180122861989674,0.0,0.0
312X470,312,0,0.24930836836071837,0.06618100603251427,0.00016130613941148187,0.01582876682958129,0.0,0.0
520X393,520,0,0.249163163928162,0.11702538377517317,0.00015303509445663537,0.019177571408324788,0.0,0.0
400X21,400,0,0.24875811998471536,0.1345762819131194,0.00014664585390060869,0.02452456616051317,0.0,0.0
440AX163,440A,0,0.24851964334624216,0.07258998926471442,0.00013696391627278948,0.036865393681032345,0.14759398496234424,0.0
344X29,344,0,0.24839893007260222,0.0836156081090131,0.0001551064333804828,0.016965824975823034,0.0,0.0
310X164,310,0,0.2483265561217834,0.14185152828414196,0.000123644325628897,0.05262397853846951,0.4027352168972137,0.0
310X188,310,0,0.24824547797521843,0.06482851896333888,0.00012736530483035128,0.044912294710853284,0.0846737020501318,0.0
312X679,312,0,0.24810902881602384,0.18293826315186384,0.0001629261598057902,0.021499488266055935,0.14405824427948322,0.0
312X214,312,0,0.24781047000382114,0.08661315699760888,7.970837175796307e-05,0.07831524699309078,0.0,0.0
750X455,750,0,0.2475621587598229,0.11183430884323228,0.00016554944383844521,0.016153959775401548,0.24483843720231085,0.0
440AX118,440A,0,0.24738834195035947,0.050464143383887515,0.00012399889078511389,0.047185960039181865,0.3577777777777449,0.0
310X181,310,0,0.24718685492185344,0.11410704378078013,0.00017808692442800454,0.011546888613839845,0.801982901615915,0.0
330X709,330,0,0.246736904322522,0.1611852302994992,0.00015092378188326174,0.038228316440423245,0.9,0.0
440AX107,440A,0,0.24625975051529778,0.04616265632787989,0.00010864771653961228,0.061876808006684755,0.2430069930069627,0.0
520X16,520,0,0.24600289895882277,0.1827601020288648,0.000157721625481233,0.02707982529992321,0.5567886658795735,0.0
440AX144,440A,0,0.245587402096894,0.0537567069259351,0.00012847058655935162,0.04578477239607369,0.27934782608698006,0.0
750X1050,750,0,0.2447564453294075,0.11313893910965525,0.00017769032360587952,0.014547562587036258,1.0,0.0
312X41,312,0,0.24447808598572882,0.09792408457214857,0.00018144274662105765,0.0100296932290826,0.7,0.0
330X224,330,0,0.24396938884227834,0.12776247620674502,0.000159366010777195,0.02277615410924648,0.5025900132849627,0.0
360X573,360,0,0.2433366312583758,0.11516500253406027,0.00014922646139603777,0.025402358680063325,0.16792770233503046,0.0
440AX27,440A,0,0.24256670252053456,0.16191557304041418,0.00015225139010419244,0.018156573649557653,0.27111111111107383,0.0
440AX114,440A,0,0.2423665271204741,0.06346760867945188,0.00011297793236504365,0.05738422756352764,0.28155032595706364,0.0
440AX128,440A,0,0.24226435888365364,0.04577212460825555,0.00012164350120071356,0.05805438599195266,0.4666666666668067,0.0
312X675,312,0,0.24214651203625942,0.039062724539943555,0.0001459895934691595,0.03009191831196394,0.2087516011975025,0.0
360X712,360,0,0.24201757737867785,0.12714360865351834,0.00014082015404615148,0.02313960015286373,0.0,0.0
440AX160,440A,0,0.24158136546765605,0.17601230049495478,0.0001415298902085245,0.029643818605818918,0.3184523809522479,0.0
312X364,312,0,0.24151850374267783,0.13229093884810386,0.00015260284720920543,0.019351587925139357,0.42556818181818185,0.0
750X14,750,0,0.24117692013756206,0.028691060651591913,2.873593162188555e-05,0.10999082775098815,0.0,0.0
440AX200,440A,0,0.24116743701124163,0.1526846117303309,0.00013388084539748873,0.04081700210613048,0.3866830065359581,0.0
440AX119,440A,0,0.24073522359795563,0.04895932025762155,0.00012267887377144748,0.053092910973914095,0.34621621621616433,0.0
330X430,330,0,0.24058570193239057,0.10256830182118645,0.00015312097114417292,0.033769737496754715,1.0,0.0
310X174,310,0,0.23979162260132414,0.07206562771791267,0.00010674094389614324,0.08340487053227266,0.9948924731182796,0.0
312X640,312,0,0.2390039384404794,0.1220269802229908,0.00016854612878083468,0.010596794990928995,0.5,0.0
440AX174,440A,0,0.2383063552337706,0.07262726757284961,0.00013958798955467948,0.02966996296219366,0.03333333333332912,0.0
312X85,312,0,0.23823461979365684,0.06707008035149037,9.680062333051487e-05,0.06570215884445549,0.0,0.0
440AX95,440A,0,0.2379413545996132,0.06944640223383432,0.00015257113876522414,0.01953235144944749,0.1175513452064961,0.0
312X668,312,0,0.23782692972642536,0.1706933244485788,0.00015334757509403036,0.016123373335257575,0.12917089295970868,0.0
330X608,330,0,0.23752738811771518,0.13768815157305886,0.00015111828880207757,0.024550372043186264,0.34031945142506653,0.0
440AX93,440A,0,0.23715604725132863,0.1423451697220305,0.00014777426753406043,0.016618266907504366,0.019506180118350917,0.0
312X222,312,0,0.23712648070309514,0.11569344132138165,0.00012082188672594926,0.039049902708106515,0.0,0.0
312X60,312,0,0.23696467142400307,0.1079468194768146,0.00011374215431180868,0.04720659627321198,0.20694444444444446,0.0
440AX161,440A,0,0.2368886970900458,0.07335713938820407,0.0001436319772870989,0.02914535026935173,0.215691056910508,0.0
750X1329,750,0,0.23659151700420328,0.12971299096851915,0.00013221975563973304,0.03185062321772976,0.0,0.0
344X168,344,0,0.2365303782957585,0.022838272398599528,4.487045588909135e-05,0.09935459286063333,0.0,0.0
312X487,312,0,0.236212532425145,0.14178233627769424,0.00013143334634769326,0.044564063793130056,0.888888888888889,0.0
312X102,312,0,0.23592012457301575,0.07004861876784202,0.00016985977887943153,0.020746321936251803,1.0,0.0
312X233,312,0,0.23581964081008788,0.09146544218410455,0.00015091048613580954,0.017433170065757335,0.0,0.0
312X518,312,0,0.23579671379442108,0.1743653060456099,0.0001207112758908466,0.03755014798501047,0.0,0.0
440AX126,440A,0,0.23562517265518404,0.08330623290209788,0.00011425429258844885,0.054293684108642326,0.34993183907372016,0.0
420X120,420,0,0.23535345815819642,0.09674915528641807,0.00014743572442835925,0.020132206103887433,0.0,0.0
330X585,330,0,0.23480869761107045,0.11717912508865773,0.00014492570205139815,0.028800846178745454,0.3341267760442811,0.0
312X598,312,0,0.23470385938097058,0.11849037867895919,0.0001596779270530335,0.008156922370708211,0.0,0.0
440AX44,440A,0,0.23461323880604698,0.1321357453317707,0.0001584416103069803,0.016025337413938183,0.3035564748730952,0.0
330X571,330,0,0.2345118976547056,0.17508693447177645,0.0001413654757800966,0.026087644498280972,0.31386674048880087,0.0
400X159,400,0,0.23423003439052353,0.056577727121100256,9.333325757544342e-05,0.06776360612506142,0.0,0.0
312X442,312,0,0.23395491020252196,0.12308080141460474,0.0001619863620138727,0.007861332375500844,0.0,0.0
440AX201,440A,0,0.2338367621949314,0.14750645438038323,0.00014562870331470443,0.027408670134633197,0.36666666666673614,0.0
750X211,750,0,0.23368544285948217,0.11920187514447092,0.00014998114935559195,0.019871834930290176,0.1845912602171232,0.0
330X298,330,0,0.23367947501025496,0.030437641549859992,0.0001124565876191223,0.0630386673842352,0.4755452645007015,0.0
312X263,312,0,0.23353458158196405,0.0958143761194285,0.000140235757631122,0.025083735286253416,0.0,0.0
311X16,311,0,0.23237294612151316,0.10367693632917986,0.00012663981773205097,0.03519134823019977,0.0,0.0
520X184,520,0,0.23193733282384404,0.18023680701769942,0.00012934521411378435,0.022777873231337738,0.0,0.0
312X754,312,0,0.23169277799006496,0.111719007374631,0.00014040820243947676,0.021812917565120278,0.0,0.0
ERROR:#N/A_10,META,0,0.2315934275888422,0.1034474064974684,8.116464248653618e-05,0.06298995938536524,0.0,0.0
330X300,330,0,0.23112012851143188,0.15266760221969966,0.00012045939835982865,0.050079400209245076,0.3370857310610117,0.0
312X667,312,0,0.2309980105955387,0.11942126347983932,0.0001473339992756172,0.019362093583322408,0.036333333333333336,0.0
330X514,330,0,0.2309647241560063,0.137359414994541,0.00013901296130874307,0.02825324789598708,0.3135158063311733,0.0
520X394,520,0,0.23056935422239205,0.15290749653464475,0.00015441046078402986,0.009043045789165413,0.0,0.0
440AX179,440A,0,0.23031519840728368,0.09100652806735281,0.00013542721069182665,0.027056375526109483,0.14000000000003182,0.0
340X35,340,0,0.22988154375238823,0.13852879138215846,0.0001243583600390856,0.03316378727199648,0.0,0.0
312X476,312,0,0.2288927377861109,0.040501488489771614,0.0001272870236632611,0.04320345829043223,0.4,0.0
312X554,312,0,0.2281620175773787,0.09556999894370176,0.00015867841608232543,0.008486288307724566,0.0,0.0
440AX132,440A,0,0.2281390660650647,0.10380649845928981,0.00010889810643228573,0.05046704502554474,0.23244068198734044,0.0
400X133,400,0,0.22778754298815435,0.06163200400805682,6.927588787257447e-05,0.07573802198457077,0.0,0.0
312X594,312,0,0.22770540829945504,0.06447963603506057,0.0001698042815531588,0.012600046483041093,0.9230769230769231,0.0
312X755,312,0,0.2274436377531525,0.06169597986695506,7.815241217477323e-05,0.06691490487644446,0.0,0.0
330X749,330,0,0.22743592899119106,0.07607184182192557,0.0001501114642610068,0.03367518688489273,0.996652719665272,0.0
440AX140,440A,0,0.22736247765317574,0.08235049217411432,0.00012055263690262245,0.04798988293350777,0.3166666666666128,0.0
340X40,340,0,0.2264424914023691,0.2632618846114621,0.00012850931392597906,0.03033095861854134,0.0,0.0
440AX142,440A,0,0.2261946728470594,0.026636369260088784,0.00010662233066361691,0.0544305447015647,0.32272727272724167,0.0
440AX130,440A,0,0.22591046786043276,0.04480227040118429,9.365066273194337e-05,0.07043895930068353,0.39642857142848104,0.0
312X365,312,0,0.22578831568317614,0.060857164599711744,0.00014079858642030194,0.029230153087871795,0.4023529411764706,0.0
312X761,312,0,0.22536621926827408,0.1467238922787913,0.00013988195302346644,0.02183081039685311,0.1947619047618932,0.0
340X57,340,0,0.22521207489491785,0.15447703232976226,0.00012928146308612665,0.021404289583885492,0.0,0.0
ERROR:#N/A_7,META,0,0.22507451280091706,0.06305762615581849,0.00014817503032845438,0.016897251395864878,0.0,0.0
440AX204,440A,0,0.2244285810566629,0.11899823993241809,0.00013231735794644615,0.02974131970241343,0.27500000000002844,0.0
440AX147,440A,0,0.22412113492800487,0.09823395862810215,0.00011466648922436923,0.053075306451106544,0.48061538461539366,0.0
440AX198,440A,0,0.22385542989392734,0.08947851654159235,0.00012408668956954196,0.04254905896366273,0.40875000000000855,0.0
330X440,330,0,0.2230351623064227,0.14340955552402612,0.00014778915322550507,0.031337965266171254,1.0,0.0
312X672,312,0,0.2219590694507542,0.13487805863548336,0.0001681624573123557,0.015898543292738883,0.8193544402578532,0.0
520X410,520,0,0.22194962094984239,0.05713758933569356,0.00015385631299817898,0.016051841642933534,0.24324324324324859,0.0
440AX18,440A,0,0.22124136559749702,0.10533662391560585,0.00014771667218100226,0.016174955040958845,0.1563636363636598,0.0
344X196,344,0,0.2211387084447841,0.11540393798916125,0.00014172874938118133,0.015171973315848583,0.0,0.0
400X19,400,0,0.22106228505922815,0.03696773821440798,0.00010369993609791318,0.05113964316588959,0.0,0.0
312X462,312,0,0.22103311243317186,0.05099992041418081,0.0001662731067420045,0.0088413057937092,0.6042378673957621,0.0
312X189,312,0,0.22084829957967136,0.16853883322947633,0.00011173776381276067,0.03356622442881596,0.0,0.0
312X666,312,0,0.22075643363983918,0.08950648397941735,0.00016397005037147453,0.014791239504040404,0.8529714190018979,0.0
312X586,312,0,0.21907527703477264,0.11541701031135539,0.00014505624767668248,0.015480960393155973,0.0,0.0
440AX61,440A,0,0.21893125918595438,0.15925734677530592,0.00013175941515378967,0.01647122820532423,0.03295704467354255,0.0
312X197,312,0,0.2182651891478792,0.1676255698457257,0.00014981538927664328,0.01267637485031033,0.0,0.0
440AX74,440A,0,0.21822396261827057,0.14419200525278827,0.00014027870919882123,0.016367715574994363,0.024294458229947392,0.0
440AX45,440A,0,0.2180585514789331,0.08934604571426645,0.00015353656678105602,0.015941928090821504,0.3340075356742076,0.0
330X1253,330,0,0.21764481733107996,0.12180871451731412,0.00014965801406610375,0.023150438465523403,0.49999999999992895,0.0
330X214,330,0,0.21734522762651567,0.12649508723110875,0.0001527800017995851,0.012559081284522225,0.5292877133524556,0.0
440AX86,440A,0,0.21717250523136983,0.1866292863035234,0.000142746076887951,0.01614128719491752,0.050809889173054054,0.0
330X544,330,0,0.217087865124101,0.044767215372123664,0.00015247911616303634,0.01859033548657884,0.4871864446300462,0.0
310X166,310,0,0.21579602003451623,0.0471786811235935,0.00013791656188421006,0.03384975506834931,0.8110060189165917,0.0
330X1107,330,0,0.21552268305971584,0.1423210034259851,0.00014614219623165976,0.02468821505084983,1.0,0.0
312X93,312,0,0.21544516622086357,0.07062595654205724,4.945998652480759e-05,0.07201164895044523,0.0,0.0
440AX183,440A,0,0.21534274230719483,0.125770459323615,0.0001227949647268908,0.0321746326021325,0.037499999999962695,0.0
312X21,312,0,0.21505864366041774,0.09702654060398765,0.00014929651008599885,0.01813999306180179,0.4130434782608695,0.0
440AX11,440A,0,0.21505140037260242,0.07676194048933295,0.00014781621414080757,0.016205323829516963,0.23646153846153864,0.0
520X182,520,0,0.2148184944593045,0.14886341615019233,0.00013270549742695984,0.016545864714273113,0.0,0.0
330X1100,330,0,0.21480467849342108,0.08649030349655504,0.00014235580990817833,0.02769601990970137,0.7184761904761905,0.0
220X216,220,0,0.21468746421262855,0.11956850014158073,0.00012704123202385802,0.027715509689007163,0.025000000000000022,0.0
440AX120,440A,0,0.21465487176957793,0.024578749438032683,0.00011511955252747174,0.04594299561802479,0.39545454545452857,0.0
440AX94,440A,0,0.21460720242483172,0.12269210840945494,0.00014388960586604838,0.01773366710552353,0.23628610303906022,0.0
330X550,330,0,0.21444528284923275,0.09587301963683381,0.0001413967431449613,0.0224318565536818,0.11899293261452959,0.0
520X91,520,0,0.21429117309896828,0.046675078293705305,5.8787209831404386e-05,0.07008079826279043,0.0,0.0
440AX166,440A,0,0.21417336029479955,0.045823673506675884,0.00012173434012693126,0.0389135983720909,0.30494505494507307,0.0
440AX171,440A,0,0.21407786782624333,0.07509720586733895,0.00012420910831379968,0.02744579248150537,0.20333333333338116,0.0
312X531,312,0,0.21337409247229652,0.08847048353648998,0.00011434976792933347,0.03877885314486683,0.0,0.0
312X475,312,0,0.2132390238400336,0.09872715118242738,0.00010829064775392527,0.045351756945706104,0.5,0.0
420X20,420,0,0.21290790982040503,0.0715200323280401,0.00013317212206155716,0.021935491436054312,0.0,0.0
312X644,312,0,0.21285954855477804,0.138521144022314,0.00014077354810386195,0.011073405122742446,0.16666666666666666,0.0
210X98,210,0,0.21272449369507068,0.12878667885579909,0.0001238379578701067,0.029562481524353663,0.0,0.0
312X334,312,0,0.21225066870462359,0.14549108071848768,0.00014506958949263323,0.012689606304025972,0.0,0.0
440AX169,440A,0,0.21205195407656124,0.14619722356386558,0.00012160052039805339,0.025865272071400176,0.40000000000009095,0.0
360X696,360,0,0.21187619411539932,0.06737499172124252,6.667586686127958e-05,0.05925536592436824,0.0,0.0
312X11,312,0,0.20925193193827257,0.13515749577252165,0.00015217549600172485,0.015356886821038524,0.6363636363636364,0.0
330X1157,330,0,0.20918609094382878,0.01723221520705673,4.6721871272563986e-05,0.07359646166467917,0.0,0.0
312X353,312,0,0.2088310181582167,0.1084999904224036,0.000135865631546793,0.021287837140823995,0.19823529411764707,0.0
440AX164,440A,0,0.20866983554480031,0.12631230460420792,9.175257607957459e-05,0.048510472896870604,0.09537631973471844,0.0
312X210,312,0,0.20780282766526556,0.12070862487707819,0.00012046786970909407,0.026866018224552805,0.0,0.0
312X256,312,0,0.20778754298815433,0.13395705937499633,0.000133887785337041,0.020169028190783683,0.0,0.0
440AX168,440A,0,0.2076938009978529,0.10722053605405706,0.00013294562080716404,0.025815211796860693,0.5000000000001421,0.0
440AX170,440A,0,0.20715414140907412,0.11201114602404162,0.00012816967545359656,0.025590613490577434,0.3800000000001035,0.0
312X261,312,0,0.20693160106992742,0.06867005650208964,9.466556984422168e-05,0.046106487282098665,0.0,0.0
400X23,400,0,0.20603744745892244,0.0419490253645178,8.385467806097563e-05,0.057494646468885205,0.0,0.0
440AX10,440A,0,0.2058778433005779,0.20551886213021278,0.0001459237579673298,0.016137018342261458,0.2502289665730496,0.0
312X597,312,0,0.2058693160106993,0.056662391306173725,0.00013787192815947207,0.017336641370075494,0.0,0.0
330X828,330,0,0.20581879626542382,0.1140269880907229,0.00012908237522230912,0.033545912188505486,1.0,0.0
750X1321,750,0,0.20579309060504164,0.13168768233023395,0.0001192366765355798,0.04316416830626037,1.0,0.0
440AX181,440A,0,0.20576761347502606,0.07210112841716373,0.00013087145747528746,0.026836717699369756,0.44000000000013983,0.0
210X68,210,0,0.2057088269010317,0.01573285767335428,0.0,0.0897720369757995,0.0,0.0
312X522,312,0,0.20537977979882283,0.14798203399279097,0.00014212871975481295,0.020855694050205847,0.8333333333333334,0.0
312X428,312,0,0.2051761547558681,0.12026917941579186,0.00015772086592026998,0.015146654480895588,1.0,0.0
344X182,344,0,0.2048758119984715,0.2719248480427991,0.00021280007299752612,0.008878348115762602,0.0,0.0
440AX4,440A,0,0.20435244302811872,0.13890715689621297,0.0001316169893465341,0.01819951054850033,0.1161089681774315,0.0
440AX111,440A,0,0.20398532305770814,0.08501958425526121,9.59018343831107e-05,0.05050691814435526,0.21532663999158438,0.0
440AX197,440A,0,0.2027497304973195,0.02188937635477254,9.690009032805557e-05,0.049608079788287865,0.19635041910836232,0.0
312X576,312,0,0.2023576865994253,0.03066223275038415,0.0001592615980745624,0.008993595057961903,0.6951109169457793,0.0
440AX24,440A,0,0.20096821263278164,0.11254653779875985,0.00013729754938542087,0.018350389418900895,0.21151282051282436,0.0
330X512,330,0,0.2006503318330964,0.12172397076192407,0.00012457758578902144,0.023944849571532718,0.3364498031461577,0.0
440AX16,440A,0,0.2001063163128093,0.14152763019664497,0.00014232674724995036,0.016224031377712216,0.3236363636363367,0.0
312X488,312,0,0.2000984856052467,0.06970999287330766,0.00012261718444436364,0.03690894501464867,0.6142857142857142,0.0
312X423,312,0,0.19971581348145445,0.15049149648466875,0.00013263038247918272,0.026192998930832812,0.8870627194465929,0.0
312X96,312,0,0.19961788307222011,0.13972658668549862,0.00010938064875343385,0.028468891207647996,0.0,0.0
312X566,312,0,0.19961024073366448,0.0807736139415433,0.00014265854618635427,0.009079027848904532,0.0,0.0
312X585,312,0,0.1995873137179977,0.12162196076586634,0.0001285565113088162,0.01584139248426304,0.0,0.0
440AX191,440A,0,0.19913727882471272,0.15371173673006702,0.00011470090329375186,0.029498303465718273,0.21818181818186327,0.0
440AX202,440A,0,0.19846554182876994,0.0630844771543947,0.00012499918731140644,0.027289662911250956,0.30000000000008337,0.0
312X579,312,0,0.1984562476117692,0.14764344055700485,0.00012887603214161282,0.01583826911093647,0.0,0.0
312X674,312,0,0.1978721555430369,0.05529810793678337,0.00013917939992982598,0.01659352478503418,0.13972989564149785,0.0
440AX196,440A,0,0.1978316991675087,0.03011279795692016,0.00010559880026556282,0.043331673133468744,0.2153846153846719,0.0
330X637,330,0,0.19708883689317672,0.04845309622636381,0.00013553884410184635,0.02689110731243003,0.8542857142857143,0.0
210X29,210,0,0.19680168131448225,0.15172440036119025,5.883966071153117e-05,0.05344537859614458,0.0,0.0
440AX185,440A,0,0.19643744029717405,0.04726308883008941,0.00011426029504119634,0.03210571636248097,0.0800000000000182,0.0
440AX58,440A,0,0.19631028490708013,0.11682880067816724,0.00013178289226059158,0.017047191251651866,0.08114285714285278,0.0
420X158,420,0,0.19622850592281238,0.025711325334764962,0.0,0.08376321521164505,0.0,0.0
440AX82,440A,0,0.1959385231262794,0.12302960729232035,0.0001292508112049786,0.01739532451403571,0.04844524877499057,0.0
330X69,330,0,0.19555215896064193,0.09981096620863728,0.00011350194174589894,0.031037016712832693,0.0,0.0
750X1313,750,0,0.1950609773954604,0.08960085162494835,0.0001467245591349036,0.01564856110515906,1.0,0.0
312X168,312,0,0.19446694688574703,0.11773060806138813,0.00014405678860602436,0.007004703626956066,0.0,0.0
312X43,312,0,0.19341964695689468,0.07573652373086136,0.00012332104160790985,0.020470525157712093,0.06000000000000001,0.0
440AX89,440A,0,0.19304113333920536,0.09753292971186345,0.00013559764843981795,0.01618655124992702,0.16190230478159343,0.0
440AX78,440A,0,0.19296793732039225,0.05930422328848012,0.00013669601914873556,0.01598881219968009,0.1689898989899488,0.0
440AX98,440A,0,0.1927797616233088,0.16255083574206328,0.00013273556680948946,0.01654600091232806,0.3214285714285668,0.0
440AX177,440A,0,0.19213393303997112,0.06804823247304087,0.00011746418718188532,0.027432211571875566,0.16785714285701125,0.0
312X582,312,0,0.1920048565503231,0.12926339033611123,0.00016038570649897166,0.005373760588032508,0.6826052133391582,0.0
440AX75,440A,0,0.19195025852242803,0.1487821310963376,0.00013526971770090238,0.017335768082858256,0.2873910891089232,0.0
440AX13,440A,0,0.19176273345469244,0.10053284485106483,0.00013344819296265916,0.01710362115387188,0.37197802197801944,0.0
340X37,340,0,0.19166985097439815,0.11382975629003865,0.00010904462615428299,0.030982653921804736,0.0,0.0
440AX51,440A,0,0.19112166158603236,0.11828311154656239,0.00012962236731604848,0.017824049577721875,0.16282051282050464,0.0
312X560,312,0,0.1908616873830221,0.140672192556828,0.0001405706986739069,0.005282830578487272,0.020915926179084075,0.0
440AX31,440A,0,0.19070162723613784,0.09819568527971005,0.00012896849793817003,0.01813735542164599,0.06101617680564799,0.0
340X36,340,0,0.1906916316392816,0.07207401224705227,0.00010771147089545648,0.036839778749080086,0.0,0.0
440AX62,440A,0,0.19055356966787224,0.14396397174484202,0.00012590776816200032,0.017003771605607027,0.07976387411871133,0.0
440AX41,440A,0,0.19030141417548657,0.0909376741188148,0.00013598399750335013,0.016540620637067165,0.3514984100971739,0.0
440AX64,440A,0,0.1902995894022263,0.11274256402342532,0.00013364645265538856,0.016421353462143982,0.2358163265306204,0.0
330X719,330,0,0.19023243216184826,0.08650615510515529,0.00012413112112765246,0.033602522709331145,0.9995495495495496,0.0
330X79,330,0,0.18970777362086091,0.04560041352925841,0.00013004622916429443,0.030082014678767404,1.0,0.0
440AX38,440A,0,0.18925428900994717,0.1391707303700968,0.00012190164304169029,0.017671068142818946,0.19715682649247374,0.0
440AX149,440A,0,0.1890235394528905,0.055804197016234756,9.464628638384577e-05,0.051292572841592374,0.5195195195195966,0.0
440AX141,440A,0,0.1889884131803797,0.08718771864550943,0.00010084474469260914,0.0399561381708213,0.3342657342657044,0.0
312X363,312,0,0.18884426960080675,0.13852405056348283,0.00013690357326597325,0.017827261004618754,0.37471590909090907,0.0
440AX36,440A,0,0.18878228775040581,0.09825344589038286,0.00012315073813308307,0.01884735067266331,0.12154260833505355,0.0
312X528,312,0,0.18815176711495632,0.10003978652108746,0.00014609848897806832,0.007308962531343122,0.7689948854035541,0.0
312X337,312,0,0.18774933129537635,0.05431162465884899,4.623336420317619e-05,0.05645311711365893,0.0,0.0
340X46,340,0,0.18746656476881923,0.07908923671615338,0.00012610342682462281,0.016904029369260658,0.0,0.0
440AX173,440A,0,0.18694803442689956,0.07719347133673438,0.00011774904236113489,0.027391408032247138,0.15000000000003158,0.0
210X141,210,0,0.1861062285059228,0.02342912557993423,0.0,0.07683310930464626,0.0,0.0
312X630,312,0,0.18566252283304227,0.08962051544907505,0.0001357075067096381,0.015265024652899828,0.6161375661375661,0.0
440AX100,440A,0,0.1854818695666989,0.1305617295003921,0.0001266649459606485,0.016360286307840574,0.1782051282050857,0.0
440AX35,440A,0,0.18527779984822418,0.08531522947041174,0.00012555412247477332,0.01806405228855016,0.19102941176470775,0.0
440AX186,440A,0,0.18458103004444698,0.0743305615512425,0.00010745027036516363,0.034840614916006554,0.1690225563910024,0.0
440AX178,440A,0,0.1843820909985477,0.06488457823615877,0.00011305832349410999,0.02782230827062986,0.28749999999991294,0.0
440AX48,440A,0,0.18427513628788494,0.0745059325450892,0.0001315542023802691,0.017253115373929106,0.22303030303030996,0.0
340X69,340,0,0.18362246847535343,0.08884345367057345,0.00010280596281977256,0.02792425909155578,0.0,0.0
440AX193,440A,0,0.18356028721269668,0.07290243958948037,0.00010314066772424562,0.03146133541630601,0.2833333333333333,0.0
440AX92,440A,0,0.18339904953657618,0.11972957930149151,0.00012356886101058987,0.017657498934998843,0.07254120657425232,0.0
440AX63,440A,0,0.18299360412385668,0.06443654062671136,0.00013080477133403453,0.016298577240036645,0.11588003977574642,0.0
440AX206,440A,0,0.182852602459386,0.08793877600561041,0.00011096289640767705,0.029554163707169213,0.18333333333338703,0.0
440AX59,440A,0,0.18276074418890748,0.16718591121448445,0.0001105741073292338,0.0174816725172277,0.04804597701148198,0.0
440AX50,440A,0,0.1822446980291301,0.08209545263637921,0.00013142854719242354,0.017076802380717217,0.23480682839174385,0.0
440AX25,440A,0,0.1819237337435391,0.06107619081254558,0.00013044806620131024,0.01779012261896986,0.31454545454541616,0.0
440AX56,440A,0,0.1811340791561411,0.07681488472623071,0.00012134176175308633,0.017402494365169406,0.01608187134501453,0.0
440AX7,440A,0,0.18075430891420324,0.12533947474336377,0.00012934358024063627,0.016098919996528217,0.24999287377073198,0.0
400X135,400,0,0.1807107374856706,0.04357421718408635,5.503902442992237e-06,0.07263771250280401,0.0,0.0
312X678,312,0,0.17987364608914497,0.11888194237378583,0.00014081986634621507,0.013268732127988292,0.8720932094811019,0.0
312X673,312,0,0.17945202236392466,0.0994246217361727,0.00012254788816308743,0.0187972312805772,0.0520589479249273,0.0
750X1278,750,0,0.17873137179977072,0.12434536515903469,0.00011873138273303974,0.018216859215418855,0.0,0.0
312X447,312,0,0.17867787542988153,0.053123791282935824,0.000121230251553563,0.019033976972625453,0.0,0.0
210X111,210,0,0.1780359189912113,0.02342514135233412,6.16758960398552e-06,0.06907773233271944,0.0,0.0
440AX30,440A,0,0.17792899107542653,0.12388792253276001,0.0001239182060320947,0.016637413675274205,0.3045568466621136,0.0
440AX68,440A,0,0.17776465991444157,0.10133255638779046,0.00012121064903369188,0.01628967982363625,0.1665501446480098,0.0
210X110,210,0,0.1772755063049293,0.007320726106375405,9.914293793825458e-06,0.0676100310546478,0.0,0.0
400X227,400,0,0.17621704241497899,0.027498189889295907,9.84170051439346e-06,0.06787049628731628,0.0,0.0
312X464,312,0,0.17590217280353787,0.11653724791156538,0.000133072468170428,0.015841013291846874,0.7,0.0
312X516,312,0,0.17574379106410026,0.09950146131412993,0.00012168360394252114,0.020123713936043935,0.52,0.0
312X636,312,0,0.17547587493396338,0.06934638612222402,0.00014593342861620294,0.00888284030986301,0.6793103448275862,0.0
440AX40,440A,0,0.17467766763158282,0.09242133981653707,0.00012319100953461605,0.01600635044301341,0.38025641025640977,0.0
440AX60,440A,0,0.1743778203871285,0.0862102110376574,0.00012115000414484303,0.017034079265778577,0.01687315634217886,0.0
312X458,312,0,0.17343523118074128,0.1785531809811315,0.00011121251657675494,0.015830926161516653,0.0,0.0
440AX55,440A,0,0.17280258030936765,0.10499623619971603,0.00011356672872377845,0.018449671454090228,0.09480431848847733,0.0
330X1097,330,0,0.17269902074149912,0.08558361824397617,0.00011583366002265963,0.022257621442531524,0.7121670335860448,0.0
440AX153,440A,0,0.1726796076513153,0.09123534484616574,9.70878514435387e-05,0.03844519921745464,0.3764189778475459,0.0
440AX17,440A,0,0.1711862494286491,0.047318376522247046,0.00012279590744420862,0.016174354095521516,0.2909090909091036,0.0
440AX32,440A,0,0.16973488386902288,0.08549941933289026,0.00011851489653475945,0.01721503263138535,0.08912706270626755,0.0
440AX175,440A,0,0.1695377003252493,0.07298126744707172,9.889632051926297e-05,0.02910979259977168,0.10357142857145454,0.0
440AX12,440A,0,0.16896285211958845,0.0803877794428421,0.00012096589029026564,0.016963679125365037,0.1687704163791171,0.0
312X578,312,0,0.1687810470003821,0.09903697142710986,0.000119475306262762,0.015838521492285314,0.0,0.0
440AX192,440A,0,0.16849904397009757,0.050969345617355444,0.0001048382629525828,0.0312446273569074,0.29999999999980104,0.0
440AX83,440A,0,0.16829365068467228,0.11738789315644971,0.00011439633579058458,0.016658147474531974,0.026088726088711,0.0
440AX84,440A,0,0.16828994451342133,0.10906526257317255,0.00010967646872461203,0.01908691774615942,0.18570415371305377,0.0
440AX9,440A,0,0.16773985615763948,0.16082910474211873,0.00010408454532721755,0.016492109067272786,0.19363267503798215,0.0
312X468,312,0,0.1665791260289042,0.07403022915382577,0.00014120822582783845,0.0052012559192408155,0.6153297682709448,0.0
310X36,310,0,0.1661673672143676,0.05968894283320122,2.4503445247360844e-05,0.06102715576292208,0.0,0.0
400X110,400,0,0.16470768055024837,0.09885483677044683,7.479627812222669e-05,0.04081805888257554,0.0,0.0
440AX69,440A,0,0.16385483256514038,0.12552139263623766,0.00011089925360986816,0.016750966414357922,0.03484848484849255,0.0
440AX66,440A,0,0.16352770028767977,0.0754020965492251,0.00012064816264695114,0.016223462365105423,0.2210101010101005,0.0
440AX117,440A,0,0.16306195386573816,0.06465345215136693,8.887756451125928e-05,0.037324561588522535,0.35121212121213835,0.0
440AX172,440A,0,0.16299870165511052,0.06887614514834511,0.00010577345153889176,0.02732711031923322,0.30333333333341433,0.0
440AX57,440A,0,0.16278843568658513,0.10328576826527483,0.00011132776184695961,0.01898314658265376,0.03978142076501347,0.0
440AX87,440A,0,0.16277985093962638,0.09421894212684603,0.00010919555736066096,0.017679364193260126,0.06583333333331828,0.0
310X150,310,0,0.16235928210022443,0.07019073232228579,0.00012874954345675063,0.009217142661116343,0.10529518787298442,0.0
312X338,312,0,0.1619640810087887,0.04908064431927493,6.910870103237358e-05,0.04070796153677962,0.0,0.0
440AX14,440A,0,0.16178077088776116,0.09978538272436799,0.00011909722674946742,0.016863809053052507,0.33622710622710894,0.0
440AX33,440A,0,0.16085730061288578,0.08643567816621803,0.00010230171252639312,0.018688286823673073,0.02795141772124518,0.0
330X76,330,0,0.16057683399269823,0.10158687813052003,0.00010583518020149761,0.03100044740772296,1.0,0.0
330X1160,330,0,0.15981658387466563,0.0171345380476503,4.745472543907827e-05,0.050382846785403466,0.0,0.0
310X37,310,0,0.1595949560565533,0.05543044874978092,8.00662018613287e-06,0.06097312788775759,0.0,0.0
210X80,210,0,0.15948032097821935,0.039635451101141125,1.7834730974844113e-05,0.058867615643145965,0.0,0.0
210X214,210,0,0.15894153611004966,0.019599055299786068,1.2519972601930447e-05,0.05780317848415217,0.0,0.0
440AX49,440A,0,0.15881730502516633,0.08632169794342842,0.00011206780270449494,0.01736659291837823,0.23479020979020476,0.0
312X469,312,0,0.15877722583110432,0.051201083264752104,0.00011677607823404501,0.015836807573680712,0.0,0.0
440AX205,440A,0,0.15835795215873433,0.0933106582253752,9.513059973450634e-05,0.030054763685806802,0.26666666666676775,0.0
440AX20,440A,0,0.15747927869839223,0.12154691846065216,0.00010755354063552065,0.01834672130243128,0.1667532467532475,0.0
312X425,312,0,0.15735358159636795,0.06021205541202103,0.00011553937120934955,0.025131222737307297,0.9106352077959488,0.0
310X38,310,0,0.15722200993504012,0.050213023199243416,1.475850111820604e-06,0.061045263993849505,0.0,0.0
440AX15,440A,0,0.15660733754053416,0.03133443107379258,0.0001180238472457501,0.017552322116031395,0.2824383164006009,0.0
440AX176,440A,0,0.15647701205441186,0.0667193865135205,9.361695119083814e-05,0.03001448097971814,0.10222222222224601,0.0
312X333,312,0,0.15641574321742452,0.08279352966853473,0.00011489399136607654,0.013792085463029157,0.0,0.0
440AX76,440A,0,0.15616831960477034,0.06731513598900234,0.00011851710493514607,0.016536604022379945,0.23531468531467298,0.0
440AX159,440A,0,0.15612549250997892,0.03889254775612508,9.117424596575385e-05,0.029304257454527843,0.28647619047625617,0.0
440AX203,440A,0,0.1560727828276296,0.06886198593125988,9.765451632333174e-05,0.02722765851233086,0.3333333333333965,0.0
440AX91,440A,0,0.15601465441923623,0.126234926799889,0.00010238527003855128,0.016998510956811003,0.08307734108118006,0.0
520X93,520,0,0.155987772258311,0.16520808116089128,7.692971026529521e-05,0.026894283447085478,0.0,0.0
440AX43,440A,0,0.15572971200607605,0.06520845919527848,0.00012076884988798148,0.015896568603694886,0.3877924023541998,0.0
312X700,312,0,0.15539864866430617,0.042055854526653086,0.0001015639295540497,0.024509865986219685,0.03,0.0
440AX80,440A,0,0.15535614482482968,0.08593595488672953,0.00011191791193723541,0.015793375695702883,0.028759093886841797,0.0
210X108,210,0,0.15464272067252577,0.03733456180988364,4.779609482618346e-07,0.058378346336677565,0.0,0.0
330X66,330,0,0.15396255254107755,0.08380586247372436,8.162161521618855e-05,0.03141853807717772,0.0,0.0
312X680,312,0,0.153207021901768,0.08288974828568504,0.00011380774845436306,0.015951763664672925,0.18822602635964247,0.0
330X63,330,0,0.15320596102407336,0.04160938936083192,8.827576440067753e-05,0.03146952998462531,0.0,0.0
440AX99,440A,0,0.15301993316042797,0.08033495282628177,0.00011781765160023845,0.01610529681177392,0.31592017738361017,0.0
440AX39,440A,0,0.15275756095577722,0.08562439311832468,0.00010797622398872161,0.01813473903498909,0.24242424242424115,0.0
312X163,312,0,0.15205196790217806,0.14995051740598297,9.078204688444617e-05,0.01848249595136566,0.0,0.0
440AX67,440A,0,0.15156571052355677,0.10089116982916066,0.00010213080530601155,0.01651622372732426,0.12857142857146178,0.0
520X315,520,0,0.15132594573939623,0.051515154238911995,0.00011410952977632157,0.015212378530702569,0.0,0.0
520X180,520,0,0.1511578142911731,0.0664818139879352,8.888622850712827e-05,0.026768323133724476,0.0,0.0
312X480,312,0,0.15102478108252623,0.09947092734402854,0.00012796329249979043,0.009584312871687931,0.8884615384615385,0.0
310X175,310,0,0.15059437465790163,0.07191683673970645,0.00010645239724146466,0.016877162002258497,0.010334878547286208,0.0
312X584,312,0,0.1499885364921666,0.039634721680689766,0.00011318117242464162,0.015835339958554878,0.0,0.0
440AX190,440A,0,0.14988034960564978,0.03725076931124606,9.235449422842522e-05,0.02978078168242801,0.24999999999989342,0.0
330X729,330,0,0.14987349061210534,0.04092338701432184,0.0001004860120294633,0.03357991079083862,0.9998513513513514,0.0
312X426,312,0,0.14978219335116544,0.11772138346950844,0.00012308853518870467,0.0055155215896828345,0.0,0.0
312X335,312,0,0.14943064577760795,0.09178609516132682,0.00011915978117229605,0.007427198908815448,0.0,0.0
312X171,312,0,0.14885747038593808,0.09569120239096639,8.462241508997482e-05,0.024730601694544208,0.0,0.0
440AX22,440A,0,0.1482096359688358,0.08089487128225926,0.0001008869788443558,0.017458205119875236,0.08883922769886902,0.0
330X73,330,0,0.1476468868204363,0.08243320045401716,9.375289711487514e-05,0.030708203466398944,1.0,0.0
312X577,312,0,0.14744363775315245,0.0856739923258677,0.00010060171188151787,0.01583742269943636,0.0,0.0
440AX150,440A,0,0.14678408490255407,0.04358555202062859,7.226755992458501e-05,0.04173783457381744,0.45454545454549217,0.0
440AX102,440A,0,0.1463983404194663,0.06008903455524789,0.00011258218809714347,0.01644140781082621,0.15956873315359715,0.0
440AX180,440A,0,0.1454719645105157,0.03688843723905177,9.888864774540516e-05,0.0267110315231742,0.30833333333341145,0.0
330X516,330,0,0.14533600556895312,0.06258384198233499,8.392431559111656e-05,0.033646934636857716,0.40958362566238116,0.0
440AX194,440A,0,0.14449072570660498,0.05368196885767402,8.048797910406711e-05,0.031068971037048383,0.25000000000004546,0.0
312X704,312,0,0.14400145015996416,0.022918063890053002,9.164602868981311e-05,0.029349806940589807,0.3896713615023476,0.0
440AX189,440A,0,0.14393260327480886,0.09151509149237558,8.555979602086866e-05,0.02980025174285275,0.333333333333207,0.0
440AX77,440A,0,0.14388578587741516,0.04337432860384883,0.00011028944242070749,0.01696549252941943,0.2085714285714153,0.0
312X162,312,0,0.1427130301872373,0.042440021334955634,3.384666098392342e-06,0.053389152614966295,0.0,0.0
440AX70,440A,0,0.14257091205247135,0.06380730850121857,0.00010479389916180533,0.01581898895428966,0.048254281949935585,0.0
440AX182,440A,0,0.14253702920253442,0.042159339673766436,8.752939032377937e-05,0.02661944127447674,0.25,0.0
520X397,520,0,0.141482613679786,0.058780809900113536,9.571652378348957e-05,0.018992985484471116,0.0,0.0
210X126,210,0,0.140722200993504,0.006258536954244745,0.0,0.05143953584565577,0.0,0.0
312X1,312,0,0.14026673507562282,0.10694457335823525,0.00011487235180586639,0.01035146254375586,0.6833333333333333,0.0
440AX81,440A,0,0.13964451527802563,0.02245298082784166,0.00010789557370830341,0.017601371650117444,0.17083333333333878,0.0
210X127,210,0,0.13962170424149786,0.0734264229547305,0.0,0.053101751908426566,0.0,0.0
312X446,312,0,0.13931182644149806,0.08925192133734922,0.0001263091524936515,0.008448186908941951,1.0,0.0
210X225,210,0,0.13928926251432938,0.07323876097133145,0.0,0.0531017519084262,0.0,0.0
210X77,210,0,0.13927779900649598,0.07374728433531577,0.0,0.05310175190842603,0.0,0.0
210X199,210,0,0.139220481467329,0.07371303375373053,0.0,0.05310175190842602,0.0,0.0
210X21,210,0,0.1391860909438288,0.07369615956625138,0.0,0.05310175190842601,0.0,0.0
440AX96,440A,0,0.1390619209158392,0.07020192749433823,0.00010275938827747033,0.016725486948295436,0.19842109436954802,0.0
312X632,312,0,0.13854585118736218,0.09843473811116424,0.00010531899102709091,0.010699489645411368,0.16666666666666666,0.0
210X60,210,0,0.13848681696599158,0.0494325563991692,0.0,0.0515631535927894,0.0,0.0
440AX5,440A,0,0.13655792380345075,0.0717837036821587,0.00010177842119450859,0.017865998923291625,0.16261107313737905,0.0
440AX184,440A,0,0.13652589272114907,0.06785678128675406,7.823255352294293e-05,0.030450030226927067,0.08888888888888609,0.0
440AX90,440A,0,0.1362435537757108,0.06549455129914443,0.00010240923661957544,0.01654815072530615,0.1282839173405183,0.0
440AX152,440A,0,0.1360425846987925,0.05049687607543356,5.906768115243222e-05,0.04326401468996223,0.37111111111106554,0.0
440AX26,440A,0,0.13602657078772196,0.05460281984951446,0.00010554616766473969,0.017592291659942826,0.31217294900222703,0.0
420X40,420,0,0.13372564004585402,0.042704619231480626,4.7275733652660464e-05,0.03786283422473232,0.0,0.0
440AX23,440A,0,0.1323303138746973,0.0275411425287807,9.805664785207647e-05,0.016765893423790916,0.03122529644267913,0.0
210X140,210,0,0.13040122277416888,0.03662483212285691,7.347513094990287e-05,0.027719323527230333,0.0,0.0
440AX42,440A,0,0.13027690625420854,0.07792413887613014,0.00010255973439199134,0.015317687555266005,0.305401633343793,0.0
440AX158,440A,0,0.1288574703859381,0.0680836649758311,0.0,0.048945308293228934,0.0,0.0
440AX73,440A,0,0.12827473716194177,0.06427255625172382,9.88950946339542e-05,0.016221397814466743,0.15530632135894804,0.0
440AX72,440A,0,0.12776461842232126,0.06081418448522963,9.843644498225912e-05,0.016043249211138793,0.20322799864084287,0.0
360X475,360,0,0.127623232709209,0.06462686393584903,7.884381503979213e-05,0.02028453852559116,0.0,0.0
440AX19,440A,0,0.12717732795099432,0.05304031344674835,9.032417416173476e-05,0.01874738787480818,0.1160765550239204,0.0
520X314,520,0,0.12627435995414596,0.039001866363455866,6.939094762947416e-05,0.027214205342681652,0.0,0.0
420X112,420,0,0.12622850592281237,0.03244679691041825,2.7518100435580557e-05,0.040761621387259014,0.0,0.0
340X97,340,0,0.12583110431792127,0.04195310632516371,6.918421351463457e-05,0.026546625490182697,0.0,0.0
440AX71,440A,0,0.12581930412373338,0.0545811126556989,9.943920619943122e-05,0.015775195242714625,0.16222164627824712,0.0
312X642,312,0,0.12517163325222275,0.05217386621174441,0.00010414512780348141,0.015360036909358638,0.6206349206349207,0.0
440AX21,440A,0,0.12485537494957333,0.019902880123608597,8.951745704489367e-05,0.019138351961173757,0.06343779408996111,0.0
330X1163,330,0,0.12465036301108139,0.06506211104978506,0.0,0.04679254962025099,0.0,0.0
440AX46,440A,0,0.12439088026990322,0.0620453688619009,9.379809461059702e-05,0.016921800655852394,0.23500388500388078,0.0
440AX28,440A,0,0.12232981551971964,0.05802953084815593,9.533770220182539e-05,0.016593561928316507,0.3052380952380913,0.0
400X204,400,0,0.121520825372564,0.09543685024891163,4.900042829098509e-05,0.027131543081063775,0.0,0.0
440AX97,440A,0,0.12124464118471304,0.03877490315738841,9.685097074428748e-05,0.01617862565531164,0.33069073783360947,0.0
420X108,420,0,0.12122277416889567,0.041558668859830485,2.651880366910615e-05,0.03871783401112115,0.0,0.0
312X23,312,0,0.12081773022544899,0.04979766070047538,8.7581237317848e-05,0.01710563763924069,0.0,0.0
520X312,520,0,0.12014520443255634,0.03618018190891924,9.744471387221409e-05,0.013642590310942837,0.0,0.0
312X588,312,0,0.11523376033075731,0.11391362357918325,0.00010318217476495881,0.008046467403493178,0.7692307692307693,0.0
440AX29,440A,0,0.11201552151734442,0.08256431968077763,8.680179878877083e-05,0.016575322123221898,0.29682417582417725,0.0
400X153,400,0,0.10983568972105465,0.021319536735047374,5.4574700302568125e-06,0.03748535390562639,0.0,0.0
312X213,312,0,0.10740924722965225,0.06070389751279412,0.0,0.03850460571190806,0.0,0.0
340X115,340,0,0.10664883454337026,0.04625882497177825,3.96027974700773e-05,0.02786075493832294,0.0,0.0
440AX8,440A,0,0.10648501004233327,0.08110574992897289,7.831015586806096e-05,0.01582034250156675,0.25963546027928674,0.0
440AX65,440A,0,0.10477262820380273,0.02908267891518638,8.784981665655213e-05,0.016665449036657932,0.2962895927601774,0.0
312X94,312,0,0.10296140619029422,0.02689222367265279,1.851918761165535e-05,0.033150937111947595,0.0,0.0
440AX47,440A,0,0.10223335569563938,0.06242937159680411,8.238287440984887e-05,0.016641217873151096,0.3116348563717125,0.0
400X154,400,0,0.10041650745128008,0.051773398554599795,0.0,0.03480982110874635,0.0,0.0
312X167,312,0,0.09964845242644249,0.031199073783909483,7.12422055477162e-05,0.015351171640766614,0.0,0.0
312X199,312,0,0.09911348872755063,0.042258790716580334,1.012287585646934e-05,0.03173676748811795,0.0,0.0
312X511,312,0,0.09848681696599158,0.07792966110262681,6.622333999631241e-05,0.015834130902960562,0.0,0.0
440AX34,440A,0,0.0983357300451461,0.03319004825207154,7.2304100864096e-05,0.018499282560267782,0.15956873315363396,0.0
312X435,312,0,0.096901031715705,0.04540011325790899,1.1837229735416633e-05,0.030987522204303154,0.0,0.0
440AX37,440A,0,0.09538411033118994,0.036260123835195356,6.994593003532207e-05,0.017836977781205708,0.1964154892726246,0.0
440AX88,440A,0,0.0927593119302123,0.0510391353077514,7.279827544051223e-05,0.016349088166931192,0.23068783068780313,0.0
312X91,312,0,0.09269774551012609,0.050233616566839265,4.151350340420291e-05,0.020875616637868737,0.0,0.0
340X21,340,0,0.08773786778754297,0.0509930984856254,0.0,0.029615359784149996,0.0,0.0
312X192,312,0,0.08750859763087504,0.022586712291651732,0.0,0.029118911313302315,0.0,0.0
310X97,310,0,0.08522735957202904,0.04381476398617533,0.0,0.02851816849769636,0.0,0.0
312X328,312,0,0.08508979747802828,0.04345060474170091,0.0,0.028496754994527983,0.0,0.0
400X150,400,0,0.08361100496752005,0.04209165261866261,0.0,0.02755578693473081,0.0,0.0
440AX212,440A,0,0.08256782575468093,0.038054475965015516,3.640862057193644e-05,0.020856437868363775,0.0,0.0
312X434,312,0,0.07861673672143675,0.033788891632351735,2.0053925771326826e-06,0.02512814825735778,0.0,0.0
440AX207,440A,0,0.07420710737485671,0.030495779821188344,1.4272985693676796e-05,0.020376146539716127,0.0,0.0
311X153,311,0,0.07210164310278945,0.03756394866035974,0.0,0.0242608548453935,0.0,0.0
312X327,312,0,0.06701184562476117,0.036415283611661145,0.0,0.021554959311412016,0.0,0.0
312X457,312,0,0.0664921666029805,0.036506114206318954,3.210839924233992e-05,0.015834130902960587,0.0,0.0
440AX106,440A,0,0.06311425296140619,0.031555630840484176,0.0,0.020522421369421607,0.0,0.0
420X145,420,0,0.04994268246083301,0.024141138507127638,1.3725666638017303e-05,0.012530738012058399,0.0,0.0
440AX210,440A,0,0.04854413450515857,0.019064870082751935,0.0,0.014083475103724518,0.0,0.0
210X59,210,0,0.048509743981658394,0.008034218545416468,0.0,0.014585999609855196,0.0,0.0
400X158,400,0,0.047397783721818874,0.023210349636972483,0.0,0.013847269090841968,0.0,0.0
220X155,220,0,0.04565533053114253,0.021726265116872975,0.0,0.014589471966092466,0.0,0.0
ERROR:#N/A_3 (#1),META,0,0.03953381734810853,0.018637737973544122,0.0,0.011453135802750331,0.0,0.0
220X108,220,0,0.031039358043561328,0.01393290884117433,0.0,0.007445505169619629,0.0,0.0
520X377,520,0,0.010095529231944974,0.0028704141895221466,0.0,0.0007204664689631224,0.0,0.0
310X138,310,0,0.007390141383263278,0.0002760117090528258,0.0,0.0,0.0,0.0
310X139,310,0,0.007390141383263278,0.0002760117090528258,0.0,0.0,0.0,0.0
310X140,310,0,0.007390141383263278,0.0002760117090528258,0.0,0.0,0.0,0.0
312X186,312,0,0.007390141383263278,0.0002760117090528258,0.0,0.0,0.0,0.0
312X459,312,0,0.007390141383263278,0.0002760117090528258,0.0,0.0,0.0,0.0
400X29,400,0,0.007390141383263278,0.0002760117090528258,0.0,0.0,0.0,0.0
420X103,420,0,0.007390141383263278,0.0002760117090528258,0.0,0.0,0.0,0.0
520X375,520,0,0.007390141383263278,0.0002760117090528258,0.0,0.0,0.0,0.0
