row_index,ID,Tool,missing_rate,zero_rate,y_true,y_pred,residual,absolute_error,squared_error,hard_sample,error_percentile
702,NH1835,O,0.002600297176820208,0.03528974739970282,1.6142395746208331,2.878690242767334,-1.2644506681465009,1.2644506681465009,1.5988354921761325,True,1.0
721,NH1856,J,0.002600297176820208,0.030832095096582468,2.6143279836063944,3.0380678176879883,-0.4237398340815939,0.4237398340815939,0.1795554469874967,True,0.99875
205,NH1204,L,0.0003714710252600297,0.04791976225854384,2.3574198009824325,2.716881275177002,-0.3594614741945694,0.3594614741945694,0.1292125514301331,True,0.9975
788,NH1928,J,0.002228826151560178,0.033060921248142645,2.5245502537879165,2.8721134662628174,-0.34756321247490085,0.34756321247490085,0.12080018666587307,True,0.99625
585,NH1665,L,0.03863298662704309,0.048662704309063894,2.4984651515149996,2.8298022747039795,-0.3313371231889799,0.3313371231889799,0.10978428920314924,True,0.995
722,NH1857,J,0.0014858841010401188,0.0338038632986627,2.542369007576389,2.853299140930176,-0.3109301333537866,0.3109301333537866,0.09667754782740352,True,0.99375
731,NH1866,N,0.03566121842496285,0.037518573551263,2.380365381313055,2.6887154579162598,-0.30835007660320457,0.30835007660320457,0.09507976974120212,True,0.9925
307,NH1335,N,0.003714710252600297,0.044947994056463596,3.0797070101005546,2.7881598472595215,0.2915471628410331,0.2915471628410331,0.08499974816065588,True,0.99125
651,NH1781,J,0.02786032689450223,0.03194650817236255,3.201655295454167,2.9133636951446533,0.28829160030951373,0.28829160030951373,0.08311204680902042,True,0.99
292,NH1321,M,0.0003714710252600297,0.04234769687964339,2.472396916666667,2.757004737854004,-0.2846078211873371,0.2846078211873371,0.08100161188100323,True,0.98875
138,NH1122,L,0.0014858841010401188,0.04309063893016345,2.3921322121216675,2.6565282344818115,-0.26439602236014403,0.26439602236014403,0.06990525663986578,True,0.9875
109,NH1084,L,0.0018573551263001485,0.04569093610698365,3.018355268938333,2.756821393966675,0.26153387497165825,0.26153387497165825,0.06839996775769097,True,0.98625
515,NH1569,J,0.0003714710252600297,0.041604754829123326,3.258172492424584,3.0006752014160156,0.2574972910085682,0.2574972910085682,0.06630485487675127,True,0.985
715,NH1848,O,0.0014858841010401188,0.03863298662704309,2.5659426136366656,2.8197460174560547,-0.25380340381938904,0.25380340381938904,0.06441616779030786,True,0.98375
343,NH1379,L,0.0007429420505200594,0.04234769687964339,2.427929627272333,2.6766045093536377,-0.24867488208130473,0.24867488208130473,0.06183919697815081,True,0.9825
795,NH1938,N,0.0007429420505200594,0.02823179791976226,2.5318498636364577,2.7797975540161133,-0.24794769037965558,0.24794769037965558,0.06147805716460555,True,0.98125
557,NH1610,J,0.001114413075780089,0.03714710252600297,2.4609179873736116,2.7072930335998535,-0.24637504622624196,0.24637504622624196,0.06070066340298286,True,0.98
590,NH1671,L,0.0007429420505200594,0.030832095096582468,2.7723035265154166,2.5294525623321533,0.24285096418326324,0.24285096418326324,0.0589765908047406,True,0.97875
269,NH1291,M,0.029346210995542348,0.05163447251114413,2.8228221780299996,2.5855820178985596,0.23724016013144,0.23724016013144,0.05628289357919129,True,0.9775
90,NH1069,O,0.030089153046062408,0.04271916790490342,3.190142772727084,2.953381299972534,0.23676147275454973,0.23676147275454973,0.05605599498090339,True,0.97625
552,NH1605,N,0.02711738484398217,0.033432392273402674,2.539839329545001,2.7748587131500244,-0.2350193836050236,0.2350193836050236,0.05523411067008524,True,0.975
280,NH1302,N,0.0,0.03789004457652303,3.014583128788751,2.781926155090332,0.23265697369841876,0.23265697369841876,0.054129267410506714,True,0.97375
558,NH1611,J,0.0003714710252600297,0.05052005943536404,2.5755620909088894,2.8078014850616455,-0.23223939415275607,0.23223939415275607,0.05393513619643919,True,0.9725
323,NH1352,N,0.0003714710252600297,0.04309063893016345,2.7900420984851406,3.021575689315796,-0.23153359083065528,0.23153359083065528,0.0536078036829373,True,0.97125
748,NH1883,O,0.0274888558692422,0.03863298662704309,3.145264628787778,2.9137895107269287,0.2314751180608492,0.2314751180608492,0.05358073028128407,True,0.97
625,NH1733,L,0.08172362555720654,0.03789004457652303,2.632047236741875,2.860309600830078,-0.2282623640882031,0.2282623640882031,0.052103706859135394,True,0.96875
725,NH1860,J,0.0029717682020802376,0.031203566121842496,3.2950815606061115,3.06935453414917,0.22572702645694154,0.22572702645694154,0.05095269047309278,True,0.9675
420,NH1463,L,0.12741456166419018,0.028603268945022287,2.520522416666666,2.745307445526123,-0.22478502885945684,0.22478502885945684,0.050528309199346845,True,0.96625
112,NH1087,M,0.002600297176820208,0.04940564635958395,3.051406034090833,2.826930522918701,0.22447551117213171,0.22447551117213171,0.05038925511598983,True,0.965
253,NH1272,M,0.0007429420505200594,0.05609212481426449,2.941386454545417,2.7207226753234863,0.2206637792219306,0.2206637792219306,0.048692503460504924,True,0.96375
777,NH1916,L,0.0007429420505200594,0.03714710252600297,2.4743899356062498,2.694941997528076,-0.22055206192182641,0.22055206192182641,0.04864321201796915,True,0.9625
453,NH1494,N,0.001114413075780089,0.04271916790490342,2.8766519621216666,2.6579370498657227,0.21871491225594397,0.21871491225594397,0.047836212843125274,True,0.96125
168,NH1158,N,0.030089153046062408,0.03863298662704309,2.71284021212125,2.926353931427002,-0.21351371930575214,0.21351371930575214,0.04558810833177551,True,0.96
762,NH1897,O,0.02786032689450223,0.03268945022288262,3.4524270227275,3.2400777339935303,0.21234928873396974,0.21234928873396974,0.04509222042582285,True,0.95875
346,NH1382,L,0.0014858841010401188,0.043833580980683504,2.5365751893945836,2.7462234497070312,-0.20964826031244765,0.20964826031244765,0.04395239305203581,True,0.9575
792,NH1935,O,0.030089153046062408,0.03194650817236255,2.9520165227275004,2.7460289001464844,0.205987622581016,0.205987622581016,0.04243090065657909,True,0.95625
301,NH1327,L,0.0007429420505200594,0.03789004457652303,2.477386280302916,2.682431221008301,-0.2050449407053847,0.2050449407053847,0.04204342770887473,True,0.955
68,NH1046,O,0.0007429420505200594,0.03677563150074294,2.701172087120833,2.8998825550079346,-0.19871046788710167,0.19871046788710167,0.039485850047910866,True,0.95375
385,NH1426,L,0.0007429420505200594,0.041604754829123326,2.9159720511366674,2.717667818069458,0.19830423306720935,0.19830423306720935,0.039324568852374085,True,0.9525
584,NH1664,M,0.036404160475482915,0.041976225854383355,2.5381910833333334,2.7337024211883545,-0.19551133785502106,0.19551133785502106,0.03822468322986019,True,0.95125
232,NH1249,N,0.0003714710252600297,0.04457652303120357,2.5249590732322225,2.7200863361358643,-0.1951272629036418,0.1951272629036418,0.03807464872826694,True,0.95
506,NH1560,J,0.0003714710252600297,0.03789004457652303,2.8437803522733334,3.0378623008728027,-0.19408194859946937,0.19408194859946937,0.03766780277216707,True,0.94875
241,NH1259,N,0.0003714710252600297,0.03900445765230312,3.1357789444447226,2.9432930946350098,0.19248584980971284,0.19248584980971284,0.037050802376967326,True,0.9475
399,NH1440,M,0.001114413075780089,0.04606240713224369,2.4855075101008333,2.6760289669036865,-0.19052145680285326,0.19052145680285326,0.03629842550228148,True,0.94625
409,NH1450,J,0.0014858841010401188,0.04049034175334324,2.755381289925676,2.9456729888916016,-0.19029169896592535,0.19029169896592535,0.03621093069533835,True,0.945
364,NH1402,N,0.0003714710252600297,0.037518573551263,2.7964503750012497,2.6066713333129883,0.18977904168826143,0.18977904168826143,0.03601608466411487,True,0.94375
462,NH1503,N,0.0007429420505200594,0.03268945022288262,2.989936401514583,2.801909923553467,0.18802647796111627,0.18802647796111627,0.035353956414462144,True,0.9425
675,NH1807,M,0.0014858841010401188,0.029717682020802376,2.917260655304167,2.730544328689575,0.18671632661459192,0.18671632661459192,0.034862986624446965,True,0.94125
219,NH1231,M,0.0014858841010401188,0.046805349182763745,2.6904530774407402,2.8766958713531494,-0.18624279391240917,0.18624279391240917,0.034686378284300115,True,0.94
72,NH1050,N,0.0014858841010401188,0.03863298662704309,2.8985573611116666,2.712900400161743,0.18565696094992346,0.18565696094992346,0.0344685071491614,True,0.93875
255,NH1277,M,0.0007429420505200594,0.04977711738484398,2.7712728068183337,2.9560251235961914,-0.18475231677785775,0.18475231677785775,0.034133418554785896,True,0.9375
82,NH1060,N,0.030089153046062408,0.037518573551263,2.7381041560605417,2.9218201637268066,-0.18371600766626495,0.18371600766626495,0.03375157147283112,True,0.93625
170,NH1160,L,0.0014858841010401188,0.043462109955423475,2.563641179292777,2.7466983795166016,-0.18305720022382443,0.18305720022382443,0.03350993855378535,True,0.935
321,NH1349,M,0.0007429420505200594,0.05609212481426449,2.7990816994947227,2.6171271800994873,0.18195451939523544,0.18195451939523544,0.033107447128351106,True,0.93375
697,NH1830,O,0.001114413075780089,0.0338038632986627,3.099469366161389,2.917757987976074,0.18171137818531458,0.18171137818531458,0.03301902496200642,True,0.9325
188,NH1179,N,0.045319465081723624,0.03268945022288262,2.7739959431808336,2.9542572498321533,-0.18026130665131967,0.18026130665131967,0.032494138675641104,True,0.93125
653,NH1783,J,0.02823179791976226,0.03528974739970282,3.2464855959600003,3.0665626525878906,0.17992294337210968,0.17992294337210968,0.032372265551683384,True,0.93
302,NH1328,M,0.0014858841010401188,0.04940564635958395,2.4199650151525,2.5996756553649902,-0.17971064021249017,0.17971064021249017,0.03229591420558309,True,0.92875
512,NH1566,J,0.0003714710252600297,0.04049034175334324,2.8937555492425004,3.0733110904693604,-0.1795555412268599,0.1795555412268599,0.03224019238527059,True,0.9275
541,NH1594,J,0.0007429420505200594,0.03677563150074294,2.8696292537883332,2.6903510093688965,0.17927824441943674,0.17927824441943674,0.0321406889221153,True,0.92625
130,NH1114,L,0.002600297176820208,0.04086181277860327,2.733161914140833,2.912135601043701,-0.17897368690286797,0.17897368690286797,0.032031580603605815,True,0.925
684,NH1817,N,0.0018573551263001485,0.03900445765230312,3.2316994898988884,3.053410053253174,0.17828943664571462,0.17828943664571462,0.03178712321944629,True,0.92375
550,NH1603,L,0.0,0.029717682020802376,2.4643921868686105,2.641436815261841,-0.17704462839323032,0.17704462839323032,0.03134480044289702,True,0.9225
572,NH1626,J,0.0003714710252600297,0.036404160475482915,2.6289725101013888,2.8057754039764404,-0.17680289387505166,0.17680289387505166,0.03125926328259278,True,0.92125
687,NH1820,N,0.029346210995542348,0.1188707280832095,3.049317465908335,2.872903823852539,0.1764136420557958,0.1764136420557958,0.031121773103390444,True,0.92
668,NH1800,N,0.02711738484398217,0.02897473997028232,2.9398054747483333,2.763570785522461,0.17623468922587238,0.17623468922587238,0.031058665686539817,True,0.91875
190,NH1183,M,0.030832095096582468,0.046805349182763745,3.3534207499999997,3.1772966384887695,0.1761241115112302,0.1761241115112302,0.03101970265562025,True,0.9175
201,NH1200,L,0.045319465081723624,0.03789004457652303,2.57877350000125,2.7523460388183594,-0.1735725388171092,0.1735725388171092,0.030127426231416884,True,0.91625
529,NH1582,J,0.001114413075780089,0.03900445765230312,2.8859325037879158,3.0583136081695557,-0.1723811043816399,0.1723811043816399,0.02971524514783383,True,0.915
410,NH1451,J,0.001114413075780089,0.04791976225854384,3.0433975808080547,2.8724968433380127,0.17090073747004197,0.17090073747004197,0.02920706206780421,True,0.91375
110,NH1085,L,0.0003714710252600297,0.04457652303120357,3.1800548977274996,3.009364128112793,0.17069076961470664,0.17069076961470664,0.02913533883166086,True,0.9125
102,NH1078,N,0.0007429420505200594,0.03566121842496285,2.4777652575758333,2.648219585418701,-0.17045432784286785,0.17045432784286785,0.029054677880363873,True,0.91125
774,NH1914,O,0.0007429420505200594,0.03974739970282318,2.5260578863641667,2.695955276489258,-0.16989739012509109,0.16989739012509109,0.028865123171317397,True,0.91
749,NH1884,L,0.0274888558692422,0.0338038632986627,3.180182585858889,3.010972023010254,0.1692105628486349,0.1692105628486349,0.02863221457955182,True,0.90875
49,NH1032,L,0.002228826151560178,0.03974739970282318,3.2915247045458336,3.1234350204467773,0.16808968409905622,0.16808968409905622,0.028254141900520516,True,0.9075
225,NH1242,M,0.0007429420505200594,0.04977711738484398,3.08223808712125,2.914562702178955,0.16767538494229495,0.16767538494229495,0.028115034715546793,True,0.90625
744,NH1879,M,0.0007429420505200594,0.034546805349182766,2.7095501969699995,2.877098321914673,-0.1675481249446733,0.1675481249446733,0.028072374172475857,True,0.905
764,NH1899,O,0.02786032689450223,0.02897473997028232,3.144453011363333,2.9769766330718994,0.16747637829143347,0.16747637829143347,0.02804833728561533,True,0.90375
516,NH1570,N,0.0014858841010401188,0.04420505200594354,2.5346034412883336,2.7018158435821533,-0.16721240229381973,0.16721240229381973,0.02795998748087021,True,0.9025
657,NH1788,O,0.0018573551263001485,0.03231797919762259,3.068357560605417,2.901338577270508,0.16701898333490917,0.16701898333490917,0.027895340794226665,True,0.90125
446,NH1487,J,0.0,0.043462109955423475,2.7554371666662503,2.9222302436828613,-0.16679307701661106,0.16679307701661106,0.027819930540669148,False,0.9
107,NH1082,L,0.0014858841010401188,0.04569093610698365,2.487453719696667,2.6541824340820312,-0.16672871438536419,0.16672871438536419,0.027798464200596347,False,0.89875
450,NH1491,N,0.0003714710252600297,0.03417533432392273,2.4046029571968743,2.571218729019165,-0.1666157718222907,0.1666157718222907,0.02776081541993764,False,0.8975
153,NH1139,L,0.0003714710252600297,0.03528974739970282,2.617799515150833,2.7840383052825928,-0.1662387901317599,0.1662387901317599,0.027635335344471313,False,0.89625
299,NH1325,L,0.001114413075780089,0.038261515601783064,2.6817118977270833,2.518143653869629,0.1635682438574544,0.1635682438574544,0.026754570398611666,False,0.895
573,NH1627,J,0.002600297176820208,0.05572065378900446,2.64773330808,2.810903549194336,-0.1631702411143361,0.1631702411143361,0.026624527585310576,False,0.89375
594,NH1684,O,0.0014858841010401188,0.03677563150074294,2.8141230492429163,2.976165533065796,-0.16204248382287956,0.16204248382287956,0.02625776656348818,False,0.8925
767,NH1902,L,0.02786032689450223,0.03566121842496285,3.051669253787917,2.8899943828582764,0.1616748709296405,0.1616748709296405,0.026138763890115914,False,0.89125
536,NH1589,J,0.0014858841010401188,0.04086181277860327,3.1033055530299998,2.941944122314453,0.16136143071554665,0.16136143071554665,0.026037511322568162,False,0.89
690,NH1823,O,0.029717682020802376,0.04271916790490342,3.1580758712116666,2.997598171234131,0.1604776999775357,0.1604776999775357,0.02575309219007996,False,0.88875
335,NH1365,N,0.0003714710252600297,0.04011887072808321,2.4130399090912498,2.5729329586029053,-0.1598930495116555,0.1598930495116555,0.02556578728213672,False,0.8875
318,NH1346,M,0.0274888558692422,0.04457652303120357,2.8472591401512504,2.6881489753723145,0.15911016477893591,0.15911016477893591,0.025316044535980138,False,0.88625
437,NH1478,N,0.0014858841010401188,0.038261515601783064,2.9087390106059994,3.067573070526123,-0.15883405992012367,0.15883405992012367,0.025228258590709436,False,0.885
61,NH1039,M,0.0007429420505200594,0.05089153046062407,2.4650328371208334,2.6223795413970947,-0.1573467042762613,0.1573467042762613,0.024757985346601223,False,0.88375
548,NH1601,L,0.0007429420505200594,0.03528974739970282,2.679304651514722,2.8360631465911865,-0.15675849507646467,0.15675849507646467,0.024573225778638,False,0.8825
401,NH1442,M,0.0003714710252600297,0.037518573551263,2.690955692424499,2.8474483489990234,-0.1564926565745246,0.1564926565745246,0.0244899515617521,False,0.88125
79,NH1057,J,0.02897473997028232,0.04717682020802377,2.9321518409091665,2.7764039039611816,0.15574793694798483,0.15574793694798483,0.02425741986355346,False,0.88
310,NH1338,M,0.045319465081723624,0.043833580980683504,2.9221314431825003,2.7665364742279053,0.15559496895459501,0.15559496895459501,0.024209794363981386,False,0.87875
492,NH1546,N,0.0007429420505200594,0.044947994056463596,2.8856455378787507,2.730278253555298,0.15536728432345281,0.15536728432345281,0.024138993038044627,False,0.8775
517,NH1571,N,0.0007429420505200594,0.0412332838038633,2.6675930037875,2.822488307952881,-0.15489530416538067,0.15489530416538067,0.02399255525248579,False,0.87625
786,NH1926,J,0.02786032689450223,0.02786032689450223,3.3058413598475007,3.1510510444641113,0.1547903153833894,0.1547903153833894,0.023960041736489152,False,0.875
491,NH1546,N,0.0003714710252600297,0.044947994056463596,2.8856455378787507,2.7309257984161377,0.15471973946261297,0.15471973946261297,0.023938197779378837,False,0.87375
332,NH1362,M,0.0003714710252600297,0.05200594353640416,2.5204641931825,2.6747913360595703,-0.1543271428770705,0.1543271428770705,0.023816867028599732,False,0.8725
623,NH1731,N,0.0018573551263001485,0.045319465081723624,2.957467170454167,2.8032095432281494,0.15425762722601766,0.15425762722601766,0.023795415557401025,False,0.87125
369,NH1407,M,0.0,0.046805349182763745,2.3724959797983334,2.526367425918579,-0.15387144612024573,0.15387144612024573,0.023676421931135682,False,0.87
785,NH1925,J,0.028603268945022287,0.02897473997028232,3.265213636364166,3.111642599105835,0.153571037258331,0.153571037258331,0.023584063484599686,False,0.86875
718,NH1853,O,0.0014858841010401188,0.030460624071322436,2.638273719695417,2.790956735610962,-0.152683015915545,0.152683015915545,0.023312103349066568,False,0.8675
612,NH1718,M,0.0018573551263001485,0.0338038632986627,2.5934370416666668,2.745987892150879,-0.15255085048421213,0.15255085048421213,0.023271761983456443,False,0.86625
475,NH1516,N,0.0007429420505200594,0.04271916790490342,2.918081704544584,2.765582799911499,0.1524989046330849,0.1524989046330849,0.023255915914290725,False,0.865
628,NH1745,L,0.0007429420505200594,0.043462109955423475,2.559162946969445,2.7106642723083496,-0.1515013253389048,0.1515013253389048,0.02295265157944468,False,0.86375
119,NH1094,N,0.004086181277860327,0.04234769687964339,2.5178163598487497,2.668358325958252,-0.1505419661095022,0.1505419661095022,0.022662883560114512,False,0.8625
710,NH1843,N,0.02823179791976226,0.03231797919762259,2.7602009621225,2.910430908203125,-0.1502299460806249,0.1502299460806249,0.022569036699387465,False,0.86125
118,NH1093,L,0.0014858841010401188,0.03268945022288262,2.8608070643945824,2.7107436656951904,0.150063398699392,0.150063398699392,0.022519023629212685,False,0.86
422,NH1465,N,0.0003714710252600297,0.04011887072808321,3.1901213409087497,3.0407967567443848,0.1493245841643649,0.1493245841643649,0.022297831435860494,False,0.85875
341,NH1377,N,0.0033432392273402673,0.03900445765230312,3.017101999999166,2.8683817386627197,0.14872026133644622,0.14872026133644622,0.022117716131980863,False,0.8575
193,NH1186,L,0.02897473997028232,0.041976225854383355,3.1685883068179166,3.0206170082092285,0.14797129860868807,0.14797129860868807,0.021895505211941533,False,0.85625
393,NH1434,N,0.0007429420505200594,0.048662704309063894,2.8610414507566673,2.7134222984313965,0.14761915232527079,0.14761915232527079,0.0217914141332315,False,0.855
592,NH1682,O,0.0003714710252600297,0.03863298662704309,2.9118870189395833,3.0577714443206787,-0.14588442538109536,0.14588442538109536,0.02128226556877238,False,0.85375
157,NH1144,M,0.0003714710252600297,0.0575780089153046,2.9515814280295825,2.806617498397827,0.1449639296317553,0.1449639296317553,0.021014540894280506,False,0.8525
564,NH1617,N,0.002228826151560178,0.03974739970282318,2.737297123106042,2.88155460357666,-0.14425748047061804,0.14425748047061804,0.020810220671730745,False,0.85125
389,NH1430,N,0.0,0.03417533432392273,2.598982184847709,2.7430272102355957,-0.14404502538788666,0.14404502538788666,0.020748969338996913,False,0.85
217,NH1228,N,0.0003714710252600297,0.037518573551263,2.5142494621208336,2.6572511196136475,-0.1430016574928139,0.1430016574928139,0.02044947404569206,False,0.84875
179,NH1169,M,0.029717682020802376,0.04086181277860327,3.2295151969700013,3.0867106914520264,0.14280450551797497,0.14280450551797497,0.020393126796233344,False,0.8475
24,NH1015,O,0.0007429420505200594,0.04086181277860327,2.5617208522729173,2.7041409015655518,-0.1424200492926344,0.1424200492926344,0.020283470440516416,False,0.84625
553,NH1606,N,0.02711738484398217,0.03268945022288262,2.7267650037887496,2.868680238723755,-0.14191523493500524,0.14191523493500524,0.020139933906657734,False,0.845
513,NH1567,J,0.0018573551263001485,0.04309063893016345,3.4054379431804156,3.263529062271118,0.14190888090929743,0.14190888090929743,0.02013813048092916,False,0.84375
275,NH1297,M,0.0007429420505200594,0.046805349182763745,2.486670829545,2.627744436264038,-0.14107360671903812,0.14107360671903812,0.01990176251271784,False,0.8425
442,NH1483,J,0.002228826151560178,0.04791976225854384,3.305119875,3.164187431335449,0.1409324436645507,0.1409324436645507,0.01986195367726176,False,0.84125
288,NH1316,M,0.0003714710252600297,0.056835066864784546,2.5534413068183337,2.6937203407287598,-0.14027903391042607,0.14027903391042607,0.019678207354842468,False,0.84
461,NH1502,N,0.0003714710252600297,0.03417533432392273,2.919967611743666,3.058922290802002,-0.1389546790583358,0.1389546790583358,0.019308402832205106,False,0.83875
352,NH1388,M,0.001114413075780089,0.04717682020802377,2.7922012689387503,2.9309842586517334,-0.13878298971298308,0.13878298971298308,0.01926071823367397,False,0.8375
460,NH1501,N,0.0003714710252600297,0.03603268945022288,3.142547452020001,3.004441976547241,0.13810547547275975,0.13810547547275975,0.019073122355557047,False,0.83625
152,NH1138,N,0.002228826151560178,0.11775631500742942,2.5095889116158334,2.6475651264190674,-0.13797621480323397,0.13797621480323397,0.01903743585142816,False,0.835
637,NH1766,J,0.0018573551263001485,0.034546805349182766,2.774261397727083,2.9113388061523438,-0.13707740842526084,0.13707740842526084,0.01879021590058577,False,0.83375
455,NH1496,N,0.0007429420505200594,0.030832095096582468,2.794155,2.9307172298431396,-0.1365622298431397,0.1365622298431397,0.018649242619730517,False,0.8325
454,NH1495,N,0.0014858841010401188,0.030089153046062408,2.5458145189391668,2.682070016860962,-0.13625549792179514,0.13625549792179514,0.01856556071391632,False,0.83125
342,NH1378,N,0.0018573551263001485,0.038261515601783064,2.6396423143937504,2.775202512741089,-0.13556019834733846,0.13556019834733846,0.018376567375969745,False,0.83
0,NH0995,O,0.0003714710252600297,0.044947994056463596,2.814025348484583,2.679853677749634,0.13417167073494918,0.13417167073494918,0.01800203722780762,False,0.82875
440,NH1481,N,0.001114413075780089,0.036404160475482915,2.5367798143945834,2.670628786087036,-0.1338489716924527,0.1338489716924527,0.017915547223127,False,0.8275
752,NH1887,O,0.0014858841010401188,0.034918276374442794,2.731580166666667,2.86405348777771,-0.13247332111104315,0.13247332111104315,0.01754918080618955,False,0.82625
656,NH1787,O,0.0003714710252600297,0.034546805349182766,3.123567117424167,3.2557241916656494,-0.1321570742414826,0.1321570742414826,0.01746549227206874,False,0.825
206,NH1205,N,0.0007429420505200594,0.04940564635958395,2.572338515151667,2.7041175365448,-0.1317790213931329,0.1317790213931329,0.017365710479331782,False,0.82375
688,NH1821,N,0.02786032689450223,0.11701337295690936,2.910305911616388,2.779075860977173,0.131230050639215,0.131230050639215,0.017221326190770932,False,0.8225
571,NH1625,J,0.0003714710252600297,0.041976225854383355,3.022505628787084,2.892343044281006,0.1301625845060781,0.1301625845060781,0.016942298405301922,False,0.82125
703,NH1836,L,0.001114413075780089,0.04309063893016345,2.9368110719699994,2.8066861629486084,0.13012490902139096,0.13012490902139096,0.016932491947825274,False,0.82
498,NH1552,J,0.0007429420505200594,0.031575037147102525,2.9805125303024997,2.8511898517608643,0.12932267854163548,0.12932267854163548,0.016724355185183188,False,0.81875
83,NH1061,L,0.030460624071322436,0.04011887072808321,3.1726480151512497,3.0433669090270996,0.1292811061241501,0.1292811061241501,0.016713604400683764,False,0.8175
700,NH1833,L,0.001114413075780089,0.03789004457652303,2.8878988219712505,2.758626699447632,0.12927212252361864,0.12927212252361864,0.01671128166176147,False,0.81625
692,NH1825,J,0.02786032689450223,0.028603268945022287,2.9999524747463884,2.8709630966186523,0.12898937812773603,0.12898937812773603,0.016638259669780067,False,0.815
348,NH1384,L,0.0007429420505200594,0.03974739970282318,2.7460927310595826,2.6191511154174805,0.12694161564210216,0.12694161564210216,0.016114173781827196,False,0.81375
484,NH1530,N,0.0,0.03566121842496285,3.0451293030302775,2.918313980102539,0.12681532292773845,0.12681532292773845,0.016082126129266586,False,0.8125
126,NH1101,N,0.001114413075780089,0.034546805349182766,2.633580800505278,2.5073673725128174,0.1262134279924605,0.1262134279924605,0.01592982940560801,False,0.81125
511,NH1565,J,0.0033432392273402673,0.03974739970282318,3.0193580075754163,2.8932301998138428,0.1261278077615735,0.1261278077615735,0.015908223890740442,False,0.81
388,NH1429,L,0.02786032689450223,0.038261515601783064,2.7701933131311107,2.644364833831787,0.12582847929932361,0.12582847929932361,0.01583280620278031,False,0.80875
770,NH1905,L,0.0014858841010401188,0.04011887072808321,2.746016212121389,2.6207211017608643,0.12529511036052465,0.12529511036052465,0.015698864680256053,False,0.8075
474,NH1515,L,0.0003714710252600297,0.04309063893016345,2.855452022727083,2.7304210662841797,0.1250309564429033,0.1250309564429033,0.015632740069027182,False,0.80625
245,NH1263,N,0.0003714710252600297,0.04420505200594354,2.296183890152083,2.420764446258545,-0.12458055610646213,0.12458055610646213,0.015520314959795358,False,0.805
314,NH1342,N,0.02711738484398217,0.04011887072808321,2.991576204545834,2.8670430183410645,0.12453318620476939,0.12453318620476939,0.015508514466311765,False,0.80375
212,NH1222,M,0.0014858841010401188,0.044947994056463596,3.0194293863636106,2.8949899673461914,0.12443941901741917,0.12443941901741917,0.015485169005392825,False,0.8025
443,NH1484,J,0.0029717682020802376,0.03789004457652303,3.04554245454625,2.92116117477417,0.12438127977208024,0.12438127977208024,0.015470702757740498,False,0.80125
191,NH1184,M,0.031575037147102525,0.04977711738484398,3.0837863863637507,2.9602112770080566,0.12357510935569405,0.12357510935569405,0.015270807652271743,False,0.8
417,NH1460,N,0.0014858841010401188,0.04049034175334324,2.915021795454443,2.791534662246704,0.12348713320773896,0.12348713320773896,0.015249072067865866,False,0.79875
154,NH1141,N,0.001114413075780089,0.041604754829123326,2.668283753787917,2.789815664291382,-0.12153191050346468,0.12153191050346468,0.014770005270622149,False,0.7975
634,NH1757,N,0.001114413075780089,0.03231797919762259,2.8736678383836107,2.7523107528686523,0.12135708551495838,0.12135708551495838,0.014727542204684922,False,0.79625
480,NH1521,J,0.02674591381872214,0.03677563150074294,2.683536670454166,2.80472993850708,-0.12119326805291397,0.12119326805291397,0.014687808221345458,False,0.795
630,NH1750,N,0.02897473997028232,0.037518573551263,2.993140595959167,2.8721132278442383,0.12102736811492854,0.12102736811492854,0.014647623832826421,False,0.79375
17,NH1008,M,0.02711738484398217,0.041976225854383355,3.0680799873733338,2.9480457305908203,0.12003425678251345,0.12003425678251345,0.014408222801330375,False,0.7925
598,NH1689,N,0.0033432392273402673,0.04606240713224369,3.006316,3.1255996227264404,-0.11928362272644044,0.11928362272644044,0.014228582650743778,False,0.79125
434,NH1475,N,0.0018573551263001485,0.0412332838038633,2.9112718484852085,2.7925007343292236,0.11877111415598485,0.11877111415598485,0.014106577557853984,False,0.79
333,NH1363,L,0.002600297176820208,0.04234769687964339,2.8111716136362497,2.692624807357788,0.11854680627846159,0.11854680627846159,0.0140533452788231,False,0.78875
234,NH1252,L,0.029717682020802376,0.033432392273402674,3.126440696969666,3.0081787109375,0.11826198603216609,0.11826198603216609,0.013985897340272247,False,0.7875
127,NH1102,M,0.0007429420505200594,0.0412332838038633,2.7202946388888884,2.8384997844696045,-0.11820514558071604,0.11820514558071604,0.013972456441758273,False,0.78625
685,NH1818,O,0.002228826151560178,0.04011887072808321,2.880580770201944,2.9986231327056885,-0.11804236250374434,0.11804236250374434,0.013933999345465386,False,0.785
643,NH1772,O,0.0007429420505200594,0.04457652303120357,3.204778238636667,3.0869333744049072,0.11784486423175977,0.11784486423175977,0.013887412025801894,False,0.78375
166,NH1156,N,0.0018573551263001485,0.03937592867756315,2.598219439394167,2.7159430980682373,-0.1177236586740702,0.1177236586740702,0.013858859811608983,False,0.7825
458,NH1499,N,0.001114413075780089,0.04791976225854384,3.0142012803036105,2.896749973297119,0.11745130700649131,0.11745130700649131,0.013794809517533075,False,0.78125
414,NH1456,L,0.0003714710252600297,0.0412332838038633,2.539858378787917,2.6569418907165527,-0.11708351192863553,0.11708351192863553,0.013708548765542939,False,0.78
549,NH1602,N,0.0003714710252600297,0.046433878157503716,2.6095519949491663,2.726116418838501,-0.11656442388933463,0.11656442388933463,0.013587264916652486,False,0.77875
372,NH1410,M,0.0014858841010401188,0.04717682020802377,2.5341386022729164,2.6501686573028564,-0.11603005502994002,0.11603005502994002,0.013462973670250908,False,0.7775
143,NH1127,M,0.030460624071322436,0.04457652303120357,3.1488693787883326,3.033003568649292,0.11586581013904063,0.11586581013904063,0.01342488595917621,False,0.77625
782,NH1922,J,0.02897473997028232,0.02786032689450223,3.0634608787883337,3.1789958477020264,-0.11553496891369264,0.11553496891369264,0.013348329041887924,False,0.775
787,NH1927,J,0.0014858841010401188,0.03231797919762259,2.8397461098491656,2.7243311405181885,0.11541496933097717,0.11541496933097717,0.0133206151456704,False,0.77375
115,NH1090,M,0.0003714710252600297,0.05460624071322437,2.9624291401516665,2.847745180130005,0.11468396002166159,0.11468396002166159,0.013152410686250074,False,0.7725
71,NH1049,L,0.0018573551263001485,0.046433878157503716,2.578657691919722,2.6932554244995117,-0.11459773257978956,0.11459773257978956,0.01313264031242896,False,0.77125
345,NH1381,L,0.0007429420505200594,0.03714710252600297,2.791738484848332,2.677243947982788,0.11449453686554412,0.11449453686554412,0.013108998972055442,False,0.77
177,NH1167,N,0.029717682020802376,0.033060921248142645,2.7599964242424995,2.874445915222168,-0.1144494909796685,0.1144494909796685,0.013098685985505221,False,0.76875
496,NH1550,J,0.001114413075780089,0.04569093610698365,3.04824503409125,2.9342377185821533,0.1140073155090966,0.1140073155090966,0.012997667989590697,False,0.7675
581,NH1635,L,0.02823179791976226,0.03194650817236255,2.9771905227274993,2.8636410236358643,0.11354949909163503,0.11354949909163503,0.012893488743961224,False,0.76625
565,NH1619,N,0.0007429420505200594,0.04049034175334324,2.9540384015145826,2.84060001373291,0.11343838778167248,0.11343838778167248,0.0128682678225051,False,0.765
493,NH1547,N,0.0007429420505200594,0.04011887072808321,2.8696522222222227,2.9829559326171875,-0.11330371039496479,0.11330371039496479,0.01283773078926605,False,0.76375
350,NH1386,L,0.0003714710252600297,0.0338038632986627,3.0376429507583333,2.9245505332946777,0.11309241746365561,0.11309241746365561,0.012789894887773757,False,0.7625
712,NH1845,O,0.02711738484398217,0.02674591381872214,2.8713014015145832,2.984090566635132,-0.1127891651205486,0.1127891651205486,0.012721395768590375,False,0.76125
137,NH1121,M,0.0007429420505200594,0.04271916790490342,3.2124454507579174,3.1002650260925293,0.11218042466538813,0.11218042466538813,0.012584447678106823,False,0.76
267,NH1289,L,0.02711738484398217,0.0475482912332838,2.8609133787891667,2.7488856315612793,0.11202774722788744,0.11202774722788744,0.012550216148955443,False,0.75875
120,NH1095,L,0.0014858841010401188,0.041976225854383355,2.5500920277777785,2.661985397338867,-0.11189336956108864,0.11189336956108864,0.012520126151734357,False,0.7575
794,NH1937,L,0.0014858841010401188,0.033432392273402674,2.6368848844695836,2.748119354248047,-0.1112344697784633,0.1112344697784633,0.012373107266895864,False,0.75625
524,NH1576,L,0.001114413075780089,0.03566121842496285,2.7670094217169448,2.656132936477661,0.11087648523928362,0.11087648523928362,0.012293594979017077,False,0.755
319,NH1347,N,0.02711738484398217,0.04420505200594354,2.7911444242425,2.6822187900543213,0.10892563418817858,0.10892563418817858,0.011864793783296898,False,0.75375
784,NH1924,J,0.0274888558692422,0.02711738484398217,3.056521689394167,3.1652991771698,-0.10877748777563268,0.10877748777563268,0.011832541846777915,False,0.7525
114,NH1089,L,0.0018573551263001485,0.044947994056463596,2.592809897726667,2.701524019241333,-0.10871412151466586,0.10871412151466586,0.011818760216705535,False,0.75125
421,NH1464,N,0.0003714710252600297,0.03974739970282318,2.8710665303020826,2.762720823287964,0.10834570701411872,0.10834570701411872,0.011738792228389255,False,0.75
526,NH1578,L,0.001114413075780089,0.041604754829123326,2.928948969696666,2.8206260204315186,0.10832294926514763,0.10832294926514763,0.011733861337499747,False,0.74875
160,NH1148,N,0.030089153046062408,0.041604754829123326,2.865092530302916,2.756795644760132,0.10829688554278416,0.10829688554278416,0.011728215418266894,False,0.7475
123,NH1098,M,0.0003714710252600297,0.050148588410104014,2.6806118358586115,2.5723884105682373,0.10822342529037421,0.10822342529037421,0.011712309781581208,False,0.74625
140,NH1124,L,0.0007429420505200594,0.041976225854383355,2.7818008939391663,2.67364764213562,0.10815325180354618,0.10815325180354618,0.011697125875681265,False,0.745
379,NH1420,N,0.0,0.03863298662704309,2.88418860984875,2.776510000228882,0.1076786096198683,0.1076786096198683,0.011594682969667995,False,0.74375
387,NH1428,L,0.02711738484398217,0.03714710252600297,2.4962147626258337,2.6036441326141357,-0.10742936998830199,0.10742936998830199,0.01154106953608348,False,0.7425
508,NH1562,J,0.0033432392273402673,0.04011887072808321,2.9867449545445828,2.879492998123169,0.10725195642141383,0.10725195642141383,0.01150298215622085,False,0.74125
106,NH1081,N,0.0018573551263001485,0.04049034175334324,2.523999419192222,2.6310219764709473,-0.10702255727872512,0.10702255727872512,0.011453827766477999,False,0.74
259,NH1281,M,0.0014858841010401188,0.050148588410104014,2.4853121843427775,2.5919737815856934,-0.1066615972429159,0.1066615972429159,0.011376696326410005,False,0.73875
129,NH1113,M,0.0003714710252600297,0.04903417533432392,2.652038446969444,2.545623540878296,0.1064149060911479,0.1064149060911479,0.011324132238387826,False,0.7375
400,NH1441,N,0.0003714710252600297,0.03974739970282318,2.6845978813138895,2.790909767150879,-0.10631188583698936,0.10631188583698936,0.01130221707021706,False,0.73625
147,NH1133,N,0.0007429420505200594,0.03900445765230312,2.74665581060625,2.6407299041748047,0.1059259064314455,0.1059259064314455,0.011220297653323347,False,0.735
213,NH1223,L,0.0003714710252600297,0.05163447251114413,3.0404031515145826,2.9345128536224365,0.1058902978921461,0.1058902978921461,0.011212755187687442,False,0.73375
534,NH1587,J,0.002228826151560178,0.0412332838038633,2.9320918768935416,3.0377695560455322,-0.10567767915199067,0.10567767915199067,0.011167771870951082,False,0.7325
580,NH1634,N,0.028603268945022287,0.02897473997028232,3.1808558661602775,3.0773072242736816,0.10354864188659585,0.10354864188659585,0.010722321236558472,False,0.73125
638,NH1767,J,0.0007429420505200594,0.03900445765230312,2.9929210568175,2.889382839202881,0.10353821761461912,0.10353821761461912,0.010720162506812226,False,0.73
141,NH1125,M,0.031203566121842496,0.04309063893016345,3.2393273674245835,3.135843515396118,0.10348385202846533,0.10348385202846533,0.010708907630649307,False,0.72875
207,NH1206,L,0.0003714710252600297,0.046433878157503716,2.687268465907917,2.5840721130371094,0.10319635287080775,0.10319635287080775,0.01064948724583627,False,0.7275
396,NH1437,M,0.0,0.04791976225854384,2.4572546287883332,2.5604324340820312,-0.10317780529369802,0.10317780529369802,0.01064565950522426,False,0.72625
779,NH1919,J,0.0274888558692422,0.028603268945022287,3.080316560607499,2.977630376815796,0.10268618379170302,0.10268618379170302,0.010544452341703413,False,0.725
221,NH1237,M,0.0007429420505200594,0.056835066864784546,2.6849211477270836,2.582441806793213,0.10247934093387068,0.10247934093387068,0.010502015318240502,False,0.72375
208,NH1207,M,0.0003714710252600297,0.05089153046062407,2.6291659810591668,2.7314529418945312,-0.10228696083536448,0.10228696083536448,0.010462622356935387,False,0.7225
134,NH1118,M,0.0003714710252600297,0.04457652303120357,2.7538493560604165,2.6516735553741455,0.10217580068627097,0.10217580068627097,0.010439894245880571,False,0.72125
305,NH1331,N,0.0014858841010401188,0.0412332838038633,2.491312761364167,2.59302020072937,-0.1017074393652031,0.1017074393652031,0.010344403222226465,False,0.72
674,NH1806,L,0.0014858841010401188,0.048662704309063894,2.9500520265145838,2.848538398742676,0.10151362777190798,0.10151362777190798,0.010305016623413486,False,0.71875
222,NH1239,N,0.001114413075780089,0.046805349182763745,2.676292512626111,2.7775421142578125,-0.10124960163170149,0.10124960163170149,0.01025148183057825,False,0.7175
142,NH1126,L,0.03268945022288262,0.041604754829123326,2.618883136363333,2.7200112342834473,-0.10112809792011435,0.10112809792011435,0.010226892188940236,False,0.71625
650,NH1780,J,0.02711738484398217,0.036404160475482915,2.6930897878783333,2.7941601276397705,-0.1010703397614372,0.1010703397614372,0.010215213579492354,False,0.715
669,NH1801,M,0.02823179791976226,0.029346210995542348,2.7769959646461113,2.878005027770996,-0.10100906312488478,0.10100906312488478,0.010202830833366958,False,0.71375
81,NH1059,J,0.029346210995542348,0.04977711738484398,3.1675753939404174,3.066761016845703,0.1008143770947143,0.1008143770947143,0.010163538628995257,False,0.7125
86,NH1064,N,0.029346210995542348,0.03528974739970282,2.9427593295454164,2.842217206954956,0.10054212259046036,0.10054212259046036,0.010108718414995159,False,0.71125
254,NH1273,M,0.0007429420505200594,0.05572065378900446,2.850796257575001,2.9510014057159424,-0.10020514814094117,0.10020514814094117,0.010041071713947965,False,0.71
605,NH1709,N,0.0007429420505200594,0.03863298662704309,2.7457053522729167,2.845486640930176,-0.0997812886572591,0.0997812886572591,0.009956305566103264,False,0.70875
730,NH1865,O,0.03677563150074294,0.02674591381872214,2.960540078282778,2.8607935905456543,0.09974648773712369,0.09974648773712369,0.009949361815892167,False,0.7075
371,NH1409,L,0.0007429420505200594,0.04271916790490342,2.9119232272733337,2.8128662109375,0.09905701633583375,0.09905701633583375,0.009812292485357635,False,0.70625
497,NH1551,J,0.0,0.03900445765230312,2.9346339166674995,3.0336055755615234,-0.09897165889402393,0.09897165889402393,0.009795389264235026,False,0.705
62,NH1040,L,0.001114413075780089,0.03417533432392273,3.1022917840904163,3.0044052600860596,0.09788652400435671,0.09788652400435671,0.009581771581655503,False,0.70375
447,NH1488,J,0.0003714710252600297,0.04977711738484398,3.213455666666251,3.1157257556915283,0.0977299109747225,0.0977299109747225,0.009551135499127185,False,0.7025
588,NH1668,J,0.0007429420505200594,0.03789004457652303,2.9043724090908336,2.8070082664489746,0.097364142641859,0.097364142641859,0.009479776272384265,False,0.70125
148,NH1134,N,0.0018573551263001485,0.043462109955423475,2.6965673181816667,2.6001265048980713,0.09644081328359544,0.09644081328359544,0.00930083046680132,False,0.7
60,NH1038,N,0.0003714710252600297,0.03603268945022288,2.698237117424167,2.794194459915161,-0.09595734249099408,0.09595734249099408,0.009207811577933938,False,0.69875
411,NH1452,J,0.0,0.041604754829123326,3.246185393939722,3.1504158973693848,0.09576949657033706,0.09576949657033706,0.009171796473335802,False,0.6975
567,NH1621,J,0.0,0.03268945022288262,2.6374142760940753,2.7330331802368164,-0.0956189041427411,0.0956189041427411,0.009142974829458712,False,0.69625
337,NH1367,L,0.002228826151560178,0.04049034175334324,2.5282417234850003,2.623134136199951,-0.09489241271495086,0.09489241271495086,0.009004569990864568,False,0.695
449,NH1490,J,0.0007429420505200594,0.038261515601783064,3.205263837121666,3.2998340129852295,-0.09457017586356331,0.09457017586356331,0.008943518162865292,False,0.69375
583,NH1663,N,0.0014858841010401188,0.043833580980683504,2.9450829810606245,2.8507606983184814,0.09432228274214305,0.09432228274214305,0.008896693021688776,False,0.6925
759,NH1894,O,0.001114413075780089,0.03900445765230312,3.029373813131944,2.935133695602417,0.0942401175295271,0.0942401175295271,0.00888119975197908,False,0.69125
144,NH1128,N,0.0029717682020802376,0.041976225854383355,2.5942918219704163,2.688509464263916,-0.09421764229349971,0.09421764229349971,0.008876964119345866,False,0.69
281,NH1303,N,0.02897473997028232,0.03900445765230312,2.4516604166666665,2.5453622341156006,-0.09370181744893413,0.09370181744893413,0.008780030593233377,False,0.68875
373,NH1411,M,0.001114413075780089,0.046805349182763745,2.836565439392917,2.743107795715332,0.09345764367758491,0.09345764367758491,0.008734331161766426,False,0.6875
169,NH1159,N,0.002600297176820208,0.03417533432392273,2.3614148964647224,2.45485520362854,-0.09344030716381768,0.09344030716381768,0.008731091002868598,False,0.68625
533,NH1586,J,0.001114413075780089,0.03417533432392273,2.8946791931820837,2.987471342086792,-0.09279214890470833,0.09279214890470833,0.008610382898353563,False,0.685
239,NH1257,M,0.0007429420505200594,0.04791976225854384,2.831951083332778,2.7392685413360596,0.09268254199671855,0.09268254199671855,0.008590053590973498,False,0.68375
551,NH1604,L,0.029717682020802376,0.04011887072808321,2.894043181817917,2.8013756275177,0.09266755430021689,0.09266755430021689,0.008587275619983646,False,0.6825
500,NH1554,J,0.0018573551263001485,0.03528974739970282,3.266245939393751,3.174062728881836,0.09218321051191491,0.09218321051191491,0.00849774430028402,False,0.68125
545,NH1598,L,0.0,0.04011887072808321,2.583565361110278,2.6757073402404785,-0.09214197913020072,0.09214197913020072,0.008490144318030345,False,0.68
405,NH1446,N,0.0,0.044947994056463596,2.772907863636667,2.864863395690918,-0.09195553205425089,0.09195553205425089,0.008455819875380362,False,0.67875
735,NH1870,J,0.0007429420505200594,0.036404160475482915,2.7013262929288895,2.793224334716797,-0.09189804178790739,0.09189804178790739,0.008445250084451973,False,0.6775
39,NH1027,N,0.0018573551263001485,0.046433878157503716,2.7831303106066674,2.6912431716918945,0.09188713891477285,0.09188713891477285,0.008443246297942762,False,0.67625
499,NH1553,J,0.001114413075780089,0.04940564635958395,3.1458612083337503,3.0545217990875244,0.09133940924622586,0.09133940924622586,0.008342887681449529,False,0.675
308,NH1336,M,0.001114413075780089,0.04606240713224369,2.6871744873736114,2.59588360786438,0.09129087950923154,0.09129087950923154,0.008334024681569031,False,0.67375
574,NH1628,J,0.002228826151560178,0.043833580980683504,2.765108738181733,2.6740148067474365,0.09109393143429667,0.09109393143429667,0.008298104344156343,False,0.6725
597,NH1688,N,0.0007429420505200594,0.03937592867756315,2.848719204545,2.757859706878662,0.09085949766633794,0.09085949766633794,0.008255448316179269,False,0.67125
664,NH1795,J,0.0007429420505200594,0.04420505200594354,2.9566671212122224,2.865954875946045,0.0907122452661775,0.0907122452661775,0.008228711441231142,False,0.67
116,NH1091,M,0.0014858841010401188,0.05609212481426449,2.7214452386375,2.8116955757141113,-0.09025033707661123,0.09025033707661123,0.008145123342441949,False,0.66875
167,NH1157,N,0.001114413075780089,0.03863298662704309,2.775934757576249,2.6859192848205566,0.09001547275569255,0.09001547275569255,0.008102785335430828,False,0.6675
683,NH1816,O,0.002228826151560178,0.041976225854383355,2.8569499621211114,2.7670674324035645,0.08988252971754696,0.08988252971754696,0.008078869148425712,False,0.66625
772,NH1912,N,0.0,0.04086181277860327,2.5437110277763884,2.6330618858337402,-0.08935085805735188,0.08935085805735188,0.007983575835585044,False,0.665
698,NH1831,L,0.0003714710252600297,0.03417533432392273,2.923653117424166,2.834523916244507,0.08912920117965895,0.08912920117965895,0.007944014502924118,False,0.66375
671,NH1803,N,0.10958395245170877,0.031203566121842496,2.9375010151520837,2.8483917713165283,0.08910924383555541,0.08910924383555541,0.007940457336944469,False,0.6625
745,NH1880,L,0.02823179791976226,0.037518573551263,2.8977145909094437,2.808624267578125,0.08909032333131872,0.08909032333131872,0.007937085711278912,False,0.66125
540,NH1593,J,0.0003714710252600297,0.04309063893016345,3.007452212120417,2.9184327125549316,0.08901949956548538,0.08901949956548538,0.007924471302889452,False,0.66
76,NH1054,J,0.030460624071322436,0.046805349182763745,2.9176920505052766,3.0066978931427,-0.08900584263742362,0.08900584263742362,0.007922040023597816,False,0.65875
257,NH1279,L,0.0003714710252600297,0.03714710252600297,2.854402593433611,2.9432759284973145,-0.08887333506370343,0.08887333506370343,0.007898469685345298,False,0.6575
133,NH1117,N,0.0003714710252600297,0.034918276374442794,2.7098851704545828,2.621020555496216,0.08886461495836695,0.08886461495836695,0.007896919791698815,False,0.65625
776,NH1915,N,0.0014858841010401188,0.11218424962852898,2.79499519318125,2.7065165042877197,0.08847868889353006,0.08847868889353006,0.007828478388318079,False,0.655
615,NH1722,N,0.0007429420505200594,0.03194650817236255,2.86136358712125,2.772953987121582,0.08840959999966813,0.08840959999966813,0.007816257372101319,False,0.65375
426,NH1469,N,0.0,0.044947994056463596,3.3536392916670836,3.2655556201934814,0.08808367147360219,0.08808367147360219,0.00775873318026948,False,0.6525
778,NH1918,J,0.02823179791976226,0.03417533432392273,3.1180686818183343,3.03009295463562,0.08797572718271418,0.08797572718271418,0.007739728573327355,False,0.65125
233,NH1250,M,0.002228826151560178,0.04903417533432392,2.5162415555561113,2.6040866374969482,-0.08784508194083696,0.08784508194083696,0.007716758421192359,False,0.65
198,NH1193,M,0.029346210995542348,0.05386329866270431,2.980213986741667,2.892498016357422,0.08771597038424517,0.08771597038424517,0.007694091460449776,False,0.64875
523,NH1575,N,0.0003714710252600297,0.04309063893016345,2.53008267424125,2.6171865463256836,-0.08710387208443349,0.08710387208443349,0.007587084532101351,False,0.6475
5,NH1000,L,0.0007429420505200594,0.05163447251114413,2.5691751628791666,2.656156301498413,-0.0869811386192465,0.0869811386192465,0.0075657184755005755,False,0.64625
41,NH1028,L,0.0007429420505200594,0.038261515601783064,2.8341194166654167,2.7472634315490723,0.0868559851163444,0.0868559851163444,0.0075439621505306404,False,0.645
211,NH1221,N,0.0007429420505200594,0.041604754829123326,2.643035222221944,2.7298099994659424,-0.08677477724399818,0.08677477724399818,0.007529861965745504,False,0.64375
395,NH1436,N,0.001114413075780089,0.041976225854383355,2.9314942272737503,2.8449149131774902,0.08657931409626007,0.08657931409626007,0.007495977629378858,False,0.6425
362,NH1400,N,0.0018573551263001485,0.04234769687964339,2.8297341931820834,2.743229866027832,0.08650432715425138,0.08650432715425138,0.0074829986164097525,False,0.64125
714,NH1847,O,0.001114413075780089,0.030832095096582468,2.6349156792933326,2.721153497695923,-0.08623781840259026,0.08623781840259026,0.007436961322838135,False,0.64
18,NH1009,L,0.02786032689450223,0.03603268945022288,2.652616911615555,2.7387940883636475,-0.08617717674809233,0.08617717674809233,0.007426505792271946,False,0.63875
316,NH1344,N,0.02674591381872214,0.03937592867756315,2.6682699621208332,2.582303524017334,0.08596643810349924,0.08596643810349924,0.007390228480202767,False,0.6375
357,NH1393,L,0.0003714710252600297,0.0412332838038633,2.7594724431812505,2.6736299991607666,0.08584244402048391,0.08584244402048391,0.007368925195409914,False,0.63625
404,NH1445,L,0.0003714710252600297,0.0412332838038633,2.918158560606666,2.832888603210449,0.08526995739621679,0.08526995739621679,0.007270965634352626,False,0.635
621,NH1729,L,0.0007429420505200594,0.04457652303120357,2.909598431818333,2.8243424892425537,0.08525594257577929,0.08525594257577929,0.007268575744484575,False,0.63375
276,NH1298,N,0.002600297176820208,0.030832095096582468,2.6032306893933335,2.5180397033691406,0.08519098602419284,0.08519098602419284,0.00725750409977422,False,0.6325
228,NH1245,M,0.002228826151560178,0.05274888558692422,2.769121068182084,2.6839513778686523,0.0851696903134318,0.0851696903134318,0.007253876148085879,False,0.63125
636,NH1765,J,0.0007429420505200594,0.036404160475482915,3.146891314395417,3.062279224395752,0.08461208999966496,0.08461208999966496,0.0071592057741114035,False,0.63
679,NH1811,J,0.001114413075780089,0.0412332838038633,2.871042633838056,2.7864627838134766,0.08457985002457935,0.08457985002457935,0.0071537510301803355,False,0.62875
681,NH1814,N,0.002600297176820208,0.037518573551263,3.083927734847778,2.9995923042297363,0.0843354306180415,0.0843354306180415,0.007112464857530491,False,0.6275
183,NH1173,L,0.030460624071322436,0.03937592867756315,2.8191184810608334,2.903334856033325,-0.08421637497249179,0.08421637497249179,0.007092397813507342,False,0.62625
266,NH1288,M,0.02786032689450223,0.048291233283803865,2.745617397727917,2.6614294052124023,0.08418799251551468,0.08418799251551468,0.007087618083792355,False,0.625
25,NH1016,O,0.0007429420505200594,0.04457652303120357,2.7517345643929176,2.6675822734832764,0.08415229090964127,0.08415229090964127,0.007081608065340893,False,0.62375
502,NH1556,J,0.0003714710252600297,0.04791976225854384,3.185668829544583,3.1018378734588623,0.08383095608572066,0.08383095608572066,0.007027629198246027,False,0.6225
105,NH1080,N,0.001114413075780089,0.03566121842496285,2.855838647726667,2.9396250247955322,-0.08378637706886538,0.08378637706886538,0.007020156982326091,False,0.62125
645,NH1774,O,0.0007429420505200594,0.04420505200594354,3.007947106060417,3.0903429985046387,-0.08239589244422163,0.08239589244422163,0.006789083091679739,False,0.62
194,NH1187,N,0.0007429420505200594,0.03714710252600297,2.7213495416662496,2.6392147541046143,0.08213478756163539,0.08213478756163539,0.006746123327794976,False,0.61875
591,NH1672,L,0.0007429420505200594,0.034918276374442794,2.7109870606066666,2.7929091453552246,-0.081922084748558,0.081922084748558,0.006711227969549919,False,0.6175
543,NH1596,J,0.0014858841010401188,0.04234769687964339,2.9677918446975,2.885965347290039,0.08182649740746095,0.08182649740746095,0.006695575677973214,False,0.61625
463,NH1504,L,0.0007429420505200594,0.04940564635958395,2.7883351439399995,2.870138645172119,-0.08180350123211966,0.08180350123211966,0.006691812813833403,False,0.615
356,NH1392,M,0.0007429420505200594,0.044947994056463596,2.6571546022733328,2.7388412952423096,-0.08168669296897679,0.08168669296897679,0.006672715808207883,False,0.61375
775,NH1915,L,0.0007429420505200594,0.03714710252600297,2.79499519318125,2.7139337062835693,0.08106148689768045,0.08106148689768045,0.006570964658062819,False,0.6125
178,NH1168,L,0.029717682020802376,0.033060921248142645,2.6533689318191667,2.7341508865356445,-0.08078195471647787,0.08078195471647787,0.00652572420781508,False,0.61125
655,NH1785,N,0.002228826151560178,0.03937592867756315,3.0303871742425006,3.110985279083252,-0.08059810484075136,0.08059810484075136,0.006496054503920748,False,0.61
616,NH1724,O,0.0018573551263001485,0.03566121842496285,2.983917755049999,2.903557062149048,0.08036069290095105,0.08036069290095105,0.006457840963520964,False,0.60875
468,NH1509,L,0.002600297176820208,0.04234769687964339,2.7863670681812502,2.866720676422119,-0.0803536082408689,0.0803536082408689,0.006456702357327034,False,0.6075
271,NH1293,M,0.0007429420505200594,0.0512630014858841,2.493363959596666,2.573666572570801,-0.08030261297413466,0.08030261297413466,0.00644850965047366,False,0.60625
694,NH1827,J,0.02786032689450223,0.03566121842496285,2.753110962121389,2.8331539630889893,-0.08004300096760009,0.08004300096760009,0.006406882003899228,False,0.605
560,NH1613,N,0.0003714710252600297,0.04271916790490342,3.1174297348480544,3.0379507541656494,0.079478980682405,0.079478980682405,0.006316908370314107,False,0.60375
242,NH1260,N,0.0007429420505200594,0.0475482912332838,2.6399200227275,2.7193233966827393,-0.07940337395523933,0.07940337395523933,0.00630489579547558,False,0.6025
689,NH1822,O,0.02823179791976226,0.03677563150074294,2.9383589368683327,2.8591246604919434,0.07923427637638936,0.07923427637638936,0.0062780705528900525,False,0.60125
78,NH1056,J,0.029346210995542348,0.043833580980683504,2.8710524797972212,2.9502694606781006,-0.07921698088087936,0.07921698088087936,0.006275330059881607,False,0.6
732,NH1867,O,0.03714710252600297,0.031203566121842496,2.8067165050500003,2.7276132106781006,0.07910329437189967,0.07910329437189967,0.006257331180487414,False,0.59875
691,NH1824,N,0.02786032689450223,0.0338038632986627,2.831751537879583,2.910815954208374,-0.07906441632879124,0.07906441632879124,0.006251181929412431,False,0.5975
791,NH1934,L,0.0274888558692422,0.0412332838038633,2.8276744242425,2.7486841678619385,0.07899025638056134,0.07899025638056134,0.006239460603066811,False,0.59625
652,NH1782,J,0.0274888558692422,0.02488855869242199,3.008942829544999,2.930391788482666,0.07855104106233313,0.07855104106233313,0.006170266051976345,False,0.595
537,NH1590,J,0.0007429420505200594,0.03937592867756315,3.10421795833375,3.025700569152832,0.07851738918091788,0.07851738918091788,0.006164980403787721,False,0.59375
445,NH1486,J,0.0007429420505200594,0.04086181277860327,2.9221965719687497,3.000608444213867,-0.07841187224511748,0.07841187224511748,0.006148421708984624,False,0.5925
155,NH1142,L,0.0014858841010401188,0.03677563150074294,2.627527598485417,2.705819606781006,-0.07829200829558891,0.07829200829558891,0.006129638562956563,False,0.59125
66,NH1044,L,0.002228826151560178,0.03603268945022288,2.6159792247480556,2.694077730178833,-0.07809850543077745,0.07809850543077745,0.006099376550521176,False,0.59
586,NH1666,M,0.08209509658246657,0.03528974739970282,3.0737420606058334,2.995657444000244,0.0780846166055893,0.0780846166055893,0.006097207350441872,False,0.58875
263,NH1285,N,0.0014858841010401188,0.05200594353640416,2.531765268939167,2.6096272468566895,-0.07786197791752247,0.07786197791752247,0.006062487605228757,False,0.5875
7,NH1001,O,0.029346210995542348,0.03714710252600297,2.9658237234845823,3.0433766841888428,-0.07755296070426043,0.07755296070426043,0.006014461713996563,False,0.58625
769,NH1904,M,0.0007429420505200594,0.03714710252600297,2.7241102272730555,2.8015637397766113,-0.07745351250355581,0.07745351250355581,0.005999046599138476,False,0.585
204,NH1203,M,0.0003714710252600297,0.04977711738484398,2.5988320479797227,2.676129102706909,-0.07729705472718651,0.07729705472718651,0.0059748346694976666,False,0.58375
215,NH1226,N,0.0007429420505200594,0.03900445765230312,2.5619430681829165,2.639105796813965,-0.07716272863104834,0.07716272863104834,0.005954086689788807,False,0.5825
251,NH1269,N,0.0003714710252600297,0.043833580980683504,2.5378497500000003,2.6149938106536865,-0.07714406065368618,0.07714406065368618,0.005951206094139612,False,0.58125
757,NH1892,N,0.002600297176820208,0.04086181277860327,2.857573138888055,2.780637502670288,0.07693563621776711,0.07693563621776711,0.005919092120232598,False,0.58
556,NH1609,N,0.028603268945022287,0.030089153046062408,2.808178026515416,2.8849291801452637,-0.07675115362984775,0.07675115362984775,0.005890739583512491,False,0.57875
559,NH1612,J,0.0007429420505200594,0.038261515601783064,2.621274502524444,2.544886350631714,0.07638815189273007,0.07638815189273007,0.005835149749586801,False,0.5775
84,NH1062,N,0.030089153046062408,0.04049034175334324,2.903242549242084,2.8270795345306396,0.07616301471144427,0.07616301471144427,0.0058008048099356755,False,0.57625
108,NH1083,N,0.0014858841010401188,0.03863298662704309,2.8043310757572226,2.8800506591796875,-0.07571958342246488,0.07571958342246488,0.0057334553136716175,False,0.575
73,NH1051,M,0.0003714710252600297,0.05312035661218425,3.2414208611108335,3.165771961212158,0.07564889989867529,0.07564889989867529,0.0057227560558797946,False,0.57375
93,NH1071,N,0.02897473997028232,0.045319465081723624,2.968626496211667,2.8930490016937256,0.07557749451794127,0.07557749451794127,0.005711957677609443,False,0.5725
326,NH1356,N,0.02786032689450223,0.04791976225854384,2.6516924090904164,2.7270946502685547,-0.07540224117813832,0.07540224117813832,0.005685497974686138,False,0.57125
334,NH1364,N,0.0018573551263001485,0.0412332838038633,2.7324893257579177,2.6572279930114746,0.07526133274644309,0.07526133274644309,0.005664268206770827,False,0.57
738,NH1873,J,0.0003714710252600297,0.034918276374442794,3.0056338358586103,2.9304685592651367,0.0751652765934736,0.0751652765934736,0.005649818805373391,False,0.56875
368,NH1406,N,0.0007429420505200594,0.03789004457652303,2.6985776186861115,2.6236162185668945,0.07496140011921693,0.07496140011921693,0.005619211507833335,False,0.5675
278,NH1300,M,0.0007429420505200594,0.03937592867756315,2.615341871212083,2.5407655239105225,0.07457634730156038,0.07457634730156038,0.005561631576842951,False,0.56625
375,NH1413,M,0.001114413075780089,0.04717682020802377,2.5141197272720834,2.5884430408477783,-0.07432331357569488,0.07432331357569488,0.005523954940871071,False,0.565
199,NH1194,L,0.030089153046062408,0.04420505200594354,2.8314966515154163,2.9057650566101074,-0.07426840509469113,0.07426840509469113,0.005515795995309143,False,0.56375
361,NH1398,N,0.10884101040118871,0.030832095096582468,2.8257200202024997,2.7516794204711914,0.07404059973130828,0.07404059973130828,0.005482010408571807,False,0.5625
286,NH1312,N,0.002228826151560178,0.03863298662704309,2.9368905568179167,2.8628509044647217,0.07403965235319498,0.07403965235319498,0.005481870120581971,False,0.56125
290,NH1318,M,0.001114413075780089,0.05460624071322437,2.7490894924241664,2.675107955932617,0.07398153649154926,0.07398153649154926,0.005473267741650435,False,0.56
518,NH1572,L,0.0014858841010401188,0.04457652303120357,2.8438639431825004,2.7699356079101562,0.0739283352723441,0.0739283352723441,0.005465398756140117,False,0.55875
716,NH1851,O,0.002228826151560178,0.03566121842496285,2.747714659090833,2.8213887214660645,-0.07367406237523166,0.07367406237523166,0.005427867466869526,False,0.5575
525,NH1577,N,0.0014858841010401188,0.03900445765230312,2.7140443080811116,2.64052677154541,0.07351753653570148,0.07351753653570148,0.005404828178278202,False,0.55625
50,NH1032,O,0.002228826151560178,0.038261515601783064,3.2915247045458336,3.2180087566375732,0.07351594790826033,0.07351594790826033,0.0054045945968500455,False,0.555
270,NH1292,N,0.0014858841010401188,0.04049034175334324,2.6127516944444453,2.5394177436828613,0.073333950761584,0.073333950761584,0.005377868334302426,False,0.55375
649,NH1779,J,0.02786032689450223,0.03417533432392273,2.7614538989908333,2.8346078395843506,-0.07315394059351732,0.07315394059351732,0.005351499024359861,False,0.5525
609,NH1714,N,0.0003714710252600297,0.038261515601783064,2.8468540606070833,2.7739357948303223,0.07291826577676108,0.07291826577676108,0.005317073483890366,False,0.55125
283,NH1309,N,0.001114413075780089,0.04049034175334324,2.57859885606,2.6514077186584473,-0.0728088625984471,0.0728088625984471,0.005301130472879549,False,0.55
724,NH1859,J,0.0014858841010401188,0.029717682020802376,2.93402264015125,3.005936622619629,-0.07191398246837899,0.07191398246837899,0.00517162087446232,False,0.54875
386,NH1427,L,0.02786032689450223,0.04234769687964339,2.572204270201666,2.6437456607818604,-0.07154139058019426,0.07154139058019426,0.005118170566147909,False,0.5475
235,NH1253,N,0.11181277860326895,0.034918276374442794,2.8340224621213883,2.762800931930542,0.07122153019084632,0.07122153019084632,0.0050725063627256334,False,0.54625
448,NH1489,J,0.0014858841010401188,0.034918276374442794,2.961716594697083,2.8907437324523926,0.07097286224469057,0.07097286224469057,0.005037147175203824,False,0.545
469,NH1510,N,0.0018573551263001485,0.041604754829123326,2.82887276894,2.7581613063812256,0.07071146255877458,0.07071146255877458,0.00500011093720098,False,0.54375
403,NH1444,M,0.0003714710252600297,0.043462109955423475,2.7301533333329164,2.6595981121063232,0.07055522122659319,0.07055522122659319,0.004978039242333507,False,0.5425
642,NH1771,O,0.0014858841010401188,0.043833580980683504,3.0430837992420834,3.1133792400360107,-0.07029544079392736,0.07029544079392736,0.004941448996412546,False,0.54125
729,NH1864,O,0.002600297176820208,0.03194650817236255,2.9720060656563896,2.9017586708068848,0.07024739484950482,0.07024739484950482,0.004934696483142236,False,0.54
481,NH1522,J,0.029717682020802376,0.03937592867756315,2.93052868939375,2.8608036041259766,0.06972508526777332,0.06972508526777332,0.004861587515598261,False,0.53875
546,NH1599,L,0.0003714710252600297,0.03863298662704309,2.7516804595958333,2.682400941848755,0.06927951774707841,0.06927951774707841,0.004799651579267753,False,0.5375
647,NH1777,J,0.02711738484398217,0.031203566121842496,3.01455415909125,3.083578586578369,-0.06902442748711923,0.06902442748711923,0.004764371589924581,False,0.53625
200,NH1195,M,0.02897473997028232,0.046805349182763745,2.7425498750008326,2.673726797103882,0.06882307789695075,0.06882307789695075,0.004736616051209751,False,0.535
542,NH1595,J,0.0007429420505200594,0.044947994056463596,2.847530583332917,2.778775691986084,0.06875489134683299,0.06875489134683299,0.00472723508411481,False,0.53375
577,NH1631,L,0.0274888558692422,0.036404160475482915,2.9908430984849996,2.9221582412719727,0.06868485721302697,0.06868485721302697,0.0047176096103739035,False,0.5325
739,NH1874,M,0.004457652303120356,0.036404160475482915,2.994959267676389,2.9267117977142334,0.0682474699621558,0.0682474699621558,0.0046577171562353584,False,0.53125
227,NH1244,L,0.0014858841010401188,0.04011887072808321,2.6863285833333332,2.7542724609375,-0.06794387760416676,0.06794387760416676,0.004616370503889993,False,0.53
719,NH1854,J,0.0003714710252600297,0.031203566121842496,3.230940229798056,3.2988345623016357,-0.06789433250357968,0.06789433250357968,0.004609640386106636,False,0.52875
122,NH1097,M,0.0007429420505200594,0.04977711738484398,2.836407742424167,2.903918981552124,-0.06751123912795709,0.06751123912795709,0.004557767408592204,False,0.5275
40,NH1027,O,0.0018573551263001485,0.046433878157503716,2.7831303106066674,2.850604295730591,-0.06747398512392344,0.06747398512392344,0.004552738668503442,False,0.52625
477,NH1518,L,0.0014858841010401188,0.04606240713224369,2.7509270113641673,2.8180642127990723,-0.06713720143490498,0.06713720143490498,0.004507403816511007,False,0.525
758,NH1893,M,0.001114413075780089,0.034546805349182766,2.7234406489902776,2.789807081222534,-0.06636643223225658,0.06636643223225658,0.004404503327238705,False,0.52375
35,NH1025,L,0.002228826151560178,0.04309063893016345,2.8777555227262495,2.811438798904419,0.06631672382183051,0.06631672382183051,0.0043979078584609425,False,0.5225
96,NH1072,O,0.030832095096582468,0.03974739970282318,2.833847981060416,2.899355173110962,-0.06550719205054589,0.06550719205054589,0.004291192210347103,False,0.52125
150,NH1137,M,0.0014858841010401188,0.04940564635958395,2.8555435560605003,2.920984983444214,-0.06544142738371361,0.06544142738371361,0.004282580418017862,False,0.52
291,NH1319,N,0.0014858841010401188,0.043833580980683504,2.64879105681875,2.7141876220703125,-0.06539656525156268,0.06539656525156268,0.004276710746701895,False,0.51875
139,NH1123,M,0.0003714710252600297,0.050148588410104014,3.264484170454166,3.1995677947998047,0.06491637565436115,0.06491637565436115,0.0042141358280981325,False,0.5175
328,NH1358,N,0.0274888558692422,0.041604754829123326,2.738566556817916,2.67378306388855,0.06478349292936603,0.06478349292936603,0.004196900956129218,False,0.51625
261,NH1283,N,0.0003714710252600297,0.04903417533432392,2.453483984847917,2.518206834793091,-0.06472284994517397,0.06472284994517397,0.004189047305025505,False,0.515
661,NH1792,J,0.002600297176820208,0.04049034175334324,2.9300635050505566,2.865886926651001,0.0641765783995556,0.0641765783995556,0.004118633215074306,False,0.51375
248,NH1266,N,0.0003714710252600297,0.04309063893016345,2.468450204545833,2.5326170921325684,-0.06416688758673539,0.06416688758673539,0.004117389462568736,False,0.5125
223,NH1240,M,0.0,0.046805349182763745,3.0709346388886116,3.0073463916778564,0.06358824721075518,0.06358824721075518,0.004043465183336113,False,0.51125
101,NH1077,J,0.0014858841010401188,0.04457652303120357,2.805351297979444,2.868929624557495,-0.06357832657805096,0.06357832657805096,0.004042203610465301,False,0.51
272,NH1294,L,0.0003714710252600297,0.04234769687964339,2.7839180277775006,2.847020387649536,-0.0631023598720355,0.0631023598720355,0.0039819078214198755,False,0.50875
666,NH1797,J,0.0018573551263001485,0.031203566121842496,2.849835247475,2.9128143787384033,-0.06297913126340315,0.06297913126340315,0.003966370974692965,False,0.5075
91,NH1070,N,0.029346210995542348,0.045319465081723624,2.8489684166679163,2.7861125469207764,0.06285586974713997,0.06285586974713997,0.003950860361669426,False,0.50625
172,NH1162,N,0.0014858841010401188,0.03231797919762259,2.377519378788334,2.4403669834136963,-0.06284760462536232,0.06284760462536232,0.003949821407145863,False,0.505
471,NH1512,L,0.002600297176820208,0.03974739970282318,2.5712548257574994,2.6339643001556396,-0.06270947439814023,0.06270947439814023,0.003932478179291005,False,0.50375
381,NH1422,M,0.0,0.043462109955423475,2.732614287878125,2.7952423095703125,-0.06262802169218729,0.06262802169218729,0.0039222691010770815,False,0.5025
339,NH1371,N,0.0018573551263001485,0.03528974739970282,2.6560071606063334,2.7185380458831787,-0.06253088527684536,0.06253088527684536,0.003910111613505996,False,0.50125
678,NH1810,O,0.0007429420505200594,0.031575037147102525,3.153575530303333,3.0911223888397217,0.06245314146361114,0.06245314146361114,0.003900394878673825,False,0.5
363,NH1401,M,0.002228826151560178,0.048291233283803865,2.51667469696875,2.5789835453033447,-0.062308848334594824,0.062308848334594824,0.0038823925807835403,False,0.49875
185,NH1176,L,0.001114413075780089,0.04717682020802377,2.963629511363333,2.902158737182617,0.06147077418071589,0.06147077418071589,0.0037786560783765674,False,0.4975
231,NH1248,L,0.0003714710252600297,0.04606240713224369,2.837624732323611,2.8982017040252686,-0.060576971701657545,0.060576971701657545,0.003669569500543419,False,0.49625
57,NH1036,N,0.0007429420505200594,0.04717682020802377,2.999257371212083,2.9390554428100586,0.06020192840202432,0.06020192840202432,0.0036242721833224622,False,0.495
695,NH1828,O,0.0018573551263001485,0.0338038632986627,2.8586238282833327,2.798579692840576,0.06004413544275655,0.06004413544275655,0.0036052982010680934,False,0.49375
539,NH1592,J,0.0,0.04086181277860327,2.9873053598491666,3.047233819961548,-0.05992846011238129,0.05992846011238129,0.003591420331441275,False,0.4925
756,NH1891,J,0.001114413075780089,0.033060921248142645,2.8633116767680553,2.803657054901123,0.05965462186693227,0.05965462186693227,0.0035586739100866736,False,0.49125
279,NH1301,L,0.001114413075780089,0.04086181277860327,2.7468906780295828,2.806485891342163,-0.05959521331258033,0.05959521331258033,0.003551589449771952,False,0.49
89,NH1068,O,0.029717682020802376,0.04309063893016345,3.315515136364166,3.255938768386841,0.05957636797732535,0.05957636797732535,0.0035493436213696774,False,0.48875
317,NH1345,M,0.02786032689450223,0.05349182763744428,2.617128162878333,2.676210880279541,-0.05908271740120785,0.05908271740120785,0.003490767495510989,False,0.4875
349,NH1385,N,0.0007429420505200594,0.03974739970282318,2.677818651515833,2.7368948459625244,-0.05907619444669132,0.05907619444669132,0.0034899967503032826,False,0.48625
425,NH1468,L,0.001114413075780089,0.041976225854383355,2.851153931818126,2.792117118835449,0.0590368129826766,0.0590368129826766,0.0034853452871515325,False,0.485
196,NH1189,N,0.001114413075780089,0.03863298662704309,2.6151665757570832,2.6741271018981934,-0.05896052614111014,0.05896052614111014,0.0034763436428365316,False,0.48375
355,NH1391,L,0.0007429420505200594,0.04420505200594354,3.0596034772720824,3.0007870197296143,0.058816457542468115,0.058816457542468115,0.0034593756778449544,False,0.4825
495,NH1549,N,0.0029717682020802376,0.03603268945022288,2.7769003611119447,2.718118667602539,0.05878169350940565,0.05878169350940565,0.0034552874918337027,False,0.48125
284,NH1310,N,0.0003714710252600297,0.03789004457652303,2.8150244583333346,2.756819725036621,0.058204733296713496,0.058204733296713496,0.0033877909781415486,False,0.48
320,NH1348,N,0.0003714710252600297,0.034918276374442794,2.6559603181822227,2.597928047180176,0.05803227100204689,0.05803227100204689,0.003367744477655012,False,0.47875
229,NH1246,N,0.0,0.03677563150074294,2.3859403901512497,2.4439666271209717,-0.05802623696972198,0.05802623696972198,0.0033670441768663298,False,0.4775
187,NH1178,L,0.04717682020802377,0.03900445765230312,2.9360859280312503,2.993576765060425,-0.05749083702917446,0.05749083702917446,0.003305196342315097,False,0.47625
624,NH1732,N,0.0014858841010401188,0.03863298662704309,2.9242628580675003,2.9816300868988037,-0.05736722883130341,0.05736722883130341,0.0032909989437831287,False,0.475
419,NH1462,N,0.0007429420505200594,0.03231797919762259,2.6863496919191663,2.743644952774048,-0.05729526085488157,0.05729526085488157,0.003282746916428924,False,0.47375
720,NH1855,J,0.001114413075780089,0.03417533432392273,3.0071051666666664,2.9500010013580322,0.05710416530863416,0.05710416530863416,0.003260885695595817,False,0.4725
797,NH1940,N,0.0007429420505200594,0.029346210995542348,2.7288744848485424,2.785881280899048,-0.057006796050505404,0.057006796050505404,0.0032497747959439184,False,0.47125
527,NH1579,J,0.0018573551263001485,0.038261515601783064,2.998226829545417,3.0552096366882324,-0.05698280714281534,0.05698280714281534,0.003247040309875287,False,0.47
444,NH1485,J,0.0003714710252600297,0.03714710252600297,2.8668407803025,2.810081720352173,0.05675905995032693,0.05675905995032693,0.0032215908864448063,False,0.46875
47,NH1031,L,0.0,0.038261515601783064,2.8045438106054172,2.747926950454712,0.05661686015070533,0.05661686015070533,0.003205468853324525,False,0.4675
535,NH1588,J,0.0007429420505200594,0.03566121842496285,3.229330869317708,3.2857766151428223,-0.05644574582511419,0.05644574582511419,0.003186122221753396,False,0.46625
303,NH1329,L,0.02674591381872214,0.04271916790490342,2.662665681819167,2.60640025138855,0.05626543043061716,0.05626543043061716,0.0031657986615426193,False,0.465
747,NH1882,L,0.0274888558692422,0.03566121842496285,3.1094892235862153,3.0532796382904053,0.056209585295809994,0.056209585295809994,0.0031595174791269392,False,0.46375
330,NH1360,L,0.0,0.0475482912332838,2.920682946969167,2.864983558654785,0.055699388314381704,0.055699388314381704,0.003102421858596281,False,0.4625
531,NH1584,J,0.0007429420505200594,0.03789004457652303,2.83940724242375,2.8947672843933105,-0.05536004196956057,0.05536004196956057,0.0030647342468715076,False,0.46125
70,NH1048,O,0.001114413075780089,0.03974739970282318,2.7741930568175,2.8293521404266357,-0.055159083609135795,0.055159083609135795,0.003042524504599633,False,0.46
457,NH1498,L,0.0003714710252600297,0.031203566121842496,2.580586496212916,2.635613441467285,-0.05502694525436924,0.05502694525436924,0.0030279647040273496,False,0.45875
268,NH1290,L,0.02711738484398217,0.04271916790490342,2.6928882613641667,2.637880802154541,0.055007459209625686,0.055007459209625686,0.0030258205686986336,False,0.4575
240,NH1258,L,0.0003714710252600297,0.03231797919762259,2.654602325757222,2.5997142791748047,0.05488804658241753,0.05488804658241753,0.0030126976576336363,False,0.45625
579,NH1633,N,0.02823179791976226,0.033432392273402674,3.001783654545001,2.9469823837280273,0.05480127081697361,0.05480127081697361,0.003003179283155284,False,0.455
85,NH1063,L,0.029717682020802376,0.0412332838038633,2.9117059848487505,2.9663219451904297,-0.05461596034167915,0.05461596034167915,0.0029829031240438697,False,0.45375
741,NH1876,N,0.0014858841010401188,0.02711738484398217,2.9141102474752776,2.859696865081787,0.05441338239349047,0.05441338239349047,0.002960816183500219,False,0.4525
663,NH1794,J,0.0007429420505200594,0.030089153046062408,2.8837655101011124,2.830195903778076,0.0535696063230362,0.0535696063230362,0.00286970272160508,False,0.45125
48,NH1031,O,0.0,0.03714710252600297,2.8045438106054172,2.7510905265808105,0.053453284024606695,0.053453284024606695,0.0028572535730152734,False,0.45
766,NH1901,O,0.02823179791976226,0.02823179791976226,3.157630246211667,3.1041855812072754,0.05344466500439182,0.05344466500439182,0.002856332217431664,False,0.44875
51,NH1033,N,0.0003714710252600297,0.04606240713224369,2.9680374696983334,2.9146933555603027,0.05334411413803064,0.05334411413803064,0.0028455945131712406,False,0.4475
390,NH1431,L,0.0007429420505200594,0.05089153046062407,2.8693135707070834,2.8161306381225586,0.05318293258452478,0.05318293258452478,0.0028284243182901073,False,0.44625
452,NH1493,L,0.0003714710252600297,0.04903417533432392,2.756723655304167,2.703559398651123,0.05316425665304392,0.05316425665304392,0.0028264381854707244,False,0.445
620,NH1728,N,0.0007429420505200594,0.036404160475482915,3.1653335303028323,3.1121788024902344,0.05315472781259789,0.05315472781259789,0.002825425088831368,False,0.44375
578,NH1632,N,0.02674591381872214,0.030832095096582468,2.9853468585863894,3.0382115840911865,-0.05286472550479715,0.05286472550479715,0.00279467920269755,False,0.4425
174,NH1164,M,0.0003714710252600297,0.04234769687964339,2.7416257196975,2.794236660003662,-0.05261094030616231,0.05261094030616231,0.002767911039898574,False,0.44125
470,NH1511,N,0.0003714710252600297,0.04309063893016345,2.811349795454166,2.8639371395111084,-0.05258734405694243,0.05258734405694243,0.0027654287549632385,False,0.44
504,NH1558,J,0.0007429420505200594,0.033432392273402674,3.2605349431808333,3.208131790161133,0.052403153019700444,0.052403153019700444,0.0027460904464061396,False,0.43875
728,NH1863,N,0.0007429420505200594,0.034546805349182766,2.8970417272727773,2.9491984844207764,-0.052156757147999055,0.052156757147999055,0.0027203273161953505,False,0.4375
648,NH1778,J,0.0274888558692422,0.030460624071322436,2.758398689393333,2.810178518295288,-0.05177982890195487,0.05177982890195487,0.002681150681115721,False,0.43625
162,NH1150,N,0.029346210995542348,0.04271916790490342,2.634898049242916,2.6866602897644043,-0.051762240521488145,0.051762240521488145,0.0026793295438043894,False,0.435
763,NH1898,M,0.02711738484398217,0.029346210995542348,2.9688397462108327,2.9171063899993896,0.05173335621144304,0.05173335621144304,0.0026763401449000517,False,0.43375
751,NH1886,M,0.0018573551263001485,0.03268945022288262,2.939886005050278,2.8881773948669434,0.05170861018333461,0.05170861018333461,0.002673780367092056,False,0.4325
423,NH1466,N,0.001114413075780089,0.03714710252600297,2.797970242424584,2.7464818954467773,0.051488346977806465,0.051488346977806465,0.002651049874506992,False,0.43125
596,NH1686,N,0.001114413075780089,0.04420505200594354,3.1082548999995008,3.159513235092163,-0.05125833509266231,0.05125833509266231,0.0026274169164716564,False,0.43
431,NH1472,L,0.0007429420505200594,0.0412332838038633,2.871240454544792,2.9222095012664795,-0.05096904672168767,0.05096904672168767,0.002597843723717581,False,0.42875
602,NH1705,N,0.0003714710252600297,0.03603268945022288,2.8160141338380558,2.8669381141662598,-0.050923980328204,0.050923980328204,0.002593251772467308,False,0.4275
472,NH1513,L,0.001114413075780089,0.03566121842496285,2.8397837083341666,2.788997173309326,0.05078653502484043,0.05078653502484043,0.0025792721398293435,False,0.42625
74,NH1052,L,0.030832095096582468,0.03789004457652303,2.987806723485,3.038418769836426,-0.05061204635142591,0.05061204635142591,0.0025615792358788846,False,0.425
75,NH1053,N,0.02897473997028232,0.04049034175334324,2.86922614015125,2.818814277648926,0.05041186250232421,0.05041186250232421,0.002541355880953242,False,0.42375
482,NH1528,N,0.0003714710252600297,0.0338038632986627,2.695868310606111,2.745988607406616,-0.050120296800505226,0.050120296800505226,0.0025120441513707343,False,0.4225
262,NH1284,N,0.0003714710252600297,0.03603268945022288,2.4937691704554164,2.543705463409424,-0.04993629295400748,0.04993629295400748,0.002493633353988457,False,0.42125
436,NH1477,N,0.0003714710252600297,0.037518573551263,2.8579737840900004,2.8081116676330566,0.04986211645694372,0.04986211645694372,0.0024862306575658176,False,0.42
113,NH1088,N,0.0007429420505200594,0.04011887072808321,2.6765812348487494,2.6267926692962646,0.04978856555248479,0.04978856555248479,0.0024789012597740746,False,0.41875
790,NH1930,J,0.001114413075780089,0.033060921248142645,2.7980310681816665,2.748338222503662,0.04969284567800436,0.04969284567800436,0.0024693789115779567,False,0.4175
601,NH1704,L,0.0003714710252600297,0.04049034175334324,3.0184068282827776,2.969027519226074,0.0493793090567034,0.0493793090567034,0.0024383161629174307,False,0.41625
686,NH1819,N,0.0018573551263001485,0.03937592867756315,2.922420189394166,2.873323678970337,0.04909651042382901,0.04909651042382901,0.0024104673357971504,False,0.415
258,NH1280,N,0.002600297176820208,0.037518573551263,2.643564111111388,2.692629098892212,-0.0490649877808238,0.0490649877808238,0.0024073730259323886,False,0.41375
641,NH1770,O,0.0003714710252600297,0.043462109955423475,3.0840344545449994,3.0353586673736572,0.04867578717134213,0.04867578717134213,0.0023693322567497955,False,0.4125
365,NH1403,L,0.0003714710252600297,0.043833580980683504,2.6668114507575003,2.7153096199035645,-0.048498169146064196,0.048498169146064196,0.002352072410520253,False,0.41125
135,NH1119,M,0.0003714710252600297,0.04940564635958395,3.29365796590875,3.245265483856201,0.04839248205254876,0.04839248205254876,0.0023418323192062537,False,0.41
358,NH1394,M,0.0014858841010401188,0.050148588410104014,2.61070518939375,2.6587564945220947,-0.04805130512834488,0.04805130512834488,0.0023089279245373027,False,0.40875
277,NH1299,M,0.0003714710252600297,0.048291233283803865,2.55315451894,2.5051474571228027,0.04800706181719727,0.04800706181719727,0.0023046779843202,False,0.4075
125,NH1100,N,0.0029717682020802376,0.036404160475482915,2.613716775253056,2.5658013820648193,0.04791539318823679,0.04791539318823679,0.0022958849043833284,False,0.40625
260,NH1282,N,0.0018573551263001485,0.04271916790490342,2.623553575758333,2.575761079788208,0.047792495970124804,0.047792495970124804,0.0022841226710543956,False,0.405
273,NH1295,N,0.0007429420505200594,0.03789004457652303,2.5581307499999992,2.5103421211242676,0.047788628875731654,0.047788628875731654,0.002283753049822413,False,0.40375
593,NH1683,N,0.001114413075780089,0.03677563150074294,2.8445862613637503,2.796983480453491,0.047602780910259046,0.047602780910259046,0.002266024750390123,False,0.4025
566,NH1620,J,0.0007429420505200594,0.048662704309063894,2.893701810606112,2.9409918785095215,-0.047290067903409394,0.047290067903409394,0.0022363505223090712,False,0.40125
370,NH1408,N,0.0007429420505200594,0.04049034175334324,2.9403473358586107,2.8933324813842773,0.0470148544743334,0.0470148544743334,0.0022103965412427476,False,0.4
693,NH1826,J,0.0274888558692422,0.02711738484398217,2.7532827399000004,2.800236225128174,-0.04695348522817344,0.04695348522817344,0.0022046297750723015,False,0.39875
340,NH1376,N,0.002228826151560178,0.03789004457652303,2.9502337462116666,2.9033117294311523,0.04692201678051422,0.04692201678051422,0.002201675658750858,False,0.3975
626,NH1734,N,0.038261515601783064,0.03863298662704309,3.0625282613649993,3.015974521636963,0.04655373972803645,0.04655373972803645,0.002167250682665759,False,0.39625
175,NH1165,M,0.002600297176820208,0.04420505200594354,2.902701965909583,2.9490246772766113,-0.04632271136702837,0.04632271136702837,0.002145793588393019,False,0.395
799,NH1942,N,0.0018573551263001485,0.029717682020802376,2.826486689394166,2.872744560241699,-0.04625787084753341,0.04625787084753341,0.0021397906153470814,False,0.39375
713,NH1846,O,0.002228826151560178,0.03900445765230312,2.6601665732322215,2.7063465118408203,-0.046179938608598814,0.046179938608598814,0.0021325867298939553,False,0.3925
654,NH1784,N,0.0003714710252600297,0.03863298662704309,3.1749845909087493,3.12882399559021,0.04616059531853933,0.04616059531853933,0.0021308005601619554,False,0.39125
304,NH1330,N,0.029346210995542348,0.04606240713224369,2.744171212121249,2.698058605194092,0.04611260692715735,0.04611260692715735,0.00212637251761852,False,0.39
265,NH1287,N,0.0007429420505200594,0.03937592867756315,2.4672966704549997,2.5128791332244873,-0.04558246276948763,0.04558246276948763,0.002077760912131726,False,0.38875
42,NH1028,O,0.0007429420505200594,0.03714710252600297,2.8341194166654167,2.788586378097534,0.04553303856788249,0.04553303856788249,0.002073257601224274,False,0.3875
456,NH1497,N,0.0,0.04011887072808321,2.7536738371212492,2.708456039428711,0.04521779769253831,0.04521779769253831,0.002044649228163323,False,0.38625
165,NH1153,N,0.029717682020802376,0.038261515601783064,2.7456383219699996,2.7903647422790527,-0.04472642030905316,0.04472642030905316,0.002000452673662083,False,0.385
610,NH1716,N,0.001114413075780089,0.050148588410104014,2.9423472500008336,2.986872911453247,-0.044525661452413434,0.044525661452413434,0.0019825345277749355,False,0.38375
67,NH1045,O,0.0007429420505200594,0.03566121842496285,2.6250939318183333,2.6695826053619385,-0.044488673543605195,0.044488673543605195,0.0019792420736694767,False,0.3825
88,NH1068,N,0.029717682020802376,0.04271916790490342,3.315515136364166,3.2710883617401123,0.044426774624053866,0.044426774624053866,0.0019737383034964767,False,0.38125
31,NH1022,L,0.0007429420505200594,0.03528974739970282,2.9623063106049994,2.917940378189087,0.04436593241591247,0.04436593241591247,0.0019683359591333126,False,0.38
77,NH1055,J,0.029717682020802376,0.05237741456166419,2.6812416590913895,2.7256040573120117,-0.04436239822062227,0.04436239822062227,0.00196802237588507,False,0.37875
640,NH1769,O,0.0003714710252600297,0.04420505200594354,2.9994482575762498,3.0437889099121094,-0.0443406523358596,0.0443406523358596,0.001966093449569571,False,0.3775
494,NH1548,L,0.0003714710252600297,0.038261515601783064,2.752624828283055,2.796762228012085,-0.04413739972902997,0.04413739972902997,0.0019481100548401748,False,0.37625
754,NH1889,J,0.0007429420505200594,0.0274888558692422,2.7347963308080554,2.778844118118286,-0.044047787310230735,0.044047787310230735,0.0019402075669273237,False,0.375
734,NH1869,J,0.001114413075780089,0.0338038632986627,3.088743020202778,3.0448226928710938,0.04392032733168438,0.04392032733168438,0.0019289951529223022,False,0.37375
366,NH1404,N,0.0003714710252600297,0.03789004457652303,2.76952707197,2.813197135925293,-0.04367006395529316,0.04367006395529316,0.0019070744858593947,False,0.3725
224,NH1241,N,0.0003714710252600297,0.044947994056463596,2.9817649848483327,2.9382076263427734,0.04355735850555931,0.04355735850555931,0.0018972434799818198,False,0.37125
562,NH1615,N,0.0007429420505200594,0.04309063893016345,2.9249686262625003,2.881601572036743,0.04336705422575715,0.04336705422575715,0.0018807013922197613,False,0.37
30,NH1021,M,0.002228826151560178,0.05163447251114413,2.6494786287883336,2.6928372383117676,-0.043358609523433955,0.043358609523433955,0.0018799690198056176,False,0.36875
315,NH1343,M,0.030089153046062408,0.05386329866270431,2.693697265150833,2.650418281555176,0.043278983595657294,0.043278983595657294,0.0018730704210731732,False,0.3675
798,NH1941,L,0.0007429420505200594,0.028603268945022287,2.890727479167292,2.8477261066436768,0.043001372523615355,0.043001372523615355,0.0018491180389147417,False,0.36625
151,NH1138,M,0.0007429420505200594,0.04940564635958395,2.5095889116158334,2.4668197631835938,0.04276914843223967,0.04276914843223967,0.001829200057618949,False,0.365
606,NH1710,N,0.0007429420505200594,0.04271916790490342,2.9376880075758334,2.9804210662841797,-0.042733058708346316,0.042733058708346316,0.001826114306570973,False,0.36375
250,NH1268,N,0.0007429420505200594,0.050148588410104014,2.5759929696966672,2.5334603786468506,0.04253259104981666,0.04253259104981666,0.0018090213014109442,False,0.3625
479,NH1520,J,0.02711738484398217,0.03528974739970282,2.7224765946977083,2.6802620887756348,0.04221450592207354,0.04221450592207354,0.001782064510244782,False,0.36125
406,NH1447,M,0.0014858841010401188,0.043833580980683504,2.79463993939375,2.7528226375579834,0.041817301835766596,0.041817301835766596,0.0017486867328236084,False,0.36
55,NH1035,N,0.002600297176820208,0.037518573551263,3.172917340909583,3.1311557292938232,0.041761611615759975,0.041761611615759975,0.0017440322047455785,False,0.35875
95,NH1072,N,0.030832095096582468,0.03974739970282318,2.833847981060416,2.79254150390625,0.04130647715416602,0.04130647715416602,0.0017062250548876394,False,0.3575
707,NH1840,J,0.0274888558692422,0.0338038632986627,2.874379613635833,2.8332226276397705,0.041156985996062545,0.041156985996062545,0.0016938974962800884,False,0.35625
121,NH1096,N,0.0014858841010401188,0.04271916790490342,2.552244474747501,2.593188762664795,-0.0409442879172941,0.0409442879172941,0.0016764347130542754,False,0.355
705,NH1838,O,0.0007429420505200594,0.02563150074294205,2.8414712916666662,2.8819456100463867,-0.040474318379720486,0.040474318379720486,0.0016381704483029796,False,0.35375
14,NH1005,L,0.0274888558692422,0.03863298662704309,2.756221803030417,2.715811014175415,0.04041078885500182,0.04041078885500182,0.0016330318558835395,False,0.3525
465,NH1506,J,0.0018573551263001485,0.044947994056463596,2.8570248535352776,2.8166537284851074,0.040371125050170154,0.040371125050170154,0.001629827737816476,False,0.35125
26,NH1017,O,0.0003714710252600297,0.04234769687964339,3.0183430984837494,2.9781901836395264,0.04015291484422301,0.04015291484422301,0.0016122565704874245,False,0.35
218,NH1229,N,0.0018573551263001485,0.04569093610698365,3.0191763598487498,2.9792723655700684,0.03990399427868141,0.03990399427868141,0.0015923287593930387,False,0.34875
100,NH1076,J,0.0007429420505200594,0.04606240713224369,2.5707335818185,2.6105823516845703,-0.03984876986607011,0.03984876986607011,0.0015879244598390172,False,0.3475
10,NH1003,N,0.03194650817236255,0.03863298662704309,3.1972194621212506,3.1575140953063965,0.03970536681485415,0.03970536681485415,0.0015765161539021211,False,0.34625
768,NH1903,L,0.028603268945022287,0.02786032689450223,3.0322009696975005,2.9925103187561035,0.03969065094139701,0.03969065094139701,0.0015753477721518194,False,0.345
329,NH1359,L,0.02711738484398217,0.0475482912332838,2.7056219431808333,2.666057825088501,0.03956411809233229,0.03956411809233229,0.0015653194404240153,False,0.34375
374,NH1412,L,0.0003714710252600297,0.04049034175334324,2.7662135151520832,2.805701971054077,-0.0394884559019939,0.0394884559019939,0.001559338149523717,False,0.3425
796,NH1939,L,0.0018573551263001485,0.029717682020802376,2.74553563447,2.784939765930176,-0.03940413146017585,0.03940413146017585,0.0015526855761308202,False,0.34125
467,NH1508,N,0.0003714710252600297,0.0412332838038633,2.7506098939383334,2.7898874282836914,-0.03927753434535797,0.03927753434535797,0.0015427247042507748,False,0.34
380,NH1421,M,0.0014858841010401188,0.05163447251114413,2.6350029640147916,2.595824718475342,0.03917824553944982,0.03917824553944982,0.0015349349235494196,False,0.33875
65,NH1043,L,0.0007429420505200594,0.043833580980683504,2.6239309191916664,2.663008451461792,-0.03907753227012556,0.03907753227012556,0.0015270535283227044,False,0.3375
192,NH1185,M,0.029346210995542348,0.04940564635958395,3.0111420492420833,2.972468852996826,0.03867319624525711,0.03867319624525711,0.0014956161078241688,False,0.33625
146,NH1132,M,0.0003714710252600297,0.044947994056463596,3.1591416590908334,3.1977996826171875,-0.03865802352635406,0.03865802352635406,0.0014944427829641437,False,0.335
771,NH1906,J,0.0274888558692422,0.03937592867756315,2.7964260378791668,2.8349552154541016,-0.03852917757493479,0.03852917757493479,0.001484497524600858,False,0.33375
202,NH1201,N,0.044947994056463596,0.03566121842496285,2.749707674242501,2.7880747318267822,-0.03836705758428138,0.03836705758428138,0.0014720311076755635,False,0.3325
336,NH1366,L,0.002228826151560178,0.04271916790490342,2.8110285681816665,2.7728641033172607,0.03816446486440572,0.03816446486440572,0.001456526378386459,False,0.33125
569,NH1623,J,0.0003714710252600297,0.033432392273402674,2.941981262625833,2.903876781463623,0.03810448116220977,0.03810448116220977,0.001451951484641199,False,0.33
163,NH1151,N,0.029717682020802376,0.03231797919762259,2.836436151515833,2.87449312210083,-0.03805697058499691,0.03805697058499691,0.00144833301010732,False,0.32875
244,NH1262,N,0.0018573551263001485,0.046805349182763745,2.4691630643929168,2.506742477416992,-0.037579413024075414,0.037579413024075414,0.0014122122832340488,False,0.3275
755,NH1890,J,0.001114413075780089,0.03677563150074294,2.724288702020557,2.6867504119873047,0.03753829003325215,0.03753829003325215,0.0014091232186205578,False,0.32625
164,NH1152,N,0.02897473997028232,0.03900445765230312,2.9519707462124996,2.9894089698791504,-0.03743822366665084,0.03743822366665084,0.001401620591314175,False,0.325
149,NH1135,M,0.008172362555720654,0.055349182763744426,2.9741608068174994,2.936728000640869,0.03743280617663025,0.03743280617663025,0.0014012149782571678,False,0.32375
347,NH1383,L,0.001114413075780089,0.038261515601783064,2.715058503788333,2.6776890754699707,0.0373694283183621,0.0373694283183621,0.001396474172841203,False,0.3225
635,NH1758,N,0.0029717682020802376,0.04420505200594354,2.7538293484841665,2.7910830974578857,-0.03725374897371925,0.03725374897371925,0.001387841812596888,False,0.32125
33,NH1024,L,0.0003714710252600297,0.03714710252600297,2.9472456704550005,2.9100122451782227,0.037233425276777865,0.037233425276777865,0.001386327957841401,False,0.32
793,NH1936,L,0.02786032689450223,0.04049034175334324,2.8923221287880567,2.855168104171753,0.037154024616303793,0.037154024616303793,0.0013804215451889083,False,0.31875
238,NH1256,M,0.0007429420505200594,0.04791976225854384,2.8328890353527774,2.869905710220337,-0.03701667486755955,0.03701667486755955,0.001370234218250615,False,0.3175
237,NH1255,L,0.0003714710252600297,0.04049034175334324,2.7242681792936114,2.7612464427948,-0.03697826350118838,0.03697826350118838,0.0013673919715633206,False,0.31625
285,NH1311,N,0.04420505200594354,0.03789004457652303,2.6374902689395836,2.6005451679229736,0.03694510101660997,0.03694510101660997,0.0013649404891275152,False,0.315
34,NH1024,O,0.0003714710252600297,0.036404160475482915,2.9472456704550005,2.9103195667266846,0.03692610372831595,0.03692610372831595,0.0013635371365543492,False,0.31375
98,NH1074,N,0.002600297176820208,0.038261515601783064,2.9144939356058335,2.878000497817993,0.03649343778784031,0.03649343778784031,0.001331771001574971,False,0.3125
312,NH1340,M,0.0003714710252600297,0.05163447251114413,2.7187097020208335,2.682488203048706,0.03622149897212745,0.03622149897212745,0.0013119969877878302,False,0.31125
103,NH1079,N,0.03194650817236255,0.03677563150074294,2.9313184583325,2.8951330184936523,0.0361854398388477,0.0361854398388477,0.0013093860563308662,False,0.31
473,NH1514,L,0.0014858841010401188,0.046805349182763745,2.848514276515833,2.884640693664551,-0.03612641714871767,0.03612641714871767,0.0013051180160031622,False,0.30875
296,NH1323,N,0.001114413075780089,0.041976225854383355,2.5266099848475,2.562574863433838,-0.03596487858633779,0.03596487858633779,0.0012934724917300184,False,0.3075
181,NH1171,L,0.030089153046062408,0.03528974739970282,3.0900070151504173,3.0543057918548584,0.035701223295558915,0.035701223295558915,0.0012745773447993586,False,0.30625
740,NH1875,O,0.001114413075780089,0.03528974739970282,2.9547060252525004,2.990386724472046,-0.03568069921954553,0.03568069921954553,0.001273112296795677,False,0.305
184,NH1174,L,0.030089153046062408,0.03566121842496285,2.7429639583337497,2.7785983085632324,-0.03563435022948269,0.03563435022948269,0.0012698069162774331,False,0.30375
432,NH1473,N,0.001114413075780089,0.041604754829123326,2.8334246988633334,2.7978007793426514,0.035623919520682,0.035623919520682,0.0012690636420160282,False,0.3025
489,NH1545,N,0.0014858841010401188,0.04420505200594354,2.5472088636362504,2.582707166671753,-0.0354983030355025,0.0354983030355025,0.0012601295184003658,False,0.30125
416,NH1458,N,0.0014858841010401188,0.041976225854383355,2.8149711704537497,2.7794997692108154,0.03547140124293424,0.03547140124293424,0.0012582203061372369,False,0.3
487,NH1544,N,0.002228826151560178,0.04309063893016345,2.946005458334166,2.9108476638793945,0.03515779445477163,0.03515779445477163,0.0012360705109239708,False,0.29875
478,NH1519,J,0.02786032689450223,0.03789004457652303,2.9073547348479165,2.87226939201355,0.035085342834366706,0.035085342834366706,0.001230981281805047,False,0.2975
38,NH1026,O,0.0003714710252600297,0.041976225854383355,2.97545093181875,3.010413646697998,-0.03496271487924796,0.03496271487924796,0.0012223914317275866,False,0.29625
761,NH1896,L,0.028603268945022287,0.029717682020802376,3.098168814394583,3.0633060932159424,0.034862721178640754,0.034862721178640754,0.0012154093279796467,False,0.295
407,NH1448,N,0.0,0.043833580980683504,2.7518247045458337,2.7866477966308594,-0.03482309208502565,0.03482309208502565,0.0012126477423621764,False,0.29375
619,NH1727,O,0.002228826151560178,0.038261515601783064,3.033899217172222,2.9990804195404053,0.03481879763181661,0.03481879763181661,0.001212348668525398,False,0.2925
680,NH1812,J,0.001114413075780089,0.0338038632986627,2.8218975429294444,2.8564929962158203,-0.03459545328637592,0.03459545328637592,0.0011968453880898185,False,0.29125
727,NH1862,O,0.0014858841010401188,0.03231797919762259,3.2410290732322222,3.2753608226776123,-0.03433174944539008,0.03433174944539008,0.001178669019981042,False,0.29
706,NH1839,N,0.0014858841010401188,0.03863298662704309,2.7466042613633332,2.780637264251709,-0.03403300288837574,0.03403300288837574,0.0011582452856001915,False,0.28875
667,NH1799,O,0.02823179791976226,0.03231797919762259,2.8961089031301643,2.86226487159729,0.0338440315328743,0.0338440315328743,0.0011454184703981896,False,0.2875
256,NH1278,N,0.001114413075780089,0.048662704309063894,2.7603419734845835,2.726577043533325,0.03376492995125835,0.03376492995125835,0.0011400704946133832,False,0.28625
295,NH1323,N,0.001114413075780089,0.041976225854383355,2.5266099848475,2.5600321292877197,-0.033422144440219625,0.033422144440219625,0.0011170397389829035,False,0.285
665,NH1796,J,0.0007429420505200594,0.036404160475482915,3.072160527777222,3.1053805351257324,-0.03322000734851027,0.03322000734851027,0.0011035688882350765,False,0.28375
459,NH1500,L,0.0,0.0412332838038633,2.7833541388886114,2.7503256797790527,0.03302845910955865,0.03302845910955865,0.0010908791111517878,False,0.2825
182,NH1172,L,0.029346210995542348,0.03231797919762259,2.7757624659091675,2.808746099472046,-0.03298363356287837,0.03298363356287837,0.0010879200830102363,False,0.28125
128,NH1103,L,0.0018573551263001485,0.037518573551263,2.8136469898988885,2.78067684173584,0.03297014816304866,0.03297014816304866,0.0010870306698933811,False,0.28
367,NH1405,M,0.0003714710252600297,0.04791976225854384,2.5459914393941667,2.5786397457122803,-0.03264830631811355,0.03264830631811355,0.0010659119054413733,False,0.27875
376,NH1414,M,0.0,0.04234769687964339,2.5805085795449996,2.613124370574951,-0.0326157910299516,0.0326157910299516,0.0010637898245094714,False,0.2775
607,NH1711,N,0.0003714710252600297,0.04234769687964339,3.096050136364167,3.128417730331421,-0.03236759396725386,0.03236759396725386,0.0010476611392290084,False,0.27625
672,NH1804,N,0.10772659732540862,0.02637444279346211,2.8409999696970827,2.808687448501587,0.03231252119549577,0.03231252119549577,0.0010440990260093634,False,0.275
226,NH1243,L,0.0014858841010401188,0.038261515601783064,2.6136988535347228,2.5821921825408936,0.0315066709938292,0.0315066709938292,0.0009926703171133982,False,0.27375
750,NH1885,O,0.02786032689450223,0.03677563150074294,3.093912742424167,3.062577962875366,0.03133477954880082,0.03133477954880082,0.000981868409371946,False,0.2725
59,NH1037,L,0.0003714710252600297,0.038261515601783064,3.03760101515125,3.068726062774658,-0.031125047623408175,0.031125047623408175,0.0009687685895594269,False,0.27125
236,NH1254,M,0.0014858841010401188,0.04903417533432392,3.004899825757777,3.0357820987701416,-0.03088227301236479,0.03088227301236479,0.0009537147864102347,False,0.27
611,NH1717,L,0.001114413075780089,0.04903417533432392,2.772616829545833,2.8034725189208984,-0.03085568937506533,0.03085568937506533,0.0009520735668105196,False,0.26875
186,NH1177,M,0.001114413075780089,0.05609212481426449,3.127391098485834,3.158203601837158,-0.03081250335132424,0.03081250335132424,0.0009494103627753674,False,0.2675
15,NH1006,M,0.02674591381872214,0.04049034175334324,3.122650814393333,3.153205394744873,-0.030554580351540128,0.030554580351540128,0.0009335823804587221,False,0.26625
413,NH1455,N,0.002228826151560178,0.0412332838038633,2.7748878939404165,2.805392265319824,-0.030504371379407758,0.030504371379407758,0.0009305166732528311,False,0.265
195,NH1188,N,0.0003714710252600297,0.03937592867756315,2.6928653446966666,2.723280429840088,-0.030415085143421283,0.030415085143421283,0.0009250774042815661,False,0.26375
97,NH1073,N,0.04569093610698365,0.037518573551263,2.7974188749995834,2.767132043838501,0.03028683116108244,0.03028683116108244,0.0009172921417799143,False,0.2625
156,NH1143,L,0.0007429420505200594,0.04457652303120357,2.8601576022733335,2.8903772830963135,-0.03021968082297999,0.03021968082297999,0.0009132291090427845,False,0.26125
197,NH1190,M,0.001114413075780089,0.0475482912332838,2.93180026515125,2.901844024658203,0.029956240493046682,0.029956240493046682,0.0008973763444772498,False,0.26
746,NH1881,O,0.028603268945022287,0.03714710252600297,3.0694516515147225,3.099384307861328,-0.02993265634660558,0.02993265634660558,0.0008959639159639873,False,0.25875
660,NH1791,J,0.0003714710252600297,0.04717682020802377,3.113605141414166,3.1435086727142334,-0.02990353130006751,0.02990353130006751,0.0008942211842141172,False,0.2575
633,NH1755,N,0.0003714710252600297,0.033432392273402674,2.868438573232777,2.898090362548828,-0.029651789316051058,0.029651789316051058,0.0008792286096434797,False,0.25625
563,NH1616,N,0.002600297176820208,0.04049034175334324,3.038251255681042,3.0088415145874023,0.029409741093639585,0.029409741093639585,0.0008649328711949129,False,0.255
538,NH1591,J,0.0003714710252600297,0.041976225854383355,3.243477958333125,3.2141222953796387,0.029355662953486128,0.029355662953486128,0.0008617549474386779,False,0.25375
173,NH1163,M,0.0,0.04011887072808321,2.9036894772724997,2.8743629455566406,0.029326531715859083,0.029326531715859083,0.0008600454624812887,False,0.2525
501,NH1555,J,0.0014858841010401188,0.033060921248142645,3.2611557727279177,3.2318637371063232,0.029292035621594437,0.029292035621594437,0.0008580233508567574,False,0.25125
43,NH1029,N,0.0014858841010401188,0.036404160475482915,3.133830560605,3.104581356048584,0.029249204556415886,0.029249204556415886,0.0008555159671830598,False,0.25
618,NH1726,L,0.0,0.041976225854383355,2.7433783434338888,2.772618055343628,-0.029239711909739174,0.029239711909739174,0.0008549607525645429,False,0.24875
658,NH1789,J,0.0007429420505200594,0.05274888558692422,2.9286468459597224,2.957829236984253,-0.029182391024530574,0.029182391024530574,0.0008516119459086026,False,0.2475
6,NH1001,N,0.029346210995542348,0.03677563150074294,2.9658237234845823,2.9369213581085205,0.028902365376061834,0.028902365376061834,0.0008353467243313779,False,0.24625
753,NH1888,L,0.001114413075780089,0.038261515601783064,2.8290362626252783,2.8006300926208496,0.028406170004428688,0.028406170004428688,0.0008069104943205041,False,0.245
709,NH1842,J,0.02823179791976226,0.029717682020802376,2.87035814015125,2.842010021209717,0.02834811894153333,0.02834811894153333,0.0008036158475233207,False,0.24375
274,NH1296,N,0.0007429420505200594,0.03603268945022288,2.6449486590916664,2.616626024246216,0.02832263484545061,0.02832263484545061,0.0008021716445887332,False,0.2425
603,NH1706,N,0.0007429420505200594,0.03974739970282318,2.9392557462116664,2.911280632019043,0.02797511419262344,0.02797511419262344,0.0007826070140903214,False,0.24125
327,NH1357,L,0.02786032689450223,0.046433878157503716,2.849412655302917,2.821530818939209,0.02788183636370789,0.02788183636370789,0.0007773967990125836,False,0.24
430,NH1471,N,0.0003714710252600297,0.03937592867756315,2.700038464015417,2.6723721027374268,0.02766636127799016,0.02766636127799016,0.0007654275463642732,False,0.23875
528,NH1581,J,0.002228826151560178,0.034546805349182766,2.899883191288333,2.927496910095215,-0.027613718806881682,0.027613718806881682,0.0007625174663455311,False,0.2375
249,NH1267,N,0.0007429420505200594,0.04234769687964339,2.5241426553024997,2.55155611038208,-0.027413455079580373,0.027413455079580373,0.0007514975194001709,False,0.23625
737,NH1872,J,0.001114413075780089,0.03528974739970282,2.942174520202223,2.9148335456848145,0.02734097451740869,0.02734097451740869,0.0007475288875615913,False,0.235
433,NH1474,N,0.001114413075780089,0.03974739970282318,2.944900195834292,2.918092966079712,0.026807229754580053,0.026807229754580053,0.0007186275671148422,False,0.23375
717,NH1852,O,0.002228826151560178,0.038261515601783064,2.7962288712124996,2.822463035583496,-0.02623416437099646,0.02623416437099646,0.0006882313802444601,False,0.2325
662,NH1793,J,0.0014858841010401188,0.030832095096582468,2.960229969697221,2.9341273307800293,0.02610263891719189,0.02610263891719189,0.0006813477584413005,False,0.23125
570,NH1624,J,0.0018573551263001485,0.03603268945022288,3.112737872727167,3.0867040157318115,0.026033856995355542,0.026033856995355542,0.0006777617100546227,False,0.23
176,NH1166,L,0.029346210995542348,0.03677563150074294,2.8122027689391667,2.7862727642059326,0.025930004733234036,0.025930004733234036,0.0006723651454655395,False,0.22875
16,NH1007,L,0.02711738484398217,0.03714710252600297,2.9521636515150003,2.97786545753479,-0.025701806019789775,0.025701806019789775,0.0006605828326789019,False,0.2275
12,NH1004,N,0.030089153046062408,0.0412332838038633,3.112323340909583,3.086662769317627,0.025660571591956227,0.025660571591956227,0.000658464934425911,False,0.22625
773,NH1913,L,0.0007429420505200594,0.033432392273402674,2.746056801515166,2.7715301513671875,-0.025473349852021432,0.025473349852021432,0.0006488915526834803,False,0.225
781,NH1921,J,0.0274888558692422,0.030089153046062408,3.0350634280308326,3.0605201721191406,-0.025456744088308003,0.025456744088308003,0.0006480458195776044,False,0.22375
53,NH1034,L,0.0003714710252600297,0.04309063893016345,2.864424124999583,2.8389816284179688,0.02544249658161446,0.02544249658161446,0.0006473206323054635,False,0.2225
37,NH1026,N,0.0003714710252600297,0.041976225854383355,2.97545093181875,3.0007526874542236,-0.025301755635473544,0.025301755635473544,0.0006401788382372172,False,0.22125
331,NH1361,N,0.0007429420505200594,0.038261515601783064,2.670264651515,2.645174503326416,0.025090148188584127,0.025090148188584127,0.0006295155361251114,False,0.22
435,NH1476,L,0.0007429420505200594,0.037518573551263,2.697709937500001,2.673396587371826,0.024313350128174704,0.024313350128174704,0.0005911389944552129,False,0.21875
704,NH1837,M,0.002600297176820208,0.03714710252600297,2.8521571136358332,2.876460075378418,-0.024302961742584728,0.024302961742584728,0.0005906339494615369,False,0.2175
490,NH1545,N,0.0014858841010401188,0.04420505200594354,2.5472088636362504,2.5715060234069824,-0.02429715977073199,0.02429715977073199,0.000590351972924477,False,0.21625
451,NH1492,N,0.0003714710252600297,0.03194650817236255,2.7699136931808335,2.7941856384277344,-0.024271945246900906,0.024271945246900906,0.0005891273260685555,False,0.215
325,NH1354,N,0.0007429420505200594,0.044947994056463596,2.5145562550505547,2.538749933242798,-0.024193678192243162,0.024193678192243162,0.0005853340644698223,False,0.21375
532,NH1585,J,0.001114413075780089,0.04011887072808321,3.1895223143949996,3.213620901107788,-0.024098586712788528,0.024098586712788528,0.0005807418815537878,False,0.2125
488,NH1544,N,0.0033432392273402673,0.04309063893016345,2.946005458334166,2.922163248062134,0.02384221027203237,0.02384221027203237,0.0005684509906558059,False,0.21125
505,NH1559,J,0.0003714710252600297,0.04309063893016345,3.026218575757916,3.002591609954834,0.0236269658030821,0.0236269658030821,0.000558233513060011,False,0.21
124,NH1099,L,0.002600297176820208,0.038261515601783064,2.7470737393934996,2.7234714031219482,0.023602336271551394,0.023602336271551394,0.0005570702774753905,False,0.20875
99,NH1075,J,0.0018573551263001485,0.0512630014858841,2.6902861060604986,2.7135651111602783,-0.02327900509977976,0.02327900509977976,0.000541912078435572,False,0.2075
54,NH1034,O,0.0003714710252600297,0.041604754829123326,2.864424124999583,2.8411855697631836,0.023238555236399616,0.023238555236399616,0.000540030449475196,False,0.20625
418,NH1461,L,0.0,0.03268945022288262,2.707362411616389,2.6842129230499268,0.02314948856646204,0.02314948856646204,0.0005358988208887567,False,0.205
247,NH1265,N,0.0018573551263001485,0.048291233283803865,2.7016733560620825,2.678579330444336,0.02309402561774654,0.02309402561774654,0.0005333340192331334,False,0.20375
554,NH1607,L,0.02711738484398217,0.033060921248142645,2.794889651515416,2.771800994873047,0.02308865664236892,0.02308865664236892,0.0005330860655492065,False,0.2025
13,NH1004,O,0.030089153046062408,0.041604754829123326,3.112323340909583,3.1353888511657715,-0.023065510256188304,0.023065510256188304,0.0005320177633783279,False,0.20125
424,NH1467,N,0.0007429420505200594,0.044947994056463596,2.779368295454374,2.7565181255340576,0.02285016992031652,0.02285016992031652,0.000522130265387338,False,0.2
32,NH1023,M,0.0,0.04234769687964339,2.732028564394167,2.7548329830169678,-0.022804418622800693,0.022804418622800693,0.000520041508723939,False,0.19875
391,NH1432,M,0.0007429420505200594,0.045319465081723624,2.4809344823230552,2.5032458305358887,-0.022311348212833426,0.022311348212833426,0.0004977962590743053,False,0.1975
27,NH1018,O,0.001114413075780089,0.045319465081723624,2.6919653901504166,2.7141706943511963,-0.022205304200779707,0.022205304200779707,0.0004930755346491649,False,0.19625
377,NH1415,M,0.0,0.04234769687964339,2.6120531174233337,2.589972496032715,0.022080621390618838,0.022080621390618838,0.0004875538409958542,False,0.195
438,NH1479,N,0.0,0.04049034175334324,2.7656549090905553,2.7436046600341797,0.022050249056375648,0.022050249056375648,0.00048621348344819515,False,0.19375
604,NH1707,L,0.0003714710252600297,0.045319465081723624,2.8687946666664588,2.8467941284179688,0.02200053824849002,0.02200053824849002,0.0004840236832232723,False,0.1925
677,NH1809,N,0.0003714710252600297,0.04309063893016345,2.9861731515158336,2.964198589324951,0.021974562190882452,0.021974562190882452,0.0004828813834809606,False,0.19125
439,NH1480,N,0.001114413075780089,0.04977711738484398,2.856577093434167,2.8346307277679443,0.021946365666222878,0.021946365666222878,0.00048164296595556636,False,0.19
408,NH1449,L,0.0018573551263001485,0.04086181277860327,2.8542932992424994,2.8325929641723633,0.021700335070136134,0.021700335070136134,0.0004709045421561802,False,0.18875
568,NH1622,J,0.0003714710252600297,0.046805349182763745,2.78111150505,2.802769422531128,-0.021657917481127775,0.021657917481127775,0.00046906538961934006,False,0.1875
322,NH1350,L,0.0007429420505200594,0.041604754829123326,2.7984811085850003,2.776846170425415,0.021634938159585282,0.021634938159585282,0.00046807054916907936,False,0.18625
427,NH1469,N,0.0003714710252600297,0.044947994056463596,3.3536392916670836,3.3320624828338623,0.021576808833221328,0.021576808833221328,0.0004655586794253779,False,0.185
485,NH1543,N,0.0014858841010401188,0.04420505200594354,2.9225200530312496,2.901082992553711,0.021437060477538683,0.021437060477538683,0.000459547561917651,False,0.18375
696,NH1829,O,0.0007429420505200594,0.038261515601783064,2.8647285833333336,2.8860771656036377,-0.021348582270304117,0.021348582270304117,0.0004557619649519433,False,0.1825
589,NH1669,J,0.0014858841010401188,0.046805349182763745,2.9228999570700003,2.9438633918762207,-0.020963434806220427,0.020963434806220427,0.00043946559887465407,False,0.18125
780,NH1920,J,0.02823179791976226,0.02451708766716196,3.074781935605833,3.053887367248535,0.02089456835729786,0.02089456835729786,0.000436582986837793,False,0.18
708,NH1841,J,0.02711738484398217,0.02600297176820208,2.8665584999991673,2.8461341857910156,0.020424314208151717,0.020424314208151717,0.0004171526108733081,False,0.17875
117,NH1092,M,0.0003714710252600297,0.04234769687964339,2.9688508787875003,2.9484798908233643,0.020370987964136056,0.020370987964136056,0.00041497715063497603,False,0.1775
23,NH1014,O,0.0007429420505200594,0.04606240713224369,2.777979219696667,2.7578797340393066,0.020099485657360194,0.020099485657360194,0.00040398932369042814,False,0.17625
476,NH1517,L,0.001114413075780089,0.04234769687964339,2.7876860757570836,2.8077638149261475,-0.020077739169063857,0.020077739169063857,0.00040311561014096104,False,0.175
428,NH1470,L,0.0007429420505200594,0.037518573551263,2.9344255719695838,2.9143762588500977,0.0200493131194861,0.0200493131194861,0.0004019749565631975,False,0.17375
56,NH1035,O,0.002600297176820208,0.03714710252600297,3.172917340909583,3.1531660556793213,0.019751285230261928,0.019751285230261928,0.00039011326824716296,False,0.1725
378,NH1416,M,0.001114413075780089,0.046433878157503716,2.6666781780308337,2.647036075592041,0.01964210243879272,0.01964210243879272,0.0003858121882160269,False,0.17125
398,NH1439,M,0.0,0.04940564635958395,2.6040388181808334,2.623565196990967,-0.019526378810133416,0.019526378810133416,0.00038127946943682724,False,0.17
394,NH1435,M,0.0,0.0475482912332838,2.5875511931825,2.568072557449341,0.019478635733159333,0.019478635733159333,0.0003794172500251116,False,0.16875
509,NH1563,J,0.0029717682020802376,0.041604754829123326,3.209558715909166,3.1902015209198,0.019357194989366278,0.019357194989366278,0.0003747009978563469,False,0.1675
306,NH1334,N,0.0014858841010401188,0.04234769687964339,2.5767567424237505,2.5961129665374756,-0.019356224113725062,0.019356224113725062,0.0003746634119407516,False,0.16625
726,NH1861,J,0.001114413075780089,0.033432392273402674,2.9741623308077783,2.954817533493042,0.019344797314736262,0.019344797314736262,0.00037422118314822726,False,0.165
189,NH1182,M,0.029717682020802376,0.05274888558692422,2.8417227840908326,2.8225696086883545,0.019153175402478073,0.019153175402478073,0.0003668441279980911,False,0.16375
765,NH1900,M,0.02711738484398217,0.029346210995542348,2.9686246174241666,2.987150192260742,-0.018525574836575576,0.018525574836575576,0.00034319692302556216,False,0.1625
682,NH1815,M,0.0,0.031575037147102525,2.989412714646667,2.9711294174194336,0.01828329722723332,0.01828329722723332,0.0003342789574993576,False,0.16125
131,NH1115,M,0.0003714710252600297,0.04606240713224369,2.526530335858333,2.5448122024536133,-0.018281866595280416,0.018281866595280416,0.00033422664620762996,False,0.16
20,NH1011,L,0.02711738484398217,0.03417533432392273,2.739788863636666,2.757795572280884,-0.018006708644217717,0.018006708644217717,0.00032424155619774505,False,0.15875
338,NH1368,N,0.0007429420505200594,0.03937592867756315,2.9217660000004164,2.9037911891937256,0.017974810806690833,0.017974810806690833,0.00032309382353632956,False,0.1575
309,NH1337,L,0.001114413075780089,0.03789004457652303,2.9226101060613896,2.904857635498047,0.017752470563342726,0.017752470563342726,0.00031515021110235,False,0.15625
104,NH1079,O,0.03194650817236255,0.03677563150074294,2.9313184583325,2.9136757850646973,0.017642673267802778,0.017642673267802778,0.0003112639200344427,False,0.155
514,NH1568,J,0.0003714710252600297,0.03937592867756315,2.873743284090417,2.8909051418304443,-0.01716185774002721,0.01716185774002721,0.00029452936108893184,False,0.15375
1,NH0996,O,0.0,0.03714710252600297,2.78295470454625,2.7997324466705322,-0.01677774212428229,0.01677774212428229,0.00028149263078891643,False,0.1525
614,NH1721,L,0.002600297176820208,0.041976225854383355,2.8604159356050007,2.8769843578338623,-0.016568422228861568,0.016568422228861568,0.00027451261515383415,False,0.15125
243,NH1261,N,0.0018573551263001485,0.041604754829123326,2.472241170454583,2.488757610321045,-0.016516439866462118,0.016516439866462118,0.0002727927858624592,False,0.15
158,NH1145,M,0.0018573551263001485,0.05089153046062407,2.5928440404038886,2.5763351917266846,0.016508848677204035,0.016508848677204035,0.0002725420846468214,False,0.14875
429,NH1470,L,0.001114413075780089,0.037518573551263,2.9344255719695838,2.917935609817505,0.016489962152078874,0.016489962152078874,0.0002719188517769937,False,0.1475
8,NH1002,L,0.029717682020802376,0.04271916790490342,2.7739209507579163,2.757553815841675,0.016367134916241532,0.016367134916241532,0.0002678831053664527,False,0.14625
392,NH1433,L,0.0003714710252600297,0.04049034175334324,2.8484010959591677,2.8320512771606445,0.016349818798523152,0.016349818798523152,0.00026731657474454105,False,0.145
2,NH0997,O,0.0018573551263001485,0.04569093610698365,2.7259733598475004,2.709717273712158,0.01625608613534224,0.01625608613534224,0.0002642603364396662,False,0.14375
742,NH1877,M,0.001114413075780089,0.034918276374442794,2.7871418661619445,2.770933151245117,0.016208714916827294,0.016208714916827294,0.0002627224392549796,False,0.1425
46,NH1030,O,0.0003714710252600297,0.04940564635958395,2.845201545454583,2.829141139984131,0.016060405470452288,0.016060405470452288,0.0002579366238753338,False,0.14125
486,NH1543,N,0.0014858841010401188,0.04420505200594354,2.9225200530312496,2.906515598297119,0.01600445473413048,0.01600445473413048,0.0002561425713368315,False,0.14
353,NH1389,L,0.0007429420505200594,0.046805349182763745,2.744722598485416,2.7288661003112793,0.015856498174136924,0.015856498174136924,0.0002514285343464076,False,0.13875
736,NH1871,J,0.0003714710252600297,0.034918276374442794,2.854200143939445,2.8699378967285156,-0.015737752789070747,0.015737752789070747,0.00024767686284990405,False,0.1375
670,NH1802,M,0.10846953937592868,0.029346210995542348,2.79249957954625,2.777280569076538,0.015219010469711858,0.015219010469711858,0.00023161827967719916,False,0.13625
699,NH1832,L,0.002600297176820208,0.04234769687964339,2.6255228674241664,2.640721321105957,-0.015198453681790625,0.015198453681790625,0.000230992994317535,False,0.135
52,NH1033,O,0.0003714710252600297,0.046433878157503716,2.9680374696983334,2.952929973602295,0.015107496096038453,0.015107496096038453,0.0002282364382918171,False,0.13375
159,NH1146,M,0.0007429420505200594,0.04420505200594354,2.5724187297988883,2.587355852127075,-0.014937122328186891,0.014937122328186891,0.00022311762344721939,False,0.1325
87,NH1065,M,0.002600297176820208,0.05237741456166419,2.6342583977283334,2.649181365966797,-0.014922968238463508,0.014922968238463508,0.00022269498104619063,False,0.13125
519,NH1573,N,0.002600297176820208,0.03937592867756315,2.7471295151525,2.7324059009552,0.014723614197299728,0.014723614197299728,0.0002167848150309261,False,0.13
629,NH1746,N,0.0,0.03566121842496285,2.9451490631305544,2.930488348007202,0.014660715123352208,0.014660715123352208,0.00021493656792808815,False,0.12875
282,NH1306,N,0.0,0.03789004457652303,2.5635624797980565,2.5780909061431885,-0.014528426345131962,0.014528426345131962,0.00021107517206592446,False,0.1275
11,NH1003,O,0.03194650817236255,0.03863298662704309,3.1972194621212506,3.1830480098724365,0.01417145224881411,0.01417145224881411,0.00020083005884041847,False,0.12625
466,NH1507,J,0.002228826151560178,0.04234769687964339,2.773399805556389,2.787423849105835,-0.014024043549445864,0.014024043549445864,0.00019667379747675414,False,0.125
600,NH1703,N,0.0003714710252600297,0.04271916790490342,2.8691397777783334,2.8552803993225098,0.013859378455823634,0.013859378455823634,0.0001920823711817483,False,0.12375
80,NH1058,J,0.029346210995542348,0.04977711738484398,2.8585481189389994,2.872331142425537,-0.013783023486537704,0.013783023486537704,0.00018997173643044997,False,0.1225
464,NH1505,J,0.002228826151560178,0.044947994056463596,3.096972156565,3.1107289791107178,-0.01375682254571764,0.01375682254571764,0.00018925016655436515,False,0.12125
397,NH1438,N,0.0014858841010401188,0.041604754829123326,2.8197956249991667,2.8334085941314697,-0.013612969132303032,0.013612969132303032,0.00018531292859703518,False,0.12
298,NH1324,M,0.0018573551263001485,0.04977711738484398,2.9338776060612504,2.921113967895508,0.012763638165742552,0.012763638165742552,0.00016291045922599992,False,0.11875
359,NH1396,N,0.10772659732540862,0.03603268945022288,2.5963870378785012,2.6091320514678955,-0.012745013589394283,0.012745013589394283,0.00016243537139384493,False,0.1175
63,NH1041,O,0.0007429420505200594,0.03937592867756315,2.7737916401516665,2.7610702514648438,0.01272138868682271,0.01272138868682271,0.00016183373012122084,False,0.11625
599,NH1702,L,0.0003714710252600297,0.04086181277860327,3.0610138762624994,3.0736048221588135,-0.012590945896314043,0.012590945896314043,0.00015853191856390745,False,0.115
383,NH1424,M,0.0007429420505200594,0.044947994056463596,2.603203013257291,2.615640878677368,-0.012437865420077188,0.012437865420077188,0.00015470049620795186,False,0.11375
230,NH1247,N,0.0,0.036404160475482915,2.536356874999166,2.548792839050293,-0.012435964051126902,0.012435964051126902,0.00015465320188092063,False,0.1125
210,NH1220,L,0.0007429420505200594,0.04309063893016345,2.9672830025250003,2.979330539703369,-0.012047537178368817,0.012047537178368817,0.00014514315206417888,False,0.11125
627,NH1744,N,0.0003714710252600297,0.03937592867756315,2.7187532601002786,2.730388879776001,-0.011635619675722353,0.011635619675722353,0.00013538764523805715,False,0.11
161,NH1149,N,0.029346210995542348,0.03937592867756315,2.739402219697084,2.7509076595306396,-0.011505439833555453,0.011505439833555453,0.00013237514576356453,False,0.10875
555,NH1608,N,0.028603268945022287,0.0338038632986627,2.7100046969695835,2.698810338973999,0.011194357995584436,0.011194357995584436,0.0001253136509333052,False,0.1075
402,NH1443,M,0.0007429420505200594,0.043462109955423475,2.6812744053033337,2.6702208518981934,0.01105355340514036,0.01105355340514036,0.00012218104288029005,False,0.10625
673,NH1805,M,0.002228826151560178,0.030832095096582468,2.8744327196983335,2.863431692123413,0.011001027574920386,0.011001027574920386,0.0001210226077041587,False,0.105
644,NH1773,O,0.0003714710252600297,0.043833580980683504,3.0746478371216663,3.085542678833008,-0.010894841711341474,0.010894841711341474,0.00011869757591518602,False,0.10375
617,NH1725,N,0.0018573551263001485,0.037518573551263,3.005704808080278,3.0165059566497803,-0.010801148569502317,0.010801148569502317,0.00011666481042046195,False,0.1025
522,NH1574,N,0.0003714710252600297,0.04903417533432392,2.7811293674241666,2.7919180393218994,-0.010788671897732804,0.010788671897732804,0.00011639544131692955,False,0.10125
344,NH1380,N,0.0007429420505200594,0.03900445765230312,2.5106332075753324,2.5212395191192627,-0.010606311543930325,0.010606311543930325,0.00011249384456690966,False,0.1
547,NH1600,L,0.0003714710252600297,0.033432392273402674,2.8901921085852775,2.9007041454315186,-0.010512036846241024,0.010512036846241024,0.00011050291865672894,False,0.09875
21,NH1012,M,0.02823179791976226,0.043462109955423475,2.908289215909583,2.8978209495544434,0.010468266355139644,0.010468266355139644,0.00010958460048214864,False,0.0975
659,NH1790,J,0.0018573551263001485,0.03937592867756315,2.8337587954544445,2.82330322265625,0.010455572798194535,0.010455572798194535,0.00010931900253834548,False,0.09625
324,NH1353,L,0.0007429420505200594,0.04903417533432392,2.6507707045455557,2.6610467433929443,-0.010276038847388591,0.010276038847388591,0.00010559697439303945,False,0.095
701,NH1834,L,0.0007429420505200594,0.034918276374442794,2.9990765151516663,3.0092718601226807,-0.010195344971014375,0.010195344971014375,0.00010394505907798812,False,0.09375
264,NH1286,N,0.001114413075780089,0.0412332838038633,2.569353840909167,2.559196949005127,0.010156891904040233,0.010156891904040233,0.00010316245315035803,False,0.0925
789,NH1929,J,0.001114413075780089,0.034918276374442794,2.7255756818183334,2.715481758117676,0.010093923700657648,0.010093923700657648,0.00010188729567469818,False,0.09125
209,NH1219,M,0.046433878157503716,0.041976225854383355,2.9587360151520823,2.968738555908203,-0.010002540756120837,0.010002540756120837,0.0001000508215778584,False,0.09
760,NH1895,M,0.02711738484398217,0.03603268945022288,2.993994939392917,3.0038387775421143,-0.009843838149197204,0.009843838149197204,9.690114950759023e-05,False,0.08875
530,NH1583,J,0.0014858841010401188,0.037518573551263,3.185311647726667,3.1755645275115967,0.009747120215070293,0.009747120215070293,9.500635248703196e-05,False,0.0875
289,NH1317,M,0.0,0.057206537890044575,2.550327037878333,2.540607452392578,0.009719585485755022,0.009719585485755022,9.44703420148997e-05,False,0.08625
503,NH1557,J,0.002228826151560178,0.03194650817236255,3.2407133977274993,3.2504143714904785,-0.009700973762979181,0.009700973762979181,9.410889195001046e-05,False,0.085
733,NH1868,J,0.001114413075780089,0.03900445765230312,3.0244165656569444,3.0147769451141357,0.009639620542808647,0.009639620542808647,9.292228420933847e-05,False,0.08375
632,NH1754,N,0.0003714710252600297,0.04420505200594354,2.7977523131311104,2.7881743907928467,0.009577922338263711,0.009577922338263711,9.1736596317811e-05,False,0.0825
646,NH1776,J,0.02897473997028232,0.03194650817236255,2.980085080807223,2.970510959625244,0.009574121181978867,0.009574121181978867,9.166379640721643e-05,False,0.08125
507,NH1561,J,0.0018573551263001485,0.038261515601783064,2.9154196856066665,2.9058799743652344,0.009539711241432158,0.009539711241432158,9.100609056990709e-05,False,0.08
415,NH1457,N,0.0007429420505200594,0.03789004457652303,2.965334935605833,2.974445104598999,-0.009110168993165857,0.009110168993165857,8.299517908404061e-05,False,0.07875
44,NH1029,O,0.0014858841010401188,0.03677563150074294,3.133830560605,3.124765634536743,0.009064926068256707,0.009064926068256707,8.217288462296e-05,False,0.0775
382,NH1423,L,0.001114413075780089,0.045319465081723624,2.795841687499792,2.786851167678833,0.008990519820958998,0.008990519820958998,8.08294466510566e-05,False,0.07625
214,NH1225,L,0.0014858841010401188,0.05237741456166419,2.8717347196962506,2.8628010749816895,0.00893364471456115,0.00893364471456115,7.981000788600639e-05,False,0.075
287,NH1314,N,0.045319465081723624,0.04011887072808321,2.688623280302917,2.6799886226654053,0.008634657637511811,0.008634657637511811,7.455731251704105e-05,False,0.07375
300,NH1326,M,0.0007429420505200594,0.0475482912332838,2.5767791515150003,2.58540940284729,-0.008630251332289784,0.008630251332289784,7.44812380584896e-05,False,0.0725
608,NH1712,L,0.0007429420505200594,0.044947994056463596,2.877750958333749,2.869432210922241,0.008318747411507843,0.008318747411507843,6.920155849646844e-05,False,0.07125
136,NH1120,L,0.0007429420505200594,0.038261515601783064,2.7279106325754165,2.7197229862213135,0.008187646354103073,0.008187646354103073,6.703755281985734e-05,False,0.07
575,NH1629,J,0.0007429420505200594,0.05460624071322437,2.7709344015144453,2.762939691543579,0.007994709970866154,0.007994709970866154,6.39153875182667e-05,False,0.06875
28,NH1019,O,0.001114413075780089,0.045319465081723624,2.7220047992416667,2.714466094970703,0.007538704270963592,0.007538704270963592,5.683206208504471e-05,False,0.0675
297,NH1324,M,0.0014858841010401188,0.04977711738484398,2.9338776060612504,2.941317558288574,-0.007439952227323854,0.007439952227323854,5.5352889144861174e-05,False,0.06625
293,NH1322,L,0.0007429420505200594,0.0475482912332838,2.8165363030316675,2.809169292449951,0.007367010581716293,0.007367010581716293,5.427284491111984e-05,False,0.065
246,NH1264,N,0.002228826151560178,0.03974739970282318,2.4585983143933334,2.451263189315796,0.00733512507753753,0.00733512507753753,5.3804059903119955e-05,False,0.06375
354,NH1390,M,0.0003714710252600297,0.041976225854383355,2.601928625,2.594602346420288,0.007326278579712131,0.007326278579712131,5.36743578275488e-05,False,0.0625
311,NH1339,N,0.0018573551263001485,0.04271916790490342,2.6399382676763885,2.6328039169311523,0.007134350745236162,0.007134350745236162,5.089896055605178e-05,False,0.06125
351,NH1387,N,0.0003714710252600297,0.03789004457652303,2.6446771856066666,2.6375622749328613,0.007114910673805319,0.007114910673805319,5.062195389622886e-05,False,0.06
4,NH0999,N,0.0018573551263001485,0.036404160475482915,2.787539200757083,2.7805919647216797,0.006947236035403481,0.006947236035403481,4.826408853160868e-05,False,0.05875
64,NH1042,L,0.0,0.03528974739970282,2.5935001388886105,2.600088119506836,-0.006587980618225409,0.006587980618225409,4.340148862611364e-05,False,0.0575
520,NH1573,N,0.003714710252600297,0.03937592867756315,2.7471295151525,2.7406458854675293,0.0064836296849706265,0.0064836296849706265,4.2037453891832306e-05,False,0.05625
252,NH1271,N,0.0007429420505200594,0.048291233283803865,2.506554670455417,2.5003676414489746,0.006187029006442302,0.006187029006442302,3.8279327926558416e-05,False,0.055
412,NH1454,L,0.0018573551263001485,0.03863298662704309,2.8213227462112505,2.8271732330322266,-0.0058504868209761085,0.0058504868209761085,3.4228196042415135e-05,False,0.05375
622,NH1730,O,0.0003714710252600297,0.03937592867756315,3.09583614015125,3.090265989303589,0.005570150847661104,0.005570150847661104,3.1026580465699715e-05,False,0.0525
384,NH1425,L,0.001114413075780089,0.03677563150074294,3.090623825757918,3.0959653854370117,-0.005341559679093777,0.005341559679093777,2.8532259805320412e-05,False,0.05125
510,NH1564,J,0.001114413075780089,0.03974739970282318,3.3299264583341674,3.3246259689331055,0.005300489401061981,0.005300489401061981,2.8095187890770394e-05,False,0.05
171,NH1161,M,0.0007429420505200594,0.04271916790490342,3.0850511969702774,3.0900979042053223,-0.005046707235044856,0.005046707235044856,2.5469253916254098e-05,False,0.04875
94,NH1071,O,0.02897473997028232,0.04569093610698365,2.968626496211667,2.9636051654815674,0.005021330730099471,0.005021330730099471,2.521376230104129e-05,False,0.0475
521,NH1574,N,0.0003714710252600297,0.04903417533432392,2.7811293674241666,2.785953998565674,-0.0048246311415072185,0.0048246311415072185,2.3277065651601245e-05,False,0.04625
19,NH1010,M,0.02711738484398217,0.041604754829123326,2.954648253787917,2.959472179412842,-0.00482392562492473,0.00482392562492473,2.3270258434805446e-05,False,0.045
22,NH1013,M,0.0274888558692422,0.0412332838038633,2.911308340909167,2.9160869121551514,-0.004778571245984242,0.004778571245984242,2.2834743152947392e-05,False,0.04375
3,NH0998,O,0.0014858841010401188,0.03714710252600297,2.7947683712120837,2.7995388507843018,-0.0047704795722181,0.0047704795722181,2.275747534895019e-05,False,0.0425
582,NH1636,N,0.02786032689450223,0.02711738484398217,2.9940467095961107,2.9985780715942383,-0.004531361998127537,0.004531361998127537,2.053324155807438e-05,False,0.04125
294,NH1322,L,0.0007429420505200594,0.0475482912332838,2.8165363030316675,2.8210437297821045,-0.004507426750437027,0.004507426750437027,2.0316895910555297e-05,False,0.04
483,NH1529,L,0.0014858841010401188,0.041976225854383355,2.8512445277777783,2.8469183444976807,0.004326183280097595,0.004326183280097595,1.8715861772995988e-05,False,0.03875
203,NH1202,N,0.0007429420505200594,0.04717682020802377,2.629675180343189,2.6253888607025146,0.004286319640674385,0.004286319640674385,1.837253606203099e-05,False,0.0375
69,NH1047,O,0.0007429420505200594,0.0412332838038633,2.7164298371212494,2.7206122875213623,-0.0041824504001128915,0.0041824504001128915,1.7492891349404488e-05,False,0.03625
9,NH1002,O,0.029717682020802376,0.041976225854383355,2.7739209507579163,2.7701542377471924,0.0037667130107239544,0.0037667130107239544,1.4188126905157117e-05,False,0.035
639,NH1768,J,0.0003714710252600297,0.03268945022288262,2.818932253787083,2.8223869800567627,-0.0034547262696795755,0.0034547262696795755,1.1935133598414155e-05,False,0.03375
743,NH1878,N,0.0014858841010401188,0.033060921248142645,2.881115969696111,2.8843719959259033,-0.003256026229792486,0.003256026229792486,1.060170680909667e-05,False,0.0325
587,NH1667,J,0.0007429420505200594,0.048662704309063894,2.7702204938575674,2.7732932567596436,-0.0030727629020761427,0.0030727629020761427,9.441871852375398e-06,False,0.03125
29,NH1020,O,0.0003714710252600297,0.043462109955423475,2.7690984053041667,2.7660889625549316,0.0030094427492350917,0.0030094427492350917,9.056745660923667e-06,False,0.03
132,NH1116,L,0.0014858841010401188,0.0475482912332838,2.9667710909095826,2.96977162361145,-0.0030005327018676198,0.0030005327018676198,9.003196494976999e-06,False,0.02875
631,NH1752,N,0.029346210995542348,0.034918276374442794,3.0762563636374995,3.0733845233917236,0.002871840245775914,0.002871840245775914,8.247466397258261e-06,False,0.0275
220,NH1236,N,0.0,0.03789004457652303,2.8226209318179167,2.8254618644714355,-0.002840932653518813,0.002840932653518813,8.070898341829443e-06,False,0.02625
216,NH1227,L,0.0007429420505200594,0.04977711738484398,2.976135439395,2.9789083003997803,-0.002772861004780136,0.002772861004780136,7.688758151830305e-06,False,0.025
58,NH1036,O,0.0007429420505200594,0.0475482912332838,2.999257371212083,3.001835584640503,-0.0025782134284200176,0.0025782134284200176,6.647184482485301e-06,False,0.02375
723,NH1858,J,0.0014858841010401188,0.03789004457652303,2.962446318182917,2.9603922367095947,0.002054081473322089,0.002054081473322089,4.219250699045044e-06,False,0.0225
441,NH1482,N,0.0014858841010401188,0.03566121842496285,3.0714249128787503,3.0734293460845947,-0.0020044332058444247,0.0020044332058444247,4.017752476691758e-06,False,0.02125
561,NH1614,N,0.001114413075780089,0.038261515601783064,2.909926568181389,2.9080896377563477,0.0018369304250414054,0.0018369304250414054,3.374313386442798e-06,False,0.02
711,NH1844,O,0.02711738484398217,0.02711738484398217,2.8990067462116658,2.9005730152130127,-0.0015662690013469316,0.0015662690013469316,2.4531985845803146e-06,False,0.01875
45,NH1030,N,0.0003714710252600297,0.04903417533432392,2.845201545454583,2.846724510192871,-0.0015229647382879463,0.0015229647382879463,2.319421594068473e-06,False,0.0175
360,NH1397,L,0.10921248142644874,0.02637444279346211,2.622993156565277,2.621640205383301,0.001352951181976092,0.001352951181976092,1.8304769008105044e-06,False,0.01625
313,NH1341,L,0.001114413075780089,0.05089153046062407,2.8546977247477785,2.8559985160827637,-0.001300791334985174,0.001300791334985174,1.6920580971725114e-06,False,0.015
544,NH1597,J,0.0014858841010401188,0.036404160475482915,3.32966174242375,3.3308346271514893,-0.001172884727739465,0.001172884727739465,1.3756585845644788e-06,False,0.01375
676,NH1808,L,0.001114413075780089,0.04457652303120357,3.069874257576251,3.0687289237976074,0.0011453337786435647,0.0011453337786435647,1.311789464501946e-06,False,0.0125
92,NH1070,O,0.029346210995542348,0.045319465081723624,2.8489684166679163,2.8480472564697266,0.0009211601981897743,0.0009211601981897743,8.485361107290243e-07,False,0.01125
613,NH1719,M,0.0018573551263001485,0.03900445765230312,2.8422278863641672,2.8413946628570557,0.000833223507111569,0.000833223507111569,6.942614128033029e-07,False,0.01
783,NH1923,J,0.02823179791976226,0.02897473997028232,3.1264781780304163,3.1272690296173096,-0.000790851586893293,0.000790851586893293,6.254462324916398e-07,False,0.00875
145,NH1130,N,0.0014858841010401188,0.045319465081723624,2.7431731477270835,2.7424445152282715,0.000728632498812054,0.000728632498812054,5.309053183250979e-07,False,0.0075
180,NH1170,L,0.029717682020802376,0.04011887072808321,2.942394416667917,2.9428586959838867,-0.0004642793159699288,0.0004642793159699288,2.1555528323750496e-07,False,0.00625
36,NH1025,O,0.002228826151560178,0.041604754829123326,2.8777555227262495,2.878150463104248,-0.00039494037799858717,0.00039494037799858717,1.559779021736669e-07,False,0.005
576,NH1630,J,0.0014858841010401188,0.043462109955423475,2.9784578535355566,2.9782824516296387,0.0001754019059179157,0.0001754019059179157,3.076582859963736e-08,False,0.00375
595,NH1685,N,0.001114413075780089,0.03974739970282318,2.9339350757569456,2.933777093887329,0.00015798186961646365,0.00015798186961646365,2.495827112751332e-08,False,0.0025
111,NH1086,L,0.0014858841010401188,0.04606240713224369,2.814487545454167,2.814352512359619,0.00013503309454776513,0.00013503309454776513,1.8233936623145678e-08,False,0.00125
