Tool,feature,shift_z,operation,n,abs_shift_z
M,210X182,2.1525555432816934,210,128,2.1525555432816934
M,210X180,2.139548023561184,210,128,2.139548023561184
O,210X189,2.1394325980832,210,86,2.1394325980832
M,210X183,2.061383031388554,210,128,2.061383031388554
M,210X181,2.0333694082977924,210,128,2.0333694082977924
M,210X142,1.9941175656558952,210,128,1.9941175656558952
J,210X217,-1.9742929869951695,210,142,1.9742929869951695
J,ERROR:#N/A_4,-1.9630479027377334,UNKNOWN,142,1.9630479027377334
J,210X193,1.9229220465283758,210,142,1.9229220465283758
M,210X209,-1.9186217184863346,210,128,1.9186217184863346
M,210X1,-1.8886984300333944,210,128,1.8886984300333944
L,210X18,-1.8681579282660215,210,178,1.8681579282660215
J,210X159,-1.8363123888026969,210,142,1.8363123888026969
J,210X177,-1.8317342929746525,210,142,1.8317342929746525
M,210X5,-1.758793663739844,210,128,1.758793663739844
J,210X187,-1.709716314130876,210,142,1.709716314130876
L,210X178,1.6848856384204431,210,178,1.6848856384204431
L,210X160,1.6825229224198182,210,178,1.6825229224198182
J,210X135,-1.6749937220175128,210,142,1.6749937220175128
J,210X121,-1.6749802779582137,210,142,1.6749802779582137
J,210X169,-1.6749639644930312,210,142,1.6749639644930312
M,210X148,1.6727670205189624,210,128,1.6727670205189624
M,210X150,1.6705462489080298,210,128,1.6705462489080298
J,210X163,-1.6701406939530477,210,142,1.6701406939530477
M,210X39,-1.66677526095023,210,128,1.66677526095023
J,210X133,-1.6662478090076287,210,142,1.6662478090076287
J,210X157,-1.6623714705111032,210,142,1.6623714705111032
J,210X84,-1.6618815603334938,210,142,1.6618815603334938
J,210X151,-1.6611071022881938,210,142,1.6611071022881938
J,210X119,-1.6560444168360655,210,142,1.6560444168360655
J,210X145,-1.6517510699305258,210,142,1.6517510699305258
J,210X82,-1.6439876396664288,210,142,1.6439876396664288
J,210X149,-1.6431777256880797,210,142,1.6431777256880797
J,210X167,-1.638951957438475,210,142,1.638951957438475
M,210X132,1.63265081910114,210,128,1.63265081910114
M,210X134,1.6316516550849094,210,128,1.6316516550849094
M,210X120,1.6315996908138055,210,128,1.6315996908138055
M,210X168,1.631551020518921,210,128,1.631551020518921
M,210X162,1.6310371839936095,210,128,1.6310371839936095
M,210X166,1.6306364797251964,210,128,1.6306364797251964
M,210X156,1.6269842348537913,210,128,1.6269842348537913
M,210X118,1.6206671091674119,210,128,1.6206671091674119
M,210X81,1.6149661502384072,210,128,1.6149661502384072
M,210X83,1.6140339556863577,210,128,1.6140339556863577
M,210X143,1.6086600420585373,210,128,1.6086600420585373
M,210X144,1.6037226536149578,210,128,1.6037226536149578
M,210X3,-1.583176098349298,210,128,1.583176098349298
M,210X153,1.5605624491958536,210,128,1.5605624491958536
J,210X174,-1.5376067220884457,210,142,1.5376067220884457
M,210X151,1.5046501062253603,210,128,1.5046501062253603
J,210X144,-1.5046488816563852,210,142,1.5046488816563852
M,210X11,-1.5040961616171922,210,128,1.5040961616171922
J,210X158,-1.5011316186634998,210,142,1.5011316186634998
J,210X83,-1.495687237292621,210,142,1.495687237292621
M,210X149,1.494530816408729,210,128,1.494530816408729
J,210X161,-1.493545640772268,210,142,1.493545640772268
J,210X179,-1.493422359061873,210,142,1.493422359061873
M,210X157,1.4898034261525637,210,128,1.4898034261525637
L,210X194,1.4869387614813543,210,178,1.4869387614813543
J,210X176,-1.485185938110874,210,142,1.485185938110874
M,210X163,1.48426129313755,210,128,1.48426129313755
M,210X135,1.4839495945258219,210,128,1.4839495945258219
M,210X121,1.483902465897756,210,128,1.483902465897756
M,210X169,1.4837760771052604,210,128,1.4837760771052604
M,210X167,1.4829087405820311,210,128,1.4829087405820311
M,210X119,1.480924334047026,210,128,1.480924334047026
J,210X143,-1.4796519190114121,210,142,1.4796519190114121
J,210X134,-1.478492035381891,210,142,1.478492035381891
J,210X81,-1.478472684317742,210,142,1.478472684317742
J,210X120,-1.4784467513589268,210,142,1.4784467513589268
J,210X168,-1.4783620982977626,210,142,1.4783620982977626
M,210X145,1.4776376768718318,210,128,1.4776376768718318
J,210X166,-1.4741443175138853,210,142,1.4741443175138853
M,210X82,1.4724029289121643,210,128,1.4724029289121643
M,210X84,1.4721651781052105,210,128,1.4721651781052105
J,210X132,-1.468503681172532,210,142,1.468503681172532
M,210X133,1.4669865078650068,210,128,1.4669865078650068
J,210X118,-1.4657294046759606,210,142,1.4657294046759606
J,210X162,-1.4652187482062076,210,142,1.4652187482062076
J,210X156,-1.4616019763445047,210,142,1.4616019763445047
J,210X74,1.442239517489975,210,142,1.442239517489975
J,210X150,-1.441225182029831,210,142,1.441225182029831
J,210X148,-1.4300626239230962,210,142,1.4300626239230962
J,210X191,1.4200279454272007,210,142,1.4200279454272007
J,210X164,-1.411895214869383,210,142,1.411895214869383
J,210X154,-1.406517375905466,210,142,1.406517375905466
L,210X229,1.4060454962102673,210,178,1.4060454962102673
O,210X99,1.3829545017739682,210,86,1.3829545017739682
L,210X195,1.377384360401689,210,178,1.377384360401689
J,210X186,-1.373969740552477,210,142,1.373969740552477
O,210X97,1.3710208067742125,210,86,1.3710208067742125
O,ERROR:#N/A_4,1.3647899801009138,UNKNOWN,86,1.3647899801009138
J,210X76,1.3638017748220768,210,142,1.3638017748220768
O,210X8,1.3520355967228703,210,86,1.3520355967228703
L,210X192,1.338898968168138,210,178,1.338898968168138
J,210X11,1.335137203884067,210,142,1.335137203884067
O,210X217,1.329642289643643,210,86,1.329642289643643
O,210X98,1.3288435729170938,210,86,1.3288435729170938
J,210X190,-1.3204500688986904,210,142,1.3204500688986904
L,210X9,1.3100658213748315,210,178,1.3100658213748315
J,210X3,1.301079743206245,210,142,1.301079743206245
J,210X34,1.2881802107934828,210,142,1.2881802107934828
J,210X32,1.2805752296863198,210,142,1.2805752296863198
N,210X7,1.2701112176612195,210,266,1.2701112176612195
M,210X152,-1.2694669428168257,210,128,1.2694669428168257
O,210X2,1.2404223666497272,210,86,1.2404223666497272
M,210X2,-1.2318143917696833,210,128,1.2318143917696833
J,210X28,-1.1853557948425024,210,142,1.1853557948425024
M,210X52,-1.1765567385908209,210,128,1.1765567385908209
J,210X142,-1.1707266565180663,210,142,1.1707266565180663
O,210X89,1.1677813998751259,210,86,1.1677813998751259
J,210X178,-1.1646600979499062,210,142,1.1646600979499062
J,210X160,-1.1644958979555633,210,142,1.1644958979555633
L,210X89,1.1556820766229088,210,178,1.1556820766229088
O,210X153,-1.1488143414366974,210,86,1.1488143414366974
L,210X158,1.1473697673497172,210,178,1.1473697673497172
O,210X13,1.142261879072174,210,86,1.142261879072174
M,210X16,-1.1402250839368502,210,128,1.1402250839368502
L,210X176,1.1359029722938168,210,178,1.1359029722938168
O,210X15,1.129008078519672,210,86,1.129008078519672
M,210X210,-1.1286055478734744,210,128,1.1286055478734744
M,210X34,-1.1239778723860883,210,128,1.1239778723860883
L,210X188,1.1156384555721517,210,178,1.1156384555721517
O,210X139,1.1142469602179699,210,86,1.1142469602179699
M,210X32,-1.1134521157328388,210,128,1.1134521157328388
N,210X206,1.1102675072082644,210,266,1.1102675072082644
O,210X66,1.102140881436285,210,86,1.102140881436285
L,210X43,1.098596393562546,210,178,1.098596393562546
M,210X6,-1.0985063781842979,210,128,1.0985063781842979
L,210X207,-1.0980883813200941,210,178,1.0980883813200941
L,210X41,1.097304461517892,210,178,1.097304461517892
N,210X207,1.097286201737517,210,266,1.097286201737517
O,210X192,-1.0904166847122794,210,86,1.0904166847122794
J,210X9,-1.0852461385917196,210,142,1.0852461385917196
N,210X8,-1.078042136060611,210,266,1.078042136060611
L,210X54,1.0701782686299948,210,178,1.0701782686299948
L,210X117,1.0696752622291024,210,178,1.0696752622291024
L,210X123,1.0696407238217256,210,178,1.0696407238217256
L,210X56,1.0695657228794133,210,178,1.0695657228794133
J,210X16,1.0645111707725334,210,142,1.0645111707725334
M,210X35,-1.029329075357662,210,128,1.029329075357662
N,210X43,-1.0241826610202014,210,266,1.0241826610202014
N,210X41,-1.0236637909713358,210,266,1.0236637909713358
L,210X91,1.0143158300333428,210,178,1.0143158300333428
N,210X42,-1.010692615630541,210,266,1.010692615630541
N,210X190,1.0063304754285438,210,266,1.0063304754285438
M,210X33,-1.0019380821490602,210,128,1.0019380821490602
L,210X175,0.9935018142666334,210,178,0.9935018142666334
O,210X175,0.9929169468167984,210,86,0.9929169468167984
M,210X65,0.991707467035477,210,128,0.991707467035477
N,210X40,-0.9900239493294843,210,266,0.9900239493294843
N,210X56,-0.9843572674245621,210,266,0.9843572674245621
N,210X123,-0.9843259573803226,210,266,0.9843259573803226
N,210X54,-0.9836932774605244,210,266,0.9836932774605244
N,210X117,-0.9832421833579412,210,266,0.9832421833579412
L,210X7,-0.9813876927603161,210,178,0.9813876927603161
O,210X83,0.9789357546420026,210,86,0.9789357546420026
J,210X65,0.9769446889689695,210,142,0.9769446889689695
N,210X53,-0.9705032084984027,210,266,0.9705032084984027
N,210X55,-0.9703163030116563,210,266,0.9703163030116563
N,210X122,-0.9702454281652169,210,266,0.9702454281652169
N,210X116,-0.9700696731028186,210,266,0.9700696731028186
N,210X161,0.9611679826130743,210,266,0.9611679826130743
L,210X206,-0.9600325200414782,210,178,0.9600325200414782
N,210X179,0.9597428300678703,210,266,0.9597428300678703
O,210X81,0.9533785516509232,210,86,0.9533785516509232
M,210X192,-0.9520389328452387,210,128,0.9520389328452387
O,210X144,0.9443268423207201,210,86,0.9443268423207201
L,210X116,0.9433412176227409,210,178,0.9433412176227409
L,210X55,0.9419051560653467,210,178,0.9419051560653467
L,210X122,0.9417941421442731,210,178,0.9417941421442731
L,210X53,0.9416217353172823,210,178,0.9416217353172823
L,210X42,0.9384147656026542,210,178,0.9384147656026542
M,210X224,-0.9375848808216767,210,128,0.9375848808216767
M,210X218,-0.9375848808216765,210,128,0.9375848808216765
M,210X222,-0.9375848808216765,210,128,0.9375848808216765
M,210X221,-0.9375848808216765,210,128,0.9375848808216765
M,210X220,-0.9374271962484616,210,128,0.9374271962484616
J,210X27,-0.9318685128207392,210,142,0.9318685128207392
L,210X40,0.9312185013349639,210,178,0.9312185013349639
O,210X118,0.9295886182228527,210,86,0.9295886182228527
L,210X228,0.9284046849061947,210,178,0.9284046849061947
J,210X206,-0.927256506489904,210,142,0.927256506489904
O,210X168,0.9270612423160639,210,86,0.9270612423160639
O,210X120,0.9267859493658278,210,86,0.9267859493658278
O,210X134,0.926513513697578,210,86,0.926513513697578
O,210X162,0.926265860315503,210,86,0.926265860315503
O,210X132,0.9254492694774865,210,86,0.9254492694774865
M,210X7,-0.9202175520145573,210,128,0.9202175520145573
O,210X84,0.9158311838819143,210,86,0.9158311838819143
L,210X174,0.9093770821195568,210,178,0.9093770821195568
O,210X150,0.9065554183145776,210,86,0.9065554183145776
O,210X143,0.906142721699189,210,86,0.906142721699189
O,210X166,0.9060022232023297,210,86,0.9060022232023297
O,210X156,0.9048769805196739,210,86,0.9048769805196739
O,210X82,0.8991558045725675,210,86,0.8991558045725675
M,210X219,-0.8982830095049956,210,128,0.8982830095049956
O,210X167,0.8902945963747306,210,86,0.8902945963747306
O,210X133,0.8902237929741122,210,86,0.8902237929741122
O,210X188,0.8878319555693384,210,86,0.8878319555693384
O,210X119,0.8877943182085964,210,86,0.8877943182085964
M,210X188,-0.8874609124907635,210,128,0.8874609124907635
L,210X129,0.8871788683806613,210,178,0.8871788683806613
O,210X91,0.8871500219411473,210,86,0.8871500219411473
O,210X163,0.8861123281161774,210,86,0.8861123281161774
O,210X148,0.8854007434402416,210,86,0.8854007434402416
O,210X169,0.8843922980954528,210,86,0.8843922980954528
O,210X121,0.8840007799669608,210,86,0.8840007799669608
O,210X135,0.8838214137230811,210,86,0.8838214137230811
O,210X145,0.8785619780593771,210,86,0.8785619780593771
O,210X151,0.8773169532564536,210,86,0.8773169532564536
L,210X152,-0.8722624262861359,210,178,0.8722624262861359
O,210X157,0.8699126055304452,210,86,0.8699126055304452
J,210X30,-0.8694441457259577,210,142,0.8694441457259577
J,210X207,-0.8602866231167104,210,142,0.8602866231167104
L,210X203,0.859594019437075,210,178,0.859594019437075
L,210X26,0.8595467230867243,210,178,0.8595467230867243
L,210X201,0.8579480353125116,210,178,0.8579480353125116
L,210X212,0.8562458047693456,210,178,0.8562458047693456
N,210X212,-0.8552211628913212,210,266,0.8552211628913212
L,210X164,0.8551325347011014,210,178,0.8551325347011014
N,210X201,-0.8541962392515243,210,266,0.8541962392515243
N,210X26,-0.8535692261387349,210,266,0.8535692261387349
N,210X203,-0.853538341023358,210,266,0.853538341023358
J,310X84,0.8518756624841132,310,142,0.8518756624841132
J,310X76,0.8518756319745672,310,142,0.8518756319745672
J,310X68,0.8518756230556482,310,142,0.8518756230556482
J,310X60,0.851875406515471,310,142,0.851875406515471
J,310X64,0.8518746148688293,310,142,0.8518746148688293
J,310X56,0.8518746124832564,310,142,0.8518746124832564
J,310X72,0.8518746123791829,310,142,0.8518746123791829
J,310X80,0.8518746101265736,310,142,0.8518746101265736
N,210X9,-0.8492431318579416,210,266,0.8492431318579416
O,210X149,0.8483239733644903,210,86,0.8483239733644903
J,311X7,0.8458312263743448,311,142,0.8458312263743448
L,210X165,0.8453723618490313,210,178,0.8453723618490313
N,210X129,-0.8450725191837821,210,266,0.8450725191837821
O,210X155,0.8443457094736752,210,86,0.8443457094736752
O,210X210,0.8379412791173414,210,86,0.8379412791173414
J,210X89,-0.8359225976070797,210,142,0.8359225976070797
J,311X59,0.8306885200551128,311,142,0.8306885200551128
M,210X4,-0.8304609230856786,210,128,0.8304609230856786
L,210X155,0.8293850089486733,210,178,0.8293850089486733
L,210X189,0.8250164364012644,210,178,0.8250164364012644
J,311X22,0.8224698495073146,311,142,0.8224698495073146
J,750X1291,0.8190485219017359,750,142,0.8190485219017359
J,750X710,0.8190120943138386,750,142,0.8190120943138386
N,210X188,-0.8179334600789656,210,266,0.8179334600789656
J,311X171,0.8165029687342479,311,142,0.8165029687342479
J,311X170,0.8155989752580689,311,142,0.8155989752580689
J,210X90,0.8145198028845015,210,142,0.8145198028845015
J,330X1168,0.8125251581894686,330,142,0.8125251581894686
J,330X640,0.8123596439092472,330,142,0.8123596439092472
M,210X8,0.808588819939552,210,128,0.808588819939552
J,210X4,-0.8085055043593631,210,142,0.8085055043593631
J,311X164,0.8078840072924659,311,142,0.8078840072924659
J,311X163,0.8075422773534957,311,142,0.8075422773534957
M,210X229,-0.8071333764194994,210,128,0.8071333764194994
O,210X165,0.8044364434683788,210,86,0.8044364434683788
J,311X56,0.8040222349136162,311,142,0.8040222349136162
L,210X183,-0.8007682087698499,210,178,0.8007682087698499
J,311X20,0.7993491473390754,311,142,0.7993491473390754
J,311X6,0.7991646257790972,311,142,0.7991646257790972
J,220X91,0.79868157076842,220,142,0.79868157076842
J,220X75,0.7986815428674938,220,142,0.7986815428674938
J,220X83,0.7986814933873954,220,142,0.7986814933873954
J,220X67,0.7986812280532213,220,142,0.7986812280532213
J,220X87,0.7986803820970318,220,142,0.7986803820970318
J,220X79,0.7986802875099129,220,142,0.7986802875099129
J,220X95,0.7986798245194691,220,142,0.7986798245194691
J,311X54,0.7978838859759562,311,142,0.7978838859759562
J,220X71,0.7975416104319254,220,142,0.7975416104319254
J,311X60,0.7965614538906941,311,142,0.7965614538906941
M,210X194,-0.7944368824153725,210,128,0.7944368824153725
O,210X206,-0.7918584525589464,210,86,0.7918584525589464
N,210X211,-0.7911358747410376,210,266,0.7911358747410376
N,210X25,-0.7907704831907442,210,266,0.7907704831907442
N,210X202,-0.7906949788349156,210,266,0.7906949788349156
N,210X200,-0.7877446022990465,210,266,0.7877446022990465
J,311X55,0.7873250617153169,311,142,0.7873250617153169
L,210X128,0.7843740685519056,210,178,0.7843740685519056
J,300X10,0.7840320405087702,300,142,0.7840320405087702
L,210X125,0.7816654039469032,210,178,0.7816654039469032
M,210X89,-0.781499261635409,210,128,0.781499261635409
L,210X27,-0.7802459170087027,210,178,0.7802459170087027
J,300X20,0.774858609796918,300,142,0.774858609796918
J,300X2,0.7748229349752284,300,142,0.7748229349752284
L,210X154,0.7728756987621515,210,178,0.7728756987621515
J,300X14,0.7727915431231902,300,142,0.7727915431231902
N,210X128,-0.772261528599582,210,266,0.772261528599582
L,210X181,-0.7715933058061799,210,178,0.7715933058061799
J,311X77,0.7693063981717201,311,142,0.7693063981717201
J,210X139,0.7687346741400646,210,142,0.7687346741400646
N,210X189,-0.7687142050790208,210,266,0.7687142050790208
J,311X162,0.7665951206220314,311,142,0.7665951206220314
J,311X165,0.7651207618836489,311,142,0.7651207618836489
J,300X9,0.7646684835652491,300,142,0.7646684835652491
N,210X175,-0.7636053226502391,210,266,0.7636053226502391
L,210X58,0.7631102784389793,210,178,0.7631102784389793
L,210X10,0.7630517997971403,210,178,0.7630517997971403
J,300X6,0.7621229783184947,300,142,0.7621229783184947
J,360X710,0.7597828438309353,360,142,0.7597828438309353
L,210X200,0.7588159706228191,210,178,0.7588159706228191
J,300X13,0.7573183820432987,300,142,0.7573183820432987
J,311X169,0.756666847126117,311,142,0.756666847126117
J,300X7,0.7554217155042954,300,142,0.7554217155042954
J,311X58,0.7538740814850635,311,142,0.7538740814850635
L,210X25,0.7526052743514096,210,178,0.7526052743514096
L,210X202,0.7525181619581769,210,178,0.7525181619581769
L,210X211,0.7516261190641061,210,178,0.7516261190641061
O,520X68,-0.7507998271299273,520,86,0.7507998271299273
J,210X192,0.7490013187886935,210,142,0.7490013187886935
J,311X5,0.7482112185809632,311,142,0.7482112185809632
N,210X159,0.746097094360208,210,266,0.746097094360208
N,210X177,0.7420427830564914,210,266,0.7420427830564914
J,220X33,0.7409120295914494,220,142,0.7409120295914494
M,210X186,0.7392129001401433,210,128,0.7392129001401433
J,300X3,0.7387694918955753,300,142,0.7387694918955753
N,210X27,0.737351532845865,210,266,0.737351532845865
O,210X177,0.7371240880109478,210,86,0.7371240880109478
J,210X66,0.7369622058356426,210,142,0.7369622058356426
J,210X152,0.7369570730637757,210,142,0.7369570730637757
O,210X159,0.7340034545731912,210,86,0.7340034545731912
J,400X61,0.7339511156129144,400,142,0.7339511156129144
J,400X27,0.7339425877614028,400,142,0.7339425877614028
J,400X168,0.7331613842362632,400,142,0.7331613842362632
J,400X64,0.7331056726032049,400,142,0.7331056726032049
O,520X113,-0.7328336044879417,520,86,0.7328336044879417
J,400X65,0.7327592795047191,400,142,0.7327592795047191
J,400X219,0.7327086543159793,400,142,0.7327086543159793
J,400X9,0.7327078789267468,400,142,0.7327078789267468
J,400X7,0.7326659881860236,400,142,0.7326659881860236
J,400X25,0.7324893897520515,400,142,0.7324893897520515
O,330X363,-0.7316474695217527,330,86,0.7316474695217527
O,330X383,-0.7315332182135027,330,86,0.7315332182135027
O,330X373,-0.7314624832769734,330,86,0.7314624832769734
J,400X84,0.7314258858442407,400,142,0.7314258858442407
L,210X62,0.7312939661885005,210,178,0.7312939661885005
L,210X64,0.7306470648081446,210,178,0.7306470648081446
L,210X131,0.730554424084098,210,178,0.730554424084098
L,210X137,0.7304542389857358,210,178,0.7304542389857358
J,400X169,0.7302181535953568,400,142,0.7302181535953568
J,400X60,0.7301977454201534,400,142,0.7301977454201534
O,210X16,0.7259476828239123,210,86,0.7259476828239123
N,210X137,-0.7237372005179374,210,266,0.7237372005179374
N,210X64,-0.7236711868109388,210,266,0.7236711868109388
N,210X131,-0.7228816161298313,210,266,0.7228816161298313
N,210X62,-0.7227969157162539,210,266,0.7227969157162539
O,310X34,0.720992929514992,310,86,0.720992929514992
N,210X47,-0.7185640026239561,210,266,0.7185640026239561
N,210X139,-0.7171490579863581,210,266,0.7171490579863581
O,520X140,0.7153266192625174,520,86,0.7153266192625174
M,210X9,0.7132083627328107,210,128,0.7132083627328107
M,210X14,-0.710648740310175,210,128,0.710648740310175
J,210X229,-0.7092134037905917,210,142,0.7092134037905917
N,210X45,-0.7088726621300458,210,266,0.7088726621300458
N,210X74,-0.707386586044997,210,266,0.707386586044997
J,300X4,0.7024476726640122,300,142,0.7024476726640122
J,420X7,0.7018111439935744,420,142,0.7018111439935744
J,420X9,0.7017785162429442,420,142,0.7017785162429442
J,420X27,0.7017778320719668,420,142,0.7017778320719668
J,420X25,0.7017760767736966,420,142,0.7017760767736966
J,330X343,0.6961601684107774,330,142,0.6961601684107774
J,330X353,0.6958904053615371,330,142,0.6958904053615371
J,330X333,0.6956695918176016,330,142,0.6956695918176016
O,210X105,-0.6929951386870036,210,86,0.6929951386870036
O,520X96,-0.6929711452127951,520,86,0.6929711452127951
N,210X66,-0.6925865486230021,210,266,0.6925865486230021
O,520X135,-0.6918535516564776,520,86,0.6918535516564776
J,340X107,0.689958740831747,340,142,0.689958740831747
J,400X218,0.6897036334354203,400,142,0.6897036334354203
J,310X24,-0.6887764918086169,310,142,0.6887764918086169
N,210X4,0.6881699671477837,210,266,0.6881699671477837
J,750X885,-0.6877132871685065,750,142,0.6877132871685065
O,520X130,-0.6876114483483989,520,86,0.6876114483483989
J,400X170,0.6875667871358159,400,142,0.6875667871358159
N,210X187,0.6872350323620176,210,266,0.6872350323620176
L,210X47,0.686624350334675,210,178,0.686624350334675
J,400X82,0.6860932985523099,400,142,0.6860932985523099
J,210X230,-0.6858363841431496,210,142,0.6858363841431496
J,400X59,0.6838667092058688,400,142,0.6838667092058688
J,400X63,0.6833248616183553,400,142,0.6833248616183553
O,520X58,-0.6822488034798139,520,86,0.6822488034798139
J,400X167,0.6819221590498207,400,142,0.6819221590498207
J,400X5,0.6806748439523489,400,142,0.6806748439523489
L,210X45,0.6799797048402183,210,178,0.6799797048402183
O,520X38,-0.6789637096569068,520,86,0.6789637096569068
J,310X22,-0.678633533628006,310,142,0.678633533628006
O,520X98,-0.6770673961615412,520,86,0.6770673961615412
O,520X97,-0.6758643878222165,520,86,0.6758643878222165
O,210X3,-0.6755185106547522,210,86,0.6755185106547522
O,520X86,-0.6751594847250182,520,86,0.6751594847250182
O,520X36,-0.6743506436881241,520,86,0.6743506436881241
O,520X111,-0.6736643633793324,520,86,0.6736643633793324
O,520X79,0.673486002102421,520,86,0.673486002102421
O,520X89,-0.673486002102421,520,86,0.673486002102421
O,520X59,-0.673486002102421,520,86,0.673486002102421
O,520X44,-0.673486002102421,520,86,0.673486002102421
O,520X24,-0.673486002102421,520,86,0.673486002102421
O,520X34,-0.673486002102421,520,86,0.673486002102421
O,520X26,-0.673486002102421,520,86,0.673486002102421
O,520X74,-0.673486002102421,520,86,0.673486002102421
O,520X69,-0.673486002102421,520,86,0.673486002102421
O,520X64,0.673486002102421,520,86,0.673486002102421
O,520X104,-0.673486002102421,520,86,0.673486002102421
O,520X109,-0.673486002102421,520,86,0.673486002102421
O,520X128,-0.673486002102421,520,86,0.673486002102421
O,520X99,-0.673486002102421,520,86,0.673486002102421
O,520X94,-0.673486002102421,520,86,0.673486002102421
O,520X84,-0.673486002102421,520,86,0.673486002102421
O,520X114,-0.673486002102421,520,86,0.673486002102421
O,520X117,0.673486002102421,520,86,0.673486002102421
O,520X39,-0.673486002102421,520,86,0.673486002102421
O,520X11,-0.673486002102421,520,86,0.673486002102421
O,520X49,0.673486002102421,520,86,0.673486002102421
O,520X19,-0.6734860021024209,520,86,0.6734860021024209
O,520X21,-0.6725426454822077,520,86,0.6725426454822077
O,520X22,-0.6714311869130432,520,86,0.6714311869130432
O,Tool (#5),0.6708008331749609,UNKNOWN,86,0.6708008331749609
O,520X1,0.6679986837880859,520,86,0.6679986837880859
O,520X345,0.6676606222845068,520,86,0.6676606222845068
O,520X101,-0.6669293571641876,520,86,0.6669293571641876
O,210X10,-0.6659426772453432,210,86,0.6659426772453432
O,520X66,-0.6658857022859269,520,86,0.6658857022859269
O,520X56,-0.6654389223391912,520,86,0.6654389223391912
O,520X353,0.6642515244920275,520,86,0.6642515244920275
O,520X144,0.6642512987188671,520,86,0.6642512987188671
O,520X246,0.6642510729307913,520,86,0.6642510729307913
O,210X11,-0.6636213222468506,210,86,0.6636213222468506
J,210X5,0.6636166590329143,210,142,0.6636166590329143
O,520X12,-0.6615368738695784,520,86,0.6615368738695784
O,520X351,0.6605672453456757,520,86,0.6605672453456757
L,210X136,0.6602403021092119,210,178,0.6602403021092119
M,310X84,-0.6600118312261636,310,128,0.6600118312261636
M,310X68,-0.6600118251391046,310,128,0.6600118251391046
M,310X60,-0.6600114878510888,310,128,0.6600114878510888
M,310X76,-0.6600114499206797,310,128,0.6600114499206797
M,310X72,-0.6600114260770209,310,128,0.6600114260770209
M,310X80,-0.6600114084672107,310,128,0.6600114084672107
M,310X64,-0.6600114029972414,310,128,0.6600114029972414
M,310X56,-0.6600113754894137,310,128,0.6600113754894137
L,210X63,0.6599287023165921,210,178,0.6599287023165921
J,210X189,-0.6589930145444646,210,142,0.6589930145444646
O,520X108,-0.6587077477738145,520,86,0.6587077477738145
O,520X103,-0.6583254548594635,520,86,0.6583254548594635
M,210X91,-0.6582217943140439,210,128,0.6582217943140439
O,750X211,0.6580173573923245,750,86,0.6580173573923245
O,520X107,-0.6564634930995802,520,86,0.6564634930995802
J,330X704,0.6560494249823161,330,142,0.6560494249823161
J,330X707,0.655986003772782,330,142,0.655986003772782
J,330X701,0.65593231518609,330,142,0.65593231518609
O,520X134,-0.6540191880291886,520,86,0.6540191880291886
L,210X182,-0.6538875691086737,210,178,0.6538875691086737
O,520X37,-0.6527166731281856,520,86,0.6527166731281856
O,520X73,-0.6526768092247407,520,86,0.6526768092247407
J,310X19,0.6526261774878481,310,142,0.6526261774878481
L,210X130,0.6514067839594062,210,178,0.6514067839594062
L,210X61,0.6501953423265135,210,178,0.6501953423265135
O,520X23,-0.6482569786708107,520,86,0.6482569786708107
J,310X159,-0.6467176315929876,310,142,0.6467176315929876
N,210X183,-0.6464011101420972,210,266,0.6464011101420972
O,210X186,0.6457644443410205,210,86,0.6457644443410205
O,210X9,0.6455957920897312,210,86,0.6455957920897312
M,330X640,-0.6455356226247266,330,128,0.6455356226247266
M,330X1168,-0.645447104511494,330,128,0.645447104511494
J,310X20,0.6433038869986726,310,142,0.6433038869986726
N,210X155,-0.6425908031043838,210,266,0.6425908031043838
O,520X106,-0.6421241479721518,520,86,0.6421241479721518
O,210X107,-0.6417720250122729,210,86,0.6417720250122729
O,220X224,0.640052023875747,220,86,0.640052023875747
N,210X181,-0.6391081131764482,210,266,0.6391081131764482
O,312X193,0.638195111072542,312,86,0.638195111072542
J,310X15,-0.6356360519111603,310,142,0.6356360519111603
O,312X704,-0.6353133520682526,312,86,0.6353133520682526
J,330X147,0.6341238572863347,330,142,0.6341238572863347
J,330X140,0.6340436778986612,330,142,0.6340436778986612
J,330X157,0.6340280002774389,330,142,0.6340280002774389
O,520X129,-0.6315846616139988,520,86,0.6315846616139988
L,210X180,-0.6308424197679104,210,178,0.6308424197679104
N,210X180,-0.6282570471795527,210,266,0.6282570471795527
O,520X102,-0.6280125201106098,520,86,0.6280125201106098
O,520X13,-0.6279312607971747,520,86,0.6279312607971747
J,330X485,0.6276496690983705,330,142,0.6276496690983705
O,520X123,0.6273622934664542,520,86,0.6273622934664542
J,330X472,0.6250927623671197,330,142,0.6250927623671197
O,520X41,-0.6242097390526749,520,86,0.6242097390526749
N,210X182,-0.6241673948314811,210,266,0.6241673948314811
J,310X96,0.6239552723040602,310,142,0.6239552723040602
J,330X677,0.6236922570516177,330,142,0.6236922570516177
J,310X156,-0.6236687052374978,310,142,0.6236687052374978
J,330X671,0.6235988674319344,330,142,0.6235988674319344
J,330X674,0.6235224860558546,330,142,0.6235224860558546
O,520X27,-0.6234259055511704,520,86,0.6234259055511704
J,330X465,0.6206070630383614,330,142,0.6206070630383614
J,330X475,0.6204898039707294,330,142,0.6204898039707294
N,210X130,-0.6199464579036271,210,266,0.6199464579036271
N,210X63,-0.6197036277737333,210,266,0.6197036277737333
N,210X136,-0.6196638758702387,210,266,0.6196638758702387
O,520X28,-0.6191757340705644,520,86,0.6191757340705644
N,210X61,-0.618867077129458,210,266,0.618867077129458
O,210X52,0.618135119460972,210,86,0.618135119460972
N,210X46,-0.6164001777143755,210,266,0.6164001777143755
N,210X44,-0.6163121018112999,210,266,0.6163121018112999
O,520X143,0.6162283216976108,520,86,0.6162283216976108
O,210X152,0.6151491020449852,210,86,0.6151491020449852
J,330X482,0.6150238869947642,330,142,0.6150238869947642
J,210X14,0.6150046484299484,210,142,0.6150046484299484
M,300X10,-0.6149347790027629,300,128,0.6149347790027629
M,210X158,-0.6149034265263134,210,128,0.6149034265263134
J,330X462,0.6142498849913443,330,142,0.6142498849913443
O,750X111,0.6136785555926995,750,86,0.6136785555926995
M,210X176,-0.6135384893344733,210,128,0.6135384893344733
J,344X145,0.6107911056067656,344,142,0.6107911056067656
O,210X230,-0.6106235018731934,210,86,0.6106235018731934
O,210X23,-0.6102269447194595,210,86,0.6102269447194595
J,310X14,0.6091424503157262,310,142,0.6091424503157262
O,312X365,-0.6091203779851629,312,86,0.6091203779851629
J,330X216,0.6072346529401911,330,142,0.6072346529401911
J,330X495,0.6068832167310751,330,142,0.6068832167310751
J,330X226,0.6068414326548821,330,142,0.6068414326548821
M,310X171,-0.6066142046237173,310,128,0.6066142046237173
J,330X206,0.606461422128298,330,142,0.606461422128298
N,210X152,0.6022697496562441,210,266,0.6022697496562441
O,220X13,0.5991256835898741,220,86,0.5991256835898741
M,210X13,-0.5989909853671143,210,128,0.5989909853671143
M,300X7,-0.5987551582440511,300,128,0.5987551582440511
J,330X492,0.5954814104234666,330,142,0.5954814104234666
N,210X65,-0.5953372430488342,210,266,0.5953372430488342
M,300X14,-0.5945587476881142,300,128,0.5945587476881142
J,210X6,0.594495257153558,210,142,0.594495257153558
O,520X326,-0.5942537478856398,520,86,0.5942537478856398
L,210X46,0.5938365679072888,210,178,0.5938365679072888
J,420X50,0.5932501375920127,420,142,0.5932501375920127
J,420X48,0.5932386649746441,420,142,0.5932386649746441
J,420X164,0.5932386649746434,420,142,0.5932386649746434
J,420X8,0.5932331410987167,420,142,0.5932331410987167
L,210X44,0.5930621296696654,210,178,0.5930621296696654
M,300X2,-0.592337265619564,300,128,0.592337265619564
J,210X111,0.59080447622028,210,142,0.59080447622028
O,520X88,-0.589886989961346,520,86,0.589886989961346
M,300X4,-0.5894003327214475,300,128,0.5894003327214475
M,300X9,-0.5892774407871005,300,128,0.5892774407871005
M,210X195,-0.5888298736637009,210,128,0.5888298736637009
M,210X206,0.5884756444657848,210,128,0.5884756444657848
J,210X33,0.5883422975619589,210,142,0.5883422975619589
M,300X3,-0.5879196240104136,300,128,0.5879196240104136
M,210X15,-0.5867724362224449,210,128,0.5867724362224449
M,300X13,-0.5866354526602866,300,128,0.5866354526602866
N,210X52,0.5858052929337707,210,266,0.5858052929337707
O,210X28,0.5856156116549022,210,86,0.5856156116549022
J,310X27,0.585282006152049,310,142,0.585282006152049
O,330X393,-0.5850134588416768,330,86,0.5850134588416768
M,300X6,-0.583169957052036,300,128,0.583169957052036
O,330X420,-0.5829879469510225,330,86,0.5829879469510225
J,210X213,0.5824543559895106,210,142,0.5824543559895106
J,210X215,0.5823936333514746,210,142,0.5823936333514746
J,310X28,0.5811030749697887,310,142,0.5811030749697887
O,330X410,-0.580990026393861,330,86,0.580990026393861
J,310X168,0.5782887250719707,310,142,0.5782887250719707
J,210X204,0.5770198200215605,210,142,0.5770198200215605
J,210X205,0.575852020835035,210,142,0.575852020835035
O,312X353,-0.5749596136750816,312,86,0.5749596136750816
J,310X33,0.5749503702629385,310,142,0.5749503702629385
O,360X1245,0.5749353429378539,360,86,0.5749353429378539
N,210X165,-0.5748602418988974,210,266,0.5748602418988974
O,520X42,-0.5746484867584069,520,86,0.5746484867584069
J,330X717,0.57442940383156,330,142,0.57442940383156
J,330X633,0.5741983852546567,330,142,0.5741983852546567
J,330X714,0.5739655003262576,330,142,0.5739655003262576
J,330X191,-0.5735489868746181,330,142,0.5735489868746181
O,312X600,-0.5717023108056977,312,86,0.5717023108056977
J,310X170,0.5707198389382301,310,142,0.5707198389382301
O,312X588,-0.5704881610493266,312,86,0.5704881610493266
J,310X167,-0.5686911349276554,310,142,0.5686911349276554
M,300X20,-0.5674052235345253,300,128,0.5674052235345253
O,312X32,0.5668485958509539,312,86,0.5668485958509539
M,311X164,-0.5654996850856168,311,128,0.5654996850856168
J,210X228,-0.564572838723217,210,142,0.564572838723217
J,330X505,0.5636041194096103,330,142,0.5636041194096103
O,520X77,0.5635752923417947,520,86,0.5635752923417947
M,311X6,-0.563342185840705,311,128,0.563342185840705
O,312X358,-0.563063149475534,312,86,0.563063149475534
M,330X140,-0.5628319340342255,330,128,0.5628319340342255
M,330X157,-0.5622031799725292,330,128,0.5622031799725292
M,330X147,-0.5618843097123482,330,128,0.5618843097123482
J,330X193,-0.5612634651673423,330,142,0.5612634651673423
J,210X117,0.5612393506656062,210,142,0.5612393506656062
J,210X54,0.5606632578780065,210,142,0.5606632578780065
J,210X123,0.5604763366639844,210,142,0.5604763366639844
J,210X56,0.5604376759213939,210,142,0.5604376759213939
O,210X183,0.56019459791227,210,86,0.56019459791227
O,330X412,0.5597528212641032,330,86,0.5597528212641032
M,210X107,0.5596814055274898,210,128,0.5596814055274898
J,210X35,0.5595755276498566,210,142,0.5595755276498566
O,520X296,0.5594198384417729,520,86,0.5594198384417729
O,210X181,0.5591785690564051,210,86,0.5591785690564051
O,312X363,-0.55912745017114,312,86,0.55912745017114
J,310X179,0.5585886084347128,310,142,0.5585886084347128
O,520X112,-0.5582200968553669,520,86,0.5582200968553669
O,312X102,-0.5574241960786415,312,86,0.5574241960786415
J,330X478,0.5570133535250881,330,142,0.5570133535250881
O,520X32,0.5566665514956114,520,86,0.5566665514956114
J,330X502,0.555952074218591,330,142,0.555952074218591
M,210X160,-0.55509367741634,210,128,0.55509367741634
N,210X91,-0.5547508746537105,210,266,0.5547508746537105
M,360X710,-0.5538206178848223,360,128,0.5538206178848223
M,311X59,-0.5529888201687997,311,128,0.5529888201687997
M,311X171,-0.5522613965695196,311,128,0.5522613965695196
M,210X178,-0.5515319274211533,210,128,0.5515319274211533
L,210X65,-0.5507778811987111,210,178,0.5507778811987111
L,210X39,0.5503593939407835,210,178,0.5503593939407835
J,210X97,-0.5496758576449985,210,142,0.5496758576449985
M,750X710,-0.5496117571061835,750,128,0.5496117571061835
M,750X1291,-0.5494303455632328,750,128,0.5494303455632328
O,312X359,-0.5493016856015741,312,86,0.5493016856015741
O,210X176,0.5492018671680927,210,86,0.5492018671680927
M,311X55,-0.5484849660869381,311,128,0.5484849660869381
O,220X223,0.547933363438496,220,86,0.547933363438496
M,311X22,-0.5477986581509525,311,128,0.5477986581509525
O,312X594,-0.5470503949534377,312,86,0.5470503949534377
M,210X207,0.5466478723875595,210,128,0.5466478723875595
M,311X56,-0.5465472474131696,311,128,0.5465472474131696
J,330X452,0.5454902329766693,330,142,0.5454902329766693
J,310X169,0.5444658393795054,310,142,0.5444658393795054
J,310X164,0.544362571377005,310,142,0.544362571377005
O,520X57,-0.5439532382540974,520,86,0.5439532382540974
O,312X362,-0.5436421171670331,312,86,0.5436421171670331
M,311X170,-0.5433365370815307,311,128,0.5433365370815307
O,312X357,-0.5431960628514768,312,86,0.5431960628514768
M,311X20,-0.5422620074969436,311,128,0.5422620074969436
O,360X765,0.5421017982134306,360,86,0.5421017982134306
M,311X60,-0.5406319688246018,311,128,0.5406319688246018
J,210X41,0.5397974531137706,210,142,0.5397974531137706
O,312X592,-0.5397411465906353,312,86,0.5397411465906353
O,210X158,0.539603914903105,210,86,0.539603914903105
M,311X163,-0.5379314362350727,311,128,0.5379314362350727
O,312X16,-0.5376023098835689,312,86,0.5376023098835689
J,330X468,0.5375389664112249,330,142,0.5375389664112249
J,210X43,0.5374640706532288,210,142,0.5374640706532288
O,210X20,-0.5372600368588851,210,86,0.5372600368588851
O,520X67,-0.5368767683663948,520,86,0.5368767683663948
O,312X481,-0.5356374997128514,312,86,0.5356374997128514
M,210X18,0.5346175421727399,210,128,0.5346175421727399
N,210X18,0.5346175421726733,210,266,0.5346175421726733
O,210X18,0.5346175421725399,210,86,0.5346175421725399
J,210X18,0.5346175421724733,210,142,0.5346175421724733
O,330X1034,-0.5342817457272987,330,86,0.5342817457272987
J,310X158,0.5340170906527635,310,142,0.5340170906527635
M,330X266,-0.5339210071372691,330,128,0.5339210071372691
O,330X973,-0.5338241149884659,330,86,0.5338241149884659
M,330X286,-0.5337122256022344,330,128,0.5337122256022344
M,330X276,-0.5336801024671449,330,128,0.5336801024671449
N,210X109,0.5333267792933729,210,266,0.5333267792933729
O,520X282,0.5328049352080381,520,86,0.5328049352080381
O,330X418,0.5318776908747702,330,86,0.5318776908747702
M,330X616,-0.5313954471072946,330,128,0.5313954471072946
M,330X112,-0.5311037152062279,330,128,0.5311037152062279
M,330X105,-0.5310734242704951,330,128,0.5310734242704951
J,310X21,-0.5308612310961565,310,142,0.5308612310961565
J,310X29,-0.5304927333019548,310,142,0.5304927333019548
O,330X1177,-0.5303027718918484,330,86,0.5303027718918484
O,520X284,0.530004783082194,520,86,0.530004783082194
O,330X1030,-0.5298136252388095,330,86,0.5298136252388095
O,330X956,-0.5297290071826383,330,86,0.5297290071826383
O,312X356,-0.5284484493185991,312,86,0.5284484493185991
O,312X528,0.5282698834517495,312,86,0.5282698834517495
O,330X1173,-0.5279776329320914,330,86,0.5279776329320914
J,330X455,0.5277501015129619,330,142,0.5277501015129619
O,330X1175,-0.5271320815953849,330,86,0.5271320815953849
O,330X950,-0.5267430923477779,330,86,0.5267430923477779
M,330X206,-0.5262875453144685,330,128,0.5262875453144685
O,312X364,-0.5259773094681885,312,86,0.5259773094681885
M,330X226,-0.5258537486674258,330,128,0.5258537486674258
M,330X216,-0.5256321251495073,330,128,0.5256321251495073
O,312X442,0.5253401825540658,312,86,0.5253401825540658
J,330X49,0.5252574295884137,330,142,0.5252574295884137
M,220X33,-0.5245478842946056,220,128,0.5245478842946056
N,210X90,-0.5237008484467511,210,266,0.5237008484467511
J,310X131,0.5234205183221391,310,142,0.5234205183221391
O,330X1032,-0.523278467338699,330,86,0.523278467338699
O,520X173,0.5231833435456907,520,86,0.5231833435456907
O,520X348,0.5230970120955466,520,86,0.5230970120955466
O,520X250,0.5230815657350705,520,86,0.5230815657350705
O,520X346,0.5230814498502017,520,86,0.5230814498502017
O,520X248,0.5230676739133765,520,86,0.5230676739133765
O,520X148,0.5230674647376947,520,86,0.5230674647376947
O,312X468,0.523014617187038,312,86,0.523014617187038
M,311X54,-0.5228476019218975,311,128,0.5228476019218975
O,520X152,0.5219909959312763,520,86,0.5219909959312763
O,520X171,0.5218973287682862,520,86,0.5218973287682862
O,330X970,-0.521824238258008,330,86,0.521824238258008
J,330X43,0.5208284355710767,330,142,0.5208284355710767
O,312X598,-0.5205863438673345,312,86,0.5205863438673345
O,330X953,-0.5204783353356918,330,86,0.5204783353356918
O,520X295,0.520147239302041,520,86,0.520147239302041
O,330X1203,-0.5201460103002814,330,86,0.5201460103002814
O,330X1201,-0.5194978105233601,330,86,0.5194978105233601
J,330X46,0.5182962046533127,330,142,0.5182962046533127
J,330X460,-0.5181020098973728,330,142,0.5181020098973728
O,210X195,-0.5175880290638349,210,86,0.5175880290638349
O,330X1205,-0.5174936914386482,330,86,0.5174936914386482
M,311X7,-0.5168332447469333,311,128,0.5168332447469333
O,330X897,-0.5166573619813611,330,86,0.5166573619813611
O,312X462,-0.5164636707790581,312,86,0.5164636707790581
J,330X480,-0.5162919021645876,330,142,0.5162919021645876
J,310X157,-0.5162012543013521,310,142,0.5162012543013521
O,520X432,0.515677774340115,520,86,0.515677774340115
O,330X177,0.5153071004134543,330,86,0.5153071004134543
J,330X470,-0.5151781637411459,330,142,0.5151781637411459
O,312X153,-0.5149820317246211,312,86,0.5149820317246211
M,330X296,-0.5146547965245681,330,128,0.5146547965245681
O,330X196,0.514651108234462,330,86,0.514651108234462
O,312X155,-0.5145273895200951,312,86,0.5145273895200951
O,312X352,-0.5144614970415708,312,86,0.5144614970415708
M,330X510,-0.5144351865848521,330,128,0.5144351865848521
M,330X403,-0.5144163681102513,330,128,0.5144163681102513
O,210X207,-0.5142863368632268,210,86,0.5142863368632268
O,312X154,-0.5137500326500023,312,86,0.5137500326500023
O,330X167,0.5132717616394875,330,86,0.5132717616394875
J,210X201,0.5129836667803876,210,142,0.5129836667803876
J,330X1103,-0.5129824858573003,330,142,0.5129824858573003
O,330X976,-0.5123992507015892,330,86,0.5123992507015892
J,210X26,0.5121872697143385,210,142,0.5121872697143385
J,210X203,0.5121212043570476,210,142,0.5121212043570476
O,312X476,-0.5121201815640901,312,86,0.5121201815640901
O,750X637,0.5120881754311655,750,86,0.5120881754311655
J,210X212,0.511440089583329,210,142,0.511440089583329
O,750X329,0.5105952083321094,750,86,0.5105952083321094
O,330X993,-0.5103436518818266,330,86,0.5103436518818266
O,220X18,-0.5098845545542565,220,86,0.5098845545542565
O,330X422,0.5098017493674304,330,86,0.5098017493674304
O,520X87,-0.5096774293701777,520,86,0.5096774293701777
O,210X193,-0.5093728036083892,210,86,0.5093728036083892
O,520X293,0.5091897768829977,520,86,0.5091897768829977
O,220X15,0.5083819474883178,220,86,0.5083819474883178
O,330X1189,-0.5083260935874354,330,86,0.5083260935874354
J,330X1090,-0.5082823886179074,330,142,0.5082823886179074
O,210X141,0.50809652951699,210,86,0.50809652951699
O,520X297,0.5078983885555902,520,86,0.5078983885555902
O,520X178,0.507602463167776,520,86,0.507602463167776
O,330X893,-0.5070938134041599,330,86,0.5070938134041599
J,330X1093,-0.5070491199483704,330,142,0.5070491199483704
J,330X1087,-0.5067592037687344,330,142,0.5067592037687344
O,330X1187,-0.5060984681599341,330,86,0.5060984681599341
O,330X990,-0.5059685500099939,330,86,0.5059685500099939
O,520X83,-0.5055125104275363,520,86,0.5055125104275363
J,210X52,-0.5054856368062298,210,142,0.5054856368062298
O,312X61,0.5053669989516608,312,86,0.5053669989516608
J,330X1041,-0.5050800394562905,330,142,0.5050800394562905
O,330X401,0.5049015504984671,330,86,0.5049015504984671
O,330X1191,-0.5035170426139023,330,86,0.5035170426139023
J,310X161,0.5033753333808665,310,142,0.5033753333808665
O,312X351,-0.5032461361227344,312,86,0.5032461361227344
O,750X629,0.503070066273514,750,86,0.503070066273514
M,330X694,-0.502879592642554,330,128,0.502879592642554
M,330X691,-0.502508009881117,330,128,0.502508009881117
M,330X697,-0.5023894529505273,330,128,0.5023894529505273
J,330X1037,-0.5021625321649609,330,142,0.5021625321649609
O,520X33,0.5018957793898182,520,86,0.5018957793898182
O,330X996,-0.5017998481983348,330,86,0.5017998481983348
L,210X28,0.5017967898285606,210,178,0.5017967898285606
J,330X1039,-0.5017547538710655,330,142,0.5017547538710655
O,330X1020,-0.4995809954404699,330,86,0.4995809954404699
O,520X330,-0.4992369998542092,520,86,0.4992369998542092
J,310X160,-0.4984445726509797,310,142,0.4984445726509797
O,312X246,-0.4981322380682612,312,86,0.4981322380682612
J,750X228,0.4974007468713932,750,142,0.4974007468713932
O,330X895,-0.49730450172124147,330,86,0.49730450172124147
J,310X172,0.49708689492805186,310,142,0.49708689492805186
M,311X162,-0.4966313113580359,311,128,0.4966313113580359
M,400X25,-0.496294311812509,400,128,0.496294311812509
J,330X405,-0.49598892960225693,330,142,0.49598892960225693
O,312X482,-0.495851566479414,312,86,0.495851566479414
J,750X635,0.4957852086585699,750,142,0.4957852086585699
M,400X27,-0.49500363446849216,400,128,0.49500363446849216
O,312X100,-0.49481918690027804,312,86,0.49481918690027804
O,312X601,-0.4946228608192693,312,86,0.4946228608192693
O,520X31,0.49460573704301364,520,86,0.49460573704301364
J,210X175,-0.49456777561198667,210,142,0.49456777561198667
O,312X350,-0.49450823029908864,312,86,0.49450823029908864
O,750X1146,0.4944903278621436,750,86,0.4944903278621436
J,330X1097,-0.4939527504456573,330,142,0.4939527504456573
O,312X666,0.49331714940275906,312,86,0.49331714940275906
J,Tool (#5),0.49318375712480306,UNKNOWN,142,0.49318375712480306
O,330X395,0.49299569071680505,330,86,0.49299569071680505
L,210X8,0.4917051305216774,210,178,0.4917051305216774
O,312X678,0.4913835529660696,312,86,0.4913835529660696
M,310X172,-0.4906448482893771,310,128,0.4906448482893771
O,312X576,-0.49064196062102955,312,86,0.49064196062102955
O,520X329,-0.4897009000190232,520,86,0.4897009000190232
O,312X672,0.48965495584655616,312,86,0.48965495584655616
O,312X589,-0.489567566490256,312,86,0.489567566490256
O,520X119,0.48949798054640986,520,86,0.48949798054640986
O,210X173,0.48860565644379006,210,86,0.48860565644379006
O,330X391,0.48733817537280466,330,86,0.48733817537280466
L,210X1,0.4872551080535776,210,178,0.4872551080535776
O,520X332,-0.48721305666629044,520,86,0.48721305666629044
J,360X23,-0.48648473673954834,360,142,0.48648473673954834
O,312X480,-0.48647670732303777,312,86,0.48647670732303777
O,312X41,-0.48641115923794426,312,86,0.48641115923794426
J,330X488,0.48541924165980316,330,142,0.48541924165980316
O,312X582,0.4852592322528039,312,86,0.4852592322528039
N,210X192,-0.4851330274905126,210,266,0.4851330274905126
O,520X285,0.4849434453546058,520,86,0.4849434453546058
O,520X281,0.48494344535460576,520,86,0.48494344535460576
M,220X71,-0.48417002036377915,220,128,0.48417002036377915
J,310X10,0.48398613316032807,310,142,0.48398613316032807
M,220X67,-0.4834237378869403,220,128,0.4834237378869403
M,220X83,-0.4834236866244542,220,128,0.4834236866244542
M,220X75,-0.48342348599280427,220,128,0.48342348599280427
M,220X91,-0.48342347135588587,220,128,0.48342347135588587
M,220X87,-0.48342318680413476,220,128,0.48342318680413476
M,220X79,-0.48342251437514117,220,128,0.48342251437514117
M,220X95,-0.48342247345940365,220,128,0.48342247345940365
O,220X20,-0.4833556879439644,220,86,0.4833556879439644
O,520X294,0.48309495147850506,520,86,0.48309495147850506
J,210X87,-0.4830440552284772,210,142,0.4830440552284772
J,750X1245,0.4826661808031481,750,142,0.4826661808031481
M,311X77,-0.48130067807794275,311,128,0.48130067807794275
M,330X188,0.48097899929317384,330,128,0.48097899929317384
O,312X63,0.4809602460700223,312,86,0.4809602460700223
J,330X442,0.48018529075805777,330,142,0.48018529075805777
M,420X48,-0.48006618414497937,420,128,0.48006618414497937
M,420X164,-0.48006618414497937,420,128,0.48006618414497937
M,420X8,-0.48006247629275456,420,128,0.48006247629275456
M,420X50,-0.48005933187205774,420,128,0.48005933187205774
O,210X86,0.47974585614630066,210,86,0.47974585614630066
J,330X105,0.479553672565535,330,142,0.479553672565535
J,210X47,0.4795462415823916,210,142,0.4795462415823916
J,330X298,-0.4794597486446084,330,142,0.4794597486446084
J,330X112,0.47939754775135907,330,142,0.47939754775135907
O,312X47,-0.4793256257346204,312,86,0.4793256257346204
J,330X616,0.47924492173021394,330,142,0.47924492173021394
J,750X743,0.47920493184354174,750,142,0.47920493184354174
J,210X129,0.4789384118346731,210,142,0.4789384118346731
O,750X434,-0.478590153372706,750,86,0.478590153372706
M,400X65,-0.47824458311442136,400,128,0.47824458311442136
M,400X9,-0.4781415345904431,400,128,0.4781415345904431
M,400X219,-0.478140678358606,400,128,0.478140678358606
M,400X7,-0.4780456692588276,400,128,0.4780456692588276
J,330X300,-0.4780136589847441,330,142,0.4780136589847441
O,330X550,-0.4774896623191359,330,86,0.4774896623191359
M,400X168,-0.47722632486645095,400,128,0.47722632486645095
M,400X60,-0.47623352965861687,400,128,0.47623352965861687
M,400X61,-0.47613233897723484,400,128,0.47613233897723484
M,400X64,-0.47596306320397724,400,128,0.47596306320397724
J,210X45,0.4756624978066404,210,142,0.4756624978066404
O,310X30,0.4755306956322955,310,86,0.4755306956322955
M,400X84,-0.4747335654012687,400,128,0.4747335654012687
O,520X48,0.47407809827487013,520,86,0.47407809827487013
J,330X498,0.47404827113801395,330,142,0.47404827113801395
O,312X17,-0.47358778615411873,312,86,0.47358778615411873
O,520X400,-0.47340380899843437,520,86,0.47340380899843437
O,520X323,-0.47257702495319304,520,86,0.47257702495319304
J,330X1130,0.4721975506665063,330,142,0.4721975506665063
J,330X1127,0.47214054892284335,330,142,0.47214054892284335
J,330X697,0.47205640019543244,330,142,0.47205640019543244
J,330X1133,0.4720415995025673,330,142,0.4720415995025673
J,330X691,0.47183901604787676,330,142,0.47183901604787676
J,520X348,0.47165960764827053,520,142,0.47165960764827053
J,330X694,0.4716459415963666,330,142,0.4716459415963666
J,520X346,0.47164100153008787,520,142,0.47164100153008787
J,520X250,0.4716401578621694,520,142,0.4716401578621694
J,520X148,0.47162295604578475,520,142,0.47162295604578475
J,520X248,0.47162210031868385,520,142,0.47162210031868385
J,520X173,0.4716104898756233,520,142,0.4716104898756233
O,330X415,0.471278780162239,330,86,0.471278780162239
O,312X97,0.47118301453934747,312,86,0.47118301453934747
M,400X169,-0.47114175946364106,400,128,0.47114175946364106
J,520X152,0.4705598016831541,520,142,0.4705598016831541
M,340X107,-0.4705290330681069,340,128,0.4705290330681069
J,520X171,0.47046257379285106,520,142,0.47046257379285106
J,330X458,0.47014174035091155,330,142,0.47014174035091155
O,220X21,0.4701261931941514,220,86,0.4701261931941514
O,520X71,-0.46956962431246935,520,86,0.46956962431246935
O,330X1016,-0.46951170437192336,330,86,0.46951170437192336
L,210X16,-0.46943081993674224,210,178,0.46943081993674224
O,312X18,-0.4688502252869814,312,86,0.4688502252869814
O,520X333,-0.4688451558749177,520,86,0.4688451558749177
O,312X87,-0.4683087831356303,312,86,0.4683087831356303
O,400X57,0.4679017036989583,400,86,0.4679017036989583
J,330X407,-0.4669391409841621,330,142,0.4669391409841621
O,312X75,0.4664853516167277,312,86,0.4664853516167277
O,210X88,0.46629534573547765,210,86,0.46629534573547765
O,330X428,0.4653957359227657,330,86,0.4653957359227657
O,520X331,-0.46518083952041894,520,86,0.46518083952041894
O,330X21,0.46509209124283846,330,86,0.46509209124283846
J,220X54,-0.4638615354341542,220,142,0.4638615354341542
J,330X1100,-0.4638487412813601,330,142,0.4638487412813601
J,340X10,-0.46382020789906253,340,142,0.46382020789906253
O,312X88,-0.46364278852527185,312,86,0.46364278852527185
M,310X24,0.46359575736232694,310,128,0.46359575736232694
O,520X76,0.46298416183721447,520,86,0.46298416183721447
O,330X381,0.46259055112691544,330,86,0.46259055112691544
O,312X558,-0.462308902609468,312,86,0.462308902609468
J,360X635,-0.4622040267126915,360,142,0.4622040267126915
O,330X790,0.46196624409383485,330,86,0.46196624409383485
O,312X90,-0.46196415910302485,312,86,0.46196415910302485
O,210X209,0.46083022418149594,210,86,0.46083022418149594
N,210X153,-0.4607497940811591,210,266,0.4607497940811591
O,312X640,0.46031976998567964,312,86,0.46031976998567964
O,520X325,-0.46016299304935127,520,86,0.46016299304935127
O,330X541,-0.4591898415426689,330,86,0.4591898415426689
M,311X165,-0.4589029456367335,311,128,0.4589029456367335
M,330X102,0.4586887987646353,330,128,0.4586887987646353
J,210X75,0.45867150674609486,210,142,0.45867150674609486
O,330X793,0.4584750754048427,330,86,0.4584750754048427
J,330X519,0.45821970084497954,330,142,0.45821970084497954
O,330X1010,-0.45819083781725367,330,86,0.45819083781725367
J,310X149,-0.4580940842816506,310,142,0.4580940842816506
M,311X169,-0.45799995079769745,311,128,0.45799995079769745
M,311X5,-0.4574996421725035,311,128,0.4574996421725035
O,312X634,0.45701488583954225,312,86,0.45701488583954225
J,360X1383,-0.4569816667697537,360,142,0.4569816667697537
O,312X744,0.45678296009202485,312,86,0.45678296009202485
J,330X195,-0.45668635141519326,330,142,0.45668635141519326
O,520X46,0.45659652417368735,520,86,0.45659652417368735
J,330X450,0.45638760789147886,330,142,0.45638760789147886
O,520X81,-0.456289888779087,520,86,0.456289888779087
J,330X1210,-0.45613158932849135,330,142,0.45613158932849135
J,330X430,0.4560744514820203,330,142,0.4560744514820203
O,750X645,0.45561013656025984,750,86,0.45561013656025984
N,210X195,-0.45552175773241904,210,266,0.45552175773241904
L,210X209,0.45542858666322944,210,178,0.45542858666322944
O,330X385,0.45457914811588773,330,86,0.45457914811588773
O,312X591,-0.4543395160158422,312,86,0.4543395160158422
J,330X440,0.45406355669937265,330,142,0.45406355669937265
O,220X19,0.45398001077058264,220,86,0.45398001077058264
O,312X603,-0.4539754231361117,312,86,0.4539754231361117
J,330X1208,-0.4532547409706068,330,142,0.4532547409706068
O,210X1,0.45321803290221485,210,86,0.45321803290221485
M,311X58,-0.4524821179971004,311,128,0.4524821179971004
L,210X23,0.45235969832173833,210,178,0.45235969832173833
O,312X89,-0.451225975284011,312,86,0.451225975284011
M,360X1383,0.45082570678389944,360,128,0.45082570678389944
J,330X522,0.45036929336064213,330,142,0.45036929336064213
O,340X163,-0.4500421773816418,340,86,0.4500421773816418
O,360X368,0.449907760841786,360,86,0.449907760841786
O,520X183,-0.4498627317635843,520,86,0.4498627317635843
O,312X475,-0.44957901351462903,312,86,0.44957901351462903
O,312X738,0.44949322475931514,312,86,0.44949322475931514
O,312X101,-0.44926649283906234,312,86,0.44926649283906234
M,400X167,-0.44898869346391707,400,128,0.44898869346391707
J,750X508,-0.4484618835760638,750,142,0.4484618835760638
M,310X156,0.44843763936612746,310,128,0.44843763936612746
M,400X218,-0.4483035112219686,400,128,0.4483035112219686
O,312X208,0.4482588169392534,312,86,0.4482588169392534
M,400X5,-0.4482385604466936,400,128,0.4482385604466936
M,400X82,-0.4482357390699412,400,128,0.4482357390699412
J,330X512,-0.447812667411167,330,142,0.447812667411167
J,360X611,-0.4474162329447968,360,142,0.4474162329447968
M,400X59,-0.4470657174101847,400,128,0.4470657174101847
M,400X63,-0.4468937744095571,400,128,0.4468937744095571
M,330X674,-0.4467395462789933,330,128,0.4467395462789933
J,210X172,-0.4464423294518872,210,142,0.4464423294518872
M,330X671,-0.44616221052130134,330,128,0.44616221052130134
O,312X552,-0.4461145736562037,312,86,0.4461145736562037
O,520X319,0.4460297129809931,520,86,0.4460297129809931
M,330X677,-0.44584780255058404,330,128,0.44584780255058404
O,312X732,0.4450537667539568,312,86,0.4450537667539568
J,310X173,0.44497331788058797,310,142,0.44497331788058797
M,400X170,-0.44493728857345294,400,128,0.44493728857345294
M,330X626,-0.44493172145901655,330,128,0.44493172145901655
J,330X858,0.44447042997113967,330,142,0.44447042997113967
O,520X327,-0.4443705509169806,520,86,0.4443705509169806
J,330X759,0.44435301842084024,330,142,0.44435301842084024
J,330X719,-0.44428822148856073,330,142,0.44428822148856073
J,330X749,0.44424933161545893,330,142,0.44424933161545893
J,330X729,-0.4442409283475036,330,142,0.4442409283475036
J,330X828,-0.4442001665110786,330,142,0.4442001665110786
M,330X189,-0.4441735550316163,330,128,0.4441735550316163
J,330X1212,-0.44401277207083867,330,142,0.44401277207083867
O,520X318,0.4440010689317825,520,86,0.4440010689317825
O,312X31,0.44395895536563273,312,86,0.44395895536563273
O,312X595,-0.443769675903856,312,86,0.443769675903856
M,330X333,-0.443493665749889,330,128,0.443493665749889
N,210X193,-0.4432818375969958,210,266,0.4432818375969958
M,330X100,-0.4431915749450244,330,128,0.4431915749450244
L,210X20,0.4430881464566068,210,178,0.4430881464566068
M,330X353,-0.44289712158440214,330,128,0.44289712158440214
J,330X3,-0.44262878565691455,330,142,0.44262878565691455
M,330X343,-0.4425474048867966,330,128,0.4425474048867966
J,330X6,-0.44241946217252975,330,142,0.44241946217252975
O,330X1013,-0.44211758408314056,330,86,0.44211758408314056
O,330X557,-0.44190583999633004,330,86,0.44190583999633004
J,310X2,0.44163850907620933,310,142,0.44163850907620933
O,520X313,0.44141704905871765,520,86,0.44141704905871765
N,210X230,0.4412866484197401,210,266,0.4412866484197401
O,312X1,0.44105031186697613,312,86,0.44105031186697613
M,210X10,0.4408766501840527,210,128,0.4408766501840527
O,312X13,0.44081133607949874,312,86,0.44081133607949874
O,210X36,0.4407021026000771,210,86,0.4407021026000771
J,440AX139,-0.4401853801330881,UNKNOWN,142,0.4401853801330881
J,210X2,-0.44013327035065936,210,142,0.44013327035065936
J,330X61,0.439997624490601,330,142,0.439997624490601
M,330X445,-0.4394927893275955,330,128,0.4394927893275955
J,330X9,-0.439290405673,330,142,0.439290405673
O,750X1313,0.4389070670376227,750,86,0.4389070670376227
J,330X1184,-0.4388418065209191,330,142,0.4388418065209191
J,330X508,0.4386348156450609,330,142,0.4386348156450609
M,330X1133,-0.4385960020993367,330,128,0.4385960020993367
M,330X1127,-0.43853677706747207,330,128,0.43853677706747207
M,330X714,-0.43850511993323926,330,128,0.43850511993323926
M,330X1130,-0.43844742577201623,330,128,0.43844742577201623
O,330X23,-0.4381611740869553,330,86,0.4381611740869553
M,330X633,-0.4379973972266726,330,128,0.4379973972266726
O,330X29,-0.437846150327647,330,86,0.437846150327647
O,520X321,0.4378119871260923,520,86,0.4378119871260923
M,310X27,-0.4377877131659591,310,128,0.4377877131659591
M,330X717,-0.4376718477813521,330,128,0.4376718477813521
O,340X161,-0.4373134510686514,340,86,0.4373134510686514
O,330X26,-0.4371535144985629,330,86,0.4371535144985629
M,310X22,0.4366885263202871,310,128,0.4366885263202871
J,310X32,-0.43631320212650065,310,142,0.43631320212650065
O,520X324,-0.4362109977043683,520,86,0.4362109977043683
O,750X1337,0.43599234769822587,750,86,0.43599234769822587
O,330X548,-0.4359526720084149,330,86,0.4359526720084149
O,330X432,0.43582347293860635,330,86,0.43582347293860635
O,750X1329,0.4350955150448057,750,86,0.4350955150448057
J,310X34,0.4346661826200353,310,142,0.4346661826200353
J,360X582,-0.43380860107092917,360,142,0.43380860107092917
O,340X165,-0.43368067829704354,340,86,0.43368067829704354
O,312X740,0.43351658644499896,312,86,0.43351658644499896
O,312X636,-0.43285122870772297,312,86,0.43285122870772297
O,340X139,0.43239080941713065,340,86,0.43239080941713065
L,210X191,-0.43222229580873317,210,178,0.43222229580873317
M,340X109,-0.43207729735435263,340,128,0.43207729735435263
O,312X11,0.43180621116025275,312,86,0.43180621116025275
J,330X1180,-0.43115261722028664,330,142,0.43115261722028664
J,310X31,-0.4304478391979104,310,142,0.4304478391979104
L,210X230,0.4299148720123532,210,178,0.4299148720123532
O,330X583,-0.42958078091805413,330,86,0.42958078091805413
O,330X375,0.42910831001387445,330,86,0.42910831001387445
J,330X448,0.42908733883892664,330,142,0.42908733883892664
O,340X140,0.4290117828526839,340,86,0.4290117828526839
O,330X532,-0.42900040759505625,330,86,0.42900040759505625
O,330X371,0.42884427692049076,330,86,0.42884427692049076
O,312X46,-0.42864210340627057,312,86,0.42864210340627057
O,520X124,0.4284855477622122,520,86,0.4284855477622122
J,330X1196,-0.4283112516035458,330,142,0.4283112516035458
O,330X425,0.4283030165715738,330,86,0.4283030165715738
J,750X109,0.42795025797060543,750,142,0.42795025797060543
O,312X630,-0.42793606076638796,312,86,0.42793606076638796
J,330X1182,-0.42781230174159424,330,142,0.42781230174159424
J,210X165,-0.42778093860204947,210,142,0.42778093860204947
O,312X741,0.4276212958298183,312,86,0.4276212958298183
O,750X69,-0.4268144225716545,750,86,0.4268144225716545
M,330X191,0.42673521753756477,330,128,0.42673521753756477
O,220X163,0.4266555224891324,220,86,0.4266555224891324
O,360X294,0.4265702991880215,360,86,0.4265702991880215
O,210X68,0.426493548812076,210,86,0.426493548812076
J,330X445,0.42647610051146484,330,142,0.42647610051146484
O,330X585,-0.4257165910507531,330,86,0.4257165910507531
O,312X642,-0.4256997038588608,312,86,0.4256997038588608
J,750X155,0.4255124258755177,750,142,0.4255124258755177
O,360X1383,-0.4254494576533044,360,86,0.4254494576533044
O,340X189,0.42515880791835503,340,86,0.42515880791835503
O,330X590,-0.42482271817801415,330,86,0.42482271817801415
M,420X27,-0.4243833639170483,420,128,0.4243833639170483
M,420X9,-0.4243829886073912,420,128,0.4243829886073912
M,420X7,-0.4243641907562273,420,128,0.4243641907562273
M,420X25,-0.4242703290360375,420,128,0.4242703290360375
O,312X564,-0.4241996127961129,312,86,0.4241996127961129
J,330X403,0.42375605925094695,330,142,0.42375605925094695
M,310X15,0.4236639781952896,310,128,0.4236639781952896
J,330X510,0.42363677223119484,330,142,0.42363677223119484
O,330X592,-0.423552969456892,330,86,0.423552969456892
O,340X138,0.4234216900678943,340,86,0.4234216900678943
J,330X296,0.42340359115099296,330,142,0.42340359115099296
J,330X1,0.4228565429225605,330,142,0.4228565429225605
O,312X96,-0.42274529357183116,312,86,0.42274529357183116
M,344X145,-0.42255700246035205,344,128,0.42255700246035205
J,220X124,0.42251230677216284,220,142,0.42251230677216284
O,520X161,0.4222225241072218,520,86,0.4222225241072218
J,220X132,0.4216184104444483,220,142,0.4216184104444483
J,330X709,-0.42154334851381653,330,142,0.42154334851381653
M,310X20,-0.42146569517887145,310,128,0.42146569517887145
J,210X94,0.4214165857119655,210,142,0.4214165857119655
J,330X818,-0.42115093608203646,330,142,0.42115093608203646
J,220X120,0.4210963710694989,220,142,0.4210963710694989
J,330X1194,-0.4210212229197033,330,142,0.4210212229197033
O,312X57,0.42081104515523293,312,86,0.42081104515523293
O,330X555,-0.4207507003438809,330,86,0.4207507003438809
O,312X734,0.4205257427310236,312,86,0.4205257427310236
O,312X217,0.420481469796988,312,86,0.420481469796988
M,220X54,0.4202732664206769,220,128,0.4202732664206769
J,220X116,0.4202305339698018,220,142,0.4202305339698018
J,220X112,0.42021562549134517,220,142,0.42021562549134517
O,520X159,0.4201010650722049,520,86,0.4201010650722049
O,312X245,-0.4200998741460968,312,86,0.4200998741460968
O,520X158,0.4197011832880829,520,86,0.4197011832880829
J,220X128,0.4195476418641803,220,142,0.4195476418641803
J,330X529,0.41942001898710224,330,142,0.41942001898710224
J,330X808,-0.4191879461503981,330,142,0.4191879461503981
O,312X48,-0.41834929695122924,312,86,0.41834929695122924
J,310X176,0.41830213838008823,310,142,0.41830213838008823
O,340X8,0.418071451813836,340,86,0.418071451813836
O,520X162,0.4180514763928132,520,86,0.4180514763928132
O,750X1321,0.4178019809733163,750,86,0.4178019809733163
O,330X774,-0.41753763813857947,330,86,0.41753763813857947
O,312X728,0.4165895156574645,312,86,0.4165895156574645
J,330X514,-0.416582068997744,330,142,0.416582068997744
O,210X14,0.41655775539383044,210,86,0.41655775539383044
J,210X194,-0.4164271274413164,210,142,0.4164271274413164
O,312X474,-0.4158320364867737,312,86,0.4158320364867737
O,312X729,0.4157600298825236,312,86,0.4157600298825236
O,400X154,0.4153762955556958,400,86,0.4153762955556958
O,210X190,-0.4149196531997252,210,86,0.4149196531997252
O,330X771,-0.41437673394039176,330,86,0.41437673394039176
J,344X16,0.41436042563597925,344,142,0.41436042563597925
M,330X602,-0.41433949034945466,330,128,0.41433949034945466
O,312X522,-0.41425948688038305,312,86,0.41425948688038305
M,330X609,-0.41355948250832986,330,128,0.41355948250832986
M,330X595,-0.41347189107014615,330,128,0.41347189107014615
O,340X188,0.4132504736998843,340,86,0.4132504736998843
O,340X190,0.41312685180869657,340,86,0.41312685180869657
O,312X438,0.41308499322115483,312,86,0.41308499322115483
O,312X742,0.4129667748931533,312,86,0.4129667748931533
O,340X5,-0.41242275597274997,340,86,0.41242275597274997
O,312X735,0.4124159993657923,312,86,0.4124159993657923
M,310X170,-0.41200060538559113,310,128,0.41200060538559113
O,312X33,0.4113946405832087,312,86,0.4113946405832087
J,220X19,-0.41132268804544786,220,142,0.41132268804544786
M,310X19,-0.4109699958563575,310,128,0.4109699958563575
M,210X205,-0.41040384093380433,210,128,0.41040384093380433
O,330X777,-0.41037099216331435,330,86,0.41037099216331435
M,330X442,-0.40988861025958634,330,128,0.40988861025958634
M,210X204,-0.4094789475011978,210,128,0.4094789475011978
J,312X645,-0.4093914282609496,312,142,0.4093914282609496
O,360X635,0.40916972864701195,360,86,0.40916972864701195
J,750X327,0.40915930892908575,750,142,0.40915930892908575
N,210X210,0.4090367657618108,210,266,0.4090367657618108
O,312X477,-0.40837848393916487,312,86,0.40837848393916487
M,330X704,-0.4075844660093229,330,128,0.4075844660093229
J,330X1198,-0.4074800896899481,330,142,0.4074800896899481
J,220X114,-0.40707596331086127,220,142,0.40707596331086127
M,330X701,-0.40693867623953106,330,128,0.40693867623953106
M,310X159,0.4068802706036101,310,128,0.4068802706036101
J,220X110,-0.4065908230910148,220,142,0.4065908230910148
M,330X707,-0.4064900428301166,330,128,0.4064900428301166
J,330X588,0.40644976886602024,330,142,0.40644976886602024
J,330X574,0.4064284909019749,330,142,0.4064284909019749
J,330X581,0.40642812491012625,330,142,0.40642812491012625
J,210X137,0.40631656411554995,210,142,0.40631656411554995
M,210X231,0.4062684425399343,210,128,0.4062684425399343
J,210X64,0.4060014820511726,210,142,0.4060014820511726
O,312X456,-0.40580405129686214,312,86,0.40580405129686214
O,220X164,0.4057829537158503,220,86,0.4057829537158503
M,210X213,-0.4057818907403201,210,128,0.4057818907403201
J,210X62,0.4057358452086776,210,142,0.4057358452086776
J,210X131,0.4057094454613502,210,142,0.4057094454613502
M,210X215,-0.40570225205555,210,128,0.40570225205555
M,310X14,-0.4054700989713097,310,128,0.4054700989713097
O,312X99,-0.4054552359922152,312,86,0.4054552359922152
O,520X47,0.4054489343010155,520,86,0.4054489343010155
J,220X21,-0.4053106131832886,220,142,0.4053106131832886
J,330X532,0.4051609946680242,330,142,0.4051609946680242
J,312X154,0.4051309619261166,312,142,0.4051309619261166
J,312X155,0.4049633229208299,312,142,0.4049633229208299
J,330X639,-0.40491450769722254,330,142,0.40491450769722254
J,330X635,-0.40490812424024064,330,142,0.40490812424024064
J,330X637,-0.40490597479434703,330,142,0.40490597479434703
M,330X435,-0.4047763254360671,330,128,0.4047763254360671
O,520X290,0.40465335533553415,520,86,0.40465335533553415
M,330X298,0.40458950889610407,330,128,0.40458950889610407
J,312X153,0.40451155534075506,312,142,0.40451155534075506
O,311X93,0.4043194269327558,311,86,0.4043194269327558
O,520X160,0.40346811677861744,520,86,0.40346811677861744
J,330X11,0.4027125921194965,330,142,0.4027125921194965
O,520X51,0.4025707173884849,520,86,0.4025707173884849
J,750X987,-0.4020515988395134,750,142,0.4020515988395134
O,312X311,0.4017237051693351,312,86,0.4017237051693351
O,312X446,-0.4017148887244111,312,86,0.4017148887244111
O,330X398,0.40167250156404033,330,86,0.40167250156404033
M,310X33,-0.40155677010693597,310,128,0.40155677010693597
O,220X29,0.40137839434568534,220,86,0.40137839434568534
O,312X55,0.40136757553501695,312,86,0.40136757553501695
J,750X702,0.4008189845291648,750,142,0.4008189845291648
O,520X181,-0.40075002595477177,520,86,0.40075002595477177
J,312X481,0.4003253879347687,312,142,0.4003253879347687
M,360X741,-0.40022997270782656,360,128,0.40022997270782656
O,520X317,0.3999470361123365,520,86,0.3999470361123365
J,220X11,-0.3998488478564528,220,142,0.3998488478564528
J,312X482,0.3997826573712661,312,142,0.3997826573712661
O,312X21,-0.39975346569975695,312,86,0.39975346569975695
O,220X165,0.3995723811192736,220,86,0.3995723811192736
J,220X118,-0.39913868983622525,220,142,0.39913868983622525
J,310X148,-0.3989902203330857,310,142,0.3989902203330857
O,520X242,0.39869700441218936,520,86,0.39869700441218936
O,750X1364,-0.39866405559559864,750,86,0.39866405559559864
O,520X43,-0.39857848163366455,520,86,0.39857848163366455
J,440AX130,-0.39849048796097514,UNKNOWN,142,0.39849048796097514
O,312X730,0.3984879221201311,312,86,0.3984879221201311
J,330X149,0.3983879318468176,330,142,0.3983879318468176
J,220X4,-0.3983301025453895,220,142,0.3983301025453895
O,360X741,0.3980488586146061,360,86,0.3980488586146061
O,330X438,0.39801876614334974,330,86,0.39801876614334974
J,310X42,-0.3978860944771768,310,142,0.3978860944771768
O,311X91,0.39783050930537517,311,86,0.39783050930537517
J,220X20,0.3977383231858178,220,142,0.3977383231858178
O,330X66,-0.3970460833113857,330,86,0.3970460833113857
O,330X594,-0.39695695026546113,330,86,0.39695695026546113
O,311X24,0.39682891336473664,311,86,0.39682891336473664
O,360X743,0.396782824820037,360,86,0.396782824820037
O,210X59,0.3966672461681862,210,86,0.3966672461681862
N,210X148,-0.3962554774091408,210,266,0.3962554774091408
O,210X114,0.39600305155114823,210,86,0.39600305155114823
J,210X188,0.39597256273955217,210,142,0.39597256273955217
O,330X63,-0.39552599923726545,330,86,0.39552599923726545
J,220X130,0.39544786002917487,220,142,0.39544786002917487
J,440AX137,-0.39530384798308893,UNKNOWN,142,0.39530384798308893
M,330X432,-0.3949849294350237,330,128,0.3949849294350237
J,210X58,-0.39498409839276194,210,142,0.39498409839276194
M,340X10,0.3945950040628047,340,128,0.3945950040628047
O,330X76,-0.3945450682934818,330,86,0.3945450682934818
O,360X1138,0.3943928573957406,360,86,0.3943928573957406
J,750X1127,-0.3938699929741921,750,142,0.3938699929741921
O,330X73,-0.39360454235948733,330,86,0.39360454235948733
M,210X74,-0.3930701798555506,210,128,0.3930701798555506
M,330X126,-0.39304925237152616,330,128,0.39304925237152616
O,330X539,-0.3928876421037208,330,86,0.3928876421037208
O,312X488,-0.3928276221480953,312,86,0.3928276221480953
N,210X150,-0.39277186578833373,210,266,0.39277186578833373
M,300X5,0.39194748677213853,300,128,0.39194748677213853
M,330X133,-0.39192133862166223,330,128,0.39192133862166223
O,312X743,0.39179043177966905,312,86,0.39179043177966905
O,330X69,-0.391783487304627,330,86,0.391783487304627
O,750X653,0.39176004107824175,750,86,0.39176004107824175
O,312X736,0.39154848692663813,312,86,0.39154848692663813
O,330X79,-0.39120960997527715,330,86,0.39120960997527715
O,312X3,-0.3910764793482971,312,86,0.3910764793482971
M,330X119,-0.3906894659722894,330,128,0.3906894659722894
O,330X365,0.3903340992119477,330,86,0.3903340992119477
J,310X155,-0.39030814574334877,310,142,0.39030814574334877
O,520X237,0.38996805123468636,520,86,0.38996805123468636
O,750X368,-0.3898445200746923,750,86,0.3898445200746923
M,300X8,0.38981119702439204,300,128,0.38981119702439204
O,340X132,-0.38933921714096975,340,86,0.38933921714096975
O,312X428,0.38929292031466256,312,86,0.38929292031466256
M,330X581,-0.38914710229517396,330,128,0.38914710229517396
M,210X42,0.3890818181235942,210,128,0.3890818181235942
M,330X588,-0.38904099662484487,330,128,0.38904099662484487
M,330X574,-0.38894838023571143,330,128,0.38894838023571143
J,220X126,0.38880709107629186,220,142,0.38880709107629186
O,340X134,-0.38879861023219053,340,86,0.38879861023219053
O,520X184,-0.38821094539439843,520,86,0.38821094539439843
M,310X32,0.3881788977376683,310,128,0.3881788977376683
J,330X576,-0.3881584693890954,330,142,0.3881584693890954
N,210X142,-0.3879459979820269,210,266,0.3879459979820269
J,330X490,-0.38787402923665776,330,142,0.38787402923665776
O,330X361,0.3878310661020824,330,86,0.3878310661020824
J,330X517,-0.38741841364540547,330,142,0.38741841364540547
O,312X424,-0.38738203216623207,312,86,0.38738203216623207
M,750X885,0.3868468576933409,750,128,0.3868468576933409
M,360X23,0.3866267340793245,360,128,0.3866267340793245
M,310X169,-0.386468363616491,310,128,0.386468363616491
J,330X500,-0.3862874855382844,330,142,0.3862874855382844
O,360X776,0.3859218113604519,360,86,0.3859218113604519
J,330X669,-0.38585651729562703,330,142,0.38585651729562703
M,210X28,-0.385642021670296,210,128,0.385642021670296
O,344X138,0.38536002106881334,344,86,0.38536002106881334
O,312X215,0.3851950252116992,312,86,0.3851950252116992
J,220X31,0.38506983833015623,220,142,0.38506983833015623
O,750X185,0.38501289488326434,750,86,0.38501289488326434
O,312X731,0.3848794680213022,312,86,0.3848794680213022
M,330X104,0.38469931714199324,330,128,0.38469931714199324
J,312X193,-0.38447202885377796,312,142,0.38447202885377796
J,330X155,0.3839841717047929,330,142,0.3839841717047929
J,330X1107,-0.38384008181877605,330,142,0.38384008181877605
M,300X11,0.3837714531281239,300,128,0.3837714531281239
J,330X569,-0.3832508625654158,330,142,0.3832508625654158
J,330X632,0.3832233728127386,330,142,0.3832233728127386
O,330X587,-0.3830691566534088,330,86,0.3830691566534088
O,520X243,0.38297312873978795,520,86,0.38297312873978795
O,750X401,-0.38262180484369007,750,86,0.38262180484369007
O,520X118,0.38248852495979035,520,86,0.38248852495979035
O,312X737,0.38230616572262743,312,86,0.38230616572262743
O,750X1356,0.38220754521813904,750,86,0.38220754521813904
M,300X1,0.3819767630376101,300,128,0.3819767630376101
M,300X12,0.38166655701585184,300,128,0.38166655701585184
O,312X310,0.3814982465313412,312,86,0.3814982465313412
N,210X162,-0.3814925326639235,210,266,0.3814925326639235
J,220X32,0.3809327118294698,220,142,0.3809327118294698
J,330X628,0.3806026534795003,330,142,0.3806026534795003
M,360X185,0.3800564800467634,360,128,0.3800564800467634
O,210X124,0.3796107875640737,210,86,0.3796107875640737
N,210X156,-0.3795391355567419,210,266,0.3795391355567419
J,210X125,-0.37934750908409437,210,142,0.37934750908409437
J,310X177,0.37921037382818207,310,142,0.37921037382818207
J,210X155,-0.3787908603579629,210,142,0.3787908603579629
O,312X42,-0.3786987853170645,312,86,0.3786987853170645
O,210X142,0.37807139961893566,210,86,0.37807139961893566
O,330X522,-0.37774391989162864,330,86,0.37774391989162864
O,312X187,0.37757364680574074,312,86,0.37757364680574074
N,210X168,-0.3775721896772519,210,266,0.3775721896772519
O,520X78,0.3774787652897796,520,86,0.3774787652897796
N,210X120,-0.37746954152796763,210,266,0.37746954152796763
N,210X134,-0.37742428800948963,210,266,0.37742428800948963
J,330X630,0.3771667327871568,330,142,0.3771667327871568
O,210X67,0.377114111134759,210,86,0.377114111134759
M,330X193,0.376865994298465,330,128,0.376865994298465
O,330X803,0.37682191911525786,330,86,0.37682191911525786
O,520X180,-0.3765915587890278,520,86,0.3765915587890278
M,310X168,-0.3763274391744075,310,128,0.3763274391744075
O,344X174,-0.3762998033196814,344,86,0.3762998033196814
O,312X53,0.3755864113562204,312,86,0.3755864113562204
O,210X219,0.3752439104230313,210,86,0.3752439104230313
J,330X578,-0.37487485657867026,330,142,0.37487485657867026
J,360X185,-0.37481948824392397,360,142,0.37481948824392397
J,330X276,0.37477770689417816,330,142,0.37477770689417816
J,330X286,0.3746775128500158,330,142,0.3746775128500158
O,520X238,0.37463793565554754,520,86,0.37463793565554754
J,330X266,0.37442119432573234,330,142,0.37442119432573234
J,310X206,-0.3743710461961447,310,142,0.3743710461961447
O,340X196,0.37421957915934934,340,86,0.37421957915934934
O,330X800,0.3740740218233981,330,86,0.3740740218233981
O,330X236,0.3732546578848425,330,86,0.3732546578848425
O,360X1083,0.37293684019744755,360,86,0.37293684019744755
O,330X256,0.3726864450163562,330,86,0.3726864450163562
J,344X44,0.37267863923011507,344,142,0.37267863923011507
J,310X9,-0.3722958212108715,310,142,0.3722958212108715
J,750X613,-0.3718286456062518,750,142,0.3718286456062518
J,750X621,-0.37172771419828365,750,142,0.37172771419828365
J,330X1249,-0.37163845337244517,330,142,0.37163845337244517
O,330X620,-0.37126963359499426,330,86,0.37126963359499426
J,750X1039,-0.3712622154026474,750,142,0.3712622154026474
O,330X246,0.37114053877653236,330,86,0.37114053877653236
O,520X288,0.37109207727104276,520,86,0.37109207727104276
M,310X149,0.37104818474386825,310,128,0.37104818474386825
M,310X29,0.3706512394439881,310,128,0.3706512394439881
J,330X1077,-0.3706295294828353,330,142,0.3706295294828353
N,210X132,-0.3705629809611211,210,266,0.3705629809611211
N,210X118,-0.37025008235058515,210,266,0.37025008235058515
J,344X43,0.36976851766898544,344,142,0.36976851766898544
O,330X388,0.3695249113198001,330,86,0.3695249113198001
J,330X409,-0.3691690239357371,330,142,0.3691690239357371
N,210X166,-0.3690674407645879,210,266,0.3690674407645879
L,210X193,-0.36906014325416564,210,178,0.36906014325416564
O,340X197,0.368639888183468,340,86,0.368639888183468
O,330X806,0.3682740501734422,330,86,0.3682740501734422
M,310X28,-0.3682509194781038,310,128,0.3682509194781038
J,330X571,-0.368036880392809,330,142,0.368036880392809
O,330X248,-0.3677960068008955,330,86,0.3677960068008955
O,330X1256,-0.36774049038816176,330,86,0.36774049038816176
J,312X341,-0.367464427383128,312,142,0.367464427383128
J,310X171,0.36730535632761013,310,142,0.36730535632761013
O,520X72,-0.3671695475885117,520,86,0.3671695475885117
J,330X1253,-0.3671469996665487,330,142,0.3671469996665487
J,330X1083,-0.36705866156426126,330,142,0.36705866156426126
O,360X1313,0.3666825703130107,360,86,0.3666825703130107
J,340X192,-0.3662508199226823,340,142,0.3662508199226823
M,210X139,-0.366007516228251,210,128,0.366007516228251
O,330X1261,-0.3659465585062413,330,86,0.3659465585062413
O,312X516,-0.3658917665184192,312,86,0.3658917665184192
J,312X483,0.36572420136422523,312,142,0.36572420136422523
J,312X732,-0.3654987270802548,312,142,0.3654987270802548
O,312X209,0.36491979676683034,312,86,0.36491979676683034
O,312X172,-0.36491979676683034,312,86,0.36491979676683034
J,220X18,0.36476255439387417,220,142,0.36476255439387417
O,312X159,-0.3646615490089374,312,86,0.3646615490089374
O,210X215,0.3643432171355609,210,86,0.3643432171355609
O,210X213,0.36427095343191274,210,86,0.36427095343191274
J,520X186,0.36423371396835247,520,142,0.36423371396835247
J,440AX128,-0.3642117651382096,UNKNOWN,142,0.3642117651382096
J,340X31,-0.3640053971503932,340,142,0.3640053971503932
J,312X738,-0.36384093910944876,312,142,0.36384093910944876
J,312X744,-0.3633628978483431,312,142,0.3633628978483431
J,330X165,0.3630965807946279,330,142,0.3630965807946279
J,420X89,-0.3628329159489709,420,142,0.3628329159489709
J,312X477,0.3627109328620932,312,142,0.3627109328620932
O,340X198,0.3627072409246109,340,86,0.3627072409246109
O,312X207,0.36246006461911734,312,86,0.36246006461911734
M,310X131,-0.3624553512642136,310,128,0.3624553512642136
M,210X27,0.36237781596671464,210,128,0.36237781596671464
O,344X213,0.3620485371071133,344,86,0.3620485371071133
J,440AX121,-0.3616635462463108,UNKNOWN,142,0.3616635462463108
M,310X34,-0.3614503447587656,310,128,0.3614503447587656
J,220X122,0.36126808432488283,220,142,0.36126808432488283
J,420X87,-0.3612454578835089,420,142,0.3612454578835089
O,311X92,0.3611858599975414,311,86,0.3611858599975414
O,330X1258,-0.36091990434393967,330,86,0.36091990434393967
J,330X525,0.3606099386691914,330,142,0.3606099386691914
J,440AX138,-0.36043638789536375,UNKNOWN,142,0.36043638789536375
O,330X435,0.3604107690652652,330,86,0.3604107690652652
J,420X85,-0.3603997237923563,420,142,0.3603997237923563
M,310X96,-0.36034410597871824,310,128,0.36034410597871824
J,210X73,0.3601219017047407,210,142,0.3601219017047407
J,420X98,-0.3599034214253997,420,142,0.3599034214253997
O,360X228,0.3598921073637366,360,86,0.3598921073637366
J,310X30,0.3597862769718328,310,142,0.3597862769718328
J,310X181,0.3595410341994797,310,142,0.3595410341994797
O,210X204,0.35921933864227545,210,86,0.35921933864227545
J,312X488,0.3592032112789008,312,142,0.3592032112789008
M,310X167,0.35919015462808174,310,128,0.35919015462808174
N,210X217,0.35916037894452285,210,266,0.35916037894452285
M,310X158,-0.3590809616897661,310,128,0.3590809616897661
J,420X86,-0.3588070040119282,420,142,0.3588070040119282
M,310X179,-0.3587523653266639,310,128,0.3587523653266639
N,210X76,-0.35859149977915245,210,266,0.35859149977915245
O,330X1253,0.35853241710130923,330,86,0.35853241710130923
J,420X90,-0.35848270956857337,420,142,0.35848270956857337
O,220X197,-0.35830814509431874,220,86,0.35830814509431874
O,210X205,0.35824239202989083,210,86,0.35824239202989083
O,520X289,0.3582018361389532,520,86,0.3582018361389532
J,310X105,-0.35814266867300704,310,142,0.35814266867300704
O,210X194,-0.35808990880662667,210,86,0.35808990880662667
J,312X633,-0.35790562923082603,312,142,0.35790562923082603
O,330X529,-0.35743588385281455,330,86,0.35743588385281455
J,440AX151,-0.357077211395761,UNKNOWN,142,0.357077211395761
M,210X193,-0.35658746247394946,210,128,0.35658746247394946
M,330X11,-0.3562799572867877,330,128,0.3562799572867877
O,210X220,0.3562343827208142,210,86,0.3562343827208142
O,220X5,0.35584580925670206,220,86,0.35584580925670206
L,210X2,0.35568012304187857,210,178,0.35568012304187857
M,310X157,0.3555452963292335,310,128,0.3555452963292335
O,750X1006,0.3550379182162745,750,86,0.3550379182162745
J,340X143,0.3548746835634741,340,142,0.3548746835634741
O,312X695,-0.35456060126864897,312,86,0.35456060126864897
O,312X191,0.3544665117362576,312,86,0.3544665117362576
M,310X164,-0.35441481267723196,310,128,0.35441481267723196
J,310X109,-0.35392025869899274,310,142,0.35392025869899274
J,420X88,-0.35389095171636753,420,142,0.35389095171636753
O,210X222,0.35358073895393743,210,86,0.35358073895393743
O,210X221,0.3535807389539373,210,86,0.3535807389539373
O,210X218,0.3535807389539373,210,86,0.3535807389539373
O,210X224,0.3535807389539372,210,86,0.3535807389539372
J,310X115,-0.353564036562193,310,142,0.353564036562193
O,330X228,-0.3535599109863177,330,86,0.3535599109863177
N,ERROR:#N/A_4,0.35350234367814254,UNKNOWN,266,0.35350234367814254
O,330X116,-0.3528399245264516,330,86,0.3528399245264516
O,340X124,0.35273714424080577,340,86,0.35273714424080577
M,330X455,-0.35225487398590805,330,128,0.35225487398590805
O,312X59,0.3520380590075301,312,86,0.3520380590075301
O,330X238,-0.3518703056331733,330,86,0.3518703056331733
J,420X93,-0.3515150557871337,420,142,0.3515150557871337
O,220X10,-0.35140264138047167,220,86,0.35140264138047167
O,312X160,-0.35112179086444334,312,86,0.35112179086444334
J,310X101,-0.3510291732156851,310,142,0.3510291732156851
O,210X182,-0.3510052948400685,210,86,0.3510052948400685
O,312X487,-0.35070126970115356,312,86,0.35070126970115356
O,330X1249,0.3504695054883552,330,86,0.3504695054883552
M,330X300,0.3504190992191955,330,128,0.3504190992191955
O,330X102,-0.35037790984483763,330,86,0.35037790984483763
O,340X25,-0.3502889347461244,340,86,0.3502889347461244
M,210X40,0.35012653258460386,210,128,0.35012653258460386
J,312X588,0.3500035725932657,312,142,0.3500035725932657
J,330X1251,-0.3499581403960216,330,142,0.3499581403960216
O,312X486,-0.3496338601335506,312,86,0.3496338601335506
M,340X43,0.3495029566712748,340,128,0.3495029566712748
O,210X174,0.34947791122424726,210,86,0.34947791122424726
J,312X600,0.34938947430877676,312,142,0.34938947430877676
M,330X195,0.3493736119561112,330,128,0.3493736119561112
J,312X63,-0.3493245396157365,312,142,0.3493245396157365
J,330X1080,-0.3490077576966424,330,142,0.3490077576966424
J,440AX129,-0.3484194755837071,UNKNOWN,142,0.3484194755837071
J,220X10,0.34816711425263114,220,142,0.34816711425263114
O,330X798,0.34797439881374814,330,86,0.34797439881374814
J,344X262,0.34785731359285915,344,142,0.34785731359285915
J,310X117,-0.3477775359947145,310,142,0.3477775359947145
O,330X564,-0.347658812426588,330,86,0.347658812426588
J,220X2,0.3475346157179893,220,142,0.3475346157179893
J,312X17,0.34731676292388497,312,142,0.34731676292388497
O,330X351,0.34674573254108393,330,86,0.34674573254108393
O,330X378,0.34637651776200246,330,86,0.34637651776200246
O,340X101,-0.34631384476381055,340,86,0.34631384476381055
O,330X251,-0.3462483684139965,330,86,0.3462483684139965
O,330X355,0.34618706585332487,330,86,0.34618706585332487
O,330X613,-0.3461575648109412,330,86,0.3461575648109412
O,330X618,-0.34603531181934405,330,86,0.34603531181934405
J,ERROR:#N/A_25,0.34583612172994355,UNKNOWN,142,0.34583612172994355
O,750X1288,0.3455931165648613,750,86,0.3455931165648613
J,310X119,-0.34545204502468657,310,142,0.34545204502468657
J,330X159,0.3453536426628945,330,142,0.3453536426628945
J,344X264,0.3446248198018548,344,142,0.3446248198018548
J,340X43,-0.34450527808943393,340,142,0.34450527808943393
J,360X327,0.3442017122388024,360,142,0.3442017122388024
J,220X167,-0.34418556818243307,220,142,0.34418556818243307
J,330X152,0.34416140624842295,330,142,0.34416140624842295
J,330X302,-0.3439095564346743,330,142,0.3439095564346743
O,330X130,-0.3438380709357979,330,86,0.3438380709357979
M,210X230,-0.3437867811595928,210,128,0.3437867811595928
M,330X425,-0.3436982107357635,330,128,0.3436982107357635
J,440AX125,-0.3435264329354732,UNKNOWN,142,0.3435264329354732
J,330X365,-0.3433999623205062,330,142,0.3433999623205062
O,210X74,0.343365806717084,210,86,0.343365806717084
O,ERROR:#N/A (#2),-0.3432584279739514,UNKNOWN,86,0.3432584279739514
J,344X41,0.34317339134131875,344,142,0.34317339134131875
L,210X36,-0.34310862312242163,210,178,0.34310862312242163
O,340X126,0.3428594393862979,340,86,0.3428594393862979
J,330X535,0.34285886537029076,330,142,0.34285886537029076
J,330X902,-0.34243485391389267,330,142,0.34243485391389267
J,312X634,-0.34220093862050516,312,142,0.34220093862050516
J,360X1017,-0.34215733058666287,360,142,0.34215733058666287
J,330X345,-0.34213061075244433,330,142,0.34213061075244433
M,340X42,0.34208773732344955,340,128,0.34208773732344955
J,750X765,0.34205946590425024,750,142,0.34205946590425024
O,210X180,-0.3419451768369233,210,86,0.3419451768369233
N,210X83,-0.3418275848921832,210,266,0.3418275848921832
J,312X234,0.3416766547844815,312,142,0.3416766547844815
J,310X11,0.34126249197894104,310,142,0.34126249197894104
O,312X175,0.34108064552812206,312,86,0.34108064552812206
J,420X97,-0.34106836495719023,420,142,0.34106836495719023
O,750X335,-0.3409715089037068,750,86,0.3409715089037068
M,210X179,-0.34095379306526524,210,128,0.34095379306526524
M,210X66,-0.340836447853715,210,128,0.340836447853715
O,344X139,0.3405777557070397,344,86,0.3405777557070397
J,440AX149,-0.3405450364854271,UNKNOWN,142,0.3405450364854271
O,312X51,0.3401602203890791,312,86,0.3401602203890791
J,312X594,0.3398029896725964,312,142,0.3398029896725964
O,360X1050,0.3397012497416318,360,86,0.3397012497416318
J,420X92,-0.33964339622000045,420,142,0.33964339622000045
M,210X161,-0.3395658478150802,210,128,0.3395658478150802
J,420X198,0.3393298453718526,420,142,0.3393298453718526
J,440AX200,-0.3389687546933411,UNKNOWN,142,0.3389687546933411
O,520X182,-0.3388472119287803,520,86,0.3388472119287803
O,340X24,-0.3387821832404173,340,86,0.3387821832404173
N,210X81,-0.3385490368780295,210,266,0.3385490368780295
M,310X21,0.3385210798287942,310,128,0.3385210798287942
J,440AX119,-0.3382339958104336,UNKNOWN,142,0.3382339958104336
J,330X288,-0.3382111763833093,330,142,0.3382111763833093
M,330X61,-0.33771800526619206,330,128,0.33771800526619206
J,420X118,0.3376697053313889,420,142,0.3376697053313889
M,310X101,0.33748262089413106,310,128,0.33748262089413106
M,220X223,-0.337338797595203,220,128,0.337338797595203
O,330X1182,-0.3373122311743995,330,86,0.3373122311743995
J,330X580,-0.33725010700818764,330,142,0.33725010700818764
J,310X121,-0.3371980955782401,310,142,0.3371980955782401
O,312X235,-0.33703565813974845,312,86,0.33703565813974845
O,340X18,0.3368617400413928,340,86,0.3368617400413928
J,310X113,-0.3368309852422934,310,142,0.3368309852422934
J,312X640,-0.3365990218048448,312,142,0.3365990218048448
J,210X12,-0.33592251189695266,210,142,0.33592251189695266
J,220X196,0.3358093858654502,220,142,0.3358093858654502
N,210X10,-0.3357478662964126,210,266,0.3357478662964126
J,310X99,0.335707336516222,310,142,0.335707336516222
O,Chamber ID,0.335421392694602,UNKNOWN,86,0.335421392694602
O,312X699,0.3353427060970738,312,86,0.3353427060970738
O,330X1251,0.33489716395186125,330,86,0.33489716395186125
J,344X39,0.33487894140882185,344,142,0.33487894140882185
M,330X422,-0.3348688295862453,330,128,0.3348688295862453
O,210X35,0.3347629800839949,210,86,0.3347629800839949
J,310X4,0.33475534648444355,310,142,0.33475534648444355
M,310X160,0.33462263674621584,310,128,0.33462263674621584
J,330X900,-0.3345405033989338,330,142,0.3345405033989338
M,310X113,0.33444318557116093,310,128,0.33444318557116093
O,ERROR:#N/A_1 (#2),-0.3341565287708091,UNKNOWN,86,0.3341565287708091
O,330X123,-0.3341523069932771,330,86,0.3341523069932771
O,210X27,0.3335957426436488,210,86,0.3335957426436488
J,440AX198,-0.33348426087248306,UNKNOWN,142,0.33348426087248306
J,310X111,-0.33339860500985585,310,142,0.33339860500985585
M,340X44,0.33334550030319227,340,128,0.33334550030319227
O,330X562,-0.3326545466543813,330,86,0.3326545466543813
J,330X368,-0.3326278453481881,330,142,0.3326278453481881
O,520X82,-0.3325122946861195,520,86,0.3325122946861195
O,330X231,-0.3323595753176237,330,86,0.3323595753176237
J,440AX118,-0.3322679024535592,UNKNOWN,142,0.3322679024535592
J,310X130,0.3321888749064191,310,142,0.3321888749064191
O,330X1180,-0.3311634325659344,330,86,0.3311634325659344
O,312X427,-0.33110747670816,312,86,0.33110747670816
O,330X578,-0.33101799435994106,330,86,0.33101799435994106
M,520X152,-0.33101362592953515,520,128,0.33101362592953515
O,420X213,-0.33059878412598404,420,86,0.33059878412598404
J,330X305,-0.3305806546271635,330,142,0.3305806546271635
M,520X248,-0.3301754345169822,520,128,0.3301754345169822
M,520X148,-0.3301744351599543,520,128,0.3301744351599543
O,344X99,0.33015025120751773,344,86,0.33015025120751773
M,520X346,-0.33014168769657204,520,128,0.33014168769657204
M,520X250,-0.33014160201383547,520,128,0.33014160201383547
M,520X173,-0.3301229854405256,520,128,0.3301229854405256
M,520X348,-0.330112197681848,520,128,0.330112197681848
J,330X516,-0.32983228041038953,330,142,0.32983228041038953
O,210X33,0.3298193326796657,210,86,0.3298193326796657
O,330X114,-0.3297986028735353,330,86,0.3297986028735353
O,330X241,-0.32944912024112494,330,86,0.32944912024112494
J,330X348,-0.32939328162318426,330,142,0.32939328162318426
O,330X258,-0.3293502182139488,330,86,0.3293502182139488
N,210X89,-0.32860035969398876,210,266,0.32860035969398876
J,210X13,0.3284530889037866,210,142,0.3284530889037866
J,330X325,-0.3282702204244368,330,142,0.3282702204244368
L,210X217,0.3281949216955582,210,178,0.3281949216955582
J,312X425,-0.3281210441209158,312,142,0.3281210441209158
J,440AX142,-0.32774967081582723,UNKNOWN,142,0.32774967081582723
J,312X246,0.3276447659453887,312,142,0.3276447659453887
O,210X191,-0.3274499453053948,210,86,0.3274499453053948
J,360X741,0.3274223868528102,360,142,0.3274223868528102
M,220X27,0.3273298535873977,220,128,0.3273298535873977
M,520X171,-0.32712298457580913,520,128,0.32712298457580913
M,210X50,-0.3270742238839797,210,128,0.3270742238839797
O,340X133,-0.3269771565702322,340,86,0.3269771565702322
N,210X73,-0.32696492372225705,210,266,0.32696492372225705
M,210X48,-0.3266286807384062,210,128,0.3266286807384062
M,340X41,0.3264298658177464,340,128,0.3264298658177464
N,210X209,0.3263436340330249,210,266,0.3263436340330249
O,520X186,-0.3262675918015119,520,86,0.3262675918015119
O,220X12,0.32608575783289595,220,86,0.32608575783289595
J,440AX120,-0.3259476056647013,UNKNOWN,142,0.3259476056647013
M,330X475,-0.3256434026128795,330,128,0.3256434026128795
J,440AX126,-0.32535425133348705,UNKNOWN,142,0.32535425133348705
J,210X1,0.32533562302151525,210,142,0.32533562302151525
M,310X117,0.3252509064492489,310,128,0.3252509064492489
O,344X137,0.3251311823282628,344,86,0.3251311823282628
M,310X31,0.3248429304523335,310,128,0.3248429304523335
O,330X1184,-0.3247061530938111,330,86,0.3247061530938111
J,312X198,-0.3246377194991925,312,142,0.3246377194991925
O,330X936,0.3245700616757464,330,86,0.3245700616757464
O,360X987,0.324232946159419,360,86,0.324232946159419
J,360X401,-0.32419531516618216,360,142,0.32419531516618216
O,330X576,-0.32412587600915216,330,86,0.32412587600915216
O,312X60,-0.32399788385595213,312,86,0.32399788385595213
J,420X201,0.32394928483195234,420,142,0.32394928483195234
J,220X170,0.32385923347838014,220,142,0.32385923347838014
M,210X122,0.3238102447692106,210,128,0.3238102447692106
M,210X55,0.32378930567587383,210,128,0.32378930567587383
M,310X105,0.3237867495464855,310,128,0.3237867495464855
J,312X32,-0.32342391195418596,312,142,0.32342391195418596
J,330X916,-0.32328310385220593,330,142,0.32328310385220593
O,340X26,-0.3231577828009038,340,86,0.3231577828009038
J,330X910,-0.32306010389151796,330,142,0.32306010389151796
M,310X109,0.32300381735913913,310,128,0.32300381735913913
J,440AX122,-0.3229491304936845,UNKNOWN,142,0.3229491304936845
J,330X291,-0.32280841081161843,330,142,0.32280841081161843
J,440AX116,-0.32279397934421766,UNKNOWN,142,0.32279397934421766
J,440AX123,-0.32268451134685705,UNKNOWN,142,0.32268451134685705
O,330X930,0.32267675358634557,330,86,0.32267675358634557
J,330X793,-0.3226750783040531,330,142,0.3226750783040531
O,520X265,0.32262357180917234,520,86,0.32262357180917234
M,210X53,0.32258252477694305,210,128,0.32258252477694305
O,520X244,0.3223774391093369,520,86,0.3223774391093369
J,330X904,-0.3221745501017581,330,142,0.3221745501017581
J,330X790,-0.32214047286461334,330,142,0.32214047286461334
J,330X913,-0.3219940595181423,330,142,0.3219940595181423
J,210X10,-0.32165795006693665,210,142,0.32165795006693665
J,330X21,-0.3215182592564506,330,142,0.3215182592564506
M,330X448,-0.32145277339011086,330,128,0.32145277339011086
J,420X147,-0.32141009222415234,420,142,0.32141009222415234
M,330X438,-0.3213455529835535,330,128,0.3213455529835535
O,220X87,0.3211046140627355,220,86,0.3211046140627355
O,220X95,0.32110415009206666,220,86,0.32110415009206666
O,220X79,0.3211039715512108,220,86,0.3211039715512108
O,220X91,0.3211030855881219,220,86,0.3211030855881219
O,220X75,0.3211030671534495,220,86,0.3211030671534495
O,220X83,0.3211029490410816,220,86,0.3211029490410816
O,220X67,0.32110276441017177,220,86,0.32110276441017177
J,420X197,0.32091561955187464,420,142,0.32091561955187464
O,330X933,0.3209127385731006,330,86,0.3209127385731006
M,330X465,-0.32081261298111424,330,128,0.32081261298111424
J,420X199,0.32075800713226454,420,142,0.32075800713226454
J,440AX154,-0.3206964986960349,UNKNOWN,142,0.3206964986960349
M,210X187,0.32061437864889974,210,128,0.32061437864889974
M,210X184,-0.32045958778052913,210,128,0.32045958778052913
O,220X71,0.32011186865379476,220,86,0.32011186865379476
O,312X214,0.3200057207765278,312,86,0.3200057207765278
J,330X583,-0.31988384081932253,330,142,0.31988384081932253
J,440AX199,-0.3198165313927141,UNKNOWN,142,0.3198165313927141
M,310X11,-0.3197048349851567,310,128,0.3197048349851567
J,440AX107,-0.31967050136387337,UNKNOWN,142,0.31967050136387337
J,330X315,-0.31965656188830865,330,142,0.31965656188830865
J,310X103,0.3194639037818039,310,142,0.3194639037818039
J,330X597,-0.3194395517653225,330,142,0.3194395517653225
L,ERROR:#N/A_4,0.3194153878212934,UNKNOWN,178,0.3194153878212934
O,344X163,-0.3193096301562368,344,86,0.3193096301562368
M,210X116,0.31920317901828943,210,128,0.31920317901828943
J,440AX150,-0.3191089413702993,UNKNOWN,142,0.3191089413702993
J,312X632,-0.319092656441689,312,142,0.319092656441689
J,312X235,0.31907271391157255,312,142,0.31907271391157255
O,400X29,-0.3189280170944963,400,86,0.3189280170944963
M,310X161,-0.31888643375029707,310,128,0.31888643375029707
J,312X644,-0.31886756214004625,312,142,0.31886756214004625
N,210X144,-0.3186457281738534,210,266,0.3186457281738534
O,344X209,0.31849378475687345,344,86,0.31849378475687345
M,330X816,-0.318470219768818,330,128,0.318470219768818
O,340X2,-0.318079055031144,340,86,0.318079055031144
J,340X109,0.3177791920920173,340,142,0.3177791920920173
M,330X810,-0.3177766839464813,330,128,0.3177766839464813
J,440AX140,-0.31777258642221134,UNKNOWN,142,0.31777258642221134
O,360X1329,0.31776263003234445,360,86,0.31776263003234445
J,420X31,-0.3175756833680697,420,142,0.3175756833680697
M,330X813,-0.31744952557778916,330,128,0.31744952557778916
O,360X611,-0.31731967359037466,360,86,0.31731967359037466
M,210X24,-0.316853840510948,210,128,0.316853840510948
J,330X355,-0.3168225179643905,330,142,0.3168225179643905
O,330X137,-0.31664789313531955,330,86,0.31664789313531955
O,330X128,-0.3165343096378141,330,86,0.3165343096378141
J,220X142,0.316086283572839,220,142,0.316086283572839
M,310X4,-0.31601451545806714,310,128,0.31601451545806714
M,210X76,-0.3158925044939956,210,128,0.3158925044939956
O,344X78,-0.31587885735408605,344,86,0.31587885735408605
M,750X165,-0.31587277726592317,750,128,0.31587277726592317
J,440AX167,-0.3156946857536237,UNKNOWN,142,0.3156946857536237
M,310X99,-0.3155966001208239,310,128,0.3155966001208239
J,330X788,-0.3155931088130999,330,142,0.3155931088130999
J,330X308,-0.3155835103890248,330,142,0.3155835103890248
M,344X65,0.3153474737743627,344,128,0.3153474737743627
O,360X1105,0.31534613516901944,360,86,0.31534613516901944
N,210X6,0.3153256964178776,210,266,0.3153256964178776
O,330X553,0.3153128038011797,330,86,0.3153128038011797
J,330X585,-0.3152499573293771,330,142,0.3152499573293771
M,220X143,0.314974067981852,220,128,0.314974067981852
O,330X611,-0.31493513099525966,330,86,0.31493513099525966
J,440AX197,-0.3147384968295171,UNKNOWN,142,0.3147384968295171
O,210X7,-0.31468402539873996,210,86,0.31468402539873996
O,520X52,0.3145766341382459,520,86,0.3145766341382459
O,330X368,0.31450507658156684,330,86,0.31450507658156684
J,330X328,-0.31434190717096416,330,142,0.31434190717096416
M,310X121,0.31431366833035057,310,128,0.31431366833035057
J,330X142,0.3141512200898389,330,142,0.3141512200898389
O,750X1127,0.31376489802714896,750,86,0.31376489802714896
J,440AX195,-0.3137470770064877,UNKNOWN,142,0.3137470770064877
J,440AX165,-0.3136758642841908,UNKNOWN,142,0.3136758642841908
O,344X83,-0.3136665050828121,344,86,0.3136665050828121
O,344X77,-0.3136090088269562,344,86,0.3136090088269562
O,420X217,-0.31333273961200464,420,86,0.31333273961200464
O,330X261,-0.31309703851403964,330,86,0.31309703851403964
M,330X159,-0.3129582100366792,330,128,0.3129582100366792
J,330X335,-0.31280865761406246,330,142,0.31280865761406246
J,220X13,-0.3127893650454978,220,142,0.3127893650454978
O,330X567,0.3127381703690227,330,86,0.3127381703690227
J,440AX132,-0.3126098611464448,UNKNOWN,142,0.3126098611464448
J,440AX117,-0.31251597096264533,UNKNOWN,142,0.31251597096264533
J,220X187,-0.3124729256400521,220,142,0.3124729256400521
O,330X571,-0.3123617890990955,330,86,0.3123617890990955
O,420X214,-0.31233378774172393,420,86,0.31233378774172393
M,310X103,-0.31185571761413083,310,128,0.31185571761413083
O,520X283,0.31179818019887756,520,86,0.31179818019887756
J,440AX152,-0.311787096030743,UNKNOWN,142,0.311787096030743
J,330X539,0.31155688165561746,330,142,0.31155688165561746
M,330X162,-0.3115286060358303,330,128,0.3115286060358303
J,210X88,-0.31141822945135633,210,142,0.31141822945135633
J,344X65,-0.3110787272331216,344,142,0.3110787272331216
O,340X19,-0.3108840674265804,340,86,0.3108840674265804
O,330X560,0.3106829904000176,330,86,0.3106829904000176
J,360X1201,-0.3106441887052512,360,142,0.3106441887052512
J,440AX108,-0.3106306844525591,UNKNOWN,142,0.3106306844525591
J,440AX196,-0.3105938010798508,UNKNOWN,142,0.3105938010798508
J,330X590,-0.3103170527036923,330,142,0.3103170527036923
M,330X302,0.31006702922468415,330,128,0.31006702922468415
O,750X1305,0.30989691679419307,750,86,0.30989691679419307
J,340X42,-0.30976790391740955,340,142,0.30976790391740955
O,360X1127,0.30964362777211857,360,86,0.30964362777211857
J,440AX186,-0.3096404389816665,UNKNOWN,142,0.3096404389816665
J,220X165,-0.3094671627780298,220,142,0.3094671627780298
J,440AX166,-0.3093692951648945,UNKNOWN,142,0.3093692951648945
J,440AX188,-0.30925766759326234,UNKNOWN,142,0.30925766759326234
J,312X13,-0.30925466837939514,312,142,0.30925466837939514
N,210X228,-0.30903534600512195,210,266,0.30903534600512195
O,340X177,0.30887207227814817,340,86,0.30887207227814817
O,330X121,-0.3082600248896816,330,86,0.3082600248896816
J,312X169,-0.30792023927814977,312,142,0.30792023927814977
J,420X115,0.30763969016844367,420,142,0.30763969016844367
M,330X452,-0.3073795710932846,330,128,0.3073795710932846
O,420X208,-0.3071977651017544,420,86,0.3071977651017544
O,330X519,-0.3070961661702329,330,86,0.3070961661702329
O,340X175,0.30673739451466386,340,86,0.30673739451466386
M,210X185,-0.30652317647866445,210,128,0.30652317647866445
J,330X358,-0.30651922305442597,330,142,0.30651922305442597
J,330X318,-0.30643417707316556,330,142,0.30643417707316556
O,360X1094,0.30618986214398125,360,86,0.30618986214398125
J,330X592,-0.30611486587873077,330,142,0.30611486587873077
N,210X222,0.3057874482277145,210,266,0.3057874482277145
N,210X221,0.3057874482277144,210,266,0.3057874482277144
N,210X224,0.3057874482277144,210,266,0.3057874482277144
N,210X218,0.3057874482277144,210,266,0.3057874482277144
O,420X210,-0.3056939354864184,420,86,0.3056939354864184
J,440AX141,-0.3055935340322192,UNKNOWN,142,0.3055935340322192
O,312X570,0.3055592482807149,312,86,0.3055592482807149
J,330X599,-0.3055086888948844,330,142,0.3055086888948844
J,440AX193,-0.30548191097569644,UNKNOWN,142,0.30548191097569644
O,210X4,0.3052737036562779,210,86,0.3052737036562779
O,210X171,0.30516649672166296,210,86,0.30516649672166296
J,330X146,0.30494708817677874,330,142,0.30494708817677874
N,210X219,0.3046652554842414,210,266,0.3046652554842414
J,312X643,-0.304657026427394,312,142,0.304657026427394
J,330X573,-0.3046434206082812,330,142,0.3046434206082812
J,440AX192,-0.30463579833177873,UNKNOWN,142,0.30463579833177873
J,440AX194,-0.3046277076969917,UNKNOWN,142,0.3046277076969917
O,340X173,0.3046076869593227,340,86,0.3046076869593227
J,420X202,0.30452008103672745,420,142,0.30452008103672745
J,440AX147,-0.3044521760515685,UNKNOWN,142,0.3044521760515685
O,330X606,-0.30441988804179476,330,86,0.30441988804179476
O,340X182,0.3039880807271001,340,86,0.3039880807271001
J,344X35,-0.3034533609188502,344,142,0.3034533609188502
N,210X220,0.3031849977710599,210,266,0.3031849977710599
J,440AX187,-0.3031158618153942,UNKNOWN,142,0.3031158618153942
J,440AX153,-0.30286398853240315,UNKNOWN,142,0.30286398853240315
J,440AX185,-0.3027740967219355,UNKNOWN,142,0.3027740967219355
O,340X28,0.3026475801435021,340,86,0.3026475801435021
O,330X254,-0.30260807037883203,330,86,0.30260807037883203
J,312X631,-0.30243387544201344,312,142,0.30243387544201344
J,330X338,-0.30230262022920573,330,142,0.30230262022920573
J,312X47,0.30221375452548804,312,142,0.30221375452548804
J,440AX183,-0.30207512531587055,UNKNOWN,142,0.30207512531587055
J,440AX191,-0.30196352428166373,UNKNOWN,142,0.30196352428166373
J,312X638,-0.3019087227162488,312,142,0.3019087227162488
J,312X476,0.30187229938773097,312,142,0.30187229938773097
L,210X57,0.30136213702283576,210,178,0.30136213702283576
J,ERROR:#N/A_5,-0.30125638632208845,UNKNOWN,142,0.30125638632208845
O,330X569,-0.30121244963215543,330,86,0.30121244963215543
M,330X405,0.3011942712587069,330,128,0.3011942712587069
J,440AX189,-0.30118298362004026,UNKNOWN,142,0.30118298362004026
O,312X234,-0.30118118401085,312,86,0.30118118401085
O,310X171,0.30044575126239637,310,86,0.30044575126239637
J,440AX205,-0.3003900905867812,UNKNOWN,142,0.3003900905867812
M,310X177,-0.30023985899912303,310,128,0.30023985899912303
J,440AX184,-0.3002003773283748,UNKNOWN,142,0.3002003773283748
M,310X119,0.300169348390806,310,128,0.300169348390806
O,330X218,-0.3001163377712649,330,86,0.3001163377712649
O,310X6,0.29993524085009554,310,86,0.29993524085009554
J,310X180,0.29971527587969604,310,142,0.29971527587969604
J,440AX190,-0.29971098748267966,UNKNOWN,142,0.29971098748267966
O,210X109,-0.29967625583390267,210,86,0.29967625583390267
J,210X109,-0.29967625583390267,210,142,0.29967625583390267
L,210X109,-0.29967625583390267,210,178,0.29967625583390267
J,440AX204,-0.29959243053773543,UNKNOWN,142,0.29959243053773543
J,360X115,0.2993073940845749,360,142,0.2993073940845749
J,440AX163,-0.29929588853267264,UNKNOWN,142,0.29929588853267264
J,340X44,-0.2988911679152218,340,142,0.2988911679152218
J,440AX206,-0.29883787964351416,UNKNOWN,142,0.29883787964351416
J,312X639,-0.29883588124836713,312,142,0.29883588124836713
J,440AX114,-0.29878815823575033,UNKNOWN,142,0.29878815823575033
O,312X293,-0.29852641033716376,312,86,0.29852641033716376
M,311X28,-0.2984638306696019,311,128,0.2984638306696019
M,330X485,-0.29846281648572337,330,128,0.29846281648572337
O,340X99,-0.2984043643970672,340,86,0.2984043643970672
O,311X95,0.29819392683383517,311,86,0.29819392683383517
O,330X345,0.2981195582732047,330,86,0.2981195582732047
J,440AX146,-0.29808588069796743,UNKNOWN,142,0.29808588069796743
J,360X1146,-0.2980806633481842,360,142,0.2980806633481842
J,420X159,-0.29795494624123475,420,142,0.29795494624123475
J,210X15,0.2977205271878852,210,142,0.2977205271878852
O,420X212,-0.2976818735546924,420,86,0.2976818735546924
J,312X351,0.2975660681536548,312,142,0.2975660681536548
M,360X611,0.2974974333081745,360,128,0.2974974333081745
M,310X174,-0.2966057644583524,310,128,0.2966057644583524
O,220X6,0.29655592669200853,220,86,0.29655592669200853
J,344X261,0.29654887662734214,344,142,0.29654887662734214
O,420X215,-0.2963974423357567,420,86,0.2963974423357567
M,520X281,-0.2963069734665629,520,128,0.2963069734665629
J,220X169,-0.2960744794673758,220,142,0.2960744794673758
J,220X53,-0.295966139663703,220,142,0.295966139663703
J,330X375,-0.29571668380876476,330,142,0.29571668380876476
J,440AX161,-0.2953055138783998,UNKNOWN,142,0.2953055138783998
O,312X524,0.2953036350419946,312,86,0.2953036350419946
O,ERROR:#N/A_18,0.29504644536394975,UNKNOWN,86,0.29504644536394975
O,312X52,0.29495907469885274,312,86,0.29495907469885274
J,440AX159,-0.2949206245503852,UNKNOWN,142,0.2949206245503852
J,440AX175,-0.2947062565185469,UNKNOWN,142,0.2947062565185469
J,440AX160,-0.29458817864631104,UNKNOWN,142,0.29458817864631104
O,311X94,0.29455810570308416,311,86,0.29455810570308416
J,311X26,0.29436170832419756,311,142,0.29436170832419756
O,344X44,0.2942614127912948,344,86,0.2942614127912948
O,330X188,-0.2941114417102573,330,86,0.2941114417102573
J,311X25,0.29409603037231985,311,142,0.29409603037231985
M,750X228,-0.294067837442127,750,128,0.294067837442127
O,360X1072,0.2940445735522994,360,86,0.2940445735522994
M,360X368,-0.2939572191796357,360,128,0.2939572191796357
O,330X41,0.2937005805497394,330,86,0.2937005805497394
J,750X401,-0.29368269615518006,750,142,0.29368269615518006
O,750X785,0.2936623853811302,750,86,0.2936623853811302
J,440AX203,-0.29365570448248945,UNKNOWN,142,0.29365570448248945
J,312X672,-0.29353954670777876,312,142,0.29353954670777876
O,310X140,0.2935315359111674,310,86,0.2935315359111674
O,310X138,0.2935315359111674,310,86,0.2935315359111674
O,520X375,-0.29353153591115805,520,86,0.29353153591115805
O,310X139,0.2935315359111548,310,86,0.2935315359111548
J,440AX201,-0.2934194043357512,UNKNOWN,142,0.2934194043357512
J,330X278,-0.2934101423455055,330,142,0.2934101423455055
N,210X28,0.29323282123920175,210,266,0.29323282123920175
N,210X5,0.2929811163831414,210,266,0.2929811163831414
J,220X195,0.29297229118836227,220,142,0.29297229118836227
O,312X79,-0.2928737432191968,312,86,0.2928737432191968
J,440AX174,-0.29281628970310775,UNKNOWN,142,0.29281628970310775
O,520X3,0.2926441952612507,520,86,0.2926441952612507
J,440AX202,-0.29255160756692633,UNKNOWN,142,0.29255160756692633
J,440AX178,-0.292448481871661,UNKNOWN,142,0.292448481871661
J,440AX162,-0.2924164093709873,UNKNOWN,142,0.2924164093709873
J,210X99,-0.29241585150623883,210,142,0.29241585150623883
J,440AX177,-0.29240019769553355,UNKNOWN,142,0.29240019769553355
J,440AX179,-0.29208441145407743,UNKNOWN,142,0.29208441145407743
O,420X209,-0.29188364627637814,420,86,0.29188364627637814
J,440AX176,-0.2917387148273965,UNKNOWN,142,0.2917387148273965
J,440AX182,-0.29156237799125634,UNKNOWN,142,0.29156237799125634
J,344X164,-0.2914829439205479,344,142,0.2914829439205479
M,340X4,0.2913151304614954,340,128,0.2913151304614954
J,440AX173,-0.29130147296538655,UNKNOWN,142,0.29130147296538655
J,344X177,-0.29129916838719366,344,142,0.29129916838719366
O,312X483,-0.2911896550284062,312,86,0.2911896550284062
J,750X165,0.2911013764894143,750,142,0.2911013764894143
O,312X425,0.2910273321405396,312,86,0.2910273321405396
M,310X8,-0.2909551751313601,310,128,0.2909551751313601
O,330X135,-0.29064268688090106,330,86,0.29064268688090106
J,440AX180,-0.2905088131027514,UNKNOWN,142,0.2905088131027514
J,440AX171,-0.29049290636369635,UNKNOWN,142,0.29049290636369635
J,440AX172,-0.29025677066377625,UNKNOWN,142,0.29025677066377625
J,440AX181,-0.2901309867284243,UNKNOWN,142,0.2901309867284243
J,330X378,-0.29006875156109035,330,142,0.29006875156109035
O,330X244,-0.28972231778566504,330,86,0.28972231778566504
O,312X691,-0.28971891319849297,312,86,0.28971891319849297
O,330X1221,-0.2892541655565086,330,86,0.2892541655565086
J,220X173,-0.2892503169766817,220,142,0.2892503169766817
J,312X428,-0.2891310781211149,312,142,0.2891310781211149
O,330X109,-0.2890591373441314,330,86,0.2890591373441314
O,750X971,0.2890035102303981,750,86,0.2890035102303981
M,330X1,-0.2888483224750356,330,128,0.2888483224750356
O,420X40,0.2888268741606763,420,86,0.2888268741606763
M,340X57,-0.28863164587958445,340,128,0.28863164587958445
O,312X520,-0.28862194232401767,312,86,0.28862194232401767
O,312X478,0.2886219423240172,312,86,0.2886219423240172
O,330X98,-0.28855498951668407,330,86,0.28855498951668407
J,312X350,0.2883267796998403,312,142,0.2883267796998403
O,210X164,0.2882329695354982,210,86,0.2882329695354982
J,440AX164,-0.28818587662033207,UNKNOWN,142,0.28818587662033207
J,312X245,0.2880561006651694,312,142,0.2880561006651694
J,440AX168,-0.2879787341310847,UNKNOWN,142,0.2879787341310847
J,440AX170,-0.28790975437406824,UNKNOWN,142,0.28790975437406824
O,340X29,0.28776946218027644,340,86,0.28776946218027644
J,440AX169,-0.28773434207996884,UNKNOWN,142,0.28773434207996884
J,750X605,-0.287709456575586,750,142,0.287709456575586
J,330X258,-0.28743902950965516,330,142,0.28743902950965516
O,360X1061,0.28743414687978386,360,86,0.28743414687978386
J,344X263,0.2871988471686293,344,142,0.2871988471686293
O,312X307,0.2871717413660734,312,86,0.2871717413660734
J,330X564,-0.28715387455642566,330,142,0.28715387455642566
J,312X666,-0.28713649170890204,312,142,0.28713649170890204
O,344X208,0.28708022750556883,344,86,0.28708022750556883
N,220X27,-0.28706887590067093,220,266,0.28706887590067093
J,330X268,-0.2869438973531602,330,142,0.2869438973531602
O,340X27,0.28678864889761774,340,86,0.28678864889761774
O,210X161,0.28667784018837195,210,86,0.28667784018837195
J,220X30,0.28641598151912673,220,142,0.28641598151912673
J,360X995,-0.2863782220211033,360,142,0.2863782220211033
M,330X472,-0.2863083152906791,330,128,0.2863083152906791
J,330X281,-0.2862494679992647,330,142,0.2862494679992647
J,330X562,-0.2862222127267392,330,142,0.2862222127267392
O,330X221,-0.2860741736154896,330,86,0.2860741736154896
J,340X41,-0.28597536874487706,340,142,0.28597536874487706
O,360X318,-0.28532406605704,360,86,0.28532406605704
O,330X268,-0.2852339894050422,330,86,0.2852339894050422
J,750X1297,-0.2851742783285262,750,142,0.2851742783285262
J,330X438,0.2849084322797428,330,142,0.2849084322797428
O,210X179,0.28481273448993694,210,86,0.28481273448993694
J,400X132,-0.28477352621729385,400,142,0.28477352621729385
J,330X594,-0.2846464930144167,330,142,0.2846464930144167
O,330X1160,-0.28456937595203347,330,86,0.28456937595203347
J,330X351,-0.2843905231007384,330,142,0.2843905231007384
O,520X179,-0.2843150522902132,520,86,0.2843150522902132
O,520X239,0.2842691521773688,520,86,0.2842691521773688
J,220X197,0.284034442009714,220,142,0.284034442009714
L,210X76,-0.28398819902812095,210,178,0.28398819902812095
J,750X1050,-0.2838819807470542,750,142,0.2838819807470542
N,210X100,-0.28351623991266545,210,266,0.28351623991266545
M,312X456,0.28332271285954036,312,128,0.28332271285954036
J,750X543,0.2832103743042421,750,142,0.2832103743042421
O,330X234,-0.283145766861345,330,86,0.283145766861345
O,312X439,-0.2831182717747093,312,86,0.2831182717747093
J,330X261,-0.2830449342606973,330,142,0.2830449342606973
M,750X47,0.28290775850127814,750,128,0.28290775850127814
J,210X51,0.28283907245436063,210,142,0.28283907245436063
O,344X177,-0.2826294060879559,344,86,0.2826294060879559
J,330X1020,-0.2825107995406799,330,142,0.2825107995406799
J,312X678,-0.28228961476592135,312,142,0.28228961476592135
O,312X73,-0.2822409457019188,312,86,0.2822409457019188
O,520X174,-0.28217130866478696,520,86,0.28217130866478696
J,330X102,-0.28215530678227857,330,142,0.28215530678227857
M,310X42,0.2820356193612529,310,128,0.2820356193612529
L,210X190,-0.2820003561758144,210,178,0.2820003561758144
O,344X195,0.28171009896488436,344,86,0.28171009896488436
J,420X30,-0.2815090999401624,420,142,0.2815090999401624
M,330X428,-0.2814323481438049,330,128,0.2814323481438049
J,210X49,0.2813120240973585,210,142,0.2813120240973585
O,344X210,0.28124169487790246,344,86,0.28124169487790246
J,340X1,0.2812258272392885,340,142,0.2812258272392885
N,310X34,-0.28106677972529515,310,266,0.28106677972529515
M,310X130,-0.281053600012333,310,128,0.281053600012333
O,312X770,0.2810433097197581,312,86,0.2810433097197581
J,440AX127,-0.28099611425869225,UNKNOWN,142,0.28099611425869225
O,750X47,0.28095101858943444,750,86,0.28095101858943444
N,310X9,0.280715690098687,310,266,0.280715690098687
J,440AX113,-0.28064678500719925,UNKNOWN,142,0.28064678500719925
M,220X185,0.28045480552704133,220,128,0.28045480552704133
J,344X259,0.28023948685251315,344,142,0.28023948685251315
J,330X587,-0.2802342976446086,330,142,0.2802342976446086
O,310X9,0.28023329304657674,310,86,0.28023329304657674
J,210X226,-0.2800752028449426,210,142,0.2800752028449426
M,220X55,0.2798951355436535,220,128,0.2798951355436535
O,340X17,-0.2796496000275507,340,86,0.2796496000275507
O,360X307,-0.2796363983712482,360,86,0.2796363983712482
J,440AX135,-0.27930455721170055,UNKNOWN,142,0.27930455721170055
M,330X165,-0.2791741620405709,330,128,0.2791741620405709
O,330X442,0.2791607619046453,330,86,0.2791607619046453
J,344X95,0.2791280470235983,344,142,0.2791280470235983
J,440AX144,-0.27908728754737727,UNKNOWN,142,0.27908728754737727
J,330X1227,-0.2789427736699831,330,142,0.2789427736699831
J,330X1225,-0.2789114786214822,330,142,0.2789114786214822
J,330X1229,-0.27889379915838636,330,142,0.27889379915838636
O,312X758,0.27878193836842563,312,86,0.27878193836842563
J,312X423,-0.2787690146716208,312,142,0.2787690146716208
J,330X271,-0.27866030769256966,330,142,0.27866030769256966
O,312X429,0.27865465237502846,312,86,0.27865465237502846
O,312X755,0.27865465237502707,312,86,0.27865465237502707
J,220X183,-0.2786231654040413,220,142,0.2786231654040413
J,210X115,-0.2781978147030195,210,142,0.2781978147030195
O,210X112,0.2781907389337202,210,86,0.2781907389337202
J,330X371,-0.2780550046082251,330,142,0.2780550046082251
O,210X115,0.278015812306565,210,86,0.278015812306565
J,312X439,0.2779993479351865,312,142,0.2779993479351865
N,210X39,0.2777588069737262,210,266,0.2777588069737262
O,312X764,0.2777561903277826,312,86,0.2777561903277826
J,220X168,-0.277730112860546,220,142,0.277730112860546
N,210X80,0.27772641085744887,210,266,0.27772641085744887
O,400X198,0.27747542119522706,400,86,0.27747542119522706
J,220X166,-0.27740995390992657,220,142,0.27740995390992657
J,220X181,0.27729243447028257,220,142,0.27729243447028257
J,220X179,-0.27729243446993246,220,142,0.27729243446993246
J,220X182,-0.2772924344699129,220,142,0.2772924344699129
O,ERROR:#N/A_11,0.27726512959033706,UNKNOWN,86,0.27726512959033706
O,210X172,0.27720448180616886,210,86,0.27720448180616886
J,312X637,-0.27708445471980625,312,142,0.27708445471980625
M,330X482,-0.2770699965700055,330,128,0.2770699965700055
M,330X169,-0.27706193997314077,330,128,0.27706193997314077
O,312X7,0.2769570813556317,312,86,0.2769570813556317
M,310X115,0.2769546885448359,310,128,0.2769546885448359
O,750X669,-0.2769463000013442,750,86,0.2769463000013442
J,330X1234,0.27680565648736133,330,142,0.27680565648736133
J,360X584,0.2765898584843101,360,142,0.2765898584843101
O,344X96,0.27658457869696523,344,86,0.27658457869696523
J,330X1232,0.27650146439569784,330,142,0.27650146439569784
O,344X257,0.276415043239423,344,86,0.276415043239423
J,312X474,0.27638678940127615,312,142,0.27638678940127615
J,330X1236,0.27621072523489504,330,142,0.27621072523489504
O,344X97,0.27610124022393934,344,86,0.27610124022393934
J,220X15,-0.2760720697828476,220,142,0.2760720697828476
J,311X68,-0.2760184434984698,311,142,0.2760184434984698
J,330X432,0.2758637609134582,330,142,0.2758637609134582
O,344X1,-0.2758220168883362,344,86,0.2758220168883362
J,330X132,0.2756881973610047,330,142,0.2756881973610047
J,420X74,0.27561528086557896,420,142,0.27561528086557896
M,330X462,-0.2753826429737351,330,128,0.2753826429737351
O,330X271,-0.27523320768372683,330,86,0.27523320768372683
O,520X320,0.27520174641450584,520,86,0.27520174641450584
O,312X771,0.2751374479763154,312,86,0.2751374479763154
M,400X153,-0.2751035031538584,400,128,0.2751035031538584
J,344X137,0.2750758256147146,344,142,0.2750758256147146
O,330X599,-0.2749226945120932,330,86,0.2749226945120932
J,750X1017,-0.2748225214544886,750,142,0.2748225214544886
O,312X281,-0.2747315756387025,312,86,0.2747315756387025
J,750X1028,-0.2747205999619004,750,142,0.2747205999619004
N,210X194,-0.27465712158073835,210,266,0.27465712158073835
O,330X505,-0.2743219414229354,330,86,0.2743219414229354
M,310X173,-0.2739738986861657,310,128,0.2739738986861657
O,330X358,0.27383468279137857,330,86,0.27383468279137857
N,210X191,-0.27374367010939743,210,266,0.27374367010939743
O,311X192,0.2737435470421682,311,86,0.2737435470421682
O,344X39,0.2734425517018554,344,86,0.2734425517018554
J,340X113,-0.2733043329134104,340,142,0.2733043329134104
O,330X341,0.27328283841609036,330,86,0.27328283841609036
J,312X475,0.27325000279768,312,142,0.27325000279768
J,330X777,-0.2732030377028968,330,142,0.2732030377028968
J,360X141,0.2731904585717113,360,142,0.2731904585717113
M,220X163,-0.27318950844535766,220,128,0.27318950844535766
L,210X90,0.2730665588058581,210,178,0.2730665588058581
J,440AX109,-0.27299123336146175,UNKNOWN,142,0.27299123336146175
J,220X171,-0.2729720388798973,220,142,0.2729720388798973
J,312X357,0.27286053032701924,312,142,0.27286053032701924
O,210X154,0.2727002216722605,210,86,0.2727002216722605
M,360X1017,0.2726528345461673,360,128,0.2726528345461673
M,360X327,-0.2725796175814599,360,128,0.2725796175814599
O,330X264,-0.2723285856771339,330,86,0.2723285856771339
O,330X448,0.2722644840189238,330,86,0.2722644840189238
J,210X210,-0.2721746266385925,210,142,0.2721746266385925
O,312X2,-0.27211841985717017,312,86,0.27211841985717017
J,344X37,-0.27206956350228056,344,142,0.27206956350228056
O,310X28,0.27204344708309264,310,86,0.27204344708309264
O,750X661,-0.27200703517021835,750,86,0.27200703517021835
O,311X194,0.2719133578523812,311,86,0.2719133578523812
O,312X67,0.27189542313072107,312,86,0.27189542313072107
J,220X9,-0.27179932975018917,220,142,0.27179932975018917
J,330X541,0.2716033758099554,330,142,0.2716033758099554
J,344X96,0.2715138888870907,344,142,0.2715138888870907
J,330X162,0.2713337342024233,330,142,0.2713337342024233
J,330X771,-0.27110839794915337,330,142,0.27110839794915337
M,520X165,0.2710392068615289,520,128,0.2710392068615289
J,312X352,0.2709492054667064,312,142,0.2709492054667064
J,344X97,0.27082473817600755,344,142,0.27082473817600755
J,210X231,-0.27081887711760005,210,142,0.27081887711760005
J,220X8,0.27067864575212697,220,142,0.27067864575212697
O,750X621,0.27062252122912606,750,86,0.27062252122912606
J,330X774,-0.27056923864065463,330,142,0.27056923864065463
M,330X415,-0.2705232807784299,330,128,0.2705232807784299
M,330X172,-0.27050817810080496,330,128,0.27050817810080496
O,344X200,0.2705016238343128,344,86,0.2705016238343128
N,Tool (#5),-0.2703569844475396,UNKNOWN,266,0.2703569844475396
O,220X167,0.27034732481354523,220,86,0.27034732481354523
O,210X12,0.2702887786445628,210,86,0.2702887786445628
M,310X151,0.27013520868090957,310,128,0.27013520868090957
M,220X224,-0.26995560080863434,220,128,0.26995560080863434
M,330X495,-0.26988946532418034,330,128,0.26988946532418034
M,340X194,-0.26982195516219626,340,128,0.26982195516219626
O,220X2,-0.2698043613194892,220,86,0.2698043613194892
M,311X109,-0.26972663107815387,311,128,0.26972663107815387
J,312X90,0.26950214191543553,312,142,0.26950214191543553
L,210X32,-0.2694181543097938,210,178,0.2694181543097938
J,330X294,-0.26934371294810006,330,142,0.26934371294810006
O,312X765,0.2691756828036742,312,86,0.2691756828036742
L,344X264,-0.26891093084613343,344,178,0.26891093084613343
J,440AX111,-0.26880489417977915,UNKNOWN,142,0.26880489417977915
M,310X175,-0.2687635107769146,310,128,0.2687635107769146
J,312X737,-0.2687424766276128,312,142,0.2687424766276128
O,312X308,0.26873938521613094,312,86,0.26873938521613094
J,220X224,0.26838081047930873,220,142,0.26838081047930873
J,312X217,-0.26833041043354866,312,142,0.26833041043354866
J,330X128,0.2681792926137673,330,142,0.2681792926137673
O,330X604,-0.2681691432932195,330,86,0.2681691432932195
J,210X209,0.2681583493507253,210,142,0.2681583493507253
O,310X151,-0.2680856899633235,310,86,0.2680856899633235
J,312X743,-0.267903168709795,312,142,0.267903168709795
J,330X125,0.26760309691433276,330,142,0.26760309691433276
O,520X380,-0.2672509260019485,520,86,0.2672509260019485
O,520X381,-0.26725092600194844,520,86,0.26725092600194844
J,440AX207,0.2672371205741029,UNKNOWN,142,0.2672371205741029
J,330X331,-0.26709220590186555,330,142,0.26709220590186555
J,440AX57,0.26678260306566165,UNKNOWN,142,0.26678260306566165
J,312X365,0.2667725090641909,312,142,0.2667725090641909
M,330X46,-0.2666408992022458,330,128,0.2666408992022458
O,310X10,-0.26639459704157875,310,86,0.26639459704157875
O,330X1196,-0.26631685670631255,330,86,0.26631685670631255
J,312X742,-0.26626930620312694,312,142,0.26626930620312694
J,330X236,-0.26623148809522695,330,142,0.26623148809522695
O,312X759,0.2661782572217316,312,86,0.2661782572217316
O,312X768,0.2660305862587644,312,86,0.2660305862587644
J,312X730,-0.2660034811286892,312,142,0.2660034811286892
J,210X105,0.26582486922582754,210,142,0.26582486922582754
M,330X43,-0.26558933354393915,330,128,0.26558933354393915
J,220X174,0.26550393558847,220,142,0.26550393558847
J,330X256,-0.2654753551524978,330,142,0.2654753551524978
J,330X251,-0.2654084189542448,330,142,0.2654084189542448
J,400X30,0.2653450395288576,400,142,0.2653450395288576
J,330X246,-0.2653079364940169,330,142,0.2653079364940169
M,340X192,0.2653058684284567,340,128,0.2653058684284567
O,312X85,-0.2652905902439123,312,86,0.2652905902439123
O,360X14,-0.2652617949712632,360,86,0.2652617949712632
M,330X49,-0.26499845728443533,330,128,0.26499845728443533
J,312X731,-0.2649090881191723,312,142,0.2649090881191723
N,210X75,-0.2648946233905848,210,266,0.2648946233905848
O,210X125,-0.2647080690246098,210,86,0.2647080690246098
L,210X34,-0.2646017501222401,210,178,0.2646017501222401
J,330X248,-0.264583211284046,330,142,0.264583211284046
M,330X246,-0.2644688815876534,330,128,0.2644688815876534
O,210X138,0.2644026018962838,210,86,0.2644026018962838
J,312X736,-0.264305155861077,312,142,0.264305155861077
L,344X262,-0.2641863228725222,344,178,0.2641863228725222
J,440AX55,0.26410837645521623,UNKNOWN,142,0.26410837645521623
J,440AX212,-0.26403902540426794,UNKNOWN,142,0.26403902540426794
M,330X256,-0.2640388470074137,330,128,0.2640388470074137
O,344X5,0.26400903970300826,344,86,0.26400903970300826
M,310X107,-0.2639493460323511,310,128,0.2639493460323511
L,210X100,0.2637116361200386,210,178,0.2637116361200386
M,520X169,0.2635689231810256,520,128,0.2635689231810256
M,330X236,-0.26356134132357517,330,128,0.26356134132357517
J,440AX143,-0.26318148191433516,UNKNOWN,142,0.26318148191433516
J,311X70,-0.26292380162858037,311,142,0.26292380162858037
J,440AX21,0.2628967982332112,UNKNOWN,142,0.2628967982332112
J,440AX56,0.2628538093561433,UNKNOWN,142,0.2628538093561433
O,310X2,-0.2628288093539949,310,86,0.2628288093539949
O,340X61,0.26272534278371956,340,86,0.26272534278371956
J,312X528,-0.26270271457719874,312,142,0.26270271457719874
N,210X1,0.26258488914320305,210,266,0.26258488914320305
J,330X544,0.2625642620253577,330,142,0.2625642620253577
O,312X445,-0.26255840482511617,312,86,0.26255840482511617
J,330X311,-0.26238365535171077,330,142,0.26238365535171077
J,330X139,0.2623665354519642,330,142,0.2623665354519642
J,750X447,0.2621892915595237,750,142,0.2621892915595237
J,312X100,0.2621855079549516,312,142,0.2621855079549516
J,330X388,-0.2621722881804681,330,142,0.2621722881804681
J,520X17,0.2620550766170445,520,142,0.2620550766170445
N,220X187,0.26201848677062417,220,266,0.26201848677062417
O,312X772,0.26199640684783293,312,86,0.26199640684783293
J,330X144,0.2618964844226572,330,142,0.2618964844226572
N,220X30,-0.26178082742154196,220,266,0.26178082742154196
J,440AX19,0.26146567792781716,UNKNOWN,142,0.26146567792781716
O,312X27,0.26127020089334435,312,86,0.26127020089334435
M,330X412,-0.2612577193814781,330,128,0.2612577193814781
O,312X766,0.26122312659671604,312,86,0.26122312659671604
J,310X147,-0.26115648013258413,310,142,0.26115648013258413
J,312X741,-0.26113764627328306,312,142,0.26113764627328306
M,330X175,-0.2611310367711598,330,128,0.2611310367711598
J,210X182,0.2611257756528666,210,142,0.2611257756528666
J,440AX20,0.26102059857403276,UNKNOWN,142,0.26102059857403276
O,312X760,0.26101544660046183,312,86,0.26101544660046183
J,420X36,-0.2608435910806818,420,142,0.2608435910806818
M,210X87,0.2607259072185951,210,128,0.2607259072185951
J,440AX72,0.2607078995848885,UNKNOWN,142,0.2607078995848885
O,330X890,0.26068563327598526,330,86,0.26068563327598526
M,360X635,0.2606341883886573,360,128,0.2606341883886573
N,220X174,-0.26061830280705756,220,266,0.26061830280705756
J,330X385,-0.26058752166187943,330,142,0.26058752166187943
O,312X597,-0.2605749488074069,312,86,0.2605749488074069
M,750X765,-0.2604204030322056,750,128,0.2604204030322056
O,330X580,-0.2603673387885028,330,86,0.2603673387885028
J,440AX36,0.2602768491744543,UNKNOWN,142,0.2602768491744543
O,340X9,-0.2602689409252743,340,86,0.2602689409252743
J,440AX84,0.26017917996383005,UNKNOWN,142,0.26017917996383005
O,220X170,-0.260138391344508,220,86,0.260138391344508
J,440AX6,0.25977035712798097,UNKNOWN,142,0.25977035712798097
L,ERROR:#N/A_25,-0.25969712007255014,UNKNOWN,178,0.25969712007255014
J,440AX34,0.259640338917565,UNKNOWN,142,0.259640338917565
J,330X923,-0.25939474009334434,330,142,0.25939474009334434
O,210X87,0.25926397556131464,210,86,0.25926397556131464
J,440AX24,0.2592499242107719,UNKNOWN,142,0.2592499242107719
J,440AX75,0.25897580711613044,UNKNOWN,142,0.25897580711613044
J,310X107,0.25894771597624566,310,142,0.25894771597624566
O,312X292,-0.2588318696667283,312,86,0.2588318696667283
N,210X178,-0.25870268928258794,210,266,0.25870268928258794
J,440AX81,0.2585093227632005,UNKNOWN,142,0.2585093227632005
J,440AX35,0.25843921971072187,UNKNOWN,142,0.25843921971072187
J,750X294,0.25832577461717854,750,142,0.25832577461717854
J,312X487,0.2581443288519216,312,142,0.2581443288519216
O,312X762,0.2581294899664361,312,86,0.2581294899664361
O,750X447,0.2577347032834712,750,86,0.2577347032834712
J,210X40,0.25769728349787147,210,142,0.25769728349787147
O,344X73,0.25734693759498783,344,86,0.25734693759498783
J,344X99,0.2573356453037623,344,142,0.2573356453037623
O,330X1157,-0.25723136237170935,330,86,0.25723136237170935
J,440AX4,0.25713492460476134,UNKNOWN,142,0.25713492460476134
O,420X144,0.25705779580820876,420,86,0.25705779580820876
J,440AX82,0.2569944969388604,UNKNOWN,142,0.2569944969388604
J,420X153,0.2569367485335646,420,142,0.2569367485335646
L,210X98,-0.2569079641654889,210,178,0.2569079641654889
J,220X178,-0.25688502901937593,220,142,0.25688502901937593
N,311X24,-0.25687128892277705,311,266,0.25687128892277705
O,220X186,-0.256691655764334,220,86,0.256691655764334
O,420X22,-0.2566368176401576,420,86,0.2566368176401576
J,440AX39,0.25660684654599125,UNKNOWN,142,0.25660684654599125
J,312X240,0.256604216501072,312,142,0.256604216501072
J,440AX33,0.2565322392994031,UNKNOWN,142,0.2565322392994031
N,210X160,-0.2564598692030929,210,266,0.2564598692030929
M,312X61,-0.2563701039886358,312,128,0.2563701039886358
J,440AX87,0.25631700397029933,UNKNOWN,142,0.25631700397029933
J,440AX27,0.25623433760075975,UNKNOWN,142,0.25623433760075975
M,210X189,-0.25616517576755216,210,128,0.25616517576755216
O,344X71,0.2561484915008083,344,86,0.2561484915008083
J,310X178,0.25611708795828075,310,142,0.25611708795828075
O,750X1201,0.2560170474067359,750,86,0.2560170474067359
O,312X774,0.2559883594082853,312,86,0.2559883594082853
J,210X42,0.2559858078482535,210,142,0.2559858078482535
M,440AX118,0.2558614597607888,UNKNOWN,128,0.2558614597607888
J,440AX69,0.2558496950578353,UNKNOWN,142,0.2558496950578353
M,750X1245,-0.25569173084699404,750,128,0.25569173084699404
J,420X114,0.2555464175882428,420,142,0.2555464175882428
J,330X920,-0.25547359820692933,330,142,0.25547359820692933
J,440AX79,0.2554540595373503,UNKNOWN,142,0.2554540595373503
J,440AX25,0.2553703435982772,UNKNOWN,142,0.2553703435982772
O,344X53,0.25525120105830024,344,86,0.25525120105830024
J,440AX90,0.2552336632078755,UNKNOWN,142,0.2552336632078755
J,440AX31,0.2550783604076434,UNKNOWN,142,0.2550783604076434
N,220X31,-0.25506227675574156,220,266,0.25506227675574156
J,440AX5,0.2550028279234514,UNKNOWN,142,0.2550028279234514
O,210X55,0.2549885867713247,210,86,0.2549885867713247
O,312X198,0.25492739770813266,312,86,0.25492739770813266
O,210X122,0.2549260483193707,210,86,0.2549260483193707
J,440AX70,0.25485991198610447,UNKNOWN,142,0.25485991198610447
O,220X116,-0.2548538702612382,220,86,0.2548538702612382
J,440AX60,0.2548506232454759,UNKNOWN,142,0.2548506232454759
J,440AX26,0.25478674719817745,UNKNOWN,142,0.25478674719817745
J,312X729,-0.25476597631227643,312,142,0.25476597631227643
J,210X173,-0.2547294407238043,210,142,0.2547294407238043
J,312X89,0.2547177181967841,312,142,0.2547177181967841
J,440AX37,0.25471280382070827,UNKNOWN,142,0.25471280382070827
O,330X107,-0.2546358085083427,330,86,0.2546358085083427
O,312X349,-0.2545924115572629,312,86,0.2545924115572629
O,344X55,0.25451061630387095,344,86,0.25451061630387095
J,344X239,-0.2544519135077431,344,142,0.2544519135077431
M,210X99,-0.2544076336423504,210,128,0.2544076336423504
L,ERROR:#N/A_6,0.25429994029429853,UNKNOWN,178,0.25429994029429853
J,311X71,-0.254266649800805,311,142,0.254266649800805
O,340X51,-0.25426201164853307,340,86,0.25426201164853307
J,440AX85,0.2542498788500315,UNKNOWN,142,0.2542498788500315
J,440AX51,0.2541991845559341,UNKNOWN,142,0.2541991845559341
M,310X206,0.25418160723726163,310,128,0.25418160723726163
M,340X195,-0.25416449534595914,340,128,0.25416449534595914
J,440AX73,0.2540530447195369,UNKNOWN,142,0.2540530447195369
J,440AX102,0.25395140857285836,UNKNOWN,142,0.25395140857285836
J,312X87,0.25391919865455626,312,142,0.25391919865455626
M,340X31,0.2537681470241473,340,128,0.2537681470241473
O,210X53,0.2536462899946341,210,86,0.2536462899946341
J,440AX38,0.25340426257109494,UNKNOWN,142,0.25340426257109494
J,330X188,-0.2533736385748049,330,142,0.2533736385748049
J,440AX22,0.25331021028701095,UNKNOWN,142,0.25331021028701095
J,440AX88,0.2531946807039919,UNKNOWN,142,0.2531946807039919
J,440AX93,0.2530547014564934,UNKNOWN,142,0.2530547014564934
O,330X495,-0.2530051023098994,330,86,0.2530051023098994
J,440AX67,0.25289550362547847,UNKNOWN,142,0.25289550362547847
O,750X1105,-0.2528882493149741,750,86,0.2528882493149741
O,210X116,0.2528310088072108,210,86,0.2528310088072108
O,220X112,-0.25279770574298677,220,86,0.25279770574298677
J,330X321,-0.2527966447608784,330,142,0.2527966447608784
J,440AX49,0.2526070315222569,UNKNOWN,142,0.2526070315222569
M,520X31,-0.25256886714503074,520,128,0.25256886714503074
J,440AX100,0.2525414644193184,UNKNOWN,142,0.2525414644193184
J,330X361,-0.2524872689826214,330,142,0.2524872689826214
L,210X82,-0.25234743980886754,210,178,0.25234743980886754
J,440AX48,0.2523139152761792,UNKNOWN,142,0.2523139152761792
M,440AX138,0.2523118111080112,UNKNOWN,128,0.2523118111080112
M,440AX116,0.25222835909073105,UNKNOWN,128,0.25222835909073105
O,360X659,-0.25216208789548805,360,86,0.25216208789548805
J,312X337,-0.25203762481953995,312,142,0.25203762481953995
O,420X20,-0.25198826752389647,420,86,0.25198826752389647
J,440AX86,0.2519490686932109,UNKNOWN,142,0.2519490686932109
J,440AX63,0.251946010346727,UNKNOWN,142,0.251946010346727
O,311X164,0.25179695698625765,311,86,0.25179695698625765
J,344X235,-0.25175045174798355,344,142,0.25175045174798355
J,330X806,0.2516022595386265,330,142,0.2516022595386265
J,312X353,0.2515556492454519,312,142,0.2515556492454519
J,330X121,0.25153090239050735,330,142,0.25153090239050735
J,330X926,-0.2514929946708031,330,142,0.2514929946708031
J,360X637,-0.2514683093669951,360,142,0.2514683093669951
J,440AX30,0.2514540305354341,UNKNOWN,142,0.2514540305354341
J,440AX83,0.2514468278615347,UNKNOWN,142,0.2514468278615347
J,440AX32,0.25137608535815764,UNKNOWN,142,0.25137608535815764
O,330X407,-0.25121815473637527,330,86,0.25121815473637527
J,440AX15,0.2512129302114457,UNKNOWN,142,0.2512129302114457
N,220X183,0.25112189467190354,220,266,0.25112189467190354
J,440AX89,0.2511215520950603,UNKNOWN,142,0.2511215520950603
J,330X135,0.2511019535592536,330,142,0.2511019535592536
M,340X53,0.2510927787337175,340,128,0.2510927787337175
O,360X296,-0.2510625063712834,360,86,0.2510625063712834
O,360X1391,-0.2510311029866693,360,86,0.2510311029866693
J,360X543,0.25103030736003734,360,142,0.25103030736003734
O,311X55,0.2509622483945323,311,86,0.2509622483945323
J,440AX50,0.25092188885738875,UNKNOWN,142,0.25092188885738875
O,310X13,0.25091821741713777,310,86,0.25091821741713777
L,210X145,-0.2508722461620732,210,178,0.2508722461620732
J,440AX96,0.25087174900107106,UNKNOWN,142,0.25087174900107106
O,220X178,0.2508436824964259,220,86,0.2508436824964259
J,440AX46,0.25082742268567265,UNKNOWN,142,0.25082742268567265
J,312X735,-0.25079759726796974,312,142,0.25079759726796974
J,440AX101,0.2507855338863799,UNKNOWN,142,0.2507855338863799
J,312X88,0.2507434246509933,312,142,0.2507434246509933
J,440AX68,0.2506922047151352,UNKNOWN,142,0.2506922047151352
O,340X73,0.2506459984742274,340,86,0.2506459984742274
O,312X752,0.2505725580027323,312,86,0.2505725580027323
J,440AX13,0.2505459955460343,UNKNOWN,142,0.2505459955460343
M,440AX151,0.25047157816196214,UNKNOWN,128,0.25047157816196214
J,440AX14,0.25034991668711104,UNKNOWN,142,0.25034991668711104
O,340X53,-0.25033112217537445,340,86,0.25033112217537445
J,312X48,0.2503067757236904,312,142,0.2503067757236904
J,440AX71,0.2502633862663227,UNKNOWN,142,0.2502633862663227
M,750X157,-0.2502438139377742,750,128,0.2502438139377742
J,440AX58,0.25019119054012406,UNKNOWN,142,0.25019119054012406
J,750X565,0.2501429633666551,750,142,0.2501429633666551
O,330X983,-0.25002147588792145,330,86,0.25002147588792145
M,440AX182,0.2499753942929635,UNKNOWN,128,0.2499753942929635
M,440AX203,0.2499741207375642,UNKNOWN,128,0.2499741207375642
J,440AX28,0.24991249505836183,UNKNOWN,142,0.24991249505836183
J,440AX23,0.2498835451660881,UNKNOWN,142,0.2498835451660881
J,440AX80,0.2498443156150115,UNKNOWN,142,0.2498443156150115
O,750X987,0.24980022018522458,750,86,0.24980022018522458
M,440AX149,0.24977873524482974,UNKNOWN,128,0.24977873524482974
J,440AX74,0.2496879308050791,UNKNOWN,142,0.2496879308050791
M,440AX193,0.24966184003410047,UNKNOWN,128,0.24966184003410047
J,440AX47,0.2496378403511994,UNKNOWN,142,0.2496378403511994
O,344X86,0.24963557327192745,344,86,0.24963557327192745
M,750X1,0.2496174660704938,750,128,0.2496174660704938
M,440AX201,0.249489331947015,UNKNOWN,128,0.249489331947015
M,440AX205,0.2494335150592615,UNKNOWN,128,0.2494335150592615
M,440AX192,0.24924433204121543,UNKNOWN,128,0.24924433204121543
M,440AX180,0.24913408973561071,UNKNOWN,128,0.24913408973561071
M,440AX170,0.24908946168332527,UNKNOWN,128,0.24908946168332527
M,440AX168,0.24906295564207567,UNKNOWN,128,0.24906295564207567
O,330X16,-0.24903623725993762,330,86,0.24903623725993762
M,440AX189,0.2490092908823969,UNKNOWN,128,0.2490092908823969
M,440AX57,-0.24899149874573367,UNKNOWN,128,0.24899149874573367
M,440AX117,0.24897533658160423,UNKNOWN,128,0.24897533658160423
M,440AX181,0.2489066428362393,UNKNOWN,128,0.2489066428362393
M,440AX169,0.24890568577028546,UNKNOWN,128,0.24890568577028546
M,440AX204,0.24883901119995314,UNKNOWN,128,0.24883901119995314
M,210X69,-0.24878268370440984,210,128,0.24878268370440984
M,440AX55,-0.24875151268308168,UNKNOWN,128,0.24875151268308168
M,440AX72,-0.24873344323404756,UNKNOWN,128,0.24873344323404756
M,520X285,-0.24870125592857015,520,128,0.24870125592857015
M,440AX202,0.24869865514209802,UNKNOWN,128,0.24869865514209802
M,440AX194,0.24866723983550987,UNKNOWN,128,0.24866723983550987
M,440AX190,0.24861217604016253,UNKNOWN,128,0.24861217604016253
M,440AX191,0.2485113954652747,UNKNOWN,128,0.2485113954652747
M,330X492,-0.24850154891567805,330,128,0.24850154891567805
M,440AX206,0.24848110449436178,UNKNOWN,128,0.24848110449436178
O,750X392,0.2484429383575188,750,86,0.2484429383575188
M,440AX56,-0.24840001642116882,UNKNOWN,128,0.24840001642116882
M,440AX200,0.24835408616743815,UNKNOWN,128,0.24835408616743815
O,312X767,0.24832616199047527,312,86,0.24832616199047527
J,312X486,0.2483260007895539,312,142,0.2483260007895539
J,420X215,-0.2482885315784746,420,142,0.2482885315784746
O,220X120,-0.24824056818919818,220,86,0.24824056818919818
O,210X128,0.2482353373147507,210,86,0.2482353373147507
M,440AX150,0.248197076274215,UNKNOWN,128,0.248197076274215
O,220X124,-0.24817316455571012,220,86,0.24817316455571012
N,220X166,0.24801294090206333,220,266,0.24801294090206333
J,440AX91,0.24799768442711848,UNKNOWN,142,0.24799768442711848
O,312X287,-0.2479660012932187,312,86,0.2479660012932187
M,440AX128,0.24793883747788667,UNKNOWN,128,0.24793883747788667
O,312X43,0.24790880821143835,312,86,0.24790880821143835
O,340X31,0.24787929486298416,340,86,0.24787929486298416
J,440AX99,0.2478345550351551,UNKNOWN,142,0.2478345550351551
O,330X514,-0.24779867940505684,330,86,0.24779867940505684
J,440AX12,0.24775975948514312,UNKNOWN,142,0.24775975948514312
O,210X6,-0.24774682543115806,210,86,0.24774682543115806
J,312X480,0.24774299219160878,312,142,0.24774299219160878
M,440AX63,-0.24770227731214622,UNKNOWN,128,0.24770227731214622
M,440AX130,0.24757791360383438,UNKNOWN,128,0.24757791360383438
M,210X71,-0.2475329439797712,210,128,0.2475329439797712
O,520X267,0.24747555323145273,520,86,0.24747555323145273
O,220X128,-0.2474584805355641,220,86,0.2474584805355641
O,420X78,-0.24743018791442697,420,86,0.24743018791442697
L,210X105,-0.2474138243793503,210,178,0.2474138243793503
J,440AX9,0.24741312828772793,UNKNOWN,142,0.24741312828772793
J,750X685,-0.24723771816350593,750,142,0.24723771816350593
M,440AX84,-0.24718257437470859,UNKNOWN,128,0.24718257437470859
J,440AX45,0.24710171713917128,UNKNOWN,142,0.24710171713917128
O,312X761,0.24706456672115562,312,86,0.24706456672115562
O,311X182,0.2470464026980348,311,86,0.2470464026980348
O,311X197,0.24699741948733306,311,86,0.24699741948733306
M,440AX172,0.24696103671206898,UNKNOWN,128,0.24696103671206898
O,520X165,-0.24691231773857536,520,86,0.24691231773857536
M,750X543,-0.24687759040044932,750,128,0.24687759040044932
M,440AX171,0.24683926010615442,UNKNOWN,128,0.24683926010615442
J,330X341,-0.24683588879306842,330,142,0.24683588879306842
M,750X455,-0.24682329091403607,750,128,0.24682329091403607
J,440AX66,0.24674043762571052,UNKNOWN,142,0.24674043762571052
J,440AX29,0.2466885819377062,UNKNOWN,142,0.2466885819377062
M,440AX74,-0.24668756993216323,UNKNOWN,128,0.24668756993216323
J,220X180,0.24666938980659797,220,142,0.24666938980659797
M,330X123,-0.24666641267883882,330,128,0.24666641267883882
O,ERROR:#N/A_23,-0.24666217433584103,UNKNOWN,86,0.24666217433584103
J,210X114,-0.2465817221444077,210,142,0.2465817221444077
J,210X19,0.24656544210698753,210,142,0.24656544210698753
N,210X125,-0.24655144655852373,210,266,0.24655144655852373
M,440AX70,-0.24651675388011202,UNKNOWN,128,0.24651675388011202
M,440AX73,-0.24646578738880073,UNKNOWN,128,0.24646578738880073
O,311X193,0.24640609263420532,311,86,0.24640609263420532
M,440AX198,0.2463590622184974,UNKNOWN,128,0.2463590622184974
N,220X32,-0.24632838203836988,220,266,0.24632838203836988
J,330X241,-0.24628497943002867,330,142,0.24628497943002867
M,440AX173,0.24628101073828207,UNKNOWN,128,0.24628101073828207
M,440AX75,-0.2462087714067924,UNKNOWN,128,0.2462087714067924
L,210X107,-0.2461692157008873,210,178,0.2461692157008873
J,210X180,0.24613706662389295,210,142,0.24613706662389295
J,440AX97,0.24608254277720193,UNKNOWN,142,0.24608254277720193
J,344X94,0.24603473039322601,344,142,0.24603473039322601
M,440AX160,0.2459995434365899,UNKNOWN,128,0.2459995434365899
M,440AX179,0.2459115061452318,UNKNOWN,128,0.2459115061452318
O,312X303,-0.24586239699151322,312,86,0.24586239699151322
J,440AX61,0.24586219207232696,UNKNOWN,142,0.24586219207232696
O,312X531,-0.2458354513784905,312,86,0.2458354513784905
O,340X192,0.24572645197377127,340,86,0.24572645197377127
M,440AX129,0.24568268634948556,UNKNOWN,128,0.24568268634948556
J,440AX7,0.24564306087762247,UNKNOWN,142,0.24564306087762247
M,440AX82,-0.24559900472452423,UNKNOWN,128,0.24559900472452423
M,440AX60,-0.2455786790554982,UNKNOWN,128,0.2455786790554982
M,440AX177,0.2455400090726341,UNKNOWN,128,0.2455400090726341
M,210X146,-0.2454924564785655,210,128,0.2454924564785655
N,210X105,0.24534157257741926,210,266,0.24534157257741926
M,440AX176,0.24534137105998305,UNKNOWN,128,0.24534137105998305
M,440AX159,0.24534048029138472,UNKNOWN,128,0.24534048029138472
M,440AX20,-0.2453174596680751,UNKNOWN,128,0.2453174596680751
M,440AX69,-0.24520112561726126,UNKNOWN,128,0.24520112561726126
O,520X264,0.2451772990057869,520,86,0.2451772990057869
M,360X228,-0.24506690111438217,360,128,0.24506690111438217
M,440AX187,0.24501972305774355,UNKNOWN,128,0.24501972305774355
J,360X434,-0.24496735271608897,360,142,0.24496735271608897
M,750X425,-0.2449666607982487,750,128,0.2449666607982487
M,440AX178,0.24492048521964052,UNKNOWN,128,0.24492048521964052
O,344X146,-0.24487367156073087,344,86,0.24487367156073087
M,440AX212,0.2447957058340681,UNKNOWN,128,0.2447957058340681
J,440AX43,0.24473298061667204,UNKNOWN,142,0.24473298061667204
M,340X75,-0.24471226734104623,340,128,0.24471226734104623
M,440AX137,0.24465761548262743,UNKNOWN,128,0.24465761548262743
M,440AX161,0.24453046066648115,UNKNOWN,128,0.24453046066648115
M,310X207,-0.24449842037118863,310,128,0.24449842037118863
M,440AX19,-0.24446757610383132,UNKNOWN,128,0.24446757610383132
M,440AX81,-0.2444380599536899,UNKNOWN,128,0.2444380599536899
J,440AX64,0.2444147820765424,UNKNOWN,142,0.2444147820765424
M,440AX67,-0.24437002277749537,UNKNOWN,128,0.24437002277749537
M,440AX207,-0.24430631594846977,UNKNOWN,128,0.24430631594846977
J,420X116,0.24429091039553674,420,142,0.24429091039553674
M,440AX71,-0.24424155256605962,UNKNOWN,128,0.24424155256605962
O,330X211,-0.24415010487418565,330,86,0.24415010487418565
M,440AX24,-0.24414512140956204,UNKNOWN,128,0.24414512140956204
J,440AX98,0.24411286455120954,UNKNOWN,142,0.24411286455120954
J,330X800,0.24409775474073653,330,142,0.24409775474073653
J,312X704,0.24405286373473709,312,142,0.24405286373473709
O,330X208,-0.2440505281388911,330,86,0.2440505281388911
M,440AX79,-0.2439087208722457,UNKNOWN,128,0.2439087208722457
M,440AX68,-0.24387451337643815,UNKNOWN,128,0.24387451337643815
M,440AX174,0.24385894603351232,UNKNOWN,128,0.24385894603351232
O,420X133,0.2438499239053228,420,86,0.2438499239053228
O,420X146,0.24384992390522567,420,86,0.24384992390522567
N,220X179,0.24377029575778014,220,266,0.24377029575778014
N,220X182,0.24377029575771117,220,266,0.24377029575771117
N,220X181,-0.24377029575771023,220,266,0.24377029575771023
J,750X359,-0.24369195660627274,750,142,0.24369195660627274
M,440AX21,-0.2436878309645326,UNKNOWN,128,0.2436878309645326
J,440AX78,0.24365608627001054,UNKNOWN,142,0.24365608627001054
J,360X368,0.2436319182078852,360,142,0.2436319182078852
O,312X37,0.24360509514110631,312,86,0.24360509514110631
J,330X175,0.2436003423165309,330,142,0.2436003423165309
J,344X237,-0.24354111185884056,344,142,0.24354111185884056
J,220X194,0.24350897071611502,220,142,0.24350897071611502
M,330X458,-0.24338363469338314,330,128,0.24338363469338314
J,210X36,0.243367411280488,210,142,0.243367411280488
M,440AX87,-0.2433627328788809,UNKNOWN,128,0.2433627328788809
M,440AX199,0.24330850857753175,UNKNOWN,128,0.24330850857753175
J,300X1,-0.24324178022022244,300,142,0.24324178022022244
J,750X1094,-0.24320633985630138,750,142,0.24320633985630138
N,220X171,0.2432039639256928,220,266,0.2432039639256928
M,440AX102,-0.2431123815165891,UNKNOWN,128,0.2431123815165891
J,440AX59,0.24307202728787308,UNKNOWN,142,0.24307202728787308
M,440AX100,-0.24303587792908515,UNKNOWN,128,0.24303587792908515
J,440AX8,0.24293026308799362,UNKNOWN,142,0.24293026308799362
N,220X168,0.24284558316465205,220,266,0.24284558316465205
M,440AX175,0.24282881545268425,UNKNOWN,128,0.24282881545268425
O,210X231,-0.24270892049843246,210,86,0.24270892049843246
M,440AX101,-0.2427050642858714,UNKNOWN,128,0.2427050642858714
J,330X769,-0.24270250665683205,330,142,0.24270250665683205
L,210X153,0.2426779776344831,210,178,0.2426779776344831
M,440AX188,0.2426761104405518,UNKNOWN,128,0.2426761104405518
J,220X163,0.24266817421024464,220,142,0.24266817421024464
O,312X644,0.2425680231171527,312,86,0.2425680231171527
O,312X256,0.24255163704803623,312,86,0.24255163704803623
M,330X488,-0.2425104952631617,330,128,0.2425104952631617
M,750X508,0.2423802329063907,750,128,0.2423802329063907
M,440AX166,0.24237595790813843,UNKNOWN,128,0.24237595790813843
J,440AX10,0.24237471832427604,UNKNOWN,142,0.24237471832427604
M,440AX90,-0.24236074610105213,UNKNOWN,128,0.24236074610105213
M,440AX186,0.24235402086093846,UNKNOWN,128,0.24235402086093846
O,312X280,-0.24230127214721647,312,86,0.24230127214721647
M,440AX58,-0.24228699883020888,UNKNOWN,128,0.24228699883020888
O,520X263,0.24222852445533916,520,86,0.24222852445533916
M,440AX22,-0.24221917688483266,UNKNOWN,128,0.24221917688483266
M,440AX88,-0.2421957285184974,UNKNOWN,128,0.2421957285184974
M,440AX27,-0.24219267685117055,UNKNOWN,128,0.24219267685117055
O,300X1,0.24215300210611904,300,86,0.24215300210611904
M,440AX36,-0.24211328486248537,UNKNOWN,128,0.24211328486248537
M,440AX141,0.24205438175512495,UNKNOWN,128,0.24205438175512495
M,440AX89,-0.24204550959190094,UNKNOWN,128,0.24204550959190094
M,311X107,-0.2420122862210211,311,128,0.2420122862210211
J,440AX65,0.2419738781676746,UNKNOWN,142,0.2419738781676746
M,440AX85,-0.24190025017352762,UNKNOWN,128,0.24190025017352762
M,440AX51,-0.2418832568733155,UNKNOWN,128,0.2418832568733155
M,440AX25,-0.24187165563421875,UNKNOWN,128,0.24187165563421875
M,440AX34,-0.24180246116514253,UNKNOWN,128,0.24180246116514253
J,440AX44,0.24177461917429208,UNKNOWN,142,0.24177461917429208
L,210X84,-0.24175771974906826,210,178,0.24175771974906826
N,220X196,-0.2417416360083084,220,266,0.2417416360083084
O,330X642,0.24167722387843962,330,86,0.24167722387843962
J,750X47,-0.2416590326956876,750,142,0.2416590326956876
M,440AX99,-0.24159470951470563,UNKNOWN,128,0.24159470951470563
J,ERROR:#N/A_20,-0.24159245978510274,UNKNOWN,142,0.24159245978510274
M,440AX26,-0.2415809830984283,UNKNOWN,128,0.2415809830984283
M,440AX35,-0.24150752749111018,UNKNOWN,128,0.24150752749111018
M,440AX97,-0.2414633654462668,UNKNOWN,128,0.2414633654462668
O,312X773,0.2414366902963719,312,86,0.2414366902963719
M,440AX6,-0.2413350809547826,UNKNOWN,128,0.2413350809547826
M,440AX98,-0.2413095840531537,UNKNOWN,128,0.2413095840531537
M,440AX165,0.24127993525440683,UNKNOWN,128,0.24127993525440683
M,440AX23,-0.24115386905239405,UNKNOWN,128,0.24115386905239405
J,440AX94,0.2411195957532319,UNKNOWN,142,0.2411195957532319
J,420X188,0.2411186046657179,420,142,0.2411186046657179
J,420X189,0.24111860466571264,420,142,0.24111860466571264
J,750X475,-0.24109812707338477,750,142,0.24109812707338477
O,750X475,-0.24109812707336042,750,86,0.24109812707336042
M,440AX61,-0.24093511895948022,UNKNOWN,128,0.24093511895948022
M,440AX167,0.24093341340525387,UNKNOWN,128,0.24093341340525387
J,420X4,-0.24092220335985595,420,142,0.24092220335985595
M,440AX93,-0.24090788564747814,UNKNOWN,128,0.24090788564747814
M,440AX153,0.24083158249396416,UNKNOWN,128,0.24083158249396416
N,220X167,0.24079191439655812,220,266,0.24079191439655812
J,312X31,-0.24071497755165938,312,142,0.24071497755165938
J,330X803,0.2406846329858735,330,142,0.2406846329858735
M,440AX4,-0.24068019435774177,UNKNOWN,128,0.24068019435774177
O,210X63,0.24066102713866744,210,86,0.24066102713866744
M,440AX83,-0.24061614427147304,UNKNOWN,128,0.24061614427147304
J,750X532,0.24059040247387622,750,142,0.24059040247387622
M,440AX15,-0.24054394124571452,UNKNOWN,128,0.24054394124571452
M,440AX86,-0.24052359187484484,UNKNOWN,128,0.24052359187484484
M,330X407,0.24050850032011542,330,128,0.24050850032011542
M,440AX9,-0.24044735242191256,UNKNOWN,128,0.24044735242191256
M,340X73,-0.24043773199476684,340,128,0.24043773199476684
M,440AX184,0.24039329987433491,UNKNOWN,128,0.24039329987433491
M,440AX13,-0.2403336644048263,UNKNOWN,128,0.2403336644048263
J,440AX76,0.24030584731591306,UNKNOWN,142,0.24030584731591306
M,440AX14,-0.2402624029924086,UNKNOWN,128,0.2402624029924086
O,330X51,0.24026230481421182,330,86,0.24026230481421182
M,440AX39,-0.24021947352094553,UNKNOWN,128,0.24021947352094553
O,210X136,0.240177293672317,210,86,0.240177293672317
M,440AX5,-0.2401515773131099,UNKNOWN,128,0.2401515773131099
M,440AX80,-0.24014789438409168,UNKNOWN,128,0.24014789438409168
J,420X91,-0.24004128870455166,420,142,0.24004128870455166
M,330X505,-0.24001711119031385,330,128,0.24001711119031385
M,220X28,0.2399882831591304,220,128,0.2399882831591304
M,440AX49,-0.23990918107459208,UNKNOWN,128,0.23990918107459208
M,440AX152,0.2399087245261512,UNKNOWN,128,0.2399087245261512
M,440AX48,-0.23983177738221245,UNKNOWN,128,0.23983177738221245
M,330X478,-0.23982757108843636,330,128,0.23982757108843636
J,311X67,-0.23981170579237904,311,142,0.23981170579237904
M,440AX154,0.23970825368520965,UNKNOWN,128,0.23970825368520965
M,440AX37,-0.23969401486976047,UNKNOWN,128,0.23969401486976047
M,440AX12,-0.23967977492785297,UNKNOWN,128,0.23967977492785297
M,440AX59,-0.239657544080681,UNKNOWN,128,0.239657544080681
M,360X307,0.23959473000988948,360,128,0.23959473000988948
M,440AX66,-0.23954109365704743,UNKNOWN,128,0.23954109365704743
L,210X5,0.23951289585297533,210,178,0.23951289585297533
M,750X436,-0.23950955454134487,750,128,0.23950955454134487
M,440AX46,-0.23948534942367652,UNKNOWN,128,0.23948534942367652
J,312X734,-0.23942665822564713,312,142,0.23942665822564713
M,440AX91,-0.23942550174464267,UNKNOWN,128,0.23942550174464267
O,220X195,-0.2393953176294283,220,86,0.2393953176294283
J,440AX92,0.23928418468447307,UNKNOWN,142,0.23928418468447307
N,220X142,-0.23924971711487097,220,266,0.23924971711487097
M,440AX64,-0.23918559031080866,UNKNOWN,128,0.23918559031080866
J,310X150,-0.23913102896461058,310,142,0.23913102896461058
J,360X149,0.2390988630418431,360,142,0.2390988630418431
M,440AX38,-0.2390915532013898,UNKNOWN,128,0.2390915532013898
J,300X8,-0.23906607317774717,300,142,0.23906607317774717
M,440AX47,-0.2390553701690846,UNKNOWN,128,0.2390553701690846
O,344X43,0.23903476771872675,344,86,0.23903476771872675
M,440AX183,0.23900007040854643,UNKNOWN,128,0.23900007040854643
M,440AX33,-0.2389737557759392,UNKNOWN,128,0.2389737557759392
M,440AX45,-0.23894869990461542,UNKNOWN,128,0.23894869990461542
M,440AX140,0.2388659930760604,UNKNOWN,128,0.2388659930760604
M,440AX120,0.23877409005265474,UNKNOWN,128,0.23877409005265474
M,440AX65,-0.23870798966061776,UNKNOWN,128,0.23870798966061776
M,440AX31,-0.2385832117556939,UNKNOWN,128,0.2385832117556939
M,440AX50,-0.2385616486053551,UNKNOWN,128,0.2385616486053551
M,440AX78,-0.23852092099293704,UNKNOWN,128,0.23852092099293704
O,220X180,-0.23839975598971486,220,86,0.23839975598971486
J,312X82,0.2383952252554389,312,142,0.2383952252554389
M,440AX185,0.23835391166722397,UNKNOWN,128,0.23835391166722397
O,750X403,0.2383359456102383,750,86,0.2383359456102383
M,440AX43,-0.23830704889414941,UNKNOWN,128,0.23830704889414941
J,312X41,0.23825659511966385,312,142,0.23825659511966385
J,440AX11,0.238208050482196,UNKNOWN,142,0.238208050482196
M,440AX142,0.23815727034581488,UNKNOWN,128,0.23815727034581488
M,520X167,0.2381214876669062,520,128,0.2381214876669062
M,311X112,-0.2381177593304197,311,128,0.2381177593304197
J,330X238,-0.23799961699310057,330,142,0.23799961699310057
M,440AX30,-0.23798785743762094,UNKNOWN,128,0.23798785743762094
M,440AX76,-0.23797418819957739,UNKNOWN,128,0.23797418819957739
M,312X153,-0.23791196908672377,312,128,0.23791196908672377
O,330X144,-0.2378456556587909,330,86,0.2378456556587909
J,330X76,-0.23781748841050943,330,142,0.23781748841050943
M,520X143,-0.2378144345145084,520,128,0.2378144345145084
N,220X53,0.23775392647746238,220,266,0.23775392647746238
M,440AX7,-0.23771069312026055,UNKNOWN,128,0.23771069312026055
M,440AX28,-0.23766187761762056,UNKNOWN,128,0.23766187761762056
J,312X77,0.23765830069060986,312,142,0.23765830069060986
M,520X283,-0.23765399844875776,520,128,0.23765399844875776
J,440AX62,0.2376381133297302,UNKNOWN,142,0.2376381133297302
J,311X69,-0.23761855490637324,311,142,0.23761855490637324
M,440AX10,-0.23756848032353298,UNKNOWN,128,0.23756848032353298
O,310X22,-0.23755337652144876,310,86,0.23755337652144876
O,520X287,0.23747544913424104,520,86,0.23747544913424104
O,220X188,-0.23747149594379643,220,86,0.23747149594379643
O,330X597,-0.23744914924598295,330,86,0.23744914924598295
O,330X669,-0.23744591441507754,330,86,0.23744591441507754
M,440AX119,0.23744211837237444,UNKNOWN,128,0.23744211837237444
O,330X1042,-0.2374219931718116,330,86,0.2374219931718116
J,312X597,0.23739693612705737,312,142,0.23739693612705737
M,312X154,-0.23735697218151477,312,128,0.23735697218151477
J,440AX77,0.23733909971172928,UNKNOWN,142,0.23733909971172928
O,340X59,0.23730564514770489,340,86,0.23730564514770489
O,520X266,0.2372506712357966,520,86,0.2372506712357966
O,330X559,-0.23717071484405225,330,86,0.23717071484405225
M,440AX77,-0.2371653982784417,UNKNOWN,128,0.2371653982784417
J,312X83,0.2371051498890219,312,142,0.2371051498890219
M,220X186,0.23703851157008182,220,128,0.23703851157008182
J,330X73,-0.23695560101266133,330,142,0.23695560101266133
M,360X115,-0.23684482777179972,360,128,0.23684482777179972
J,312X740,-0.236796772641794,312,142,0.236796772641794
M,440AX32,-0.23673447536668946,UNKNOWN,128,0.23673447536668946
M,440AX44,-0.23673328364262855,UNKNOWN,128,0.23673328364262855
M,312X155,-0.2366251816109681,312,128,0.2366251816109681
O,210X61,0.23661813513776547,210,86,0.23661813513776547
M,440AX29,-0.23661731316919318,UNKNOWN,128,0.23661731316919318
N,750X434,0.23657163250125834,750,266,0.23657163250125834
O,330X274,-0.23635708781035664,330,86,0.23635708781035664
O,330X31,-0.2363449486799448,330,86,0.2363449486799448
M,360X25,0.23632994712138752,360,128,0.23632994712138752
J,312X358,0.2363288847919955,312,142,0.2363288847919955
J,344X34,-0.2363183416815068,344,142,0.2363183416815068
O,344X212,0.23631089510092765,344,86,0.23631089510092765
O,360X109,-0.23626007031289956,360,86,0.23626007031289956
J,312X78,0.23620857671898324,312,142,0.23620857671898324
M,440AX96,-0.2361945173820539,UNKNOWN,128,0.2361945173820539
M,440AX92,-0.23617437033241817,UNKNOWN,128,0.23617437033241817
O,750X710,0.23610084665446668,750,86,0.23610084665446668
O,220X53,0.23606295667771657,220,86,0.23606295667771657
J,312X72,0.23600573113022286,312,142,0.23600573113022286
M,440AX8,-0.23598208894951517,UNKNOWN,128,0.23598208894951517
O,312X632,0.23596528647837614,312,86,0.23596528647837614
M,360X743,-0.23595548935091143,360,128,0.23595548935091143
J,312X16,0.23586597470728637,312,142,0.23586597470728637
M,440AX11,-0.23584865068043187,UNKNOWN,128,0.23584865068043187
O,330X769,-0.235800630717202,330,86,0.235800630717202
J,440AX18,0.23579541395410758,UNKNOWN,142,0.23579541395410758
O,210X130,0.2357898762141747,210,86,0.2357898762141747
O,220X132,-0.2357049488856034,220,86,0.2357049488856034
O,220X142,-0.23570210308755363,220,86,0.23570210308755363
O,750X1291,0.2356260526443641,750,86,0.2356260526443641
M,440AX197,0.23557197573242264,UNKNOWN,128,0.23557197573242264
J,750X176,0.23555391259708489,750,142,0.23555391259708489
O,310X96,0.23533557461535834,310,86,0.23533557461535834
J,440AX42,0.23532670991564963,UNKNOWN,142,0.23532670991564963
O,311X7,0.23496421871622572,311,86,0.23496421871622572
N,210X58,-0.2349341458419649,210,266,0.2349341458419649
J,330X79,-0.23492398527644143,330,142,0.23492398527644143
O,312X696,-0.23485774954860777,312,86,0.23485774954860777
J,440AX17,0.2347350263975526,UNKNOWN,142,0.2347350263975526
M,330X152,-0.23467210926787274,330,128,0.23467210926787274
M,440AX163,0.23459420448137314,UNKNOWN,128,0.23459420448137314
J,312X71,0.23458978685143414,312,142,0.23458978685143414
J,312X84,0.23414655413634738,312,142,0.23414655413634738
J,440AX16,0.23383061052965237,UNKNOWN,142,0.23383061052965237
M,440AX108,0.23381042748680342,UNKNOWN,128,0.23381042748680342
L,220X71,-0.23380573357387965,220,178,0.23380573357387965
O,344X250,0.23377883676253844,344,86,0.23377883676253844
M,420X94,0.2337708910617546,420,128,0.2337708910617546
O,310X43,0.23376899020828004,310,86,0.23376899020828004
O,520X291,0.2336748869673485,520,86,0.2336748869673485
J,312X592,0.23353927883873546,312,142,0.23353927883873546
J,360X133,0.23351436666143952,360,142,0.23351436666143952
O,311X196,0.2334999340935642,311,86,0.2334999340935642
M,440AX195,0.2334652935711646,UNKNOWN,128,0.2334652935711646
O,520X167,-0.23336611427425527,520,86,0.23336611427425527
M,220X8,-0.23331070783534877,220,128,0.23331070783534877
O,210X126,0.23330198669161298,210,86,0.23330198669161298
J,330X66,-0.23323537985102127,330,142,0.23323537985102127
M,440AX94,-0.23319018264693658,UNKNOWN,128,0.23319018264693658
J,312X728,-0.23318926257695258,312,142,0.23318926257695258
O,330X1210,-0.23314285581787195,330,86,0.23314285581787195
O,330X348,0.23313225239477003,330,86,0.23313225239477003
J,340X151,-0.23309226854690357,340,142,0.23309226854690357
M,750X532,-0.23309049521261685,750,128,0.23309049521261685
J,340X149,-0.23308512481654645,340,142,0.23308512481654645
M,440AX62,-0.2330302356986887,UNKNOWN,128,0.2330302356986887
J,440AX40,0.23302787305997413,UNKNOWN,142,0.23302787305997413
M,360X995,0.23300092459421254,360,128,0.23300092459421254
L,220X79,-0.2329826782270314,220,178,0.2329826782270314
L,220X95,-0.2329825667280594,220,178,0.2329825667280594
L,220X91,-0.23298255325516343,220,178,0.23298255325516343
L,220X75,-0.2329825400836212,220,178,0.2329825400836212
L,220X87,-0.23298235595417932,220,178,0.23298235595417932
L,220X83,-0.23298208524473224,220,178,0.23298208524473224
L,220X67,-0.23298158997184998,220,178,0.23298158997184998
J,330X63,-0.23295977005795115,330,142,0.23295977005795115
O,210X140,0.23290901800581498,210,86,0.23290901800581498
L,344X263,-0.23288845786577303,344,178,0.23288845786577303
L,210X11,0.2326528097448874,210,178,0.2326528097448874
J,311X73,-0.2326255604718172,311,142,0.2326255604718172
M,750X984,0.2324913453870508,750,128,0.2324913453870508
O,220X11,0.2324788161550593,220,86,0.2324788161550593
M,210X172,0.23240989760970443,210,128,0.23240989760970443
J,312X175,-0.2323736561641001,312,142,0.2323736561641001
J,344X234,-0.23221622044527412,344,142,0.23221622044527412
O,750X696,-0.23218629596131982,750,86,0.23218629596131982
J,750X696,-0.23218629596131982,750,142,0.23218629596131982
M,330X409,0.23218117053642087,330,128,0.23218117053642087
O,330X552,-0.23209409582993717,330,86,0.23209409582993717
J,330X69,-0.23205762911272398,330,142,0.23205762911272398
M,360X776,-0.23199494886460054,360,128,0.23199494886460054
O,330X224,-0.23194434951419193,330,86,0.23194434951419193
O,330X1194,-0.23190205138549982,330,86,0.23190205138549982
M,440AX196,0.23173189577224712,UNKNOWN,128,0.23173189577224712
J,312X283,0.23160966110213252,312,142,0.23160966110213252
J,340X147,-0.2315784540208929,340,142,0.2315784540208929
O,330X788,-0.2315564790601993,330,86,0.2315564790601993
O,311X171,0.2315093013876627,311,86,0.2315093013876627
N,220X180,-0.23150267943400774,220,266,0.23150267943400774
M,330X418,-0.23131042437711513,330,128,0.23131042437711513
O,220X184,-0.23122094698429993,220,86,0.23122094698429993
O,220X114,0.23120899296667694,220,86,0.23120899296667694
N,220X114,0.23118147426989535,220,266,0.23118147426989535
O,420X73,-0.23105333958821267,420,86,0.23105333958821267
M,440AX95,-0.23103185724310032,UNKNOWN,128,0.23103185724310032
O,300X8,0.23076504079367124,300,86,0.23076504079367124
O,330X335,0.23074939330888342,330,86,0.23074939330888342
M,440AX42,-0.23070083212822726,UNKNOWN,128,0.23070083212822726
O,750X677,-0.2303824928719149,750,86,0.2303824928719149
J,440AX95,0.23008422588652808,UNKNOWN,142,0.23008422588652808
J,312X191,-0.22986975858728115,312,142,0.22986975858728115
J,440AX41,0.22986507555030145,UNKNOWN,142,0.22986507555030145
O,360X198,-0.2298487785164376,360,86,0.2298487785164376
O,300X3,0.2297302514535933,300,86,0.2297302514535933
J,312X359,0.2297211937694352,312,142,0.2297211937694352
M,440AX40,-0.22960287072153981,UNKNOWN,128,0.22960287072153981
M,440AX162,0.22957269986875867,UNKNOWN,128,0.22957269986875867
O,312X692,-0.22957198450050814,312,86,0.22957198450050814
J,340X61,0.22950940688444363,340,142,0.22950940688444363
O,311X206,-0.229487144775355,311,86,0.229487144775355
J,312X364,0.22934979279625187,312,142,0.22934979279625187
J,360X125,0.2292342949561541,360,142,0.2292342949561541
J,360X111,0.22920154685156427,360,142,0.22920154685156427
O,311X145,-0.2289713929436388,311,86,0.2289713929436388
O,311X53,-0.22894470604523684,311,86,0.22894470604523684
N,210X229,-0.22894062474396762,210,266,0.22894062474396762
M,440AX18,-0.228807761599341,UNKNOWN,128,0.228807761599341
M,440AX17,-0.22880581309623618,UNKNOWN,128,0.22880581309623618
M,440AX121,0.22877539964354288,UNKNOWN,128,0.22877539964354288
M,440AX41,-0.22854925882825167,UNKNOWN,128,0.22854925882825167
J,330X816,0.22851536267155156,330,142,0.22851536267155156
J,312X70,0.22848095681550268,312,142,0.22848095681550268
M,420X95,0.22847757651843015,420,128,0.22847757651843015
M,330X777,0.22841934802977018,330,128,0.22841934802977018
N,220X4,0.2282847925393261,220,266,0.2282847925393261
M,440AX16,-0.2282034263018322,UNKNOWN,128,0.2282034263018322
O,300X13,0.22817037102527624,300,86,0.22817037102527624
J,344X147,-0.2281431001814581,344,142,0.2281431001814581
N,220X118,0.22814305332448567,220,266,0.22814305332448567
J,360X109,0.227967299249023,360,142,0.227967299249023
O,220X118,0.22789831324586104,220,86,0.22789831324586104
L,210X99,-0.22789147971245632,210,178,0.22789147971245632
L,344X261,-0.22783529387735613,344,178,0.22783529387735613
O,750X381,0.22781530341537962,750,86,0.22781530341537962
O,750X765,-0.22773978993622185,750,86,0.22773978993622185
M,440AX164,0.22769237555359573,UNKNOWN,128,0.22769237555359573
O,220X110,0.22759911914682404,220,86,0.22759911914682404
N,750X677,0.2275624526784434,750,266,0.2275624526784434
M,340X9,-0.22751141108030545,340,128,0.22751141108030545
M,311X113,-0.22734467294522723,311,128,0.22734467294522723
J,312X603,0.22733321384388808,312,142,0.22733321384388808
M,311X111,-0.22731285104784063,311,128,0.22731285104784063
N,220X11,0.22721659443123582,220,266,0.22721659443123582
O,210X170,0.22719722078177818,210,86,0.22719722078177818
O,312X266,0.2271796617430178,312,86,0.2271796617430178
O,750X595,0.22713348382553875,750,86,0.22713348382553875
J,750X69,0.2270019922074954,750,142,0.2270019922074954
O,330X13,-0.22694846785612705,330,86,0.22694846785612705
O,210X202,0.22688424531854626,210,86,0.22688424531854626
J,330X810,0.2268841005597796,330,142,0.2268841005597796
M,330X121,-0.2268524987807375,330,128,0.2268524987807375
M,330X771,0.22681102188662386,330,128,0.22681102188662386
J,311X195,0.22680490506348203,311,142,0.22680490506348203
O,400X117,0.22676596494706383,400,86,0.22676596494706383
J,312X591,0.22673057894957085,312,142,0.22673057894957085
O,210X25,0.22669995930318906,210,86,0.22669995930318906
O,220X182,0.22667315846138802,220,86,0.22667315846138802
O,220X179,0.2266731584611817,220,86,0.2266731584611817
O,220X181,-0.22667315846099756,220,86,0.22667315846099756
J,312X18,0.22657423029827609,312,142,0.22657423029827609
M,340X133,0.2265705005191996,340,128,0.2265705005191996
N,220X110,0.22652462246314561,220,266,0.22652462246314561
O,312X255,0.22651142912650532,312,86,0.22651142912650532
J,420X94,-0.22646774452011062,420,142,0.22646774452011062
J,750X704,-0.22631416131186347,750,142,0.22631416131186347
O,312X253,0.22625868942698368,312,86,0.22625868942698368
O,340X125,0.22613718848910722,340,86,0.22613718848910722
O,210X211,0.2261270733761783,210,86,0.2261270733761783
N,330X669,0.2259776117759452,330,266,0.2259776117759452
O,300X11,0.22596848556566201,300,86,0.22596848556566201
M,330X468,-0.2259439390622617,330,128,0.2259439390622617
N,220X143,-0.22591261315616978,220,266,0.22591261315616978
M,310X148,0.22578770721345642,310,128,0.22578770721345642
J,750X629,-0.22573572269766995,750,142,0.22573572269766995
O,750X80,0.22572508117205262,750,86,0.22572508117205262
J,330X813,0.22557176605053564,330,142,0.22557176605053564
O,300X5,0.22552536506062718,300,86,0.22552536506062718
J,344X236,-0.2255073820661571,344,142,0.2255073820661571
O,312X315,-0.22545187196084301,312,86,0.22545187196084301
M,330X130,-0.22543183923610594,330,128,0.22543183923610594
O,300X12,0.2253570545522853,300,86,0.2253570545522853
J,312X101,0.22532727717324852,312,142,0.22532727717324852
M,210X226,0.22517301872338524,210,128,0.22517301872338524
N,330X590,0.22516792982162856,330,266,0.22516792982162856
M,440AX147,0.22514268481183555,UNKNOWN,128,0.22514268481183555
O,330X980,-0.22494860762322447,330,86,0.22494860762322447
O,220X4,0.22490783087470773,220,86,0.22490783087470773
O,312X240,-0.22487237811727342,312,86,0.22487237811727342
J,312X79,0.22483935833164673,312,142,0.22483935833164673
N,220X165,0.22458473704286938,220,266,0.22458473704286938
N,220X124,-0.22456171109021733,220,266,0.22456171109021733
M,750X327,-0.22447471485550913,750,128,0.22447471485550913
M,312X592,0.22439675560117833,312,128,0.22439675560117833
M,750X565,-0.22426968685056134,750,128,0.22426968685056134
N,220X112,-0.22399862106022486,220,266,0.22399862106022486
M,440AX144,0.2239565781294118,UNKNOWN,128,0.2239565781294118
N,220X120,-0.22393248537861862,220,266,0.22393248537861862
N,220X130,-0.22385528615558303,220,266,0.22385528615558303
J,310X207,0.2238416253687011,310,142,0.2238416253687011
M,210X102,0.22374647160448802,210,128,0.22374647160448802
M,311X110,-0.2236196766119238,311,128,0.2236196766119238
J,750X58,-0.22359155476262396,750,142,0.22359155476262396
M,330X774,0.22358086729835472,330,128,0.22358086729835472
O,520X169,-0.22347097695671206,520,86,0.22347097695671206
J,312X598,0.2233717189404784,312,142,0.2233717189404784
O,360X155,0.22336391225495278,360,86,0.22336391225495278
O,330X126,0.22334724913365658,330,86,0.22334724913365658
J,312X691,0.2232486184874335,312,142,0.2232486184874335
J,520X16,0.22323643602379656,520,142,0.22323643602379656
M,520X178,-0.22322148360326857,520,128,0.22322148360326857
N,330X592,0.22319398736744384,330,266,0.22319398736744384
J,420X214,-0.2231323379567088,420,142,0.2231323379567088
M,440AX114,0.22309154257728098,UNKNOWN,128,0.22309154257728098
J,750X111,-0.22300249411220227,750,142,0.22300249411220227
O,520X53,0.22297482548365605,520,86,0.22297482548365605
J,420X135,0.22291341617715538,420,142,0.22291341617715538
J,340X110,-0.22285292586995878,340,142,0.22285292586995878
N,750X669,0.2227598241271782,750,266,0.2227598241271782
N,220X128,-0.22265732154283976,220,266,0.22265732154283976
N,220X116,-0.2226170578665348,220,266,0.2226170578665348
L,340X31,0.22247121362821307,340,178,0.22247121362821307
J,312X307,-0.22241521332585104,312,142,0.22241521332585104
N,330X1210,0.22238504932418468,330,266,0.22238504932418468
O,330X445,0.22226177716838802,330,86,0.22226177716838802
J,440AX210,0.22224504924820862,UNKNOWN,142,0.22224504924820862
M,311X104,-0.22217467202695654,311,128,0.22217467202695654
M,750X176,-0.22216340627958017,750,128,0.22216340627958017
M,311X127,-0.22213563060820177,311,128,0.22213563060820177
N,330X1182,0.2220219816374695,330,266,0.2220219816374695
M,750X635,-0.22200594981031005,750,128,0.22200594981031005
M,312X598,0.22200170051186066,312,128,0.22200170051186066
J,330X381,-0.22197672381371913,330,142,0.22197672381371913
N,220X2,-0.2219646960205056,220,266,0.2219646960205056
N,220X126,-0.22165478898903826,220,266,0.22165478898903826
L,344X259,-0.22158023602834379,344,178,0.22158023602834379
M,750X414,-0.22157564209402006,750,128,0.22157564209402006
M,330X498,-0.2215740198426547,330,128,0.2215740198426547
O,344X165,-0.22152264159557195,344,86,0.22152264159557195
M,210X140,0.22147753004990656,210,128,0.22147753004990656
J,750X1201,0.22126475005414495,750,142,0.22126475005414495
J,330X606,-0.22109334159545624,330,142,0.22109334159545624
J,750X1,-0.22100202112784098,750,142,0.22100202112784098
N,750X401,0.22096432491108842,750,266,0.22096432491108842
M,210X211,0.2209243938853293,210,128,0.2209243938853293
M,520X32,-0.22086361061362297,520,128,0.22086361061362297
O,330X133,0.22086350114961265,330,86,0.22086350114961265
O,300X7,0.22084878571327296,300,86,0.22084878571327296
M,210X25,0.22071690409394196,210,128,0.22071690409394196
J,210X44,0.2207098966298075,210,142,0.2207098966298075
N,330X1180,0.2206546633297191,330,266,0.2206546633297191
J,344X19,0.22060579123690816,344,142,0.22060579123690816
J,210X57,-0.2205628950941079,210,142,0.2205628950941079
N,220X132,-0.2205296080561198,220,266,0.2205296080561198
O,210X200,0.220514138240776,210,86,0.220514138240776
M,210X202,0.22043999717914367,210,128,0.22043999717914367
N,220X28,-0.22039255300224575,220,266,0.22039255300224575
O,344X21,0.22032044776030305,344,86,0.22032044776030305
M,520X33,-0.22024229752649324,520,128,0.22024229752649324
M,312X462,0.2202373014665186,312,128,0.2202373014665186
O,750X187,0.22015844497737602,750,86,0.22015844497737602
N,330X1184,0.22014147009909293,330,266,0.22014147009909293
N,310X181,-0.2201353764474428,310,266,0.2201353764474428
M,520X107,0.22008489368226614,520,128,0.22008489368226614
J,311X76,-0.2200624111168659,311,142,0.2200624111168659
O,400X189,-0.2200114964562535,400,86,0.2200114964562535
O,400X188,-0.22001149645624526,400,86,0.22001149645624526
O,310X176,-0.2199616194154868,310,86,0.2199616194154868
N,330X1208,0.21993845542372345,330,266,0.21993845542372345
M,330X502,-0.219934245056453,330,128,0.219934245056453
J,750X1006,-0.21983726101129183,750,142,0.21983726101129183
J,220X55,-0.2196907365652869,220,142,0.2196907365652869
J,312X445,0.21965354903360795,312,142,0.21965354903360795
J,210X46,0.21964134332736665,210,142,0.21964134332736665
O,400X110,0.21947542485343835,400,86,0.21947542485343835
O,311X170,0.2194125103168038,311,86,0.2194125103168038
M,220X167,-0.21922821806438617,220,128,0.21922821806438617
J,750X1146,-0.2191030405437359,750,142,0.2191030405437359
O,220X175,-0.21902098683962823,220,86,0.21902098683962823
M,440AX123,0.21899086476589627,UNKNOWN,128,0.21899086476589627
M,340X193,-0.2189442436556668,340,128,0.2189442436556668
O,330X278,-0.21889969528510145,330,86,0.21889969528510145
O,312X257,0.21869420909007392,312,86,0.21869420909007392
N,330X594,0.2185854939613851,330,266,0.2185854939613851
N,330X6,0.2185131191648728,330,266,0.2185131191648728
O,344X22,0.21846322510948027,344,86,0.21846322510948027
J,420X121,0.21837782579865808,420,142,0.21837782579865808
N,220X29,-0.2182601136746217,220,266,0.2182601136746217
N,330X1090,0.2182259176476273,330,266,0.2182259176476273
N,520X6,0.21817929921784188,520,266,0.21817929921784188
J,311X75,-0.2181210394965311,311,142,0.2181210394965311
M,360X14,0.21811740396391976,360,128,0.21811740396391976
M,440AX132,0.21810407322935277,UNKNOWN,128,0.21810407322935277
O,360X187,-0.21804441438159564,360,86,0.21804441438159564
O,312X220,0.21795073733156173,312,86,0.21795073733156173
M,340X21,-0.21788409445946497,340,128,0.21788409445946497
O,220X183,0.21780446267813539,220,86,0.21780446267813539
J,340X13,-0.21778541889160896,340,142,0.21778541889160896
J,311X52,-0.2177492614364615,311,142,0.2177492614364615
M,340X183,-0.2176988774539582,340,128,0.2176988774539582
J,420X28,0.21765151494924848,420,142,0.21765151494924848
J,330X604,-0.21758406149397932,330,142,0.21758406149397932
O,330X281,-0.21750195600034905,330,86,0.21750195600034905
J,340X39,0.2174665863347301,340,142,0.2174665863347301
O,220X130,-0.2174267410290968,220,86,0.2174267410290968
M,310X111,0.21737877666389332,310,128,0.21737877666389332
J,312X363,0.2173058413462349,312,142,0.2173058413462349
O,330X119,0.21723713037669595,330,86,0.21723713037669595
J,360X554,0.21700678545727464,360,142,0.21700678545727464
M,210X30,0.21693666892576638,210,128,0.21693666892576638
L,210X30,0.21693666892576532,210,178,0.21693666892576532
O,210X30,0.21693666892576532,210,86,0.21693666892576532
M,312X359,0.21689050660790277,312,128,0.21689050660790277
J,420X33,-0.21679374902855342,420,142,0.21679374902855342
M,330X116,-0.2166286130097998,330,128,0.2166286130097998
N,330X788,0.21661009294475925,330,266,0.21661009294475925
N,750X685,0.21649377851330476,750,266,0.21649377851330476
J,312X462,0.21648496216393523,312,142,0.21648496216393523
O,210X90,-0.21644952291493713,210,86,0.21644952291493713
O,312X174,-0.21637668999198947,312,86,0.21637668999198947
N,330X1196,0.2163326380405492,330,266,0.2163326380405492
M,210X200,0.2162130620231981,210,128,0.2162130620231981
L,220X12,-0.21603565975928712,220,178,0.21603565975928712
N,330X3,0.21588079954065612,330,266,0.21588079954065612
N,330X1087,0.2158499954184603,330,266,0.2158499954184603
O,330X485,-0.21583402119774253,330,86,0.21583402119774253
M,330X1153,0.21577056157655988,330,128,0.21577056157655988
J,312X601,0.21571810472768094,312,142,0.21571810472768094
J,312X595,0.21571300935715934,312,142,0.21571300935715934
O,520X245,0.2156479332492634,520,86,0.2156479332492634
J,312X489,0.21563058931297346,312,142,0.21563058931297346
O,220X171,0.21561684578427256,220,86,0.21561684578427256
O,360X261,0.21559981893927727,360,86,0.21559981893927727
O,750X896,-0.21557164650724386,750,86,0.21557164650724386
M,330X1150,0.2155131033335609,330,128,0.2155131033335609
M,440AX126,0.21546552533513735,UNKNOWN,128,0.21546552533513735
N,330X1093,0.21525036583806342,330,266,0.21525036583806342
M,330X1147,0.2151996651718795,330,128,0.2151996651718795
J,312X73,0.2150719782451904,312,142,0.2150719782451904
J,750X3,-0.215068819864073,750,142,0.215068819864073
J,312X356,0.2150492987925825,312,142,0.2150492987925825
J,420X38,-0.2150163758758363,420,142,0.2150163758758363
M,220X141,0.21499144969591394,220,128,0.21499144969591394
J,312X96,0.21490856161300426,312,142,0.21490856161300426
N,330X1212,0.2148796021906513,330,266,0.2148796021906513
O,312X169,0.2146966805976636,312,86,0.2146966805976636
M,750X447,-0.21458537391643775,750,128,0.21458537391643775
M,220X187,-0.21449189399707455,220,128,0.21449189399707455
J,312X76,0.21448918934694786,312,142,0.21448918934694786
J,300X12,-0.21448637121515904,300,142,0.21448637121515904
J,210X170,-0.21448168498020126,210,142,0.21448168498020126
M,440AX107,0.21439889417225863,UNKNOWN,128,0.21439889417225863
M,750X554,-0.21439602215235745,750,128,0.21439602215235745
O,312X638,0.21437775246882085,312,86,0.21437775246882085
J,400X58,-0.2142681220685976,400,142,0.2142681220685976
J,312X589,0.2142294576801171,312,142,0.2142294576801171
M,311X199,0.21409956972802827,311,128,0.21409956972802827
M,750X1152,-0.21400579697450017,750,128,0.21400579697450017
M,311X128,-0.21396961911603293,311,128,0.21396961911603293
M,330X149,-0.21395117056988455,330,128,0.21395117056988455
J,300X5,-0.21394171902037898,300,142,0.21394171902037898
J,750X348,-0.21380660375521152,750,142,0.21380660375521152
M,750X34,-0.2137567265497145,750,128,0.2137567265497145
J,400X31,0.21374637217057724,400,142,0.21374637217057724
J,330X118,0.21356005813064582,330,142,0.21356005813064582
J,311X72,-0.21351732852736727,311,142,0.21351732852736727
J,420X217,-0.21346533792876257,420,142,0.21346533792876257
O,312X278,-0.21340180096046155,312,86,0.21340180096046155
L,220X223,-0.21337771103845854,220,178,0.21337771103845854
J,420X213,-0.21334351214050398,420,142,0.21334351214050398
O,330X573,-0.21333001573349064,330,86,0.21333001573349064
J,330X274,-0.2129578112290907,330,142,0.2129578112290907
O,360X582,-0.21289136642371734,360,86,0.21289136642371734
J,344X139,0.2127719468460872,344,142,0.2127719468460872
N,330X9,0.21270326014009525,330,266,0.21270326014009525
O,300X9,0.2124213023723231,300,86,0.2124213023723231
J,420X34,-0.21237600986020036,420,142,0.21237600986020036
N,220X170,-0.21234291829729598,220,266,0.21234291829729598
O,330X1003,-0.21232494362763896,330,86,0.21232494362763896
M,312X55,-0.21230022127384104,312,128,0.21230022127384104
O,750X1072,0.21220724533372312,750,86,0.21220724533372312
J,750X677,-0.2121151036963143,750,142,0.2121151036963143
O,330X152,-0.21209691598996053,330,86,0.21209691598996053
J,311X74,-0.21201595964888034,311,142,0.21201595964888034
N,310X28,-0.21194631309997203,310,266,0.21194631309997203
J,330X435,0.21181465686068365,330,142,0.21181465686068365
N,210X143,-0.2117356673692103,210,266,0.2117356673692103
M,330X398,-0.2117188107154507,330,128,0.2117188107154507
M,330X179,-0.21152318072434378,330,128,0.21152318072434378
O,310X99,0.21141249400488238,310,86,0.21141249400488238
J,330X130,0.2112935968709654,330,142,0.2112935968709654
J,312X97,-0.2112352424203653,312,142,0.2112352424203653
J,220X190,0.2112308375075327,220,142,0.2112308375075327
N,330X1194,0.21116544720757646,330,266,0.21116544720757646
O,210X85,0.21109140809906063,210,86,0.21109140809906063
O,310X103,0.21103998703387958,310,86,0.21103998703387958
O,300X14,0.2110133759916479,300,86,0.2110133759916479
J,330X878,0.21093320010877428,330,142,0.21093320010877428
J,330X889,0.21093302577751324,330,142,0.21093302577751324
M,440AX111,0.21077672852158413,UNKNOWN,128,0.21077672852158413
O,330X502,-0.21070474911204937,330,86,0.21070474911204937
O,330X142,-0.21067402475335473,330,86,0.21067402475335473
O,750X359,0.21053993828102727,750,86,0.21053993828102727
O,220X166,0.21041014608851327,220,86,0.21041014608851327
O,310X4,0.21037491854544074,310,86,0.21037491854544074
J,440AX124,-0.21031428293629398,UNKNOWN,142,0.21031428293629398
J,330X56,-0.21028280010676964,330,142,0.21028280010676964
M,330X185,-0.20999363206970045,330,128,0.20999363206970045
J,300X11,-0.20980294503466004,300,142,0.20980294503466004
M,340X3,-0.20977470200187917,340,128,0.20977470200187917
M,750X573,-0.2097353366902826,750,128,0.2097353366902826
J,420X35,-0.2097262781082987,420,142,0.2097262781082987
J,220X28,0.2094982651639535,220,142,0.2094982651639535
O,310X11,0.20946266794185336,310,86,0.20946266794185336
N,220X189,0.20937746509974434,220,266,0.20937746509974434
J,344X36,-0.20933531938522157,344,142,0.20933531938522157
J,312X85,0.20932854266908374,312,142,0.20932854266908374
J,330X53,-0.2090834657417428,330,142,0.2090834657417428
O,330X300,-0.2090015175199077,330,86,0.2090015175199077
N,220X195,-0.20892280808288494,220,266,0.20892280808288494
O,520X240,0.20891461164992056,520,86,0.20891461164992056
O,750X584,0.20887818845757564,750,86,0.20887818845757564
N,330X769,0.2087908865768678,330,266,0.2087908865768678
M,750X45,0.20875774707804645,750,128,0.20875774707804645
M,420X100,0.20873240205528118,420,128,0.20873240205528118
O,750X1190,0.20869502843988544,750,86,0.20869502843988544
O,311X22,0.20865654529864047,311,86,0.20865654529864047
J,520X296,-0.20856647602278638,520,142,0.20856647602278638
J,330X284,-0.20854212050049223,330,142,0.20854212050049223
J,ERROR:#N/A_10,-0.20852919742054643,UNKNOWN,142,0.20852919742054643
J,344X173,-0.2085291974205464,344,142,0.2085291974205464
J,344X49,-0.20852919742045015,344,142,0.20852919742045015
M,520X179,-0.20850465481070227,520,128,0.20850465481070227
O,311X56,0.20845457311371238,311,86,0.20845457311371238
L,400X98,-0.20841900038300382,400,178,0.20841900038300382
N,330X79,0.20833205725062975,330,266,0.20833205725062975
O,360X219,-0.20814195235351754,360,86,0.20814195235351754
N,330X583,0.20811013934656428,330,266,0.20811013934656428
M,330X182,-0.20807935558850868,330,128,0.20807935558850868
M,750X466,-0.20790986140387588,750,128,0.20790986140387588
O,360X1278,0.20790004091215103,360,86,0.20790004091215103
J,340X11,-0.20778355123182662,340,142,0.20778355123182662
M,400X145,-0.2077098229329925,400,128,0.2077098229329925
J,330X59,-0.2076428573820433,330,142,0.2076428573820433
J,312X310,-0.20763720660051135,312,142,0.20763720660051135
M,330X395,-0.20763384198349583,330,128,0.20763384198349583
O,420X156,-0.20752947911105687,420,86,0.20752947911105687
N,330X69,0.20749249808892667,330,266,0.20749249808892667
O,750X573,0.2073836947522199,750,86,0.2073836947522199
N,330X73,0.20733087729430144,330,266,0.20733087729430144
J,220X189,-0.20718208372520067,220,142,0.20718208372520067
O,330X902,-0.20717711779855563,330,86,0.20717711779855563
O,330X566,-0.20705119682469222,330,86,0.20705119682469222
M,340X6,0.20699960851175014,340,128,0.20699960851175014
J,330X601,-0.2069705240867987,330,142,0.2069705240867987
M,420X188,-0.20696878521078751,420,128,0.20696878521078751
M,420X189,-0.2069687852107822,420,128,0.2069687852107822
O,311X59,0.2069371931966353,311,86,0.2069371931966353
M,330X167,-0.2068468900964672,330,128,0.2068468900964672
O,311X117,-0.20684465269449925,311,86,0.20684465269449925
J,312X102,0.20680729537674644,312,142,0.20680729537674644
J,340X4,-0.20676767303213228,340,142,0.20676767303213228
O,330X1103,0.20675594494984206,330,86,0.20675594494984206
N,330X76,0.2066920238855967,330,266,0.2066920238855967
O,360X34,-0.20654899927706508,360,86,0.20654899927706508
M,360X318,0.2065466849037389,360,128,0.2065466849037389
J,750X370,-0.20651947857907235,750,142,0.20651947857907235
N,220X141,-0.20651717782661255,220,266,0.20651717782661255
J,420X150,0.20649969329338544,420,142,0.20649969329338544
M,220X29,0.2064868894817688,220,128,0.2064868894817688
N,330X63,0.20637546076290028,330,266,0.20637546076290028
O,400X33,0.20629580609356551,400,86,0.20629580609356551
J,420X154,0.2062794517187121,420,142,0.2062794517187121
N,220X190,-0.20622456541881576,220,266,0.20622456541881576
O,312X38,0.20617052788678517,312,86,0.20617052788678517
J,312X311,-0.20614769081057985,312,142,0.20614769081057985
M,311X85,-0.2060959363677834,311,128,0.2060959363677834
M,210X128,0.20598792239782238,210,128,0.20598792239782238
J,360X58,-0.20596013368189933,360,142,0.20596013368189933
O,330X118,-0.20594846697095517,330,86,0.20594846697095517
O,750X176,0.20587786621070547,750,86,0.20587786621070547
J,312X520,0.2057900244177205,312,142,0.2057900244177205
J,312X478,-0.2057900244177205,312,142,0.2057900244177205
J,360X157,0.20577054835620873,360,142,0.20577054835620873
M,400X197,-0.20573604108451715,400,128,0.20573604108451715
J,344X79,0.2057300198462949,344,142,0.2057300198462949
N,330X66,0.20570924482468203,330,266,0.20570924482468203
L,340X192,0.20554813725392235,340,178,0.20554813725392235
M,312X601,0.20550284630671892,312,128,0.20550284630671892
M,750X149,-0.20548920035347776,750,128,0.20548920035347776
J,210X112,-0.2054861104842953,210,142,0.2054861104842953
N,330X585,0.20547755079017854,330,266,0.20547755079017854
O,400X147,0.2054723053165413,400,86,0.2054723053165413
N,220X178,0.20544257296148744,220,266,0.20544257296148744
M,330X196,-0.2054322642835008,330,128,0.2054322642835008
O,340X1,-0.20541474494095022,340,86,0.20541474494095022
O,312X58,0.2052808410682936,312,86,0.2052808410682936
O,220X122,-0.20526915759417666,220,86,0.20526915759417666
O,312X633,0.20502899859794393,312,86,0.20502899859794393
J,340X37,0.20502404458928647,340,142,0.20502404458928647
O,311X163,0.2050078268917119,311,86,0.2050078268917119
L,344X250,-0.20482432478852383,344,178,0.20482432478852383
L,310X132,0.2048000141089499,310,178,0.2048000141089499
L,420X30,0.20475385677689303,420,178,0.20475385677689303
O,220X14,-0.2047020418691199,220,86,0.2047020418691199
O,360X1152,-0.20449381961033258,360,86,0.20449381961033258
J,360X165,0.20444691870425763,360,142,0.20444691870425763
J,360X117,0.20439823589626085,360,142,0.20439823589626085
M,360X403,0.20435452751371216,360,128,0.20435452751371216
O,330X1208,-0.2043493385862079,330,86,0.2043493385862079
N,220X122,-0.20433852026289162,220,266,0.20433852026289162
J,440AX145,-0.20429336509590568,UNKNOWN,142,0.20429336509590568
O,220X126,-0.2042609236193869,220,86,0.2042609236193869
M,330X177,-0.20422117506295273,330,128,0.20422117506295273
M,360X58,0.20421111445268106,360,128,0.20421111445268106
N,310X96,-0.2040933286459785,310,266,0.2040933286459785
M,330X128,-0.2040841989597837,330,128,0.2040841989597837
O,360X285,-0.20404235051745456,360,86,0.20404235051745456
O,344X26,-0.20383390960007441,344,86,0.20383390960007441
N,344X164,0.20383356068974542,344,266,0.20383356068974542
J,311X91,-0.20383089499691331,311,142,0.20383089499691331
M,520X345,-0.20377993085293689,520,128,0.20377993085293689
M,311X84,-0.20374484972350082,311,128,0.20374484972350082
J,210X211,0.20371438563403266,210,142,0.20371438563403266
J,330X264,-0.20367250667677403,330,142,0.20367250667677403
O,312X223,0.20360928657967328,312,86,0.20360928657967328
M,360X198,0.20355148320413607,360,128,0.20355148320413607
J,210X85,-0.20353482268290607,210,142,0.20353482268290607
M,312X75,-0.20330969421374842,312,128,0.20330969421374842
O,750X659,0.20326284866278363,750,86,0.20326284866278363
M,344X124,-0.20324191933309377,344,128,0.20324191933309377
N,330X1198,0.20322581714930968,330,266,0.20322581714930968
M,330X916,0.20322285587616015,330,128,0.20322285587616015
J,360X829,0.2031269590281094,360,142,0.2031269590281094
O,312X95,-0.2030626049521199,312,86,0.2030626049521199
O,360X853,0.20293518859538567,360,86,0.20293518859538567
M,310X152,0.20291946581640327,310,128,0.20291946581640327
M,210X19,-0.2029163438203979,210,128,0.2029163438203979
O,330X900,-0.20290339185131204,330,86,0.20290339185131204
J,360X532,0.20278751235238024,360,142,0.20278751235238024
O,312X377,0.20270923897369925,312,86,0.20270923897369925
J,420X152,0.2026504039297794,420,142,0.2026504039297794
N,220X14,-0.20255338719759744,220,266,0.20255338719759744
M,360X1245,-0.20252668350810976,360,128,0.20252668350810976
M,311X80,-0.20252384343694965,311,128,0.20252384343694965
J,312X187,-0.20251461985035465,312,142,0.20251461985035465
J,312X446,0.20241844939433046,312,142,0.20241844939433046
M,312X468,-0.20240602581155367,312,128,0.20240602581155367
J,330X100,0.20232084530809819,330,142,0.20232084530809819
O,344X221,-0.20227746094233745,344,86,0.20227746094233745
N,220X10,-0.20220386463681245,220,266,0.20220386463681245
J,312X12,-0.20214700838838723,312,142,0.20214700838838723
M,750X995,0.2020917565535896,750,128,0.2020917565535896
N,220X169,0.20193555253262332,220,266,0.20193555253262332
J,330X428,0.2019170349630817,330,142,0.2019170349630817
M,311X82,-0.20191447328019732,311,128,0.20191447328019732
O,360X45,0.20184463818647658,360,86,0.20184463818647658
O,220X30,-0.2018352319820763,220,86,0.2018352319820763
J,330X189,0.20182463731018216,330,142,0.20182463731018216
J,340X40,0.20176284084177779,340,142,0.20176284084177779
J,210X202,0.20174835778313166,210,142,0.20174835778313166
M,220X165,-0.20173576509172114,220,128,0.20173576509172114
M,440AX135,0.20173167318848687,UNKNOWN,128,0.20173167318848687
J,210X25,0.20164260190203134,210,142,0.20164260190203134
J,220X164,-0.20163796238524484,220,142,0.20163796238524484
J,312X362,0.20163483608391347,312,142,0.20163483608391347
N,310X30,-0.20162210650534396,310,266,0.20162210650534396
M,360X582,0.20153661410299756,360,128,0.20153661410299756
O,311X29,0.20144454566603345,311,86,0.20144454566603345
O,330X132,-0.2014297070395424,330,86,0.2014297070395424
J,420X117,0.2014247791721449,420,142,0.2014247791721449
J,330X626,0.2013016208147964,330,142,0.2013016208147964
O,360X971,0.20127128338600578,360,86,0.20127128338600578
M,210X57,-0.2012378750800213,210,128,0.2012378750800213
O,330X986,-0.20118497881596514,330,86,0.20118497881596514
J,311X119,0.20116444181294404,311,142,0.20116444181294404
M,750X584,-0.20112212951241973,750,128,0.20112212951241973
O,330X100,0.20109018468909973,330,86,0.20109018468909973
N,330X635,0.20107348629259172,330,266,0.20107348629259172
N,330X637,0.2010721807656802,330,266,0.2010721807656802
N,330X639,0.20107189518642274,330,266,0.20107189518642274
J,310X43,0.2010186097161481,310,142,0.2010186097161481
O,330X405,-0.20092888426502997,330,86,0.20092888426502997
J,750X1267,-0.20086194605162208,750,142,0.20086194605162208
M,750X987,0.20078833337664598,750,128,0.20078833337664598
M,330X508,-0.2007786073853555,330,128,0.2007786073853555
N,310X153,0.20075655268700784,310,266,0.20075655268700784
J,210X171,-0.20072283003131358,210,142,0.20072283003131358
J,360X796,-0.2006539948835065,360,142,0.2006539948835065
L,312X281,0.20059187589893346,312,178,0.20059187589893346
M,330X512,0.2005453069744993,330,128,0.2005453069744993
J,360X307,-0.20049787192833288,360,142,0.20049787192833288
O,340X65,-0.20049289481150862,340,86,0.20049289481150862
O,312X36,-0.2004699139770489,312,86,0.2004699139770489
L,311X56,-0.20042536488353332,311,178,0.20042536488353332
M,400X36,0.20036881094379513,400,128,0.20036881094379513
L,311X171,-0.20027417264210726,311,178,0.20027417264210726
L,210X111,-0.20016750414421378,210,178,0.20016750414421378
O,360X1288,0.20010821906820878,360,86,0.20010821906820878
M,344X250,-0.2000656059092923,344,128,0.2000656059092923
O,330X544,-0.20002266173652375,330,86,0.20002266173652375
O,330X189,0.20001934929993626,330,86,0.20001934929993626
O,400X199,0.20000080651376187,400,86,0.20000080651376187
O,330X512,-0.19999648581283969,330,86,0.19999648581283969
M,360X252,0.19995926243984183,360,128,0.19995926243984183
J,750X368,0.19992194688833206,750,142,0.19992194688833206
O,220X168,0.19985422785704202,220,86,0.19985422785704202
O,400X202,0.1998504199405901,400,86,0.1998504199405901
J,360X475,0.19981767937666095,360,142,0.19981767937666095
J,312X99,0.19981736545081885,312,142,0.19981736545081885
M,330X401,-0.1996517257090951,330,128,0.1996517257090951
O,330X626,0.19957003847499497,330,86,0.19957003847499497
M,311X81,-0.1995412940348706,311,128,0.1995412940348706
L,210X205,-0.1994700856548104,210,178,0.1994700856548104
O,310X119,-0.19937271462085454,310,86,0.19937271462085454
M,312X582,-0.19931403093426403,312,128,0.19931403093426403
M,330X910,0.19929910621181948,330,128,0.19929910621181948
J,344X231,-0.19926708093882142,344,142,0.19926708093882142
O,330X535,-0.1991540337857886,330,86,0.1991540337857886
J,360X629,-0.19908323449159804,360,142,0.19908323449159804
M,520X323,0.19902106981245055,520,128,0.19902106981245055
O,330X19,-0.19901990644573062,330,86,0.19901990644573062
N,220X186,-0.19900760415753968,220,266,0.19900760415753968
J,220X141,0.19889186205448453,220,142,0.19889186205448453
O,312X645,0.19884833165040333,312,86,0.19884833165040333
J,360X1313,0.19881772605765752,360,142,0.19881772605765752
O,300X6,0.1987719265924741,300,86,0.1987719265924741
O,330X622,-0.19872854872455895,330,86,0.19872854872455895
O,360X702,0.19866299006677665,360,86,0.19866299006677665
L,210X204,-0.19863867171409857,210,178,0.19863867171409857
M,330X878,0.19845556711780638,330,128,0.19845556711780638
M,330X889,0.198455386083458,330,128,0.198455386083458
J,312X1,-0.1984166760879206,312,142,0.1984166760879206
J,750X117,-0.1982156902173812,750,142,0.1982156902173812
J,312X33,-0.19806560469082524,312,142,0.19806560469082524
M,750X743,-0.19799026236010006,750,128,0.19799026236010006
O,360X252,-0.1978164061126388,360,86,0.1978164061126388
J,330X137,0.19771351729264455,330,142,0.19771351729264455
M,220X180,0.19758196747245244,220,128,0.19758196747245244
J,312X690,0.19751260009514857,312,142,0.19751260009514857
J,420X73,0.19740412797080897,420,142,0.19740412797080897
J,520X18,0.197316368992646,520,142,0.197316368992646
M,311X83,-0.19727625730274678,311,128,0.19727625730274678
J,750X337,-0.19724742613386245,750,142,0.19724742613386245
N,344X126,0.19717983224440006,344,266,0.19717983224440006
M,220X197,0.19714210420816222,220,128,0.19714210420816222
M,330X114,-0.19705642986070576,330,128,0.19705642986070576
M,750X141,-0.19704763987555987,750,128,0.19704763987555987
J,360X541,-0.19689742413384978,360,142,0.19689742413384978
O,330X1097,0.19681470975012363,330,86,0.19681470975012363
O,210X58,-0.19673419298747813,210,86,0.19673419298747813
N,330X410,0.1964319703537181,330,266,0.1964319703537181
J,330X933,-0.19637547038773528,330,142,0.19637547038773528
M,330X137,-0.19636679575991534,330,128,0.19636679575991534
L,400X99,-0.1962014454944361,400,178,0.1962014454944361
M,Tool (#5),-0.19613170326285104,UNKNOWN,128,0.19613170326285104
O,340X6,0.19608231649759328,340,86,0.19608231649759328
N,330X420,0.19606498708395032,330,266,0.19606498708395032
N,330X393,0.19604031864895674,330,266,0.19604031864895674
O,750X984,-0.19599561093675963,750,86,0.19599561093675963
J,210X200,0.1959953071338591,210,142,0.1959953071338591
O,330X904,-0.19590564310225894,330,86,0.19590564310225894
M,520X48,-0.19577253599428213,520,128,0.19577253599428213
M,330X913,0.19566001785244203,330,128,0.19566001785244203
O,311X60,0.19558586945956047,311,86,0.19558586945956047
N,330X587,0.19553409713651834,330,266,0.19553409713651834
O,220X176,0.19547350920257384,220,86,0.19547350920257384
J,330X123,0.19536599087534823,330,142,0.19536599087534823
O,750X1138,0.19535972687735517,750,86,0.19535972687735517
L,210X167,-0.1953511318159819,210,178,0.1953511318159819
J,210X113,-0.19531277892606724,210,142,0.19531277892606724
L,344X34,0.19529334535040427,344,178,0.19529334535040427
N,220X177,0.19529232007202801,220,266,0.19529232007202801
M,330X1016,0.19528350117666576,330,128,0.19528350117666576
J,340X9,0.19523651312450457,340,142,0.19523651312450457
O,310X113,-0.19511915723096754,310,86,0.19511915723096754
J,330X930,-0.19509566392761055,330,142,0.19509566392761055
M,312X51,-0.19507278081789248,312,128,0.19507278081789248
J,220X177,-0.19505372736737492,220,142,0.19505372736737492
L,400X97,-0.1950524085101124,400,178,0.1950524085101124
N,210X13,-0.19493251858787022,210,266,0.19493251858787022
M,344X122,-0.1949152171259117,344,128,0.1949152171259117
O,330X1198,-0.19465941485146426,330,86,0.19465941485146426
O,340X48,0.1946298845207084,340,86,0.1946298845207084
M,750X403,-0.19458270253813298,750,128,0.19458270253813298
L,210X213,-0.19457010630000388,210,178,0.19457010630000388
M,400X37,0.19453899884234885,400,128,0.19453899884234885
J,360X1138,0.19450083784357983,360,142,0.19450083784357983
L,210X215,-0.19449596347344142,210,178,0.19449596347344142
O,312X726,0.19440373172028955,312,86,0.19440373172028955
O,400X160,0.1943576040060552,400,86,0.1943576040060552
J,344X6,0.19432987254050882,344,142,0.19432987254050882
L,311X59,-0.19432484951791004,311,178,0.19432484951791004
J,330X936,-0.1943127207324914,330,142,0.1943127207324914
O,750X370,0.19428842112910816,750,86,0.19428842112910816
O,220X32,-0.19425737452299582,220,86,0.19425737452299582
J,750X1061,-0.19421813130165647,750,142,0.19421813130165647
O,310X8,0.19402754609523518,310,86,0.19402754609523518
M,440AX136,-0.1939839760181974,UNKNOWN,128,0.1939839760181974
N,310X179,-0.19396849515326967,310,266,0.19396849515326967
O,400X134,0.19393466092507072,400,86,0.19393466092507072
M,520X282,-0.19391480125147212,520,128,0.19391480125147212
J,210X116,0.19381917349818337,210,142,0.19381917349818337
O,420X148,0.19380479001164969,420,86,0.19380479001164969
M,520X76,-0.19374371556787504,520,128,0.19374371556787504
M,520X71,0.19368273008923617,520,128,0.19368273008923617
L,220X224,-0.19367666858825944,220,178,0.19367666858825944
M,210X88,0.19364422098879988,210,128,0.19364422098879988
N,310X180,-0.19359256891720938,310,266,0.19359256891720938
O,420X37,-0.1935444379890556,420,86,0.1935444379890556
M,220X177,-0.19353116212409516,220,128,0.19353116212409516
M,312X589,0.1935287635947554,312,128,0.1935287635947554
M,330X109,-0.19351288756020735,330,128,0.19351288756020735
M,420X213,0.19343542935960928,420,128,0.19343542935960928
N,ERROR:#N/A_18,-0.1934271011782401,UNKNOWN,266,0.1934271011782401
O,420X76,-0.19332208679678994,420,86,0.19332208679678994
N,220X173,0.19327681743532651,220,266,0.19327681743532651
J,210X53,0.1932467638247365,210,142,0.1932467638247365
J,312X308,-0.1932048832138886,312,142,0.1932048832138886
J,312X636,0.19318143650706385,312,142,0.19318143650706385
O,420X81,-0.1931551725561151,420,86,0.1931551725561151
J,ERROR:#N/A_23,0.19304074110145214,UNKNOWN,142,0.19304074110145214
L,311X163,-0.1930170783218685,311,178,0.1930170783218685
O,300X4,0.19297750412058184,300,86,0.19297750412058184
O,330X492,-0.1928742580716554,330,86,0.1928742580716554
O,312X700,-0.19285477162006726,312,86,0.19285477162006726
J,312X582,-0.19282875877805236,312,142,0.19282875877805236
J,ERROR:#N/A_18,0.19282440753172192,UNKNOWN,142,0.19282440753172192
M,312X362,0.1927688946534239,312,128,0.1927688946534239
O,520X18,-0.19262088983929634,520,86,0.19262088983929634
J,310X151,-0.1925861827209741,310,142,0.1925861827209741
N,310X19,-0.19258591000539546,310,266,0.19258591000539546
O,330X125,-0.1925513078582277,330,86,0.1925513078582277
J,330X231,-0.19245768912609237,330,142,0.19245768912609237
M,750X521,-0.192452259776443,750,128,0.192452259776443
O,340X36,-0.1923671079275641,340,86,0.1923671079275641
J,750X521,0.192311866727422,750,142,0.192311866727422
M,360X296,0.19230974410244145,360,128,0.19230974410244145
N,520X68,0.19230796700278546,520,266,0.19230796700278546
J,312X21,0.19224002230033613,312,142,0.19224002230033613
L,330X462,-0.19208692611250655,330,178,0.19208692611250655
O,312X714,0.19205092343276778,312,86,0.19205092343276778
J,330X1166,0.1920455099979079,330,142,0.1920455099979079
O,520X241,0.19181153081184207,520,86,0.19181153081184207
O,300X20,0.19177827863978078,300,86,0.19177827863978078
L,310X165,0.19173231273801639,310,178,0.19173231273801639
M,420X217,0.19170267223090648,420,128,0.19170267223090648
N,344X122,0.1916788300647254,344,266,0.1916788300647254
L,400X156,-0.191661387606712,400,178,0.191661387606712
O,420X228,-0.19165579489341958,420,86,0.19165579489341958
J,312X269,-0.19161808101626537,312,142,0.19161808101626537
N,344X86,-0.19160015930438518,344,266,0.19160015930438518
O,220X28,-0.19151601897505438,220,86,0.19151601897505438
M,330X125,-0.19145101516585436,330,128,0.19145101516585436
O,340X33,-0.19145101138307694,340,86,0.19145101138307694
L,420X31,0.1913540335865652,420,178,0.1913540335865652
J,340X38,0.19134949437547732,340,142,0.19134949437547732
O,360X1337,0.19116915849436808,360,86,0.19116915849436808
J,360X1028,-0.19115349091171832,360,142,0.19115349091171832
M,312X263,0.19105392532737384,312,128,0.19105392532737384
O,420X134,0.19097378926177466,420,86,0.19097378926177466
O,220X26,-0.19092833481678267,220,86,0.19092833481678267
M,220X183,-0.19091430306483415,220,128,0.19091430306483415
J,750X1321,-0.19091172726665123,750,142,0.19091172726665123
O,340X97,-0.19087832482051872,340,86,0.19087832482051872
O,340X46,0.19085033639381072,340,86,0.19085033639381072
M,330X522,-0.190847229746516,330,128,0.190847229746516
O,750X704,-0.1907911107770975,750,86,0.1907911107770975
J,311X27,0.19071774739161063,311,142,0.19071774739161063
J,311X4,0.19069563197110675,311,142,0.19069563197110675
J,210X122,0.1906660218615686,210,142,0.1906660218615686
N,220X197,-0.19065213952795762,220,266,0.19065213952795762
J,210X55,0.1906406283987509,210,142,0.1906406283987509
O,340X34,-0.1906331358525835,340,86,0.1906331358525835
J,312X259,0.19056826481161135,312,142,0.19056826481161135
O,750X702,-0.1905538256977925,750,86,0.1905538256977925
O,750X348,0.19055122532073698,750,86,0.19055122532073698
O,340X35,-0.19052418676320979,340,86,0.19052418676320979
N,340X110,0.1904731194515685,340,266,0.1904731194515685
J,311X95,-0.19046906079181494,311,142,0.19046906079181494
J,520X294,-0.19044601766825486,520,142,0.19044601766825486
J,312X11,-0.19036832666174772,312,142,0.19036832666174772
O,210X39,0.19033698264064272,210,86,0.19033698264064272
J,330X1175,-0.19024622127933674,330,142,0.19024622127933674
J,220X186,0.19024161779346177,220,142,0.19024161779346177
O,400X58,0.19022279745827364,400,86,0.19022279745827364
L,330X465,-0.19020351704883012,330,178,0.19020351704883012
O,310X101,-0.1900767593611514,310,86,0.1900767593611514
J,344X255,0.18982253485485523,344,142,0.18982253485485523
J,360X499,0.1897859367398594,360,142,0.1897859367398594
J,330X169,0.18968663770330882,330,142,0.18968663770330882
M,750X704,0.18965990309584863,750,128,0.18965990309584863
O,312X590,-0.18964718418480217,312,86,0.18964718418480217
O,310X15,-0.1895452313661769,310,86,0.1895452313661769
J,312X3,0.1894202783186009,312,142,0.1894202783186009
O,360X337,-0.18939947948224933,360,86,0.18939947948224933
O,340X47,0.1893839420755144,340,86,0.1893839420755144
M,312X446,0.1893248336991696,312,128,0.1893248336991696
M,750X785,-0.18928061959693815,750,128,0.18928061959693815
M,312X193,-0.18914389800667028,312,128,0.18914389800667028
N,330X1039,0.18914238316946466,330,266,0.18914238316946466
M,330X923,0.1890136643104797,330,128,0.1890136643104797
O,312X596,-0.18900367063185144,312,86,0.18900367063185144
O,312X720,0.1889377521489128,312,86,0.1889377521489128
L,312X287,0.18888500527205354,312,178,0.18888500527205354
M,750X1105,0.18885751017795666,750,128,0.18885751017795666
J,520X290,-0.1888396496493822,520,142,0.1888396496493822
M,520X77,-0.1887807814746527,520,128,0.1887807814746527
O,330X1100,0.18869986708778944,330,86,0.18869986708778944
O,210X44,0.1886614228399095,210,86,0.1886614228399095
N,210X2,0.18866083121421862,210,266,0.18866083121421862
M,400X187,0.18860560434116405,400,128,0.18860560434116405
L,220X163,-0.18852956348286076,220,178,0.18852956348286076
O,210X46,0.18851062209535366,210,86,0.18851062209535366
O,750X1028,0.1884103396665754,750,86,0.1884103396665754
O,400X144,0.18836482881149397,400,86,0.18836482881149397
O,310X24,-0.18834604165440008,310,86,0.18834604165440008
L,400X30,-0.18833879811899817,400,178,0.18833879811899817
J,312X292,0.18825983060327026,312,142,0.18825983060327026
M,220X182,-0.18825176406077795,220,128,0.18825176406077795
M,220X179,-0.18825176406070238,220,128,0.18825176406070238
M,220X181,0.1882517640606905,220,128,0.1882517640606905
N,330X1037,0.1882078406228726,330,266,0.1882078406228726
N,750X661,0.1882020947659006,750,266,0.1882020947659006
O,330X1000,-0.18818288814975123,330,86,0.18818288814975123
J,330X398,-0.18816096645766583,330,142,0.18816096645766583
O,210X40,0.18814263786618082,210,86,0.18814263786618082
O,ERROR:#N/A_14,-0.18804946284228763,UNKNOWN,86,0.18804946284228763
N,330X1041,0.18791689561683728,330,266,0.18791689561683728
O,312X448,-0.18790296377373172,312,86,0.18790296377373172
M,750X702,-0.18786668224008365,750,128,0.18786668224008365
M,220X171,-0.1877440754534488,220,128,0.1877440754534488
J,360X896,-0.18771176002939613,360,142,0.18771176002939613
N,210X94,-0.18767078012584526,210,266,0.18767078012584526
J,330X1173,-0.1876337957734397,330,142,0.1876337957734397
L,344X177,0.1875994768251442,344,178,0.1875994768251442
O,750X414,0.18755301457128776,750,86,0.18755301457128776
J,440AX110,-0.18751730955858306,UNKNOWN,142,0.18751730955858306
O,330X104,-0.18748514176991515,330,86,0.18748514176991515
L,330X193,0.1874679977024441,330,178,0.1874679977024441
J,330X1013,-0.18746718373330037,330,142,0.18746718373330037
L,311X164,-0.18745569405226364,311,178,0.18745569405226364
J,330X798,0.1873317479530155,330,142,0.1873317479530155
J,340X7,-0.18733030410790655,340,142,0.18733030410790655
O,311X11,0.18727960576938224,311,86,0.18727960576938224
O,440AX125,0.1872701555439298,UNKNOWN,86,0.1872701555439298
M,750X696,0.1872644718009712,750,128,0.1872644718009712
J,311X211,0.18717347088844047,311,142,0.18717347088844047
M,400X115,-0.1871264492126659,400,128,0.1871264492126659
O,360X263,-0.18708213546624675,360,86,0.18708213546624675
L,220X5,-0.1870686199762865,220,178,0.1870686199762865
L,750X710,-0.18702891964140703,750,178,0.18702891964140703
N,344X174,0.18701757191185384,344,266,0.18701757191185384
M,312X576,0.1870049222036056,312,128,0.1870049222036056
M,312X358,0.1868999521512813,312,128,0.1868999521512813
L,750X1291,-0.18688591799008258,750,178,0.18688591799008258
O,330X149,-0.1868257296153215,330,86,0.1868257296153215
O,330X11,0.18668776095687012,330,86,0.18668776095687012
M,340X37,-0.18666821643824108,340,128,0.18666821643824108
L,311X55,-0.18652743128418484,311,178,0.18652743128418484
O,300X10,0.18638256773931,300,86,0.18638256773931
M,220X30,0.1863693968999461,220,128,0.1863693968999461
O,330X602,0.18633649230312338,330,86,0.18633649230312338
M,330X144,-0.1862359059123048,330,128,0.1862359059123048
J,312X291,0.1861624114861146,312,142,0.1861624114861146
J,420X37,-0.18607835844003165,420,142,0.18607835844003165
M,360X1116,0.18596880568191845,360,128,0.18596880568191845
L,220X33,-0.1859643229458152,220,178,0.1859643229458152
N,330X430,-0.18595076638358465,330,266,0.18595076638358465
J,312X66,-0.185949608834371,312,142,0.185949608834371
L,210X119,-0.18583646708136575,210,178,0.18583646708136575
N,310X22,0.1857990512740967,310,266,0.1857990512740967
J,312X23,-0.185744526998816,312,142,0.185744526998816
O,420X79,-0.18572729790550574,420,86,0.18572729790550574
M,420X215,0.18561081249177944,420,128,0.18561081249177944
J,312X442,-0.18553225085575256,312,142,0.18553225085575256
J,330X391,-0.18547898627042222,330,142,0.18547898627042222
M,312X328,0.18545526225836645,312,128,0.18545526225836645
M,210X191,-0.18540537540112742,210,128,0.18540537540112742
L,420X114,-0.18523133146493115,420,178,0.18523133146493115
N,310X24,0.18522693873336807,310,266,0.18522693873336807
O,ERROR:#N/A_6,-0.18521693482593463,UNKNOWN,86,0.18521693482593463
J,330X1177,-0.18513732191711185,330,142,0.18513732191711185
J,750X1313,-0.18511681092204738,750,142,0.18511681092204738
M,220X26,-0.18500744853771445,220,128,0.18500744853771445
O,400X118,0.1849799690052837,400,86,0.1849799690052837
J,400X136,-0.18495197991638254,400,142,0.18495197991638254
L,311X58,-0.1848125115719338,311,178,0.1848125115719338
M,210X54,-0.1847003471790323,210,128,0.1847003471790323
O,344X25,-0.1846446101193573,344,86,0.1846446101193573
M,520X246,-0.1846247649118869,520,128,0.1846247649118869
M,520X144,-0.18462368464561074,520,128,0.18462368464561074
M,520X353,-0.18462260443391992,520,128,0.18462260443391992
M,360X425,0.1845189978651759,360,128,0.1845189978651759
M,440AX125,0.18451354845283335,UNKNOWN,128,0.18451354845283335
N,310X159,0.18451241337069346,310,266,0.18451241337069346
O,360X1321,0.18450656055515566,360,86,0.18450656055515566
M,520X46,-0.1844773776798301,520,128,0.1844773776798301
O,400X32,-0.18441780692023374,400,86,0.18441780692023374
M,520X134,0.18434218996423446,520,128,0.18434218996423446
N,310X20,-0.18432397872028924,310,266,0.18432397872028924
M,330X1010,0.18425938111141074,330,128,0.18425938111141074
M,520X186,-0.18425762221021155,520,128,0.18425762221021155
O,210X228,-0.18419412105435973,210,86,0.18419412105435973
J,360X261,-0.18412223126099994,360,142,0.18412223126099994
O,330X139,-0.1841208347122931,330,86,0.1841208347122931
O,420X138,0.1840380233049804,420,86,0.1840380233049804
N,330X719,0.18402606922877376,330,266,0.18402606922877376
N,330X729,0.18401435753101372,330,266,0.18401435753101372
M,330X155,-0.18398134522883416,330,128,0.18398134522883416
N,330X828,0.18398101637226097,330,266,0.18398101637226097
L,ERROR:#N/A_3 (#1),0.1839594466879645,UNKNOWN,178,0.1839594466879645
J,750X896,0.18392654269306014,750,142,0.18392654269306014
N,330X858,-0.1839205716438675,330,266,0.1839205716438675
O,520X307,0.1839116982312575,520,86,0.1839116982312575
N,330X759,-0.18389989498617434,330,266,0.18389989498617434
J,330X114,0.1838914149046096,330,142,0.1838914149046096
N,330X749,-0.18381869625082814,330,266,0.18381869625082814
M,312X52,-0.18376678643315236,312,128,0.18376678643315236
M,312X59,-0.18374002622405156,312,128,0.18374002622405156
M,330X107,-0.18369046442345172,330,128,0.18369046442345172
N,330X450,-0.18361308968156764,330,266,0.18361308968156764
O,330X609,0.18357165452866267,330,86,0.18357165452866267
J,330X1010,-0.1833960641763059,330,142,0.1833960641763059
M,220X174,0.1833728638099471,220,128,0.1833728638099471
L,210X139,0.18328679323007216,210,178,0.18328679323007216
M,210X117,-0.18307036747096814,210,128,0.18307036747096814
J,360X653,-0.18306312900794638,360,142,0.18306312900794638
M,420X92,0.182966859863437,420,128,0.182966859863437
O,340X45,0.1829068993051363,340,86,0.1829068993051363
O,750X1017,0.1829010830222486,750,86,0.1829010830222486
M,312X363,0.18287983458778234,312,128,0.18287983458778234
M,220X166,-0.18279956216297727,220,128,0.18279956216297727
M,344X27,0.18275242616374912,344,128,0.18275242616374912
O,360X403,-0.18266780514524467,360,86,0.18266780514524467
N,330X576,0.18266266260160066,330,266,0.18266266260160066
J,330X566,-0.18261489452674468,330,142,0.18261489452674468
M,311X190,-0.182572785287703,311,128,0.182572785287703
J,312X468,-0.18255024395992853,312,142,0.18255024395992853
J,344X174,-0.18250163473133602,344,142,0.18250163473133602
M,750X1190,-0.18246233167052736,750,128,0.18246233167052736
M,330X943,0.18242304714738067,330,128,0.18242304714738067
J,520X295,-0.18230956319496736,520,142,0.18230956319496736
N,310X33,-0.18229679939380433,310,266,0.18229679939380433
O,310X107,0.1822940586220853,310,86,0.1822940586220853
M,340X40,-0.1822062736039046,340,128,0.1822062736039046
O,310X162,0.18204990989310074,310,86,0.18204990989310074
O,210X42,0.18202267495556548,210,86,0.18202267495556548
N,330X578,0.18196659682848698,330,266,0.18196659682848698
O,420X158,-0.1819650243302685,420,86,0.1819650243302685
L,420X87,0.1819298670902246,420,178,0.1819298670902246
O,344X10,-0.18186808188866124,344,86,0.18186808188866124
J,344X192,-0.18181492525883286,344,142,0.18181492525883286
M,220X193,0.1817708884649603,220,128,0.1817708884649603
M,520X351,-0.18173635581607686,520,128,0.18173635581607686
J,311X93,-0.18173401321062801,311,142,0.18173401321062801
J,344X191,-0.18167582563594015,344,142,0.18167582563594015
M,440AX143,0.18163411072446606,UNKNOWN,128,0.18163411072446606
J,312X280,0.18160634402515347,312,142,0.18160634402515347
L,344X106,-0.1815830083225247,344,178,0.1815830083225247
O,330X595,0.18156854179571227,330,86,0.18156854179571227
M,210X123,-0.1815648003408924,210,128,0.1815648003408924
M,210X97,-0.18155882939024914,210,128,0.18155882939024914
L,210X14,-0.18152028701895065,210,178,0.18152028701895065
O,312X444,-0.18135160986451337,312,86,0.18135160986451337
M,312X341,0.18134608104621902,312,128,0.18134608104621902
J,312X673,-0.1813343667858304,312,142,0.1813343667858304
M,210X56,-0.18125063703425873,210,128,0.18125063703425873
O,340X77,0.18124607997651232,340,86,0.18124607997651232
M,220X195,0.18123853277518195,220,128,0.18123853277518195
M,311X118,-0.18122574694629015,311,128,0.18122574694629015
J,312X679,-0.18121935506988857,312,142,0.18121935506988857
J,360X704,-0.1810720364882956,360,142,0.1810720364882956
M,330X1166,0.18099763645687394,330,128,0.18099763645687394
O,312X69,0.18087099608325527,312,86,0.18087099608325527
M,340X51,0.18086430605218257,340,128,0.18086430605218257
M,750X133,-0.18086096993277068,750,128,0.18086096993277068
L,420X86,0.18080279498108867,420,178,0.18080279498108867
J,312X667,-0.18080049785304866,312,142,0.18080049785304866
M,310X176,-0.18077507453741495,310,128,0.18077507453741495
N,220X9,0.18076046091587775,220,266,0.18076046091587775
O,344X225,-0.18068941045777637,344,86,0.18068941045777637
N,210X15,-0.1806457764881811,210,266,0.1806457764881811
O,750X508,-0.18060778535062424,750,86,0.18060778535062424
M,520X1,-0.1805655517828596,520,128,0.1805655517828596
J,420X122,-0.1805152330511231,420,142,0.1805152330511231
M,420X214,0.18049020337258637,420,128,0.18049020337258637
O,312X631,0.18048396008081086,312,86,0.18048396008081086
M,312X365,0.18042031328743582,312,128,0.18042031328743582
J,220X188,0.1804074368148161,220,142,0.1804074368148161
L,420X147,0.18040698235157981,420,178,0.18040698235157981
M,311X188,-0.18039193683954127,311,128,0.18039193683954127
N,520X329,0.18037107008312564,520,266,0.18037107008312564
J,750X554,0.18031161007246957,750,142,0.18031161007246957
M,330X933,0.1801979601960855,330,128,0.1801979601960855
O,311X6,0.1801841292010926,311,86,0.1801841292010926
J,360X1288,0.1800770268231704,360,142,0.1800770268231704
L,420X90,0.1800458597939105,420,178,0.1800458597939105
N,330X806,-0.1799563760341828,330,266,0.1799563760341828
L,330X553,-0.17991545341442125,330,178,0.17991545341442125
J,360X521,0.17982057436545476,360,142,0.17982057436545476
L,210X226,0.1797990571357823,210,178,0.1797990571357823
M,330X930,0.1797747306645926,330,128,0.1797747306645926
O,360X111,0.1797472261623424,360,86,0.1797472261623424
J,360X971,0.1797205791782129,360,142,0.1797205791782129
O,520X261,0.17969325488009433,520,86,0.17969325488009433
M,340X39,-0.17963961106287685,340,128,0.17963961106287685
O,312X373,0.17961467479738494,312,86,0.17961467479738494
M,330X936,0.17958113405302958,330,128,0.17958113405302958
N,330X800,-0.1795077394231386,330,266,0.1795077394231386
O,440AX122,0.17935829684781884,UNKNOWN,86,0.17935829684781884
L,312X95,0.17925598032684456,312,178,0.17925598032684456
M,311X130,-0.17924797565455752,311,128,0.17924797565455752
M,360X436,0.17923650943137964,360,128,0.17923650943137964
L,420X89,0.17921755225336503,420,178,0.17921755225336503
L,420X88,0.17919038887454217,420,178,0.17919038887454217
O,312X91,0.17913385687069494,312,86,0.17913385687069494
J,330X1016,-0.17911549489873604,330,142,0.17911549489873604
M,340X108,0.17903512308663144,340,128,0.17903512308663144
L,330X472,-0.1790234381392446,330,178,0.1790234381392446
N,220X26,0.1789930947001528,220,266,0.1789930947001528
L,420X85,0.17896820855589854,420,178,0.17896820855589854
O,344X29,-0.17894995813020875,344,86,0.17894995813020875
N,330X803,-0.1789485989577589,330,266,0.1789485989577589
M,311X191,-0.17891204461782692,311,128,0.17891204461782692
N,310X170,-0.1789046886098166,310,266,0.1789046886098166
M,520X239,-0.17880571857330055,520,128,0.17880571857330055
M,220X189,-0.1787872299668044,220,128,0.1787872299668044
M,311X187,-0.17870976889148305,311,128,0.17870976889148305
M,311X103,-0.17869685469631152,311,128,0.17869685469631152
O,750X327,-0.17869427507983027,750,86,0.17869427507983027
O,344X253,0.1786907228805498,344,86,0.1786907228805498
J,ERROR:#N/A_17,-0.1786354613634465,UNKNOWN,142,0.1786354613634465
O,340X109,0.1786300415616039,340,86,0.1786300415616039
L,311X7,-0.1786048390333685,311,178,0.1786048390333685
J,312X438,-0.1785611218177621,312,142,0.1785611218177621
O,310X117,-0.17850588475461013,310,86,0.17850588475461013
J,520X318,-0.17843210275214022,520,142,0.17843210275214022
O,220X8,0.17842364668388946,220,86,0.17842364668388946
O,312X426,0.17842096453806452,312,86,0.17842096453806452
N,220X194,-0.17822421260874616,220,266,0.17822421260874616
L,330X567,-0.1782187613345463,330,178,0.1782187613345463
N,330X440,-0.1781724654875544,330,266,0.1781724654875544
M,520X184,0.17814483989528213,520,128,0.17814483989528213
M,220X168,-0.17779243841693976,220,128,0.17779243841693976
M,312X364,0.17777930706783093,312,128,0.17777930706783093
L,344X210,-0.17763872952128312,344,178,0.17763872952128312
O,440AX121,0.1776046585373548,UNKNOWN,86,0.1776046585373548
J,312X46,0.1775562891719276,312,142,0.1775562891719276
N,312X307,0.177540092920961,312,266,0.177540092920961
M,400X4,-0.1774468979535282,400,128,0.1774468979535282
O,360X1190,0.17742547915333926,360,86,0.17742547915333926
O,340X145,-0.17736739491382714,340,86,0.17736739491382714
O,220X204,-0.17728909853309993,220,86,0.17728909853309993
J,344X156,-0.17724119786444648,344,142,0.17724119786444648
M,420X34,0.17701412509783024,420,128,0.17701412509783024
M,330X920,0.17698634546432057,330,128,0.17698634546432057
J,210X39,0.17697491632438986,210,142,0.17697491632438986
J,312X464,-0.17696310561178644,312,142,0.17696310561178644
J,312X463,-0.17695452774274922,312,142,0.17695452774274922
J,312X583,-0.17695408869418003,312,142,0.17695408869418003
J,312X579,-0.17694943819337478,312,142,0.17694943819337478
J,312X578,-0.1769371130792251,312,142,0.1769371130792251
J,312X458,-0.17693104828574938,312,142,0.17693104828574938
J,312X511,-0.17691847874030117,312,142,0.17691847874030117
J,312X457,-0.17691847874030076,312,142,0.17691847874030076
J,312X585,-0.17691674307136884,312,142,0.17691674307136884
J,312X577,-0.1769148075607063,312,142,0.1769148075607063
J,312X470,-0.1769074631960245,312,142,0.1769074631960245
J,312X584,-0.17689892119192568,312,142,0.17689892119192568
J,312X469,-0.17686265422747915,312,142,0.17686265422747915
L,311X20,-0.17685999553373252,311,178,0.17685999553373252
O,310X105,-0.1768578457851271,310,86,0.1768578457851271
M,440AX122,0.17683707870474202,UNKNOWN,128,0.17683707870474202
J,310X154,0.1768345024446635,310,142,0.1768345024446635
O,750X605,0.17679377001891847,750,86,0.17679377001891847
O,210X54,0.1767225791697658,210,86,0.1767225791697658
M,312X53,-0.17670000689624063,312,128,0.17670000689624063
O,312X725,0.17669714549491936,312,86,0.17669714549491936
L,330X560,-0.17657993298624788,330,178,0.17657993298624788
N,520X140,-0.17657025031123771,520,266,0.17657025031123771
M,310X155,0.17653085611644034,310,128,0.17653085611644034
N,310X15,0.17651077293708273,310,266,0.17651077293708273
J,340X15,-0.17645849975800876,340,142,0.17645849975800876
O,340X193,0.17633453161025975,340,86,0.17633453161025975
O,440AX123,0.17626419885994898,UNKNOWN,86,0.17626419885994898
J,210X91,-0.17624645987879303,210,142,0.17624645987879303
J,344X196,-0.176208577511146,344,142,0.176208577511146
M,520X47,-0.17617333553795736,520,128,0.17617333553795736
O,220X27,0.17603263841347824,220,86,0.17603263841347824
L,312X307,-0.17599952920443707,312,178,0.17599952920443707
O,360X176,-0.17599559626424643,360,86,0.17599559626424643
M,520X324,0.17597234761117314,520,128,0.17597234761117314
M,420X91,0.17593828347181323,420,128,0.17593828347181323
M,340X67,-0.17587051489539895,340,128,0.17587051489539895
M,520X78,-0.17584549232568,520,128,0.17584549232568
M,360X263,0.17582344822990284,360,128,0.17582344822990284
L,310X43,-0.1758231193194244,310,178,0.1758231193194244
J,344X15,0.17557889079358252,344,142,0.17557889079358252
M,360X414,0.1755723546487633,360,128,0.1755723546487633
O,750X685,-0.1754392962314743,750,86,0.1754392962314743
O,210X123,0.1754338425610164,210,86,0.1754338425610164
M,330X29,0.17540394229085784,330,128,0.17540394229085784
M,330X26,0.17538784396378862,330,128,0.17538784396378862
M,400X21,0.17536941400971853,400,128,0.17536941400971853
O,210X56,0.1752821630458792,210,86,0.1752821630458792
O,312X361,-0.17527585745141103,312,86,0.17527585745141103
M,330X23,0.1752684208835547,330,128,0.1752684208835547
J,750X307,-0.17520804055879516,750,142,0.17520804055879516
N,210X3,0.17520717119980397,210,266,0.17520717119980397
M,312X591,0.17518170542615394,312,128,0.17518170542615394
M,344X123,-0.1751763908965954,344,128,0.1751763908965954
J,520X289,-0.17513654698104636,520,142,0.17513654698104636
J,312X447,-0.17503834241836883,312,142,0.17503834241836883
O,420X160,-0.17500456396323608,420,86,0.17500456396323608
J,330X410,-0.17499100861412273,330,142,0.17499100861412273
O,312X643,0.17489988369724258,312,86,0.17489988369724258
O,310X152,0.1748381225351287,310,86,0.1748381225351287
L,400X227,0.17482853996998168,400,178,0.17482853996998168
M,750X1267,0.1748261753841615,750,128,0.1748261753841615
M,330X940,0.17476037731760688,330,128,0.17476037731760688
M,311X106,-0.17470652944312806,311,128,0.17470652944312806
J,312X576,0.17467050654500663,312,142,0.17467050654500663
J,330X29,-0.17453713739620802,330,142,0.17453713739620802
M,330X519,-0.17445921793061717,330,128,0.17445921793061717
L,311X162,-0.1743710919664678,311,178,0.1743710919664678
N,330X709,0.174368140947437,330,266,0.174368140947437
N,520X284,-0.1742725801383442,520,266,0.1742725801383442
O,344X6,-0.17422135200879513,344,86,0.17422135200879513
J,520X332,0.17421351801448898,520,142,0.17421351801448898
J,330X254,-0.17416081942114434,330,142,0.17416081942114434
O,312X693,-0.17413427435535644,312,86,0.17413427435535644
M,420X97,0.17411838366951837,420,128,0.17411838366951837
L,420X4,0.17408827169689825,420,178,0.17408827169689825
O,520X166,-0.17407280281320162,520,86,0.17407280281320162
L,210X133,-0.1740455305792684,210,178,0.1740455305792684
L,400X93,-0.17403237169804775,400,178,0.17403237169804775
M,344X126,-0.1739788817331405,344,128,0.1739788817331405
N,210X111,-0.1738995102695976,210,266,0.1738995102695976
O,312X722,0.17372262312947537,312,86,0.17372262312947537
O,360X584,0.17369890978146926,360,86,0.17369890978146926
O,311X9,0.1736630717859241,311,86,0.1736630717859241
J,330X23,-0.1736166877366815,330,142,0.1736166877366815
J,312X7,-0.17357411577834064,312,142,0.17357411577834064
N,330X818,0.1734956725482803,330,266,0.1734956725482803
O,330X338,0.17348550011421623,330,86,0.17348550011421623
M,420X38,0.17344363419907668,420,128,0.17344363419907668
O,330X1212,-0.17335353439194887,330,86,0.17335353439194887
L,330X191,0.1733330549751901,330,178,0.1733330549751901
J,330X420,-0.1733214877272265,330,142,0.1733214877272265
J,311X30,-0.17330321149375702,311,142,0.17330321149375702
O,440AX109,0.17327187744341416,UNKNOWN,86,0.17327187744341416
M,360X637,0.1732266934730944,360,128,0.1732266934730944
M,360X1028,0.17322396507596957,360,128,0.17322396507596957
O,360X1039,0.17321940356552826,360,86,0.17321940356552826
J,330X26,-0.17320908590095074,330,142,0.17320908590095074
M,360X187,0.17314544403717513,360,128,0.17314544403717513
N,330X808,0.17311416114186157,330,266,0.17311416114186157
N,330X1107,0.1730498263703817,330,266,0.1730498263703817
L,344X213,-0.1730431297246796,344,178,0.1730431297246796
J,750X125,-0.17301626437163414,750,142,0.17301626437163414
J,330X393,-0.17301227694607657,330,142,0.17301227694607657
L,330X452,-0.17299440892972676,330,178,0.17299440892972676
O,210X117,0.17299120160697729,210,86,0.17299120160697729
M,340X143,-0.17293275800470687,340,128,0.17293275800470687
L,210X163,-0.17289125097165128,210,178,0.17289125097165128
J,750X131,0.17287307085752968,750,142,0.17287307085752968
J,344X62,-0.17278130264377836,344,142,0.17278130264377836
L,344X201,0.1727142712761763,344,178,0.1727142712761763
L,400X96,-0.17270059564593088,400,178,0.17270059564593088
O,340X4,0.17268617448703136,340,86,0.17268617448703136
M,750X1356,-0.17267218842125995,750,128,0.17267218842125995
M,330X132,-0.17262610878526113,330,128,0.17262610878526113
L,311X22,-0.17254893060479423,311,178,0.17254893060479423
M,312X603,0.17250022674295845,312,128,0.17250022674295845
L,Tool (#5),-0.17247836676448533,UNKNOWN,178,0.17247836676448533
N,330X383,0.17246496239981984,330,266,0.17246496239981984
N,330X373,0.17246313872044033,330,266,0.17246313872044033
N,330X363,0.1724628073564764,330,266,0.1724628073564764
J,330X228,-0.17238436162142523,330,142,0.17238436162142523
L,420X115,-0.17225262791225227,420,178,0.17225262791225227
L,330X475,-0.17222052804716828,330,178,0.17222052804716828
J,344X64,-0.1722203976355414,344,142,0.1722203976355414
O,344X15,-0.17220908168459603,344,86,0.17220908168459603
M,360X392,0.1721671412876948,360,128,0.1721671412876948
M,330X135,-0.17216702841300197,330,128,0.17216702841300197
O,330X475,-0.1721623879455221,330,86,0.1721623879455221
O,310X181,-0.17213028438774056,310,86,0.17213028438774056
J,340X198,-0.17210537062919368,340,142,0.17210537062919368
J,330X395,-0.17204071317091646,330,142,0.17204071317091646
N,520X330,0.17196653047930174,520,266,0.17196653047930174
L,210X80,-0.17194193297165272,210,178,0.17194193297165272
M,210X80,-0.17194193297165272,210,128,0.17194193297165272
J,312X522,0.17191494682769867,312,142,0.17191494682769867
O,330X291,-0.17182348110371157,330,86,0.17182348110371157
M,340X5,0.1715574410061095,340,128,0.1715574410061095
J,750X785,0.1714724812112048,750,142,0.1714724812112048
M,330X388,-0.17144859765128947,330,128,0.17144859765128947
M,520X326,0.17141260995353697,520,128,0.17141260995353697
M,220X178,-0.17139840507416698,220,128,0.17139840507416698
O,420X35,-0.1713808173492441,420,86,0.1713808173492441
M,330X1013,0.17126965853149173,330,128,0.17126965853149173
O,310X109,-0.1711753126680514,310,86,0.1711753126680514
J,312X223,-0.171105314217951,312,142,0.171105314217951
L,400X100,-0.17109059753253025,400,178,0.17109059753253025
J,340X36,0.1708786251048391,340,142,0.1708786251048391
J,210X98,-0.17078783720833776,210,142,0.17078783720833776
J,312X167,-0.1707335181923926,312,142,0.1707335181923926
O,210X49,0.17070451432817293,210,86,0.17070451432817293
O,210X51,0.1706989923398579,210,86,0.1706989923398579
N,330X902,0.17058807093331294,330,266,0.17058807093331294
J,Chamber ID,-0.17053212804674958,UNKNOWN,142,0.17053212804674958
O,360X541,-0.17048188684201235,360,86,0.17048188684201235
O,310X153,-0.17044683084712062,310,86,0.17044683084712062
O,312X423,0.17041412115380783,312,86,0.17041412115380783
O,210X229,0.17027306251660185,210,86,0.17027306251660185
O,750X1050,0.17015831096258172,750,86,0.17015831096258172
O,330X61,0.17009670403948854,330,86,0.17009670403948854
J,344X66,-0.17007778505321086,344,142,0.17007778505321086
O,312X697,-0.17005397846622108,312,86,0.17005397846622108
M,360X455,0.16997552785604694,360,128,0.16997552785604694
O,311X8,0.1699049698797713,311,86,0.1699049698797713
M,750X475,0.16986458952898778,750,128,0.16986458952898778
M,750X477,-0.16983460141872606,750,128,0.16983460141872606
O,344X41,0.1697670011188107,344,86,0.1697670011188107
O,330X193,-0.16974937475971344,330,86,0.16974937475971344
O,312X713,0.16971801361638594,312,86,0.16971801361638594
L,311X170,-0.16970994151553387,311,178,0.16970994151553387
L,311X77,-0.16966580030970974,311,178,0.16966580030970974
N,750X117,0.16955900846637414,750,266,0.16955900846637414
J,330X104,-0.1695019705586903,330,142,0.1695019705586903
N,220X12,0.16933943415054523,220,266,0.16933943415054523
L,400X92,-0.16929436148859547,400,178,0.16929436148859547
J,220X14,0.1692856189736895,220,142,0.1692856189736895
O,311X32,0.16927353373809315,311,86,0.16927353373809315
M,520X314,0.1692709915116215,520,128,0.1692709915116215
J,360X1006,-0.16920916198477778,360,142,0.16920916198477778
J,312X642,0.16915222610871516,312,142,0.16915222610871516
J,312X279,0.1691455321996436,312,142,0.1691455321996436
O,310X115,-0.16901628671133348,310,86,0.16901628671133348
N,ERROR:#N/A_5,0.16900974594738022,UNKNOWN,266,0.16900974594738022
J,360X645,-0.16900024437072642,360,142,0.16900024437072642
M,750X1364,0.16893977087115886,750,128,0.16893977087115886
L,420X187,-0.16882724364184734,420,178,0.16882724364184734
L,330X300,0.16882475840458067,330,178,0.16882475840458067
L,210X169,-0.16869821256429354,210,178,0.16869821256429354
M,220X53,-0.168689006706068,220,128,0.168689006706068
L,210X121,-0.16868712139774827,210,178,0.16868712139774827
L,210X135,-0.1686731665272116,210,178,0.1686731665272116
M,520X108,0.16862839026024196,520,128,0.16862839026024196
J,360X14,-0.16860276545010805,360,142,0.16860276545010805
J,360X595,0.1685971970715972,360,142,0.1685971970715972
M,ERROR:#N/A_17,0.16855739426687186,UNKNOWN,128,0.16855739426687186
J,312X303,0.16854174119243032,312,142,0.16854174119243032
M,520X93,-0.16844685313049493,520,128,0.16844685313049493
M,750X109,-0.168373031550702,750,128,0.168373031550702
N,360X765,-0.16828254164710757,360,266,0.16828254164710757
O,344X13,-0.16822366791074767,344,86,0.16822366791074767
L,210X157,-0.16814479559519938,210,178,0.16814479559519938
J,360X1039,-0.16814129549632756,360,142,0.16814129549632756
L,330X407,0.16814021676550772,330,178,0.16814021676550772
M,210X147,0.16811665018813857,210,128,0.16811665018813857
M,750X155,-0.16810976703150776,750,128,0.16810976703150776
O,300X2,0.1680799258188702,300,86,0.1680799258188702
N,330X798,-0.1680348823002607,330,266,0.1680348823002607
M,330X111,-0.16797224572639413,330,128,0.16797224572639413
O,400X197,0.16795818091311002,400,86,0.16795818091311002
O,750X337,0.16795054524473288,750,86,0.16795054524473288
M,520X183,0.16791751272428998,520,128,0.16791751272428998
O,312X375,0.16788450203958172,312,86,0.16788450203958172
M,311X10,0.16788122676877898,311,128,0.16788122676877898
N,312X283,-0.1678808924721779,312,266,0.1678808924721779
J,312X630,0.16782232949818243,312,142,0.16782232949818243
N,344X139,-0.16781099295184626,344,266,0.16781099295184626
N,520X113,0.1676978089729329,520,266,0.1676978089729329
L,330X468,-0.16761837588455875,330,178,0.16761837588455875
O,340X113,0.1675851307604533,340,86,0.1675851307604533
M,330X946,0.16744577553736342,330,128,0.16744577553736342
M,210X72,0.1674275976534457,210,128,0.1674275976534457
O,330X6,-0.167413413467789,330,86,0.167413413467789
L,312X280,0.1673323111945813,312,178,0.1673323111945813
O,344X65,-0.16722394942323834,344,86,0.16722394942323834
M,330X926,0.16714958454332457,330,128,0.16714958454332457
J,360X573,0.16714529010037193,360,142,0.16714529010037193
M,330X391,-0.16711418672532602,330,128,0.16711418672532602
O,312X143,-0.1670662634043047,312,86,0.1670662634043047
O,210X201,0.1669820044218506,210,86,0.1669820044218506
O,312X28,0.1669769370877066,312,86,0.1669769370877066
N,344X124,0.16688526268470485,344,266,0.16688526268470485
J,750X318,-0.16688005063639447,750,142,0.16688005063639447
N,330X900,0.16687478591522384,330,266,0.16687478591522384
J,344X73,0.16678354558666716,344,142,0.16678354558666716
N,330X632,-0.16672943117692646,330,266,0.16672943117692646
J,210X138,0.16670784083125734,210,142,0.16670784083125734
O,220X174,-0.16669554127492558,220,86,0.16669554127492558
O,312X291,-0.16668973492124484,312,86,0.16668973492124484
M,330X525,-0.16668498764923678,330,128,0.16668498764923678
M,330X118,-0.16649083177460808,330,128,0.16649083177460808
O,400X112,0.16648780997840681,400,86,0.16648780997840681
O,330X214,-0.16645894392733845,330,86,0.16645894392733845
M,312X696,0.16643217941457814,312,128,0.16643217941457814
J,220X192,0.16634293442993728,220,142,0.16634293442993728
O,340X121,0.16633400616029473,340,86,0.16633400616029473
O,330X288,-0.1662787760331612,330,86,0.1662787760331612
M,312X246,0.16619683743434432,312,128,0.16619683743434432
M,312X353,0.16617370835643633,312,128,0.16617370835643633
O,440AX127,0.16605104863566375,UNKNOWN,86,0.16605104863566375
J,344X106,0.165867935343841,344,142,0.165867935343841
M,210X94,-0.16586716684167882,210,128,0.16586716684167882
J,210X184,0.1658387306825923,210,142,0.1658387306825923
O,440AX126,0.16581254275500276,UNKNOWN,86,0.16581254275500276
L,311X165,-0.16574747472122453,311,178,0.16574747472122453
O,310X31,-0.16573143186074982,310,86,0.16573143186074982
J,360X621,-0.16572069580270327,360,142,0.16572069580270327
M,750X1297,0.16571511262982996,750,128,0.16571511262982996
O,420X159,-0.1656944034862925,420,86,0.1656944034862925
O,210X69,0.16569242861391378,210,86,0.16569242861391378
J,312X215,-0.16563595901674535,312,142,0.16563595901674535
J,750X1072,-0.16563547774357262,750,142,0.16563547774357262
O,210X212,0.16563123830884718,210,86,0.16563123830884718
N,360X611,0.16561758047156297,360,266,0.16561758047156297
J,340X197,-0.16558694895500836,340,142,0.16558694895500836
O,311X30,0.1654725480374053,311,86,0.1654725480374053
J,520X321,-0.16538745866424273,520,142,0.16538745866424273
J,420X96,-0.16535964530386665,420,142,0.16535964530386665
O,440AX119,0.16534986348751293,UNKNOWN,86,0.16534986348751293
M,520X325,0.16533769834627526,520,128,0.16533769834627526
L,420X121,-0.16532343320261864,420,178,0.16532343320261864
M,330X385,-0.16527931403314275,330,128,0.16527931403314275
O,330X1006,-0.16526594871075254,330,86,0.16526594871075254
L,311X29,-0.16522096007129558,311,178,0.16522096007129558
O,210X71,0.16520145140960743,210,86,0.16520145140960743
M,312X67,-0.16520001993834546,312,128,0.16520001993834546
O,344X199,0.16514069819300017,344,86,0.16514069819300017
L,210X3,0.16507135635159736,210,178,0.16507135635159736
J,330X422,0.1650541181884137,330,142,0.1650541181884137
J,520X6,-0.165031439790974,520,142,0.165031439790974
O,210X203,0.1650173930633806,210,86,0.1650173930633806
L,312X278,0.1650153714837632,312,178,0.1650153714837632
O,210X26,0.16497675052477603,210,86,0.16497675052477603
N,330X571,0.16495294027001828,330,266,0.16495294027001828
O,312X719,0.16493358143418807,312,86,0.16493358143418807
O,340X75,0.1649181527671991,340,86,0.1649181527671991
N,312X279,-0.16486953517854663,312,266,0.16486953517854663
N,340X140,-0.16482186130596338,340,266,0.16482186130596338
O,312X279,-0.16475997752046698,312,86,0.16475997752046698
N,330X628,-0.16472537786758756,330,266,0.16472537786758756
O,520X236,0.16471673410843646,520,86,0.16471673410843646
M,340X38,-0.1646122824938446,340,128,0.1646122824938446
N,312X631,0.16445332612502125,312,266,0.16445332612502125
N,344X44,-0.1643052537868626,344,266,0.1643052537868626
M,520X118,-0.16425413129190058,520,128,0.16425413129190058
J,520X91,0.16420521669644889,520,142,0.16420521669644889
J,520X293,-0.16420194554049328,520,142,0.16420194554049328
N,330X580,0.16413697236916003,330,266,0.16413697236916003
J,360X318,-0.16413130707495932,360,142,0.16413130707495932
O,330X615,-0.16412552449030052,330,86,0.16412552449030052
O,440AX107,0.1639344453861459,UNKNOWN,86,0.1639344453861459
J,220X176,-0.16392767047863357,220,142,0.16392767047863357
M,520X294,-0.16385180298489593,520,128,0.16385180298489593
J,340X77,-0.1638391375130107,340,142,0.1638391375130107
J,312X334,-0.16383465137398384,312,142,0.16383465137398384
O,360X241,-0.16381619313637957,360,86,0.16381619313637957
O,210X47,0.1638160877610479,210,86,0.1638160877610479
O,ERROR:#N/A (#3),-0.16370469478965527,UNKNOWN,86,0.16370469478965527
J,312X459,-0.16368302233225143,312,142,0.16368302233225143
L,344X16,-0.1635957479199135,344,178,0.1635957479199135
N,310X131,-0.16359106207554364,310,266,0.16359106207554364
J,312X681,-0.16343841676151005,312,142,0.16343841676151005
M,210X177,-0.1633852702580609,210,128,0.1633852702580609
J,210X185,0.16336952141285632,210,142,0.16336952141285632
L,750X1201,-0.16327535471799737,750,178,0.16327535471799737
O,310X121,-0.16325148350438473,310,86,0.16325148350438473
J,520X291,-0.16320167863584809,520,142,0.16320167863584809
N,312X278,-0.1631943246357102,312,266,0.1631943246357102
N,330X630,-0.1631472174182651,330,266,0.1631472174182651
J,340X17,0.16314384650488337,340,142,0.16314384650488337
O,330X284,-0.1631326637601324,330,86,0.1631326637601324
N,311X53,0.16310038300274304,311,266,0.16310038300274304
M,440AX133,-0.16302493650230448,UNKNOWN,128,0.16302493650230448
O,520X262,0.16295114323620602,520,86,0.16295114323620602
M,360X1212,0.16294405263206688,360,128,0.16294405263206688
L,330X485,-0.1629345875482641,330,178,0.1629345875482641
O,312X132,-0.16293049810663685,312,86,0.16293049810663685
O,210X129,0.16290651604384496,210,86,0.16290651604384496
J,520X313,-0.16286846091068666,520,142,0.16286846091068666
L,360X327,-0.162850553958507,360,178,0.162850553958507
O,400X200,-0.16280098810918292,400,86,0.16280098810918292
O,312X144,-0.16277893102971325,312,86,0.16277893102971325
J,312X669,-0.16277423165738172,312,142,0.16277423165738172
M,360X219,0.1627497912501291,360,128,0.1627497912501291
O,220X187,0.16272662343630073,220,86,0.16272662343630073
O,344X126,-0.16266910966953874,344,86,0.16266910966953874
O,440AX129,0.1626385530412588,UNKNOWN,86,0.1626385530412588
N,312X643,0.16258952994993717,312,266,0.16258952994993717
M,311X131,-0.16251650321689676,311,128,0.16251650321689676
J,344X55,0.16239921562104945,344,142,0.16239921562104945
L,ERROR:#N/A (#3),0.1622804140570776,UNKNOWN,178,0.1622804140570776
M,312X595,0.16225254424200886,312,128,0.16225254424200886
O,420X216,-0.16222578934471069,420,86,0.16222578934471069
N,220X19,0.16214460964477095,220,266,0.16214460964477095
L,312X293,0.1621066630926424,312,178,0.1621066630926424
M,210X138,0.16208457865707768,210,128,0.16208457865707768
L,330X405,0.16203632639054136,330,178,0.16203632639054136
O,520X62,0.16203243966425546,520,86,0.16203243966425546
N,330X569,0.16203185904258166,330,266,0.16203185904258166
J,310X153,-0.16202635699780593,310,142,0.16202635699780593
N,520X331,0.1620066434575449,520,266,0.1620066434575449
O,311X127,-0.1620035030607138,311,86,0.1620035030607138
J,312X42,0.1618710337528323,312,142,0.1618710337528323
O,440AX128,0.1618671042029217,UNKNOWN,86,0.1618671042029217
O,520X315,0.16185269094516863,520,86,0.16185269094516863
O,312X283,-0.16184621350330675,312,86,0.16184621350330675
O,400X22,0.1618223816879216,400,86,0.1618223816879216
J,360X743,0.16181197444285098,360,142,0.16181197444285098
O,312X436,0.1617750820702045,312,86,0.1617750820702045
J,ERROR:#N/A (#3),-0.16175985166468376,UNKNOWN,142,0.16175985166468376
O,312X710,0.1616843501860583,312,86,0.1616843501860583
N,750X885,0.161639203862679,750,266,0.161639203862679
J,750X776,-0.16161934284663385,750,142,0.16161934284663385
O,210X187,0.16160694973798098,210,86,0.16160694973798098
O,344X196,0.16157050127403874,344,86,0.16157050127403874
L,344X36,0.1614974090180391,344,178,0.1614974090180391
O,312X54,0.16144533456118162,312,86,0.16144533456118162
L,330X1184,0.16116480843561426,330,178,0.16116480843561426
L,310X177,0.16115895625010698,310,178,0.16115895625010698
O,312X131,-0.1611482851664351,312,86,0.1611482851664351
M,520X406,0.16107818482995195,520,128,0.16107818482995195
O,340X195,0.1610571480208723,340,86,0.1610571480208723
O,312X138,-0.1609611268142814,312,86,0.1609611268142814
O,750X198,0.16085676651761324,750,86,0.16085676651761324
N,310X160,0.1608055539667249,310,266,0.1608055539667249
M,312X165,0.16079384972927585,312,128,0.16079384972927585
M,420X35,0.1607809331982942,420,128,0.1607809331982942
M,311X30,0.16070791099948042,311,128,0.16070791099948042
M,210X159,-0.16069913392004148,210,128,0.16069913392004148
O,440AX120,0.16068716289505655,UNKNOWN,86,0.16068716289505655
O,420X80,-0.16066538018134702,420,86,0.16066538018134702
L,312X284,0.1606292004657484,312,178,0.1606292004657484
J,344X71,0.16062103732105878,344,142,0.16062103732105878
N,312X310,0.1606171265658863,312,266,0.1606171265658863
M,520X166,0.16061114083915848,520,128,0.16061114083915848
J,312X675,-0.16056642148248373,312,142,0.16056642148248373
L,330X478,-0.16046092406347992,330,178,0.16046092406347992
N,344X39,-0.16045703500867367,344,266,0.16045703500867367
J,210X86,-0.160414147392503,210,142,0.160414147392503
J,520X319,-0.16035853063123354,520,142,0.16035853063123354
N,330X904,0.16026772716929535,330,266,0.16026772716929535
N,750X1138,-0.16026146173989497,750,266,0.16026146173989497
J,400X35,-0.16026085418755778,400,142,0.16026085418755778
O,312X441,0.1602458718545106,312,86,0.1602458718545106
L,311X60,-0.16021911274543604,311,178,0.16021911274543604
M,520X297,-0.16020411843759258,520,128,0.16020411843759258
L,400X157,-0.16018060382942634,400,178,0.16018060382942634
L,344X145,-0.1601132403224764,344,178,0.1601132403224764
J,344X195,-0.16010966746918417,344,142,0.16010966746918417
J,360X853,0.1601015710907717,360,142,0.1601015710907717
O,440AX111,0.16005659708288505,UNKNOWN,86,0.16005659708288505
O,311X149,-0.160014326684626,311,86,0.160014326684626
O,312X374,0.15999854455093704,312,86,0.15999854455093704
N,300X4,-0.15994196976620226,300,266,0.15994196976620226
M,400X159,0.15993474225108456,400,128,0.15993474225108456
M,312X33,-0.15993020684472853,312,128,0.15993020684472853
O,440AX154,0.15983939171794836,UNKNOWN,86,0.15983939171794836
O,440AX142,0.15982023322628156,UNKNOWN,86,0.15982023322628156
L,311X6,-0.15978727710002516,311,178,0.15978727710002516
N,312X308,0.15975430789060632,312,266,0.15975430789060632
O,312X136,-0.1597322757970678,312,86,0.1597322757970678
O,440AX96,-0.15972864863287944,UNKNOWN,86,0.15972864863287944
M,750X100,-0.15972522016804652,750,128,0.15972522016804652
L,210X66,0.15967605745400607,210,178,0.15967605745400607
O,220X216,-0.15962552658099488,220,86,0.15962552658099488
M,311X129,-0.159588896315716,311,128,0.159588896315716
O,312X712,0.15943535856839758,312,86,0.15943535856839758
M,360X274,0.15931429311627415,360,128,0.15931429311627415
O,330X525,-0.15920078316918612,330,86,0.15920078316918612
N,520X171,-0.15910963759448504,520,266,0.15910963759448504
M,420X37,0.15904449487795416,420,128,0.15904449487795416
L,330X482,-0.15900028205506803,330,178,0.15900028205506803
N,210X12,0.15897428410461556,210,266,0.15897428410461556
N,520X333,0.15896321404699013,520,266,0.15896321404699013
N,520X152,-0.15893069535325793,520,266,0.15893069535325793
L,330X455,-0.15892502411028478,330,178,0.15892502411028478
J,520X399,0.1589105253357594,520,142,0.1589105253357594
O,312X389,0.15890897701541143,312,86,0.15890897701541143
J,750X1329,-0.1588965615668624,750,142,0.1588965615668624
O,312X724,0.15886736706805182,312,86,0.15886736706805182
N,330X1256,0.1588440418642824,330,266,0.1588440418642824
M,330X142,-0.15878812701637904,330,128,0.15878812701637904
O,210X45,0.15868218096061143,210,86,0.15868218096061143
O,420X75,-0.1586285618303311,420,86,0.1586285618303311
J,520X241,-0.15860236015878434,520,142,0.15860236015878434
N,220X21,0.15858820840894297,220,266,0.15858820840894297
L,312X55,-0.15854386877349755,312,178,0.15854386877349755
O,310X149,-0.1585010530144449,310,86,0.1585010530144449
L,400X95,-0.1584857249455321,400,178,0.1584857249455321
M,310X30,-0.15845316065048007,310,128,0.15845316065048007
O,312X137,-0.15840979777882702,312,86,0.15840979777882702
M,312X174,0.1583929262345953,312,128,0.1583929262345953
N,310X21,0.15837425230835536,310,266,0.15837425230835536
M,210X70,0.15836206548695053,210,128,0.15836206548695053
O,344X48,-0.15832191172452087,344,86,0.15832191172452087
J,360X1267,-0.15824462428314864,360,142,0.15824462428314864
O,210X137,0.1582303580921065,210,86,0.1582303580921065
O,210X146,0.1582208139711243,210,86,0.1582208139711243
O,210X64,0.15819718416373907,210,86,0.15819718416373907
M,520X182,0.15817346954239075,520,128,0.15817346954239075
L,330X1180,0.1581607966169538,330,178,0.1581607966169538
N,520X348,-0.15814383726533715,520,266,0.15814383726533715
M,311X65,-0.15813825671842577,311,128,0.15813825671842577
J,340X196,-0.15813757936716408,340,142,0.15813757936716408
O,312X718,0.15812046115170517,312,86,0.15812046115170517
O,344X231,-0.15810026540736355,344,86,0.15810026540736355
N,520X346,-0.15809580501271553,520,266,0.15809580501271553
N,520X250,-0.15809541565589763,520,266,0.15809541565589763
N,520X173,-0.15808280106658526,520,266,0.15808280106658526
O,360X274,-0.15807231235496802,360,86,0.15807231235496802
O,312X565,-0.15806309168355948,312,86,0.15806309168355948
O,210X131,0.15804723510008611,210,86,0.15804723510008611
N,520X148,-0.15804467867327776,520,266,0.15804467867327776
N,520X248,-0.15804439228135522,520,266,0.15804439228135522
O,520X260,0.15801228095542771,520,86,0.15801228095542771
O,520X93,0.15794884310981708,520,86,0.15794884310981708
O,312X690,-0.15791297966175719,312,86,0.15791297966175719
M,520X180,0.1579011167113814,520,128,0.1579011167113814
J,344X53,0.1578700045168856,344,142,0.1578700045168856
J,340X33,0.1578386000942115,340,142,0.1578386000942115
O,312X130,-0.1578186045736549,312,86,0.1578186045736549
M,312X531,0.15780990774886752,312,128,0.15780990774886752
O,400X201,0.15779080865211137,400,86,0.15779080865211137
M,210X109,-0.15778408924588058,210,128,0.15778408924588058
M,440AX139,0.1577173875680893,UNKNOWN,128,0.1577173875680893
M,520X106,0.15767153748780122,520,128,0.15767153748780122
L,400X138,0.15764455231195248,400,178,0.15764455231195248
J,340X35,0.15764390244204984,340,142,0.15764390244204984
O,210X62,0.15754721658785112,210,86,0.15754721658785112
O,311X129,-0.15750334134345992,311,86,0.15750334134345992
O,312X141,-0.15750119472495705,312,86,0.15750119472495705
L,330X514,0.1573951414436985,330,178,0.1573951414436985
J,344X138,0.1573934775913468,344,142,0.1573934775913468
L,400X94,-0.15736202261838814,400,178,0.15736202261838814
J,312X441,0.15734327664728484,312,142,0.15734327664728484
O,360X392,-0.15733130477696158,360,86,0.15733130477696158
N,310X14,-0.1572131736815247,310,266,0.1572131736815247
N,210X154,0.15712129653057588,210,266,0.15712129653057588
O,440AX130,0.15704192033034914,UNKNOWN,86,0.15704192033034914
M,750X392,-0.1568951906648151,750,128,0.1568951906648151
N,312X644,0.1568942143660846,312,266,0.1568942143660846
M,400X116,-0.15688034471879655,400,128,0.15688034471879655
M,750X1072,0.15686905615905425,750,128,0.15686905615905425
L,344X115,-0.15685958740355074,344,178,0.15685958740355074
N,340X31,-0.1568084654423535,340,266,0.1568084654423535
M,311X61,-0.15678970120153754,311,128,0.15678970120153754
M,360X285,0.1567718366329794,360,128,0.1567718366329794
L,312X310,-0.15672170423813603,312,178,0.15672170423813603
O,360X1116,0.15670807658959307,360,86,0.15670807658959307
N,310X156,0.15666972833230902,310,266,0.15666972833230902
O,312X133,-0.15666054031438012,312,86,0.15666054031438012
M,420X96,0.15660969294182617,420,128,0.15660969294182617
M,520X27,0.1565917940603163,520,128,0.1565917940603163
N,312X8,0.1565701113987941,312,266,0.1565701113987941
N,340X113,0.15655253492367682,340,266,0.15655253492367682
J,520X179,0.1565393331996067,520,142,0.1565393331996067
M,750X1061,0.1564794455206835,750,128,0.1564794455206835
L,310X9,-0.1564785951734444,310,178,0.1564785951734444
M,220X14,0.15640275415653218,220,128,0.15640275415653218
L,210X70,-0.15638297525502343,210,178,0.15638297525502343
N,312X632,0.15637984478755507,312,266,0.15637984478755507
M,312X596,0.15634317145101861,312,128,0.15634317145101861
O,330X482,-0.15631208348258566,330,86,0.15631208348258566
L,520X171,-0.15629816384967618,520,178,0.15629816384967618
N,312X280,-0.15618927829244084,312,266,0.15618927829244084
O,310X23,-0.15614929425286322,310,86,0.15614929425286322
N,312X633,0.15614866372243336,312,266,0.15614866372243336
M,311X66,-0.15612868213905323,311,128,0.15612868213905323
O,400X35,0.15610827033420258,400,86,0.15610827033420258
J,420X200,-0.15609232726705125,420,142,0.15609232726705125
O,312X145,-0.15606870541418194,312,86,0.15606870541418194
J,344X150,0.1560156229708574,344,142,0.1560156229708574
N,330X1258,0.15597218923894077,330,266,0.15597218923894077
N,312X597,-0.15593623403801446,312,266,0.15593623403801446
J,310X165,-0.15591258338169042,310,142,0.15591258338169042
J,360X296,-0.15591176911732424,360,142,0.15591176911732424
O,344X158,0.15590568096269605,344,86,0.15590568096269605
M,220X170,0.1558479506013575,220,128,0.1558479506013575
O,220X141,-0.15580067436116588,220,86,0.15580067436116588
J,210X220,0.15579578727793103,210,142,0.15579578727793103
L,330X1182,0.1557870383401091,330,178,0.1557870383401091
O,440AX110,0.15575417072760644,UNKNOWN,86,0.15575417072760644
O,311X51,-0.15571024240639356,311,86,0.15571024240639356
M,311X62,-0.15570175834285505,311,128,0.15570175834285505
O,750X613,0.1556410924864147,750,86,0.1556410924864147
O,440AX152,0.15563344537084448,UNKNOWN,86,0.15563344537084448
M,220X184,0.15561950943495345,220,128,0.15561950943495345
M,220X142,0.15560279877497446,220,128,0.15560279877497446
N,344X43,-0.1556021714673775,344,266,0.1556021714673775
J,312X331,-0.15556556262163912,312,142,0.15556556262163912
M,311X63,-0.15553487889906717,311,128,0.15553487889906717
J,311X94,-0.15551714064208003,311,142,0.15551714064208003
J,312X211,-0.15550607748923256,312,142,0.15550607748923256
L,400X120,0.15541357723880933,400,178,0.15541357723880933
L,312X43,-0.1554135346988862,312,178,0.1554135346988862
L,520X173,-0.15537466190961555,520,178,0.15537466190961555
N,312X637,0.15536560746438663,312,266,0.15536560746438663
J,750X1305,-0.1553570764218233,750,142,0.1553570764218233
L,520X148,-0.15534859279464072,520,178,0.15534859279464072
L,520X248,-0.1553477204219825,520,178,0.1553477204219825
M,360X1364,-0.15534481715787762,360,128,0.15534481715787762
L,520X250,-0.15531691788361765,520,178,0.15531691788361765
L,520X346,-0.15531689181058442,520,178,0.15531689181058442
L,520X348,-0.1552886813520248,520,178,0.1552886813520248
M,344X176,-0.15526727882328037,344,128,0.15526727882328037
J,312X574,-0.15524143560405254,312,142,0.15524143560405254
N,210X158,0.1550021547957467,210,266,0.1550021547957467
N,310X158,-0.15498927064037676,310,266,0.15498927064037676
O,311X162,0.15497028915228736,311,86,0.15497028915228736
M,360X1146,0.15493092039475714,360,128,0.15493092039475714
M,312X173,0.15489358562488562,312,128,0.15489358562488562
M,330X201,-0.15472217377315703,330,128,0.15472217377315703
M,330X1020,0.15471808837201653,330,128,0.15471808837201653
J,220X5,-0.1547024706499383,220,142,0.1547024706499383
L,330X512,0.15453943315611085,330,178,0.15453943315611085
N,220X20,-0.15447898138095095,220,266,0.15447898138095095
J,344X222,-0.15441779633985347,344,142,0.15441779633985347
O,312X290,0.1543954694587413,312,86,0.1543954694587413
O,440AX163,0.15427759701629465,UNKNOWN,86,0.15427759701629465
O,344X178,-0.15426088495034,344,86,0.15426088495034
L,400X204,-0.15417815809615787,400,178,0.15417815809615787
N,750X111,-0.15415715879928765,750,266,0.15415715879928765
M,420X99,0.154122000740855,420,128,0.154122000740855
J,311X92,-0.15409862262587792,311,142,0.15409862262587792
O,344X149,-0.15409802094470673,344,86,0.15409802094470673
J,344X10,0.1540945473052769,344,142,0.1540945473052769
L,220X14,0.1540756526348607,220,178,0.1540756526348607
N,312X169,0.1540605887969811,312,266,0.1540605887969811
M,312X57,-0.1540264543798051,312,128,0.1540264543798051
M,311X88,-0.15390579829524878,311,128,0.15390579829524878
N,344X137,-0.1538427505544341,344,266,0.1538427505544341
O,750X157,0.1538175324669729,750,86,0.1538175324669729
O,330X91,0.1537911002051502,330,86,0.1537911002051502
L,311X5,-0.15377893120455827,311,178,0.15377893120455827
J,340X34,0.15370292630743454,340,142,0.15370292630743454
O,210X48,0.15364827049871993,210,86,0.15364827049871993
M,520X23,0.15363843460261323,520,128,0.15363843460261323
J,420X95,-0.15362618513695395,420,142,0.15362618513695395
O,440AX140,0.15348651467712532,UNKNOWN,86,0.15348651467712532
N,312X303,-0.15341088462370175,312,266,0.15341088462370175
J,330X602,0.1534070345273137,330,142,0.1534070345273137
N,210X138,-0.1533912099404547,210,266,0.1533912099404547
O,344X27,-0.15334224725396325,344,86,0.15334224725396325
J,520X177,0.15330267457827051,520,142,0.15330267457827051
O,312X716,0.15326968616690298,312,86,0.15326968616690298
M,344X121,-0.15326221025198813,344,128,0.15326221025198813
N,520X124,-0.15325295037310846,520,266,0.15325295037310846
M,360X1356,0.15320369124969968,360,128,0.15320369124969968
J,312X293,0.15319118425204264,312,142,0.15319118425204264
O,360X381,-0.15311780146161205,360,86,0.15311780146161205
O,312X139,-0.15310073865794505,312,86,0.15310073865794505
O,330X331,0.1530700679731232,330,86,0.1530700679731232
L,360X1083,-0.15305102041223437,360,178,0.15305102041223437
J,330X609,0.1530306799778996,330,142,0.1530306799778996
O,312X142,-0.15301983451286277,312,86,0.15301983451286277
L,312X308,-0.1529388340090679,312,178,0.1529388340090679
J,330X595,0.15292314978547117,330,142,0.15292314978547117
L,520X152,-0.1529119118997473,520,178,0.1529119118997473
J,520X245,-0.15289999773271712,520,142,0.15289999773271712
M,520X140,-0.15282710649238915,520,128,0.15282710649238915
M,220X196,0.1526767319183689,220,128,0.1526767319183689
L,210X72,-0.1526623631800628,210,178,0.1526623631800628
N,312X445,-0.15262754974586193,312,266,0.15262754974586193
O,520X258,0.1525409002723739,520,86,0.1525409002723739
O,440AX94,-0.15250122632431745,UNKNOWN,86,0.15250122632431745
J,312X523,0.15245523190992938,312,142,0.15245523190992938
L,420X33,0.1523704176283004,420,178,0.1523704176283004
J,750X187,0.15233401555686593,750,142,0.15233401555686593
J,520X244,-0.15228862812276986,520,142,0.15228862812276986
N,220X172,0.1522774984079016,220,266,0.1522774984079016
M,312X32,-0.15222827158934868,312,128,0.15222827158934868
J,344X48,0.15220229499362503,344,142,0.15220229499362503
L,330X298,0.15220033634614943,330,178,0.15220033634614943
M,520X98,0.15216027749705963,520,128,0.15216027749705963
J,210X222,0.15214211571700537,210,142,0.15214211571700537
J,210X221,0.15214211571700528,210,142,0.15214211571700528
J,210X218,0.15214211571700528,210,142,0.15214211571700528
J,210X224,0.15214211571700495,210,142,0.15214211571700495
M,400X79,-0.15207206575128576,400,128,0.15207206575128576
L,330X777,0.15207195953356814,330,178,0.15207195953356814
J,210X153,-0.15205066849903484,210,142,0.15205066849903484
N,520X123,-0.15201506394467912,520,266,0.15201506394467912
N,520X51,-0.15199055318441196,520,266,0.15199055318441196
M,312X704,0.15179194487941486,312,128,0.15179194487941486
N,330X564,0.15173772228060556,330,266,0.15173772228060556
L,210X147,-0.15169692874217644,210,178,0.15169692874217644
J,750X1391,0.15159304661109696,750,142,0.15159304661109696
J,311X199,-0.1515818325448876,311,142,0.1515818325448876
L,400X139,0.15154906454735295,400,178,0.15154906454735295
O,312X211,0.15146602166040068,312,86,0.15146602166040068
L,330X774,0.15146228041528767,330,178,0.15146228041528767
M,312X740,-0.15145119179520927,312,128,0.15145119179520927
O,420X157,-0.15144812234108174,420,86,0.15144812234108174
L,312X311,-0.15143926517238745,312,178,0.15143926517238745
O,210X50,0.15142626310321647,210,86,0.15142626310321647
O,311X12,0.1513866980121316,311,86,0.1513866980121316
O,312X376,0.15135716644403543,312,86,0.15135716644403543
J,312X753,0.15135161866208513,312,142,0.15135161866208513
O,360X157,-0.15132804675286954,360,86,0.15132804675286954
O,344X85,-0.1512010298119148,344,86,0.1512010298119148
M,311X184,-0.15115300773599083,311,128,0.15115300773599083
M,311X183,-0.15115300773597212,311,128,0.15115300773597212
J,312X81,0.15114633254444387,312,142,0.15114633254444387
L,210X151,-0.15112006087621843,210,178,0.15112006087621843
L,400X140,0.15102285626010617,400,178,0.15102285626010617
M,360X477,0.1510144750394751,360,128,0.1510144750394751
O,750X425,0.15099288891952897,750,86,0.15099288891952897
L,330X771,0.15099008644755443,330,178,0.15099008644755443
J,330X1160,-0.15096872996516358,330,142,0.15096872996516358
O,420X36,-0.15091142553416592,420,86,0.15091142553416592
L,340X13,0.15090121094038506,340,178,0.15090121094038506
L,210X113,0.15087522147056917,210,178,0.15087522147056917
M,360X629,0.15083813285436962,360,128,0.15083813285436962
J,344X115,0.1508271775526917,344,142,0.1508271775526917
O,330X3,-0.1507597651024231,330,86,0.1507597651024231
O,ERROR:#N/A_16,0.1507324451141424,UNKNOWN,86,0.1507324451141424
O,344X92,-0.15073244511414227,344,86,0.15073244511414227
O,344X119,0.15073244511414227,344,86,0.15073244511414227
O,344X110,0.1507324451141419,344,86,0.1507324451141419
O,344X172,0.1507324451141417,344,86,0.1507324451141417
O,344X154,-0.15073244511414166,344,86,0.15073244511414166
M,311X119,-0.1506219171031255,311,128,0.1506219171031255
O,344X87,-0.1505861575119754,344,86,0.1505861575119754
O,440AX153,0.1505440648237486,UNKNOWN,86,0.1505440648237486
L,311X169,-0.15052405756604195,311,178,0.15052405756604195
O,344X114,0.15051026927198058,344,86,0.15051026927198058
O,750X1267,-0.1504919785583807,750,86,0.1504919785583807
O,312X553,-0.15048949758185617,312,86,0.15048949758185617
N,312X638,0.15047923482127365,312,266,0.15047923482127365
M,312X738,-0.1504533807661847,312,128,0.1504533807661847
J,312X127,0.15045193483652974,312,142,0.15045193483652974
J,344X253,0.15041364093238194,344,142,0.15041364093238194
N,210X176,0.15040315865338955,210,266,0.15040315865338955
L,312X61,-0.15038544992680594,312,178,0.15038544992680594
O,400X156,0.15037667678555577,400,86,0.15037667678555577
J,330X373,0.15034827798265482,330,142,0.15034827798265482
N,330X1261,0.1502599116735703,330,266,0.1502599116735703
J,330X383,0.1502402320276958,330,142,0.1502402320276958
J,360X1321,-0.15020111299094335,360,142,0.15020111299094335
J,330X363,0.15018222750093432,330,142,0.15018222750093432
M,310X10,-0.1501678420546415,310,128,0.1501678420546415
O,344X112,0.15006441971031909,344,86,0.15006441971031909
N,340X18,-0.15004805816372074,340,266,0.15004805816372074
L,340X11,0.15003769647988965,340,178,0.15003769647988965
J,210X24,0.15001296697060865,210,142,0.15001296697060865
L,400X142,0.14999832456779555,400,178,0.14999832456779555
O,344X105,0.1499654888045781,344,86,0.1499654888045781
J,330X111,0.14987404316599776,330,142,0.14987404316599776
N,330X261,0.1498357691412286,330,266,0.1498357691412286
O,520X16,-0.14979767430375895,520,86,0.14979767430375895
M,360X1278,-0.1496386363584916,360,128,0.1496386363584916
N,360X1201,0.14963280372307552,360,266,0.14963280372307552
O,344X103,0.14960802984739752,344,86,0.14960802984739752
O,344X235,-0.14959436480618765,344,86,0.14959436480618765
J,312X517,0.14956593257325418,312,142,0.14956593257325418
O,420X122,0.1495426519525601,420,86,0.1495426519525601
O,312X94,-0.14945448690383695,312,86,0.14945448690383695
O,312X23,0.14944448960623122,312,86,0.14944448960623122
M,312X744,-0.1493708938037625,312,128,0.1493708938037625
L,344X44,-0.1493603159652222,344,178,0.1493603159652222
L,210X186,0.14935474834264043,210,178,0.14935474834264043
O,311X204,-0.1493275992256279,311,86,0.1493275992256279
O,344X239,-0.1492798759856543,344,86,0.1492798759856543
J,520X31,0.14927175397679804,520,142,0.14927175397679804
J,340X19,0.14926445187804535,340,142,0.14926445187804535
L,400X121,0.14922565625159953,400,178,0.14922565625159953
M,520X73,0.14922338770789803,520,128,0.14922338770789803
J,312X115,0.14920170659565377,312,142,0.14920170659565377
J,344X226,-0.1491794614325388,344,142,0.1491794614325388
L,312X303,0.14917484833781194,312,178,0.14917484833781194
L,210X102,-0.14917423158365725,210,178,0.14917423158365725
L,330X458,-0.1491714507506832,330,178,0.1491714507506832
J,312X693,0.14914926613393448,312,142,0.14914926613393448
N,340X192,-0.14914127079233613,340,266,0.14914127079233613
O,440AX175,0.1490976296038113,UNKNOWN,86,0.1490976296038113
L,330X495,-0.14909122177004672,330,178,0.14909122177004672
L,400X16,-0.14908570384165726,400,178,0.14908570384165726
O,440AX108,0.14900519371669546,UNKNOWN,86,0.14900519371669546
N,310X10,-0.14897990280002102,310,266,0.14897990280002102
O,440AX63,-0.14890156331261215,UNKNOWN,86,0.14890156331261215
L,420X159,0.14888576063735232,420,178,0.14888576063735232
J,210X219,0.14875052933273836,210,142,0.14875052933273836
L,340X69,-0.14866019949191894,340,178,0.14866019949191894
N,344X97,-0.1486033327769395,344,266,0.1486033327769395
L,344X41,-0.14857325859533954,344,178,0.14857325859533954
N,ERROR:#N/A_1 (#2),0.14851141371219193,UNKNOWN,266,0.14851141371219193
N,312X286,-0.1485080222648313,312,266,0.1485080222648313
M,420X93,0.14849006574620027,420,128,0.14849006574620027
N,310X167,0.14848548390512936,310,266,0.14848548390512936
M,400X74,-0.1483858702164216,400,128,0.1483858702164216
J,312X60,0.14833043346151273,312,142,0.14833043346151273
N,340X138,-0.1483155521743245,340,266,0.1483155521743245
L,220X143,0.1482988116604109,220,178,0.1482988116604109
M,330X198,-0.14827994471570397,330,128,0.14827994471570397
L,330X343,-0.14819999291668393,330,178,0.14819999291668393
O,310X178,-0.14814108825725097,310,86,0.14814108825725097
J,312X680,-0.14807456178551015,312,142,0.14807456178551015
L,210X138,-0.1480668617138416,210,178,0.1480668617138416
N,330X271,0.14802361483642298,330,266,0.14802361483642298
M,520X327,0.1480162996755737,520,128,0.1480162996755737
J,310X200,-0.14801396453268023,310,142,0.14801396453268023
N,750X23,0.14797719046424443,750,266,0.14797719046424443
M,750X1127,0.14793198624670623,750,128,0.14793198624670623
L,330X353,-0.14788136021227277,330,178,0.14788136021227277
J,520X287,-0.14786947089270275,520,142,0.14786947089270275
J,420X110,-0.14785723804747566,420,142,0.14785723804747566
M,312X16,0.14783259827002102,312,128,0.14783259827002102
M,220X19,-0.1477558829864555,220,128,0.1477558829864555
O,420X38,-0.14772052890306628,420,86,0.14772052890306628
O,440AX174,0.1477108689447435,UNKNOWN,86,0.1477108689447435
J,310X132,-0.1476236379166471,310,142,0.1476236379166471
M,520X288,-0.14762184241140147,520,128,0.14762184241140147
N,330X49,-0.14760622917546912,330,266,0.14760622917546912
L,311X147,0.14760132579028568,311,178,0.14760132579028568
M,360X1267,-0.14758359985185118,360,128,0.14758359985185118
J,360X1337,-0.14753170267558716,360,142,0.14753170267558716
L,330X333,-0.1474748689387203,330,178,0.1474748689387203
M,400X202,-0.14745230549018348,400,128,0.14745230549018348
O,440AX141,0.14736702625256534,UNKNOWN,86,0.14736702625256534
O,440AX185,0.1473352759379986,UNKNOWN,86,0.1473352759379986
J,312X168,-0.1473308870702725,312,142,0.1473308870702725
O,440AX144,0.14732667482870446,UNKNOWN,86,0.14732667482870446
O,312X717,0.14732472373216052,312,86,0.14732472373216052
N,312X293,-0.14732386821514407,312,266,0.14732386821514407
N,750X211,-0.14725929083505296,750,266,0.14725929083505296
J,330X244,-0.14724746141533582,330,142,0.14724746141533582
J,520X317,-0.1471884722864771,520,142,0.1471884722864771
L,344X43,-0.14715943574432636,344,178,0.14715943574432636
M,312X728,-0.14712110106233475,312,128,0.14712110106233475
J,312X668,-0.14710834887064322,312,142,0.14710834887064322
M,400X120,-0.14709101195572175,400,128,0.14709101195572175
M,330X514,0.14703225543121984,330,128,0.14703225543121984
L,400X13,-0.14701969872372972,400,178,0.14701969872372972
M,344X79,-0.1469844575075604,344,128,0.1469844575075604
M,330X516,0.14693247345299465,330,128,0.14693247345299465
M,360X261,0.14687859752296148,360,128,0.14687859752296148
N,310X177,-0.14686853531312483,310,266,0.14686853531312483
L,330X492,-0.14684370485943635,330,178,0.14684370485943635
M,311X86,-0.14680787393042594,311,128,0.14680787393042594
O,440AX162,0.14675763251038224,UNKNOWN,86,0.14675763251038224
O,312X639,0.14674731384930295,312,86,0.14674731384930295
L,400X91,-0.14667674162536518,400,178,0.14667674162536518
N,210X104,-0.1466282172033968,210,266,0.1466282172033968
M,330X139,-0.14660087745425396,330,128,0.14660087745425396
J,312X278,0.14652730717093723,312,142,0.14652730717093723
N,330X43,-0.14638830251108192,330,266,0.14638830251108192
J,420X216,-0.1463800573419701,420,142,0.1463800573419701
L,312X365,0.14630586557316233,312,178,0.14630586557316233
M,310X2,-0.1462553132364365,310,128,0.1462553132364365
J,312X674,-0.14625431075366316,312,142,0.14625431075366316
O,440AX176,0.14623119190184208,UNKNOWN,86,0.14623119190184208
O,344X159,0.14621331043064015,344,86,0.14621331043064015
M,220X21,-0.14617738211728565,220,128,0.14617738211728565
O,440AX95,-0.14616925339996054,UNKNOWN,86,0.14616925339996054
M,400X69,0.1461681411137983,400,128,0.1461681411137983
J,220X218,0.14611175042951474,220,142,0.14611175042951474
N,520X97,0.14610246924463488,520,266,0.14610246924463488
J,312X332,-0.14610114686864076,312,142,0.14610114686864076
N,312X13,0.14609841540150936,312,266,0.14609841540150936
O,344X261,0.14606747177825538,344,86,0.14606747177825538
L,400X75,0.14601981457881605,400,178,0.14601981457881605
O,330X816,0.1459906518077832,330,86,0.1459906518077832
J,340X25,0.14596406921393507,340,142,0.14596406921393507
O,311X115,-0.14594832338917987,311,86,0.14594832338917987
O,344X237,-0.14586809337540735,344,86,0.14586809337540735
M,311X8,0.14578170432139237,311,128,0.14578170432139237
J,312X121,0.1457667342396209,312,142,0.1457667342396209
L,420X93,0.1457545380418325,420,178,0.1457545380418325
N,312X598,-0.14575284581099177,312,266,0.14575284581099177
M,750X1083,0.14573289736676032,750,128,0.14573289736676032
O,440AX150,0.1456705206392346,UNKNOWN,86,0.1456705206392346
O,520X309,0.1456581551313752,520,86,0.1456581551313752
N,330X251,0.14563484941772561,330,266,0.14563484941772561
O,440AX61,-0.14550008823669208,UNKNOWN,86,0.14550008823669208
N,360X543,-0.14549937833196827,360,266,0.14549937833196827
O,311X223,-0.14548275181648213,311,86,0.14548275181648213
M,312X732,-0.1454386663491457,312,128,0.1454386663491457
N,310X164,-0.14531679538355816,310,266,0.14531679538355816
O,330X810,0.1453115050189554,330,86,0.1453115050189554
M,330X973,0.14516068803433285,330,128,0.14516068803433285
J,360X228,0.14515457743723967,360,142,0.14515457743723967
N,330X1020,0.14513827174824606,330,266,0.14513827174824606
L,400X77,0.1450810554374586,400,178,0.1450810554374586
N,360X584,-0.14507425565918072,360,266,0.14507425565918072
O,330X298,-0.14504137905378894,330,86,0.14504137905378894
J,750X157,0.1450001444725044,750,142,0.1450001444725044
O,420X34,-0.14491903036367898,420,86,0.14491903036367898
M,312X476,0.1449138857485996,312,128,0.1449138857485996
M,330X378,-0.14490105200813738,330,128,0.14490105200813738
O,330X460,0.1448622684793906,330,86,0.1448622684793906
M,312X528,-0.14483380007771768,312,128,0.14483380007771768
O,440AX137,0.14481229837739723,UNKNOWN,86,0.14481229837739723
L,420X198,-0.1447980971184,420,178,0.1447980971184
J,520X93,0.14477657238714156,520,142,0.14477657238714156
O,440AX62,-0.144718813507566,UNKNOWN,86,0.144718813507566
M,360X381,0.14470503459610937,360,128,0.14470503459610937
J,210X8,-0.14463898106454712,210,142,0.14463898106454712
N,330X46,-0.14454697842336447,330,266,0.14454697842336447
L,400X72,0.14452409012947467,400,178,0.14452409012947467
O,440AX12,-0.1444533844605461,UNKNOWN,86,0.1444533844605461
N,210X30,0.14444321230896798,210,266,0.14444321230896798
O,311X148,-0.1444278709259693,311,86,0.1444278709259693
L,312X8,-0.1444090835977692,312,178,0.1444090835977692
O,440AX117,0.1444068963412999,UNKNOWN,86,0.1444068963412999
N,312X592,-0.14433195875585997,312,266,0.14433195875585997
N,344X99,-0.14431577397594128,344,266,0.14431577397594128
O,440AX178,0.1442942950551558,UNKNOWN,86,0.1442942950551558
N,344X121,0.14426304294202688,344,266,0.14426304294202688
M,330X204,-0.14423880996917632,330,128,0.14423880996917632
O,440AX183,0.14420555008620384,UNKNOWN,86,0.14420555008620384
L,210X149,-0.14415003557904543,210,178,0.14415003557904543
O,440AX161,0.14414007731078018,UNKNOWN,86,0.14414007731078018
J,310X174,0.1441170551368422,310,142,0.1441170551368422
O,440AX45,-0.14411507609702354,UNKNOWN,86,0.14411507609702354
L,420X98,0.1441111027867327,420,178,0.1441111027867327
J,344X178,0.14410384205563975,344,142,0.14410384205563975
M,220X20,0.1440079426479186,220,128,0.1440079426479186
M,520X86,0.14398251402140302,520,128,0.14398251402140302
M,750X294,-0.14393283642031512,750,128,0.14393283642031512
M,210X67,0.1438697286306674,210,128,0.1438697286306674
O,330X813,0.14384458671979597,330,86,0.14384458671979597
O,312X26,-0.1438388049235188,312,86,0.1438388049235188
O,440AX173,0.14383859488594508,UNKNOWN,86,0.14383859488594508
J,750X211,-0.14383320503028915,750,142,0.14383320503028915
O,312X163,0.14380557914440467,312,86,0.14380557914440467
N,344X147,0.14377134229932947,344,266,0.14377134229932947
J,220X185,-0.1437693729231515,220,142,0.1437693729231515
O,312X216,0.14376068236907005,312,86,0.14376068236907005
M,344X200,0.14375040283040738,344,128,0.14375040283040738
M,312X742,-0.14374525503369343,312,128,0.14374525503369343
N,360X1313,-0.14373369275268771,360,266,0.14373369275268771
L,210X97,-0.14369637606197555,210,178,0.14369637606197555
N,344X96,-0.14366313635412348,344,266,0.14366313635412348
J,400X210,-0.14360072066054375,400,142,0.14360072066054375
N,750X613,0.14355753033878996,750,266,0.14355753033878996
J,360X1050,0.14355525823503923,360,142,0.14355525823503923
N,220X193,-0.1434971840567004,220,266,0.1434971840567004
N,210X93,-0.14348600379693827,210,266,0.14348600379693827
J,520X394,0.1434171450860538,520,142,0.1434171450860538
O,440AX177,0.1433644920665145,UNKNOWN,86,0.1433644920665145
M,400X67,0.14335606685184546,400,128,0.14335606685184546
M,400X151,0.14335506803389864,400,128,0.14335506803389864
N,330X1160,0.14335449766006442,330,266,0.14335449766006442
M,520X111,0.1433433909665758,520,128,0.1433433909665758
O,440AX194,0.14331878269155765,UNKNOWN,86,0.14331878269155765
L,312X598,0.14320117625144677,312,178,0.14320117625144677
M,400X70,0.14319922009473338,400,128,0.14319922009473338
N,312X292,-0.14317990448509785,312,266,0.14317990448509785
O,440AX196,0.14314694262837965,UNKNOWN,86,0.14314694262837965
O,440AX93,-0.14314690341395317,UNKNOWN,86,0.14314690341395317
J,312X214,-0.1431163258318502,312,142,0.1431163258318502
M,520X176,-0.1431129516472972,520,128,0.1431129516472972
J,340X24,0.14311074013062547,340,142,0.14311074013062547
N,750X704,0.1430827824801452,750,266,0.1430827824801452
N,520X107,0.143067800156367,520,266,0.143067800156367
M,312X310,-0.14303734281873795,312,128,0.14303734281873795
O,440AX206,0.1429962578514015,UNKNOWN,86,0.1429962578514015
N,310X42,0.1429839986330911,310,266,0.1429839986330911
M,330X970,0.14294808993447533,330,128,0.14294808993447533
O,750X34,0.14293968759416192,750,86,0.14293968759416192
O,311X15,-0.14292033566452686,311,86,0.14292033566452686
O,440AX171,0.14289193234179554,UNKNOWN,86,0.14289193234179554
O,440AX32,-0.1428594680703408,UNKNOWN,86,0.1428594680703408
N,210X60,-0.142849557264025,210,266,0.142849557264025
O,440AX83,-0.14281168152890772,UNKNOWN,86,0.14281168152890772
M,520X237,-0.14278434009384347,520,128,0.14278434009384347
M,520X296,-0.14277810728456464,520,128,0.14277810728456464
L,312X277,0.1427715471291647,312,178,0.1427715471291647
J,750X14,0.14276782922366738,750,142,0.14276782922366738
O,750X14,0.14276782922366738,750,86,0.14276782922366738
O,440AX179,0.14274726543495006,UNKNOWN,86,0.14274726543495006
O,440AX192,0.1427437539186523,UNKNOWN,86,0.1427437539186523
J,750X1337,-0.14272948731678703,750,142,0.14272948731678703
O,440AX172,0.1427184929321544,UNKNOWN,86,0.1427184929321544
M,312X594,0.1427107199602824,312,128,0.1427107199602824
N,330X562,0.14266805212838723,330,266,0.14266805212838723
L,400X80,0.1426233450940074,400,178,0.1426233450940074
O,440AX204,0.1425815294522284,UNKNOWN,86,0.1425815294522284
J,312X207,-0.14255774463420468,312,142,0.14255774463420468
M,344X237,0.14252692687948668,344,128,0.14252692687948668
O,440AX84,-0.1425261118387452,UNKNOWN,86,0.1425261118387452
O,440AX30,-0.1425118935883572,UNKNOWN,86,0.1425118935883572
O,440AX10,-0.14251159031776772,UNKNOWN,86,0.14251159031776772
L,330X677,-0.14244791949725974,330,178,0.14244791949725974
O,440AX184,0.1424370942734873,UNKNOWN,86,0.1424370942734873
N,210X110,-0.14239867028673286,210,266,0.14239867028673286
O,312X129,-0.14239238644392632,312,86,0.14239238644392632
O,344X121,-0.1423863251063737,344,86,0.1423863251063737
L,330X671,-0.14234813433753749,330,178,0.14234813433753749
J,312X570,-0.14232772790589596,312,142,0.14232772790589596
O,440AX159,0.14228332863932044,UNKNOWN,86,0.14228332863932044
N,210X108,-0.142262093869128,210,266,0.142262093869128
J,360X25,-0.14222561104288292,360,142,0.14222561104288292
N,210X21,-0.14222026330524115,210,266,0.14222026330524115
N,210X127,-0.14222026330524085,210,266,0.14222026330524085
N,210X199,-0.14222026330524068,210,266,0.14222026330524068
N,210X77,-0.14222026330523965,210,266,0.14222026330523965
N,210X225,-0.1422202633052383,210,266,0.1422202633052383
O,330X637,-0.1421716906302264,330,86,0.1421716906302264
O,330X635,-0.1421658331486807,330,86,0.1421658331486807
O,330X639,-0.14215692345226869,330,86,0.14215692345226869
M,520X129,0.14214977091542771,520,128,0.14214977091542771
M,400X66,0.1421485674007628,400,128,0.1421485674007628
M,330X976,0.14211132239021032,330,128,0.14211132239021032
N,520X135,0.1420893920078576,520,266,0.1420893920078576
O,440AX33,-0.1420879516390895,UNKNOWN,86,0.1420879516390895
N,330X613,0.14206958971776376,330,266,0.14206958971776376
M,400X71,0.14206896749952963,400,128,0.14206896749952963
O,440AX43,-0.14203332392625265,UNKNOWN,86,0.14203332392625265
N,330X599,0.14202137282299368,330,266,0.14202137282299368
L,330X674,-0.14200391473989377,330,178,0.14200391473989377
M,220X204,-0.1419979985770117,220,128,0.1419979985770117
N,330X606,0.1419603437659543,330,266,0.1419603437659543
L,344X209,-0.1419236203957232,344,178,0.1419236203957232
N,210X92,-0.14190824581232142,210,266,0.14190824581232142
J,400X209,-0.14189160290713976,400,142,0.14189160290713976
O,750X1152,0.1418812732865418,750,86,0.1418812732865418
O,750X115,0.14187812987783702,750,86,0.14187812987783702
O,440AX193,0.1418709748687439,UNKNOWN,86,0.1418709748687439
O,440AX149,0.14186367007705694,UNKNOWN,86,0.14186367007705694
L,330X195,0.14182843908524861,330,178,0.14182843908524861
O,440AX82,-0.14182557806870333,UNKNOWN,86,0.14182557806870333
O,440AX11,-0.1417631276328613,UNKNOWN,86,0.1417631276328613
N,220X67,-0.14164891237038177,220,266,0.14164891237038177
N,220X87,-0.14164881148326575,220,266,0.14164881148326575
N,220X83,-0.1416488069049842,220,266,0.1416488069049842
N,220X91,-0.1416486826576945,220,266,0.1416486826576945
N,220X75,-0.14164866360729333,220,266,0.14164866360729333
N,220X79,-0.14164866109670926,220,266,0.14164866109670926
N,220X95,-0.14164856558740058,220,266,0.14164856558740058
N,312X645,0.1415957344385064,312,266,0.1415957344385064
O,440AX181,0.14158194705054863,UNKNOWN,86,0.14158194705054863
O,312X277,-0.14157544209633866,312,86,0.14157544209633866
O,440AX42,-0.14156850924755673,UNKNOWN,86,0.14156850924755673
O,440AX202,0.14154060537754962,UNKNOWN,86,0.14154060537754962
O,440AX17,-0.14152219465059335,UNKNOWN,86,0.14152219465059335
M,312X356,0.14150282748309395,312,128,0.14150282748309395
L,344X95,-0.14148641277957016,344,178,0.14148641277957016
O,440AX44,-0.14144311251314134,UNKNOWN,86,0.14144311251314134
J,312X558,0.1413827261598724,312,142,0.1413827261598724
M,360X155,-0.1413823410753747,360,128,0.1413823410753747
J,420X16,0.14136204091313714,420,142,0.14136204091313714
O,440AX207,-0.1413012564104588,UNKNOWN,86,0.1413012564104588
O,440AX31,-0.14127482385000042,UNKNOWN,86,0.14127482385000042
J,400X212,-0.14126623781035383,400,142,0.14126623781035383
N,210X101,-0.1412605868039202,210,266,0.1412605868039202
M,344X21,-0.14125190846802876,344,128,0.14125190846802876
O,440AX164,0.14123236085230606,UNKNOWN,86,0.14123236085230606
O,440AX66,-0.14122807644150337,UNKNOWN,86,0.14122807644150337
O,520X61,0.14121325352789804,520,86,0.14121325352789804
M,312X741,-0.14119667096312083,312,128,0.14119667096312083
O,311X33,0.14119149663459535,311,86,0.14119149663459535
N,750X368,0.14118655670144648,750,266,0.14118655670144648
O,440AX180,0.14116723408377052,UNKNOWN,86,0.14116723408377052
M,330X956,0.1411656064915727,330,128,0.1411656064915727
J,312X516,0.1411481375019689,312,142,0.1411481375019689
M,312X734,-0.14111166142396483,312,128,0.14111166142396483
N,340X139,-0.1410935149896303,340,266,0.1410935149896303
N,220X107,-0.14107242062532735,220,266,0.14107242062532735
M,400X33,-0.1410718113130143,400,128,0.1410718113130143
M,750X1212,0.14107023103369662,750,128,0.14107023103369662
M,520X13,0.1410659714121927,520,128,0.1410659714121927
M,520X295,-0.14102810562032897,520,128,0.14102810562032897
M,310X9,-0.14102531418312114,310,128,0.14102531418312114
J,360X263,-0.1410185366084411,360,142,0.1410185366084411
M,312X516,0.14100827608946154,312,128,0.14100827608946154
L,420X199,-0.1409927454339069,420,178,0.1409927454339069
M,520X102,0.14098324138990062,520,128,0.14098324138990062
O,400X20,0.14096237048100058,400,86,0.14096237048100058
O,344X262,0.14093424315694186,344,86,0.14093424315694186
O,440AX28,-0.14093070413647932,UNKNOWN,86,0.14093070413647932
O,440AX99,-0.14092928744390903,UNKNOWN,86,0.14092928744390903
N,312X277,-0.14092156818368248,312,266,0.14092156818368248
M,312X558,0.14087260315133154,312,128,0.14087260315133154
M,312X736,-0.14082446862137177,312,128,0.14082446862137177
O,440AX205,0.14080486867122124,UNKNOWN,86,0.14080486867122124
N,330X291,0.14075820318493074,330,266,0.14075820318493074
O,440AX201,0.14074121551639274,UNKNOWN,86,0.14074121551639274
O,360X414,-0.14072885379500316,360,86,0.14072885379500316
O,440AX132,0.14069959866376774,UNKNOWN,86,0.14069959866376774
O,440AX16,-0.14069635739472794,UNKNOWN,86,0.14069635739472794
M,400X188,0.14066032368472117,400,128,0.14066032368472117
M,400X189,0.14066032368471293,400,128,0.14066032368471293
O,440AX160,0.14064891493642895,UNKNOWN,86,0.14064891493642895
N,310X206,0.14063421717107114,310,266,0.14063421717107114
L,312X592,0.14063414162255186,312,178,0.14063414162255186
J,344X13,0.1406273075532887,344,142,0.1406273075532887
N,750X58,0.1406214512303195,750,266,0.1406214512303195
O,440AX86,-0.1405942817965344,UNKNOWN,86,0.1405942817965344
O,440AX169,0.1405740289871438,UNKNOWN,86,0.1405740289871438
O,440AX8,-0.14056161726583422,UNKNOWN,86,0.14056161726583422
O,312X236,0.1405488466188076,312,86,0.1405488466188076
M,210X61,0.14050718805147966,210,128,0.14050718805147966
L,360X115,-0.14048875841673625,360,178,0.14048875841673625
O,440AX7,-0.14043627550623108,UNKNOWN,86,0.14043627550623108
O,440AX40,-0.1404003339138567,UNKNOWN,86,0.1404003339138567
O,440AX203,0.14036820936129432,UNKNOWN,86,0.14036820936129432
M,400X68,0.14036533777032295,400,128,0.14036533777032295
O,440AX23,-0.1403423363556903,UNKNOWN,86,0.1403423363556903
N,220X71,-0.14033715543515984,220,266,0.14033715543515984
J,312X754,0.14028332807757107,312,142,0.14028332807757107
J,312X208,-0.14026502417420442,312,142,0.14026502417420442
O,440AX190,0.14026261913264101,UNKNOWN,86,0.14026261913264101
J,330X1032,-0.14022130710354624,330,142,0.14022130710354624
O,440AX87,-0.14021106378555753,UNKNOWN,86,0.14021106378555753
O,440AX41,-0.14019689625165477,UNKNOWN,86,0.14019689625165477
L,330X147,-0.1401714587014243,330,178,0.1401714587014243
M,210X98,-0.14015630004462631,210,128,0.14015630004462631
O,440AX18,-0.14013143809675005,UNKNOWN,86,0.14013143809675005
O,440AX50,-0.1400744073444531,UNKNOWN,86,0.1400744073444531
J,330X1157,-0.14006274660754073,330,142,0.14006274660754073
O,440AX182,0.1400514693789492,UNKNOWN,86,0.1400514693789492
J,330X1203,-0.14002989588832152,330,142,0.14002989588832152
O,440AX14,-0.14001925721131783,UNKNOWN,86,0.14001925721131783
O,440AX60,-0.13997917324339595,UNKNOWN,86,0.13997917324339595
J,210X29,-0.13997503131235953,210,142,0.13997503131235953
M,ERROR:#N/A_6,0.13996628781141476,UNKNOWN,128,0.13996628781141476
O,440AX13,-0.13996518632780844,UNKNOWN,86,0.13996518632780844
L,330X157,-0.13994780301248905,330,178,0.13994780301248905
O,440AX189,0.13992323481885072,UNKNOWN,86,0.13992323481885072
O,440AX168,0.13988677686303153,UNKNOWN,86,0.13988677686303153
M,750X91,0.1398619902194642,750,128,0.1398619902194642
O,440AX81,-0.13985725563540546,UNKNOWN,86,0.13985725563540546
M,330X248,0.13985230748539415,330,128,0.13985230748539415
N,520X394,-0.1398430115511971,520,266,0.1398430115511971
O,440AX166,0.13982221400461844,UNKNOWN,86,0.13982221400461844
M,400X111,-0.13980090918560317,400,128,0.13980090918560317
M,220X10,0.1397828094027055,220,128,0.1397828094027055
M,311X87,-0.13976772629267165,311,128,0.13976772629267165
O,440AX116,0.13970575268660237,UNKNOWN,86,0.13970575268660237
O,440AX64,-0.13970018485942926,UNKNOWN,86,0.13970018485942926
O,440AX85,-0.13968228740849964,UNKNOWN,86,0.13968228740849964
O,400X34,0.13968223702271348,400,86,0.13968223702271348
O,440AX170,0.13967745234551437,UNKNOWN,86,0.13967745234551437
O,440AX138,0.13967209049027304,UNKNOWN,86,0.13967209049027304
M,312X43,-0.13967120126159252,312,128,0.13967120126159252
O,440AX26,-0.1396607837309398,UNKNOWN,86,0.1396607837309398
M,340X46,-0.13965948250184196,340,128,0.13965948250184196
M,420X115,-0.1396318959029374,420,128,0.1396318959029374
O,440AX20,-0.13962456466005962,UNKNOWN,86,0.13962456466005962
O,440AX48,-0.13962013876568305,UNKNOWN,86,0.13962013876568305
O,440AX19,-0.1396114296947248,UNKNOWN,86,0.1396114296947248
O,400X157,0.13955757032719227,400,86,0.13955757032719227
J,312X54,-0.1395457804746421,312,142,0.1395457804746421
L,340X107,-0.13953996067489802,340,178,0.13953996067489802
O,440AX25,-0.13953643405336325,UNKNOWN,86,0.13953643405336325
O,440AX191,0.1395360484256204,UNKNOWN,86,0.1395360484256204
L,330X140,-0.13950686858944436,330,178,0.13950686858944436
O,440AX27,-0.13949827671861934,UNKNOWN,86,0.13949827671861934
M,312X737,-0.139477239710335,312,128,0.139477239710335
O,440AX15,-0.1394627826891703,UNKNOWN,86,0.1394627826891703
N,440AX2,0.13946023140263006,UNKNOWN,266,0.13946023140263006
O,440AX97,-0.13945792999461995,UNKNOWN,86,0.13945792999461995
J,312X126,0.13943670981153647,312,142,0.13943670981153647
N,360X1288,-0.13943529827444567,360,266,0.13943529827444567
M,312X482,0.13942982848909674,312,128,0.13942982848909674
O,440AX29,-0.13942370200718962,UNKNOWN,86,0.13942370200718962
L,330X571,0.13938602277555534,330,178,0.13938602277555534
O,440AX5,-0.139356017405187,UNKNOWN,86,0.139356017405187
O,440AX21,-0.13935322494590904,UNKNOWN,86,0.13935322494590904
J,360X510,0.13934996068128352,360,142,0.13934996068128352
J,330X1030,-0.13934009679976084,330,142,0.13934009679976084
O,440AX9,-0.13927356219123627,UNKNOWN,86,0.13927356219123627
N,520X63,0.13926685650534104,520,266,0.13926685650534104
O,440AX46,-0.13925716683084133,UNKNOWN,86,0.13925716683084133
N,360X971,-0.13925347753344539,360,266,0.13925347753344539
O,440AX80,-0.13922398985856319,UNKNOWN,86,0.13922398985856319
N,520X37,0.13922299670854557,520,266,0.13922299670854557
O,440AX38,-0.13922176482627177,UNKNOWN,86,0.13922176482627177
M,344X168,-0.13920654685071102,344,128,0.13920654685071102
M,312X729,-0.13919796644457805,312,128,0.13919796644457805
L,210X161,-0.13919701191733336,210,178,0.13919701191733336
O,440AX75,-0.13919409843631358,UNKNOWN,86,0.13919409843631358
O,440AX74,-0.1391782613107211,UNKNOWN,86,0.1391782613107211
J,312X125,0.1391456552788527,312,142,0.1391456552788527
O,440AX114,0.13913985087676856,UNKNOWN,86,0.13913985087676856
O,440AX22,-0.13912914607220575,UNKNOWN,86,0.13912914607220575
O,312X259,-0.13909637335255753,312,86,0.13909637335255753
O,440AX91,-0.1390946470088123,UNKNOWN,86,0.1390946470088123
O,440AX6,-0.13907835699307075,UNKNOWN,86,0.13907835699307075
J,312X52,-0.13905816840019658,312,142,0.13905816840019658
O,420X14,-0.1390448863513442,420,86,0.1390448863513442
N,750X605,0.1390411438687441,750,266,0.1390411438687441
O,440AX147,0.13904107449331846,UNKNOWN,86,0.13904107449331846
O,440AX49,-0.13902771520620502,UNKNOWN,86,0.13902771520620502
O,311X10,0.13896656278751188,311,86,0.13896656278751188
J,360X885,-0.1389615232466462,360,142,0.1389615232466462
O,440AX65,-0.13894254993431143,UNKNOWN,86,0.13894254993431143
M,520X26,0.13893331413749244,520,128,0.13893331413749244
M,520X44,0.13893331413749244,520,128,0.13893331413749244
M,520X128,0.13893331413749244,520,128,0.13893331413749244
M,520X11,0.13893331413749244,520,128,0.13893331413749244
M,520X39,0.13893331413749244,520,128,0.13893331413749244
M,520X34,0.13893331413749244,520,128,0.13893331413749244
M,520X59,0.13893331413749244,520,128,0.13893331413749244
M,520X49,-0.13893331413749244,520,128,0.13893331413749244
M,520X69,0.13893331413749244,520,128,0.13893331413749244
M,520X74,0.13893331413749244,520,128,0.13893331413749244
M,520X79,-0.13893331413749244,520,128,0.13893331413749244
M,520X64,-0.13893331413749244,520,128,0.13893331413749244
M,520X84,0.13893331413749244,520,128,0.13893331413749244
M,520X89,0.13893331413749244,520,128,0.13893331413749244
M,520X99,0.13893331413749244,520,128,0.13893331413749244
M,520X94,0.13893331413749244,520,128,0.13893331413749244
M,520X104,0.13893331413749244,520,128,0.13893331413749244
M,520X109,0.13893331413749244,520,128,0.13893331413749244
M,520X114,0.13893331413749244,520,128,0.13893331413749244
M,520X117,-0.13893331413749244,520,128,0.13893331413749244
M,520X19,0.13893331413747592,520,128,0.13893331413747592
M,520X24,0.1389333141374732,520,128,0.1389333141374732
O,440AX36,-0.13891481405332928,UNKNOWN,86,0.13891481405332928
O,440AX37,-0.13891062081893238,UNKNOWN,86,0.13891062081893238
O,440AX4,-0.1389036299021703,UNKNOWN,86,0.1389036299021703
J,360X677,0.13889997713311025,360,142,0.13889997713311025
O,440AX73,-0.13889839840768653,UNKNOWN,86,0.13889839840768653
O,440AX47,-0.13885968900574586,UNKNOWN,86,0.13885968900574586
L,344X35,0.13885397807936858,344,178,0.13885397807936858
J,520X408,-0.13883124382586987,520,142,0.13883124382586987
O,440AX35,-0.13882902893021185,UNKNOWN,86,0.13882902893021185
L,312X259,-0.13882841942027566,312,178,0.13882841942027566
M,312X731,-0.13881884281618853,312,128,0.13881884281618853
N,330X268,0.13878975963460835,330,266,0.13878975963460835
O,440AX78,-0.13878869272514271,UNKNOWN,86,0.13878869272514271
O,440AX98,-0.13878843630092283,UNKNOWN,86,0.13878843630092283
N,360X521,-0.13878360305304724,360,266,0.13878360305304724
N,311X7,-0.13877678280546282,311,266,0.13877678280546282
O,310X170,0.13877115753752733,310,86,0.13877115753752733
O,440AX59,-0.13876507976718977,UNKNOWN,86,0.13876507976718977
J,330X557,-0.1387343380295318,330,142,0.1387343380295318
O,440AX199,0.13872121284428762,UNKNOWN,86,0.13872121284428762
M,312X48,0.1386395284045461,312,128,0.1386395284045461
M,310X6,-0.13863451986471034,310,128,0.13863451986471034
J,210X20,-0.13860728162191352,210,142,0.13860728162191352
L,330X1020,0.13859440194397307,330,178,0.13859440194397307
O,440AX39,-0.13859011756526113,UNKNOWN,86,0.13859011756526113
O,440AX58,-0.1385033977595454,UNKNOWN,86,0.1385033977595454
O,440AX34,-0.13850023378781706,UNKNOWN,86,0.13850023378781706
N,520X106,0.13848637728569244,520,266,0.13848637728569244
O,420X211,-0.1384131487660974,420,86,0.1384131487660974
N,312X23,0.13839565740401757,312,266,0.13839565740401757
O,400X108,0.13838574561921493,400,86,0.13838574561921493
N,330X258,0.13837256598989703,330,266,0.13837256598989703
M,400X114,-0.13834257169945438,400,128,0.13834257169945438
M,400X147,-0.13830225269369087,400,128,0.13830225269369087
J,312X565,0.13829867390370376,312,142,0.13829867390370376
J,330X1034,-0.1382468852152144,330,142,0.1382468852152144
L,312X286,0.1382260617488073,312,178,0.1382260617488073
N,220X18,-0.13820286840721996,220,266,0.13820286840721996
O,440AX56,-0.13820243004001292,UNKNOWN,86,0.13820243004001292
O,440AX79,-0.13814801640117405,UNKNOWN,86,0.13814801640117405
O,420X12,-0.13813192166738822,420,86,0.13813192166738822
M,520X21,0.13810299431729825,520,128,0.13810299431729825
O,440AX51,-0.13809219961573133,UNKNOWN,86,0.13809219961573133
L,310X181,0.13806462284613916,310,178,0.13806462284613916
N,330X470,0.13803922519950285,330,266,0.13803922519950285
J,312X159,0.13801844063531254,312,142,0.13801844063531254
O,312X219,0.13801061945886425,312,86,0.13801061945886425
J,400X208,-0.13799564249522134,400,142,0.13799564249522134
J,312X160,0.13797763640010896,312,142,0.13797763640010896
O,440AX212,0.137925475434184,UNKNOWN,86,0.137925475434184
J,750X582,0.13791371823206539,750,142,0.13791371823206539
O,210X70,0.13785847613869096,210,86,0.13785847613869096
O,440AX24,-0.13785037910075346,UNKNOWN,86,0.13785037910075346
M,312X588,0.13783034046986362,312,128,0.13783034046986362
M,312X730,-0.13771316147120022,312,128,0.13771316147120022
O,440AX57,-0.13770917803723642,UNKNOWN,86,0.13770917803723642
O,440AX136,-0.1377060416397324,UNKNOWN,86,0.1377060416397324
M,344X263,0.1376971818900426,344,128,0.1376971818900426
M,312X600,0.13767808964479095,312,128,0.13767808964479095
L,330X470,0.1376367106484088,330,178,0.1376367106484088
M,312X41,0.1376342504360554,312,128,0.1376342504360554
L,400X79,0.13762456715893126,400,178,0.13762456715893126
M,520X284,-0.13760923072129447,520,128,0.13760923072129447
L,330X480,0.13758477103450972,330,178,0.13758477103450972
L,344X104,-0.1375759253523141,344,178,0.1375759253523141
J,360X329,0.13756415306929254,360,142,0.13756415306929254
N,360X554,-0.13755176971464558,360,266,0.13755176971464558
O,440AX101,-0.13754817274464526,UNKNOWN,86,0.13754817274464526
L,330X460,0.13753507078896557,330,178,0.13753507078896557
O,440AX76,-0.13750785689931083,UNKNOWN,86,0.13750785689931083
J,312X172,0.13748738821913456,312,142,0.13748738821913456
J,312X209,-0.13748738821869377,312,142,0.13748738821869377
M,312X217,-0.13743189049580398,312,128,0.13743189049580398
N,210X106,-0.13736837014191025,210,266,0.13736837014191025
N,360X532,-0.13733147335568738,360,266,0.13733147335568738
J,310X166,-0.13728680063299958,310,142,0.13728680063299958
L,344X182,0.13727433310498152,344,178,0.13727433310498152
L,750X743,-0.13723307175671012,750,178,0.13723307175671012
O,440AX55,-0.13720710945049708,UNKNOWN,86,0.13720710945049708
J,360X685,0.13716056962246512,360,142,0.13716056962246512
O,440AX69,-0.13715269740209166,UNKNOWN,86,0.13715269740209166
O,210X214,0.13712878621410274,210,86,0.13712878621410274
O,312X566,-0.13708774091841353,312,86,0.13708774091841353
O,440AX77,-0.13706107383725466,UNKNOWN,86,0.13706107383725466
O,360X1146,0.13704234189655912,360,86,0.13704234189655912
L,344X117,-0.13701052961534377,344,178,0.13701052961534377
O,440AX100,-0.1369985691475257,UNKNOWN,86,0.1369985691475257
J,420X99,-0.1369820944116739,420,142,0.1369820944116739
J,344X199,-0.13696529574187083,344,142,0.13696529574187083
O,330X49,0.13695342009881303,330,86,0.13695342009881303
J,311X182,-0.13694527958107894,311,142,0.13694527958107894
J,360X508,0.1368753427793334,360,142,0.1368753427793334
N,520X96,0.13686947838705768,520,266,0.13686947838705768
O,312X711,0.13686860120651675,312,86,0.13686860120651675
O,420X72,-0.1367905713230304,420,86,0.1367905713230304
O,360X359,-0.13677160179593517,360,86,0.13677160179593517
J,360X252,-0.13674990290827707,360,142,0.13674990290827707
J,360X785,-0.13672890996392303,360,142,0.13672890996392303
L,220X165,-0.1367205044013495,220,178,0.1367205044013495
O,360X1164,-0.13671697489455797,360,86,0.13671697489455797
O,330X1053,-0.13671697489455797,330,86,0.13671697489455797
O,520X168,-0.13669720975829253,520,86,0.13669720975829253
O,440AX102,-0.13669456922976359,UNKNOWN,86,0.13669456922976359
N,330X480,0.1366356889566045,330,266,0.1366356889566045
M,420X228,0.13660367249457328,420,128,0.13660367249457328
M,520X56,0.13659917967958546,520,128,0.13659917967958546
L,400X74,0.1365974136402043,400,178,0.1365974136402043
O,220X173,0.13656306703624946,220,86,0.13656306703624946
O,420X192,-0.1365393559035289,420,86,0.1365393559035289
N,330X241,0.13652627640852041,330,266,0.13652627640852041
O,440AX143,0.13651802555803244,UNKNOWN,86,0.13651802555803244
N,340X67,0.13651248549961226,340,266,0.13651248549961226
M,344X22,-0.1364921542319547,344,128,0.1364921542319547
M,220X190,0.1364828452646382,220,128,0.1364828452646382
N,750X776,0.13647478652692527,750,266,0.13647478652692527
O,440AX67,-0.13641930586970288,UNKNOWN,86,0.13641930586970288
M,312X480,0.13641897825024504,312,128,0.13641897825024504
O,312X559,-0.1363771966147807,312,86,0.1363771966147807
J,311X28,0.1363690326068394,311,142,0.1363690326068394
M,520X36,0.13626264802978644,520,128,0.13626264802978644
L,330X707,-0.1362544058233524,330,178,0.1362544058233524
M,520X101,0.1361264851972842,520,128,0.1361264851972842
L,330X442,-0.13611635805424493,330,178,0.13611635805424493
L,330X701,-0.13607798271868657,330,178,0.13607798271868657
O,440AX90,-0.13606867246431012,UNKNOWN,86,0.13606867246431012
O,440AX88,-0.13601840176361915,UNKNOWN,86,0.13601840176361915
M,312X191,0.13599408979999766,312,128,0.13599408979999766
L,310X162,-0.13594686831227404,310,178,0.13594686831227404
J,344X185,-0.1359029138675477,344,142,0.1359029138675477
M,360X241,0.1358958643473409,360,128,0.1358958643473409
M,750X401,0.13587489666607266,750,128,0.13587489666607266
L,ERROR:#N/A_15,-0.13584727497013474,UNKNOWN,178,0.13584727497013474
O,440AX89,-0.13583554373904036,UNKNOWN,86,0.13583554373904036
J,312X567,0.1358250569828756,312,142,0.1358250569828756
L,310X76,-0.1357088643003022,310,178,0.1357088643003022
L,310X60,-0.13570840303161416,310,178,0.13570840303161416
L,310X84,-0.13570802739717372,310,178,0.13570802739717372
L,310X68,-0.13570801729039497,310,178,0.13570801729039497
L,310X64,-0.13570773877572934,310,178,0.13570773877572934
L,310X80,-0.13570773188552446,310,178,0.13570773188552446
L,310X72,-0.13570772741845535,310,178,0.13570772741845535
L,310X56,-0.1357077179247687,310,178,0.1357077179247687
L,330X704,-0.13569419145665773,330,178,0.13569419145665773
L,400X73,0.13567538041411886,400,178,0.13567538041411886
O,330X920,0.13557698638586554,330,86,0.13557698638586554
M,312X31,-0.1355207089942624,312,128,0.1355207089942624
N,344X88,-0.13551693804126758,344,266,0.13551693804126758
O,750X611,0.1355143607254296,750,86,0.1355143607254296
O,440AX68,-0.13550458805834054,UNKNOWN,86,0.13550458805834054
M,360X853,-0.13550005536745563,360,128,0.13550005536745563
O,400X116,0.13548606739849975,400,86,0.13548606739849975
O,440AX151,0.13546398048227273,UNKNOWN,86,0.13546398048227273
O,420X196,-0.13546381698742566,420,86,0.13546381698742566
L,312X364,0.13539598207234554,312,178,0.13539598207234554
J,520X32,0.13536016211658378,520,142,0.13536016211658378
J,312X113,0.13534394282605783,312,142,0.13534394282605783
N,311X69,0.13528333388086267,311,266,0.13528333388086267
L,210X179,-0.13526644643285488,210,178,0.13526644643285488
O,312X723,0.1351885397416695,312,86,0.1351885397416695
M,520X67,0.13517272545800357,520,128,0.13517272545800357
M,750X25,-0.13516848645927398,750,128,0.13516848645927398
J,312X238,0.1351618806062941,312,142,0.1351618806062941
O,340X3,0.13515122808764368,340,86,0.13515122808764368
J,312X277,0.13513210911807097,312,142,0.13513210911807097
O,344X122,-0.13512676226286643,344,86,0.13512676226286643
M,440AX113,0.1350784681097817,UNKNOWN,128,0.1350784681097817
O,312X560,-0.135059742819335,312,86,0.135059742819335
M,400X217,0.13499547229587086,400,128,0.13499547229587086
O,420X132,0.1349636867727832,420,86,0.1349636867727832
M,520X112,0.13496030614537402,520,128,0.13496030614537402
M,312X355,0.13492234490221752,312,128,0.13492234490221752
M,344X196,0.13484330016309146,344,128,0.13484330016309146
M,344X86,0.1347985121062769,344,128,0.1347985121062769
J,312X119,0.13472203963009047,312,142,0.13472203963009047
O,440AX72,-0.13471916604124554,UNKNOWN,86,0.13471916604124554
J,330X214,0.13467453423377013,330,142,0.13467453423377013
J,340X2,0.13464846795013208,340,142,0.13464846795013208
N,312X591,-0.13464157014327366,312,266,0.13464157014327366
L,312X292,0.13463110178111615,312,178,0.13463110178111615
M,520X97,0.13462452753423934,520,128,0.13462452753423934
N,520X397,-0.13462142316600675,520,266,0.13462142316600675
O,330X926,0.13462061084367488,330,86,0.13462061084367488
M,312X445,0.1345639463659431,312,128,0.1345639463659431
M,750X488,-0.1345370070155666,750,128,0.1345370070155666
M,750X595,-0.13450023997345326,750,128,0.13450023997345326
M,520X404,0.13441686103300815,520,128,0.13441686103300815
N,520X130,0.13441038561872898,520,266,0.13441038561872898
O,420X140,0.13434821437602137,420,86,0.13434821437602137
M,360X1061,0.13434203545036533,360,128,0.13434203545036533
O,520X257,-0.1343284442426326,520,86,0.1343284442426326
J,344X5,-0.13430500406956594,344,142,0.13430500406956594
M,330X769,-0.13429044067235857,330,128,0.13429044067235857
L,344X113,-0.1342760807199137,344,178,0.1342760807199137
J,520X396,0.13425374504071683,520,142,0.13425374504071683
O,750X1164,-0.1342416453726743,750,86,0.1342416453726743
N,312X603,-0.1341655043658467,312,266,0.1341655043658467
N,312X639,0.13414380472608348,312,266,0.13414380472608348
L,311X54,-0.13409263555395776,311,178,0.13409263555395776
L,400X36,-0.13406862793809243,400,178,0.13406862793809243
J,312X339,0.134046157930927,312,142,0.134046157930927
O,440AX195,0.13403842814922812,UNKNOWN,86,0.13403842814922812
M,330X950,0.13403106967798215,330,128,0.13403106967798215
N,520X169,-0.13401513699818848,520,266,0.13401513699818848
N,330X281,0.13398827930884202,330,266,0.13398827930884202
M,330X381,-0.13398302363874745,330,128,0.13398302363874745
O,520X177,-0.1339824478628758,520,86,0.1339824478628758
M,750X541,0.1339524096414562,750,128,0.1339524096414562
O,420X30,0.1339510539583855,420,86,0.1339510539583855
O,344X150,-0.1338941120183228,344,86,0.1338941120183228
M,750X125,-0.13389161868816213,750,128,0.13389161868816213
N,360X1138,-0.13388881921298607,360,266,0.13388881921298607
O,440AX92,-0.13379646631864078,UNKNOWN,86,0.13379646631864078
M,220X18,0.13376755223395884,220,128,0.13376755223395884
N,750X1245,-0.13376232878540523,750,266,0.13376232878540523
M,750X263,-0.13375570609931314,750,128,0.13375570609931314
N,330X460,0.13373509184863988,330,266,0.13373509184863988
L,344X81,-0.13371935953487968,344,178,0.13371935953487968
O,360X100,-0.13371590852013815,360,86,0.13371590852013815
N,330X490,0.1336934876038631,330,266,0.1336934876038631
O,330X9,-0.13363207201911975,330,86,0.13363207201911975
M,360X109,-0.13362111206825278,360,128,0.13362111206825278
M,312X213,0.13360355575445443,312,128,0.13360355575445443
M,330X146,-0.13355595008239532,330,128,0.13355595008239532
L,330X1210,0.13355118886378972,330,178,0.13355118886378972
N,750X635,-0.13352721135503928,750,266,0.13352721135503928
J,750X853,0.13350188834102286,750,142,0.13350188834102286
L,330X569,0.1334853835109942,330,178,0.1334853835109942
J,312X349,0.1334848745794778,312,142,0.1334848745794778
O,360X348,-0.13346191386670755,360,86,0.13346191386670755
L,400X14,-0.1334379363169215,400,178,0.1334379363169215
J,340X195,0.133398639216852,340,142,0.133398639216852
M,750X1116,-0.13339745399674782,750,128,0.13339745399674782
O,330X923,0.13337932297239896,330,86,0.13337932297239896
L,312X279,0.13337271633931003,312,178,0.13337271633931003
O,311X14,-0.13336836018156809,311,86,0.13336836018156809
L,344X185,0.13336749563751576,344,178,0.13336749563751576
O,440AX198,0.13335256930982353,UNKNOWN,86,0.13335256930982353
O,440AX165,0.1333334031126417,UNKNOWN,86,0.1333334031126417
M,312X13,-0.13326633114241693,312,128,0.13326633114241693
O,330X963,-0.13323576998773737,330,86,0.13323576998773737
O,312X385,0.1332208382795553,312,86,0.1332208382795553
L,310X206,-0.133220304983053,310,178,0.133220304983053
L,750X228,-0.1332021779927891,750,178,0.1332021779927891
O,420X74,-0.1331437955514954,420,86,0.1331437955514954
J,330X1201,-0.13312923767011547,330,142,0.13312923767011547
M,520X293,-0.13311094509697255,520,128,0.13311094509697255
L,344X156,-0.13310900347038374,344,178,0.13310900347038374
O,360X329,0.13309349970010992,360,86,0.13309349970010992
O,420X195,-0.13307773086928254,420,86,0.13307773086928254
M,330X375,-0.13306211664724157,330,128,0.13306211664724157
J,ERROR:#N/A_15,-0.13305713744774633,UNKNOWN,142,0.13305713744774633
L,330X669,0.13300507707470993,330,178,0.13300507707470993
N,310X2,-0.13296828181206022,310,266,0.13296828181206022
M,220X192,0.1329599887819035,220,128,0.1329599887819035
M,220X107,0.1329593224221019,220,128,0.1329593224221019
J,312X471,0.13295605859559995,312,142,0.13295605859559995
M,312X735,-0.13295016865027057,312,128,0.13295016865027057
M,400X117,-0.13293465373277985,400,128,0.13293465373277985
L,360X1061,-0.13287041326735016,360,178,0.13287041326735016
O,440AX200,0.13286527747565705,UNKNOWN,86,0.13286527747565705
J,344X229,-0.13283457756256825,344,142,0.13283457756256825
O,750X1245,0.1328323832023101,750,86,0.1328323832023101
N,330X517,0.13276265841377788,330,266,0.13276265841377788
L,344X160,-0.13272695061068635,344,178,0.13272695061068635
M,520X72,0.13269487175438197,520,128,0.13269487175438197
N,360X573,-0.13268101305955327,360,266,0.13268101305955327
O,312X776,-0.13263769848504203,312,86,0.13263769848504203
M,312X522,0.13262394672147426,312,128,0.13262394672147426
M,360X1337,0.13251932920756412,360,128,0.13251932920756412
L,420X202,-0.132457615315417,420,178,0.132457615315417
N,344X156,0.1324425467455682,344,266,0.1324425467455682
M,520X130,0.13240346219160598,520,128,0.13240346219160598
L,400X78,0.13239861461650418,400,178,0.13239861461650418
O,312X6,-0.13239411827778164,312,86,0.13239411827778164
M,340X49,0.13237005632635454,340,128,0.13237005632635454
M,311X26,-0.13234550003455167,311,128,0.13234550003455167
M,330X895,0.1322926292042523,330,128,0.1322926292042523
M,312X18,0.1322754485330845,312,128,0.1322754485330845
M,400X198,-0.13225231804966522,400,128,0.13225231804966522
L,400X63,-0.13224474992996735,400,178,0.13224474992996735
L,400X59,-0.13223922768694044,400,178,0.13223922768694044
O,311X5,0.13217769878905855,311,86,0.13217769878905855
M,420X98,0.13216727314194293,420,128,0.13216727314194293
L,312X353,0.13212203010091403,312,178,0.13212203010091403
O,360X508,0.13211312494088123,360,86,0.13211312494088123
L,420X197,-0.1321006930263674,420,178,0.1321006930263674
N,312X483,-0.13206632590706988,312,266,0.13206632590706988
N,750X47,-0.1320604372304959,750,266,0.1320604372304959
L,400X31,-0.13204259213714944,400,178,0.13204259213714944
M,312X743,-0.13203396018952865,312,128,0.13203396018952865
O,330X333,-0.13202359385684745,330,86,0.13202359385684745
M,344X259,0.13199635350346758,344,128,0.13199635350346758
M,312X552,0.13198445117962426,312,128,0.13198445117962426
N,311X136,0.13194037631514124,311,266,0.13194037631514124
N,330X557,0.1319321662667033,330,266,0.1319321662667033
L,312X362,0.13189785110245475,312,178,0.13189785110245475
O,440AX186,0.13186008844000163,UNKNOWN,86,0.13186008844000163
O,440AX187,0.13185250908949878,UNKNOWN,86,0.13185250908949878
O,330X480,0.13184651164128727,330,86,0.13184651164128727
O,312X698,-0.1318194390211081,312,86,0.1318194390211081
M,344X95,-0.13181293616697212,344,128,0.13181293616697212
M,340X132,0.1318102423944078,340,128,0.1318102423944078
O,330X111,-0.13177642186016367,330,86,0.13177642186016367
O,440AX118,0.1317605337903882,UNKNOWN,86,0.1317605337903882
J,312X114,0.13175908686971946,312,142,0.13175908686971946
M,330X996,0.13175140074833583,330,128,0.13175140074833583
M,400X146,-0.13174942094761213,400,128,0.13174942094761213
N,330X573,0.13174025092795097,330,266,0.13174025092795097
M,311X25,-0.13172780149746458,311,128,0.13172780149746458
N,750X335,0.13172073767424428,750,266,0.13172073767424428
N,330X288,0.13170582804402736,330,266,0.13170582804402736
N,311X68,0.13169612691450355,311,266,0.13169612691450355
J,340X182,-0.13156634708465215,340,142,0.13156634708465215
O,440AX70,-0.13155876929260257,UNKNOWN,86,0.13155876929260257
M,312X352,0.13154540399488296,312,128,0.13154540399488296
N,520X143,-0.13152187210128943,520,266,0.13152187210128943
J,220X12,-0.13147141386373468,220,142,0.13147141386373468
N,312X281,-0.13145762700204877,312,266,0.13145762700204877
M,360X111,-0.13139336042027291,360,128,0.13139336042027291
M,400X14,0.13138487492476283,400,128,0.13138487492476283
J,440AX115,-0.13136286172638245,UNKNOWN,142,0.13136286172638245
J,312X133,0.13134604857382787,312,142,0.13134604857382787
J,750X198,0.13132191822258577,750,142,0.13132191822258577
O,344X88,0.13131797150825525,344,86,0.13131797150825525
M,520X135,0.13121537374861053,520,128,0.13121537374861053
L,330X102,0.1311681272064373,330,178,0.1311681272064373
J,312X553,0.13114851243062783,312,142,0.13114851243062783
O,750X45,-0.13112857701609062,750,86,0.13112857701609062
M,520X96,0.13112510397924348,520,128,0.13112510397924348
O,360X165,-0.13111120032075982,360,86,0.13111120032075982
O,330X162,-0.13109899836708727,330,86,0.13109899836708727
L,312X285,0.13106478434945235,312,178,0.13106478434945235
J,220X191,-0.13105222313589437,220,142,0.13105222313589437
O,440AX167,0.13105147465587882,UNKNOWN,86,0.13105147465587882
J,312X139,0.1310188121353974,312,142,0.1310188121353974
J,340X8,-0.13101681701556575,340,142,0.13101681701556575
O,330X353,-0.1310102930574116,330,86,0.1310102930574116
O,400X111,0.1310062319064314,400,86,0.1310062319064314
L,360X1190,-0.13096760370553023,360,178,0.13096760370553023
L,750X294,-0.13096528726159473,750,178,0.13096528726159473
N,520X88,0.13092945409857568,520,266,0.13092945409857568
J,312X552,0.13091917151977658,312,142,0.13091917151977658
L,400X167,-0.13091474009798773,400,178,0.13091474009798773
N,330X248,0.13089676994256635,330,266,0.13089676994256635
L,330X818,0.13088858896980762,330,178,0.13088858896980762
L,330X808,0.130866080429165,330,178,0.130866080429165
L,360X710,-0.13086587344754963,360,178,0.13086587344754963
N,520X103,0.130833984136259,520,266,0.130833984136259
O,344X164,-0.13082790056588592,344,86,0.13082790056588592
N,312X287,-0.13080626308570853,312,266,0.13080626308570853
N,330X500,0.13080295559309676,330,266,0.13080295559309676
L,330X709,0.13079643405974198,330,178,0.13079643405974198
M,520X58,0.13079506178469708,520,128,0.13079506178469708
L,330X1168,-0.1307759587859283,330,178,0.1307759587859283
L,420X97,0.13075923364261624,420,178,0.13075923364261624
O,330X43,0.13073779206786412,330,86,0.13073779206786412
N,520X119,-0.13065013417347288,520,266,0.13065013417347288
M,312X441,-0.13063347388695948,312,128,0.13063347388695948
L,344X60,0.13057449152798312,344,178,0.13057449152798312
O,312X238,-0.1305264147315054,312,86,0.1305264147315054
L,330X640,-0.13047838336137885,330,178,0.13047838336137885
L,400X141,0.1304491654882522,400,178,0.1304491654882522
J,310X202,0.13041115748169155,310,142,0.13041115748169155
O,400X115,0.13031488307706318,400,86,0.13031488307706318
O,440AX188,0.13030531628203143,UNKNOWN,86,0.13030531628203143
M,344X231,0.1302903288466551,344,128,0.1302903288466551
L,330X599,0.13023975852900463,330,178,0.13023975852900463
L,330X502,-0.13018730561969485,330,178,0.13018730561969485
L,344X226,-0.13018344583448635,344,178,0.13018344583448635
O,312X554,-0.13017668044958633,312,86,0.13017668044958633
N,220X191,0.13016819068570448,220,266,0.13016819068570448
M,400X95,0.13015717155950599,400,128,0.13015717155950599
M,750X1039,0.13010628461844334,750,128,0.13010628461844334
N,312X425,0.13004640882209786,312,266,0.13004640882209786
J,330X185,0.13002616877383777,330,142,0.13002616877383777
N,311X22,-0.13001169856279174,311,266,0.13001169856279174
O,312X135,-0.1299924545644796,312,86,0.1299924545644796
L,344X51,0.1299908129570281,344,178,0.1299908129570281
J,312X531,0.12997893195811389,312,142,0.12997893195811389
L,310X178,0.12995804589580875,310,178,0.12995804589580875
N,312X193,0.12995460490378105,312,266,0.12995460490378105
M,330X893,0.1299163146302803,330,128,0.1299163146302803
J,344X158,-0.12989293342608618,344,142,0.12989293342608618
O,311X17,-0.12987340027733377,311,86,0.12987340027733377
O,330X343,-0.129853758476335,330,86,0.129853758476335
J,210X80,-0.12982510921864532,210,142,0.12982510921864532
J,750X1383,0.12982191526615613,750,142,0.12982191526615613
N,330X537,0.12982105400426514,330,266,0.12982105400426514
M,310X202,-0.1298147118833873,310,128,0.1298147118833873
J,311X147,-0.12980054343805586,311,142,0.12980054343805586
J,750X335,0.12980030432437306,750,142,0.12980030432437306
O,312X199,0.1297683670039413,312,86,0.1297683670039413
N,330X1175,0.12973851354229798,330,266,0.12973851354229798
N,360X582,0.12973352786633832,360,266,0.12973352786633832
O,440AX197,0.129716672098442,UNKNOWN,86,0.129716672098442
O,400X109,0.12971250557694766,400,86,0.12971250557694766
N,330X1083,0.12967988938120784,330,266,0.12967988938120784
O,220X33,0.12966170035412933,220,86,0.12966170035412933
L,330X574,-0.12962778527545227,330,178,0.12962778527545227
L,330X588,-0.1296177942207197,330,178,0.1296177942207197
M,420X116,-0.12960982915286542,420,128,0.12960982915286542
L,330X581,-0.1296041515317398,330,178,0.1296041515317398
M,330X990,0.1295550457072838,330,128,0.1295550457072838
J,312X120,0.1295217108662089,312,142,0.1295217108662089
M,520X22,0.12950013348781972,520,128,0.12950013348781972
L,750X565,-0.12947258687504667,750,178,0.12947258687504667
M,312X481,0.12946802447660122,312,128,0.12946802447660122
O,312X355,-0.12946037228347987,312,86,0.12946037228347987
M,520X407,0.12945204097407007,520,128,0.12945204097407007
J,520X33,0.12941402612390265,520,142,0.12941402612390265
J,330X303,-0.12938580117622167,330,142,0.12938580117622167
N,344X138,-0.12936704542252478,344,266,0.12936704542252478
M,330X897,0.12932889593312608,330,128,0.12932889593312608
O,210X41,0.12927953156223335,210,86,0.12927953156223335
L,330X430,-0.12921178730675484,330,178,0.12921178730675484
M,312X293,0.12920617922960417,312,128,0.12920617922960417
L,340X15,0.12915084476994634,340,178,0.12915084476994634
J,330X116,0.12914979592316966,330,142,0.12914979592316966
O,360X370,-0.12912355492664226,360,86,0.12912355492664226
O,340X143,-0.12906681193663533,340,86,0.12906681193663533
M,330X254,0.1290607439480001,330,128,0.1290607439480001
J,312X444,0.12905679813815013,312,142,0.12905679813815013
O,220X190,-0.12904913480281013,220,86,0.12904913480281013
L,312X586,-0.12903920927104098,312,178,0.12903920927104098
L,400X34,-0.12896967232162782,400,178,0.12896967232162782
J,210X7,-0.1289570545379796,210,142,0.1289570545379796
J,312X530,0.12892729421170962,312,142,0.12892729421170962
M,420X122,0.12888736651779362,420,128,0.12888736651779362
J,520X412,-0.12887593577104878,520,142,0.12887593577104878
L,344X222,-0.12885569930142518,344,178,0.12885569930142518
O,311X27,0.12882716932670324,311,86,0.12882716932670324
O,420X193,-0.12882664943192493,420,86,0.12882664943192493
O,311X4,0.1288232254263596,311,86,0.1288232254263596
L,330X505,-0.12881188630463788,330,178,0.12881188630463788
O,400X150,0.1288069934912281,400,86,0.1288069934912281
O,520X377,-0.12880699349121805,520,86,0.12880699349121805
L,400X76,0.1288025063199398,400,178,0.1288025063199398
M,220X2,0.12878086559388047,220,128,0.12878086559388047
M,ERROR:#N/A_25,0.12877064359299936,UNKNOWN,128,0.12877064359299936
L,330X578,0.1287696328465438,330,178,0.1287696328465438
M,750X187,-0.1287629033973516,750,128,0.1287629033973516
J,344X114,-0.12873908268403988,344,142,0.12873908268403988
N,300X20,-0.1287373633674843,300,266,0.1287373633674843
J,330X552,0.12871876746822422,330,142,0.12871876746822422
M,330X1177,0.12869404458407613,330,128,0.12869404458407613
L,310X42,-0.12867008558879175,310,178,0.12867008558879175
J,312X701,0.1286558077642676,312,142,0.1286558077642676
O,312X434,-0.12864997574125778,312,86,0.12864997574125778
O,312X22,-0.12863684642278958,312,86,0.12863684642278958
O,440AX71,-0.12863476057885914,UNKNOWN,86,0.12863476057885914
N,344X192,0.12859237127070025,344,266,0.12859237127070025
N,344X191,0.1285749980411626,344,266,0.1285749980411626
J,312X555,0.1285557441261627,312,142,0.1285557441261627
N,300X9,-0.12845460147331594,300,266,0.12845460147331594
N,520X1,-0.1284529630762209,520,266,0.1284529630762209
M,520X8,0.1283560817948904,520,128,0.1283560817948904
L,330X216,-0.12833195261068558,330,178,0.12833195261068558
M,344X264,0.12831427117186647,344,128,0.12831427117186647
J,344X87,0.12830471650901823,344,142,0.12830471650901823
M,340X48,-0.12828232414208712,340,128,0.12828232414208712
N,750X125,0.1282560979090116,750,266,0.1282560979090116
N,340X161,0.12824880130059133,340,266,0.12824880130059133
M,420X31,0.1281443790380856,420,128,0.1281443790380856
L,330X226,-0.12810900184839544,330,178,0.12810900184839544
J,344X85,0.1280720292839145,344,142,0.1280720292839145
J,330X613,-0.12804906587189588,330,142,0.12804906587189588
N,312X364,-0.12802429358756026,312,266,0.12802429358756026
J,344X172,-0.12801627456260892,344,142,0.12801627456260892
J,344X154,0.1280162745626088,344,142,0.1280162745626088
J,344X119,-0.1280162745626086,344,142,0.1280162745626086
J,344X92,0.1280162745626086,344,142,0.1280162745626086
J,ERROR:#N/A_16,-0.12801627456260847,UNKNOWN,142,0.12801627456260847
J,344X110,-0.12801627456260825,344,142,0.12801627456260825
O,420X123,-0.12798837918023415,420,86,0.12798837918023415
L,310X152,-0.12798426683295605,310,178,0.12798426683295605
J,344X20,0.127983877207934,344,142,0.127983877207934
N,330X1030,0.12797765159217048,330,266,0.12797765159217048
L,330X409,0.1279006108126924,330,178,0.1279006108126924
O,330X608,-0.1278866570935727,330,86,0.1278866570935727
N,344X41,-0.12788074800906843,344,266,0.12788074800906843
M,440AX146,0.12786677584632333,UNKNOWN,128,0.12786677584632333
J,312X145,0.127851107457332,312,142,0.127851107457332
N,330X1034,0.12784654398422782,330,266,0.12784654398422782
J,312X36,0.12784452883963585,312,142,0.12784452883963585
O,312X284,-0.12778143138173242,312,86,0.12778143138173242
N,312X284,-0.12778143138173242,312,266,0.12778143138173242
O,220X194,-0.1277594468299493,220,86,0.1277594468299493
O,344X259,0.12773468553827488,344,86,0.12773468553827488
J,330X172,0.1277339314784016,330,142,0.1277339314784016
L,360X1105,-0.12771258831045698,360,178,0.12771258831045698
J,210X50,0.12769819360834284,210,142,0.12769819360834284
M,420X209,0.12769523123000082,420,128,0.12769523123000082
N,300X11,-0.12767627155049177,300,266,0.12767627155049177
N,360X1329,-0.12767090665811562,360,266,0.12767090665811562
L,330X206,-0.12763457134027914,330,178,0.12763457134027914
N,311X170,-0.127633571063989,311,266,0.127633571063989
N,300X5,-0.12761752853695185,300,266,0.12761752853695185
N,750X696,0.1275464022699344,750,266,0.1275464022699344
J,750X436,0.12752779737157469,750,142,0.12752779737157469
L,400X169,-0.12749986612068992,400,178,0.12749986612068992
L,344X74,-0.12748345997695523,344,178,0.12748345997695523
J,344X103,-0.1274715957113768,344,142,0.1274715957113768
M,420X187,0.1274455388103336,420,128,0.1274455388103336
M,340X47,-0.12742242430729375,340,128,0.12742242430729375
J,210X128,0.1273823192201474,210,142,0.1273823192201474
J,360X1329,0.12734928315143748,360,142,0.12734928315143748
L,400X60,-0.1273340362359918,400,178,0.1273340362359918
N,330X1032,0.12732877615855345,330,266,0.12732877615855345
J,520X395,0.12732061731319297,520,142,0.12732061731319297
J,210X48,0.12731706842217547,210,142,0.12731706842217547
J,344X112,-0.12721230255653035,344,142,0.12721230255653035
M,312X590,0.12720832785397776,312,128,0.12720832785397776
L,344X69,-0.12712486931986514,344,178,0.12712486931986514
N,310X148,0.12711807338370043,310,266,0.12711807338370043
L,330X450,-0.1270530275870052,330,178,0.1270530275870052
N,520X396,-0.12701996041534613,520,266,0.12701996041534613
N,ERROR:#N/A (#2),0.12699483554038177,UNKNOWN,266,0.12699483554038177
M,440AX134,-0.12694793775332167,UNKNOWN,128,0.12694793775332167
N,310X157,0.12692163845425564,310,266,0.12692163845425564
O,750X541,-0.12691054952937778,750,86,0.12691054952937778
M,330X993,0.12690511997101972,330,128,0.12690511997101972
N,330X1173,0.12690225906804267,330,266,0.12690225906804267
N,330X308,0.12685096218259054,330,266,0.12685096218259054
N,300X12,-0.1268482681650192,300,266,0.1268482681650192
L,400X67,-0.12682207194597286,400,178,0.12682207194597286
N,330X546,0.12681451384405504,330,266,0.12681451384405504
L,311X27,-0.12679601505960347,311,178,0.12679601505960347
L,311X4,-0.12679435290542526,311,178,0.12679435290542526
J,344X105,-0.12679022671530135,344,142,0.12679022671530135
J,340X26,0.12670526633043638,340,142,0.12670526633043638
N,310X27,-0.1266673946565093,310,266,0.1266673946565093
J,344X159,-0.12666696080572326,344,142,0.12666696080572326
L,330X878,-0.12665884529477445,330,178,0.12665884529477445
L,330X889,-0.1266579081908373,330,178,0.1266579081908373
N,312X48,-0.12665485206776364,312,266,0.12665485206776364
J,360X488,0.12664116866978625,360,142,0.12664116866978625
M,330X532,-0.12664049008324457,330,128,0.12664049008324457
J,400X205,-0.1266220754833786,400,142,0.1266220754833786
L,330X564,0.12657983158419991,330,178,0.12657983158419991
N,520X12,0.12656111894135955,520,266,0.12656111894135955
L,400X71,-0.12654062383676382,400,178,0.12654062383676382
N,330X514,0.12642434719676907,330,266,0.12642434719676907
M,330X1173,0.12642290184301683,330,128,0.12642290184301683
L,300X6,-0.12642220648412297,300,178,0.12642220648412297
O,750X635,0.12641728941920033,750,86,0.12641728941920033
J,210X146,-0.12640685957186087,210,142,0.12640685957186087
O,210X43,0.12640333563264225,210,86,0.12640333563264225
L,312X335,0.12639557836038323,312,178,0.12639557836038323
O,312X782,-0.12638507939271634,312,86,0.12638507939271634
L,400X68,-0.12636649631323443,400,178,0.12636649631323443
M,344X262,0.12634111522379748,344,128,0.12634111522379748
L,400X66,-0.12633917432939376,400,178,0.12633917432939376
L,220X174,0.1263314588487914,220,178,0.1263314588487914
M,420X208,0.12631801682853128,420,128,0.12631801682853128
M,311X195,-0.1263110436538895,311,128,0.1263110436538895
L,312X254,0.1262982208333139,312,178,0.1262982208333139
L,400X81,0.12629453987795533,400,178,0.12629453987795533
J,420X192,0.1262235351475723,420,142,0.1262235351475723
L,220X30,0.12620886441393026,220,178,0.12620886441393026
L,330X1177,0.12617195068708015,330,178,0.12617195068708015
M,420X36,0.1261379665518019,420,128,0.1261379665518019
M,360X621,0.1261133550702696,360,128,0.1261133550702696
N,310X155,0.1261074633517954,310,266,0.1261074633517954
J,330X323,-0.12610091659469713,330,142,0.12610091659469713
L,750X1138,0.1260422602147463,750,178,0.1260422602147463
N,310X178,-0.1260265586294572,310,266,0.1260265586294572
L,210X156,0.12601959726424508,210,178,0.12601959726424508
O,312X387,0.1259527103464241,312,86,0.1259527103464241
M,520X113,0.12594693237861299,520,128,0.12594693237861299
J,520X392,0.12594323941050814,520,142,0.12594323941050814
L,210X96,-0.1259419997538137,210,178,0.1259419997538137
O,344X106,-0.12593533506339988,344,86,0.12593533506339988
M,520X403,0.1259195817261885,520,128,0.1259195817261885
L,400X84,-0.12591640695482276,400,178,0.12591640695482276
O,330X182,-0.12591310974402284,330,86,0.12591310974402284
N,344X160,0.1258969374666195,344,266,0.1258969374666195
M,312X474,0.12587503905762032,312,128,0.12587503905762032
O,330X913,-0.12580265947192584,330,86,0.12580265947192584
J,210X71,-0.12578268688683514,210,142,0.12578268688683514
L,220X172,-0.12572490209036277,220,178,0.12572490209036277
O,330X201,-0.12571279464731439,330,86,0.12571279464731439
O,210X24,0.125711133678695,210,86,0.125711133678695
N,340X165,0.12567494802546533,340,266,0.12567494802546533
J,420X195,0.12560913711027255,420,142,0.12560913711027255
N,312X482,-0.1255813771548195,312,266,0.1255813771548195
M,520X405,0.12554081234950734,520,128,0.12554081234950734
O,220X9,0.12552457317872262,220,86,0.12552457317872262
O,520X255,-0.12552144941762014,520,86,0.12552144941762014
N,750X80,-0.12551157203490917,750,266,0.12551157203490917
M,420X210,0.12548634607410009,420,128,0.12548634607410009
L,400X5,-0.12546531120801702,400,178,0.12546531120801702
O,420X77,-0.12540436272048608,420,86,0.12540436272048608
M,330X953,0.12538768638332826,330,128,0.12538768638332826
L,400X82,-0.12536385568668795,400,178,0.12536385568668795
N,310X130,-0.125337427205041,310,266,0.125337427205041
M,311X9,0.1253126555618175,311,128,0.1253126555618175
N,520X98,0.12526383941803648,520,266,0.12526383941803648
L,400X70,-0.12524163312836675,400,178,0.12524163312836675
L,300X3,-0.1252278798567214,300,178,0.1252278798567214
J,312X440,0.12519978298457782,312,142,0.12519978298457782
J,420X196,0.12519130374445764,420,142,0.12519130374445764
O,420X142,0.12515382503171166,420,86,0.12515382503171166
O,330X472,-0.1251461157214603,330,86,0.1251461157214603
N,360X111,-0.1251154672023901,360,266,0.1251154672023901
O,330X146,-0.1250959054510673,330,86,0.1250959054510673
M,312X564,0.1250021464037923,312,128,0.1250021464037923
O,344X263,0.12497552280686922,344,86,0.12497552280686922
L,750X261,-0.12492050289443715,750,178,0.12492050289443715
L,330X597,0.12489206412652167,330,178,0.12489206412652167
L,312X28,0.1248903852078652,312,178,0.1248903852078652
O,310X179,0.1247299083459846,310,86,0.1247299083459846
M,220X12,-0.12472169103024064,220,128,0.12472169103024064
L,420X118,-0.12469286491056175,420,178,0.12469286491056175
L,400X65,-0.12458761780443045,400,178,0.12458761780443045
J,520X376,0.124582219731132,520,142,0.124582219731132
M,330X535,-0.12457817284933369,330,128,0.12457817284933369
J,340X18,0.12457757288836041,340,142,0.12457757288836041
L,310X12,-0.1245626864749862,310,178,0.1245626864749862
M,330X238,0.1245470289461268,330,128,0.1245470289461268
L,400X219,-0.12452838353063114,400,178,0.12452838353063114
L,400X9,-0.12452801353190894,400,178,0.12452801353190894
J,220X223,0.12450044870758524,220,142,0.12450044870758524
M,520X400,0.12449803625102272,520,128,0.12449803625102272
L,400X7,-0.12447011217842982,400,178,0.12447011217842982
N,311X133,0.12443148329981493,311,266,0.12443148329981493
O,360X712,-0.1244090432159922,360,86,0.1244090432159922
O,360X230,-0.12440566460563762,360,86,0.12440566460563762
L,400X218,-0.12438799729402257,400,178,0.12438799729402257
O,312X166,-0.12438734607057585,312,86,0.12438734607057585
M,340X134,0.12433470389684181,340,128,0.12433470389684181
O,311X86,0.12428180301891922,311,86,0.12428180301891922
L,360X109,-0.12427978537157165,360,178,0.12427978537157165
J,330X996,-0.12427196996234621,330,142,0.12427196996234621
L,330X1173,0.12422439934826392,330,178,0.12422439934826392
M,312X487,0.12421613444364028,312,128,0.12421613444364028
J,330X1205,-0.1242107119254964,330,142,0.1242107119254964
M,750X510,-0.12419040354882672,750,128,0.12419040354882672
O,310X165,-0.12417708476821357,310,86,0.12417708476821357
M,360X510,0.12412698893334724,360,128,0.12412698893334724
L,330X448,-0.12406196589962734,330,178,0.12406196589962734
J,750X541,0.12404351438469224,750,142,0.12404351438469224
O,330X470,0.12401685431654699,330,86,0.12401685431654699
M,330X1175,0.12400343975123909,330,128,0.12400343975123909
O,ERROR:#N/A_25,0.12398417252337629,UNKNOWN,86,0.12398417252337629
N,750X1291,-0.12396974822386304,750,266,0.12396974822386304
N,330X1177,0.12392516227772635,330,266,0.12392516227772635
M,360X584,-0.12392150445599967,360,128,0.12392150445599967
N,750X710,-0.12392081802925842,750,266,0.12392081802925842
J,360X131,-0.1239140032172114,360,142,0.1239140032172114
M,330X620,-0.12386147928325891,330,128,0.12386147928325891
O,520X6,-0.12384929787768359,520,86,0.12384929787768359
O,420X93,-0.12380193293686197,420,86,0.12380193293686197
N,330X231,0.12374723192620038,330,266,0.12374723192620038
J,311X149,0.12372172494886542,311,142,0.12372172494886542
N,520X165,-0.1237210798759276,520,266,0.1237210798759276
L,400X168,-0.1236117377809707,400,178,0.1236117377809707
N,360X510,-0.12360777771317889,360,266,0.12360777771317889
J,340X189,-0.12355585411360116,340,142,0.12355585411360116
L,220X155,0.1235450612073105,220,178,0.1235450612073105
N,344X187,0.12353769606314388,344,266,0.12353769606314388
O,340X57,0.12353104713491801,340,86,0.12353104713491801
M,312X3,0.12346303194137374,312,128,0.12346303194137374
J,340X99,0.1234374085861118,340,142,0.1234374085861118
N,330X604,0.12341131202492932,330,266,0.12341131202492932
L,330X1175,0.12340133454193464,330,178,0.12340133454193464
N,300X2,-0.12329138933527292,300,266,0.12329138933527292
M,420X212,0.12326777159806135,420,128,0.12326777159806135
L,360X131,0.12325036158407036,360,178,0.12325036158407036
N,300X14,-0.12322440247367364,300,266,0.12322440247367364
M,520X38,0.12318165492212536,520,128,0.12318165492212536
M,312X755,-0.12314606870180987,312,128,0.12314606870180987
M,312X429,-0.12314606870180987,312,128,0.12314606870180987
M,312X486,0.12312334815748548,312,128,0.12312334815748548
N,ERROR:#N/A_10,0.1231212092525326,UNKNOWN,266,0.1231212092525326
N,344X173,0.12312120925253099,344,266,0.12312120925253099
N,344X49,0.12312120925235932,344,266,0.12312120925235932
M,312X383,0.1230712645208265,312,128,0.1230712645208265
N,311X134,0.12303484712198856,311,266,0.12303484712198856
O,330X172,-0.12300830038062188,330,86,0.12300830038062188
L,330X1083,0.12299860206545557,330,178,0.12299860206545557
L,420X153,-0.1229944965899739,420,178,0.1229944965899739
L,400X69,-0.12298170876863024,400,178,0.12298170876863024
O,360X425,-0.1229562244680912,360,86,0.1229562244680912
L,750X543,-0.12293859063165026,750,178,0.12293859063165026
O,330X46,0.12293632687185449,330,86,0.12293632687185449
L,312X96,0.12289604480534068,312,178,0.12289604480534068
M,520X177,-0.12289567184538967,520,128,0.12289567184538967
L,400X27,-0.12289375991735288,400,178,0.12289375991735288
N,330X527,0.12285500729565679,330,266,0.12285500729565679
N,360X1050,-0.12284800824146025,360,266,0.12284800824146025
M,520X61,-0.12284713302476871,520,128,0.12284713302476871
J,311X223,0.12283367935257525,311,142,0.12283367935257525
J,312X564,0.12282119480277354,312,142,0.12282119480277354
M,310X43,-0.12281306691778905,310,128,0.12281306691778905
N,312X423,0.12277783636578658,312,266,0.12277783636578658
L,220X6,-0.12276776162727103,220,178,0.12276776162727103
N,750X508,0.12275837636962242,750,266,0.12275837636962242
J,220X175,0.122757948421601,220,142,0.122757948421601
N,750X1072,-0.1226427837972791,750,266,0.1226427837972791
M,311X137,-0.12261030706461437,311,128,0.12261030706461437
L,400X61,-0.12260663980181877,400,178,0.12260663980181877
L,311X146,0.1225983990073706,311,178,0.1225983990073706
N,420X22,0.12255114645492013,420,266,0.12255114645492013
M,340X45,-0.12253608885996806,340,128,0.12253608885996806
L,210X134,0.12252334610051957,210,178,0.12252334610051957
N,312X351,-0.1225168372218562,312,266,0.1225168372218562
M,400X112,-0.12247695954813333,400,128,0.12247695954813333
M,400X133,-0.12247695954813315,400,128,0.12247695954813315
L,210X120,0.12246058803246493,210,178,0.12246058803246493
L,210X168,0.12244844352150407,210,178,0.12244844352150407
L,400X64,-0.12243688751926443,400,178,0.12243688751926443
N,344X262,-0.12241558862032699,344,266,0.12241558862032699
N,344X73,-0.12238132604463996,344,266,0.12238132604463996
N,220X184,-0.12234344576250789,220,266,0.12234344576250789
L,330X440,-0.12229860658565789,330,178,0.12229860658565789
L,220X180,0.12227273345815134,220,178,0.12227273345815134
O,330X910,-0.1222691245216675,330,86,0.1222691245216675
L,420X201,-0.12221927657093931,420,178,0.12221927657093931
O,520X256,-0.12220786771936291,520,86,0.12220786771936291
J,210X69,-0.12217169882658414,210,142,0.12217169882658414
J,340X6,-0.12214687384091193,340,142,0.12214687384091193
N,312X365,-0.12209784848111689,312,266,0.12209784848111689
N,330X597,0.1220716499948908,330,266,0.1220716499948908
N,312X52,0.12200459185600382,312,266,0.12200459185600382
L,330X606,0.12196362242433093,330,178,0.12196362242433093
M,520X66,0.12191607983857079,520,128,0.12191607983857079
J,520X393,0.12190593166633377,520,142,0.12190593166633377
O,312X115,-0.12188090717500422,312,86,0.12188090717500422
N,312X285,-0.12178453710224775,312,266,0.12178453710224775
L,360X318,0.12178137262494047,360,178,0.12178137262494047
N,330X238,0.12176523527285997,330,266,0.12176523527285997
L,344X39,-0.12173157995668009,344,178,0.12173157995668009
N,330X611,0.12173078107216245,330,266,0.12173078107216245
N,312X359,-0.12170629618771583,312,266,0.12170629618771583
M,312X630,0.121687759670447,312,128,0.121687759670447
L,330X1077,0.12165779747159222,330,178,0.12165779747159222
N,300X8,-0.12162674791656373,300,266,0.12162674791656373
J,344X232,0.12158106767405404,344,142,0.12158106767405404
N,312X33,0.12156088293854361,312,266,0.12156088293854361
M,312X380,0.12155218600689412,312,128,0.12155218600689412
O,750X149,0.12152308365093213,750,86,0.12152308365093213
L,344X191,-0.12151964240358519,344,178,0.12151964240358519
M,344X229,0.1215134448535955,344,128,0.1215134448535955
O,520X252,-0.1214955133854452,520,86,0.1214955133854452
M,312X634,-0.12149381763083675,312,128,0.12149381763083675
O,312X380,-0.1214747900544929,312,86,0.1214747900544929
J,330X313,-0.12142593210771828,330,142,0.12142593210771828
J,311X117,0.1214201809252385,311,142,0.1214201809252385
L,344X192,-0.12135674207612833,344,178,0.12135674207612833
O,312X121,-0.12126553700932806,312,86,0.12126553700932806
N,310X154,-0.12125837073490489,310,266,0.12125837073490489
N,330X278,0.12122454632464807,330,266,0.12122454632464807
N,220X192,-0.12121316048619132,220,266,0.12121316048619132
J,750X455,0.12111783451538392,750,142,0.12111783451538392
N,311X5,-0.12108107255963119,311,266,0.12108107255963119
M,312X357,0.12107633635711373,312,128,0.12107633635711373
L,330X516,0.12106905625103015,330,178,0.12106905625103015
L,330X1208,0.12106119504654378,330,178,0.12106119504654378
N,220X55,-0.1210603122971789,220,266,0.1210603122971789
L,330X1196,0.12105791191601414,330,178,0.12105791191601414
L,750X554,-0.12103140019138647,750,178,0.12103140019138647
M,420X216,0.12101375113088725,420,128,0.12101375113088725
N,520X432,-0.12100588614187918,520,266,0.12100588614187918
L,360X896,0.12096294843645132,360,178,0.12096294843645132
J,312X561,0.12095249280790235,312,142,0.12095249280790235
J,312X75,-0.12095019374336637,312,142,0.12095019374336637
L,220X183,-0.12094431176052065,220,178,0.12094431176052065
J,344X149,0.12093279642891683,344,142,0.12093279642891683
N,312X173,-0.12092140883105638,312,266,0.12092140883105638
M,210X12,-0.12091958716498864,210,128,0.12091958716498864
N,ERROR:#N/A_6,-0.12085946608437456,UNKNOWN,266,0.12085946608437456
O,330X916,-0.12082848766755062,330,86,0.12082848766755062
O,440AX139,0.12082520511359468,UNKNOWN,86,0.12082520511359468
L,750X1094,0.1208082604440236,750,178,0.1208082604440236
M,311X90,-0.12080680649181012,311,128,0.12080680649181012
M,210X63,0.12071327856542051,210,128,0.12071327856542051
O,360X149,-0.1206842593886068,360,86,0.1206842593886068
J,312X315,0.12066290708540833,312,142,0.12066290708540833
O,420X114,0.12066185735712702,420,86,0.12066185735712702
J,420X193,0.12064653649253376,420,142,0.12064653649253376
M,210X136,0.12061626464442629,210,128,0.12061626464442629
M,312X63,-0.12058680535685996,312,128,0.12058680535685996
J,400X56,0.12055106958653129,400,142,0.12055106958653129
J,420X141,0.12051866111591548,420,142,0.12051866111591548
L,312X430,0.12050667852376709,312,178,0.12050667852376709
L,750X335,-0.1205029062476621,750,178,0.1205029062476621
L,330X576,0.12042183642783262,330,178,0.12042183642783262
N,360X368,-0.12040206169087891,360,266,0.12040206169087891
L,312X363,0.12039406510701518,312,178,0.12039406510701518
O,420X97,-0.12028514378120359,420,86,0.12028514378120359
L,312X421,0.12020739195726983,312,178,0.12020739195726983
N,ERROR:#N/A_25,-0.12020239054197981,UNKNOWN,266,0.12020239054197981
O,312X386,0.12019306090901427,312,86,0.12019306090901427
O,312X127,-0.12007927610325947,312,86,0.12007927610325947
O,210X5,0.12006687158466396,210,86,0.12006687158466396
N,300X10,-0.12002226216372398,300,266,0.12002226216372398
O,210X95,0.11998317822552317,210,86,0.11998317822552317
L,400X170,-0.11996539826045606,400,178,0.11996539826045606
N,520X36,0.11990199487613683,520,266,0.11990199487613683
O,ERROR:#N/A_20,-0.11990133865581054,UNKNOWN,86,0.11990133865581054
N,312X61,0.1198655640233299,312,266,0.1198655640233299
N,311X137,0.11982931353747962,311,266,0.11982931353747962
M,400X134,-0.11981026368952068,400,128,0.11981026368952068
N,312X525,-0.11977413118418176,312,266,0.11977413118418176
J,344X187,-0.11977012815012197,344,142,0.11977012815012197
M,344X261,0.11973720577053211,344,128,0.11973720577053211
N,330X1077,0.11969003823282053,330,266,0.11969003823282053
L,440AX211,-0.11965846998901174,UNKNOWN,178,0.11965846998901174
J,520X309,0.11962863043628919,520,142,0.11962863043628919
J,330X204,0.119532578883818,330,142,0.119532578883818
L,220X166,-0.11952897433421515,220,178,0.11952897433421515
M,311X152,0.11952684481737912,311,128,0.11952684481737912
N,340X163,0.11951194092830973,340,266,0.11951194092830973
J,344X250,0.11949625041731239,344,142,0.11949625041731239
N,360X1267,0.11945615115193871,360,266,0.11945615115193871
N,344X71,-0.11943700015286839,344,266,0.11943700015286839
J,312X257,-0.11938022306231484,312,142,0.11938022306231484
O,311X203,-0.11936965939424236,311,86,0.11936965939424236
M,340X126,-0.1193568320402429,340,128,0.1193568320402429
M,520X242,-0.11933756245483305,520,128,0.11933756245483305
O,311X205,-0.11933448812113234,311,86,0.11933448812113234
M,312X717,-0.11927891724252028,312,128,0.11927891724252028
M,520X103,0.11923982940629249,520,128,0.11923982940629249
J,330X990,-0.11922684432737803,330,142,0.11922684432737803
J,340X190,-0.11918509505864505,340,142,0.11918509505864505
N,360X595,-0.11914586047235108,360,266,0.11914586047235108
N,520X393,-0.119142301017916,520,266,0.119142301017916
N,340X124,-0.11911992718270323,340,266,0.11911992718270323
L,420X116,-0.11909845427280058,420,178,0.11909845427280058
M,330X258,0.11899670600070565,330,128,0.11899670600070565
O,520X254,-0.11899002711772694,520,86,0.11899002711772694
J,520X397,0.1189830370578715,520,142,0.1189830370578715
L,750X115,-0.11897527644850187,750,178,0.11897527644850187
J,750X381,-0.11897137400210123,750,142,0.11897137400210123
N,520X79,-0.11894459727688689,520,266,0.11894459727688689
N,520X89,0.11894459727688689,520,266,0.11894459727688689
N,520X34,0.11894459727688689,520,266,0.11894459727688689
N,520X39,0.11894459727688689,520,266,0.11894459727688689
N,520X69,0.11894459727688689,520,266,0.11894459727688689
N,520X11,0.11894459727688689,520,266,0.11894459727688689
N,520X104,0.11894459727688689,520,266,0.11894459727688689
N,520X74,0.11894459727688689,520,266,0.11894459727688689
N,520X59,0.11894459727688689,520,266,0.11894459727688689
N,520X49,-0.11894459727688689,520,266,0.11894459727688689
N,520X19,0.11894459727687863,520,266,0.11894459727687863
N,520X128,0.11894459727686765,520,266,0.11894459727686765
N,520X109,0.11894459727686765,520,266,0.11894459727686765
N,520X114,0.11894459727686765,520,266,0.11894459727686765
N,520X99,0.11894459727686765,520,266,0.11894459727686765
N,520X26,0.11894459727686765,520,266,0.11894459727686765
N,520X24,0.11894459727686765,520,266,0.11894459727686765
N,520X64,-0.1189445972768292,520,266,0.1189445972768292
N,520X94,0.1189445972768292,520,266,0.1189445972768292
N,520X84,0.1189445972768292,520,266,0.1189445972768292
N,520X117,-0.1189445972768292,520,266,0.1189445972768292
N,520X44,0.1189445972768292,520,266,0.1189445972768292
O,312X286,0.1189283776956796,312,86,0.1189283776956796
M,420X136,-0.11892293608090998,420,128,0.11892293608090998
O,344X186,0.11888522884067125,344,86,0.11888522884067125
L,400X25,-0.11886394890982674,400,178,0.11886394890982674
M,360X488,0.11885540811666158,360,128,0.11885540811666158
J,520X129,0.11884003322507114,520,142,0.11884003322507114
M,400X213,0.11881090381364659,400,128,0.11881090381364659
J,360X776,0.11879945630580305,360,142,0.11879945630580305
M,420X21,0.1187854447489332,420,128,0.1187854447489332
O,360X447,0.11877696736065445,360,86,0.11877696736065445
N,344X55,-0.11876974516109545,344,266,0.11876974516109545
M,312X327,0.11871028347599101,312,128,0.11871028347599101
M,311X151,0.11870133384528214,311,128,0.11870133384528214
O,312X435,-0.11862427326061335,312,86,0.11862427326061335
N,312X254,-0.11860533331517235,312,266,0.11860533331517235
N,360X987,-0.1186029552946688,360,266,0.1186029552946688
N,520X108,0.11859811467849089,520,266,0.11859811467849089
L,210X162,0.11857557525601213,210,178,0.11857557525601213
L,210X60,0.11855595126204475,210,178,0.11855595126204475
O,330X294,-0.1185019929868505,330,86,0.1185019929868505
O,311X207,-0.11849960472595016,311,86,0.11849960472595016
M,220X122,0.11840294523853688,220,128,0.11840294523853688
M,400X22,-0.1184006568537473,400,128,0.1184006568537473
M,440AX112,-0.11838249800509949,UNKNOWN,128,0.11838249800509949
J,311X128,0.11837299944406156,311,142,0.11837299944406156
J,312X774,-0.11836564906223423,312,142,0.11836564906223423
M,210X129,-0.11834190100910838,210,128,0.11834190100910838
O,210X111,-0.11831366346064323,210,86,0.11831366346064323
O,311X119,-0.11829166246228237,311,86,0.11829166246228237
L,420X35,0.11822163857831104,420,178,0.11822163857831104
M,210X100,0.11821255728228482,210,128,0.11821255728228482
N,520X21,0.11819546993409434,520,266,0.11819546993409434
J,520X308,0.11817232079507836,520,142,0.11817232079507836
N,344X53,-0.11817063312408783,344,266,0.11817063312408783
N,210X68,-0.11805131192315901,210,266,0.11805131192315901
M,312X678,-0.11804585952880348,312,128,0.11804585952880348
M,311X154,-0.11804481953130053,311,128,0.11804481953130053
L,312X359,0.11803080799847897,312,178,0.11803080799847897
L,330X788,0.11802062724458379,330,178,0.11802062724458379
M,520X390,0.11799633346349514,520,128,0.11799633346349514
L,420X7,-0.11798308184314057,420,178,0.11798308184314057
N,520X111,0.1179666935948197,520,266,0.1179666935948197
L,420X25,-0.11792309527632965,420,178,0.11792309527632965
L,420X27,-0.11789570292006958,420,178,0.11789570292006958
L,420X9,-0.11789563776765997,420,178,0.11789563776765997
N,300X13,-0.11770290333478371,300,266,0.11770290333478371
N,520X58,0.11769782669239608,520,266,0.11769782669239608
O,344X176,0.1176128650277448,344,86,0.1176128650277448
L,330X488,-0.11753865497283746,330,178,0.11753865497283746
N,330X1203,0.1175218052148434,330,266,0.1175218052148434
M,420X74,-0.11750075702563861,420,128,0.11750075702563861
O,750X228,-0.11744142328138851,750,86,0.11744142328138851
M,520X28,0.11743923980741358,520,128,0.11743923980741358
M,311X117,-0.11743150713887701,311,128,0.11743150713887701
N,520X22,0.11738151963497434,520,266,0.11738151963497434
L,340X105,0.11735863485940484,340,178,0.11735863485940484
O,220X191,0.11735588605209973,220,86,0.11735588605209973
O,310X200,-0.11731693482320756,310,86,0.11731693482320756
N,312X519,-0.11729821575564227,312,266,0.11729821575564227
M,400X94,0.11728960233158056,400,128,0.11728960233158056
L,220X181,0.11721931912765893,220,178,0.11721931912765893
L,220X182,-0.11721931912752441,220,178,0.11721931912752441
L,220X179,-0.11721931912751203,220,178,0.11721931912751203
L,210X166,0.11720658275352071,210,178,0.11720658275352071
M,311X89,-0.11714789941586848,311,128,0.11714789941586848
N,210X71,0.11713625179547127,210,266,0.11713625179547127
M,520X262,0.11710586659719954,520,128,0.11710586659719954
M,312X642,0.1170993964525198,312,128,0.1170993964525198
J,520X92,0.11708982615636931,520,142,0.11708982615636931
N,220X5,0.11704411477168701,220,266,0.11704411477168701
N,330X318,0.1170422740059945,330,266,0.1170422740059945
M,420X159,0.11703188575074293,420,128,0.11703188575074293
O,344X264,0.11700842930690855,344,86,0.11700842930690855
N,330X182,0.11697648251940697,330,266,0.11697648251940697
O,420X16,-0.11695763099807022,420,86,0.11695763099807022
N,520X246,-0.11695325203367983,520,266,0.11695325203367983
N,520X144,-0.11695301279731048,520,266,0.11695301279731048
N,520X353,-0.11695277357264976,520,266,0.11695277357264976
L,312X199,0.11689229952718443,312,178,0.11689229952718443
J,340X75,0.11687377084534314,340,142,0.11687377084534314
M,400X73,-0.11686689917034872,400,128,0.11686689917034872
M,312X42,0.1168580457522434,312,128,0.1168580457522434
J,311X11,-0.11685103106096606,311,142,0.11685103106096606
O,520X259,0.11682462023182039,520,86,0.11682462023182039
L,330X890,-0.11681294775462209,330,178,0.11681294775462209
J,360X987,0.11680213359459303,360,142,0.11680213359459303
M,520X62,-0.11679171966002551,520,128,0.11679171966002551
J,312X698,0.1167654188324744,312,142,0.1167654188324744
O,750X1094,0.11670949367213178,750,86,0.11670949367213178
L,310X115,0.11666786740189358,310,178,0.11666786740189358
M,340X187,0.11664844340090635,340,128,0.11664844340090635
N,312X311,0.11660912990009459,312,266,0.11660912990009459
M,330X358,-0.11659051734875966,330,128,0.11659051734875966
N,520X56,0.11657496731096549,520,266,0.11657496731096549
J,340X97,0.11655048121399744,340,142,0.11655048121399744
J,330X221,-0.11653914412602188,330,142,0.11653914412602188
N,360X1072,-0.11653696189335407,360,266,0.11653696189335407
M,311X12,0.11649838362821437,311,128,0.11649838362821437
J,340X188,-0.11637884753824691,340,142,0.11637884753824691
J,520X160,-0.11635901422858091,520,142,0.11635901422858091
M,750X661,-0.11633240303840355,750,128,0.11633240303840355
O,312X674,-0.11632203729119478,312,86,0.11632203729119478
O,400X37,-0.11630993277467726,400,86,0.11630993277467726
L,330X562,0.11625048351083075,330,178,0.11625048351083075
M,312X381,0.11617362534375923,312,128,0.11617362534375923
O,311X77,0.11616134613162035,311,86,0.11616134613162035
N,310X29,0.11613928215780751,310,266,0.11613928215780751
M,312X1,-0.11613749984535018,312,128,0.11613749984535018
M,360X1321,0.11609904909528751,360,128,0.11609904909528751
N,520X101,0.11607686325185368,520,266,0.11607686325185368
J,312X559,0.11604093704356355,312,142,0.11604093704356355
L,310X5,-0.11594702639252354,310,178,0.11594702639252354
N,330X305,0.11592903680307923,330,266,0.11592903680307923
L,310X111,0.11590677790437133,310,178,0.11590677790437133
O,420X147,0.11589146213007484,420,86,0.11589146213007484
J,312X61,-0.11584108409215453,312,142,0.11584108409215453
M,344X254,-0.1157778468885649,344,128,0.1157778468885649
O,330X960,-0.11576330892614098,330,86,0.11576330892614098
O,340X181,0.1157500433824022,340,86,0.1157500433824022
N,750X621,0.11566989385344852,750,266,0.11566989385344852
N,210X141,-0.11566297871495018,210,266,0.11566297871495018
N,360X1094,-0.1156626617888834,360,266,0.1156626617888834
L,220X13,-0.11560102804452178,220,178,0.11560102804452178
M,210X130,0.11559528843285162,210,128,0.11559528843285162
L,344X187,-0.1155384378332843,344,178,0.1155384378332843
J,311X146,-0.11553571433263984,311,142,0.11553571433263984
O,520X389,0.1154689533546251,520,86,0.1154689533546251
M,312X69,-0.11546277006052878,312,128,0.11546277006052878
O,312X65,-0.11545790870391054,312,86,0.11545790870391054
M,750X499,-0.115454949128077,750,128,0.115454949128077
L,312X351,0.11543260573193326,312,178,0.11543260573193326
L,750X611,-0.1154225465705641,750,178,0.1154225465705641
J,330X993,-0.11542144836663765,330,142,0.11542144836663765
L,330X717,-0.11538980783947747,330,178,0.11538980783947747
J,312X768,-0.1153686226374211,312,142,0.1153686226374211
J,750X115,0.1153466899244966,750,142,0.1153466899244966
J,420X151,0.11534310784351977,420,142,0.11534310784351977
M,330X529,-0.1153419586506445,330,128,0.1153419586506445
J,420X100,-0.11534181777626457,420,142,0.11534181777626457
N,330X1201,0.11531789543708788,330,266,0.11531789543708788
O,312X668,-0.11531441320399471,312,86,0.11531441320399471
L,330X633,-0.11524017010595652,330,178,0.11524017010595652
J,312X64,0.11523225170952528,312,142,0.11523225170952528
O,360X984,0.11522864250841935,360,86,0.11522864250841935
M,210X36,-0.11521193502023769,210,128,0.11521193502023769
O,750X488,0.11508785336062889,750,86,0.11508785336062889
N,210X69,0.11508777040288863,210,266,0.11508777040288863
L,300X20,-0.11508667234612092,300,178,0.11508667234612092
M,312X214,-0.11508388213153439,312,128,0.11508388213153439
L,312X603,0.11507663933384393,312,178,0.11507663933384393
M,520X387,0.11503178349363655,520,128,0.11503178349363655
N,310X149,0.11495943047659618,310,266,0.11495943047659618
J,311X12,-0.11492921051774051,311,142,0.11492921051774051
N,312X487,-0.11491461243389704,312,266,0.11491461243389704
O,330X179,-0.11491434935922296,330,86,0.11491434935922296
N,360X499,-0.11487976520794609,360,266,0.11487976520794609
N,312X352,-0.11487941478610599,312,266,0.11487941478610599
M,312X666,-0.11487568503512259,312,128,0.11487568503512259
L,312X439,-0.11487000442664881,312,178,0.11487000442664881
L,360X307,0.11486483963327675,360,178,0.11486483963327675
N,344X123,0.114864422932354,344,266,0.114864422932354
L,330X714,-0.11485089110567659,330,178,0.11485089110567659
L,220X171,-0.11484287619491505,220,178,0.11484287619491505
N,300X6,-0.11478701159560702,300,266,0.11478701159560702
M,520X391,0.11478165488020456,520,128,0.11478165488020456
N,330X1157,0.114768560175137,330,266,0.114768560175137
J,344X200,-0.11475280368251456,344,142,0.11475280368251456
M,340X196,-0.11467625336766785,340,128,0.11467625336766785
N,750X1267,0.11467544700318894,750,266,0.11467544700318894
L,330X302,0.11467132624220008,330,178,0.11467132624220008
M,344X235,0.1146400685804099,344,128,0.1146400685804099
N,340X6,-0.11461632458512339,340,266,0.11461632458512339
J,310X152,-0.11459877666556008,310,142,0.11459877666556008
O,311X54,0.11459278693406523,311,86,0.11459278693406523
N,344X222,0.11457463133104932,344,266,0.11457463133104932
N,210X146,0.11454483061364856,210,266,0.11454483061364856
M,312X340,-0.11453037768499313,312,128,0.11453037768499313
L,312X591,0.11451330807958171,312,178,0.11451330807958171
O,750X1061,-0.11448655224545155,750,86,0.11448655224545155
J,312X285,0.11446068976783128,312,142,0.11446068976783128
O,310X12,-0.11440167049141411,310,86,0.11440167049141411
N,210X226,-0.11439612549073282,210,266,0.11439612549073282
N,312X517,-0.11438713535557243,312,266,0.11438713535557243
L,330X1080,0.1143470825909366,330,178,0.1143470825909366
N,520X41,0.11429036869464838,520,266,0.11429036869464838
L,750X69,-0.11422995700975709,750,178,0.11422995700975709
N,312X174,-0.11420139811332183,312,266,0.11420139811332183
M,750X117,-0.11419175604898839,750,128,0.11419175604898839
J,750X1105,-0.11416440449412163,750,142,0.11416440449412163
N,210X164,0.11407917504496475,210,266,0.11407917504496475
M,312X208,-0.11406779315114997,312,128,0.11406779315114997
N,311X70,0.11405373609089788,311,266,0.11405373609089788
N,520X351,-0.11403605814005159,520,266,0.11403605814005159
J,420X209,-0.11402719804252669,420,142,0.11402719804252669
M,360X765,-0.11401538760522444,360,128,0.11401538760522444
N,520X345,-0.1139988873908782,520,266,0.1139988873908782
L,344X56,-0.11398869407562262,344,178,0.11398869407562262
L,400X114,0.11398448671511281,400,178,0.11398448671511281
M,750X329,-0.11397699751013604,750,128,0.11397699751013604
J,360X274,-0.11397520675301014,360,142,0.11397520675301014
M,520X240,-0.11397001239000636,520,128,0.11397001239000636
L,312X236,0.11395479524459982,312,178,0.11395479524459982
L,312X566,0.11395363880401864,312,178,0.11395363880401864
J,360X285,-0.11392679047585359,360,142,0.11392679047585359
L,310X8,-0.11392024385833383,310,178,0.11392024385833383
M,330X81,-0.11390743533906343,330,128,0.11390743533906343
N,330X620,0.11389208307391893,330,266,0.11389208307391893
N,220X218,-0.11384969288919107,220,266,0.11384969288919107
J,312X265,-0.11382490456613645,312,142,0.11382490456613645
M,312X636,0.11381453317694559,312,128,0.11381453317694559
M,330X890,0.11381186841599222,330,128,0.11381186841599222
L,400X12,-0.11378741439091893,400,178,0.11378741439091893
L,400X33,-0.11378473144279785,400,178,0.11378473144279785
J,360X1212,-0.1137771937194579,360,142,0.1137771937194579
L,420X154,-0.11374870595117673,420,178,0.11374870595117673
L,210X177,0.11372770973856303,210,178,0.11372770973856303
O,311X210,0.11371627525195063,311,86,0.11371627525195063
L,312X774,0.11370518546918386,312,178,0.11370518546918386
O,340X187,-0.11369648455494769,340,86,0.11369648455494769
M,330X1218,-0.11369467464526832,330,128,0.11369467464526832
N,312X236,-0.11357065536356632,312,266,0.11357065536356632
J,312X518,0.1135402301750214,312,142,0.1135402301750214
M,400X78,-0.11353220829067268,400,128,0.11353220829067268
N,520X27,0.11350288175677774,520,266,0.11350288175677774
L,330X613,0.1134507935297093,330,178,0.1134507935297093
L,330X79,0.1134489218181363,330,178,0.1134489218181363
M,312X695,0.11341656413858414,312,128,0.11341656413858414
M,340X59,-0.11341589064968423,340,128,0.11341589064968423
J,220X70,0.11338667679198461,220,142,0.11338667679198461
O,330X155,-0.11333976459272453,330,86,0.11333976459272453
N,312X523,-0.11331451582429831,312,266,0.11331451582429831
M,400X214,0.11330603462767928,400,128,0.11330603462767928
M,360X1105,0.11324005001233584,360,128,0.11324005001233584
M,520X17,-0.1132347823320453,520,128,0.1132347823320453
J,312X762,-0.11323117386197804,312,142,0.11323117386197804
M,520X82,0.11321205964319202,520,128,0.11321205964319202
J,360X403,-0.11318419659192648,360,142,0.11318419659192648
J,220X3,0.11317958458402337,220,142,0.11317958458402337
M,400X93,0.11309942499323272,400,128,0.11309942499323272
N,312X337,0.11308904187119258,312,266,0.11308904187119258
N,750X131,-0.11301561772660633,750,266,0.11301561772660633
O,310X76,0.11297140722173946,310,86,0.11297140722173946
O,310X60,0.11297125846733845,310,86,0.11297125846733845
O,310X80,0.11297047560842284,310,86,0.11297047560842284
O,310X56,0.11297047212656516,310,86,0.11297047212656516
O,310X84,0.11297045909533947,310,86,0.11297045909533947
O,310X64,0.11297045189384297,310,86,0.11297045189384297
O,310X72,0.11297044816014233,310,86,0.11297044816014233
O,310X68,0.11297042811532487,310,86,0.11297042811532487
M,330X244,0.112954941662605,330,128,0.112954941662605
J,750X219,0.1129438726941417,750,142,0.1129438726941417
L,360X1039,-0.1129219538147336,360,178,0.1129219538147336
L,312X762,0.11291376465567712,312,178,0.11291376465567712
O,310X132,-0.11289720511301245,310,86,0.11289720511301245
N,312X234,-0.1128909336828563,312,266,0.1128909336828563
O,312X680,-0.11287704692527561,312,86,0.11287704692527561
M,340X198,-0.11285853310283497,340,128,0.11285853310283497
J,420X13,0.11285849104851489,420,142,0.11285849104851489
L,220X164,-0.11279679484982283,220,178,0.11279679484982283
O,344X147,-0.11277416845042922,344,86,0.11277416845042922
M,750X368,-0.11276284223765191,750,128,0.11276284223765191
N,340X9,0.11276097655259304,340,266,0.11276097655259304
N,520X392,-0.11272092701163168,520,266,0.11272092701163168
O,400X146,0.1127060808105145,400,86,0.1127060808105145
J,311X32,-0.11268482591643168,311,142,0.11268482591643168
L,330X1107,0.1126303999268884,330,178,0.1126303999268884
M,750X1094,0.11261729543687901,750,128,0.11261729543687901
M,330X264,0.11259637395865954,330,128,0.11259637395865954
M,312X93,0.11257764354015308,312,128,0.11257764354015308
O,520X253,-0.11256438151413847,520,86,0.11256438151413847
L,520X176,0.11256270836916432,520,178,0.11256270836916432
N,330X1080,0.11255919072575218,330,266,0.11255919072575218
L,312X574,0.11255004081310142,312,178,0.11255004081310142
O,344X95,0.11254134586880012,344,86,0.11254134586880012
M,420X148,-0.11252684789387798,420,128,0.11252684789387798
O,420X96,-0.11249560070530433,420,86,0.11249560070530433
J,400X134,-0.11248860283083155,400,142,0.11248860283083155
O,340X108,-0.11246989211856188,340,86,0.11246989211856188
J,420X210,-0.11246352725234986,420,142,0.11246352725234986
O,312X332,0.11244064689743642,312,86,0.11244064689743642
N,360X1383,0.11242449300398244,360,266,0.11242449300398244
O,330X303,-0.11241108826860248,330,86,0.11241108826860248
N,312X362,-0.11240324364031427,312,266,0.11240324364031427
L,312X478,-0.11240109736650361,312,178,0.11240109736650361
L,312X520,0.1124010973665032,312,178,0.1124010973665032
J,520X409,-0.11239807475341478,520,142,0.11239807475341478
M,310X200,0.11239215169812022,310,128,0.11239215169812022
L,420X152,-0.1123822838551978,420,178,0.1123822838551978
L,400X85,-0.11232061702911114,400,178,0.11232061702911114
O,420X99,-0.11229382672061101,420,86,0.11229382672061101
M,220X13,-0.1122788544377798,220,128,0.1122788544377798
L,750X987,0.11223985745429674,750,178,0.11223985745429674
L,330X73,0.11222716736698436,330,178,0.11222716736698436
J,311X10,-0.11213164830919596,311,142,0.11213164830919596
N,311X73,0.11210259419552872,311,266,0.11210259419552872
L,300X10,-0.11206433911625574,300,178,0.11206433911625574
N,330X1205,0.11201824621276937,330,266,0.11201824621276937
M,312X11,-0.11200459967595253,312,128,0.11200459967595253
M,400X91,0.11198137139498325,400,128,0.11198137139498325
M,360X80,0.11197482215643347,360,128,0.11197482215643347
O,330X198,-0.11195487676884469,330,86,0.11195487676884469
L,220X53,-0.11193580913857329,220,178,0.11193580913857329
L,220X55,0.1119215966297359,220,178,0.1119215966297359
N,210X174,0.11190665436119161,210,266,0.11190665436119161
O,520X376,0.11189906057817206,520,86,0.11189906057817206
J,312X716,-0.11179502971104582,312,142,0.11179502971104582
J,312X519,0.11177293120053267,312,142,0.11177293120053267
M,312X711,-0.11177173874009416,312,128,0.11177173874009416
J,360X1278,0.11177006732091142,360,142,0.11177006732091142
M,330X71,0.1117671399863087,330,128,0.1117671399863087
L,344X253,-0.11176006016513468,344,178,0.11176006016513468
O,330X1,0.11170567195762468,330,86,0.11170567195762468
N,330X1103,0.11167402546331656,330,266,0.11167402546331656
L,312X596,0.11166505504895634,312,178,0.11166505504895634
L,311X129,0.11166433368817143,311,178,0.11166433368817143
M,330X228,0.11164165920562068,330,128,0.11164165920562068
M,520X3,-0.11159911938314053,520,128,0.11159911938314053
N,520X86,0.1115665953155449,520,266,0.1115665953155449
J,420X76,0.11156354966943352,420,142,0.11156354966943352
J,344X168,0.11155892687649974,344,142,0.11155892687649974
M,330X1203,0.11155159819505175,330,128,0.11155159819505175
L,330X76,0.11154057142988161,330,178,0.11154057142988161
J,330X608,-0.11152517611079144,330,142,0.11152517611079144
N,520X395,-0.1115176462692258,520,266,0.1115176462692258
J,311X9,-0.11151306346056133,311,142,0.11151306346056133
M,360X337,0.11150953419642161,360,128,0.11150953419642161
N,311X162,-0.11150221966753567,311,266,0.11150221966753567
N,312X154,0.11149545846998941,312,266,0.11149545846998941
J,311X143,-0.11149051592468992,311,142,0.11149051592468992
M,360X370,0.11147856693423198,360,128,0.11147856693423198
M,312X382,0.11147233755714,312,128,0.11147233755714
M,220X11,-0.11144492715023732,220,128,0.11144492715023732
N,520X42,0.11142388430252405,520,266,0.11142388430252405
L,312X435,-0.11136838283037422,312,178,0.11136838283037422
L,420X38,0.1113596723713392,420,178,0.1113596723713392
J,340X183,-0.11132528996024167,340,142,0.11132528996024167
L,330X445,-0.111321489815584,330,178,0.111321489815584
J,400X124,0.1113142163144451,400,142,0.1113142163144451
N,312X155,0.11130363593870084,312,266,0.11130363593870084
M,312X597,0.11128334907676499,312,128,0.11128334907676499
O,312X244,-0.11128142361738658,312,86,0.11128142361738658
L,310X119,0.1112240227673856,310,178,0.1112240227673856
N,311X163,-0.11121973033028032,311,266,0.11121973033028032
L,330X69,0.11121683055609602,330,178,0.11121683055609602
L,330X1034,0.11119024969385638,330,178,0.11119024969385638
J,420X32,-0.11117363159006399,420,142,0.11117363159006399
N,330X303,0.11117241334095099,330,266,0.11117241334095099
L,400X90,-0.11117182367953536,400,178,0.11117182367953536
M,ERROR:#N/A_23,-0.11117036611151197,UNKNOWN,128,0.11117036611151197
O,330X191,-0.11114610314767995,330,86,0.11114610314767995
M,520X244,-0.11109571891291874,520,128,0.11109571891291874
J,344X160,-0.11102471846022192,344,142,0.11102471846022192
N,344X264,-0.11101441902817867,344,266,0.11101441902817867
M,330X1191,0.1110142229008172,330,128,0.1110142229008172
L,Chamber ID,-0.11093100307545899,UNKNOWN,178,0.11093100307545899
O,312X788,-0.11092900483610708,312,86,0.11092900483610708
O,330X159,-0.11089787327253715,330,86,0.11089787327253715
L,210X159,0.11089732673392502,210,178,0.11089732673392502
M,520X320,0.11089648528391186,520,128,0.11089648528391186
N,300X3,-0.11089429724796923,300,266,0.11089429724796923
L,420X120,-0.11087226284091428,420,178,0.11087226284091428
L,300X2,-0.11085551464612764,300,178,0.11085551464612764
N,312X153,0.11085095028375574,312,266,0.11085095028375574
L,300X13,-0.11084409041735908,300,178,0.11084409041735908
M,312X315,-0.11082713322052513,312,128,0.11082713322052513
O,310X202,0.11081527175277843,310,86,0.11081527175277843
L,420X32,0.11077478944264735,420,178,0.11077478944264735
L,312X256,-0.11076145703553865,312,178,0.11076145703553865
M,400X144,-0.11075885170089937,400,128,0.11075885170089937
N,312X54,0.11069738678951059,312,266,0.11069738678951059
N,344X261,-0.1106895604602674,344,266,0.1106895604602674
O,360X605,0.11068284913745749,360,86,0.11068284913745749
N,311X67,0.11066829379787156,311,266,0.11066829379787156
O,750X1083,-0.11062819430898026,750,86,0.11062819430898026
L,312X768,0.11062309687732295,312,178,0.11062309687732295
M,360X466,0.11061985591362393,360,128,0.11061985591362393
N,310X161,-0.1105756646389626,310,266,0.1105756646389626
N,312X435,0.11055275320364254,312,266,0.11055275320364254
M,312X560,0.11053921844930589,312,128,0.11053921844930589
L,330X604,0.11053418227928782,330,178,0.11053418227928782
M,330X544,-0.1105143367832714,330,128,0.1105143367832714
O,311X18,-0.11051282524836224,311,86,0.11051282524836224
L,330X498,-0.11043837831398681,330,178,0.11043837831398681
M,750X1146,-0.11043432223873224,750,128,0.11043432223873224
M,311X142,0.11043279242005716,311,128,0.11043279242005716
M,360X69,0.11043155525689677,360,128,0.11043155525689677
M,311X11,0.11041661295411766,311,128,0.11041661295411766
N,310X168,-0.11040495886036965,310,266,0.11040495886036965
L,400X89,-0.11038260536783623,400,178,0.11038260536783623
O,360X47,-0.11037982326942566,360,86,0.11037982326942566
N,310X169,-0.11037561840226214,310,266,0.11037561840226214
M,520X91,-0.11036083850913159,520,128,0.11036083850913159
L,312X174,0.11034838862050327,312,178,0.11034838862050327
M,360X1297,0.11031382508514648,360,128,0.11031382508514648
N,330X221,0.11029579630929331,330,266,0.11029579630929331
N,311X74,0.11028268301700717,311,266,0.11028268301700717
O,ERROR:#N/A_24,0.11028133601668505,UNKNOWN,86,0.11028133601668505
M,520X312,0.11026188584041872,520,128,0.11026188584041872
O,330X601,-0.1102213163481005,330,86,0.1102213163481005
O,400X56,-0.11017028303880168,400,86,0.11017028303880168
L,330X1030,0.11016917270975976,330,178,0.11016917270975976
N,400X228,0.11016539861321673,400,266,0.11016539861321673
O,420X13,-0.11014873859311555,420,86,0.11014873859311555
L,360X582,0.11013299913978365,360,178,0.11013299913978365
M,312X349,0.11013187745383829,312,128,0.11013187745383829
M,220X130,0.11011283579729989,220,128,0.11011283579729989
L,312X352,0.11010742480825984,312,178,0.11010742480825984
M,340X197,-0.1100933581856805,340,128,0.1100933581856805
O,344X234,-0.11006519172184012,344,86,0.11006519172184012
M,312X281,0.11006414034814155,312,128,0.11006414034814155
O,750X554,0.11005334175877177,750,86,0.11005334175877177
L,220X168,-0.11005213805582709,220,178,0.11005213805582709
L,330X63,0.10997018466167581,330,178,0.10997018466167581
M,400X201,-0.10995498647374588,400,128,0.10995498647374588
N,330X555,0.10994492322317134,330,266,0.10994492322317134
M,220X4,-0.10993394903772417,220,128,0.10993394903772417
O,311X106,-0.10992273791380508,311,86,0.10992273791380508
J,312X118,0.10981245501724661,312,142,0.10981245501724661
O,330X325,0.1097953788684203,330,86,0.1097953788684203
J,520X87,0.10979107193756989,520,142,0.10979107193756989
L,312X554,0.1097831768899341,312,178,0.1097831768899341
N,311X55,-0.10978083941313053,311,266,0.10978083941313053
J,312X244,0.10975699137089023,312,142,0.10975699137089023
N,400X210,0.10969801020803668,400,266,0.10969801020803668
L,400X87,-0.10967771164405946,400,178,0.10967771164405946
O,420X152,-0.10958891675488013,420,86,0.10958891675488013
M,312X716,-0.10956201850518348,312,128,0.10956201850518348
L,750X263,-0.10954779474013848,750,178,0.10954779474013848
L,400X122,0.10952514496783289,400,178,0.10952514496783289
N,344X165,0.10951762526571872,344,266,0.10951762526571872
L,420X92,0.10950816603138104,420,178,0.10950816603138104
M,330X1201,0.10945580195656023,330,128,0.10945580195656023
L,330X66,0.10944237567820732,330,178,0.10944237567820732
M,311X116,-0.10940726899798381,311,128,0.10940726899798381
N,312X353,-0.10937418179494512,312,266,0.10937418179494512
N,300X7,-0.10936830055002787,300,266,0.10936830055002787
M,520X389,0.10936166553993837,520,128,0.10936166553993837
M,312X640,-0.10931465717183916,312,128,0.10931465717183916
N,311X21,0.10929878180532958,311,266,0.10929878180532958
L,210X219,-0.10929373148201338,210,178,0.10929373148201338
L,330X1133,-0.10926146539244147,330,178,0.10926146539244147
L,330X1130,-0.10924316410494758,330,178,0.10924316410494758
L,330X1127,-0.10923706744303245,330,178,0.10923706744303245
M,312X475,0.10922091441331684,312,128,0.10922091441331684
M,330X1205,0.10917028295133878,330,128,0.10917028295133878
L,312X130,0.10916678171513601,312,178,0.10916678171513601
L,330X1032,0.10915727915879385,330,178,0.10915727915879385
J,312X8,-0.10903208476300741,312,142,0.10903208476300741
N,340X4,-0.10900659601033538,340,266,0.10900659601033538
O,311X189,-0.1090045647825508,311,86,0.1090045647825508
O,210X226,0.10899615834597998,210,86,0.10899615834597998
M,520X51,-0.10895993429484864,520,128,0.10895993429484864
M,360X1305,0.10894806650040703,360,128,0.10894806650040703
M,400X76,-0.10890282202208182,400,128,0.10890282202208182
M,311X211,-0.10883480315559771,311,128,0.10883480315559771
M,311X32,0.1088068980541673,311,128,0.1088068980541673
L,750X661,-0.10877429347358603,750,178,0.10877429347358603
L,330X236,0.10874081391970253,330,178,0.10874081391970253
M,311X135,-0.1087339001050834,311,128,0.1087339001050834
J,420X228,-0.10871157553156088,420,142,0.10871157553156088
J,520X243,-0.10869755972127121,520,142,0.10869755972127121
O,400X38,0.10869021881970294,400,86,0.10869021881970294
O,310X169,-0.10866483350127645,310,86,0.10866483350127645
M,330X788,-0.10857716970472213,330,128,0.10857716970472213
J,420X140,-0.1085695197190252,420,142,0.1085695197190252
M,400X204,0.10854957663098627,400,128,0.10854957663098627
O,340X194,0.10853794941042957,340,86,0.10853794941042957
N,330X328,0.10852480699902141,330,266,0.10852480699902141
N,312X28,-0.10852476030232451,312,266,0.10852476030232451
O,312X388,0.10845359908938815,312,86,0.10845359908938815
L,330X719,0.1084532485619265,330,178,0.1084532485619265
N,330X323,0.10843296307311645,330,266,0.10843296307311645
J,360X1072,0.10842315207351898,360,142,0.10842315207351898
L,344X137,-0.10841409026612922,344,178,0.10841409026612922
L,400X15,-0.10836759575192953,400,178,0.10836759575192953
L,420X103,-0.10834945777674211,420,178,0.10834945777674211
J,420X212,-0.1083230924915918,420,142,0.1083230924915918
L,330X729,0.1083155786769598,330,178,0.1083155786769598
M,312X21,0.1082902020667929,312,128,0.1082902020667929
J,360X47,-0.10829005523013627,360,142,0.10829005523013627
O,312X783,-0.10824744618289228,312,86,0.10824744618289228
L,330X828,0.10823475375488117,330,178,0.10823475375488117
M,312X46,0.10820524104933996,312,128,0.10820524104933996
L,330X749,-0.1081981916926373,330,178,0.1081981916926373
N,330X116,0.10817968341905253,330,266,0.10817968341905253
J,220X193,0.10817177203333112,220,142,0.10817177203333112
J,520X242,-0.10809986160620766,520,142,0.10809986160620766
L,300X7,-0.10805164765403209,300,178,0.10805164765403209
L,210X118,0.10803419229577568,210,178,0.10803419229577568
N,311X135,0.1080235125640387,311,266,0.1080235125640387
L,312X33,-0.10801554581687862,312,178,0.10801554581687862
J,340X101,0.10800037633288424,340,142,0.10800037633288424
L,330X759,-0.10799283972893753,330,178,0.10799283972893753
J,312X335,-0.1079765086814591,312,142,0.1079765086814591
O,344X20,0.10797061432005416,344,86,0.10797061432005416
L,330X256,0.10796053100653563,330,178,0.10796053100653563
M,312X2,0.10791710952541764,312,128,0.10791710952541764
O,440AX134,-0.10785079793416112,UNKNOWN,86,0.10785079793416112
L,330X858,-0.10781527920775504,330,178,0.10781527920775504
O,210X65,-0.1077503733694643,210,86,0.1077503733694643
M,220X126,0.1077377214528711,220,128,0.1077377214528711
L,330X1194,0.10773173429917818,330,178,0.10773173429917818
M,520X83,0.10770265101662131,520,128,0.10770265101662131
L,311X24,0.10770014536277246,311,178,0.10770014536277246
N,400X208,0.10769363848664212,400,266,0.10769363848664212
N,360X785,0.10769229587947737,360,266,0.10769229587947737
J,330X963,0.10766588290318126,330,142,0.10766588290318126
N,400X212,0.10763412901774493,400,266,0.10763412901774493
M,311X206,0.1076131879392266,311,128,0.1076131879392266
N,ERROR:#N/A_15,0.10758900152418328,UNKNOWN,266,0.10758900152418328
L,311X194,-0.10756818509736266,311,178,0.10756818509736266
M,330X1187,0.10754588228419112,330,128,0.10754588228419112
L,330X246,0.10752338953544403,330,178,0.10752338953544403
O,311X58,0.10752257904484766,311,86,0.10752257904484766
L,330X105,-0.10748425032244681,330,178,0.10748425032244681
L,330X112,-0.10737446354657117,330,178,0.10737446354657117
O,420X202,0.10736580884387811,420,86,0.10736580884387811
N,312X518,-0.10735954511282077,312,266,0.10735954511282077
L,220X142,0.10735615228958087,220,178,0.10735615228958087
O,420X141,0.10735544359600811,420,86,0.10735544359600811
M,330X368,-0.10732172992202907,330,128,0.10732172992202907
N,311X72,0.10724893946302282,311,266,0.10724893946302282
L,400X86,-0.10720950407901572,400,178,0.10720950407901572
J,330X622,0.1072084234105954,330,142,0.1072084234105954
O,220X192,-0.10720295151896506,220,86,0.10720295151896506
O,440AX124,0.10719918436184761,UNKNOWN,86,0.10719918436184761
J,330X425,0.10719197459270591,330,142,0.10719197459270591
L,330X1203,0.10717638958344815,330,178,0.10717638958344815
O,330X323,-0.10717393571098921,330,86,0.10717393571098921
J,330X555,-0.10714912469717411,330,142,0.10714912469717411
N,520X13,0.10713017622959733,520,266,0.10713017622959733
L,520X399,-0.107111509441944,520,178,0.107111509441944
N,750X285,0.10709293207295892,750,266,0.10709293207295892
M,312X100,0.10705756075430763,312,128,0.10705756075430763
M,420X158,-0.10702798448014433,420,128,0.10702798448014433
N,312X198,0.10700324089661088,312,266,0.10700324089661088
M,750X274,-0.10699151663381484,750,128,0.10699151663381484
L,330X585,0.10699137990705869,330,178,0.10699137990705869
L,330X616,-0.10698213210299623,330,178,0.10698213210299623
J,311X209,0.10687483150916774,311,142,0.10687483150916774
N,311X65,0.10687261970999934,311,266,0.10687261970999934
M,330X31,-0.10686937935987031,330,128,0.10686937935987031
M,344X55,-0.1067969885924389,344,128,0.1067969885924389
L,330X1212,0.10678606167763953,330,178,0.10678606167763953
M,210X45,-0.10677344989157958,210,128,0.10677344989157958
N,330X109,0.10669458537910353,330,266,0.10669458537910353
J,750X573,0.10668090754359354,750,142,0.10668090754359354
M,312X186,0.10666839613518507,312,128,0.10666839613518507
O,312X186,0.10666839613518507,312,86,0.10666839613518507
M,400X92,0.10664945619533274,400,128,0.10664945619533274
N,312X291,-0.10660207725157791,312,266,0.10660207725157791
O,420X100,-0.10658518712816702,420,86,0.10658518712816702
M,420X118,-0.106533025024333,420,128,0.106533025024333
M,520X388,0.10652103106511089,520,128,0.10652103106511089
N,310X8,0.10647412378527855,310,266,0.10647412378527855
L,312X38,0.10646819191044984,312,178,0.10646819191044984
M,520X81,0.10646419912142385,520,128,0.10646419912142385
N,312X350,-0.10646220431869277,312,266,0.10646220431869277
N,400X141,-0.1064546689693994,400,266,0.1064546689693994
M,312X350,0.10639779746449443,312,128,0.10639779746449443
J,ERROR:#N/A_6,-0.10636478759698642,UNKNOWN,142,0.10636478759698642
L,340X61,-0.10635542168295439,340,178,0.10635542168295439
N,360X488,-0.10634720792989692,360,266,0.10634720792989692
M,750X582,0.10634023786704375,750,128,0.10634023786704375
L,750X659,-0.10633853383042102,750,178,0.10633853383042102
J,330X611,-0.10632949841328727,330,142,0.10632949841328727
N,312X66,0.1063165504771533,312,266,0.1063165504771533
N,311X61,0.10629293512182976,311,266,0.10629293512182976
M,344X71,-0.10627973317502797,344,128,0.10627973317502797
J,312X465,-0.10627278064924825,312,142,0.10627278064924825
N,344X226,0.10626286285817424,344,266,0.10626286285817424
L,311X204,0.10623621926944395,311,178,0.10623621926944395
O,312X777,-0.10622256309883871,312,86,0.10622256309883871
N,330X1166,-0.10621855755197661,330,266,0.10621855755197661
M,344X73,-0.1062124912632461,344,128,0.1062124912632461
O,360X595,0.10620686248156594,360,86,0.10620686248156594
O,420X1,-0.10619646728907757,420,86,0.10619646728907757
J,520X297,-0.10616619029021113,520,142,0.10616619029021113
L,330X1201,0.10615876751379927,330,178,0.10615876751379927
N,520X28,0.1061428240075438,520,266,0.1061428240075438
N,344X259,-0.10614075685994646,344,266,0.10614075685994646
L,400X88,-0.1061268999769649,400,178,0.1061268999769649
L,330X188,0.10608302546166185,330,178,0.10608302546166185
L,400X160,-0.10606405264295096,400,178,0.10606405264295096
M,312X189,-0.1060563023118235,312,128,0.1060563023118235
N,330X201,0.1060189662456781,330,266,0.1060189662456781
N,330X550,0.10600088801616665,330,266,0.10600088801616665
O,750X1297,0.105996520244536,750,86,0.105996520244536
J,360X1190,0.10594319308192458,360,142,0.10594319308192458
M,312X58,-0.10593990243669438,312,128,0.10593990243669438
N,311X75,0.10592177760986006,311,266,0.10592177760986006
L,360X1337,-0.10589002673055284,360,178,0.10589002673055284
J,312X424,0.10587925390124577,312,142,0.10587925390124577
N,311X66,0.10587513101497953,311,266,0.10587513101497953
O,310X20,0.10583453783287901,310,86,0.10583453783287901
O,750X521,-0.10582586472111769,750,86,0.10582586472111769
M,330X51,0.10581614261912776,330,128,0.10581614261912776
O,420X15,-0.10579425881836615,420,86,0.10579425881836615
J,360X176,0.10578823688289272,360,142,0.10578823688289272
M,360X1039,0.10578247676025145,360,128,0.10578247676025145
M,400X228,-0.10577869967874472,400,128,0.10577869967874472
N,311X56,-0.10575701938859924,311,266,0.10575701938859924
O,750X1212,-0.10575598762227584,750,86,0.10575598762227584
L,400X35,-0.10573668608897754,400,178,0.10573668608897754
N,330X313,0.10571506685665992,330,266,0.10571506685665992
M,310X44,0.10569263203736409,310,128,0.10569263203736409
L,330X573,0.1056228284843977,330,178,0.1056228284843977
L,420X78,0.10559282174904965,420,178,0.10559282174904965
J,ERROR:#N/A_1 (#2),-0.10559091156627556,UNKNOWN,142,0.10559091156627556
L,312X240,-0.10558116213722503,312,178,0.10558116213722503
M,344X53,-0.10549524914355464,344,128,0.10549524914355464
N,360X829,-0.1054929362950047,360,266,0.1054929362950047
M,400X81,-0.10546787524298096,400,128,0.10546787524298096
L,330X393,0.10542353214945478,330,178,0.10542353214945478
L,520X32,-0.10537553817596274,520,178,0.10537553817596274
N,311X62,0.10537350416933534,311,266,0.10537350416933534
O,400X148,0.10535049663321164,400,86,0.10535049663321164
M,330X1042,-0.1053424802238602,330,128,0.1053424802238602
O,220X189,-0.10533832867124598,220,86,0.10533832867124598
M,312X672,-0.10531808440492658,312,128,0.10531808440492658
N,210X23,-0.10529592692106286,210,266,0.10529592692106286
O,311X147,-0.10526463334409378,311,86,0.10526463334409378
L,310X4,-0.10522985267061809,310,178,0.10522985267061809
N,311X59,-0.10521718637936212,311,266,0.10521718637936212
N,311X63,0.10520641698661502,311,266,0.10520641698661502
M,330X569,0.1051954717372881,330,128,0.1051954717372881
J,330X943,0.1051374595353781,330,142,0.1051374595353781
N,520X400,0.10510461442210213,520,266,0.10510461442210213
O,310X29,-0.10510211482126916,310,86,0.10510211482126916
N,360X796,0.10507237523406639,360,266,0.10507237523406639
M,330X1053,0.10506898509394504,330,128,0.10506898509394504
M,312X438,-0.10506533848927957,312,128,0.10506533848927957
L,312X136,0.10506044206871691,312,178,0.10506044206871691
O,311X208,0.105037856255882,311,86,0.105037856255882
M,310X97,0.10501251236037658,310,128,0.10501251236037658
N,750X475,0.10497573953913437,750,266,0.10497573953913437
L,750X23,-0.104963464602772,750,178,0.104963464602772
N,210X215,-0.10489787345184552,210,266,0.10489787345184552
J,312X163,-0.1048807607297243,312,142,0.1048807607297243
J,520X320,-0.10488053518992749,520,142,0.10488053518992749
J,220X172,-0.10487439850615798,220,142,0.10487439850615798
N,520X73,0.10484417785327063,520,266,0.10484417785327063
L,300X14,-0.10482093257711436,300,178,0.10482093257711436
L,330X420,0.10481957407072692,330,178,0.10481957407072692
N,210X213,-0.10481778484389023,210,266,0.10481778484389023
N,520X66,0.10481258144976445,520,266,0.10481258144976445
O,330X169,-0.10478840493167262,330,86,0.10478840493167262
O,750X3,0.1047766534167371,750,86,0.1047766534167371
N,750X329,-0.10476090338622583,750,266,0.10476090338622583
O,311X74,-0.10476038196767526,311,86,0.10476038196767526
O,311X76,-0.10475657794981043,311,86,0.10475657794981043
L,312X215,-0.10474823047268358,312,178,0.10474823047268358
M,520X12,0.10472239739556563,520,128,0.10472239739556563
N,312X381,-0.10467443380398489,312,266,0.10467443380398489
N,220X13,0.1046614940138806,220,266,0.1046614940138806
L,750X252,-0.10466010978942375,750,178,0.10466010978942375
L,311X192,-0.10463651809234444,311,178,0.10463651809234444
N,330X315,0.10460039162476911,330,266,0.10460039162476911
L,312X160,0.10458932175858301,312,178,0.10458932175858301
M,312X698,0.10458836174867966,312,128,0.10458836174867966
M,330X1189,0.10456805722187812,330,128,0.10456805722187812
L,360X23,0.10451177935660336,360,178,0.10451177935660336
M,360X541,0.10443449182116668,360,128,0.10443449182116668
N,330X228,0.10442860324650628,330,266,0.10442860324650628
L,330X557,0.10438959142983488,330,178,0.10438959142983488
M,220X15,-0.10436684796627499,220,128,0.10436684796627499
J,344X27,-0.10432844071378547,344,142,0.10432844071378547
O,311X20,0.10430284073168125,311,86,0.10430284073168125
J,344X26,0.10428824860528521,344,142,0.10428824860528521
O,311X72,-0.10428115681666882,311,86,0.10428115681666882
J,210X95,0.10423995173242345,210,142,0.10423995173242345
L,210X86,-0.10415866071787552,210,178,0.10415866071787552
N,344X263,-0.10413994376374053,344,266,0.10413994376374053
O,750X58,0.10411899202371662,750,86,0.10411899202371662
L,312X142,0.10410450871830654,312,178,0.10410450871830654
L,210X132,0.10409738001206889,210,178,0.10409738001206889
N,311X164,-0.10402435285771958,311,266,0.10402435285771958
J,520X236,-0.10402274819270993,520,142,0.10402274819270993
O,330X276,0.1040091892043298,330,86,0.1040091892043298
N,400X209,0.10399791864057764,400,266,0.10399791864057764
M,311X24,0.10397293848849296,311,128,0.10397293848849296
N,340X175,-0.10397148022853835,340,266,0.10397148022853835
L,300X9,-0.10395116181496615,300,178,0.10395116181496615
J,312X696,0.10390257730728499,312,142,0.10390257730728499
L,750X109,-0.10388540443516868,750,178,0.10388540443516868
L,220X190,0.10387290378934451,220,178,0.10387290378934451
O,310X147,0.10384021954427175,310,86,0.10384021954427175
N,311X60,-0.10382012188399727,311,266,0.10382012188399727
N,330X512,0.10380179758557635,330,266,0.10380179758557635
L,360X296,0.10379558299888676,360,178,0.10379558299888676
N,344X78,0.10378553330366692,344,266,0.10378553330366692
J,360X1116,-0.10375883313122518,360,142,0.10375883313122518
L,210X73,0.10367839805458368,210,178,0.10367839805458368
L,311X193,-0.1036643764436329,311,178,0.1036643764436329
M,210X47,-0.10363171495118231,210,128,0.10363171495118231
J,340X57,0.1036278184984028,340,142,0.1036278184984028
N,750X645,-0.10357405660200242,750,266,0.10357405660200242
J,311X141,-0.10356529566041055,311,142,0.10356529566041055
L,330X410,0.10352801019582433,330,178,0.10352801019582433
M,330X361,-0.10350802723025174,330,128,0.10350802723025174
O,420X151,-0.10345812942267642,420,86,0.10345812942267642
L,311X203,0.10344849270188759,311,178,0.10344849270188759
M,310X178,-0.10342156620291548,310,128,0.10342156620291548
N,360X1146,0.1033910083879652,360,266,0.1033910083879652
J,420X75,0.10337188221891004,420,142,0.10337188221891004
N,312X363,-0.10334901168280122,312,266,0.10334901168280122
L,420X213,0.10332890463828771,420,178,0.10332890463828771
M,360X45,-0.10332075054573495,360,128,0.10332075054573495
L,311X187,0.10331441691488041,311,178,0.10331441691488041
M,340X2,-0.1033075273594123,340,128,0.1033075273594123
J,311X8,-0.10330691315631964,311,142,0.10330691315631964
L,311X131,0.10327530412388203,311,178,0.10327530412388203
J,312X377,-0.10324399910000931,312,142,0.10324399910000931
N,312X561,-0.10323273817531559,312,266,0.10323273817531559
O,311X104,-0.10321601268087115,311,86,0.10321601268087115
L,330X1205,0.1032119598134868,330,178,0.1032119598134868
M,312X266,-0.10318043159392484,312,128,0.10318043159392484
J,344X186,-0.10317030071567838,344,142,0.10317030071567838
L,360X1138,-0.10314264165295983,360,178,0.10314264165295983
N,400X22,-0.10313383388349948,400,266,0.10313383388349948
M,311X147,0.10312712879556489,311,128,0.10312712879556489
O,312X778,-0.10311484454118798,312,86,0.10311484454118798
M,400X72,-0.10309144379243872,400,128,0.10309144379243872
L,330X261,0.10308703120472859,330,178,0.10308703120472859
M,400X215,0.10308520857307461,400,128,0.10308520857307461
L,312X214,0.10306237748231512,312,178,0.10306237748231512
J,340X49,0.10305913199098493,340,142,0.10305913199098493
M,330X618,-0.10305776053990359,330,128,0.10305776053990359
L,310X130,0.10302616477498328,310,178,0.10302616477498328
O,311X212,0.10300580362964534,311,86,0.10300580362964534
M,312X351,0.10298979308748218,312,128,0.10298979308748218
N,750X133,0.10298688804666582,750,266,0.10298688804666582
L,210X142,-0.10294588810336044,210,178,0.10294588810336044
O,330X286,0.10289257303535364,330,86,0.10289257303535364
L,310X11,-0.10284144586512532,310,178,0.10284144586512532
L,220X194,0.1028289970365317,220,178,0.1028289970365317
M,330X278,0.10282085113248907,330,128,0.10282085113248907
N,520X43,0.10280567690364356,520,266,0.10280567690364356
M,400X196,-0.1027459238135516,400,128,0.1027459238135516
N,400X132,0.10273851506279501,400,266,0.10273851506279501
L,400X38,-0.10273534948654774,400,178,0.10273534948654774
O,312X233,-0.10270172248511206,312,86,0.10270172248511206
M,400X100,0.10268947460756274,400,128,0.10268947460756274
M,344X1,0.10266427046328166,344,128,0.10266427046328166
M,220X114,-0.10265791412508118,220,128,0.10265791412508118
L,400X159,-0.10265790703756872,400,178,0.10265790703756872
N,360X659,0.10265753353341873,360,266,0.10265753353341873
L,344X99,-0.10264727464716666,344,178,0.10264727464716666
N,312X555,-0.10264195718107594,312,266,0.10264195718107594
L,220X184,0.10258974989889899,220,178,0.10258974989889899
N,300X1,-0.1025841502550933,300,266,0.1025841502550933
L,312X358,0.10257892513390357,312,178,0.10257892513390357
J,330X548,0.10256693121923416,330,142,0.10256693121923416
M,420X15,0.10256318464874217,420,128,0.10256318464874217
M,520X63,-0.10253388523260834,520,128,0.10253388523260834
J,344X257,0.10244987966294043,344,142,0.10244987966294043
M,400X75,-0.10243405087143136,400,128,0.10243405087143136
L,220X217,-0.10240922416478358,220,178,0.10240922416478358
N,330X996,0.10240788131988891,330,266,0.10240788131988891
L,311X205,0.10237837564921913,311,178,0.10237837564921913
O,312X341,0.10235062907532816,312,86,0.10235062907532816
O,344X94,0.10234437144619936,344,86,0.10234437144619936
L,210X148,0.10232700576192696,210,178,0.10232700576192696
O,330X313,-0.10232120974225006,330,86,0.10232120974225006
N,312X358,-0.10231178349485853,312,266,0.10231178349485853
M,400X193,-0.10230284154292649,400,128,0.10230284154292649
L,311X190,0.10227260478302087,311,178,0.10227260478302087
N,330X889,-0.10226911593213704,330,266,0.10226911593213704
N,330X878,-0.10226877334619335,330,266,0.10226877334619335
N,312X673,0.10224832588685434,312,266,0.10224832588685434
N,330X407,0.1022408748189654,330,266,0.1022408748189654
L,750X1278,-0.1022309285171285,750,178,0.1022309285171285
M,210X173,0.10223037643799311,210,128,0.10223037643799311
O,420X70,0.10221006186554778,420,86,0.10221006186554778
N,360X109,0.10215155524219542,360,266,0.10215155524219542
M,400X77,-0.10213113302737925,400,128,0.10213113302737925
N,340X177,-0.10212901944683551,340,266,0.10212901944683551
N,344X83,0.10209369716605345,344,266,0.10209369716605345
N,520X38,0.10209263397703366,520,266,0.10209263397703366
L,311X207,0.10206856949015604,311,178,0.10206856949015604
M,310X12,0.10206257806925802,310,128,0.10206257806925802
M,520X68,0.10205566229201542,520,128,0.10205566229201542
M,312X477,0.10202538547489434,312,128,0.10202538547489434
L,330X291,0.10197546997716903,330,178,0.10197546997716903
O,440AX145,0.10197251963803025,UNKNOWN,86,0.10197251963803025
N,312X63,0.1019592196932049,312,266,0.1019592196932049
O,330X266,0.10195742796842007,330,86,0.10195742796842007
M,750X241,-0.10193139740207044,750,128,0.10193139740207044
O,750X219,0.10192523061362421,750,86,0.10192523061362421
L,310X6,-0.10179096738789305,310,178,0.10179096738789305
N,344X77,0.10177120795371591,344,266,0.10177120795371591
L,330X630,-0.10172320368606529,330,178,0.10172320368606529
N,312X583,0.10169665666905045,312,266,0.10169665666905045
L,311X191,0.10169132855527643,311,178,0.10169132855527643
L,330X611,0.10168263470714577,330,178,0.10168263470714577
N,312X464,0.10168131050281724,312,266,0.10168131050281724
N,312X458,0.10167756147619551,312,266,0.10167756147619551
N,312X577,0.10167229338971089,312,266,0.10167229338971089
N,312X469,0.10167200551025138,312,266,0.10167200551025138
N,312X578,0.10166523952984839,312,266,0.10166523952984839
N,312X511,0.10166490440849259,312,266,0.10166490440849259
N,312X457,0.10166490440849153,312,266,0.10166490440849153
N,312X463,0.1016577058620133,312,266,0.1016577058620133
M,210X49,-0.10165753991535227,210,128,0.10165753991535227
N,312X585,0.10165538381474908,312,266,0.10165538381474908
N,312X470,0.10165399670456905,312,266,0.10165399670456905
N,312X579,0.10164025573634056,312,266,0.10164025573634056
N,312X584,0.10163069182966022,312,266,0.10163069182966022
N,312X667,0.10160930478997698,312,266,0.10160930478997698
O,330X508,-0.10156775853723242,330,86,0.10156775853723242
J,220X107,0.1015478033133223,220,142,0.1015478033133223
O,220X218,-0.101530580207214,220,86,0.101530580207214
L,310X30,-0.10152700146457724,310,178,0.10152700146457724
O,420X67,0.1015199023709638,420,86,0.1015199023709638
L,310X160,-0.10143733203138568,310,178,0.10143733203138568
N,330X1013,0.1014043045302395,330,266,0.1014043045302395
L,220X8,-0.10136825682730972,220,178,0.10136825682730972
L,400X215,-0.101350031460326,400,178,0.101350031460326
J,420X208,-0.10133865132553972,420,142,0.10133865132553972
N,360X853,-0.10132934988463267,360,266,0.10132934988463267
M,330X576,0.10132791292078426,330,128,0.10132791292078426
N,312X679,0.10128525810971802,312,266,0.10128525810971802
N,340X183,0.10128316233160298,340,266,0.10128316233160298
L,330X628,-0.10128232379956997,330,178,0.10128232379956997
J,210X107,0.101270390437218,210,142,0.101270390437218
N,330X172,0.10124555616180772,330,266,0.10124555616180772
M,210X228,0.10122973151118417,210,128,0.10122973151118417
J,520X162,-0.1012172834045406,520,142,0.1012172834045406
M,330X355,-0.10118978287782147,330,128,0.10118978287782147
O,310X27,0.10118375912824455,310,86,0.10118375912824455
M,312X770,-0.10113953177136935,312,128,0.10113953177136935
L,344X108,-0.10112177737779077,344,178,0.10112177737779077
L,750X368,-0.10103521352744496,750,178,0.10103521352744496
N,340X173,-0.10094255413667705,340,266,0.10094255413667705
O,311X199,0.10088889606257595,311,86,0.10088889606257595
N,360X1017,0.1008376390475314,360,266,0.1008376390475314
L,330X632,-0.10083461433192267,330,178,0.10083461433192267
O,312X82,-0.10081402069471271,312,86,0.10081402069471271
M,340X69,0.10076850434135512,340,128,0.10076850434135512
N,310X176,-0.10076100699646741,310,266,0.10076100699646741
N,330X990,0.1007436474818691,330,266,0.1007436474818691
O,312X637,0.10073558578255314,312,86,0.10073558578255314
O,420X71,0.10069556598342594,420,86,0.10069556598342594
M,210X203,-0.10061909038858254,210,128,0.10061909038858254
J,312X138,0.10056255644524738,312,142,0.10056255644524738
M,210X26,-0.10053512032110262,210,128,0.10053512032110262
N,312X601,-0.10052661270416498,312,266,0.10052661270416498
L,312X560,0.10051915391106889,312,178,0.10051915391106889
M,420X211,0.10051343652144484,420,128,0.10051343652144484
J,312X287,0.10051325748406476,312,142,0.10051325748406476
N,330X1227,0.10046432469493831,330,266,0.10046432469493831
N,220X108,0.10043881235177998,220,266,0.10043881235177998
N,311X171,-0.10042252668550294,311,266,0.10042252668550294
N,330X1225,0.10042097571965561,330,266,0.10042097571965561
J,520X72,0.10041657794513782,520,142,0.10041657794513782
N,330X1229,0.1003952575422024,330,266,0.1003952575422024
N,210X51,-0.10037233644974938,210,266,0.10037233644974938
N,330X993,0.10036376571068611,330,266,0.10036376571068611
M,312X207,-0.10035856627873477,312,128,0.10035856627873477
J,220X184,0.10033862904083,220,142,0.10033862904083
L,330X308,0.10030238684894678,330,178,0.10030238684894678
O,420X66,0.10027557802627883,420,86,0.10027557802627883
M,312X79,0.1002610224257454,312,128,0.1002610224257454
N,330X274,0.10024760020005663,330,266,0.10024760020005663
M,220X32,0.10018142190733093,220,128,0.10018142190733093
O,420X69,0.10017891082874228,420,86,0.10017891082874228
M,330X622,-0.10016167530579785,330,128,0.10016167530579785
J,360X447,0.10012138852910227,360,142,0.10012138852910227
J,312X699,-0.10011241455110367,312,142,0.10011241455110367
J,312X700,-0.10009394109221252,312,142,0.10009394109221252
L,750X1072,0.10007952832913795,750,178,0.10007952832913795
L,220X178,-0.1000202872595689,220,178,0.1000202872595689
M,400X192,-0.10001742789279958,400,128,0.10001742789279958
J,520X240,-0.10000216648083551,520,142,0.10000216648083551
N,360X1245,-0.09999834970748912,360,266,0.09999834970748912
N,311X54,-0.09999478509081697,311,266,0.09999478509081697
N,330X566,0.0999661563422992,330,266,0.0999661563422992
O,344X236,-0.09993658500681472,344,86,0.09993658500681472
M,330X963,0.09983203038249115,330,128,0.09983203038249115
O,360X133,-0.09981774041869414,360,86,0.09981774041869414
N,400X20,-0.09978258060117413,400,266,0.09978258060117413
M,210X171,0.09976186089875119,210,128,0.09976186089875119
L,520X18,-0.09973239985532516,520,178,0.09973239985532516
L,344X139,-0.09972628920354337,344,178,0.09972628920354337
J,310X5,0.09971137489971943,310,142,0.09971137489971943
J,330X107,0.09970750928955924,330,142,0.09970750928955924
O,400X4,0.09970307221240235,400,86,0.09970307221240235
M,210X51,-0.09969056348772543,210,128,0.09969056348772543
L,312X761,0.09965389524834575,312,178,0.09965389524834575
M,312X73,0.0996533598723702,312,128,0.0996533598723702
J,520X38,0.09960187804838072,520,142,0.09960187804838072
L,400X132,0.09959916456910439,400,178,0.09959916456910439
N,330X123,0.09959316974326052,330,266,0.09959316974326052
L,310X31,0.09954347731361822,310,178,0.09954347731361822
O,312X580,-0.09953273694436282,312,86,0.09953273694436282
O,330X966,-0.09953097858137275,330,86,0.09953097858137275
N,312X567,-0.09950571335294124,312,266,0.09950571335294124
N,520X77,-0.09949880273904295,520,266,0.09949880273904295
N,330X179,0.0994867580420895,330,266,0.0994867580420895
L,312X245,0.09947308758096829,312,178,0.09947308758096829
O,312X261,-0.0994637036103761,312,86,0.0994637036103761
L,330X580,0.0994263979374089,330,178,0.0994263979374089
M,750X23,-0.09941863749902526,750,128,0.09941863749902526
L,311X127,0.0993847172912023,311,178,0.0993847172912023
L,312X773,0.09935517730294886,312,178,0.09935517730294886
L,330X6,0.09930518057506026,330,178,0.09930518057506026
N,330X1236,-0.09930446007767166,330,266,0.09930446007767166
M,400X195,-0.0993028686889815,400,128,0.0993028686889815
N,330X1232,-0.09928667713093284,330,266,0.09928667713093284
J,520X134,0.0992707772018812,520,142,0.0992707772018812
M,ERROR:#N/A_11,-0.09925921076641579,UNKNOWN,128,0.09925921076641579
J,420X112,-0.09925540828910198,420,142,0.09925540828910198
N,330X1234,-0.09925311824601728,330,266,0.09925311824601728
J,310X175,0.09924971486931654,310,142,0.09924971486931654
M,210X201,-0.09923971646731038,210,128,0.09923971646731038
N,312X55,0.09923245631691095,312,266,0.09923245631691095
N,312X379,-0.09921001087974825,312,266,0.09921001087974825
L,330X251,0.09920981508199068,330,178,0.09920981508199068
L,220X186,0.09919250502245776,220,178,0.09919250502245776
O,520X17,-0.09918832991584661,520,86,0.09918832991584661
O,420X68,0.09918161753467704,420,86,0.09918161753467704
O,344X194,-0.0991794889456521,344,86,0.0991794889456521
O,340X185,-0.09914524691937493,340,86,0.09914524691937493
M,312X379,0.09913135600854345,312,128,0.09913135600854345
N,312X566,-0.09913046564529196,312,266,0.09913046564529196
N,210X98,-0.09909417428615391,210,266,0.09909417428615391
N,312X520,-0.0990858624657019,312,266,0.0990858624657019
N,312X478,0.09908586246570147,312,266,0.09908586246570147
J,420X72,0.09901408109268264,420,142,0.09901408109268264
M,344X208,-0.0988937853226538,344,128,0.0988937853226538
J,750X241,0.09888784079806082,750,142,0.09888784079806082
N,520X134,0.09886454975771954,520,266,0.09886454975771954
N,520X23,0.0988609788670651,520,266,0.0988609788670651
M,360X34,0.098833295047075,360,128,0.098833295047075
O,ERROR:#N/A_9,-0.09883026648066036,UNKNOWN,86,0.09883026648066036
M,344X88,0.09882673321348591,344,128,0.09882673321348591
L,400X217,-0.09881965850864041,400,178,0.09881965850864041
O,344X190,-0.09881071267099956,344,86,0.09881071267099956
J,312X267,-0.09880936182302787,312,142,0.09880936182302787
L,312X590,0.09880534576330856,312,178,0.09880534576330856
M,312X169,-0.09879847248738548,312,128,0.09879847248738548
M,400X13,0.098793491817533,400,128,0.098793491817533
L,311X188,0.09873464003448916,311,178,0.09873464003448916
M,312X90,0.09873387512446444,312,128,0.09873387512446444
O,440AX112,0.09873189161364386,UNKNOWN,86,0.09873189161364386
N,312X32,0.09871254257935502,312,266,0.09871254257935502
M,520X37,0.09870670446599286,520,128,0.09870670446599286
L,360X1321,-0.09868253431525321,360,178,0.09868253431525321
J,312X333,0.09867031342200297,312,142,0.09867031342200297
M,520X52,-0.09864003627338283,520,128,0.09864003627338283
L,400X187,-0.09863253200423876,400,178,0.09863253200423876
L,750X274,-0.09859637033719476,750,178,0.09859637033719476
M,520X41,0.09858042711769184,520,128,0.09858042711769184
L,312X167,0.0985619258641898,312,178,0.0985619258641898
J,311X153,-0.09854224832277607,311,142,0.09854224832277607
L,312X173,0.09853670907942272,312,178,0.09853670907942272
O,311X111,-0.09852699871902504,311,86,0.09852699871902504
O,750X100,0.09847172716242572,750,86,0.09847172716242572
M,360X1201,0.09843359629287925,360,128,0.09843359629287925
O,311X128,-0.09842488623041777,311,86,0.09842488623041777
J,420X80,-0.09840356182281546,420,142,0.09840356182281546
N,312X669,0.09836569191872437,312,266,0.09836569191872437
J,400X21,-0.09834244805251617,400,142,0.09834244805251617
O,310X111,-0.09827422644642199,310,86,0.09827422644642199
L,210X85,0.09825932519512214,210,178,0.09825932519512214
L,750X241,-0.09824493585039638,750,178,0.09824493585039638
N,220X15,0.09822126095280381,220,266,0.09822126095280381
L,520X62,-0.09822083757782436,520,178,0.09822083757782436
L,330X368,0.09822064985826459,330,178,0.09822064985826459
L,312X141,0.09817964041112659,312,178,0.09817964041112659
O,360X1006,0.09817649461361505,360,86,0.09817649461361505
M,330X268,0.09817517784479005,330,128,0.09817517784479005
O,344X124,-0.09816305247548493,344,86,0.09816305247548493
M,330X541,-0.09812619492578295,330,128,0.09812619492578295
M,312X723,-0.09811590720676593,312,128,0.09811590720676593
N,210X49,-0.09810984742069448,210,266,0.09810984742069448
N,312X681,0.09810960315044022,312,266,0.09810960315044022
N,344X1,0.09809075409750957,344,266,0.09809075409750957
L,330X1229,0.09808915612162272,330,178,0.09808915612162272
L,330X1225,0.09808517843563253,330,178,0.09808517843563253
L,330X1227,0.09808140104914614,330,178,0.09808140104914614
N,311X71,0.098038396871306,311,266,0.098038396871306
L,330X583,0.09801502069208849,330,178,0.09801502069208849
L,440AX134,0.09798714337100485,UNKNOWN,178,0.09798714337100485
M,312X219,-0.097974519945815,312,128,0.097974519945815
N,210X140,-0.09797328453637778,210,266,0.09797328453637778
L,750X573,-0.09797222186047685,750,178,0.09797222186047685
L,312X767,0.0979648654264605,312,178,0.0979648654264605
O,ERROR:#N/A_8,-0.09791117623369187,UNKNOWN,86,0.09791117623369187
N,360X475,-0.09791017609540531,360,266,0.09791017609540531
L,330X241,0.09790839569542495,330,178,0.09790839569542495
N,344X177,0.0979009427833949,344,266,0.0979009427833949
M,420X12,0.09789440056275717,420,128,0.09789440056275717
L,330X639,0.09788364078354841,330,178,0.09788364078354841
L,330X637,0.09788037944888654,330,178,0.09788037944888654
L,330X635,0.09787753316242004,330,178,0.09787753316242004
M,311X72,0.09782649511375337,311,128,0.09782649511375337
J,420X142,-0.09780977882950304,420,142,0.09780977882950304
N,312X95,-0.09779365562196626,312,266,0.09779365562196626
L,210X143,-0.09777808668422638,210,178,0.09777808668422638
J,520X67,0.09775976807227608,520,142,0.09775976807227608
O,330X1080,0.0977571092370666,330,86,0.0977571092370666
J,210X130,0.0977550984772233,210,142,0.0977550984772233
M,344X94,-0.09758919473697787,344,128,0.09758919473697787
M,360X176,0.09758267316433637,360,128,0.09758267316433637
M,360X1152,0.09753469234950184,360,128,0.09753469234950184
M,400X80,-0.0974961107435299,400,128,0.0974961107435299
M,400X99,0.09748086050300027,400,128,0.09748086050300027
N,312X675,0.09747886289730373,312,266,0.09747886289730373
N,344X16,-0.09746571862562986,344,266,0.09746571862562986
L,420X214,0.09745097056110619,420,178,0.09745097056110619
L,330X31,0.09743665513684571,330,178,0.09743665513684571
L,330X508,-0.097421722847244,330,178,0.097421722847244
L,330X993,0.0974088915425032,330,178,0.0974088915425032
L,750X635,-0.09740666698544513,750,178,0.09740666698544513
L,210X150,0.09740228265534252,210,178,0.09740228265534252
L,312X76,-0.09737971095996624,312,178,0.09737971095996624
N,330X1,-0.09736016097709743,330,266,0.09736016097709743
O,311X187,-0.09734806423152491,311,86,0.09734806423152491
L,330X798,-0.0973421795619565,330,178,0.0973421795619565
J,520X161,-0.09731832207057761,520,142,0.09731832207057761
M,340X163,0.09726159495907474,340,128,0.09726159495907474
M,440AX127,0.09723476082898899,UNKNOWN,128,0.09723476082898899
M,312X758,-0.0972339458026024,312,128,0.0972339458026024
M,312X210,0.09722636170610859,312,128,0.09722636170610859
J,520X58,0.09722186760441076,520,142,0.09722186760441076
M,ERROR:#N/A_15,0.09721580994642309,UNKNOWN,128,0.09721580994642309
N,330X1097,0.09721509362525818,330,266,0.09721509362525818
M,344X226,0.09712448094376717,344,128,0.09712448094376717
L,220X15,-0.09711523847524488,220,178,0.09711523847524488
L,360X541,0.09710060896854254,360,178,0.09710060896854254
J,360X1094,0.09709559245113081,360,142,0.09709559245113081
O,311X131,-0.09709301847650109,311,86,0.09709301847650109
J,312X525,0.0970628722310883,312,142,0.0970628722310883
O,312X789,-0.09704255986748977,312,86,0.09704255986748977
M,330X234,0.09703721691685481,330,128,0.09703721691685481
N,330X294,0.09702507378281816,330,266,0.09702507378281816
L,360X14,0.09702115853786825,360,178,0.09702115853786825
N,312X488,-0.0970187994826945,312,266,0.0970187994826945
L,330X1236,-0.09701642471645958,330,178,0.09701642471645958
M,312X47,0.09700784302899426,312,128,0.09700784302899426
L,330X1232,-0.09700594538451221,330,178,0.09700594538451221
L,330X1234,-0.09699449129151773,330,178,0.09699449129151773
M,750X252,-0.09696327506951448,750,128,0.09696327506951448
J,520X158,-0.09694802980940073,520,142,0.09694802980940073
N,360X743,-0.09693959827905128,360,266,0.09693959827905128
O,750X318,0.0968797720058084,750,86,0.0968797720058084
N,311X110,0.09685425341789035,311,266,0.09685425341789035
M,420X200,0.09685271266587457,420,128,0.09685271266587457
L,330X1042,0.09683395188728709,330,178,0.09683395188728709
O,311X209,0.09683380845089626,311,86,0.09683380845089626
L,330X973,0.0968205331396309,330,178,0.0968205331396309
O,330X1093,0.09680324215534544,330,86,0.09680324215534544
O,330X500,0.0967928908132309,330,86,0.0967928908132309
N,330X1010,0.0967349359084905,330,266,0.0967349359084905
N,Chamber ID,0.0967296312598016,UNKNOWN,266,0.0967296312598016
N,750X653,-0.09672876698102142,750,266,0.09672876698102142
L,420X117,-0.09665849494891576,420,178,0.09665849494891576
J,400X151,-0.09665557517596764,400,142,0.09665557517596764
L,330X288,0.09662807739102118,330,178,0.09662807739102118
M,340X165,0.09661422654439043,340,128,0.09661422654439043
N,330X26,0.0965735301107719,330,266,0.0965735301107719
M,311X210,0.09656822525476566,311,128,0.09656822525476566
J,440AX211,0.09654929498957382,UNKNOWN,142,0.09654929498957382
N,330X936,-0.09653921435136163,330,266,0.09653921435136163
L,310X13,-0.09648099432604992,310,178,0.09648099432604992
O,520X312,0.09646388683709467,520,86,0.09646388683709467
J,312X132,0.09641923766109979,312,142,0.09641923766109979
M,344X115,-0.096383876977725,344,128,0.096383876977725
L,330X271,0.09638153199352724,330,178,0.09638153199352724
M,340X61,-0.09636370913758253,340,128,0.09636370913758253
O,330X1218,-0.09635630180060066,330,86,0.09635630180060066
M,220X110,-0.09629349528928699,220,128,0.09629349528928699
M,340X125,0.09628605687914134,340,128,0.09628605687914134
M,400X34,0.09618687851920744,400,128,0.09618687851920744
M,750X198,-0.09617735960690883,750,128,0.09617735960690883
M,440AX110,0.0961653247170684,UNKNOWN,128,0.0961653247170684
N,330X23,0.09614823706647484,330,266,0.09614823706647484
L,330X258,0.09607741592902082,330,178,0.09607741592902082
N,360X329,-0.09607615409323897,360,266,0.09607615409323897
L,750X1050,0.09605885080633557,750,178,0.09605885080633557
N,360X704,0.09604949520919674,360,266,0.09604949520919674
O,520X306,0.09604821552646195,520,86,0.09604821552646195
O,310X174,0.0960348604604076,310,86,0.0960348604604076
M,312X159,0.09601460997841585,312,128,0.09601460997841585
O,330X498,-0.09593036394959097,330,86,0.09593036394959097
M,ERROR:#N/A_18,0.09591568835157942,UNKNOWN,128,0.09591568835157942
O,330X517,0.09589474942771252,330,86,0.09589474942771252
J,750X296,-0.09588833296361599,750,142,0.09588833296361599
M,520X87,0.09587983895269832,520,128,0.09587983895269832
L,330X990,0.09585759053148286,330,178,0.09585759053148286
M,312X764,-0.09580883248147576,312,128,0.09580883248147576
M,220X112,0.09579861555676938,220,128,0.09579861555676938
J,750X984,-0.09577988524748313,750,142,0.09577988524748313
J,310X44,-0.09575948599542172,310,142,0.09575948599542172
L,360X1391,0.09572822489560513,360,178,0.09572822489560513
O,420X92,-0.09570682169299487,420,86,0.09570682169299487
M,420X40,-0.09568545283606729,420,128,0.09568545283606729
O,210X19,-0.09566669063836969,210,86,0.09566669063836969
L,312X235,-0.09565080947018345,312,178,0.09565080947018345
N,312X43,0.09564831831080169,312,266,0.09564831831080169
L,330X3,0.09562702896207205,330,178,0.09562702896207205
J,312X37,-0.09560432931990075,312,142,0.09560432931990075
O,330X81,-0.09560358568477842,330,86,0.09560358568477842
M,344X236,0.09556811320959983,344,128,0.09556811320959983
J,312X91,-0.09553805699770399,312,142,0.09553805699770399
M,312X91,-0.09553805699770399,312,128,0.09553805699770399
M,312X209,-0.09550635306017907,312,128,0.09550635306017907
M,312X172,0.09550635306017907,312,128,0.09550635306017907
O,312X340,0.09549085523483267,312,86,0.09549085523483267
N,340X3,0.09546872557772071,340,266,0.09546872557772071
J,312X710,-0.0954593190005,312,142,0.0954593190005
N,330X930,-0.09545818407897945,330,266,0.09545818407897945
N,330X29,0.0954535806891599,330,266,0.0954535806891599
O,330X490,0.09542701530215647,330,86,0.09542701530215647
L,330X500,0.0953197305410606,330,178,0.0953197305410606
O,311X143,0.09526808736028433,311,86,0.09526808736028433
J,360X763,0.09526468303796931,360,142,0.09526468303796931
O,210X94,0.09522067371885927,210,86,0.09522067371885927
J,520X167,-0.0951937818806365,520,142,0.0951937818806365
M,311X149,0.09518384462824712,311,128,0.09518384462824712
O,420X194,-0.09514807626663803,420,86,0.09514807626663803
N,312X245,-0.09513180003048717,312,266,0.09513180003048717
O,400X98,0.09507750133560454,400,86,0.09507750133560454
O,312X784,-0.09504838990527792,312,86,0.09504838990527792
N,311X210,-0.09504107671860651,311,266,0.09504107671860651
J,330X401,-0.09503228111336785,330,142,0.09503228111336785
N,420X36,0.09499503712772468,420,266,0.09499503712772468
M,311X136,-0.09497666353245769,311,128,0.09497666353245769
M,360X653,0.09496159429117228,360,128,0.09496159429117228
M,220X116,0.09485092147854915,220,128,0.09485092147854915
M,520X181,0.09484631014278008,520,128,0.09484631014278008
N,330X943,-0.09477265991158272,330,266,0.09477265991158272
L,360X637,0.09474403752343158,360,178,0.09474403752343158
L,420X80,0.09471787888827629,420,178,0.09471787888827629
N,330X325,0.09471034950072837,330,266,0.09471034950072837
L,400X144,-0.09470102615533256,400,178,0.09470102615533256
M,400X118,-0.09469212699079423,400,128,0.09469212699079423
M,750X611,0.09467748217642181,750,128,0.09467748217642181
J,344X176,-0.09462357067952926,344,142,0.09462357067952926
M,344X257,-0.09460627300422864,344,128,0.09460627300422864
L,360X1050,-0.09460253814145755,360,178,0.09460253814145755
N,330X933,-0.09457398551536798,330,266,0.09457398551536798
M,312X430,-0.09455686279446025,312,128,0.09455686279446025
J,420X14,0.0944402019327465,420,142,0.0944402019327465
M,311X133,-0.09442618178109984,311,128,0.09442618178109984
L,330X305,0.09442106951568269,330,178,0.09442106951568269
L,330X517,0.0944208792692232,330,178,0.0944208792692232
L,312X143,0.09440622016023761,312,178,0.09440622016023761
M,360X702,-0.09440214555056158,360,128,0.09440214555056158
M,312X710,-0.09439656483153562,312,128,0.09439656483153562
J,312X767,-0.09439127170256445,312,142,0.09439127170256445
J,360X669,0.0943894903905837,360,142,0.0943894903905837
J,750X611,0.09438221436795595,750,142,0.09438221436795595
J,520X288,-0.09437596380962304,520,142,0.09437596380962304
L,360X1146,-0.0943334452213062,360,178,0.0943334452213062
O,520X399,-0.09429876189065352,520,86,0.09429876189065352
N,210X204,-0.09420559661378268,210,266,0.09420559661378268
J,311X130,0.094178675698179,311,142,0.094178675698179
J,311X133,-0.09416466626128647,311,142,0.09416466626128647
O,340X151,0.09412301285508916,340,86,0.09412301285508916
M,420X202,-0.09412081354635184,420,128,0.09412081354635184
M,310X38,0.09411435634210828,310,128,0.09411435634210828
M,312X559,0.09410591435595343,312,128,0.09410591435595343
M,210X217,0.09410164361647083,210,128,0.09410164361647083
L,330X697,-0.0940827196685202,330,178,0.0940827196685202
M,330X284,0.09406604839117842,330,128,0.09406604839117842
J,344X243,0.09406305950933226,344,142,0.09406305950933226
J,310X188,0.09403981531160081,310,142,0.09403981531160081
L,330X620,0.094014743101685,330,178,0.094014743101685
N,340X65,0.0939841809355627,340,266,0.0939841809355627
N,520X178,-0.09398335430993103,520,266,0.09398335430993103
L,330X691,-0.09396979374346068,330,178,0.09396979374346068
M,310X36,0.09396276819979543,310,128,0.09396276819979543
N,344X250,0.09396120243575307,344,266,0.09396120243575307
L,330X490,0.0939531820993047,330,178,0.0939531820993047
N,360X605,-0.09393428496161359,360,266,0.09393428496161359
L,330X601,0.09393170767994416,330,178,0.09393170767994416
M,340X161,0.09391399071755087,340,128,0.09391399071755087
L,520X51,0.09389869761309268,520,178,0.09389869761309268
O,400X135,-0.09389464461573822,400,86,0.09389464461573822
J,400X135,-0.09389464461573674,400,142,0.09389464461573674
L,750X532,-0.09388594785735653,750,178,0.09388594785735653
L,330X281,0.09387462205709189,330,178,0.09387462205709189
M,330X1097,0.0938565347591536,330,128,0.0938565347591536
M,344X138,-0.09385647452362206,344,128,0.09385647452362206
L,344X19,-0.09383029594868576,344,178,0.09383029594868576
O,360X141,-0.09382025293373353,360,86,0.09382025293373353
L,330X9,0.09380404842793469,330,178,0.09380404842793469
L,330X996,0.09380185928555923,330,178,0.09380185928555923
J,340X81,0.09375738823098906,340,142,0.09375738823098906
N,330X264,0.0937446854782819,330,266,0.0937446854782819
M,310X37,0.09374360917512173,310,128,0.09374360917512173
L,312X6,-0.09373816615103571,312,178,0.09373816615103571
J,344X209,0.0937290794124486,344,142,0.0937290794124486
N,311X208,-0.09370948141179247,311,266,0.09370948141179247
L,220X10,0.09367935575670111,220,178,0.09367935575670111
L,330X694,-0.09366496828789356,330,178,0.09366496828789356
M,330X274,0.0936549122762607,330,128,0.0936549122762607
N,520X129,0.09365185513478999,520,266,0.09365185513478999
J,344X212,-0.09364603432576198,344,142,0.09364603432576198
O,340X69,0.0935794894516475,340,86,0.0935794894516475
L,312X2,0.09357591870347677,312,178,0.09357591870347677
N,400X85,0.09347960895897943,400,266,0.09347960895897943
O,312X754,0.0934771829982265,312,86,0.0934771829982265
M,330X960,0.09346224358417153,330,128,0.09346224358417153
J,340X28,-0.09345181755344774,340,142,0.09345181755344774
L,312X23,-0.09342967334787015,312,178,0.09342967334787015
J,312X186,-0.09339744544215357,312,142,0.09339744544215357
L,ERROR:#N/A_20,0.09329954118378478,UNKNOWN,178,0.09329954118378478
M,312X428,-0.09328700462276839,312,128,0.09328700462276839
L,750X1039,0.09324485675490406,750,178,0.09324485675490406
J,750X133,-0.09321606432199628,750,142,0.09321606432199628
M,420X14,0.09321441223629741,420,128,0.09321441223629741
O,330X308,-0.09320539886406465,330,86,0.09320539886406465
M,330X1236,0.09318334971355463,330,128,0.09318334971355463
N,312X31,0.0931739463384847,312,266,0.0931739463384847
J,312X695,0.09317207911595343,312,142,0.09317207911595343
M,210X73,0.09316778318539932,210,128,0.09316778318539932
N,330X1016,0.09316246212635076,330,266,0.09316246212635076
M,330X1232,0.09314129499150385,330,128,0.09314129499150385
J,400X32,0.09313454055557359,400,142,0.09313454055557359
L,400X196,0.09309803209108493,400,178,0.09309803209108493
M,330X1227,-0.09305574757189343,330,128,0.09305574757189343
N,312X701,-0.09305061426341266,312,266,0.09305061426341266
M,210X104,0.09304879211569671,210,128,0.09304879211569671
M,330X1225,-0.09302540548541118,330,128,0.09302540548541118
M,330X1234,0.09301970538943706,330,128,0.09301970538943706
M,330X1229,-0.09300826856494815,330,128,0.09300826856494815
L,330X793,0.09297463726034916,330,178,0.09297463726034916
L,520X33,-0.09294966638413411,520,178,0.09294966638413411
N,311X76,0.09294307598001363,311,266,0.09294307598001363
M,312X553,0.0929388541476516,312,128,0.0929388541476516
L,344X37,0.09293252968630117,344,178,0.09293252968630117
L,360X1313,-0.09291771260866562,360,178,0.09291771260866562
N,210X67,-0.0928960899306201,210,266,0.0928960899306201
L,312X692,0.09288566205118974,312,178,0.09288566205118974
J,330X940,0.09286021030499678,330,142,0.09286021030499678
O,220X172,0.09283708842756605,220,86,0.09283708842756605
J,520X52,-0.09282885873159105,520,142,0.09282885873159105
M,312X175,-0.09281619336277792,312,128,0.09281619336277792
M,520X57,0.09278551849190206,520,128,0.09278551849190206
O,312X379,-0.09277128653925619,312,86,0.09277128653925619
M,210X115,0.09274861357036299,210,128,0.09274861357036299
O,310X156,-0.09272695380516145,310,86,0.09272695380516145
N,312X634,0.09271455111850982,312,266,0.09271455111850982
M,330X1003,0.09269637477175299,330,128,0.09269637477175299
N,400X87,0.09268868616208409,400,266,0.09268868616208409
M,220X120,0.09268192239324494,220,128,0.09268192239324494
J,312X144,0.09267564319296367,312,142,0.09267564319296367
N,210X205,-0.09261307841047788,210,266,0.09261307841047788
O,420X139,0.0925968943158769,420,86,0.0925968943158769
L,330X1198,0.09259559855553555,330,178,0.09259559855553555
O,440AX113,0.09259408884762671,UNKNOWN,86,0.09259408884762671
L,330X248,0.09259346305818156,330,178,0.09259346305818156
M,220X124,0.09259305463001967,220,128,0.09259305463001967
J,400X216,0.0925816087509264,400,142,0.0925816087509264
L,330X365,0.09254976661710508,330,178,0.09254976661710508
L,220X191,-0.092543357563471,220,178,0.092543357563471
L,312X48,0.09253564067394747,312,178,0.09253564067394747
L,330X970,0.09253395039951713,330,178,0.09253395039951713
N,312X590,-0.09246677946316775,312,266,0.09246677946316775
J,220X216,0.09243402776251153,220,142,0.09243402776251153
L,310X131,0.0924183681819198,310,178,0.0924183681819198
M,220X128,0.09237693484489064,220,128,0.09237693484489064
M,440AX148,-0.09236496847830569,UNKNOWN,128,0.09236496847830569
L,420X8,-0.09233899666629598,420,178,0.09233899666629598
L,420X50,-0.09233429079708778,420,178,0.09233429079708778
L,420X48,-0.09233087556926832,420,178,0.09233087556926832
L,420X164,-0.09233087556926761,420,178,0.09233087556926761
J,330X1261,-0.09227344981363911,330,142,0.09227344981363911
L,220X2,0.09220178644359275,220,178,0.09220178644359275
L,420X217,0.09217863032535956,420,178,0.09217863032535956
M,340X185,0.09215918436270988,340,128,0.09215918436270988
N,312X754,-0.09214600655455511,312,266,0.09214600655455511
M,210X212,-0.09212268074411381,210,128,0.09212268074411381
L,330X769,0.09209781327844369,330,178,0.09209781327844369
J,310X97,0.09207097038238479,310,142,0.09207097038238479
O,311X118,-0.09206398919122447,311,86,0.09206398919122447
M,420X114,-0.09206087549575485,420,128,0.09206087549575485
M,330X371,-0.09205390796401697,330,128,0.09205390796401697
M,330X1034,0.09203314599827551,330,128,0.09203314599827551
N,312X589,-0.0920309715331794,312,266,0.0920309715331794
J,750X653,0.09201959289974694,750,142,0.09201959289974694
L,312X350,0.09200753311673054,312,178,0.09200753311673054
M,312X554,0.09198542452482714,312,128,0.09198542452482714
J,420X79,0.09195408618013964,420,142,0.09195408618013964
M,312X220,-0.09194566413267377,312,128,0.09194566413267377
O,312X83,-0.09194537921751902,312,86,0.09194537921751902
L,330X790,0.09190649797867431,330,178,0.09190649797867431
M,330X1100,0.0918897721012422,330,128,0.0918897721012422
M,750X1164,0.09188498142713149,750,128,0.09188498142713149
L,311X92,-0.09188061274593567,311,178,0.09188061274593567
N,311X6,-0.09187599280093948,311,266,0.09187599280093948
L,210X13,-0.091864967152688,210,178,0.091864967152688
O,312X779,-0.09185201361185763,312,86,0.09185201361185763
J,312X233,0.09183640503243926,312,142,0.09183640503243926
N,344X115,0.09179923187906439,344,266,0.09179923187906439
L,750X1356,0.0917859887651591,750,178,0.0917859887651591
M,312X278,0.09177849113136859,312,128,0.09177849113136859
J,520X159,-0.09177538564492548,520,142,0.09177538564492548
O,220X217,0.0916185925131926,220,86,0.0916185925131926
M,520X159,-0.09161774871148315,520,128,0.09161774871148315
M,312X565,0.09161610591166326,312,128,0.09161610591166326
M,440AX145,0.09160357727982767,UNKNOWN,128,0.09160357727982767
N,400X89,0.09157804333110789,400,266,0.09157804333110789
O,311X130,-0.09156683495526592,311,86,0.09156683495526592
J,360X1105,-0.091533554508811,360,142,0.091533554508811
N,312X680,0.09149944187469225,312,266,0.09149944187469225
N,312X596,-0.09144686364288242,312,266,0.09144686364288242
N,312X529,-0.0914152302855169,312,266,0.0914152302855169
L,344X26,-0.09140880747308547,344,178,0.09140880747308547
M,330X1030,0.09139138632989814,330,128,0.09139138632989814
N,520X7,0.0913868353615604,520,266,0.0913868353615604
N,312X595,-0.09134851478402949,312,266,0.09134851478402949
J,344X252,0.09134697482275407,344,142,0.09134697482275407
O,360X475,0.09131668752078675,360,86,0.09131668752078675
N,312X734,0.09130578078692334,312,266,0.09130578078692334
L,330X51,-0.09128232429129318,330,178,0.09128232429129318
M,344X234,0.09127986012953633,344,128,0.09127986012953633
J,311X118,0.09125385498692141,311,142,0.09125385498692141
N,311X58,-0.09116182957822185,311,266,0.09116182957822185
N,400X86,0.0911262380535624,400,266,0.0911262380535624
J,750X1356,-0.09109906892386456,750,142,0.09109906892386456
N,520X308,-0.0910817312896932,520,266,0.0910817312896932
L,210X15,-0.09108068107326306,210,178,0.09108068107326306
J,750X1083,-0.09107298400821161,750,142,0.09107298400821161
O,360X613,0.09107143282649378,360,86,0.09107143282649378
L,ERROR:#N/A_7,-0.09105361293531532,UNKNOWN,178,0.09105361293531532
N,340X49,-0.09105122702426714,340,266,0.09105122702426714
L,330X11,-0.09100822120424608,330,178,0.09100822120424608
L,312X51,-0.09099536613517627,312,178,0.09099536613517627
L,400X37,-0.09099428132473619,400,178,0.09099428132473619
J,344X25,0.0909753514573449,344,142,0.0909753514573449
N,520X183,0.09096198838987243,520,266,0.09096198838987243
M,440AX211,0.09092505576841264,UNKNOWN,128,0.09092505576841264
M,312X311,-0.0909210952186349,312,128,0.0909210952186349
O,311X191,-0.09090632411914182,311,86,0.09090632411914182
J,344X126,-0.09088975630587898,344,142,0.09088975630587898
M,330X539,-0.0908270515102185,330,128,0.0908270515102185
L,330X21,0.09082296773285448,330,178,0.09082296773285448
L,330X555,0.09082046048132067,330,178,0.09082046048132067
L,520X321,-0.09081479990759293,520,178,0.09081479990759293
N,312X668,0.09080206575235551,312,266,0.09080206575235551
N,312X738,0.0907897510696801,312,266,0.0907897510696801
M,400X205,0.09076554211298199,400,128,0.09076554211298199
M,311X208,0.09076107763176133,311,128,0.09076107763176133
N,312X728,0.09076079730844548,312,266,0.09076079730844548
M,520X137,0.09074220015077294,520,128,0.09074220015077294
J,311X106,0.09074102250432566,311,142,0.09074102250432566
M,312X303,0.09073895348483042,312,128,0.09073895348483042
M,330X1032,0.09073377852646233,330,128,0.09073377852646233
L,330X1041,0.09072962071525474,330,178,0.09072962071525474
L,520X389,-0.09072722028277228,520,178,0.09072722028277228
N,220X224,-0.0906984407111301,220,266,0.0906984407111301
N,311X209,-0.0906929215075021,311,266,0.0906929215075021
O,340X85,0.09062561724305365,340,86,0.09062561724305365
J,210X96,0.09062087074239344,210,142,0.09062087074239344
L,330X1010,0.09061774961458074,330,178,0.09061774961458074
N,312X115,-0.09061501684951137,312,266,0.09061501684951137
J,400X22,0.09058775943027403,400,142,0.09058775943027403
L,311X30,-0.09058766041385813,311,178,0.09058766041385813
O,340X49,-0.09057399682460222,340,86,0.09057399682460222
L,400X192,0.09057397669419842,400,178,0.09057397669419842
L,311X200,-0.0905609189428746,311,178,0.0905609189428746
L,312X465,-0.0905521144249902,312,178,0.0905521144249902
J,400X144,0.0905293840115609,400,142,0.0905293840115609
J,330X960,0.0905160222985965,330,142,0.0905160222985965
N,330X130,0.09051470997563142,330,266,0.09051470997563142
M,330X537,-0.09050478300447298,330,128,0.09050478300447298
M,311X52,0.09050428607318733,311,128,0.09050428607318733
N,312X465,0.0904993209030003,312,266,0.0904993209030003
O,750X532,-0.09049526809286171,750,86,0.09049526809286171
N,312X127,-0.09046922423952958,312,266,0.09046922423952958
L,340X113,-0.0904205936018994,340,178,0.0904205936018994
L,300X4,-0.09041982899231703,300,178,0.09041982899231703
N,330X338,0.09040629087206063,330,266,0.09040629087206063
N,312X674,0.09032719919387125,312,266,0.09032719919387125
L,520X8,0.09028394705903718,520,178,0.09028394705903718
L,330X378,0.0902257751641788,330,178,0.0902257751641788
L,360X337,0.09013486188106276,360,178,0.09013486188106276
J,312X456,0.09008601790347846,312,142,0.09008601790347846
L,330X1016,0.09008372907523603,330,178,0.09008372907523603
L,312X131,0.09007517575173371,312,178,0.09007517575173371
J,344X241,0.09007390055717339,344,142,0.09007390055717339
L,344X239,0.09007333276854113,344,178,0.09007333276854113
L,312X597,0.09002175276655804,312,178,0.09002175276655804
L,312X700,0.09001701078158061,312,178,0.09001701078158061
M,ERROR:#N/A_20,0.08999229933767781,UNKNOWN,128,0.08999229933767781
J,311X33,-0.08998655415676456,311,142,0.08998655415676456
N,312X121,-0.08993388955094479,312,266,0.08993388955094479
N,340X61,-0.08992065950306184,340,266,0.08992065950306184
M,330X365,-0.08989294100993146,330,128,0.08989294100993146
N,311X212,-0.08989288533291241,311,266,0.08989288533291241
N,520X282,-0.08988304755659182,520,266,0.08988304755659182
J,520X284,0.08982617715014055,520,142,0.08982617715014055
L,360X401,0.08981096370473526,360,178,0.08981096370473526
L,360X285,0.08980055566177682,360,178,0.08980055566177682
N,310X173,-0.0897711966835377,310,266,0.0897711966835377
L,420X74,-0.08976601321398342,420,178,0.08976601321398342
J,750X645,0.08971233034270336,750,142,0.08971233034270336
M,311X33,0.08971219986138951,311,128,0.08971219986138951
L,ERROR:#N/A_17,0.0897088768924062,UNKNOWN,178,0.0897088768924062
O,310X175,0.08970258852887766,310,86,0.08970258852887766
L,210X67,-0.08968502563989693,210,178,0.08968502563989693
L,750X853,-0.08967432497013106,750,178,0.08967432497013106
L,220X197,0.08966791847485309,220,178,0.08966791847485309
O,312X260,-0.08961796904160584,312,86,0.08961796904160584
M,312X700,0.08960077734399012,312,128,0.08960077734399012
L,750X1364,-0.08959067683831334,750,178,0.08959067683831334
N,330X218,0.08958762049013098,330,266,0.08958762049013098
N,750X274,0.08942796220989367,750,266,0.08942796220989367
L,400X213,-0.08941454827713986,400,178,0.08941454827713986
L,400X214,-0.08937702308015968,400,178,0.08937702308015968
O,330X71,0.08934264137363297,330,86,0.08934264137363297
M,360X1164,0.08934009510982155,360,128,0.08934009510982155
N,344X26,0.08932040001676461,344,266,0.08932040001676461
L,344X257,-0.08931433789416876,344,178,0.08931433789416876
J,750X100,0.08928026667222509,750,142,0.08928026667222509
L,312X13,-0.089263842392869,312,178,0.089263842392869
L,344X232,-0.08924671098634375,344,178,0.08924671098634375
O,520X394,-0.08919657015699264,520,86,0.08919657015699264
N,312X90,-0.08919045607290861,312,266,0.08919045607290861
J,750X230,0.08913284542360275,750,142,0.08913284542360275
M,520X123,-0.08909521221703237,520,128,0.08909521221703237
M,312X424,0.08909442219600612,312,128,0.08909442219600612
M,360X294,-0.08907599816269628,360,128,0.08907599816269628
L,400X195,0.08906101038556875,400,178,0.08906101038556875
O,312X337,0.08905516998609705,312,86,0.08905516998609705
M,400X35,0.08905436996228855,400,128,0.08905436996228855
N,360X294,-0.0890387595131237,360,266,0.0890387595131237
L,440AX136,0.08903411679976295,UNKNOWN,178,0.08903411679976295
J,360X392,-0.08898812064710775,360,142,0.08898812064710775
O,220X55,0.08894774550727516,220,86,0.08894774550727516
N,330X428,-0.08894636077197178,330,266,0.08894636077197178
L,311X32,-0.08894597678574241,311,178,0.08894597678574241
M,400X98,0.08886304522262872,400,128,0.08886304522262872
N,312X732,0.08885737614904372,312,266,0.08885737614904372
L,400X22,0.08881290576441396,400,178,0.08881290576441396
M,344X222,0.08880822207438092,344,128,0.08880822207438092
J,312X761,-0.08875643338986075,312,142,0.08875643338986075
N,330X56,0.08874738055629686,330,266,0.08874738055629686
L,330X268,0.088717178011465,330,178,0.088717178011465
L,750X1017,0.08866470202564591,750,178,0.08866470202564591
O,330X458,0.08864590745657423,330,86,0.08864590745657423
O,311X184,0.08864243679416904,311,86,0.08864243679416904
O,311X183,0.08864243679416904,311,86,0.08864243679416904
M,520X42,0.08861475975119933,520,128,0.08861475975119933
O,310X5,-0.08861272711528546,310,86,0.08861272711528546
N,312X736,0.08859276728042471,312,266,0.08859276728042471
N,312X38,-0.08856631157015304,312,266,0.08856631157015304
O,330X216,0.0885506633121895,330,86,0.0885506633121895
N,344X106,0.08852266348249706,344,266,0.08852266348249706
N,344X239,0.08851238365810078,344,266,0.08851238365810078
J,440AX148,-0.08850732037353802,UNKNOWN,142,0.08850732037353802
N,360X447,-0.08847280456390234,360,266,0.08847280456390234
O,311X190,-0.08846881921249293,311,86,0.08846881921249293
L,330X1013,0.08846287092250296,330,178,0.08846287092250296
O,420X98,-0.08844360465060089,420,86,0.08844360465060089
M,312X85,0.08843887672120093,312,128,0.08843887672120093
M,520X260,0.08843262880926572,520,128,0.08843262880926572
O,750X165,0.08841412652675368,750,86,0.08841412652675368
N,330X104,-0.08840564403288954,330,266,0.08840564403288954
J,311X135,-0.08840447905785374,311,142,0.08840447905785374
J,420X146,-0.08835690091802959,420,142,0.08835690091802959
J,420X133,-0.08835690091792403,420,142,0.08835690091792403
L,330X238,0.08834393039208174,330,178,0.08834393039208174
O,312X791,-0.08831116287243974,312,86,0.08831116287243974
J,330X642,-0.08830078377113261,330,142,0.08830078377113261
N,312X737,0.0882747640881791,312,266,0.0882747640881791
N,312X753,-0.08824162919508112,312,266,0.08824162919508112
N,312X7,0.08822927411145895,312,266,0.08822927411145895
L,330X1037,0.08821785839254123,330,178,0.08821785839254123
J,360X696,0.08821528363746282,360,142,0.08821528363746282
L,330X1253,0.08821083954706196,330,178,0.08821083954706196
J,520X312,-0.08820581109061501,520,142,0.08820581109061501
N,340X20,0.08816024221584455,340,266,0.08816024221584455
M,344X90,0.08813139924481866,344,128,0.08813139924481866
N,750X296,0.08811804101496576,750,266,0.08811804101496576
J,310X8,0.08810971783467227,310,142,0.08810971783467227
N,311X113,0.0881083831136127,311,266,0.0881083831136127
L,312X58,-0.08806259699530933,312,178,0.08806259699530933
O,440AX135,0.08806216088009519,UNKNOWN,86,0.08806216088009519
L,400X193,0.08804567044061007,400,178,0.08804567044061007
J,344X86,0.08803190404842513,344,142,0.08803190404842513
N,360X401,0.08802648253816238,360,266,0.08802648253816238
J,520X406,-0.08800909110093724,520,142,0.08800909110093724
J,330X177,-0.08799127711651199,330,142,0.08799127711651199
O,312X421,-0.0879836142102145,312,86,0.0879836142102145
J,360X661,0.08798203091198357,360,142,0.08798203091198357
M,400X56,0.08793949378275827,400,128,0.08793949378275827
N,360X508,-0.08792910850615301,360,266,0.08792910850615301
J,750X669,-0.08792294553388147,750,142,0.08792294553388147
M,360X3,-0.08788839326116309,360,128,0.08788839326116309
N,400X90,0.08781665948083407,400,266,0.08781665948083407
O,312X171,-0.08780546818888824,312,86,0.08780546818888824
L,330X1100,0.08779680240703601,330,178,0.08779680240703601
N,750X141,0.08778049884072217,750,266,0.08778049884072217
L,420X215,0.08777069912677653,420,178,0.08777069912677653
O,330X1234,-0.08775089078746993,330,86,0.08775089078746993
J,750X1212,0.0877503829432892,750,142,0.0877503829432892
O,420X4,0.08774816261156457,420,86,0.08774816261156457
M,344X232,0.08774721343461382,344,128,0.08774721343461382
M,750X659,0.08773616706736016,750,128,0.08773616706736016
N,312X735,0.08770913935138087,312,266,0.08770913935138087
M,340X18,-0.08769194848982295,340,128,0.08769194848982295
O,420X116,0.08764952339046736,420,86,0.08764952339046736
M,220X172,-0.08764536735401085,220,128,0.08764536735401085
N,330X940,-0.0876238612416618,330,266,0.0876238612416618
J,312X773,-0.08759711036221218,312,142,0.08759711036221218
N,312X730,0.08757975151171246,312,266,0.08757975151171246
L,750X702,-0.0875193761293485,750,178,0.0875193761293485
L,330X943,-0.08751903091486939,330,178,0.08751903091486939
O,312X785,-0.08751391635962891,312,86,0.08751391635962891
N,312X744,0.0874833164241647,312,266,0.0874833164241647
M,312X7,-0.08748239035410303,312,128,0.08748239035410303
N,520X112,0.08748194472818677,520,266,0.08748194472818677
O,330X226,0.0874730141187329,330,86,0.0874730141187329
J,330X196,-0.08736349179586844,330,142,0.08736349179586844
M,312X337,0.0873621059179203,312,128,0.0873621059179203
M,330X966,0.08733824602844219,330,128,0.08733824602844219
O,330X1232,-0.08730208497477018,330,86,0.08730208497477018
L,750X508,0.08727786000908402,750,178,0.08727786000908402
M,312X160,0.08726838290159092,312,128,0.08726838290159092
L,330X1039,0.08724842293355325,330,178,0.08724842293355325
L,312X283,0.0872166086329891,312,178,0.0872166086329891
J,340X139,-0.08719092069654864,340,142,0.08719092069654864
L,210X49,-0.08717702882572749,210,178,0.08717702882572749
L,330X976,0.087164115781927,330,178,0.087164115781927
N,750X595,0.08711008251872747,750,266,0.08711008251872747
N,311X52,0.08705729062676189,311,266,0.08705729062676189
L,310X101,0.08701652872569984,310,178,0.08701652872569984
L,340X110,-0.0869994807424414,340,178,0.0869994807424414
M,311X67,0.08698325815563276,311,128,0.08698325815563276
L,400X135,0.08696181371313152,400,178,0.08696181371313152
J,220X204,0.08695229502845975,220,142,0.08695229502845975
J,420X136,0.0869295810095205,420,142,0.0869295810095205
O,312X162,0.08692948116283232,312,86,0.08692948116283232
M,312X162,0.08692948116159853,312,128,0.08692948116159853
M,330X615,-0.08692426269580335,330,128,0.08692426269580335
M,330X546,-0.08691827053252511,330,128,0.08691827053252511
J,344X151,-0.08688004135173877,344,142,0.08688004135173877
L,400X153,0.0868747904696401,400,178,0.0868747904696401
O,400X153,0.0868747904696401,400,86,0.0868747904696401
O,310X38,-0.0868747904696384,310,86,0.0868747904696384
M,420X103,0.0868747904696384,420,128,0.0868747904696384
J,310X38,-0.0868747904696384,310,142,0.0868747904696384
J,420X103,0.0868747904696384,420,142,0.0868747904696384
J,310X36,-0.08687475002105717,310,142,0.08687475002105717
O,310X36,-0.08687475002105717,310,86,0.08687475002105717
O,310X37,-0.08687456121801652,310,86,0.08687456121801652
J,310X37,-0.08687456121801652,310,142,0.08687456121801652
M,210X175,0.08682390309499953,210,128,0.08682390309499953
O,330X1236,-0.08680792751744022,330,86,0.08680792751744022
M,312X427,0.08678386772982027,312,128,0.08678386772982027
O,360X25,0.08676021019482467,360,86,0.08676021019482467
L,330X946,-0.08675827768358295,330,178,0.08675827768358295
L,750X595,-0.0867437438449259,750,178,0.0867437438449259
M,312X308,-0.08672629680868256,312,128,0.08672629680868256
N,312X554,-0.08670262457653964,312,266,0.08670262457653964
N,330X53,0.08669136734304568,330,266,0.08669136734304568
L,330X940,-0.08669093412071377,330,178,0.08669093412071377
J,330X167,-0.08668126777717311,330,142,0.08668126777717311
L,310X99,-0.08665356800944082,310,178,0.08665356800944082
O,344X192,0.08662843221926013,344,86,0.08662843221926013
J,400X86,-0.08661720317752955,400,142,0.08661720317752955
L,330X1218,0.08660909803185038,330,178,0.08660909803185038
L,312X260,-0.08660330550731528,312,178,0.08660330550731528
O,330X206,0.08659346964171502,330,86,0.08659346964171502
J,311X66,-0.08657236598582703,311,142,0.08657236598582703
O,344X191,0.08656382076768457,344,86,0.08656382076768457
L,330X81,0.08655770006901711,330,178,0.08655770006901711
M,330X597,0.08655622556774412,330,128,0.08655622556774412
O,420X112,0.08654698130669801,420,86,0.08654698130669801
O,420X154,-0.0865012970785675,420,86,0.0865012970785675
L,400X117,0.08647009665825595,400,178,0.08647009665825595
M,330X251,0.08646201676090672,330,128,0.08646201676090672
L,210X51,-0.08642600004317434,210,178,0.08642600004317434
M,420X198,-0.08640477708498306,420,128,0.08640477708498306
L,420X34,0.08640254373858029,420,178,0.08640254373858029
N,340X2,0.08634762197688152,340,266,0.08634762197688152
M,311X192,0.08630317975262043,311,128,0.08630317975262043
O,420X124,0.0862864221924414,420,86,0.0862864221924414
M,312X102,0.08625010503385779,312,128,0.08625010503385779
L,312X486,-0.08624290021600238,312,178,0.08624290021600238
O,420X108,-0.08621144015258388,420,86,0.08621144015258388
L,312X79,-0.08619390438951699,312,178,0.08619390438951699
L,330X1097,0.08619311332179436,330,178,0.08619311332179436
N,400X88,0.08616470312427074,400,266,0.08616470312427074
L,311X86,0.0861581783811597,311,178,0.0861581783811597
J,311X62,-0.08614411382079792,311,142,0.08614411382079792
M,520X432,-0.08611717725228095,520,128,0.08611717725228095
J,520X281,0.0861032739865154,520,142,0.0861032739865154
M,330X1000,0.08607410112450065,330,128,0.08607410112450065
J,400X204,0.08603543523057934,400,142,0.08603543523057934
L,220X32,0.0860326783553997,220,178,0.0860326783553997
J,520X237,-0.08602747207394992,520,142,0.08602747207394992
N,330X890,-0.08602295639194805,330,266,0.08602295639194805
L,330X318,0.0860143310966054,330,178,0.0860143310966054
M,312X692,0.08600453536045197,312,128,0.08600453536045197
N,312X388,-0.0859969396777216,312,266,0.0859969396777216
L,344X20,-0.08596407437720437,344,178,0.08596407437720437
L,330X956,0.08596120343786205,330,178,0.08596120343786205
J,520X305,0.08592598487222217,520,142,0.08592598487222217
N,330X51,-0.08591297364542454,330,266,0.08591297364542454
O,312X753,0.08590268200012921,312,86,0.08590268200012921
L,312X102,0.08589711891010617,312,178,0.08589711891010617
L,312X631,-0.08588800939352974,312,178,0.08588800939352974
N,330X618,0.08585991117901703,330,266,0.08585991117901703
M,310X132,0.08582323641425527,310,128,0.08582323641425527
N,312X246,-0.08577541745292416,312,266,0.08577541745292416
L,330X388,0.08564185267652427,330,178,0.08564185267652427
N,312X729,0.08562587962992893,312,266,0.08562587962992893
L,420X37,0.08560879084614172,420,178,0.08560879084614172
N,312X96,-0.08558296134990091,312,266,0.08558296134990091
J,750X1364,0.08557886211959524,750,142,0.08557886211959524
N,330X986,0.08557003766682424,330,266,0.08557003766682424
N,312X731,0.08556450213208508,312,266,0.08556450213208508
N,340X27,-0.08555418532255868,340,266,0.08555418532255868
L,312X73,-0.08554850116912292,312,178,0.08554850116912292
M,360X645,0.08554354669076748,360,128,0.08554354669076748
N,310X147,0.08553897700980172,310,266,0.08553897700980172
O,344X156,0.08551841978355071,344,86,0.08551841978355071
M,311X143,0.08547237080272643,311,128,0.08547237080272643
J,400X194,-0.08546693407515386,400,142,0.08546693407515386
M,344X255,-0.08543407581571966,344,128,0.08543407581571966
N,330X595,0.08539736825077641,330,266,0.08539736825077641
L,220X218,0.08538536043078383,220,178,0.08538536043078383
O,330X1229,0.08538336698755629,330,86,0.08538336698755629
N,330X468,-0.08538101400432567,330,266,0.08538101400432567
O,330X1225,0.08536675073735372,330,86,0.08536675073735372
O,330X147,0.08534147464144425,330,86,0.08534147464144425
O,330X1227,0.08533732319463708,330,86,0.08533732319463708
M,312X699,-0.08532169082111936,312,128,0.08532169082111936
M,312X361,0.08526732126271884,312,128,0.08526732126271884
L,420X81,0.08522065634004593,420,178,0.08522065634004593
M,330X98,-0.08521224840902898,330,128,0.08521224840902898
M,400X16,0.08512880000102298,400,128,0.08512880000102298
L,360X1305,-0.08505845669655357,360,178,0.08505845669655357
N,330X609,0.08504420803938181,330,266,0.08504420803938181
L,750X741,0.08502701743940376,750,178,0.08502701743940376
M,330X1103,0.08502637148861163,330,128,0.08502637148861163
M,220X31,0.08501949242634013,220,128,0.08501949242634013
L,312X137,0.08495799960244188,312,178,0.08495799960244188
O,210X75,0.08493364251877868,210,86,0.08493364251877868
N,311X77,-0.0849316094299545,311,266,0.0849316094299545
O,220X196,-0.08492224485649874,220,86,0.08492224485649874
M,311X115,-0.08491555994844256,311,128,0.08491555994844256
M,220X118,-0.08491192868824468,220,128,0.08491192868824468
L,344X234,0.08489998754026565,344,178,0.08489998754026565
M,312X488,0.08489317622334883,312,128,0.08489317622334883
N,750X565,0.08488592302081596,750,266,0.08488592302081596
M,520X160,-0.08484419105743894,520,128,0.08484419105743894
M,330X527,-0.08483561784794434,330,128,0.08483561784794434
M,210X46,0.08483245259249327,210,128,0.08483245259249327
N,330X137,0.08482811466629346,330,266,0.08482811466629346
L,750X447,-0.08478713395418103,750,178,0.08478713395418103
O,210X76,-0.08477178001445897,210,86,0.08477178001445897
N,520X102,0.08476813570724011,520,266,0.08476813570724011
L,330X278,0.0847349198891355,330,178,0.0847349198891355
O,310X163,0.08470266375372182,310,86,0.08470266375372182
L,330X913,0.08469944581017509,330,178,0.08469944581017509
L,750X1297,0.08469644163014038,750,178,0.08469644163014038
N,312X691,-0.08463867545613403,312,266,0.08463867545613403
O,310X150,0.08460615494100175,310,86,0.08460615494100175
O,310X207,-0.0846029400756656,310,86,0.0846029400756656
L,210X140,-0.08458438333564292,210,178,0.08458438333564292
M,520X158,-0.084571617892321,520,128,0.084571617892321
N,360X741,-0.08456198289292198,360,266,0.08456198289292198
L,360X987,-0.08456081857254479,360,178,0.08456081857254479
N,312X385,-0.08449741034187935,312,266,0.08449741034187935
L,360X1072,-0.08448867899138846,360,178,0.08448867899138846
M,210X44,0.0844396274604759,210,128,0.0844396274604759
N,420X144,-0.08442813576944411,420,266,0.08442813576944411
L,312X210,-0.08442185080459447,312,178,0.08442185080459447
N,330X602,0.0844123361794495,330,266,0.0844123361794495
J,520X178,0.0843849946659824,520,142,0.0843849946659824
M,440AX109,0.08437602175418715,UNKNOWN,128,0.08437602175418715
J,400X141,0.0843703197724763,400,142,0.0843703197724763
N,311X25,-0.08435709777166278,311,266,0.08435709777166278
L,330X1166,-0.084349231890716,330,178,0.084349231890716
N,330X348,0.084343916126621,330,266,0.084343916126621
N,312X6,0.08434040403262588,312,266,0.08434040403262588
N,312X120,-0.08433930245346379,312,266,0.08433930245346379
L,360X1127,-0.0843378694137965,360,178,0.0843378694137965
M,210X41,-0.08433518600247525,210,128,0.08433518600247525
M,311X140,0.0843351455322754,311,128,0.0843351455322754
N,312X531,-0.08432127829655363,312,266,0.08432127829655363
O,520X314,-0.08431199160763686,520,86,0.08431199160763686
M,312X60,0.08430813064504819,312,128,0.08430813064504819
M,750X230,-0.08430164896973033,750,128,0.08430164896973033
L,330X950,0.08430151376016085,330,178,0.08430151376016085
J,440AX131,-0.08426926902878101,UNKNOWN,142,0.08426926902878101
J,312X760,-0.0842666462703837,312,142,0.0842666462703837
M,312X566,0.08424089870601997,312,128,0.08424089870601997
N,311X26,-0.08417361307841591,311,266,0.08417361307841591
J,312X112,0.08416174931644324,312,142,0.08416174931644324
N,750X637,-0.08414593591699557,750,266,0.08414593591699557
N,360X434,0.08414540282742772,360,266,0.08414540282742772
M,360X359,0.08412917905137102,360,128,0.08412917905137102
O,220X177,0.08411411122433157,220,86,0.08411411122433157
M,750X763,-0.08410961164381636,750,128,0.08410961164381636
L,360X263,0.08410041187044624,360,178,0.08410041187044624
O,311X103,-0.0840918203832279,311,86,0.0840918203832279
O,311X107,-0.08409182038322789,311,86,0.08409182038322789
M,312X765,-0.08405854292318082,312,128,0.08405854292318082
M,520X6,-0.08404890902441646,520,128,0.08404890902441646
J,ERROR:#N/A_11,-0.08403139446372875,UNKNOWN,142,0.08403139446372875
M,400X12,0.08400403858774724,400,128,0.08400403858774724
N,312X114,-0.08397907320312764,312,266,0.08397907320312764
N,312X740,0.08396164763240857,312,266,0.08396164763240857
J,520X327,0.08390893995923998,520,142,0.08390893995923998
J,400X87,-0.08388618668287955,400,142,0.08388618668287955
L,520X406,-0.08387170856216315,520,178,0.08387170856216315
M,311X139,0.08382794156643096,311,128,0.08382794156643096
N,312X640,0.08381133525967642,312,266,0.08381133525967642
N,330X59,0.08380946834798483,330,266,0.08380946834798483
N,340X29,-0.0837919392866181,340,266,0.0837919392866181
O,330X157,0.08378725979867493,330,86,0.08378725979867493
L,330X592,0.08378265707712251,330,178,0.08378265707712251
O,312X465,0.08377217900222653,312,86,0.08377217900222653
L,420X140,0.08376469396948404,420,178,0.08376469396948404
N,520X238,-0.0837611631888845,520,266,0.0837611631888845
N,312X530,-0.08376073931443354,312,266,0.08376073931443354
L,360X621,0.08375343954611408,360,178,0.08375343954611408
L,330X375,0.08370935207675631,330,178,0.08370935207675631
L,330X910,0.08368937318645665,330,178,0.08368937318645665
L,330X231,0.08367198817596792,330,178,0.08367198817596792
N,330X950,0.08366647982900574,330,266,0.08366647982900574
J,344X1,-0.08365796378792542,344,142,0.08365796378792542
L,312X361,0.08364654342340568,312,178,0.08364654342340568
N,330X1100,0.08364139486838648,330,266,0.08364139486838648
J,312X94,0.08362450145559489,312,142,0.08362450145559489
N,312X481,-0.08361301228628346,312,266,0.08361301228628346
M,360X401,0.08352850421762373,360,128,0.08352850421762373
N,312X742,0.08351044147738347,312,266,0.08351044147738347
J,312X426,-0.08345781915436988,312,142,0.08345781915436988
O,311X25,-0.08342771513214382,311,86,0.08342771513214382
M,750X219,-0.08342560985729511,750,128,0.08342560985729511
O,311X26,-0.08341916499832956,311,86,0.08341916499832956
N,312X382,-0.08341551805590446,312,266,0.08341551805590446
L,312X445,0.08341221440537681,312,178,0.08341221440537681
N,330X956,0.08341150656099489,330,266,0.08341150656099489
N,420X120,0.08339934057394582,420,266,0.08339934057394582
O,310X14,0.08337412163363545,310,86,0.08337412163363545
O,330X1166,-0.08337046861406477,330,86,0.08337046861406477
M,420X138,-0.08336976120685066,420,128,0.08336976120685066
J,440AX2,-0.08336409442088263,UNKNOWN,142,0.08336409442088263
M,311X189,-0.08335101773668213,311,128,0.08335101773668213
N,312X126,-0.08334847578359159,312,266,0.08334847578359159
L,400X111,0.08333185245920648,400,178,0.08333185245920648
N,344X90,-0.08332840199726467,344,266,0.08332840199726467
N,210X95,-0.08332293978934786,210,266,0.08332293978934786
J,311X212,0.0833194916100725,311,142,0.0833194916100725
N,310X151,0.0833133231204525,310,266,0.0833133231204525
J,312X717,-0.08329434999154212,312,142,0.08329434999154212
O,312X790,-0.08322793827784543,312,86,0.08322793827784543
O,420X120,-0.08321629222135303,420,86,0.08321629222135303
M,360X348,0.08318639167895404,360,128,0.08318639167895404
O,400X145,0.08318114599840168,400,86,0.08318114599840168
L,360X629,0.08315323360213536,360,178,0.08315323360213536
L,330X897,0.08315227823570526,330,178,0.08315227823570526
L,330X527,-0.08314600674460451,330,178,0.08314600674460451
O,312X84,-0.08313501250002883,312,86,0.08313501250002883
N,312X89,-0.08312394088724516,312,266,0.08312394088724516
N,520X31,-0.08307310899613468,520,266,0.08307310899613468
N,520X83,0.0830661844577736,520,266,0.0830661844577736
N,312X588,-0.08305725787990867,312,266,0.08305725787990867
L,312X129,0.0830297398962159,312,178,0.0830297398962159
L,312X175,0.0830262097667208,312,178,0.0830262097667208
O,750X141,0.0829998520226177,750,86,0.0829998520226177
M,400X124,0.08299632914544545,400,128,0.08299632914544545
J,520X102,0.08296867649846254,520,142,0.08296867649846254
M,Chamber ID,-0.0829300074747894,UNKNOWN,128,0.0829300074747894
N,400X15,0.0829259820800364,400,266,0.0829259820800364
N,520X314,-0.08291875141999572,520,266,0.08291875141999572
M,220X9,-0.08291003308077154,220,128,0.08291003308077154
N,330X198,0.0828933629636949,330,266,0.0828933629636949
M,750X645,-0.08289251504520567,750,128,0.08289251504520567
L,400X115,0.08289209186301302,400,178,0.08289209186301302
M,330X562,0.08288716631559845,330,128,0.08288716631559845
N,310X60,-0.08287319449953304,310,266,0.08287319449953304
N,310X84,-0.08287315916310121,310,266,0.08287315916310121
N,310X68,-0.08287313756228967,310,266,0.08287313756228967
N,310X76,-0.08287307287520829,310,266,0.08287307287520829
N,310X56,-0.08287302912316172,310,266,0.08287302912316172
N,310X80,-0.08287300364164871,310,266,0.08287300364164871
N,310X64,-0.0828729965499968,310,266,0.0828729965499968
N,310X72,-0.08287299062552608,310,266,0.08287299062552608
N,330X980,0.08286958381232704,330,266,0.08286958381232704
J,520X82,0.08285671586737983,520,142,0.08285671586737983
N,330X254,0.08281984928935941,330,266,0.08281984928935941
L,360X1297,-0.08281900806069363,360,178,0.08281900806069363
N,312X600,-0.0827762743271408,312,266,0.0827762743271408
N,330X31,0.08277369159054714,330,266,0.08277369159054714
L,330X953,0.0827400617650104,330,178,0.0827400617650104
N,330X418,-0.08272347597631216,330,266,0.08272347597631216
M,420X197,-0.08271308813744903,420,128,0.08271308813744903
L,330X519,-0.08268761655576111,330,178,0.08268761655576111
O,330X1087,0.08267823793107501,330,86,0.08267823793107501
N,360X117,-0.08264626648173547,360,266,0.08264626648173547
N,330X953,0.0826050133479753,330,266,0.0826050133479753
J,420X138,-0.08257859758473242,420,142,0.08257859758473242
M,220X132,0.08254501758000764,220,128,0.08254501758000764
O,311X165,0.08254449520436362,311,86,0.08254449520436362
L,330X358,0.08253038483787564,330,178,0.08253038483787564
M,344X178,-0.08249410154807177,344,128,0.08249410154807177
L,312X253,-0.0824789784889665,312,178,0.0824789784889665
N,750X995,-0.08246669765035877,750,266,0.08246669765035877
N,330X1042,0.08245998284448619,330,266,0.08245998284448619
O,330X140,0.08243926603729154,330,86,0.08243926603729154
L,330X916,0.08242404817986893,330,178,0.08242404817986893
L,312X388,0.0823983662366392,312,178,0.0823983662366392
J,400X88,-0.08239169785052791,400,142,0.08239169785052791
M,400X97,0.08238360869168465,400,128,0.08238360869168465
L,420X210,0.0823761612505017,420,178,0.0823761612505017
M,310X163,-0.0823759116975838,310,128,0.0823759116975838
J,520X323,0.08226264379637006,520,142,0.08226264379637006
L,311X94,-0.08223763654872508,311,178,0.08223763654872508
M,420X117,-0.08223133401376825,420,128,0.08223133401376825
M,340X181,-0.08222320331017552,340,128,0.08222320331017552
O,400X216,-0.08221920746485752,400,86,0.08221920746485752
L,312X52,-0.08221069650579658,312,178,0.08221069650579658
L,312X207,0.08219615093513004,312,178,0.08219615093513004
L,310X158,0.08218809603888337,310,178,0.08218809603888337
L,220X28,0.08217720692582514,220,178,0.08217720692582514
L,330X587,0.08211899433951492,330,178,0.08211899433951492
L,311X223,0.08211030798559293,311,178,0.08211030798559293
J,330X699,0.08207225228795131,330,142,0.08207225228795131
L,360X1094,-0.08204775725655503,360,178,0.08204775725655503
L,312X290,0.08203819968559391,312,178,0.08203819968559391
O,312X529,0.08201440493564553,312,86,0.08201440493564553
N,520X309,-0.08200734208859738,520,266,0.08200734208859738
L,330X29,0.08200385034778365,330,178,0.08200385034778365
M,ERROR:#N/A_4,0.0819789175742456,UNKNOWN,128,0.0819789175742456
L,330X546,-0.08197440246897743,330,178,0.08197440246897743
J,210X102,0.08197262181626376,210,142,0.08197262181626376
N,420X215,0.08196653254978746,420,266,0.08196653254978746
J,330X1256,-0.08195393522237218,330,142,0.08195393522237218
M,330X1221,-0.08193771568522176,330,128,0.08193771568522176
N,360X776,-0.08188822889911317,360,266,0.08188822889911317
N,360X261,-0.08184783969020011,360,266,0.08184783969020011
L,420X150,-0.08176019914022595,420,178,0.08176019914022595
N,220X6,-0.08175960702005558,220,266,0.08175960702005558
M,312X54,-0.08170763612682996,312,128,0.08170763612682996
L,310X23,0.08169926464771157,310,178,0.08169926464771157
L,520X16,-0.08165455695907435,520,178,0.08165455695907435
M,312X88,0.08164670974822891,312,128,0.08164670974822891
J,311X65,-0.08157917702659633,311,142,0.08157917702659633
J,312X772,-0.08154400328702203,312,142,0.08154400328702203
M,330X571,0.08153247431585486,330,128,0.08153247431585486
L,750X285,-0.0815293130668085,750,178,0.0815293130668085
M,420X141,-0.08152463562003508,420,128,0.08152463562003508
M,344X252,-0.08152334764180519,344,128,0.08152334764180519
L,360X47,0.08151682569328313,360,178,0.08151682569328313
O,344X123,-0.08149158578213712,344,86,0.08149158578213712
J,360X613,-0.0814871160399468,360,142,0.0814871160399468
J,400X85,-0.0814791559307298,400,142,0.0814791559307298
N,310X150,0.08145419003419918,310,266,0.08145419003419918
N,330X311,0.08137180212918865,330,266,0.08137180212918865
N,312X741,0.08133342038310235,312,266,0.08133342038310235
L,330X1103,0.0813136820351931,330,178,0.0813136820351931
O,520X308,0.08130072457800931,520,86,0.08130072457800931
L,312X65,0.08129383381463756,312,178,0.08129383381463756
J,311X63,-0.08129263914137326,311,142,0.08129263914137326
L,330X537,-0.08128725134468473,330,178,0.08128725134468473
L,330X104,0.0812774760119183,330,178,0.0812774760119183
M,312X279,0.08124232859251612,312,128,0.08124232859251612
L,330X348,0.08123780836439658,330,178,0.08123780836439658
J,330X946,0.08122908376187392,330,142,0.08122908376187392
O,400X169,-0.08122575815550233,400,86,0.08122575815550233
O,400X124,-0.0812158057691641,400,86,0.0812158057691641
M,312X290,-0.0812110009461052,312,128,0.0812110009461052
N,220X176,0.08120411157968073,220,266,0.08120411157968073
M,520X315,0.08117086549150751,520,128,0.08117086549150751
O,400X60,-0.08117050018569004,400,86,0.08117050018569004
L,330X328,0.08116422553753626,330,178,0.08116422553753626
M,312X89,0.08115662335223707,312,128,0.08115662335223707
L,312X89,0.08112112077584802,312,178,0.08112112077584802
L,312X643,-0.08111736663098175,312,178,0.08111736663098175
O,750X155,-0.08108986520582732,750,86,0.08108986520582732
J,340X138,-0.08108752894205794,340,142,0.08108752894205794
O,311X188,-0.08107555486394466,311,86,0.08107555486394466
M,330X578,0.08105990426611563,330,128,0.08105990426611563
L,310X154,0.0810560188556111,310,178,0.0810560188556111
N,520X8,-0.08100787612824946,520,266,0.08100787612824946
L,312X340,0.08100521322684232,312,178,0.08100521322684232
J,330X218,-0.0809712842258266,330,142,0.0809712842258266
O,360X1212,-0.08096237110226895,360,86,0.08096237110226895
N,520X32,-0.08094536900648057,520,266,0.08094536900648057
N,312X380,-0.08093708278434306,312,266,0.08093708278434306
L,312X77,-0.08091255682890655,312,178,0.08091255682890655
J,330X126,0.08090761942663438,330,142,0.08090761942663438
O,750X776,-0.08086398576414575,750,86,0.08086398576414575
L,360X274,0.08082382868842179,360,178,0.08082382868842179
O,310X157,0.0808160371131216,310,86,0.0808160371131216
L,360X1329,-0.08077730294923974,360,178,0.08077730294923974
N,520X137,-0.08076486706188314,520,266,0.08076486706188314
O,330X516,-0.08073770978032863,330,86,0.08073770978032863
O,750X133,0.08069894715342882,750,86,0.08069894715342882
N,312X553,-0.08067219423405352,312,266,0.08067219423405352
J,400X89,-0.0806471215659809,400,142,0.0806471215659809
J,520X283,0.08064469169249329,520,142,0.08064469169249329
J,340X29,-0.0806436979959033,340,142,0.0806436979959033
L,210X19,-0.08062763814722644,210,178,0.08062763814722644
J,312X286,0.08059472356461367,312,142,0.08059472356461367
M,312X101,0.0805905980939128,312,128,0.0805905980939128
O,310X206,0.08058087619722813,310,86,0.08058087619722813
L,360X80,-0.08057925331232789,360,178,0.08057925331232789
N,750X155,-0.08053633485654556,750,266,0.08053633485654556
M,210X43,-0.08053246187440541,210,128,0.08053246187440541
M,344X239,0.08053145860888235,344,128,0.08053145860888235
N,312X477,-0.08053104481443753,312,266,0.08053104481443753
L,312X334,0.08053092186365994,312,178,0.08053092186365994
L,330X895,0.08051279156767936,330,178,0.08051279156767936
L,220X169,-0.08050526477808907,220,178,0.08050526477808907
M,311X212,0.0805051929364251,311,128,0.0805051929364251
L,520X52,0.08048223400417129,520,178,0.08048223400417129
L,330X23,0.08048113313104799,330,178,0.08048113313104799
O,311X141,0.08045312109838482,311,86,0.08045312109838482
N,312X743,0.08043090700672016,312,266,0.08043090700672016
M,312X771,-0.08041820938704645,312,128,0.08041820938704645
O,312X267,0.08040191097717259,312,86,0.08040191097717259
N,311X169,-0.08040026626449691,311,266,0.08040026626449691
J,312X289,0.08039365856126084,312,142,0.08039365856126084
N,330X946,-0.08038429734754528,330,266,0.08038429734754528
J,340X27,-0.080353623748984,340,142,0.080353623748984
O,330X409,-0.0803436782645556,330,86,0.0803436782645556
J,312X430,-0.08033778568251139,312,142,0.08033778568251139
O,312X268,0.08032400688623498,312,86,0.08032400688623498
J,312X711,-0.08030915824709785,312,142,0.08030915824709785
M,750X14,-0.08030690393828913,750,128,0.08030690393828913
J,312X766,-0.0802842036950044,312,142,0.0802842036950044
N,750X785,-0.0802657396816903,750,266,0.0802657396816903
J,330X234,-0.08021172010413181,330,142,0.08021172010413181
O,210X184,0.08020348646030877,210,86,0.08020348646030877
L,400X20,0.0801912679644026,400,178,0.0801912679644026
L,312X356,0.08017908593226988,312,178,0.08017908593226988
L,330X893,0.08013806807079585,330,178,0.08013806807079585
M,400X140,-0.08011122519666798,400,128,0.08011122519666798
L,360X885,0.08011020324460127,360,178,0.08011020324460127
O,420X150,-0.0801049338563798,420,86,0.0801049338563798
L,360X69,-0.08007815611786559,360,178,0.08007815611786559
L,312X389,0.08006101132074163,312,178,0.08006101132074163
L,520X267,-0.07998280588213037,520,178,0.07998280588213037
N,330X983,0.07992998712361253,330,266,0.07992998712361253
L,312X70,-0.0799272431494761,312,178,0.0799272431494761
O,400X84,-0.07986315437387738,400,86,0.07986315437387738
O,210X104,0.07983316800478313,210,86,0.07983316800478313
L,311X51,0.0798266567278901,311,178,0.0798266567278901
N,311X107,0.07980103351531247,311,266,0.07980103351531247
J,330X133,0.07980036529377463,330,142,0.07980036529377463
L,330X71,-0.07977743125449575,330,178,0.07977743125449575
N,340X151,0.07975156449922054,340,266,0.07975156449922054
N,400X121,-0.0797478073286513,400,266,0.0797478073286513
J,420X77,-0.07973131986100629,420,142,0.07973131986100629
L,520X169,0.07971544373978988,520,178,0.07971544373978988
M,360X984,-0.07971256193956733,360,128,0.07971256193956733
L,330X315,0.07971213140778698,330,178,0.07971213140778698
N,360X677,-0.07970773677267219,360,266,0.07970773677267219
O,312X682,0.07968328745631614,312,86,0.07968328745631614
N,344X235,0.07968254811314837,344,266,0.07968254811314837
L,360X1356,-0.07965078940406395,360,178,0.07965078940406395
L,344X147,0.07962926207986436,344,178,0.07962926207986436
L,312X37,0.07962155860522326,312,178,0.07962155860522326
N,400X170,-0.0796027793681815,400,266,0.0796027793681815
L,344X163,0.07958424172317304,344,178,0.07958424172317304
J,344X213,0.07958182671871665,344,142,0.07958182671871665
N,312X442,-0.07954699728394785,312,266,0.07954699728394785
J,312X722,-0.07954578602633135,312,142,0.07954578602633135
N,330X61,-0.07953991601051814,330,266,0.07953991601051814
L,312X704,0.07953891690299733,312,178,0.07953891690299733
L,310X113,0.07950897413072956,310,178,0.07950897413072956
L,311X153,0.07950567762405794,311,178,0.07950567762405794
J,311X61,-0.07947742389212438,311,142,0.07947742389212438
O,312X71,-0.07947226001277036,312,86,0.07947226001277036
M,330X348,-0.07946358823435909,330,128,0.07946358823435909
O,750X263,0.07939592813848348,750,86,0.07939592813848348
M,312X283,0.07939034020108351,312,128,0.07939034020108351
N,330X448,-0.07938407073942584,330,266,0.07938407073942584
N,312X565,-0.07938305264825832,312,266,0.07938305264825832
M,520X397,0.07938251113196787,520,128,0.07938251113196787
M,330X1006,0.07935665114793207,330,128,0.07935665114793207
L,520X63,-0.07935262921070334,520,178,0.07935262921070334
L,344X94,-0.07931406463642016,344,178,0.07931406463642016
L,312X327,-0.0793054085854764,312,178,0.0793054085854764
O,312X327,-0.0793054085854764,312,86,0.0793054085854764
L,344X49,-0.07929028639064649,344,178,0.07929028639064649
L,344X173,-0.07929028639025178,344,178,0.07929028639025178
L,ERROR:#N/A_10,-0.07929028639025115,UNKNOWN,178,0.07929028639025115
J,520X23,0.07926288223547573,520,142,0.07926288223547573
O,400X158,0.07925557734872984,400,86,0.07925557734872984
M,400X158,0.07925557734872984,400,128,0.07925557734872984
J,400X158,0.07925557734872984,400,142,0.07925557734872984
M,520X394,0.0791981345642008,520,128,0.0791981345642008
L,220X3,-0.07919061185706686,220,178,0.07919061185706686
L,344X96,-0.07918698291282343,344,178,0.07918698291282343
M,312X287,0.07917890987649381,312,128,0.07917890987649381
O,312X165,-0.07917030906526591,312,86,0.07917030906526591
N,311X152,-0.07915155838034633,311,266,0.07915155838034633
L,310X171,-0.0791313314887716,310,178,0.0791313314887716
N,312X594,-0.07912925220005343,312,266,0.07912925220005343
M,312X267,0.0790618503101596,312,128,0.0790618503101596
J,210X63,0.0790542815856422,210,142,0.0790542815856422
N,440AX115,0.07904826296996018,UNKNOWN,266,0.07904826296996018
J,520X258,0.07903299463727324,520,142,0.07903299463727324
M,330X902,0.07902424101095012,330,128,0.07902424101095012
L,360X1364,0.0789967051107667,360,178,0.0789967051107667
L,330X403,-0.07899576303028545,330,178,0.07899576303028545
J,520X88,0.07899068814869382,520,142,0.07899068814869382
J,210X136,0.07896963433620377,210,142,0.07896963433620377
M,312X268,0.07895978522076913,312,128,0.07895978522076913
L,330X26,0.07894769330320107,330,178,0.07894769330320107
L,312X267,0.078910821281639,312,178,0.078910821281639
L,220X70,-0.07886890281662783,220,178,0.07886890281662783
N,312X262,0.07886732804788617,312,266,0.07886732804788617
M,330X288,0.07884698242163463,330,128,0.07884698242163463
M,310X153,-0.07881457424663463,310,128,0.07881457424663463
L,330X510,-0.07875518201068477,330,178,0.07875518201068477
M,312X168,0.07875136607985671,312,128,0.07875136607985671
J,312X219,-0.07870936374678278,312,142,0.07870936374678278
L,750X582,-0.07869590095045115,750,178,0.07869590095045115
L,520X315,-0.07868565293536724,520,178,0.07868565293536724
M,360X230,0.0786594438333777,360,128,0.0786594438333777
M,330X41,0.07864990110687754,330,128,0.07864990110687754
J,310X13,-0.07859494367236583,310,142,0.07859494367236583
N,330X107,0.07858994218531817,330,266,0.07858994218531817
N,400X140,-0.07857985221597474,400,266,0.07857985221597474
J,440AX133,0.07857887347872942,UNKNOWN,142,0.07857887347872942
N,312X690,-0.07857194803938398,312,266,0.07857194803938398
O,420X115,0.07856666326402073,420,86,0.07856666326402073
L,520X394,0.07855529256286467,520,178,0.07855529256286467
N,330X897,0.07855518191571251,330,266,0.07855518191571251
L,310X2,0.0785441144488432,310,178,0.0785441144488432
O,400X7,-0.07852714259360474,400,86,0.07852714259360474
J,312X723,-0.07851534171378491,312,142,0.07851534171378491
J,312X340,-0.07850377687394752,312,142,0.07850377687394752
O,344X115,-0.07849360329469547,344,86,0.07849360329469547
O,400X219,-0.07848078485589269,400,86,0.07848078485589269
O,400X9,-0.07848024898334484,400,86,0.07848024898334484
O,400X97,0.07847402219181734,400,86,0.07847402219181734
L,312X489,-0.07847108700645773,312,178,0.07847108700645773
L,312X75,-0.07845255885287718,312,178,0.07845255885287718
O,400X65,-0.07843403463914152,400,86,0.07843403463914152
M,420X133,-0.07843224126016607,420,128,0.07843224126016607
M,420X146,-0.07843224125987164,420,128,0.07843224125987164
O,344X79,-0.07842766755223574,344,86,0.07842766755223574
L,330X296,-0.07840953138091755,330,178,0.07840953138091755
L,312X17,-0.07840819190076241,312,178,0.07840819190076241
O,750X885,0.07840618695650954,750,86,0.07840618695650954
M,330X613,-0.07837682957547763,330,128,0.07837682957547763
J,330X119,0.07837329210065797,330,142,0.07837329210065797
M,344X96,-0.07837163094708186,344,128,0.07837163094708186
L,312X87,0.0783707187713108,312,178,0.0783707187713108
N,330X284,0.07837040799886441,330,266,0.07837040799886441
J,340X194,0.07834836909207549,340,142,0.07834836909207549
O,400X25,-0.07828527806005675,400,86,0.07828527806005675
O,400X133,0.07828234773819154,400,86,0.07828234773819154
L,344X255,-0.07825418739067126,344,178,0.07825418739067126
J,344X245,0.078226546950673,344,142,0.078226546950673
O,344X173,0.07821230663487294,344,86,0.07821230663487294
O,ERROR:#N/A_10,0.07821230663487262,UNKNOWN,86,0.07821230663487262
O,344X49,0.07821230663466597,344,86,0.07821230663466597
L,750X1127,0.07820659346275567,750,178,0.07820659346275567
N,520X243,-0.07820517282340075,520,266,0.07820517282340075
L,750X584,-0.07819396552955563,750,178,0.07819396552955563
J,520X41,0.07818365277832602,520,142,0.07818365277832602
L,312X78,-0.07818191513479016,312,178,0.07818191513479016
M,344X221,0.07814776531868761,344,128,0.07814776531868761
M,420X33,0.07811684558370309,420,128,0.07811684558370309
M,312X440,-0.07811377595177392,312,128,0.07811377595177392
L,311X10,-0.07809652561499704,311,178,0.07809652561499704
L,311X33,-0.07809344606027442,311,178,0.07809344606027442
N,360X685,-0.07803728424472106,360,266,0.07803728424472106
N,312X199,-0.07802657967986051,312,266,0.07802657967986051
O,210X93,0.0780189546844489,210,86,0.0780189546844489
L,520X396,0.07801076646039022,520,178,0.07801076646039022
O,210X72,0.07800322540723473,210,86,0.07800322540723473
N,520X260,-0.07799939882297911,520,266,0.07799939882297911
M,330X1157,0.07799035986805278,330,128,0.07799035986805278
L,400X133,0.07795199020171131,400,178,0.07795199020171131
L,520X407,-0.0779475246174613,520,178,0.0779475246174613
L,344X208,-0.07793227686135021,344,178,0.07793227686135021
L,312X244,-0.07792226695584231,312,178,0.07792226695584231
L,330X566,0.07792108144091311,330,178,0.07792108144091311
L,360X1383,0.07791822714686926,360,178,0.07791822714686926
M,210X114,0.07788058120954623,210,128,0.07788058120954623
N,360X125,-0.07781334741268521,360,266,0.07781334741268521
L,750X653,-0.07780385979959153,750,178,0.07780385979959153
M,312X260,0.07778226163563066,312,128,0.07778226163563066
N,440AX139,0.07777814022050447,UNKNOWN,266,0.07777814022050447
L,210X171,-0.07775311659788198,210,178,0.07775311659788198
L,330X109,0.07774841760700904,330,178,0.07774841760700904
N,330X169,0.0777433505789165,330,266,0.0777433505789165
J,311X208,0.0777007456584692,311,142,0.0777007456584692
M,750X629,-0.07769175394335266,750,128,0.07769175394335266
M,344X97,-0.07767565898977445,344,128,0.07767565898977445
L,312X193,-0.0776718868758713,312,178,0.0776718868758713
L,420X19,0.077607027630541,420,178,0.077607027630541
N,340X108,-0.0775605411525854,340,266,0.0775605411525854
N,360X669,-0.07749770569758853,360,266,0.07749770569758853
L,750X704,-0.07748225451051825,750,178,0.07748225451051825
L,330X385,0.07745282219056555,330,178,0.07745282219056555
L,330X806,-0.07744879016062796,330,178,0.07744879016062796
L,360X659,-0.07744036364419574,360,178,0.07744036364419574
N,312X357,-0.07742758482750661,312,266,0.07742758482750661
M,420X199,-0.07742670718212821,420,128,0.07742670718212821
L,360X155,0.07741168235963453,360,178,0.07741168235963453
O,210X185,0.07737894040473901,210,86,0.07737894040473901
O,400X168,-0.07736349076527436,400,86,0.07736349076527436
L,360X645,0.0773289444697079,360,178,0.0773289444697079
L,750X645,-0.07730720039846443,750,178,0.07730720039846443
M,312X722,-0.07729255815767003,312,128,0.07729255815767003
L,310X103,-0.07720677100111617,310,178,0.07720677100111617
O,520X305,0.0772028145305814,520,86,0.0772028145305814
L,312X85,-0.07719268503415358,312,178,0.07719268503415358
L,400X228,-0.0771429979641402,400,178,0.0771429979641402
N,311X151,-0.07713853819888737,311,266,0.07713853819888737
L,312X233,-0.07709021295466495,312,178,0.07709021295466495
J,750X425,0.07708018098341801,750,142,0.07708018098341801
N,400X142,-0.07707352149851686,400,266,0.07707352149851686
N,312X559,-0.07702960613783057,312,266,0.07702960613783057
N,330X246,0.0769492261401414,330,266,0.0769492261401414
L,312X69,-0.07694512988216616,312,178,0.07694512988216616
L,330X1187,0.07693867642402728,330,178,0.07693867642402728
M,220X175,0.07692363842478424,220,128,0.07692363842478424
L,312X446,-0.07691201876809875,312,178,0.07691201876809875
L,312X772,0.07690462769536237,312,178,0.07690462769536237
O,220X193,-0.07688388788876425,220,86,0.07688388788876425
M,520X16,-0.07687063198631568,520,128,0.07687063198631568
O,330X403,0.07683927438001012,330,86,0.07683927438001012
L,330X1191,0.07682691645637658,330,178,0.07682691645637658
O,312X469,-0.07680174236656788,312,86,0.07680174236656788
O,312X585,-0.07679694241128789,312,86,0.07679694241128789
M,750X637,-0.07679556740283594,750,128,0.07679556740283594
L,520X405,-0.07679397142011889,520,178,0.07679397142011889
O,312X458,-0.07679255357734123,312,86,0.07679255357734123
O,312X583,-0.07678728714155017,312,86,0.07678728714155017
O,312X511,-0.07678033519844418,312,86,0.07678033519844418
O,312X457,-0.07678033519844396,312,86,0.07678033519844396
O,312X470,-0.07677911234748536,312,86,0.07677911234748536
O,312X577,-0.07676810497200379,312,86,0.07676810497200379
L,330X438,-0.07675670541775033,330,178,0.07675670541775033
O,312X578,-0.07675057682522811,312,86,0.07675057682522811
O,312X579,-0.0767492346745586,312,86,0.0767492346745586
L,311X88,0.07673438615771176,311,178,0.07673438615771176
L,520X17,-0.07672944171189497,520,178,0.07672944171189497
O,312X464,-0.07672899045430215,312,86,0.07672899045430215
M,312X759,-0.0767108161147649,312,128,0.0767108161147649
O,312X584,-0.07670310869423963,312,86,0.07670310869423963
L,310X105,0.07669136796073987,310,178,0.07669136796073987
O,312X463,-0.07668805873316939,312,86,0.07668805873316939
L,520X262,-0.07668206754199743,520,178,0.07668206754199743
J,360X1061,-0.07666331618121319,360,142,0.07666331618121319
M,312X171,-0.07666264227668126,312,128,0.07666264227668126
M,311X29,0.07666261746361484,311,128,0.07666261746361484
N,750X307,0.07656142335025595,750,266,0.07656142335025595
J,312X137,0.07652632962908903,312,142,0.07652632962908903
M,311X18,0.0764897139261447,311,128,0.0764897139261447
O,400X27,-0.07646167417517453,400,86,0.07646167417517453
J,420X205,-0.07645452876968628,420,142,0.07645452876968628
L,312X716,0.07643905076955104,312,178,0.07643905076955104
M,312X292,0.07642808143321575,312,128,0.07642808143321575
N,210X214,-0.07640487410132615,210,266,0.07640487410132615
O,440AX146,0.0763856073598867,UNKNOWN,86,0.0763856073598867
N,330X114,0.07638161281686358,330,266,0.07638161281686358
N,330X405,0.07637210237474465,330,266,0.07637210237474465
O,400X61,-0.07637001818329635,400,86,0.07637001818329635
L,344X235,0.07633644609941502,344,178,0.07633644609941502
N,520X285,-0.07633572691169951,520,266,0.07633572691169951
O,400X64,-0.07630039301252099,400,86,0.07630039301252099
L,ERROR:#N/A_18,-0.0762958391369336,UNKNOWN,178,0.0762958391369336
N,330X893,0.07627487635827089,330,266,0.07627487635827089
N,330X973,0.07626701953918176,330,266,0.07626701953918176
O,330X1077,0.0762392322679716,330,86,0.0762392322679716
L,210X93,0.07623280213605109,210,178,0.07623280213605109
N,520X265,-0.07623043702788339,520,266,0.07623043702788339
M,312X87,0.07622944230221194,312,128,0.07622944230221194
L,330X1189,0.07619772379665844,330,178,0.07619772379665844
J,520X315,-0.07612989588397273,520,142,0.07612989588397273
L,312X339,-0.07606562597859075,312,178,0.07606562597859075
N,340X125,-0.0760576009846529,340,266,0.0760576009846529
L,312X144,0.07605709799892454,312,178,0.07605709799892454
N,330X256,0.0760393385640356,330,266,0.0760393385640356
N,340X28,-0.07602709620999679,340,266,0.07602709620999679
O,340X186,-0.07601602906941597,340,86,0.07601602906941597
L,520X403,-0.07599644589716051,520,178,0.07599644589716051
N,330X548,0.0759834726934083,330,266,0.0759834726934083
N,210X184,0.07597578893766822,210,266,0.07597578893766822
N,330X358,0.0759741529066537,330,266,0.0759741529066537
O,340X20,-0.07593834388658843,340,86,0.07593834388658843
N,312X289,-0.07592818572258722,312,266,0.07592818572258722
M,420X108,0.07589322054377068,420,128,0.07589322054377068
J,360X702,-0.07587536805788507,360,142,0.07587536805788507
O,400X123,-0.07587508870531806,400,86,0.07587508870531806
L,520X390,-0.07584085429393456,520,178,0.07584085429393456
L,340X183,0.07583651244163735,340,178,0.07583651244163735
M,750X669,-0.07582033032155157,750,128,0.07582033032155157
O,420X31,-0.07581742241123066,420,86,0.07581742241123066
N,400X139,-0.07581721214571255,400,266,0.07581721214571255
N,400X138,-0.07581721214571249,400,266,0.07581721214571249
N,750X532,0.07581217297188038,750,266,0.07581217297188038
N,520X332,0.0757884041947313,520,266,0.0757884041947313
O,330X510,0.07577702048356014,330,86,0.07577702048356014
N,312X36,-0.07576532325511537,312,266,0.07576532325511537
N,330X16,0.07574320583626684,330,266,0.07574320583626684
J,360X241,-0.0756436191266178,360,142,0.0756436191266178
M,340X99,0.07564309138575719,340,128,0.07564309138575719
N,311X82,0.07558277184298277,311,266,0.07558277184298277
L,330X608,0.07556565683974638,330,178,0.07556565683974638
N,312X471,-0.07553044210380166,312,266,0.07553044210380166
M,520X161,-0.07550920138682475,520,128,0.07550920138682475
N,330X236,0.07550735918472376,330,266,0.07550735918472376
J,360X425,-0.07546302627501593,360,142,0.07546302627501593
O,330X305,-0.0754590372388717,330,86,0.0754590372388717
J,420X148,-0.07542188893662109,420,142,0.07542188893662109
J,750X263,0.0754058322011827,750,142,0.0754058322011827
N,210X24,0.07540183010825964,210,266,0.07540183010825964
N,312X429,-0.07539067778009205,312,266,0.07539067778009205
N,312X755,-0.07539067778008796,312,266,0.07539067778008796
L,330X1249,0.07537881631966672,330,178,0.07537881631966672
L,210X220,-0.07536902806042232,210,178,0.07536902806042232
L,330X618,0.07534958832484674,330,178,0.07534958832484674
N,312X373,-0.07533947074847921,312,266,0.07533947074847921
J,520X86,0.07533937447150697,520,142,0.07533937447150697
M,330X630,0.07527644741112977,330,128,0.07527644741112977
M,220X191,-0.07527509055689942,220,128,0.07527509055689942
L,210X52,0.07524940883192709,210,178,0.07524940883192709
J,312X752,-0.07522440973894508,312,142,0.07522440973894508
M,312X421,0.07516480949084546,312,128,0.07516480949084546
L,440AX131,0.07516412775141405,UNKNOWN,178,0.07516412775141405
L,520X309,-0.07515334526901712,520,178,0.07515334526901712
M,311X155,0.07513265683851995,311,128,0.07513265683851995
L,312X27,0.07511773834547664,312,178,0.07511773834547664
M,750X318,0.07511593698487196,750,128,0.07511593698487196
L,520X387,-0.0750917637917054,520,178,0.0750917637917054
L,312X379,0.07509154041051426,312,178,0.07509154041051426
M,312X724,-0.07506568217577124,312,128,0.07506568217577124
J,750X185,-0.07505743538945936,750,142,0.07505743538945936
L,520X404,-0.07505690121654005,520,178,0.07505690121654005
J,360X1356,0.07505664899100686,360,142,0.07505664899100686
L,420X211,0.07504605339604282,420,178,0.07504605339604282
L,330X800,-0.07502508586643102,330,178,0.07502508586643102
L,330X325,0.0750153677640958,330,178,0.0750153677640958
O,330X105,0.0749912041386936,330,86,0.0749912041386936
L,210X224,-0.07494786778230801,210,178,0.07494786778230801
L,210X222,-0.07494786778230798,210,178,0.07494786778230798
L,210X221,-0.07494786778230791,210,178,0.07494786778230791
L,210X218,-0.07494786778230791,210,178,0.07494786778230791
M,330X900,0.07493032155888878,330,128,0.07493032155888878
M,311X76,0.07492986224982423,311,128,0.07492986224982423
N,311X85,0.07492746859391447,311,266,0.07492746859391447
L,400X123,0.07492252555782956,400,178,0.07492252555782956
O,330X296,0.07491644805023197,330,86,0.07491644805023197
O,400X114,0.07490012880045863,400,86,0.07490012880045863
J,330X966,0.07487586818789756,330,142,0.07487586818789756
L,330X590,0.0748755921914324,330,178,0.0748755921914324
O,312X786,-0.07484825033379897,312,86,0.07484825033379897
L,330X294,0.07481996673123828,330,178,0.07481996673123828
N,330X1189,0.07481837419647201,330,266,0.07481837419647201
M,312X425,-0.07480696796381622,312,128,0.07480696796381622
N,330X438,-0.07478077791653273,330,266,0.07478077791653273
O,210X147,0.07477487317316701,210,86,0.07477487317316701
O,312X72,-0.07477281481575457,312,86,0.07477281481575457
J,400X90,-0.0747670648512661,400,142,0.0747670648512661
O,312X331,0.07474880300695223,312,86,0.07474880300695223
M,330X583,0.07471470160876753,330,128,0.07471470160876753
M,330X241,0.07469849579178868,330,128,0.07469849579178868
N,400X218,-0.07467827161227386,400,266,0.07467827161227386
N,400X57,-0.07466042934905333,400,266,0.07466042934905333
L,330X355,0.07463463763454341,330,178,0.07463463763454341
L,344X97,-0.07462968526885327,344,178,0.07462968526885327
J,340X85,0.07461430951295404,340,142,0.07461430951295404
N,311X17,0.07460739044842674,311,266,0.07460739044842674
L,312X132,0.07460257767766756,312,178,0.07460257767766756
J,330X689,0.07458720575124572,330,142,0.07458720575124572
L,330X345,0.07451975249918877,330,178,0.07451975249918877
N,400X98,0.07448964441533915,400,266,0.07448964441533915
L,420X212,0.07448941613010018,420,178,0.07448941613010018
N,312X219,0.07446867134643854,312,266,0.07446867134643854
L,750X637,-0.07446294251015344,750,178,0.07446294251015344
L,750X669,-0.0744194992738541,750,178,0.0744194992738541
J,420X81,-0.0744117809444028,420,142,0.0744117809444028
L,420X208,0.07438921020229804,420,178,0.07438921020229804
L,310X109,0.0743596116550607,310,178,0.0743596116550607
L,344X79,0.0743324193079575,344,178,0.0743324193079575
M,520X162,-0.07430503208923227,520,128,0.07430503208923227
J,210X61,0.07429430908364436,210,142,0.07429430908364436
M,750X111,0.0742716873179386,750,128,0.0742716873179386
N,311X165,-0.07424426699705482,311,266,0.07424426699705482
O,311X88,0.07420023161459745,311,86,0.07420023161459745
N,400X117,-0.07417975191021768,400,266,0.07417975191021768
J,520X71,0.0741788899538431,520,142,0.0741788899538431
M,312X334,0.07417825723845187,312,128,0.07417825723845187
J,420X78,-0.07416340693076869,420,142,0.07416340693076869
M,312X121,0.07415473660023635,312,128,0.07415473660023635
L,520X388,-0.07414665710763868,520,178,0.07414665710763868
M,310X23,0.07407160754897864,310,128,0.07407160754897864
L,330X49,-0.07405331256724816,330,178,0.07405331256724816
N,520X258,-0.07402447146225101,520,266,0.07402447146225101
J,400X15,-0.07401120495502983,400,142,0.07401120495502983
L,750X327,-0.07401044738555598,750,178,0.07401044738555598
O,330X112,0.07397196308581526,330,86,0.07397196308581526
J,312X26,0.07396959990396491,312,142,0.07396959990396491
N,330X970,0.07392870739801077,330,266,0.07392870739801077
M,312X114,0.0739069812847633,312,128,0.0739069812847633
N,330X244,0.07387322224406173,330,266,0.07387322224406173
L,312X357,0.07382278310280486,312,178,0.07382278310280486
O,360X885,0.07382277800159638,360,86,0.07382277800159638
O,750X565,-0.07380599931362049,750,86,0.07380599931362049
O,360X436,-0.07380488771191285,360,86,0.07380488771191285
J,520X66,0.07380024890973766,520,142,0.07380024890973766
J,210X124,-0.07378463569023119,210,142,0.07378463569023119
M,440AX131,-0.07378434407000345,UNKNOWN,128,0.07378434407000345
L,312X337,-0.07378335162730722,312,178,0.07378335162730722
M,400X135,0.07377436362664774,400,128,0.07377436362664774
L,312X54,-0.07376116048949137,312,178,0.07376116048949137
L,344X174,0.07375174075400581,344,178,0.07375174075400581
O,420X205,-0.07374546193128081,420,86,0.07374546193128081
O,750X436,0.0737166881625407,750,86,0.0737166881625407
N,360X661,-0.0737108701910125,360,266,0.0737108701910125
L,312X72,-0.07366110619252,312,178,0.07366110619252
J,344X225,0.07365772374858005,344,142,0.07365772374858005
L,344X230,0.07363840927372924,344,178,0.07363840927372924
M,400X156,0.07362375969830713,400,128,0.07362375969830713
O,750X499,0.07361832562797382,750,86,0.07361832562797382
L,220X173,-0.07361066595907548,220,178,0.07361066595907548
L,750X1383,-0.07359865375497071,750,178,0.07359865375497071
J,312X386,0.07359444570753751,312,142,0.07359444570753751
M,330X628,0.07358389866255889,330,128,0.07358389866255889
N,400X134,0.07357018739699515,400,266,0.07357018739699515
N,330X1187,0.07355844235873171,330,266,0.07355844235873171
O,311X211,-0.07351698529661362,311,86,0.07351698529661362
N,344X56,0.0735116965259903,344,266,0.0735116965259903
J,312X376,-0.07347397235107594,312,142,0.07347397235107594
O,360X565,0.07345954716547386,360,86,0.07345954716547386
M,330X552,-0.073450205803309,330,128,0.073450205803309
L,312X637,-0.07344864064005328,312,178,0.07344864064005328
L,360X702,0.07344841348584086,360,178,0.07344841348584086
N,330X462,-0.0734119638538025,330,266,0.0734119638538025
L,420X216,0.07340672604591375,420,178,0.07340672604591375
O,750X252,0.07338471967473961,750,86,0.07338471967473961
L,344X236,0.07337347649316439,344,178,0.07337347649316439
N,210X185,0.0733721846111781,210,266,0.0733721846111781
N,420X28,-0.07336632984614042,420,266,0.07336632984614042
O,344X252,0.07330781648371859,344,86,0.07330781648371859
L,330X98,0.07327238129468085,330,178,0.07327238129468085
N,312X87,-0.07326814817773301,312,266,0.07326814817773301
N,311X183,0.07326403639156692,311,266,0.07326403639156692
N,311X184,0.07326403639155757,311,266,0.07326403639155757
L,440AX210,-0.0732594803968846,UNKNOWN,178,0.0732594803968846
L,344X168,-0.0732579210990732,344,178,0.0732579210990732
L,520X3,-0.07325483911810872,520,178,0.07325483911810872
L,312X760,0.07325178767027146,312,178,0.07325178767027146
M,330X904,0.07324809693249043,330,128,0.07324809693249043
L,310X10,0.073224957104543,310,178,0.073224957104543
L,312X373,0.073221356848978,312,178,0.073221356848978
L,330X276,-0.07321910994832181,330,178,0.07321910994832181
L,330X522,-0.07317476953517912,330,178,0.07317476953517912
L,312X385,0.07315807333403458,312,178,0.07315807333403458
N,400X14,0.07313229253094303,400,266,0.07313229253094303
O,330X616,0.0730826103833503,330,86,0.0730826103833503
M,312X580,0.07302804190978542,312,128,0.07302804190978542
L,330X966,-0.07301667132217443,330,178,0.07301667132217443
L,330X803,-0.07301247011693669,330,178,0.07301247011693669
L,330X264,0.07299624782249269,330,178,0.07299624782249269
L,440AX2,-0.07298936640492266,UNKNOWN,178,0.07298936640492266
N,360X133,-0.07295223533571249,360,266,0.07295223533571249
L,312X145,0.07293598415762448,312,178,0.07293598415762448
L,330X286,-0.07293045392345575,330,178,0.07293045392345575
L,312X376,0.07292475648002235,312,178,0.07292475648002235
M,330X983,0.07283090887329076,330,128,0.07283090887329076
L,210X106,0.0728298302365274,210,178,0.0728298302365274
N,330X162,0.07281357479095568,330,266,0.07281357479095568
L,330X311,0.0728087787061166,330,178,0.0728087787061166
M,312X697,0.07280068710469179,312,128,0.07280068710469179
L,311X95,-0.0727759764123673,311,178,0.0727759764123673
N,330X1191,0.0727672942032337,330,266,0.0727672942032337
N,330X976,0.07275040091638661,330,266,0.07275040091638661
M,330X294,0.07274496039928356,330,128,0.07274496039928356
M,750X69,0.07274262971397948,750,128,0.07274262971397948
N,420X160,0.07270602220031125,420,266,0.07270602220031125
M,330X632,0.07268385401177037,330,128,0.07268385401177037
M,344X199,0.07266630202770805,344,128,0.07266630202770805
J,311X112,0.07266605479310687,311,142,0.07266605479310687
N,312X145,-0.07265303131040922,312,266,0.07265303131040922
L,310X33,0.0726335523005288,310,178,0.0726335523005288
N,330X266,0.07260434557743271,330,266,0.07260434557743271
L,310X157,-0.07258738674106922,310,178,0.07258738674106922
M,312X115,0.07258242583565296,312,128,0.07258242583565296
L,220X170,0.07257623085283453,220,178,0.07257623085283453
J,312X281,0.07255994125898077,312,142,0.07255994125898077
L,520X167,0.07253155928640685,520,178,0.07253155928640685
M,330X21,-0.07252866525489331,330,128,0.07252866525489331
N,330X335,0.07252538074039722,330,266,0.07252538074039722
L,330X1221,0.07251711303062046,330,178,0.07251711303062046
L,330X266,-0.07251132252564324,330,178,0.07251132252564324
L,360X335,0.07250953809258047,360,178,0.07250953809258047
M,312X285,-0.07249028657219735,312,128,0.07249028657219735
M,312X712,-0.07248957763658258,312,128,0.07248957763658258
N,360X58,0.07245687092809845,360,266,0.07245687092809845
N,750X1391,-0.07245172534370997,750,266,0.07245172534370997
M,330X790,-0.07239985695065337,330,128,0.07239985695065337
M,330X793,-0.07239196096292737,330,128,0.07239196096292737
J,312X27,-0.07238259527755277,312,142,0.07238259527755277
N,520X326,0.07236154637478562,520,266,0.07236154637478562
N,330X286,0.0723451788335271,330,266,0.0723451788335271
L,312X133,0.07232711925871733,312,178,0.07232711925871733
J,311X155,0.07232395152510254,311,142,0.07232395152510254
N,210X172,0.07231508619128027,210,266,0.07231508619128027
M,344X147,-0.07231302651632328,344,128,0.07231302651632328
L,420X1,0.07229832183327761,420,178,0.07229832183327761
L,312X374,0.07224349157711879,312,178,0.07224349157711879
L,312X375,0.07216728428828875,312,178,0.07216728428828875
N,400X205,0.0721625257505066,400,266,0.0721625257505066
L,520X293,-0.07214908521574596,520,178,0.07214908521574596
J,312X759,-0.07212047467995716,312,142,0.07212047467995716
N,312X27,-0.0721162757897462,312,266,0.0721162757897462
L,750X434,-0.07211397356765575,750,178,0.07211397356765575
N,330X276,0.07210838359417444,330,266,0.07210838359417444
J,360X1364,-0.07209922727209712,360,142,0.07209922727209712
L,ERROR:#N/A_1 (#2),0.07209581505373185,UNKNOWN,178,0.07209581505373185
N,400X5,-0.07209304477956334,400,266,0.07209304477956334
N,330X188,-0.07208815705638684,330,266,0.07208815705638684
J,520X285,0.07202270964429221,520,142,0.07202270964429221
J,520X42,0.07200549275558558,520,142,0.07200549275558558
L,330X228,0.0720033193998446,330,178,0.0720033193998446
M,520X174,0.07199241181052295,520,128,0.07199241181052295
N,360X327,0.07198132289896453,360,266,0.07198132289896453
L,520X47,-0.07197582979599577,520,178,0.07197582979599577
O,311X195,-0.07197181901124694,311,86,0.07197181901124694
N,360X228,-0.07195102678992167,360,266,0.07195102678992167
J,210X110,0.07193974283375823,210,142,0.07193974283375823
N,750X14,-0.07192063577430294,750,266,0.07192063577430294
J,210X104,0.07190480022296421,210,142,0.07190480022296421
L,330X432,-0.07186580942430235,330,178,0.07186580942430235
N,400X82,-0.0718242110262674,400,266,0.0718242110262674
J,330X973,-0.07178011461715651,330,142,0.07178011461715651
M,312X120,0.07175271416794735,312,128,0.07175271416794735
N,750X263,0.07174646560894392,750,266,0.07174646560894392
O,312X265,0.07173165747214412,312,86,0.07173165747214412
N,400X19,-0.07172917294419622,400,266,0.07172917294419622
N,312X160,-0.07172561397397519,312,266,0.07172561397397519
N,360X477,-0.07169765431779711,360,266,0.07169765431779711
N,340X21,0.07169649105617565,340,266,0.07169649105617565
M,420X88,0.07169487424269301,420,128,0.07169487424269301
M,311X194,0.07167370151104803,311,128,0.07167370151104803
J,311X127,0.07167058817770126,311,142,0.07167058817770126
M,520X290,-0.07166467588088188,520,128,0.07166467588088188
L,420X228,0.07165877929227484,420,178,0.07165877929227484
J,210X67,-0.0716397488511855,210,142,0.0716397488511855
M,210X124,-0.07162680658815014,210,128,0.07162680658815014
J,340X165,-0.07162500675287409,340,142,0.07162500675287409
J,312X771,-0.07159788742057537,312,142,0.07159788742057537
L,520X391,-0.07158676342538876,520,178,0.07158676342538876
L,312X331,0.07157255152065065,312,178,0.07157255152065065
L,220X118,-0.07156677693605612,220,178,0.07156677693605612
L,344X27,-0.07155233695403104,344,178,0.07155233695403104
M,344X253,-0.07154507567576847,344,128,0.07154507567576847
O,210X110,0.07150540924760736,210,86,0.07150540924760736
L,312X475,-0.07149025264269068,312,178,0.07149025264269068
L,330X61,-0.07147447692242051,330,178,0.07147447692242051
L,520X61,-0.07146409032020574,520,178,0.07146409032020574
M,330X1080,-0.07142605652871968,330,128,0.07142605652871968
O,210X100,0.07141940672315017,210,86,0.07141940672315017
L,420X144,0.07141234718225165,420,178,0.07141234718225165
J,311X134,-0.07140489560947942,311,142,0.07140489560947942
O,330X328,0.07139713671195523,330,86,0.07139713671195523
L,330X371,0.07138428502898604,330,178,0.07138428502898604
L,520X263,-0.0713794731021584,520,178,0.0713794731021584
J,750X763,0.07137261786201794,750,142,0.07137261786201794
J,210X101,0.07136349989916047,210,142,0.07136349989916047
L,330X960,-0.07136266361889707,330,178,0.07136266361889707
L,312X139,0.07136243667008375,312,178,0.07136243667008375
M,312X127,0.07134138041803069,312,128,0.07134138041803069
L,311X197,-0.07134063512467463,311,178,0.07134063512467463
M,344X78,0.07131408325875892,344,128,0.07131408325875892
L,312X154,-0.07131182655023491,312,178,0.07131182655023491
M,210X108,0.07122818691158378,210,128,0.07122818691158378
J,312X131,0.07121602875258509,312,142,0.07121602875258509
M,210X101,0.07119591085406102,210,128,0.07119591085406102
O,360X829,0.07117388247350465,360,86,0.07117388247350465
L,210X92,0.07116008896311046,210,178,0.07116008896311046
J,210X92,0.07116008896311046,210,142,0.07116008896311046
O,210X92,0.07116008896311046,210,86,0.07116008896311046
M,420X134,-0.07114254891911664,420,128,0.07114254891911664
J,311X190,0.07110534402361529,311,142,0.07110534402361529
M,312X65,0.07110490429135687,312,128,0.07110490429135687
N,311X81,0.07106748394567225,311,266,0.07106748394567225
J,520X238,-0.07105462931943639,520,142,0.07105462931943639
J,312X375,-0.07104287029012983,312,142,0.07104287029012983
L,312X155,-0.07104056649446394,312,178,0.07104056649446394
J,311X115,0.07099460697031215,311,142,0.07099460697031215
M,344X44,-0.0709886019102572,344,128,0.0709886019102572
N,440AX158,-0.07097650773573476,UNKNOWN,266,0.07097650773573476
N,330X1163,0.07097650773560597,330,266,0.07097650773560597
J,312X724,-0.07095321004922982,312,142,0.07095321004922982
N,400X93,0.07091718277161171,400,266,0.07091718277161171
N,400X21,-0.0709001712532669,400,266,0.0709001712532669
N,312X139,-0.07088870506350474,312,266,0.07088870506350474
J,312X192,-0.0708882878986866,312,142,0.0708882878986866
O,312X192,-0.0708882878986866,312,86,0.0708882878986866
L,312X90,0.07088327022767112,312,178,0.07088327022767112
L,312X223,0.07087659419905613,312,178,0.07087659419905613
L,210X108,0.070864638519078,210,178,0.070864638519078
M,210X62,-0.07085857068139215,210,128,0.07085857068139215
M,210X225,0.07084380157152975,210,128,0.07084380157152975
M,210X127,0.07084380157152768,210,128,0.07084380157152768
L,210X225,0.07084380157152538,210,178,0.07084380157152538
J,210X225,0.07084380157152538,210,142,0.07084380157152538
M,210X77,0.07084380157152502,210,128,0.07084380157152502
J,210X77,0.07084380157152502,210,142,0.07084380157152502
L,210X77,0.07084380157152502,210,178,0.07084380157152502
O,210X77,0.07084380157152502,210,86,0.07084380157152502
M,210X21,0.07084380157152471,210,128,0.07084380157152471
L,210X21,0.07084380157152471,210,178,0.07084380157152471
J,210X21,0.07084380157152471,210,142,0.07084380157152471
O,210X21,0.07084380157152471,210,86,0.07084380157152471
O,210X127,0.07084380157152462,210,86,0.07084380157152462
L,210X127,0.07084380157152462,210,178,0.07084380157152462
L,210X199,0.07084380157152449,210,178,0.07084380157152449
J,210X199,0.07084380157152449,210,142,0.07084380157152449
M,210X199,0.07084380157152449,210,128,0.07084380157152449
O,210X199,0.07084380157152449,210,86,0.07084380157152449
O,210X225,0.0708438015715232,210,86,0.0708438015715232
J,210X127,0.07084380157152155,210,142,0.07084380157152155
O,210X101,0.07084351523275874,210,86,0.07084351523275874
N,330X321,0.07083448723605738,330,266,0.07083448723605738
M,420X201,-0.07083125221865162,420,128,0.07083125221865162
N,312X386,-0.07082787607145773,312,266,0.07082787607145773
O,ERROR:#N/A_7,-0.07081712921294234,UNKNOWN,86,0.07081712921294234
J,360X765,0.07077114885832028,360,142,0.07077114885832028
J,750X595,-0.07076298899986938,750,142,0.07076298899986938
M,312X167,0.07074895840268258,312,128,0.07074895840268258
N,312X133,-0.07074621184864407,312,266,0.07074621184864407
L,Chamber,0.07074452295681743,UNKNOWN,178,0.07074452295681743
J,750X741,-0.07072635733593345,750,142,0.07072635733593345
J,312X712,-0.07071024733366484,312,142,0.07071024733366484
O,312X70,-0.0706894982426396,312,86,0.0706894982426396
L,311X53,-0.07068711712032127,311,178,0.07068711712032127
J,210X108,0.07066054117591658,210,142,0.07066054117591658
O,210X108,0.07066054117591658,210,86,0.07066054117591658
N,311X83,0.0706585155465116,311,266,0.0706585155465116
L,310X117,0.07063636767202025,310,178,0.07063636767202025
N,360X565,-0.07062590130296295,360,266,0.07062590130296295
L,220X141,0.07062290631531191,220,178,0.07062290631531191
J,312X676,0.07058432480721905,312,142,0.07058432480721905
L,360X1212,-0.07049112433453686,360,178,0.07049112433453686
N,330X774,0.07049034525857954,330,266,0.07049034525857954
M,400X96,0.07046666725675024,400,128,0.07046666725675024
M,750X1391,0.07043917741746199,750,128,0.07043917741746199
J,330X956,-0.07042998570703371,330,142,0.07042998570703371
L,330X338,0.07042581142163339,330,178,0.07042581142163339
M,ERROR:#N/A_1 (#2),-0.07042566431639541,UNKNOWN,128,0.07042566431639541
M,420X85,0.07042508026082249,420,128,0.07042508026082249
N,330X895,0.0704157827990385,330,266,0.0704157827990385
M,312X307,-0.07040279674841671,312,128,0.07040279674841671
L,311X111,0.07040211319425285,311,178,0.07040211319425285
J,312X374,-0.07039953036625904,312,142,0.07039953036625904
L,520X297,-0.0703964258687042,520,178,0.0703964258687042
J,340X123,0.07039104484367513,340,142,0.07039104484367513
L,210X83,0.07038710140341142,210,178,0.07038710140341142
M,210X110,0.07037671830808169,210,128,0.07037671830808169
O,330X689,-0.07031005038602754,330,86,0.07031005038602754
L,750X1190,0.07028241324929667,750,178,0.07028241324929667
L,360X348,0.0702530403658483,360,178,0.0702530403658483
L,210X110,0.07025234648959375,210,178,0.07025234648959375
L,360X763,0.070237224076568,360,178,0.070237224076568
M,344X83,0.07023722208332417,344,128,0.07023722208332417
N,312X349,-0.07023406233844176,312,266,0.07023406233844176
N,340X105,-0.07022700405679326,340,266,0.07022700405679326
N,400X63,-0.0702265058365005,400,266,0.0702265058365005
N,400X59,-0.07021249244137186,400,266,0.07021249244137186
N,400X23,-0.07020703405127293,400,266,0.07020703405127293
M,220X173,-0.07015479415241616,220,128,0.07015479415241616
N,312X58,0.07015187962150532,312,266,0.07015187962150532
L,312X71,-0.07013338299219389,312,178,0.07013338299219389
L,330X1090,0.07011281103625626,330,178,0.07011281103625626
M,312X17,0.07010252336116536,312,128,0.07010252336116536
L,400X145,0.07007325946457993,400,178,0.07007325946457993
O,360X455,-0.0700295009149063,360,86,0.0700295009149063
L,400X136,0.07002519362971771,400,178,0.07002519362971771
N,311X15,0.07002061400351099,311,266,0.07002061400351099
N,ERROR:#N/A_7,0.06999605628598518,UNKNOWN,266,0.06999605628598518
M,312X265,0.06999152947452618,312,128,0.06999152947452618
L,312X265,0.06998294379661177,312,178,0.06998294379661177
M,420X89,0.06998171678765863,420,128,0.06998171678765863
J,310X163,0.0699773036239269,310,142,0.0699773036239269
M,210X131,-0.06996078961368904,210,128,0.06996078961368904
N,360X211,-0.0699440830649597,360,266,0.0699440830649597
L,312X82,-0.06994076995107366,312,178,0.06994076995107366
N,210X11,0.06990247862444426,210,266,0.06990247862444426
N,420X25,-0.06985972925376034,420,266,0.06985972925376034
L,312X438,-0.06984893379053726,312,178,0.06984893379053726
N,420X9,-0.06983371791996751,420,266,0.06983371791996751
N,420X27,-0.06983343990973488,420,266,0.06983343990973488
N,420X7,-0.06981101644514054,420,266,0.06981101644514054
N,340X190,-0.06980016132906286,340,266,0.06980016132906286
N,344X237,0.0697320134672448,344,266,0.0697320134672448
N,312X387,-0.06972766386213579,312,266,0.06972766386213579
L,312X601,0.06972491418742542,312,178,0.06972491418742542
M,420X86,0.06972257263534495,420,128,0.06972257263534495
J,520X143,0.0697201324865174,520,142,0.0697201324865174
M,330X580,0.06970916287436085,330,128,0.06970916287436085
L,330X963,-0.06965002665416375,330,178,0.06965002665416375
J,ERROR:#N/A (#2),0.06963724357796665,UNKNOWN,142,0.06963724357796665
M,330X261,0.0696321861813594,330,128,0.0696321861813594
M,311X14,0.069629127124349,311,128,0.069629127124349
N,400X167,-0.06962490201479851,400,266,0.06962490201479851
N,420X214,0.06960007620458988,420,266,0.06960007620458988
L,330X41,-0.06957536170777207,330,178,0.06957536170777207
N,330X119,0.06953403872033001,330,266,0.06953403872033001
M,360X508,-0.06952079000688632,360,128,0.06952079000688632
M,400X138,-0.06950760891569771,400,128,0.06950760891569771
L,330X149,-0.06949686624750565,330,178,0.06949686624750565
L,312X88,0.06947575124771169,312,178,0.06947575124771169
N,312X88,-0.06947471167610737,312,266,0.06947471167610737
M,312X244,-0.06946817146966483,312,128,0.06946817146966483
O,750X1391,-0.06945630517443747,750,86,0.06945630517443747
O,330X1090,0.06942086897314349,330,86,0.06942086897314349
J,312X776,0.06941992101507237,312,142,0.06941992101507237
L,520X6,-0.06934285771880343,520,178,0.06934285771880343
M,312X126,0.06933616963574421,312,128,0.06933616963574421
O,344X254,0.0693320827307897,344,86,0.0693320827307897
M,360X613,0.06932796088982607,360,128,0.06932796088982607
L,312X12,0.06929842254981389,312,178,0.06929842254981389
N,210X114,-0.06925401721568403,210,266,0.06925401721568403
M,420X90,0.06921739295707147,420,128,0.06921739295707147
M,210X92,0.06919216614886395,210,128,0.06919216614886395
O,312X77,-0.06917996977366675,312,86,0.06917996977366675
L,420X209,0.06917078970109765,420,178,0.06917078970109765
M,344X77,0.06911804597649271,344,128,0.06911804597649271
N,340X188,-0.0691059044275314,340,266,0.0691059044275314
L,340X145,0.06907857692092895,340,178,0.06907857692092895
O,750X853,-0.06904970749271137,750,86,0.06904970749271137
N,520X305,-0.06903991872735489,520,266,0.06903991872735489
N,210X186,0.06903595685035949,210,266,0.06903595685035949
M,750X285,-0.0690060987669215,750,128,0.0690060987669215
N,360X466,-0.06900456798389737,360,266,0.06900456798389737
J,340X161,-0.06900181963807665,340,142,0.06900181963807665
N,311X20,-0.06899041895140769,311,266,0.06899041895140769
O,400X23,0.06898581378259586,400,86,0.06898581378259586
J,400X23,0.06898581378249657,400,142,0.06898581378249657
N,311X104,0.06893871051640392,311,266,0.06893871051640392
O,750X477,0.06891274629429836,750,86,0.06891274629429836
L,330X43,-0.06891216183908437,330,178,0.06891216183908437
J,312X703,-0.06889952059220068,312,142,0.06889952059220068
J,340X59,0.06889685457715052,340,142,0.06889685457715052
M,210X64,-0.06887351666787095,210,128,0.06887351666787095
L,312X138,0.06886859539766839,312,178,0.06886859539766839
O,360X796,-0.06885171106778386,360,86,0.06885171106778386
J,520X81,0.06884945449064862,520,142,0.06884945449064862
N,312X119,-0.06884354222486065,312,266,0.06884354222486065
M,210X137,-0.06884001642200911,210,128,0.06884001642200911
J,311X109,0.06882445963338853,311,142,0.06882445963338853
J,520X410,-0.0688017568002136,520,142,0.0688017568002136
N,420X21,-0.06878376934430626,420,266,0.06878376934430626
J,312X718,-0.06876494459694775,312,142,0.06876494459694775
O,340X44,-0.06875312447623734,340,86,0.06875312447623734
L,210X101,0.06874202362261088,210,178,0.06874202362261088
N,340X134,0.06873622152214487,340,266,0.06873622152214487
O,750X274,0.06871857681489192,750,86,0.06871857681489192
O,312X381,-0.06867272646427462,312,86,0.06867272646427462
O,210X96,0.06865857330953284,210,86,0.06865857330953284
O,330X574,0.06864742370274046,330,86,0.06864742370274046
M,312X718,-0.068646572865982,312,128,0.068646572865982
J,311X137,-0.0686305285093325,311,142,0.0686305285093325
J,520X12,0.06861945785290784,520,142,0.06861945785290784
O,330X588,0.0686005746496203,330,86,0.0686005746496203
O,330X488,-0.06858563741031397,330,86,0.06858563741031397
L,330X254,0.06856896221387034,330,178,0.06856896221387034
L,312X717,0.06853483500743297,312,178,0.06853483500743297
N,312X375,-0.06852529470055588,312,266,0.06852529470055588
N,330X771,0.06851783999436839,330,266,0.06851783999436839
L,750X1288,-0.06851621030769565,750,178,0.06851621030769565
O,311X146,-0.06847566148942658,311,86,0.06847566148942658
L,750X230,-0.0684713505506718,750,178,0.0684713505506718
L,312X153,-0.06845958911487746,312,178,0.06845958911487746
J,344X254,0.0684569446805657,344,142,0.0684569446805657
J,520X98,0.06844037868774168,520,142,0.06844037868774168
N,400X199,-0.06844021559495385,400,266,0.06844021559495385
O,330X581,0.06841932965400842,330,86,0.06841932965400842
N,360X1127,-0.06840107279660512,360,266,0.06840107279660512
L,360X712,0.06839846273672724,360,178,0.06839846273672724
J,344X208,-0.06837952069866723,344,142,0.06837952069866723
L,360X971,-0.0683737098149634,360,178,0.0683737098149634
L,312X332,0.06836885624850739,312,178,0.06836885624850739
M,330X980,0.06834698551965887,330,128,0.06834698551965887
J,520X63,-0.0683444004754999,520,142,0.0683444004754999
O,400X30,0.06833961296437545,400,86,0.06833961296437545
N,311X80,0.06830850946986783,311,266,0.06830850946986783
J,400X108,0.06828205593223466,400,142,0.06828205593223466
J,312X765,-0.06826831101716029,312,142,0.06826831101716029
L,312X159,-0.06825962057691626,312,178,0.06825962057691626
N,330X133,0.0682440516505569,330,266,0.0682440516505569
N,520X33,-0.06824365357340076,520,266,0.06824365357340076
M,310X13,-0.06823847006406429,310,128,0.06823847006406429
M,750X1305,-0.068203235796752,750,128,0.068203235796752
N,520X306,-0.06820296111253764,520,266,0.06820296111253764
O,312X518,0.0681730089862937,312,86,0.0681730089862937
N,311X109,0.06816846655652822,311,266,0.06816846655652822
L,344X90,0.06815737825533122,344,178,0.06815737825533122
N,340X132,0.06812675605401279,340,266,0.06812675605401279
L,340X109,-0.06811784301527972,340,178,0.06811784301527972
M,344X64,0.06810535413890684,344,128,0.06810535413890684
L,312X84,-0.06809022793176414,312,178,0.06809022793176414
L,312X632,-0.0680891049840694,312,178,0.0680891049840694
L,360X1288,-0.06807914209104406,360,178,0.06807914209104406
L,311X115,0.06807040446822461,311,178,0.06807040446822461
N,312X786,0.06804730295649203,312,266,0.06804730295649203
N,312X761,-0.06803854044774216,312,266,0.06803854044774216
N,210X173,-0.06800891225542265,210,266,0.06800891225542265
N,750X261,0.06798620646142965,750,266,0.06798620646142965
M,344X66,0.06797841555276737,344,128,0.06797841555276737
L,210X88,-0.06795108194353199,210,178,0.06795108194353199
L,311X1,-0.06794014494599353,311,178,0.06794014494599353
N,344X79,-0.06793393415888614,344,266,0.06793393415888614
L,330X155,-0.06791206419891606,330,178,0.06791206419891606
N,340X22,0.06784060552330905,340,266,0.06784060552330905
J,312X586,0.06782098680525141,312,142,0.06782098680525141
J,400X14,-0.06774133053963596,400,142,0.06774133053963596
L,750X185,-0.0677282844653808,750,178,0.0677282844653808
J,311X187,0.06767455565051828,311,142,0.06767455565051828
N,311X84,0.06765693104036041,311,266,0.06765693104036041
O,344X169,0.06764769461114581,344,86,0.06764769461114581
M,440AX124,0.0676397926092337,UNKNOWN,128,0.0676397926092337
M,750X381,-0.06763115748895504,750,128,0.06763115748895504
N,312X773,-0.06762749186852075,312,266,0.06762749186852075
J,520X311,-0.0676146819680033,520,142,0.0676146819680033
N,520X57,0.06760944512379703,520,266,0.06760944512379703
J,311X188,0.06758946749119159,311,142,0.06758946749119159
J,420X144,-0.06758469007626225,420,142,0.06758469007626225
J,210X106,0.06755835528549654,210,142,0.06755835528549654
O,312X382,-0.06754742187617298,312,86,0.06754742187617298
M,344X62,0.06753481253886254,344,128,0.06753481253886254
M,420X87,0.06752553929531717,420,128,0.06752553929531717
O,311X153,-0.0674873775180957,311,86,0.0674873775180957
N,312X389,-0.06748391064540257,312,266,0.06748391064540257
M,220X6,0.06745845396588931,220,128,0.06745845396588931
L,311X199,-0.06745497884754599,311,178,0.06745497884754599
O,210X106,0.06741091685096605,210,86,0.06741091685096605
N,330X211,0.06740679365696811,330,266,0.06740679365696811
L,520X83,0.06740604516413295,520,178,0.06740604516413295
N,312X440,-0.06740136627627609,312,266,0.06740136627627609
J,344X78,-0.06737015721564839,344,142,0.06737015721564839
M,310X154,-0.06733683763248163,310,128,0.06733683763248163
J,312X261,0.06732926246075621,312,142,0.06732926246075621
O,330X185,-0.06732551315054452,330,86,0.06732551315054452
L,312X752,-0.06732467643491889,312,178,0.06732467643491889
O,400X136,-0.06730639925702678,400,86,0.06730639925702678
J,330X970,-0.06729965042539081,330,142,0.06729965042539081
N,330X126,0.06727376412600354,330,266,0.06727376412600354
M,400X57,-0.0672704309788991,400,128,0.0672704309788991
M,360X521,0.0672693509263669,360,128,0.0672693509263669
M,330X79,-0.06724221050912814,330,128,0.06724221050912814
M,344X99,-0.06722854169318633,344,128,0.06722854169318633
J,360X659,0.06720272384835399,360,142,0.06720272384835399
L,330X398,0.067182107860381,330,178,0.067182107860381
N,520X318,-0.06717778559071742,520,266,0.06717778559071742
L,311X109,0.0671535039024901,311,178,0.0671535039024901
L,220X27,0.06715175184906119,220,178,0.06715175184906119
N,420X205,0.06714924596621602,420,266,0.06714924596621602
O,420X25,-0.06712327669538652,420,86,0.06712327669538652
J,312X173,-0.06712088625933033,312,142,0.06712088625933033
O,750X743,-0.06711493070852782,750,86,0.06711493070852782
N,312X83,-0.06710571203403781,312,266,0.06710571203403781
O,420X9,-0.06709690994543982,420,86,0.06709690994543982
O,420X27,-0.06709594613308392,420,86,0.06709594613308392
N,750X477,0.06708761767109558,750,266,0.06708761767109558
M,750X307,0.06708159190597035,750,128,0.06708159190597035
J,520X21,0.06707243058260894,520,142,0.06707243058260894
O,420X7,-0.06706798996233268,420,86,0.06706798996233268
J,750X510,0.06706574703550379,750,142,0.06706574703550379
O,400X142,-0.0670314922949637,400,86,0.0670314922949637
M,210X93,0.06703041250879675,210,128,0.06703041250879675
L,210X144,0.06702975723121123,210,178,0.06702975723121123
M,400X109,-0.06702319675620154,400,128,0.06702319675620154
O,330X674,-0.06701922400654056,330,86,0.06701922400654056
M,330X338,-0.06700506829915816,330,128,0.06700506829915816
L,312X209,0.0670050474289826,312,178,0.0670050474289826
L,312X172,-0.0670050474287622,312,178,0.0670050474287622
J,312X770,-0.06699024474178474,312,142,0.06699024474178474
M,340X1,-0.06698941911172718,340,128,0.06698941911172718
M,520X376,-0.06698509597060909,520,128,0.06698509597060909
M,330X669,-0.06697636215644018,330,128,0.06697636215644018
L,311X91,-0.06694496703395988,311,178,0.06694496703395988
L,312X766,0.06693326787142485,312,178,0.06693326787142485
L,330X274,0.06692712540252677,330,178,0.06692712540252677
J,311X210,0.06691184683846778,311,142,0.06691184683846778
N,312X768,-0.06691144695818992,312,266,0.06691144695818992
L,ERROR:#N/A_11,-0.06690067502434502,UNKNOWN,178,0.06690067502434502
J,330X418,0.06685172570811597,330,142,0.06685172570811597
N,330X777,0.06684305013185432,330,266,0.06684305013185432
O,311X75,-0.0667946351659764,311,86,0.0667946351659764
L,344X5,-0.06678595480177331,344,178,0.06678595480177331
J,420X160,-0.0667477234471824,420,142,0.0667477234471824
N,520X179,0.06666711815118646,520,266,0.06666711815118646
J,330X537,-0.06666104717270355,330,142,0.06666104717270355
L,220X187,-0.06665892822469466,220,178,0.06665892822469466
J,220X6,0.06663538897071829,220,142,0.06663538897071829
L,360X434,0.06662315323912346,360,178,0.06662315323912346
M,340X124,0.0666021136791115,340,128,0.0666021136791115
N,312X165,-0.06656300163096807,312,266,0.06656300163096807
N,330X121,0.06654331988316031,330,266,0.06654331988316031
M,400X31,-0.06650001718887641,400,128,0.06650001718887641
N,750X466,0.066498050895557,750,266,0.066498050895557
N,340X189,-0.06649346875652691,340,266,0.06649346875652691
M,ERROR:#N/A_14,0.06647596578911612,UNKNOWN,128,0.06647596578911612
M,420X153,-0.06647426687129604,420,128,0.06647426687129604
N,312X113,-0.06643662782227383,312,266,0.06643662782227383
M,520X377,-0.06642353262139421,520,128,0.06642353262139421
M,400X150,0.06642353262139186,400,128,0.06642353262139186
L,312X291,0.06636079212477117,312,178,0.06636079212477117
N,330X422,-0.06635646773375929,330,266,0.06635646773375929
M,312X726,-0.0663524688757922,312,128,0.0663524688757922
O,312X78,-0.06633932857105282,312,86,0.06633932857105282
N,330X1150,-0.0663285056975511,330,266,0.0663285056975511
N,420X201,-0.06631781813689525,420,266,0.06631781813689525
M,312X434,-0.06630541870093457,312,128,0.06630541870093457
L,210X4,0.06629230336093336,210,178,0.06629230336093336
M,340X105,-0.0662336301306309,340,128,0.0662336301306309
J,344X246,0.06622965560957697,344,142,0.06622965560957697
L,420X122,0.06621873779002375,420,178,0.06621873779002375
J,400X140,0.0661888160433679,400,142,0.0661888160433679
N,312X767,-0.0661736470360429,312,266,0.0661736470360429
M,312X335,0.06616872213106353,312,128,0.06616872213106353
L,330X615,0.06616688968365593,330,178,0.06616688968365593
N,311X28,0.06616599210125862,311,266,0.06616599210125862
O,750X741,-0.06614140694676465,750,86,0.06614140694676465
O,750X1,0.066117235477022,750,86,0.066117235477022
O,750X261,0.0661147877294625,750,86,0.0661147877294625
L,344X231,0.06610862360036915,344,178,0.06610862360036915
M,330X1083,-0.06608840199604754,330,128,0.06608840199604754
L,312X168,0.06607714460420934,312,178,0.06607714460420934
M,340X186,0.0660751427510832,340,128,0.0660751427510832
N,520X266,-0.0660741995336984,520,266,0.0660741995336984
N,330X1153,-0.06607107131787643,330,266,0.06607107131787643
N,400X147,0.06602901490706801,400,266,0.06602901490706801
L,750X296,-0.06602424447691603,750,178,0.06602424447691603
M,520X43,0.06602166375598854,520,128,0.06602166375598854
N,330X1147,-0.06596895474876219,330,266,0.06596895474876219
L,330X1087,0.06596787426554003,330,178,0.06596787426554003
M,520X395,0.06596635019560992,520,128,0.06596635019560992
O,330X671,-0.06596035917924342,330,86,0.06596035917924342
J,311X191,0.06596020270999436,311,142,0.06596020270999436
N,330X345,0.06594673807609339,330,266,0.06594673807609339
J,360X565,0.06594476611759574,360,142,0.06594476611759574
M,330X351,-0.06592263773086716,330,128,0.06592263773086716
J,312X788,0.06592027238693607,312,142,0.06592027238693607
N,400X97,0.06591269487887816,400,266,0.06591269487887816
L,340X140,0.06590527291085956,340,178,0.06590527291085956
O,312X64,-0.0658716624268872,312,86,0.0658716624268872
M,220X217,0.06587110917561988,220,128,0.06587110917561988
M,520X236,-0.06584544511697449,520,128,0.06584544511697449
L,330X244,0.06582443371243016,330,178,0.06582443371243016
J,750X91,0.06581934830952138,750,142,0.06581934830952138
N,330X98,0.06580474926201298,330,266,0.06580474926201298
J,360X605,0.06577886490741898,360,142,0.06577886490741898
O,400X139,-0.06576216203708685,400,86,0.06576216203708685
O,400X138,-0.06576216203708679,400,86,0.06576216203708679
J,311X53,-0.06571047023724351,311,142,0.06571047023724351
J,330X208,0.06570537763924436,330,142,0.06570537763924436
L,420X196,-0.06570470477342512,420,178,0.06570470477342512
L,360X1017,-0.06570313237394756,360,178,0.06570313237394756
M,312X772,-0.06570166436312773,312,128,0.06570166436312773
O,311X136,-0.06570112432216156,311,86,0.06570112432216156
L,220X18,0.06569384987702018,220,178,0.06569384987702018
N,312X524,-0.06566823520283926,312,266,0.06566823520283926
L,312X644,-0.06566438160945665,312,178,0.06566438160945665
N,340X8,-0.06562893479286877,340,266,0.06562893479286877
L,312X381,0.06561957039568228,312,178,0.06561957039568228
M,344X163,0.0655985189146983,344,128,0.0655985189146983
L,311X134,-0.06555595511081688,311,178,0.06555595511081688
J,210X93,0.06555151637873186,210,142,0.06555151637873186
N,750X1039,0.06553068061200086,750,266,0.06553068061200086
J,340X47,-0.0655204239960068,340,142,0.0655204239960068
N,440AX148,0.06548154291638184,UNKNOWN,266,0.06548154291638184
L,750X1245,-0.06546551474220778,750,178,0.06546551474220778
N,340X57,0.0654475398056992,340,266,0.0654475398056992
J,360X337,-0.06541285777878944,360,142,0.06541285777878944
M,210X86,0.06539835830433952,210,128,0.06539835830433952
N,400X136,0.06539657635269752,400,266,0.06539657635269752
N,312X356,-0.06539283426689832,312,266,0.06539283426689832
N,400X211,0.06536615030123367,400,266,0.06536615030123367
N,312X84,-0.06532567014610194,312,266,0.06532567014610194
N,520X161,-0.06531643480968743,520,266,0.06531643480968743
M,750X1201,-0.06529255854658271,750,128,0.06529255854658271
J,520X59,0.06527770781841469,520,142,0.06527770781841469
J,520X89,0.06527770781841469,520,142,0.06527770781841469
J,520X79,-0.06527770781841469,520,142,0.06527770781841469
J,520X69,0.06527770781841469,520,142,0.06527770781841469
J,520X74,0.06527770781841469,520,142,0.06527770781841469
J,520X99,0.06527770781839545,520,142,0.06527770781839545
J,520X114,0.06527770781839545,520,142,0.06527770781839545
J,520X26,0.06527770781839545,520,142,0.06527770781839545
J,520X24,0.06527770781839545,520,142,0.06527770781839545
J,520X109,0.06527770781839545,520,142,0.06527770781839545
J,520X128,0.06527770781839545,520,142,0.06527770781839545
J,520X19,0.06527770781838996,520,142,0.06527770781838996
J,520X34,0.06527770781838584,520,142,0.06527770781838584
J,520X49,-0.06527770781838584,520,142,0.06527770781838584
J,520X11,0.06527770781838584,520,142,0.06527770781838584
J,520X39,0.06527770781838584,520,142,0.06527770781838584
J,520X104,0.06527770781838584,520,142,0.06527770781838584
J,520X44,0.065277707818357,520,142,0.065277707818357
J,520X64,-0.065277707818357,520,142,0.065277707818357
J,520X117,-0.065277707818357,520,142,0.065277707818357
J,520X84,0.065277707818357,520,142,0.065277707818357
J,520X94,0.065277707818357,520,142,0.065277707818357
M,340X123,-0.06527677152077134,340,128,0.06527677152077134
N,420X108,0.06527115879054815,420,266,0.06527115879054815
L,750X765,-0.06525236678406778,750,178,0.06525236678406778
L,520X393,0.06522286164556325,520,178,0.06522286164556325
N,312X37,-0.06520068407174401,312,266,0.06520068407174401
L,312X57,-0.06519645927219757,312,178,0.06519645927219757
N,312X762,-0.06519374131916679,312,266,0.06519374131916679
M,330X69,-0.06518778975338055,330,128,0.06518778975338055
O,330X889,-0.06518705329269779,330,86,0.06518705329269779
O,330X878,-0.0651867306275332,330,86,0.0651867306275332
J,520X36,0.06517445791845267,520,142,0.06517445791845267
L,330X46,-0.06511827984970495,330,178,0.06511827984970495
M,750X1006,-0.06508783632673677,750,128,0.06508783632673677
J,312X382,0.06508202160349413,312,142,0.06508202160349413
M,312X766,-0.0649545880026419,312,128,0.0649545880026419
J,311X136,-0.06493851113751324,311,142,0.06493851113751324
L,312X217,0.06493440925603926,312,178,0.06493440925603926
N,330X1221,0.06489388773801942,330,266,0.06489388773801942
N,360X1278,-0.06489301038296434,360,266,0.06489301038296434
L,340X24,0.06488994324841549,340,178,0.06488994324841549
L,340X138,0.06488763502269267,340,178,0.06488763502269267
M,330X611,-0.06481786486553562,330,128,0.06481786486553562
L,210X24,-0.06481568655306202,210,178,0.06481568655306202
O,330X677,-0.06481417014695146,330,86,0.06481417014695146
J,311X200,0.06478780430172365,311,142,0.06478780430172365
L,310X121,0.06476521315604206,310,178,0.06476521315604206
J,ERROR:#N/A_21,0.06473181182729247,UNKNOWN,142,0.06473181182729247
L,311X196,-0.06469018079241533,311,178,0.06469018079241533
N,420X202,-0.06468549180530905,420,266,0.06468549180530905
O,311X1,0.06465593473078295,311,86,0.06465593473078295
J,312X174,0.06464794291234799,312,142,0.06464794291234799
L,312X7,-0.06464421188916132,312,178,0.06464421188916132
J,400X199,0.06462550901171857,400,142,0.06462550901171857
J,312X758,-0.06461390413931042,312,142,0.06461390413931042
L,330X221,0.0646023630304876,330,178,0.0646023630304876
N,330X41,-0.06456424593532147,330,266,0.06456424593532147
J,360X381,-0.06454988733509251,360,142,0.06454988733509251
L,360X58,-0.06453752285537305,360,178,0.06453752285537305
N,750X252,0.06450782908021559,750,266,0.06450782908021559
L,310X22,0.06447681543884776,310,178,0.06447681543884776
J,311X139,-0.06447667449213676,311,142,0.06447667449213676
O,520X311,0.06443775652520423,520,86,0.06443775652520423
M,340X77,-0.0644254240033493,340,128,0.0644254240033493
O,400X19,0.06442402994315334,400,86,0.06442402994315334
O,312X780,-0.06440408597338429,312,86,0.06440408597338429
N,344X94,-0.06439559108494455,344,266,0.06439559108494455
O,311X73,-0.06438467921581777,311,86,0.06438467921581777
L,520X165,0.06437594871812131,520,178,0.06437594871812131
M,750X434,-0.06437056837776318,750,128,0.06437056837776318
O,420X189,0.0643697895972721,420,86,0.0643697895972721
O,420X188,0.06436978959726676,420,86,0.06436978959726676
L,312X589,0.06435471421064633,312,178,0.06435471421064633
J,520X111,0.0643539526686069,520,142,0.0643539526686069
M,312X586,0.06433673554776281,312,128,0.06433673554776281
N,344X27,0.06431906505454654,344,266,0.06431906505454654
L,210X35,0.06430343442020485,210,178,0.06430343442020485
N,312X233,0.06425902212068725,312,266,0.06425902212068725
L,312X268,-0.0642580322472536,312,178,0.0642580322472536
M,312X235,0.06425611464907219,312,128,0.06425611464907219
L,312X31,-0.06425035013415523,312,178,0.06425035013415523
N,312X125,-0.06424752125006515,312,266,0.06424752125006515
M,312X762,-0.06423502220980291,312,128,0.06423502220980291
N,400X13,0.06420538444816218,400,266,0.06420538444816218
J,330X950,-0.06420439479353586,330,142,0.06420439479353586
M,312X333,-0.06419247691992001,312,128,0.06419247691992001
L,750X1267,-0.06413883627343876,750,178,0.06413883627343876
O,360X3,0.06412485735953695,360,86,0.06412485735953695
O,340X123,-0.06411390877757578,340,86,0.06411390877757578
M,310X150,0.06410711316239413,310,128,0.06410711316239413
N,312X75,0.06408038950259445,312,266,0.06408038950259445
O,312X168,0.06406254719652485,312,86,0.06406254719652485
N,420X156,0.06406118308503464,420,266,0.06406118308503464
O,344X37,0.06403467815388668,344,86,0.06403467815388668
N,360X141,-0.06398576765043244,360,266,0.06398576765043244
M,210X106,0.06395040137437945,210,128,0.06395040137437945
M,312X714,-0.0639432480958952,312,128,0.0639432480958952
M,312X761,-0.06394239762904139,312,128,0.06394239762904139
L,312X83,-0.06391478392921368,312,178,0.06391478392921368
M,312X760,-0.06389478166577912,312,128,0.06389478166577912
J,360X466,0.06388280983980209,360,142,0.06388280983980209
L,330X594,0.06384920654007577,330,178,0.06384920654007577
L,400X118,0.0638373889825723,400,178,0.0638373889825723
L,220X195,0.06382509394497911,220,178,0.06382509394497911
M,210X111,0.06381113206030127,210,128,0.06381113206030127
N,312X267,-0.06379987658540381,312,266,0.06379987658540381
L,420X124,-0.06377333482436204,420,178,0.06377333482436204
L,420X192,-0.06377261872086372,420,178,0.06377261872086372
N,400X158,-0.06376200583694808,400,266,0.06376200583694808
N,360X25,-0.06375224821605541,360,266,0.06375224821605541
J,520X381,0.06375197803829341,520,142,0.06375197803829341
J,520X380,0.06375197803828697,520,142,0.06375197803828697
L,220X26,-0.06373179605102035,220,178,0.06373179605102035
J,400X200,0.06370204501922357,400,142,0.06370204501922357
N,312X792,0.06369113085557379,312,266,0.06369113085557379
N,312X774,-0.06368295155984445,312,266,0.06368295155984445
J,344X182,-0.06367555902696267,344,142,0.06367555902696267
O,344X182,-0.06367555902696267,344,86,0.06367555902696267
N,344X182,-0.06367555902696267,344,266,0.06367555902696267
M,344X16,-0.06367189849922276,344,128,0.06367189849922276
M,330X986,0.0636630861221602,330,128,0.0636630861221602
L,311X90,0.06366248802844375,311,178,0.06366248802844375
M,520X88,0.06364309986178926,520,128,0.06364309986178926
O,312X792,-0.06364233500625582,312,86,0.06364233500625582
J,750X1190,-0.0636085065701962,750,142,0.0636085065701962
L,312X380,0.06360585518403761,312,178,0.06360585518403761
L,420X133,0.06355954672474388,420,178,0.06355954672474388
L,420X146,0.0635595467247427,420,178,0.0635595467247427
M,312X674,0.06352562627646234,312,128,0.06352562627646234
O,360X661,0.06352501473832436,360,86,0.06352501473832436
N,312X376,-0.06350423976676897,312,266,0.06350423976676897
L,330X525,-0.06350002592760928,330,178,0.06350002592760928
L,311X16,0.06349409419805573,311,178,0.06349409419805573
J,340X115,0.06343662575866474,340,142,0.06343662575866474
L,210X81,0.06343226016954943,210,178,0.06343226016954943
O,210X73,0.06343172751860755,210,86,0.06343172751860755
O,310X19,0.0633855434237003,310,86,0.0633855434237003
M,311X193,0.06337175106645127,311,128,0.06337175106645127
O,360X125,-0.0633688518466593,360,86,0.0633688518466593
J,330X976,-0.06331502083499511,330,142,0.06331502083499511
N,750X447,-0.06329709089729693,750,266,0.06329709089729693
L,520X245,0.06329494877575376,520,178,0.06329494877575376
M,330X231,0.06329326363696407,330,128,0.06329326363696407
O,312X681,-0.06328698567108253,312,86,0.06328698567108253
N,311X106,0.06328494170080023,311,266,0.06328494170080023
L,330X165,-0.06327926758539988,330,178,0.06327926758539988
N,311X27,-0.06325717864558476,311,266,0.06325717864558476
J,344X83,-0.06325715386723146,344,142,0.06325715386723146
J,520X103,0.06325224054655725,520,142,0.06325224054655725
N,311X4,-0.06324788788346465,311,266,0.06324788788346465
N,520X158,-0.06323946974182527,520,266,0.06323946974182527
O,420X199,0.06323383782416023,420,86,0.06323383782416023
L,400X158,-0.0632263594579755,400,178,0.0632263594579755
N,400X124,-0.06321594855012003,400,266,0.06321594855012003
L,340X26,0.06319257865175947,340,178,0.06319257865175947
M,312X668,0.06317107660171528,312,128,0.06317107660171528
J,312X143,0.06316417292250325,312,142,0.06316417292250325
L,440AX139,0.06313789568413566,UNKNOWN,178,0.06313789568413566
J,520X182,-0.06313491398608036,520,142,0.06313491398608036
L,312X711,0.06311789085789775,312,178,0.06311789085789775
J,312X165,0.06306546254731092,312,142,0.06306546254731092
L,312X691,0.0630533184372884,312,178,0.0630533184372884
J,330X986,-0.0630446760946467,330,142,0.0630446760946467
N,310X132,-0.06303782161103309,310,266,0.06303782161103309
L,520X179,0.06303396506422126,520,178,0.06303396506422126
J,ERROR:#N/A_24,0.06302728209936823,UNKNOWN,142,0.06302728209936823
L,340X139,0.06302518217621242,340,178,0.06302518217621242
N,400X35,0.06298458952837328,400,266,0.06298458952837328
N,400X58,0.06298150399025028,400,266,0.06298150399025028
N,312X374,-0.06298064660517545,312,266,0.06298064660517545
N,360X115,0.06292289710764266,360,266,0.06292289710764266
N,311X111,0.06291548477173237,311,266,0.06291548477173237
N,750X543,0.06291082471583952,750,266,0.06291082471583952
L,312X36,0.06288483496292202,312,178,0.06288483496292202
M,344X209,-0.062880373189331,344,128,0.062880373189331
N,420X217,0.06286680549850897,420,266,0.06286680549850897
M,312X36,0.06286378804107688,312,128,0.06286378804107688
M,344X20,-0.06286143069767365,344,128,0.06286143069767365
O,312X383,-0.0628256625563455,312,86,0.0628256625563455
O,210X113,0.06281908129792459,210,86,0.06281908129792459
L,312X782,-0.06281321417017881,312,178,0.06281321417017881
J,520X56,0.06281277741284196,520,142,0.06281277741284196
L,750X1061,0.06279368279905664,750,178,0.06279368279905664
N,420X20,0.06275960772174144,420,266,0.06275960772174144
O,520X92,-0.06275026608613955,520,86,0.06275026608613955
N,312X71,-0.06274995649267534,312,266,0.06274995649267534
L,312X135,0.0627457846889411,312,178,0.0627457846889411
O,360X543,0.06269969307872761,360,86,0.06269969307872761
N,330X458,-0.06269944246887406,330,266,0.06269944246887406
J,312X236,-0.06269446922194406,312,142,0.06269446922194406
O,750X294,-0.06269178343072504,750,86,0.06269178343072504
N,312X244,0.06266495058527591,312,266,0.06266495058527591
L,330X699,-0.06263523737174195,330,178,0.06263523737174195
N,400X122,-0.06263389172422719,400,266,0.06263389172422719
O,440AX2,-0.06259576281968501,UNKNOWN,86,0.06259576281968501
J,420X12,0.06258507149735416,420,142,0.06258507149735416
L,310X21,-0.06257456138044261,310,178,0.06257456138044261
J,312X284,0.06254091183825339,312,142,0.06254091183825339
L,520X46,-0.06252158851605578,520,178,0.06252158851605578
N,750X611,-0.06251884921675514,750,266,0.06251884921675514
L,312X595,0.0625046557547582,312,178,0.0625046557547582
L,420X195,-0.062489915771262006,420,178,0.062489915771262006
J,312X529,0.06248076755804173,312,142,0.06248076755804173
N,520X160,-0.06244652442598409,520,266,0.06244652442598409
N,330X331,0.062442773869025595,330,266,0.062442773869025595
L,344X22,-0.062424581296258136,344,178,0.062424581296258136
J,311X103,0.06241455091627156,311,142,0.06241455091627156
J,311X107,0.06241455091627127,311,142,0.06241455091627127
N,312X72,-0.06240396417029066,312,266,0.06240396417029066
L,440AX106,-0.06239861072887502,UNKNOWN,178,0.06239861072887502
O,330X699,-0.06236355107614831,330,86,0.06236355107614831
L,344X237,0.06234674055952396,344,178,0.06234674055952396
L,344X190,-0.062332942382163956,344,178,0.062332942382163956
L,ERROR:#N/A_9,-0.06232534731555872,UNKNOWN,178,0.06232534731555872
M,750X337,0.0623217414561465,750,128,0.0623217414561465
M,400X142,-0.06230652808244267,400,128,0.06230652808244267
J,520X112,0.06229718999974351,520,142,0.06229718999974351
L,312X46,-0.06229054398946347,312,178,0.06229054398946347
M,360X499,0.06228374353572673,360,128,0.06228374353572673
O,312X8,0.06227961451763805,312,86,0.06227961451763805
L,360X252,0.0622785999234767,360,178,0.0622785999234767
L,ERROR:#N/A_8,-0.0622651827675346,UNKNOWN,178,0.0622651827675346
J,520X101,0.06224645221877852,520,142,0.06224645221877852
J,312X260,0.06222798172994512,312,142,0.06222798172994512
J,340X140,-0.06222749649491119,340,142,0.06222749649491119
L,344X194,-0.06221501638160804,344,178,0.06221501638160804
N,420X98,0.06219517787909327,420,266,0.06219517787909327
J,344X244,0.06218848445279941,344,142,0.06218848445279941
L,440AX133,0.062177974434198924,UNKNOWN,178,0.062177974434198924
L,750X896,-0.06213776992352625,750,178,0.06213776992352625
N,360X1116,-0.06210457937710937,360,266,0.06210457937710937
N,750X176,-0.062104376515385626,750,266,0.062104376515385626
L,311X104,0.06210082782429307,311,178,0.06210082782429307
M,340X149,0.06209772556088008,340,128,0.06209772556088008
N,750X187,-0.06207099121340809,750,266,0.06207099121340809
O,311X109,-0.06200311646655717,311,86,0.06200311646655717
N,ERROR:#N/A_20,0.06199741266144596,UNKNOWN,266,0.06199741266144596
N,311X116,0.06199509600224142,311,266,0.06199509600224142
M,312X680,0.061994038859241436,312,128,0.061994038859241436
O,400X228,0.061994025452409014,400,86,0.061994025452409014
M,330X1039,0.06199130970659452,330,128,0.06199130970659452
M,312X774,-0.06195080223733807,312,128,0.06195080223733807
J,360X712,0.061945342726523175,360,142,0.061945342726523175
M,312X197,-0.06192363925115223,312,128,0.06192363925115223
J,750X466,0.0619127957500511,750,142,0.0619127957500511
L,330X529,-0.06189237814580605,330,178,0.06189237814580605
M,312X773,-0.061888431559842555,312,128,0.061888431559842555
N,750X1364,0.061863760022370866,750,266,0.061863760022370866
O,220X3,-0.06186245664450057,220,86,0.06186245664450057
O,310X33,0.06184291076288808,310,86,0.06184291076288808
O,330X704,-0.061818724306026,330,86,0.061818724306026
N,330X601,0.061806083866256224,330,266,0.061806083866256224
O,750X109,-0.06180514292144845,750,86,0.06180514292144845
N,330X368,0.061803094769467944,330,266,0.061803094769467944
L,340X81,-0.061790617531365354,340,178,0.061790617531365354
L,312X123,0.06176716934590786,312,178,0.06176716934590786
M,312X754,-0.06176031228869039,312,128,0.06176031228869039
N,310X172,-0.061745232022700394,310,266,0.061745232022700394
N,330X913,0.06173384032648831,330,266,0.06173384032648831
L,330X335,0.06172399776597839,330,178,0.06172399776597839
L,520X381,0.06166858138741107,520,178,0.06166858138741107
L,520X380,0.06166858138740463,520,178,0.06166858138740463
N,420X194,0.061657777331842196,420,266,0.061657777331842196
L,330X900,0.061655443645350645,330,178,0.061655443645350645
M,310X5,0.06162827914680608,310,128,0.06162827914680608
L,360X475,-0.06162507908931454,360,178,0.06162507908931454
J,520X107,-0.061592527710152806,520,142,0.061592527710152806
O,400X121,-0.061571021584736256,400,86,0.061571021584736256
L,330X116,0.06155971440435002,330,178,0.06155971440435002
O,220X70,-0.06155107195939252,220,86,0.06155107195939252
L,520X329,-0.06154940816951619,520,178,0.06154940816951619
L,330X902,0.06152500937519311,330,178,0.06152500937519311
N,312X213,-0.0615086352685649,312,266,0.0615086352685649
N,220X223,0.06150099881520239,220,266,0.06150099881520239
O,312X197,0.061455811915624256,312,86,0.061455811915624256
M,330X345,-0.06142252779488263,330,128,0.06142252779488263
L,750X91,-0.061399721567840515,750,178,0.061399721567840515
O,520X410,0.06136576065163447,520,86,0.06136576065163447
M,360X1083,0.06136470200054488,360,128,0.06136470200054488
J,312X434,0.06135248380958145,312,142,0.06135248380958145
L,312X434,0.06135248380958145,312,178,0.06135248380958145
N,420X199,-0.06135166405962229,420,266,0.06135166405962229
N,330X608,0.061345131648583726,330,266,0.061345131648583726
J,520X13,0.06132481888222637,520,142,0.06132481888222637
N,520X377,0.061314030112057036,520,266,0.061314030112057036
J,520X377,0.061314030112057036,520,142,0.061314030112057036
J,400X29,0.06131403011205684,400,142,0.06131403011205684
M,400X29,0.06131403011205684,400,128,0.06131403011205684
L,400X29,0.06131403011205684,400,178,0.06131403011205684
L,400X150,-0.0613140301120521,400,178,0.0613140301120521
J,400X150,-0.06131403011204983,400,142,0.06131403011204983
M,360X885,0.06130764264504043,360,128,0.06130764264504043
L,340X25,0.06129406905437882,340,178,0.06129406905437882
O,750X241,0.06127887078078487,750,86,0.06127887078078487
O,310X42,0.061265089952573744,310,86,0.061265089952573744
L,520X240,0.06125272320518757,520,178,0.06125272320518757
L,440AX148,0.06124238831155959,UNKNOWN,178,0.06124238831155959
M,520X7,-0.06122825802040975,520,128,0.06122825802040975
J,420X108,-0.06121472826764333,420,142,0.06121472826764333
L,340X121,-0.06120889175740071,340,178,0.06120889175740071
J,344X77,-0.06110311565496874,344,142,0.06110311565496874
L,520X319,-0.0611027654144984,520,178,0.0611027654144984
J,340X45,-0.06109062820951429,340,142,0.06109062820951429
M,420X28,-0.06106044090027238,420,128,0.06106044090027238
M,400X139,-0.06103107124305174,400,128,0.06103107124305174
L,312X474,-0.06102854545449621,312,178,0.06102854545449621
L,310X169,0.061005008579392735,310,178,0.061005008579392735
M,312X690,0.06095689861852814,312,128,0.06095689861852814
M,311X141,0.060953665583740844,311,128,0.060953665583740844
N,311X1,0.06094900028560261,311,266,0.06094900028560261
N,750X359,0.060913697262554335,750,266,0.060913697262554335
L,420X134,-0.06090858777343435,420,178,0.06090858777343435
L,750X25,0.06087645577087116,750,178,0.06087645577087116
O,312X675,-0.06086863845892003,312,86,0.06086863845892003
O,312X669,-0.060820709043936154,312,86,0.060820709043936154
L,420X108,-0.06080988509963865,420,178,0.06080988509963865
M,330X564,0.06078956177401058,330,128,0.06078956177401058
L,312X776,-0.060779748024197985,312,178,0.060779748024197985
N,312X772,-0.06073213754041369,312,266,0.06073213754041369
O,312X574,-0.06072679686865049,312,86,0.06072679686865049
M,520X311,0.06072650958975913,520,128,0.06072650958975913
N,360X763,-0.06070382731217227,360,266,0.06070382731217227
L,400X21,0.06069122577423118,400,178,0.06069122577423118
L,344X88,0.06065908984994082,344,178,0.06065908984994082
M,330X573,0.06064044423745505,330,128,0.06064044423745505
O,330X701,-0.060628315399394936,330,86,0.060628315399394936
J,420X15,0.06061110587208884,420,142,0.06061110587208884
N,520X87,0.06059476398903597,520,266,0.06059476398903597
N,220X188,-0.06059420477552532,220,266,0.06059420477552532
L,312X638,-0.06059230741006584,312,178,0.06059230741006584
N,220X33,-0.060588856234497813,220,266,0.060588856234497813
N,312X82,-0.060564868485363785,312,266,0.060564868485363785
N,420X157,0.060556199183227286,420,266,0.060556199183227286
N,311X196,-0.060543107445615585,311,266,0.060543107445615585
N,340X107,-0.06053837688224468,340,266,0.06053837688224468
N,330X559,0.060478090333611345,330,266,0.060478090333611345
N,312X421,-0.06047093695880055,312,266,0.06047093695880055
L,210X170,0.060446962146448964,210,178,0.060446962146448964
N,310X31,0.060443091151887805,310,266,0.060443091151887805
L,312X710,0.060429548998692684,312,178,0.060429548998692684
L,330X284,0.060423637486921596,330,178,0.060423637486921596
M,312X768,-0.060398709135523414,312,128,0.060398709135523414
N,344X146,0.06038981337659408,344,266,0.06038981337659408
L,310X202,-0.06037960908204306,310,178,0.06037960908204306
L,520X31,-0.06035751839016326,520,178,0.06035751839016326
J,310X162,0.06034786746326874,310,142,0.06034786746326874
M,344X164,-0.06033524176907741,344,128,0.06033524176907741
L,400X199,-0.060329719657193526,400,178,0.060329719657193526
N,360X1028,0.06030555979491622,360,266,0.06030555979491622
N,210X59,-0.0602819146484329,210,266,0.0602819146484329
N,520X376,-0.060275167015199915,520,266,0.060275167015199915
M,344X39,-0.06026007437707048,344,128,0.06026007437707048
N,420X93,0.06024739610292274,420,266,0.06024739610292274
J,520X183,-0.06022187677224979,520,142,0.06022187677224979
N,330X694,0.06021447265549316,330,266,0.06021447265549316
N,750X1201,-0.06021278177029729,750,266,0.06021278177029729
N,344X200,-0.06020096831572125,344,266,0.06020096831572125
L,312X234,0.06020026826242262,312,178,0.06020026826242262
O,400X205,-0.06015746294050411,400,86,0.06015746294050411
N,312X78,-0.06015512535686819,312,266,0.06015512535686819
N,420X213,0.06011650950421299,420,266,0.06011650950421299
N,420X198,-0.06010533491754065,420,266,0.06010533491754065
N,520X52,-0.06010107312524202,520,266,0.06010107312524202
N,420X197,-0.06010041652354316,420,266,0.06010041652354316
N,330X910,0.06008528360589389,330,266,0.06008528360589389
M,312X767,-0.06007875326812707,312,128,0.06007875326812707
N,210X87,0.06005177242816778,210,266,0.06005177242816778
J,520X57,0.060037416015161466,520,142,0.060037416015161466
O,360X763,-0.06001272214341055,360,86,0.06001272214341055
O,420X87,0.06000727580989541,420,86,0.06000727580989541
N,750X765,0.06000718290149681,750,266,0.06000718290149681
N,520X262,-0.060004131802037515,520,266,0.060004131802037515
M,330X585,0.05996583310540821,330,128,0.05996583310540821
N,420X15,-0.059927605801010815,420,266,0.059927605801010815
O,420X90,0.05990940535220856,420,86,0.05990940535220856
M,312X284,0.05989754596018974,312,128,0.05989754596018974
M,420X67,-0.05989637657014187,420,128,0.05989637657014187
J,344X201,-0.05984420999882089,344,142,0.05984420999882089
N,344X201,-0.05984420999882089,344,266,0.05984420999882089
N,210X16,0.059832367368801036,210,266,0.059832367368801036
N,330X691,0.059828433733815,330,266,0.059828433733815
L,311X151,0.05981865547347816,311,178,0.05981865547347816
M,312X233,-0.05981526228202603,312,128,0.05981526228202603
N,400X118,-0.05980555388892041,400,266,0.05980555388892041
L,330X689,-0.059780796802814236,330,178,0.059780796802814236
O,210X160,0.05976340972414597,210,86,0.05976340972414597
O,330X468,0.05974083258341347,330,86,0.05974083258341347
L,520X392,0.059729844535670956,520,178,0.059729844535670956
O,310X167,0.05970871177739555,310,86,0.05970871177739555
J,312X124,0.05970594014020232,312,142,0.05970594014020232
L,330X159,-0.05968481733042491,330,178,0.05968481733042491
N,311X223,-0.05967311377938671,311,266,0.05967311377938671
L,312X257,-0.059646826461156585,312,178,0.059646826461156585
N,220X185,-0.05962536119873419,220,266,0.05962536119873419
J,520X387,-0.059625258537037186,520,142,0.059625258537037186
M,330X73,-0.05959971222574994,330,128,0.05959971222574994
N,340X53,-0.05959246726403348,340,266,0.05959246726403348
L,750X58,-0.059587676703441735,750,178,0.059587676703441735
O,400X140,-0.05958607881202707,400,86,0.05958607881202707
N,520X159,-0.05958483668295375,520,266,0.05958483668295375
J,312X373,-0.05957059322490125,312,142,0.05957059322490125
N,750X582,-0.059562947737321376,750,266,0.059562947737321376
M,312X720,-0.05955744455826821,312,128,0.05955744455826821
L,400X32,0.059556629798952,400,178,0.059556629798952
M,330X709,-0.05955576825694463,330,128,0.05955576825694463
M,750X80,0.059547107302813165,750,128,0.059547107302813165
J,400X19,0.059519269384030515,400,142,0.059519269384030515
M,312X439,0.05950896587103445,312,128,0.05950896587103445
L,330X904,0.05949269430819366,330,178,0.05949269430819366
L,330X1093,0.0594918483431714,330,178,0.0594918483431714
L,360X261,0.05940919822998476,360,178,0.05940919822998476
L,360X149,-0.05940267450994734,360,178,0.05940267450994734
J,312X220,-0.0594019284200843,312,142,0.0594019284200843
N,330X697,0.059398034945630326,330,266,0.059398034945630326
L,311X206,0.059392652479765454,311,178,0.059392652479765454
L,360X359,0.059387192175974525,360,178,0.059387192175974525
L,420X193,-0.059369255245840025,420,178,0.059369255245840025
L,360X613,0.059327033351946154,360,178,0.059327033351946154
L,520X266,-0.059300502695850056,520,178,0.059300502695850056
O,330X707,-0.0592705945802028,330,86,0.0592705945802028
L,340X126,-0.05922244609996869,340,178,0.05922244609996869
J,340X133,-0.05921341294055795,340,142,0.05921341294055795
L,750X1116,0.05919619502547641,750,178,0.05919619502547641
L,330X381,0.059181562600984165,330,178,0.059181562600984165
M,311X196,0.05917993072136282,311,128,0.05917993072136282
O,311X142,-0.05914598256342178,311,86,0.05914598256342178
M,360X1138,-0.05908662956993103,360,128,0.05908662956993103
N,312X438,0.05906708053551951,312,266,0.05906708053551951
N,330X615,0.05904823275880398,330,266,0.05904823275880398
L,750X155,-0.05903551019521162,750,178,0.05903551019521162
J,400X109,0.059033829090656,400,142,0.059033829090656
N,360X613,-0.059004374721624904,360,266,0.059004374721624904
J,312X135,0.05898081728546031,312,142,0.05898081728546031
N,400X197,0.05896694093874859,400,266,0.05896694093874859
N,312X462,-0.058960656587808656,312,266,0.058960656587808656
M,520X245,-0.058908702192860554,520,128,0.058908702192860554
O,420X88,0.05886714665711757,420,86,0.05886714665711757
M,420X69,-0.05886445088664021,420,128,0.05886445088664021
L,400X208,-0.05883382187119835,400,178,0.05883382187119835
N,344X234,0.058813119972026186,344,266,0.058813119972026186
O,420X86,0.058787686485382414,420,86,0.058787686485382414
N,344X29,0.05878603769363992,344,266,0.05878603769363992
M,420X139,-0.058707159754972475,420,128,0.058707159754972475
N,520X81,0.05870639249823613,520,266,0.05870639249823613
N,330X916,0.058697159993417646,330,266,0.058697159993417646
J,311X111,0.058690897482885515,311,142,0.058690897482885515
J,330X179,0.058689842202356,330,142,0.058689842202356
J,520X391,-0.058674289401110816,520,142,0.058674289401110816
N,210X126,-0.058671831019834406,210,266,0.058671831019834406
J,344X122,-0.05867178713897872,344,142,0.05867178713897872
L,312X262,-0.05862951606298728,312,178,0.05862951606298728
L,220X114,-0.058613740184122284,220,178,0.058613740184122284
N,220X164,0.058594253169625465,220,266,0.058594253169625465
O,750X307,0.05858949441409177,750,86,0.05858949441409177
O,310X177,-0.05856319710396828,310,86,0.05856319710396828
N,520X181,0.058557434106706115,520,266,0.058557434106706115
J,312X379,0.058542857564957716,312,142,0.058542857564957716
M,330X808,-0.058530995320674344,330,128,0.058530995320674344
M,360X1006,0.05846864685347699,360,128,0.05846864685347699
L,311X143,0.05843840682491343,311,178,0.05843840682491343
N,360X1039,0.05841784213367982,360,266,0.05841784213367982
J,311X51,-0.05841072611325216,311,142,0.05841072611325216
O,312X555,0.05840001151698202,312,86,0.05840001151698202
L,330X550,0.05837566939451963,330,178,0.05837566939451963
M,330X1037,0.0583660716482141,330,128,0.0583660716482141
L,750X111,0.05836531824086454,750,178,0.05836531824086454
L,220X54,0.058346731472063186,220,178,0.058346731472063186
J,340X163,-0.058345789068121566,340,142,0.058345789068121566
L,312X166,0.058314092565596234,312,178,0.058314092565596234
O,330X478,-0.05830590572150549,330,86,0.05830590572150549
O,420X89,0.058295177780829176,420,86,0.058295177780829176
M,310X162,-0.05828609177233529,310,128,0.05828609177233529
O,420X85,0.058285072030678835,420,86,0.058285072030678835
N,330X442,-0.058269484829175246,330,266,0.058269484829175246
L,420X142,0.05826854463612226,420,178,0.05826854463612226
J,440AX136,0.05826056818127135,UNKNOWN,142,0.05826056818127135
N,520X53,-0.05825047447119177,520,266,0.05825047447119177
N,750X69,0.05824674132354413,750,266,0.05824674132354413
N,310X13,0.05823179120992179,310,266,0.05823179120992179
L,220X167,-0.05823009308596877,220,178,0.05823009308596877
J,312X764,-0.058228873990316364,312,142,0.058228873990316364
J,312X22,0.058209939585879965,312,142,0.058209939585879965
J,312X782,0.05820438561479939,312,142,0.05820438561479939
N,400X33,0.05819810742464259,400,266,0.05819810742464259
N,330X13,0.058187782461478946,330,266,0.058187782461478946
J,312X136,0.058187634471604,312,142,0.058187634471604
L,312X111,0.05818123246714017,312,178,0.05818123246714017
O,344X62,0.05817186196973494,344,86,0.05817186196973494
L,330X107,0.05813296650288713,330,178,0.05813296650288713
N,750X521,0.05812677216531991,750,266,0.05812677216531991
N,420X159,0.05811928766257879,420,266,0.05811928766257879
J,340X108,0.05810684154860398,340,142,0.05810684154860398
M,340X188,-0.058098322320086195,340,128,0.058098322320086195
N,420X122,-0.058018625421419334,420,266,0.058018625421419334
J,520X22,0.0580129275819197,520,142,0.0580129275819197
M,330X1077,-0.05796733522178282,330,128,0.05796733522178282
N,344X6,-0.05795973278478746,344,266,0.05795973278478746
N,750X109,-0.05793362523546022,750,266,0.05793362523546022
M,330X560,0.0579008674890855,330,128,0.0579008674890855
M,311X75,0.05788789418347513,311,128,0.05788789418347513
L,400X210,-0.05786610193530923,400,178,0.05786610193530923
O,344X66,0.057855528755414665,344,86,0.057855528755414665
J,312X38,-0.0578155115910513,312,142,0.0578155115910513
N,360X696,-0.05780487625284577,360,266,0.05780487625284577
M,340X189,-0.05774518079030007,340,128,0.05774518079030007
N,312X780,0.05774484839111258,312,266,0.05774484839111258
M,330X818,-0.05773377586328451,330,128,0.05773377586328451
J,330X546,-0.0577266124724349,330,142,0.0577266124724349
J,360X414,-0.057708635765838845,360,142,0.057708635765838845
J,340X3,-0.05768241000266406,340,142,0.05768241000266406
N,360X100,0.05766073364531618,360,266,0.05766073364531618
L,330X321,0.05764863726774369,330,178,0.05764863726774369
M,330X590,0.05763476956724681,330,128,0.05763476956724681
O,360X131,-0.05763464044465719,360,86,0.05763464044465719
M,330X63,-0.0576175167974632,330,128,0.0576175167974632
J,400X159,0.057615848428480415,400,142,0.057615848428480415
N,344X236,0.05760675660665717,344,266,0.05760675660665717
M,330X1107,-0.05759541060453261,330,128,0.05759541060453261
M,344X156,0.05759450940355116,344,128,0.05759450940355116
O,330X59,0.057592540943514105,330,86,0.057592540943514105
L,312X723,0.05744988772233283,312,178,0.05744988772233283
O,520X91,0.05743874249604848,520,86,0.05743874249604848
M,420X73,-0.05743035780266611,420,128,0.05743035780266611
M,420X68,-0.0574063332665755,420,128,0.0574063332665755
N,312X760,-0.05740037218670813,312,266,0.05740037218670813
L,312X786,-0.057381346642540035,312,178,0.057381346642540035
L,520X93,-0.05737701189378794,520,178,0.05737701189378794
L,312X778,-0.057376463622427216,312,178,0.057376463622427216
O,310X168,-0.0573579456858571,310,86,0.0573579456858571
M,311X31,-0.05729925472725618,311,128,0.05729925472725618
O,311X152,-0.0572368306441463,311,86,0.0572368306441463
M,420X124,-0.05722391321982092,420,128,0.05722391321982092
L,520X124,0.057222291960708924,520,178,0.057222291960708924
N,750X370,0.05717829413187754,750,266,0.05717829413187754
J,520X390,-0.05716330986948845,520,142,0.05716330986948845
J,400X147,-0.057138958859393775,400,142,0.057138958859393775
J,520X388,-0.05706969019008177,520,142,0.05706969019008177
N,210X20,-0.05704812694394576,210,266,0.05704812694394576
N,400X202,0.05702297982215806,400,266,0.05702297982215806
O,344X64,0.056969154747536714,344,86,0.056969154747536714
J,400X214,-0.056953736873984265,400,142,0.056953736873984265
L,210X185,-0.05693873838616618,210,178,0.05693873838616618
L,311X189,0.05693223334910236,311,178,0.05693223334910236
N,360X455,-0.05685930449570112,360,266,0.05685930449570112
M,420X71,-0.05685885008848427,420,128,0.05685885008848427
M,400X121,-0.05684931747552997,400,128,0.05684931747552997
J,312X790,0.056827373949420605,312,142,0.056827373949420605
O,210X178,0.05678014336190772,210,86,0.05678014336190772
N,400X16,0.056771210910112994,400,266,0.056771210910112994
O,340X110,-0.056760783568312004,340,86,0.056760783568312004
L,312X60,-0.05676068422665832,312,178,0.05676068422665832
M,400X108,-0.05674946789016921,400,128,0.05674946789016921
N,340X147,0.056741218991128,340,266,0.056741218991128
M,344X225,0.05673792161877739,344,128,0.05673792161877739
L,520X327,0.05672211811896839,520,178,0.05672211811896839
L,311X8,-0.05668765902250321,311,178,0.05668765902250321
M,750X685,-0.056679123837995136,750,128,0.056679123837995136
L,312X777,-0.05665693855678257,312,178,0.05665693855678257
J,520X165,0.056651789677355395,520,142,0.056651789677355395
O,312X567,0.05662489978320045,312,86,0.05662489978320045
N,400X110,-0.05661896608487157,400,266,0.05661896608487157
M,210X112,0.05661864138366705,210,128,0.05661864138366705
O,310X159,-0.05660659218261648,310,86,0.05660659218261648
L,520X237,0.05660000759418807,520,178,0.05660000759418807
N,750X971,-0.05659998518794137,750,266,0.05659998518794137
O,520X388,0.056586569057960015,520,86,0.056586569057960015
M,330X1258,-0.05657276278412192,330,128,0.05657276278412192
L,310X201,0.05653505051351029,310,178,0.05653505051351029
M,344X182,0.05650432083369706,344,128,0.05650432083369706
N,330X412,-0.05646589986585196,330,266,0.05646589986585196
J,312X725,-0.05646384484290024,312,142,0.05646384484290024
M,750X1050,0.05646146326044079,750,128,0.05646146326044079
L,330X1251,0.0564488235058037,330,178,0.0564488235058037
L,520X333,-0.05644364442433544,520,178,0.05644364442433544
M,330X567,0.05643396854196268,330,128,0.05643396854196268
N,312X77,-0.056396287595687454,312,266,0.056396287595687454
O,310X44,-0.056376340273163905,310,86,0.056376340273163905
M,420X79,-0.05637120048008704,420,128,0.05637120048008704
O,310X166,-0.05637072504469938,310,86,0.05637072504469938
L,750X1212,-0.056336053298314426,750,178,0.056336053298314426
M,312X703,-0.056302018525208074,312,128,0.056302018525208074
M,312X97,-0.05629177607328486,312,128,0.05629177607328486
L,210X104,0.056273743287757604,210,178,0.056273743287757604
J,330X953,-0.05626163072487113,330,142,0.05626163072487113
M,420X22,-0.05625976058316323,420,128,0.05625976058316323
N,330X128,0.05623483547431337,330,266,0.05623483547431337
N,310X12,0.05622897020048248,310,266,0.05622897020048248
N,420X14,-0.05620920889484967,420,266,0.05620920889484967
N,312X782,0.0562072854840322,312,266,0.0562072854840322
O,420X33,0.05618306525407287,420,86,0.05618306525407287
L,330X1261,0.05614552448796601,330,178,0.05614552448796601
J,311X104,0.05612699329059264,311,142,0.05612699329059264
M,750X653,-0.05608755205635022,750,128,0.05608755205635022
N,360X995,0.05607949301642618,360,266,0.05607949301642618
M,311X21,-0.056077284726724526,311,128,0.056077284726724526
O,311X21,-0.056077284726724526,311,86,0.056077284726724526
J,311X21,-0.056077284726724526,311,142,0.056077284726724526
L,311X21,-0.056077284726724526,311,178,0.056077284726724526
M,312X585,0.05607216997394929,312,128,0.05607216997394929
L,312X788,-0.056044364496885504,312,178,0.056044364496885504
M,312X470,0.05604275513833259,312,128,0.05604275513833259
M,312X579,0.056023964010874255,312,128,0.056023964010874255
M,312X584,0.056014095677382136,312,128,0.056014095677382136
M,312X577,0.05600575901727548,312,128,0.05600575901727548
M,312X578,0.056004249351260256,312,128,0.056004249351260256
M,312X511,0.055999564805977266,312,128,0.055999564805977266
M,312X457,0.05599956480597694,312,128,0.05599956480597694
N,311X154,0.05599839049377499,311,266,0.05599839049377499
M,312X458,0.055993788545265065,312,128,0.055993788545265065
M,312X464,0.05598573225272507,312,128,0.05598573225272507
M,312X469,0.05596689846872772,312,128,0.05596689846872772
M,311X17,-0.05596548816549041,311,128,0.05596548816549041
M,312X463,0.0559651117275821,312,128,0.0559651117275821
M,312X583,0.055964291553036456,312,128,0.055964291553036456
N,330X355,0.0559550248006454,330,266,0.0559550248006454
J,420X1,-0.05595291615186737,420,142,0.05595291615186737
M,311X134,-0.055950682254535096,311,128,0.055950682254535096
J,312X338,-0.05594148392535692,312,142,0.05594148392535692
O,400X122,-0.05592986516994019,400,86,0.05592986516994019
N,750X541,-0.055927056480147744,750,266,0.055927056480147744
J,210X59,-0.055914055603170296,210,142,0.055914055603170296
M,210X59,-0.055914055603170046,210,128,0.055914055603170046
M,360X211,0.05591252602125405,360,128,0.05591252602125405
N,400X169,-0.05588368392859653,400,266,0.05588368392859653
N,520X162,-0.05585621980825034,520,266,0.05585621980825034
L,311X87,0.05584475890977358,311,178,0.05584475890977358
O,312X673,-0.055842249853064616,312,86,0.055842249853064616
L,312X783,-0.05583196399373498,312,178,0.05583196399373498
N,312X447,0.05580759900745314,312,266,0.05580759900745314
L,330X395,0.05575183948338993,330,178,0.05575183948338993
L,750X776,-0.0557302502548992,750,178,0.0557302502548992
M,330X76,-0.05572922531684819,330,128,0.05572922531684819
N,330X478,-0.05572035611239784,330,266,0.05572035611239784
N,330X185,0.055710422734450836,330,266,0.055710422734450836
J,312X778,0.05569131503042715,312,142,0.05569131503042715
N,400X92,0.055688150949640275,400,266,0.055688150949640275
N,360X1212,0.05567558953983503,360,266,0.05567558953983503
O,311X52,-0.05567134518467185,311,86,0.05567134518467185
J,750X1278,0.055668650175658974,750,142,0.055668650175658974
M,344X108,0.05565099338599994,344,128,0.05565099338599994
N,360X1356,-0.05563475275357628,360,266,0.05563475275357628
N,420X13,-0.055631424571739,420,266,0.055631424571739
M,ERROR:#N/A_5,0.05559194549374238,UNKNOWN,128,0.05559194549374238
J,520X62,0.05558290267160519,520,142,0.05558290267160519
N,330X541,0.05556126733171909,330,266,0.05556126733171909
N,750X1152,0.05555817338832018,750,266,0.05555817338832018
L,750X1028,0.055543765652906245,750,178,0.055543765652906245
N,312X129,-0.05554359453253193,312,266,0.05554359453253193
J,750X584,0.055524380663316976,750,142,0.055524380663316976
M,210X29,0.055520822475852244,210,128,0.055520822475852244
O,210X29,0.05552082247585184,210,86,0.05552082247585184
J,340X185,-0.055450834316160394,340,142,0.055450834316160394
N,520X320,-0.055366920822161776,520,266,0.055366920822161776
J,312X720,-0.05536491214357126,312,142,0.05536491214357126
L,310X167,-0.05536116047352488,310,178,0.05536116047352488
L,360X141,-0.0553557007334519,360,178,0.0553557007334519
N,312X141,-0.05534816159670293,312,266,0.05534816159670293
L,312X238,-0.055342479702919375,312,178,0.055342479702919375
L,312X426,0.055337844154917555,312,178,0.055337844154917555
N,420X135,-0.05531744881960162,420,266,0.05531744881960162
M,220X176,-0.05531377365424,220,128,0.05531377365424
N,750X34,0.05530930321180502,750,266,0.05530930321180502
O,330X204,-0.0553075199411945,330,86,0.0553075199411945
N,750X455,0.055274954938126196,750,266,0.055274954938126196
O,330X165,-0.05526452277776294,330,86,0.05526452277776294
J,340X51,0.05525282589124423,340,142,0.05525282589124423
L,330X816,-0.055215716743600124,330,178,0.055215716743600124
J,311X129,0.055135143785620684,311,142,0.055135143785620684
J,330X897,-0.055058799046107984,330,142,0.055058799046107984
L,520X259,-0.055058480620534034,520,178,0.055058480620534034
N,750X1028,0.05505717906308692,750,266,0.05505717906308692
J,340X187,-0.05504961774061618,340,142,0.05504961774061618
J,340X22,-0.05504608294812918,340,142,0.05504608294812918
J,312X713,-0.0550191461998132,312,142,0.0550191461998132
M,312X701,0.054979949462118816,312,128,0.054979949462118816
L,400X212,-0.054961683417112585,400,178,0.054961683417112585
J,330X980,-0.05489602626275222,330,142,0.05489602626275222
N,312X766,-0.05487907184787823,312,266,0.05487907184787823
L,220X110,-0.05487421093185736,220,178,0.05487421093185736
J,340X126,-0.05487052109568447,340,142,0.05487052109568447
L,420X123,-0.054820647330574374,420,178,0.054820647330574374
N,220X204,0.054819478892963805,220,266,0.054819478892963805
M,330X553,0.054787554393510435,330,128,0.054787554393510435
N,312X692,-0.05475369054880095,312,266,0.05475369054880095
N,360X1364,0.0547257836295374,360,266,0.0547257836295374
J,344X169,-0.05471461910929095,344,142,0.05471461910929095
M,330X281,0.05470334101261627,330,128,0.05470334101261627
L,312X780,-0.05469665052868061,312,178,0.05469665052868061
M,340X147,0.05468537772333566,340,128,0.05468537772333566
N,420X78,0.05467726001474087,420,266,0.05467726001474087
N,311X127,0.05465858505204062,311,266,0.05465858505204062
O,312X667,-0.05462526572718321,312,86,0.05462526572718321
L,344X176,0.05457325593698712,344,178,0.05457325593698712
O,312X262,-0.05456173205743032,312,86,0.05456173205743032
N,210X145,0.05454871802362042,210,266,0.05454871802362042
N,400X84,-0.05452712270644606,400,266,0.05452712270644606
O,360X704,-0.05452456463457946,360,86,0.05452456463457946
M,312X280,0.05451826169871785,312,128,0.05451826169871785
J,520X239,-0.05451369580619661,520,142,0.05451369580619661
N,340X149,0.05443049201271078,340,266,0.05443049201271078
L,312X570,-0.05442457568580032,312,178,0.05442457568580032
O,520X396,-0.05440897469022223,520,86,0.05440897469022223
O,360X58,-0.05440153797361891,360,86,0.05440153797361891
N,340X73,0.05437174321261428,340,266,0.05437174321261428
N,520X91,-0.05437103229651876,520,266,0.05437103229651876
J,750X392,-0.054365937038693045,750,142,0.054365937038693045
N,344X168,0.05436491008079899,344,266,0.05436491008079899
J,312X726,-0.05432610254348279,312,142,0.05432610254348279
L,220X9,-0.054322510326562046,220,178,0.054322510326562046
M,420X70,-0.05430474958769385,420,128,0.05430474958769385
J,330X1258,-0.0543033971879069,330,142,0.0543033971879069
N,360X149,-0.054268594596766605,360,266,0.054268594596766605
N,330X234,0.05425634544293223,330,266,0.05425634544293223
N,520X294,0.05423500272921894,520,266,0.05423500272921894
N,310X207,0.054216429556664635,310,266,0.054216429556664635
O,344X19,-0.054209917704575415,344,86,0.054209917704575415
L,312X32,-0.05420961191164063,312,178,0.05420961191164063
L,330X331,0.05420406749802627,330,178,0.05420406749802627
N,420X110,0.054191300712030314,420,266,0.054191300712030314
N,400X61,-0.054178426010733326,400,266,0.054178426010733326
M,312X444,0.05417606677932101,312,128,0.05417606677932101
M,330X66,-0.0541719913317251,330,128,0.0541719913317251
L,210X184,-0.054142315809138905,210,178,0.054142315809138905
M,420X135,-0.054130071803627215,420,128,0.054130071803627215
L,520X264,-0.054120855397506246,520,178,0.054120855397506246
J,400X57,-0.05410373644595166,400,142,0.05410373644595166
M,ERROR:#N/A (#2),-0.05408712775758062,UNKNOWN,128,0.05408712775758062
O,400X204,0.05408459313503086,400,86,0.05408459313503086
M,344X191,0.0540831016793544,344,128,0.0540831016793544
M,420X66,-0.05406511945392454,420,128,0.05406511945392454
L,330X810,-0.05397540954477425,330,178,0.05397540954477425
L,520X242,0.05394302735218796,520,178,0.05394302735218796
M,344X192,0.0539419074254175,344,128,0.0539419074254175
N,440AX113,0.05391823484529823,UNKNOWN,266,0.05391823484529823
N,360X165,-0.05391331884002934,360,266,0.05391331884002934
J,340X124,-0.05390582454240163,340,142,0.05390582454240163
N,520X411,0.05390135337895378,520,266,0.05390135337895378
L,750X219,-0.05389865014685012,750,178,0.05389865014685012
M,520X330,0.05388992535318323,520,128,0.05388992535318323
L,420X91,0.053875952020658965,420,178,0.053875952020658965
L,312X186,-0.05383640332229047,312,178,0.05383640332229047
O,310X180,-0.05382162877175704,310,86,0.05382162877175704
N,210X102,-0.05379391967569709,210,266,0.05379391967569709
M,440AX2,-0.0537763853341024,UNKNOWN,128,0.0537763853341024
N,312X290,-0.05375474124400501,312,266,0.05375474124400501
N,312X171,0.05375031122048657,312,266,0.05375031122048657
L,312X441,-0.053749778388351634,312,178,0.053749778388351634
N,312X259,0.05374754832472717,312,266,0.05374754832472717
J,311X189,0.053741191760124964,311,142,0.053741191760124964
N,340X77,0.053706849480558004,340,266,0.053706849480558004
O,420X21,0.0536897070256718,420,86,0.0536897070256718
L,360X157,-0.05365703276410323,360,178,0.05365703276410323
M,210X164,-0.05357473911997058,210,128,0.05357473911997058
N,340X133,0.05356524919217986,340,266,0.05356524919217986
L,330X351,0.05352859424238269,330,178,0.05352859424238269
M,312X96,0.05352771317739699,312,128,0.05352771317739699
J,400X99,0.05351133888402837,400,142,0.05351133888402837
N,344X37,0.05350954080892504,344,266,0.05350954080892504
O,360X669,0.05350835319239769,360,86,0.05350835319239769
O,310X155,0.053440517621436194,310,86,0.053440517621436194
L,520X177,0.05342687158907655,520,178,0.05342687158907655
L,312X93,-0.05341199613946392,312,178,0.05341199613946392
J,750X661,0.05340295524028506,750,142,0.05340295524028506
O,344X230,0.053390446714180806,344,86,0.053390446714180806
M,311X145,0.05337199682787867,311,128,0.05337199682787867
N,520X281,-0.05335365637611677,520,266,0.05335365637611677
M,440AX115,-0.05334924584555642,UNKNOWN,128,0.05334924584555642
J,330X893,-0.05333037709726376,330,142,0.05333037709726376
L,520X7,-0.05331529270002158,520,178,0.05331529270002158
J,750X252,0.053314298056765935,750,142,0.053314298056765935
J,520X37,0.05330957008802506,520,142,0.05330957008802506
J,340X186,-0.05330144896822278,340,142,0.05330144896822278
L,750X971,-0.053285758037590586,750,178,0.053285758037590586
N,750X1356,-0.053269349563338765,750,266,0.053269349563338765
N,311X112,0.05325359175421974,311,266,0.05325359175421974
O,360X554,0.053246039946455964,360,86,0.053246039946455964
N,400X4,0.05322206000610479,400,266,0.05322206000610479
J,312X262,-0.05321589684092007,312,142,0.05321589684092007
L,312X696,-0.05321576626259547,312,178,0.05321576626259547
N,400X7,-0.05319533848350181,400,266,0.05319533848350181
N,400X219,-0.05314786366467478,400,266,0.05314786366467478
N,400X9,-0.053147453167757985,400,266,0.053147453167757985
L,310X176,0.05314288214387204,310,178,0.05314288214387204
M,344X137,-0.05314194689585642,344,128,0.05314194689585642
M,312X524,-0.05313864977729793,312,128,0.05313864977729793
L,330X391,0.05313290419390278,330,178,0.05313290419390278
M,312X570,0.05312777225296306,312,128,0.05312777225296306
L,310X166,0.053111940679914156,310,178,0.053111940679914156
J,400X142,0.05311125970040424,400,142,0.05311125970040424
N,400X65,-0.05309983473974172,400,266,0.05309983473974172
J,312X714,-0.05306327341651134,312,142,0.05306327341651134
M,312X22,0.05305543544988988,312,128,0.05305543544988988
O,344X69,0.05305416521686945,344,86,0.05305416521686945
O,340X83,-0.05305150227674199,340,86,0.05305150227674199
L,220X4,-0.05298543950793036,220,178,0.05298543950793036
J,330X550,0.05297906288204388,330,142,0.05297906288204388
L,210X172,-0.052972216146547006,210,178,0.052972216146547006
J,311X140,-0.05295903430116978,311,142,0.05295903430116978
J,311X16,-0.05292210191650336,311,142,0.05292210191650336
L,400X147,-0.05290963887459767,400,178,0.05290963887459767
J,360X100,0.052897548841275156,360,142,0.052897548841275156
N,312X777,0.05288203883569091,312,266,0.05288203883569091
L,210X114,0.05287188930144493,210,178,0.05287188930144493
J,312X448,0.05284094102269539,312,142,0.05284094102269539
N,312X489,-0.05279318554108618,312,266,0.05279318554108618
M,312X483,0.05278501307739034,312,128,0.05278501307739034
L,420X135,-0.05276156948013095,420,178,0.05276156948013095
L,220X112,0.05276064204988276,220,178,0.05276064204988276
M,312X23,-0.052755437181251766,312,128,0.052755437181251766
L,220X11,-0.05274890582695027,220,178,0.05274890582695027
M,420X13,0.052742710463340836,420,128,0.052742710463340836
N,400X25,-0.05272063781982145,400,266,0.05272063781982145
N,312X338,0.052696588778850986,312,266,0.052696588778850986
M,340X83,0.052684627326237396,340,128,0.052684627326237396
L,330X361,0.05268212178111483,330,178,0.05268212178111483
M,312X236,0.0526660515114169,312,128,0.0526660515114169
L,360X1028,-0.05262028024084859,360,178,0.05262028024084859
N,440AX146,0.05261786216071894,UNKNOWN,266,0.05261786216071894
O,360X653,0.05260509389053324,360,86,0.05260509389053324
O,312X525,0.05258717762818713,312,86,0.05258717762818713
J,340X181,-0.05255888842526108,340,142,0.05255888842526108
J,400X122,0.05252772191216604,400,142,0.05252772191216604
J,311X15,-0.05250448047808319,311,142,0.05250448047808319
J,312X95,0.052484653331136055,312,142,0.052484653331136055
L,344X146,0.05247407032636849,344,178,0.05247407032636849
L,330X532,-0.05246342140367087,330,178,0.05246342140367087
M,330X1041,0.052453894418938544,330,128,0.052453894418938544
N,420X92,0.05242580431298646,420,266,0.05242580431298646
M,330X271,0.052418947748496945,330,128,0.052418947748496945
M,330X699,-0.052414774564912565,330,128,0.052414774564912565
O,400X120,-0.0524103356552892,400,86,0.0524103356552892
L,330X152,-0.05238728154769957,330,178,0.05238728154769957
L,520X236,0.05237235363514012,520,178,0.05237235363514012
L,220X116,0.05235908124718313,220,178,0.05235908124718313
N,750X554,0.05232121822565224,750,266,0.05232121822565224
J,312X783,0.05224098335618795,312,142,0.05224098335618795
J,312X719,-0.05223097016737747,312,142,0.05223097016737747
N,330X378,0.05221251455623659,330,266,0.05221251455623659
L,330X813,-0.05218662292386483,330,178,0.05218662292386483
J,330X109,0.05217434770714146,330,142,0.05217434770714146
M,311X73,0.052158401548199944,311,128,0.052158401548199944
N,360X1006,0.05213994430424078,360,266,0.05213994430424078
L,330X535,-0.05213576461903694,330,178,0.05213576461903694
M,330X689,-0.052133327887387095,330,128,0.052133327887387095
L,520X174,0.05211843586724438,520,178,0.05211843586724438
J,520X28,0.05211360524658473,520,142,0.05211360524658473
L,312X698,-0.05207818587769555,312,178,0.05207818587769555
J,ERROR:#N/A_3 (#1),-0.05205796842037884,UNKNOWN,142,0.05205796842037884
N,ERROR:#N/A_3 (#1),-0.05205796842037884,UNKNOWN,266,0.05205796842037884
O,ERROR:#N/A_3 (#1),-0.05205796842037884,UNKNOWN,86,0.05205796842037884
M,ERROR:#N/A_3 (#1),-0.05205796842037884,UNKNOWN,128,0.05205796842037884
L,312X525,0.05205007452327012,312,178,0.05205007452327012
J,340X48,-0.05204451694048076,340,142,0.05204451694048076
N,400X168,-0.05203533244075952,400,266,0.05203533244075952
J,344X221,0.0520250160795781,344,142,0.0520250160795781
L,340X59,-0.05200767758826094,340,178,0.05200767758826094
L,220X120,0.05199864728527751,220,178,0.05199864728527751
N,400X60,-0.051979701137027164,400,266,0.051979701137027164
N,750X584,0.05193297812145703,750,266,0.05193297812145703
O,330X175,-0.05192294071151245,330,86,0.05192294071151245
J,344X121,-0.05191787995145313,344,142,0.05191787995145313
N,312X70,-0.051909609717443586,312,266,0.051909609717443586
J,220X27,0.0519033873077433,220,142,0.0519033873077433
L,520X57,0.051874399268773776,520,178,0.051874399268773776
J,312X421,-0.05187430514156953,312,142,0.05187430514156953
J,400X228,-0.05186165509525656,400,142,0.05186165509525656
L,312X64,-0.05184074900935734,312,178,0.05184074900935734
L,220X124,0.051840723300556446,220,178,0.051840723300556446
M,312X286,-0.051837267461705465,312,128,0.051837267461705465
L,340X143,-0.05183506439309738,340,178,0.05183506439309738
M,311X205,-0.05181133770506264,311,128,0.05181133770506264
O,311X151,-0.05175473768749559,311,86,0.05175473768749559
N,311X128,0.051742461947546906,311,266,0.051742461947546906
N,330X626,0.05171257744185781,330,266,0.05171257744185781
L,400X201,-0.051671761778596406,400,178,0.051671761778596406
N,310X171,0.0516402255253775,310,266,0.0516402255253775
J,310X201,-0.05161641383449594,310,142,0.05161641383449594
N,340X10,0.05158737815890037,340,266,0.05158737815890037
O,520X137,0.05156979498011905,520,86,0.05156979498011905
N,311X143,-0.0515589024777722,311,266,0.0515589024777722
N,420X77,0.0515588300630227,420,266,0.0515588300630227
J,312X166,0.05155338989387597,312,142,0.05155338989387597
N,312X142,-0.05153893651416333,312,266,0.05153893651416333
L,330X1153,-0.05153512414335892,330,178,0.05153512414335892
O,344X226,0.051527549911651725,344,86,0.051527549911651725
O,312X173,0.05149865268418342,312,86,0.05149865268418342
L,312X387,0.05149057074847655,312,178,0.05149057074847655
L,312X755,0.05138988093058898,312,178,0.05138988093058898
L,312X429,0.05138988093058625,312,178,0.05138988093058625
N,330X189,0.051356633610646116,330,266,0.051356633610646116
N,520X242,-0.05132261293503388,520,266,0.05132261293503388
N,520X61,0.051308353655176185,520,266,0.051308353655176185
N,750X1017,0.05128026744919374,750,266,0.05128026744919374
M,312X519,0.05125932879304644,312,128,0.05125932879304644
L,ERROR:#N/A_5,-0.051246442290887484,UNKNOWN,178,0.051246442290887484
N,420X97,0.05120761783458447,420,266,0.05120761783458447
J,220X217,0.05119493023343068,220,142,0.05119493023343068
N,311X211,-0.0511885629465287,311,266,0.0511885629465287
L,750X307,-0.05118504008651038,750,178,0.05118504008651038
L,220X128,0.05117002276176597,220,178,0.05117002276176597
J,312X381,0.0511575060827511,312,142,0.0511575060827511
J,210X140,-0.05114355967934737,210,142,0.05114355967934737
J,520X73,0.05114190050489961,520,142,0.05114190050489961
N,400X27,-0.051137809981421097,400,266,0.051137809981421097
J,311X205,0.051114490807018534,311,142,0.051114490807018534
L,312X216,-0.05102290795006619,312,178,0.05102290795006619
O,360X477,-0.051006719179327704,360,86,0.051006719179327704
L,312X189,0.05099772887423521,312,178,0.05099772887423521
J,750X499,0.05099519529868781,750,142,0.05099519529868781
N,400X64,-0.050975559015900736,400,266,0.050975559015900736
L,330X1147,-0.05096291195366562,330,178,0.05096291195366562
L,750X47,0.050953248647441614,750,178,0.050953248647441614
L,344X138,-0.05093018431726939,344,178,0.05093018431726939
N,520X237,-0.05092768527368891,520,266,0.05092768527368891
J,400X146,0.05092760149305824,400,142,0.05092760149305824
O,520X405,0.05091259960463385,520,86,0.05091259960463385
N,210X19,0.050902459454604025,210,266,0.050902459454604025
J,330X895,-0.05089538389945259,330,142,0.05089538389945259
N,520X67,0.050878202835101895,520,266,0.050878202835101895
J,400X121,0.05086317204030862,400,142,0.05086317204030862
J,344X104,0.05085368202126334,344,142,0.05085368202126334
M,311X95,0.050850913624425724,311,128,0.050850913624425724
N,750X348,0.05083854827948982,750,266,0.05083854827948982
M,520X289,-0.05081667358456769,520,128,0.05081667358456769
N,330X100,0.05081367460089746,330,266,0.05081367460089746
L,360X1267,0.05081035927493708,360,178,0.05081035927493708
N,312X778,0.050790457957276075,312,266,0.050790457957276075
L,210X231,0.05078275503453926,210,178,0.05078275503453926
L,750X521,-0.05075894861721485,750,178,0.05075894861721485
J,312X566,0.050743806182733865,312,142,0.050743806182733865
J,312X129,0.05074132241380177,312,142,0.05074132241380177
M,520X18,-0.05071562122694565,520,128,0.05071562122694565
J,210X100,0.0507138892751992,210,142,0.0507138892751992
N,344X176,0.05068425855903413,344,266,0.05068425855903413
O,330X452,0.050649060516610306,330,86,0.050649060516610306
L,330X428,-0.05063584115935037,330,178,0.05063584115935037
O,750X117,-0.0505687306819002,750,86,0.0505687306819002
N,344X231,0.05055658355299191,344,266,0.05055658355299191
J,311X204,0.050554976292698964,311,142,0.050554976292698964
N,750X91,-0.05055284495181319,750,266,0.05055284495181319
M,220X5,-0.050550851072460316,220,128,0.050550851072460316
N,312X560,-0.05054988699530906,312,266,0.05054988699530906
M,330X1256,-0.050501763313305706,330,128,0.050501763313305706
J,520X326,0.05048233814950931,520,142,0.05048233814950931
J,312X58,-0.050472993881193876,312,142,0.050472993881193876
N,330X516,0.05045856482977309,330,266,0.05045856482977309
M,340X20,-0.05045845122307568,340,128,0.05045845122307568
J,420X67,0.050440082980013366,420,142,0.050440082980013366
M,750X261,-0.05042236894325303,750,128,0.05042236894325303
J,344X146,-0.05040708619392596,344,142,0.05040708619392596
L,420X36,0.05039525974909513,420,178,0.05039525974909513
N,400X157,0.050392918342630544,400,266,0.050392918342630544
L,750X541,-0.050388669626263045,750,178,0.050388669626263045
J,312X213,0.05037273824582797,312,142,0.05037273824582797
N,360X436,-0.05035424543088294,360,266,0.05035424543088294
L,340X39,-0.05034833134523125,340,178,0.05034833134523125
N,ERROR:#N/A_17,-0.050342335906256495,UNKNOWN,266,0.050342335906256495
L,312X785,-0.0503300871591422,312,178,0.0503300871591422
O,420X121,-0.05032482069395707,420,86,0.05032482069395707
M,400X194,-0.05031129399173409,400,128,0.05031129399173409
J,360X335,-0.05030073209783845,360,142,0.05030073209783845
J,311X207,0.050280778132686485,311,142,0.050280778132686485
L,400X209,-0.050260720868935266,400,178,0.050260720868935266
N,312X776,0.0502502010901477,312,266,0.0502502010901477
J,312X590,0.050243725434374005,312,142,0.050243725434374005
M,360X1288,0.05021587487853279,360,128,0.05021587487853279
N,310X166,0.05021459126620927,310,266,0.05021459126620927
L,340X85,-0.0501644972549315,340,178,0.0501644972549315
L,330X1150,-0.05015966177786384,330,178,0.05015966177786384
J,420X158,0.0501570259371894,420,142,0.0501570259371894
N,420X158,0.0501570259371894,420,266,0.0501570259371894
L,420X158,0.0501570259371894,420,178,0.0501570259371894
N,330X81,0.05015669639146945,330,266,0.05015669639146945
J,400X213,-0.05014842473522881,400,142,0.05014842473522881
N,344X196,-0.05013907052876184,344,266,0.05013907052876184
L,520X160,0.05007745980632098,520,178,0.05007745980632098
J,312X221,-0.05007157727448362,312,142,0.05007157727448362
J,312X670,0.050071531125549795,312,142,0.050071531125549795
M,400X154,-0.05003131851231546,400,128,0.05003131851231546
N,400X154,-0.050031318512312684,400,266,0.050031318512312684
J,220X108,-0.05003131851230988,220,142,0.05003131851230988
L,220X108,-0.05003131851230988,220,178,0.05003131851230988
O,220X108,-0.05003131851230988,220,86,0.05003131851230988
M,220X108,-0.05003131851230988,220,128,0.05003131851230988
M,400X227,-0.05003131851230987,400,128,0.05003131851230987
N,400X227,-0.05003131851230987,400,266,0.05003131851230987
O,400X227,-0.05003131851230987,400,86,0.05003131851230987
J,400X227,-0.05003131851230987,400,142,0.05003131851230987
L,400X154,-0.05003131851230713,400,178,0.05003131851230713
J,400X154,-0.05003131851230435,400,142,0.05003131851230435
O,440AX106,0.05003131851226437,UNKNOWN,86,0.05003131851226437
M,440AX106,0.05003131851226437,UNKNOWN,128,0.05003131851226437
J,440AX106,0.05003131851226437,UNKNOWN,142,0.05003131851226437
N,310X97,-0.05002958372910724,310,266,0.05002958372910724
O,310X97,-0.05002958372910724,310,86,0.05002958372910724
L,310X97,-0.05002958372910724,310,178,0.05002958372910724
M,330X313,-0.05002731940914587,330,128,0.05002731940914587
N,330X432,-0.050012359688804194,330,266,0.050012359688804194
J,312X255,-0.05000671017768567,312,142,0.05000671017768567
M,344X35,0.049952228610758084,344,128,0.049952228610758084
M,330X323,-0.049944944816405816,330,128,0.049944944816405816
L,330X234,0.04993060984090162,330,178,0.04993060984090162
N,330X135,0.04992617017434639,330,266,0.04992617017434639
L,312X694,0.04990865354348077,312,178,0.04990865354348077
O,312X530,0.04987510475951498,312,86,0.04987510475951498
N,330X296,0.04987438370371261,330,266,0.04987438370371261
L,312X789,-0.049869363001410566,312,178,0.049869363001410566
M,360X971,0.04986166215982154,360,128,0.04986166215982154
N,330X71,-0.04985670610447124,330,266,0.04985670610447124
O,420X198,0.04983302622304912,420,86,0.04983302622304912
M,330X1251,0.0498199167786578,330,128,0.0498199167786578
J,400X215,-0.04981673328200468,400,142,0.04981673328200468
L,312X726,0.04980203470655488,312,178,0.04980203470655488
N,520X389,-0.04978344987558283,520,266,0.04978344987558283
M,400X15,0.04975829374809036,400,128,0.04975829374809036
M,330X303,-0.04974824048487788,330,128,0.04974824048487788
L,312X784,-0.04974511554767657,312,178,0.04974511554767657
N,312X130,-0.04968621494167666,312,266,0.04968621494167666
N,400X99,0.04961546943201668,400,266,0.04961546943201668
M,210X90,-0.04959824077751307,210,128,0.04959824077751307
N,330X510,0.04959729647499169,330,266,0.04959729647499169
J,420X66,0.049566522860030354,420,142,0.049566522860030354
J,344X81,0.04954861067650783,344,142,0.04954861067650783
L,750X198,-0.04954538441410391,750,178,0.04954538441410391
N,312X789,0.04954496025784062,312,266,0.04954496025784062
J,312X93,-0.04952996779419453,312,142,0.04952996779419453
J,420X68,0.049527708775701285,420,142,0.049527708775701285
L,312X724,0.04952100007969648,312,178,0.04952100007969648
L,312X101,0.049519687443079434,312,178,0.049519687443079434
M,312X753,-0.04951781828961964,312,128,0.04951781828961964
N,400X80,-0.04951246085290334,400,266,0.04951246085290334
M,311X70,0.04950717481140309,311,128,0.04950717481140309
N,330X1218,0.049494564315074964,330,266,0.049494564315074964
L,312X440,0.04949165240125612,312,178,0.04949165240125612
J,312X57,-0.049461278278259566,312,142,0.049461278278259566
N,750X45,-0.04942861922128029,750,266,0.04942861922128029
J,ERROR:#N/A_14,0.049417856688880844,UNKNOWN,142,0.049417856688880844
L,520X397,0.049393456270275006,520,178,0.049393456270275006
N,330X403,0.0493421162676258,330,266,0.0493421162676258
L,360X241,0.049340910988724125,360,178,0.049340910988724125
O,220X185,-0.04932969825764949,220,86,0.04932969825764949
L,312X792,-0.04932324805873289,312,178,0.04932324805873289
O,312X679,-0.04930330305796547,312,86,0.04930330305796547
J,344X29,0.04928918924489191,344,142,0.04928918924489191
M,312X27,-0.04924858651946973,312,128,0.04924858651946973
N,750X185,-0.0492371429123863,750,266,0.0492371429123863
L,330X218,0.049232569295352094,330,178,0.049232569295352094
N,311X103,0.04922666163836143,311,266,0.04922666163836143
J,520X8,-0.04922517604677617,520,142,0.04922517604677617
M,340X115,-0.049224048402760075,340,128,0.049224048402760075
M,210X126,-0.0492226031009239,210,128,0.0492226031009239
L,420X96,0.04921852203900069,420,178,0.04921852203900069
L,311X149,-0.04921205102097288,311,178,0.04921205102097288
N,340X51,-0.04917518095686303,340,266,0.04917518095686303
L,312X444,-0.049170027403938645,312,178,0.049170027403938645
O,340X7,0.04916693915450925,340,86,0.04916693915450925
N,330X1006,0.04915064292883828,330,266,0.04915064292883828
J,344X230,-0.049146707020919486,344,142,0.049146707020919486
L,344X21,-0.04912259199785779,344,178,0.04912259199785779
N,750X1288,-0.04906530602513496,750,266,0.04906530602513496
J,312X256,-0.04905864815591903,312,142,0.04905864815591903
L,420X77,0.04903851387964382,420,178,0.04903851387964382
J,520X169,0.04899191799760217,520,142,0.04899191799760217
M,520X408,0.0489893624788067,520,128,0.0489893624788067
J,312X784,0.04898865056492609,312,142,0.04898865056492609
O,520X412,0.048956159831953144,520,86,0.048956159831953144
M,420X121,-0.04894485070917978,420,128,0.04894485070917978
O,344X60,-0.048862319736794446,344,86,0.048862319736794446
O,330X1107,-0.04886000960290917,330,86,0.04886000960290917
N,420X19,-0.04884525970558059,420,266,0.04884525970558059
M,520X380,0.04884513509057089,520,128,0.04884513509057089
M,520X381,0.048845135090570875,520,128,0.048845135090570875
N,210X107,0.04883796690304492,210,266,0.04883796690304492
O,520X407,0.04882672275531268,520,86,0.04882672275531268
L,360X611,0.04881263560702925,360,178,0.04881263560702925
L,330X559,0.048784652664591116,330,178,0.048784652664591116
O,420X136,0.04876197254809119,420,86,0.04876197254809119
O,330X1083,0.048756321565481764,330,86,0.048756321565481764
J,312X785,0.04875036754848342,312,142,0.04875036754848342
M,344X177,0.048720727963179604,344,128,0.048720727963179604
L,340X186,0.048696473839092924,340,178,0.048696473839092924
O,420X197,0.048638102848335425,420,86,0.048638102848335425
M,330X341,-0.048625704983742725,330,128,0.048625704983742725
L,344X124,-0.04862403341208198,344,178,0.04862403341208198
N,420X209,0.048611104388285184,420,266,0.048611104388285184
L,344X196,0.04860569328115153,344,178,0.04860569328115153
L,312X187,0.04859741504433407,312,178,0.04859741504433407
J,360X477,0.04858919189360013,360,142,0.04858919189360013
L,340X149,0.04858781060354085,340,178,0.04858781060354085
M,520X411,-0.04854789630571605,520,128,0.04854789630571605
O,312X670,0.0485365587416923,312,86,0.0485365587416923
N,400X77,-0.04848589434943644,400,266,0.04848589434943644
J,311X148,0.048473419692835466,311,142,0.048473419692835466
N,400X187,-0.048459620553774965,400,266,0.048459620553774965
O,312X430,-0.04845771199897507,312,86,0.04845771199897507
J,340X121,-0.0484484487039757,340,142,0.0484484487039757
J,312X560,-0.04844719986307596,312,142,0.04844719986307596
M,311X71,0.04836951386349725,311,128,0.04836951386349725
N,Chamber,-0.04836769002496728,UNKNOWN,266,0.04836769002496728
J,750X80,0.04836455194078464,750,142,0.04836455194078464
N,312X135,-0.048363401256825145,312,266,0.048363401256825145
L,312X117,0.04834391456247381,312,178,0.04834391456247381
L,340X27,0.04831377851249619,340,178,0.04831377851249619
J,312X692,0.048298096081678926,312,142,0.048298096081678926
J,312X389,-0.048266447016332224,312,142,0.048266447016332224
O,344X74,0.04824317932063637,344,86,0.04824317932063637
O,520X408,0.048226032866085324,520,86,0.048226032866085324
N,340X182,-0.04822571378782814,340,266,0.04822571378782814
O,360X327,-0.04821029504643221,360,86,0.04821029504643221
N,312X428,0.048204211685862544,312,266,0.048204211685862544
L,340X147,0.04819959634541389,340,178,0.04819959634541389
L,312X791,-0.04817362692846184,312,178,0.04817362692846184
O,360X1,-0.04816742662562445,360,86,0.04816742662562445
N,312X65,-0.04812696867554548,312,266,0.04812696867554548
L,312X59,0.04812584708921528,312,178,0.04812584708921528
O,520X403,0.048119547909072524,520,86,0.048119547909072524
L,330X435,-0.04808769611496421,330,178,0.04808769611496421
N,330X689,0.048004995928601385,330,266,0.048004995928601385
M,520X305,0.04799107312347252,520,128,0.04799107312347252
M,210X23,-0.047953679043952355,210,128,0.047953679043952355
N,750X1337,-0.047952132132758285,750,266,0.047952132132758285
N,750X318,0.047946383367922576,750,266,0.047946383367922576
M,420X147,0.04791625521884591,420,128,0.04791625521884591
N,400X194,0.047900223251960555,400,266,0.047900223251960555
L,400X194,0.04789782531590458,400,178,0.04789782531590458
M,520X168,0.04789228696009069,520,128,0.04789228696009069
O,340X41,-0.047881577726757385,340,86,0.047881577726757385
J,312X142,0.04788155854592906,312,142,0.04788155854592906
N,312X383,-0.04787207158621219,312,266,0.04787207158621219
M,750X1017,-0.0478715874640423,750,128,0.0478715874640423
N,360X157,-0.04784520793626406,360,266,0.04784520793626406
N,330X616,0.047832907388755896,330,266,0.047832907388755896
O,420X103,-0.047814807157708944,420,86,0.047814807157708944
J,312X130,0.04781080363726381,312,142,0.04781080363726381
J,520X411,-0.04780440051570854,520,142,0.04780440051570854
N,312X207,-0.04779467745121198,312,266,0.04779467745121198
N,312X784,0.04778330071991052,312,266,0.04778330071991052
J,340X83,0.04775867545957635,340,142,0.04775867545957635
N,ERROR:#N/A_11,0.04774870677261354,UNKNOWN,266,0.04774870677261354
L,220X132,0.04772991468391467,220,178,0.04772991468391467
M,330X587,0.04771849146077092,330,128,0.04771849146077092
N,330X193,0.04770566699946157,330,266,0.04770566699946157
J,360X1127,0.047703803458849364,360,142,0.047703803458849364
N,312X448,0.04770025455472118,312,266,0.04770025455472118
M,344X26,-0.04769484929978837,344,128,0.04769484929978837
J,312X791,0.04769432607765442,312,142,0.04769432607765442
J,311X203,0.04768926939710336,311,142,0.04768926939710336
N,520X264,-0.04768916092507122,520,266,0.04768916092507122
M,750X677,-0.047665216363074386,750,128,0.047665216363074386
M,220X188,0.047659316995255316,220,128,0.047659316995255316
O,400X80,-0.047655731309497996,400,86,0.047655731309497996
J,400X211,-0.04763221707246832,400,142,0.04763221707246832
N,312X335,-0.0476211168814679,312,266,0.0476211168814679
N,420X16,-0.04760675012451684,420,266,0.04760675012451684
N,330X112,0.04758605056997,330,266,0.04758605056997
M,311X207,-0.047585609707782646,311,128,0.047585609707782646
L,344X212,-0.04757249418908576,344,178,0.04757249418908576
M,420X193,-0.047540244694687324,420,128,0.047540244694687324
N,312X783,0.0475239618454819,312,266,0.0475239618454819
L,310X180,0.04749989095679807,310,178,0.04749989095679807
N,312X468,0.047489305782334346,312,266,0.047489305782334346
J,400X4,0.04747415746395983,400,142,0.04747415746395983
N,520X18,0.04745805675871482,520,266,0.04745805675871482
M,210X60,0.047457929515692,210,128,0.047457929515692
O,210X60,0.04745792951568925,210,86,0.04745792951568925
J,210X60,0.04745792951568651,210,142,0.04745792951568651
L,340X38,-0.04745552694511225,340,178,0.04745552694511225
M,360X157,0.047441963259556144,360,128,0.047441963259556144
L,420X23,0.04742942674165419,420,178,0.04742942674165419
L,344X165,-0.04741376390847236,344,178,0.04741376390847236
M,330X599,0.04738455751592254,330,128,0.04738455751592254
J,420X70,0.04738271934969666,420,142,0.04738271934969666
O,311X62,0.04738235209261538,311,86,0.04738235209261538
N,312X704,-0.04737184208148749,312,266,0.04737184208148749
L,310X96,-0.047346275837069525,310,178,0.047346275837069525
J,520X333,0.04732474578080146,520,142,0.04732474578080146
N,312X136,-0.047280190671803335,312,266,0.047280190671803335
J,520X331,0.047274488510334965,520,142,0.047274488510334965
O,400X75,-0.047266006462890205,400,86,0.047266006462890205
J,400X34,0.047265539679232964,400,142,0.047265539679232964
J,312X777,0.04726401592422813,312,142,0.04726401592422813
O,420X145,-0.04726040507742802,420,86,0.04726040507742802
N,210X82,0.04725231212260658,210,266,0.04725231212260658
N,330X105,0.04723206693152391,330,266,0.04723206693152391
J,420X71,0.04721313707189525,420,142,0.04721313707189525
N,440AX136,0.04718644751601058,UNKNOWN,266,0.04718644751601058
L,310X174,0.04718591637231054,310,178,0.04718591637231054
J,330X618,0.04717934556429643,330,142,0.04717934556429643
O,360X401,-0.047178019544784115,360,86,0.047178019544784115
O,420X94,-0.04716216857114873,420,86,0.04716216857114873
J,520X324,0.04714933044821055,520,142,0.04714933044821055
L,312X734,-0.047144232774597325,312,178,0.047144232774597325
N,344X25,0.04714320674574426,344,266,0.04714320674574426
L,520X320,-0.04713923298789204,520,178,0.04713923298789204
J,330X890,0.04709808085634298,330,142,0.04709808085634298
M,311X203,-0.04707632243077514,311,128,0.04707632243077514
N,750X743,-0.04701118769196349,750,266,0.04701118769196349
M,344X19,-0.04697286597863049,344,128,0.04697286597863049
L,312X239,-0.04692131009192408,312,178,0.04692131009192408
N,360X155,-0.046919022351914814,360,266,0.046919022351914814
L,420X40,-0.046896343289409476,420,178,0.046896343289409476
J,400X138,0.04689554926500524,400,142,0.04689554926500524
J,400X139,0.04689554926500516,400,142,0.04689554926500516
N,ERROR:#N/A_8,0.04689316416069398,UNKNOWN,266,0.04689316416069398
M,210X165,-0.04687575719383031,210,128,0.04687575719383031
N,344X190,0.04684379029145848,344,266,0.04684379029145848
N,311X155,-0.0468362486402798,311,266,0.0468362486402798
M,520X412,0.04683284955238105,520,128,0.04683284955238105
N,ERROR:#N/A_9,0.04682799221574998,UNKNOWN,266,0.04682799221574998
M,330X555,0.04678394057448265,330,128,0.04678394057448265
M,330X803,-0.04677621815883026,330,128,0.04677621815883026
N,312X101,-0.046767429352829036,312,266,0.046767429352829036
J,344X210,0.046720276624478876,344,142,0.046720276624478876
N,400X108,-0.04669182857558521,400,266,0.04669182857558521
L,420X112,0.04664659940582512,420,178,0.04664659940582512
O,750X763,-0.046637001628020945,750,86,0.046637001628020945
L,340X40,-0.04661403842961616,340,178,0.04661403842961616
N,330X640,-0.04660145916854504,330,266,0.04660145916854504
O,311X66,0.04659503669547196,311,86,0.04659503669547196
N,312X333,-0.04659076476662706,312,266,0.04659076476662706
M,340X17,-0.046577570268606254,340,128,0.046577570268606254
O,330X321,0.04657688025361405,330,86,0.04657688025361405
N,330X1168,-0.0465734981124432,330,266,0.0465734981124432
M,312X8,-0.04656822380816351,312,128,0.04656822380816351
J,344X22,0.046564334670529596,344,142,0.046564334670529596
O,360X23,0.04655641919204834,360,86,0.04655641919204834
L,340X182,0.0465448191715491,340,178,0.0465448191715491
J,420X21,0.04653562484482504,420,142,0.04653562484482504
L,311X93,-0.04653354290579401,311,178,0.04653354290579401
N,344X194,0.046508582777484334,344,266,0.046508582777484334
N,520X313,-0.04646993421269999,520,266,0.04646993421269999
L,340X125,-0.046382672907222554,340,178,0.046382672907222554
N,ERROR:#N/A_24,-0.0463680678208282,UNKNOWN,266,0.0463680678208282
M,340X190,-0.046344745404828,340,128,0.046344745404828
N,400X96,0.046253435333811134,400,266,0.046253435333811134
L,312X714,0.04621957477102365,312,178,0.04621957477102365
M,312X673,0.04620332937095784,312,128,0.04620332937095784
L,312X487,0.04616630619184665,312,178,0.04616630619184665
O,311X65,0.046164840560055945,311,86,0.046164840560055945
N,310X107,-0.04616413444003912,310,266,0.04616413444003912
N,312X788,0.046141365112691055,312,266,0.046141365112691055
N,520X76,-0.046131821534704374,520,266,0.046131821534704374
N,312X59,-0.04611253665470001,312,266,0.04611253665470001
O,312X93,-0.046086440989608395,312,86,0.046086440989608395
L,400X188,0.04607753913823928,400,178,0.04607753913823928
L,400X189,0.04607753913823104,400,178,0.04607753913823104
L,420X21,-0.04605768309790607,420,178,0.04605768309790607
O,420X28,-0.04604943098763767,420,86,0.04604943098763767
J,330X527,-0.046024562605043,330,142,0.046024562605043
O,400X100,0.04601471401777895,400,86,0.04601471401777895
L,750X1146,0.04601150625917884,750,178,0.04601150625917884
N,420X212,0.04599578261946649,420,266,0.04599578261946649
O,520X392,-0.04595899093014581,520,86,0.04595899093014581
M,312X222,-0.04595348442455649,312,128,0.04595348442455649
O,312X586,0.045947631685987346,312,86,0.045947631685987346
L,330X146,-0.04589880452990306,330,178,0.04589880452990306
N,312X191,-0.04589745756061069,312,266,0.04589745756061069
L,360X3,-0.045896859604042495,360,178,0.045896859604042495
M,312X667,0.045885635488298764,312,128,0.045885635488298764
L,311X103,0.04585829863496844,311,178,0.04585829863496844
L,311X107,0.04585829863496843,311,178,0.04585829863496843
M,360X543,-0.04585173398079774,360,128,0.04585173398079774
L,520X168,0.04584235195030202,520,178,0.04584235195030202
L,340X37,-0.0458393412217952,340,178,0.0458393412217952
M,330X430,0.045803632809467476,330,128,0.045803632809467476
M,311X146,0.045744608883631854,311,128,0.045744608883631854
N,312X315,0.04572301526398198,312,266,0.04572301526398198
L,312X580,0.045718386346969495,312,178,0.045718386346969495
O,440AX148,-0.045680000895197,UNKNOWN,86,0.045680000895197
N,330X388,0.045678546131841434,330,266,0.045678546131841434
J,312X789,0.045662024455035505,312,142,0.045662024455035505
N,312X703,0.04565940195393079,312,266,0.04565940195393079
N,520X182,0.04565249469721763,520,266,0.04565249469721763
N,344X15,-0.045585438846055676,344,266,0.045585438846055676
M,344X74,0.0455668053401463,344,128,0.0455668053401463
N,400X72,-0.045554587042297506,400,266,0.045554587042297506
O,311X90,0.045548424400191356,311,86,0.045548424400191356
M,311X16,-0.04553806042257448,311,128,0.04553806042257448
O,360X115,-0.04553492601945049,360,86,0.04553492601945049
L,520X294,-0.045527499173199905,520,178,0.045527499173199905
N,340X19,0.04551659469936904,340,266,0.04551659469936904
O,311X116,-0.04550418583994324,311,86,0.04550418583994324
N,520X267,-0.04548228665606704,520,266,0.04548228665606704
J,330X983,-0.0454497463879427,330,142,0.0454497463879427
O,312X189,0.045401388390846786,312,86,0.045401388390846786
L,520X180,0.04533592204262991,520,178,0.04533592204262991
N,210X35,0.04533371844166247,210,266,0.04533371844166247
N,400X56,-0.04532720216453569,400,266,0.04532720216453569
L,312X477,-0.04532426139997278,312,178,0.04532426139997278
L,750X629,-0.0453072975475038,750,178,0.0453072975475038
L,312X790,-0.04530640566942308,312,178,0.04530640566942308
O,330X53,0.04529085160095552,330,86,0.04529085160095552
L,340X29,0.045269474759339824,340,178,0.045269474759339824
L,220X176,-0.045242265370268465,220,178,0.045242265370268465
M,330X305,0.045217624970236424,330,128,0.045217624970236424
L,311X119,0.045205498269890704,311,178,0.045205498269890704
N,344X151,0.04520498729522695,344,266,0.04520498729522695
J,400X217,-0.04519009914391613,400,142,0.04519009914391613
L,312X633,-0.04517009189881327,312,178,0.04517009189881327
M,311X1,-0.04516679373722362,311,128,0.04516679373722362
O,750X125,0.04515177524255598,750,86,0.04515177524255598
J,360X294,-0.04515011665307759,360,142,0.04515011665307759
N,311X118,0.04513009406580945,311,266,0.04513009406580945
J,420X69,0.0451166282927381,420,142,0.0451166282927381
M,312X12,0.04510810689262869,312,128,0.04510810689262869
N,400X75,-0.0451038381796056,400,266,0.0451038381796056
M,311X69,-0.04510374019624453,311,128,0.04510374019624453
N,520X118,-0.0450901564655574,520,266,0.0450901564655574
N,440AX134,0.04508571947423574,UNKNOWN,266,0.04508571947423574
L,312X728,-0.04508255173418251,312,178,0.04508255173418251
M,311X105,0.04502732298825507,311,128,0.04502732298825507
N,360X541,0.04499756821777492,360,266,0.04499756821777492
N,420X80,0.04499652872505347,420,266,0.04499652872505347
M,312X117,-0.04495412202000586,312,128,0.04495412202000586
J,312X779,0.0449371284697428,312,142,0.0449371284697428
L,220X130,0.04492228505444016,220,178,0.04492228505444016
L,210X126,0.04491577242080467,210,178,0.04491577242080467
J,520X119,-0.04489866703106561,520,142,0.04489866703106561
J,311X116,0.04489429329927125,311,142,0.04489429329927125
M,330X806,-0.04488131637279966,330,128,0.04488131637279966
L,311X110,0.04487467277705041,311,178,0.04487467277705041
O,330X946,0.04485589952503407,330,86,0.04485589952503407
L,344X200,-0.044839281043268876,344,178,0.044839281043268876
O,330X717,0.04482725716249492,330,86,0.04482725716249492
L,340X45,0.04482264935693889,340,178,0.04482264935693889
O,400X73,-0.04482113068390297,400,86,0.04482113068390297
M,400X20,-0.0448183715898044,400,128,0.0448183715898044
N,311X194,-0.04480273004940662,311,266,0.04480273004940662
O,440AX211,-0.044790983935478375,UNKNOWN,86,0.044790983935478375
L,311X105,-0.044768379593594226,311,178,0.044768379593594226
J,340X21,0.04476823150432922,340,142,0.04476823150432922
J,312X427,0.04475663205326887,312,142,0.04475663205326887
M,330X800,-0.04475564905638175,330,128,0.04475564905638175
J,400X112,0.044739425477827444,400,142,0.044739425477827444
L,312X219,-0.04471972835143717,312,178,0.04471972835143717
N,330X1000,0.04471353399050362,330,266,0.04471353399050362
N,750X488,0.04464651071861421,750,266,0.04464651071861421
N,311X147,-0.04463172770388312,311,266,0.04463172770388312
L,520X331,-0.04460711682769292,520,178,0.04460711682769292
M,330X601,0.04459832305324176,330,128,0.04459832305324176
N,330X102,-0.044592252161201475,330,266,0.044592252161201475
J,520X325,0.04457154254935986,520,142,0.04457154254935986
M,520X393,0.044570482667302916,520,128,0.044570482667302916
M,330X335,-0.04456438533325441,330,128,0.04456438533325441
M,210X190,0.04452466323510148,210,128,0.04452466323510148
L,312X720,0.044497267718235776,312,178,0.044497267718235776
N,420X210,0.04447785162466869,420,266,0.04447785162466869
M,312X644,-0.044475950317917255,312,128,0.044475950317917255
J,312X141,0.044452082807748254,312,142,0.044452082807748254
M,312X702,-0.044450718635942146,312,128,0.044450718635942146
N,210X84,0.04444147019315174,210,266,0.04444147019315174
J,312X239,0.04442875748290871,312,142,0.04442875748290871
M,311X209,0.04442594129587501,311,128,0.04442594129587501
M,312X163,-0.0443597488131253,312,128,0.0443597488131253
N,344X185,-0.044347238883166114,344,266,0.044347238883166114
N,312X22,-0.04432301384087553,312,266,0.04432301384087553
L,340X67,-0.044317327071212484,340,178,0.044317327071212484
J,400X133,-0.044294257065113196,400,142,0.044294257065113196
L,311X117,0.044293598745962205,311,178,0.044293598745962205
N,312X41,-0.04428837832824013,312,266,0.04428837832824013
O,344X222,0.04428073928150183,344,86,0.04428073928150183
N,312X779,0.044264948458245815,312,266,0.044264948458245815
O,310X130,0.04424580083094295,310,86,0.04424580083094295
N,330X707,-0.044243352191831176,330,266,0.044243352191831176
O,520X406,0.04422973963943996,520,86,0.04422973963943996
N,340X5,0.04420886618467074,340,266,0.04420886618467074
L,520X296,-0.0442023534771923,520,178,0.0442023534771923
L,312X476,-0.044167075435943566,312,178,0.044167075435943566
L,340X48,0.044113207261887805,340,178,0.044113207261887805
L,312X519,0.04410152092613429,312,178,0.04410152092613429
O,520X8,-0.044095094973317595,520,86,0.044095094973317595
L,344X186,0.04405828429952892,344,178,0.04405828429952892
L,310X175,0.04405044171123874,310,178,0.04405044171123874
L,400X200,0.04404796914626873,400,178,0.04404796914626873
L,312X22,0.04404397353249916,312,178,0.04404397353249916
N,750X1278,0.04401251327774014,750,266,0.04401251327774014
M,312X216,0.04397675456841779,312,128,0.04397675456841779
O,400X93,0.04396504081027918,400,86,0.04396504081027918
L,360X370,0.04394500742021008,360,178,0.04394500742021008
N,420X208,0.04393870433316212,420,266,0.04393870433316212
L,312X712,0.04393512530147884,312,178,0.04393512530147884
J,340X173,-0.043905254976414294,340,142,0.043905254976414294
N,330X452,-0.04390166314919162,330,266,0.04390166314919162
N,310X37,0.04389759056043703,310,266,0.04389759056043703
L,311X136,-0.04387975948604006,311,178,0.04387975948604006
L,312X162,-0.04387401309138522,312,178,0.04387401309138522
M,311X91,0.04385718567936076,311,128,0.04385718567936076
M,311X197,-0.04385629144487541,311,128,0.04385629144487541
M,330X592,0.04383556819222513,330,128,0.04383556819222513
N,312X118,-0.04383154817068796,312,266,0.04383154817068796
L,340X47,0.0438275135670354,340,178,0.0438275135670354
J,311X18,-0.043821734975363305,311,142,0.043821734975363305
N,310X36,0.04377328120882215,310,266,0.04377328120882215
N,310X38,0.04376399219147198,310,266,0.04376399219147198
O,311X61,0.04374338834368593,311,86,0.04374338834368593
M,344X185,0.043735905232237145,344,128,0.043735905232237145
O,330X633,0.043726872535182475,330,86,0.043726872535182475
L,400X211,-0.04371840332783068,400,178,0.04371840332783068
N,312X255,-0.04370867555780721,312,266,0.04370867555780721
N,344X62,0.04370120467617986,344,266,0.04370120467617986
N,344X64,0.043699028770667545,344,266,0.043699028770667545
N,312X159,0.043694048985457104,312,266,0.043694048985457104
M,312X681,0.043693591632891625,312,128,0.043693591632891625
N,330X701,-0.043677902817631474,330,266,0.043677902817631474
N,312X162,-0.04362814186214607,312,266,0.04362814186214607
N,310X200,0.04361964137720886,310,266,0.04361964137720886
N,330X144,0.04359629638678099,330,266,0.04359629638678099
O,400X78,-0.043582034112525744,400,86,0.043582034112525744
N,312X582,0.04356672553260114,312,266,0.04356672553260114
N,312X785,0.04356523187125915,312,266,0.04356523187125915
L,210X33,0.04354105512165669,210,178,0.04354105512165669
L,311X113,0.04354030773868772,311,178,0.04354030773868772
J,340X20,-0.043535136650093294,340,142,0.043535136650093294
L,220X20,0.043528874489854756,220,178,0.043528874489854756
N,520X48,-0.04352803697644131,520,266,0.04352803697644131
O,344X151,-0.043518482759126474,344,86,0.043518482759126474
N,360X1,0.04351028963483964,360,266,0.04351028963483964
M,344X173,0.04349122655197207,344,128,0.04349122655197207
M,ERROR:#N/A_10,0.043491226551971435,UNKNOWN,128,0.043491226551971435
M,344X49,0.04349122655160947,344,128,0.04349122655160947
N,330X699,0.043485597609543465,330,266,0.043485597609543465
L,344X65,0.04346929976419843,344,178,0.04346929976419843
L,420X145,-0.04346507795425417,420,178,0.04346507795425417
L,330X142,-0.0434462945993919,330,178,0.0434462945993919
N,344X208,0.04342609840733736,344,266,0.04342609840733736
L,520X239,0.04338565813358147,520,178,0.04338565813358147
M,312X187,-0.043340907671716535,312,128,0.043340907671716535
N,400X153,0.0433285295825988,400,266,0.0433285295825988
N,420X145,0.0433271527492044,420,266,0.0433271527492044
J,210X126,-0.043322380973153815,210,142,0.043322380973153815
L,340X185,0.04330363853363549,340,178,0.04330363853363549
N,330X704,-0.043301617777036276,330,266,0.043301617777036276
O,360X185,-0.043295764803013816,360,86,0.043295764803013816
J,400X93,-0.043267101153620986,400,142,0.043267101153620986
M,420X154,-0.04326690326314424,420,128,0.04326690326314424
N,344X113,0.043234200868756255,344,266,0.043234200868756255
L,312X779,-0.043227552260657456,312,178,0.043227552260657456
N,312X209,-0.043214186459392304,312,266,0.043214186459392304
N,312X172,0.043214186459392304,312,266,0.043214186459392304
N,360X1083,-0.0432048006584739,360,266,0.0432048006584739
L,750X1105,0.043160479017913415,750,178,0.043160479017913415
O,311X63,0.043077682036291115,311,86,0.043077682036291115
M,220X194,0.043071231774297974,220,128,0.043071231774297974
M,312X119,0.04306074542237753,312,128,0.04306074542237753
J,750X141,-0.0430396650640481,750,142,0.0430396650640481
L,400X205,-0.043030026452659215,400,178,0.043030026452659215
J,210X23,0.04300196072698257,210,142,0.04300196072698257
N,330X11,-0.04299638201576533,330,266,0.04299638201576533
M,311X200,0.04296770866919557,311,128,0.04296770866919557
N,311X193,-0.042957718843188046,311,266,0.042957718843188046
M,330X798,0.042947501145211266,330,128,0.042947501145211266
N,312X265,-0.04293859346898219,312,266,0.04293859346898219
N,750X1094,-0.04293458786150931,750,266,0.04293458786150931
L,310X172,0.042923708276929366,310,178,0.042923708276929366
M,360X595,-0.04292050356910039,360,128,0.04292050356910039
J,400X202,-0.042912925624980613,400,142,0.042912925624980613
O,400X96,0.04290415107024308,400,86,0.04290415107024308
L,310X207,-0.04289567646297206,310,178,0.04289567646297206
L,420X194,-0.042859406470149075,420,178,0.042859406470149075
L,440AX65,0.04285333805107548,UNKNOWN,178,0.04285333805107548
J,311X152,0.042844513271705166,311,142,0.042844513271705166
M,400X122,-0.04284241181672701,400,128,0.04284241181672701
N,750X1212,-0.04283726138212304,750,266,0.04283726138212304
M,344X43,-0.042809080937429224,344,128,0.042809080937429224
O,330X714,0.04277866543257971,330,86,0.04277866543257971
J,520X252,0.04275732363184091,520,142,0.04275732363184091
M,312X426,-0.04272699816362461,312,128,0.04272699816362461
L,520X78,-0.042714064204278354,520,178,0.042714064204278354
N,344X35,0.04270735349001437,344,266,0.04270735349001437
L,360X165,-0.0426962203895457,360,178,0.0426962203895457
N,750X198,-0.04267524004785665,750,266,0.04267524004785665
M,344X106,-0.042663663349529146,344,128,0.042663663349529146
J,520X256,0.04266175315694247,520,142,0.04266175315694247
N,312X132,-0.042651185011423294,312,266,0.042651185011423294
M,312X679,0.04261671429189799,312,128,0.04261671429189799
M,312X198,-0.0426083682090049,312,128,0.0426083682090049
M,312X99,0.04256363995383322,312,128,0.04256363995383322
O,420X117,-0.042563194476693954,420,86,0.042563194476693954
M,420X192,-0.04255809411475849,420,128,0.04255809411475849
L,750X187,-0.04254225381745587,750,178,0.04254225381745587
J,311X192,-0.042514093941623685,311,142,0.042514093941623685
N,750X573,0.04248681190840915,750,266,0.04248681190840915
N,344X65,0.042464823751800856,344,266,0.042464823751800856
L,340X46,0.04245576429358986,340,178,0.04245576429358986
N,330X465,-0.042451543160071686,330,266,0.042451543160071686
M,520X318,0.04245062864716821,520,128,0.04245062864716821
L,312X771,0.04244704625643428,312,178,0.04244704625643428
J,520X96,0.04244286423357633,520,142,0.04244286423357633
L,440AX11,0.042437850202027456,UNKNOWN,178,0.042437850202027456
N,750X149,0.04242773951026654,750,266,0.04242773951026654
N,344X66,0.04242262023217853,344,266,0.04242262023217853
N,360X710,-0.04242081063709833,360,266,0.04242081063709833
L,311X9,-0.04237991346522276,311,178,0.04237991346522276
L,330X622,0.04237766293873242,330,178,0.04237766293873242
M,340X7,0.042376406443176896,340,128,0.042376406443176896
M,420X196,-0.04237419510210007,420,128,0.04237419510210007
J,420X211,-0.04235610527362303,420,142,0.04235610527362303
J,520X257,0.04233294397056651,520,142,0.04233294397056651
J,330X415,-0.04231508601649503,330,142,0.04231508601649503
M,330X490,-0.04230269750503092,330,128,0.04230269750503092
N,344X232,-0.04229790648493944,344,266,0.04229790648493944
L,344X243,-0.04229514807456643,344,178,0.04229514807456643
J,340X177,-0.0422794110963122,340,142,0.0422794110963122
L,220X126,0.042278528222194245,220,178,0.042278528222194245
L,312X349,0.04227795208733562,312,178,0.04227795208733562
M,520X53,-0.042272148119333025,520,128,0.042272148119333025
L,312X722,0.04225656277336126,312,178,0.04225656277336126
J,420X123,0.04225541379953785,420,142,0.04225541379953785
O,360X1201,-0.042243945906750936,360,86,0.042243945906750936
N,344X117,0.04223982264557917,344,266,0.04223982264557917
J,520X108,0.0422365748617589,520,142,0.0422365748617589
L,520X330,-0.042232264311217745,520,178,0.042232264311217745
O,520X404,0.0422298463923048,520,86,0.0422298463923048
N,312X697,0.04219832331514968,312,266,0.04219832331514968
N,750X241,0.04219083145998911,750,266,0.04219083145998911
L,400X116,0.04215570144245047,400,178,0.04215570144245047
M,344X201,-0.04214718271225481,344,128,0.04214718271225481
M,330X1261,-0.042100046554150956,330,128,0.042100046554150956
L,360X573,0.04209929132241324,360,178,0.04209929132241324
N,420X123,0.04207116727033897,420,266,0.04207116727033897
N,420X81,0.04205944245744285,420,266,0.04205944245744285
N,330X159,0.04202837673990428,330,266,0.04202837673990428
M,420X195,-0.04202328577762719,420,128,0.04202328577762719
L,330X1256,0.04199354799677944,330,178,0.04199354799677944
M,360X1190,-0.04198746115041583,360,128,0.04198746115041583
L,310X179,0.04196386492751671,310,178,0.04196386492751671
L,440AX17,0.04194648420999486,UNKNOWN,178,0.04194648420999486
J,312X266,-0.04189675513936378,312,142,0.04189675513936378
J,330X81,-0.041879519437462376,330,142,0.041879519437462376
N,344X81,0.04187874860628535,344,266,0.04187874860628535
L,344X164,0.04187283569162668,344,178,0.04187283569162668
M,330X517,-0.04183841688380341,330,128,0.04183841688380341
M,360X1072,0.041827310970036446,360,128,0.041827310970036446
L,311X14,0.041808180344516895,311,178,0.041808180344516895
L,344X169,0.04180766946259475,344,178,0.04180766946259475
N,340X194,0.04179238061003366,340,266,0.04179238061003366
L,360X605,0.041774787349420486,360,178,0.041774787349420486
M,750X605,-0.041755883046583925,750,128,0.041755883046583925
O,312X335,-0.04164478593376787,312,86,0.04164478593376787
M,312X254,0.041634898510109535,312,128,0.041634898510109535
N,312X138,-0.04162117384168584,312,266,0.04162117384168584
L,750X1305,0.0416191924722659,750,178,0.0416191924722659
L,440AX16,0.04161079430191553,UNKNOWN,178,0.04161079430191553
N,330X488,-0.041608810223893365,330,266,0.041608810223893365
J,340X105,0.041574231827943106,340,142,0.041574231827943106
N,750X763,0.04155408462076946,750,266,0.04155408462076946
L,440AX64,0.04152992825242093,UNKNOWN,178,0.04152992825242093
N,330X498,-0.04152382451948416,330,266,0.04152382451948416
L,312X561,0.04151883689976018,312,178,0.04151883689976018
L,400X202,-0.04150403486555607,400,178,0.04150403486555607
M,330X1160,0.0414997006596801,330,128,0.0414997006596801
L,440AX98,0.04149624680908222,UNKNOWN,178,0.04149624680908222
N,330X224,0.041488051495589255,330,266,0.041488051495589255
N,420X33,-0.04142967636036,420,266,0.04142967636036
N,340X101,0.04142945565446649,340,266,0.04142945565446649
J,400X20,0.04142329890373689,400,142,0.04142329890373689
L,311X155,-0.04139574342855815,311,178,0.04139574342855815
L,340X28,0.04136197739600362,340,178,0.04136197739600362
N,312X791,0.04133961203970065,312,266,0.04133961203970065
J,750X285,-0.04133858631093439,750,142,0.04133858631093439
N,420X79,0.04133104175260551,420,266,0.04133104175260551
J,520X78,-0.04132344682045423,520,142,0.04132344682045423
J,340X193,0.04131723416218748,340,142,0.04131723416218748
L,440AX77,0.041304676644698335,UNKNOWN,178,0.041304676644698335
L,440AX10,0.04129335053821769,UNKNOWN,178,0.04129335053821769
J,750X1116,-0.041288463617388076,750,142,0.041288463617388076
L,310X170,0.041281954955676485,310,178,0.041281954955676485
L,440AX44,0.041257182624476134,UNKNOWN,178,0.041257182624476134
N,310X105,0.041241602444083814,310,266,0.041241602444083814
J,520X135,0.041241131641953054,520,142,0.041241131641953054
N,420X132,-0.04123958592646541,420,266,0.04123958592646541
O,344X81,0.041229847339149785,344,86,0.041229847339149785
N,420X196,0.041227191863900677,420,266,0.041227191863900677
J,520X254,0.04121634507955543,520,142,0.04121634507955543
O,312X123,-0.04118712549762596,312,86,0.04118712549762596
L,750X1006,0.04117830481973888,750,178,0.04117830481973888
N,330X300,0.04115646009952415,330,266,0.04115646009952415
L,330X91,-0.04115490477017646,330,178,0.04115490477017646
M,750X1138,0.041128363553136635,750,128,0.041128363553136635
O,340X43,-0.04111335299748518,340,86,0.04111335299748518
N,ERROR:#N/A (#3),0.04110868884976916,UNKNOWN,266,0.04110868884976916
L,311X212,-0.04108586204040114,311,178,0.04108586204040114
M,344X246,0.041040939231147044,344,128,0.041040939231147044
M,312X289,0.04102918251160818,312,128,0.04102918251160818
M,360X1094,0.04102239496160213,360,128,0.04102239496160213
L,440AX68,0.041014727356863116,UNKNOWN,178,0.041014727356863116
L,220X29,-0.04100162772326533,220,178,0.04100162772326533
N,750X1116,0.040986416079058556,750,266,0.040986416079058556
N,520X174,0.04096342428286928,520,266,0.04096342428286928
M,ERROR:#N/A_21,0.04095570376145061,UNKNOWN,128,0.04095570376145061
M,220X216,0.04091966727228396,220,128,0.04091966727228396
J,520X123,-0.040902434697635826,520,142,0.040902434697635826
L,440AX76,0.04087748403367129,UNKNOWN,178,0.04087748403367129
M,330X500,-0.040873936621773264,330,128,0.040873936621773264
N,312X144,-0.04087385916305001,312,266,0.04087385916305001
M,312X669,0.04084501627413582,312,128,0.04084501627413582
J,520X266,0.04083125975969645,520,142,0.04083125975969645
N,312X12,0.04082879505649217,312,266,0.04082879505649217
L,440AX97,0.040824741745034136,UNKNOWN,178,0.040824741745034136
L,440AX43,0.040823206790384724,UNKNOWN,178,0.040823206790384724
M,520X307,-0.040817290633773665,520,128,0.040817290633773665
O,311X134,-0.040808475762615586,311,86,0.040808475762615586
N,520X317,-0.04077028984097472,520,266,0.04077028984097472
L,440AX14,0.04076246526407394,UNKNOWN,178,0.04076246526407394
J,311X184,-0.040741316160665376,311,142,0.040741316160665376
J,311X183,-0.040741316160665376,311,142,0.040741316160665376
N,312X2,-0.04073630322247458,312,266,0.04073630322247458
L,440AX18,0.04072050948770981,UNKNOWN,178,0.04072050948770981
M,340X22,-0.04071116551369311,340,128,0.04071116551369311
L,312X703,0.04068663395455876,312,178,0.04068663395455876
J,312X524,-0.04068201968431611,312,142,0.04068201968431611
M,330X1249,0.04067218460319038,330,128,0.04067218460319038
M,330X91,-0.040628178173288565,330,128,0.040628178173288565
J,330X41,-0.04061220750832722,330,142,0.04061220750832722
N,312X676,-0.04061185843942575,312,266,0.04061185843942575
M,520X309,0.04061141420015554,520,128,0.04061141420015554
N,400X78,-0.04060687925280351,400,266,0.04060687925280351
L,330X602,-0.04060092078623775,330,178,0.04060092078623775
L,ERROR:#N/A (#2),-0.04059403192743063,UNKNOWN,178,0.04059403192743063
L,440AX13,0.040550306667468464,UNKNOWN,178,0.040550306667468464
O,312X221,-0.0405109522403541,312,86,0.0405109522403541
L,440AX94,0.0405091039914438,UNKNOWN,178,0.0405091039914438
L,312X208,-0.04050833655114357,312,178,0.04050833655114357
N,210X85,-0.04047946483913303,210,266,0.04047946483913303
L,330X609,-0.04047002485244917,330,178,0.04047002485244917
O,311X87,0.04046979406049865,311,86,0.04046979406049865
J,330X1218,-0.04043952991569571,330,142,0.04043952991569571
L,520X265,-0.040427382501735894,520,178,0.040427382501735894
O,750X131,0.04042443352094467,750,86,0.04042443352094467
L,440AX45,0.04042307376412598,UNKNOWN,178,0.04042307376412598
L,440AX95,0.04041298737547236,UNKNOWN,178,0.04041298737547236
J,360X45,0.04041222614278812,360,142,0.04041222614278812
N,330X341,0.04039786063455471,330,266,0.04039786063455471
N,750X381,0.040395087031927825,750,266,0.040395087031927825
M,330X311,0.040385742799637185,330,128,0.040385742799637185
J,330X198,0.04037413376670792,330,142,0.04037413376670792
J,344X117,0.040373528573402574,344,142,0.040373528573402574
J,400X96,0.04033663257237527,400,142,0.04033663257237527
O,750X543,-0.040311067696745126,750,86,0.040311067696745126
L,440AX99,0.04031062929641394,UNKNOWN,178,0.04031062929641394
M,312X447,0.040283987965196874,312,128,0.040283987965196874
N,312X771,-0.0402801387146181,312,266,0.0402801387146181
J,311X197,0.04027603961543469,311,142,0.04027603961543469
N,312X214,-0.04026044218202371,312,266,0.04026044218202371
N,400X215,0.04023456882695944,400,266,0.04023456882695944
M,520X232,-0.04023160051594024,520,128,0.04023160051594024
L,330X114,0.0402011963121041,330,178,0.0402011963121041
N,360X3,0.040198307730928994,360,266,0.040198307730928994
L,440AX83,0.04019483744001638,UNKNOWN,178,0.04019483744001638
J,520X27,0.040181133887596455,520,142,0.040181133887596455
L,440AX78,0.04017771424696514,UNKNOWN,178,0.04017771424696514
J,520X166,-0.04017511679016312,520,142,0.04017511679016312
J,312X51,0.04016948178270707,312,142,0.04016948178270707
N,750X337,0.04013639777228441,750,266,0.04013639777228441
O,344X246,-0.04013403338923729,344,86,0.04013403338923729
J,312X28,-0.04012731980636197,312,142,0.04012731980636197
L,440AX15,0.04011793455064871,UNKNOWN,178,0.04011793455064871
M,311X74,0.04006221448776809,311,128,0.04006221448776809
M,344X244,0.040056417004003496,344,128,0.040056417004003496
L,440AX63,0.04003955361927486,UNKNOWN,178,0.04003955361927486
J,360X198,-0.040026139538938854,360,142,0.040026139538938854
O,400X76,-0.04001005448161687,400,86,0.04001005448161687
L,330X595,-0.04000718967244765,330,178,0.04000718967244765
L,440AX89,0.040005789443940905,UNKNOWN,178,0.040005789443940905
N,312X215,0.04000280658951079,312,266,0.04000280658951079
M,520X396,0.03997979999181128,520,128,0.03997979999181128
N,360X712,-0.03997914247582038,360,266,0.03997914247582038
L,360X100,-0.039953038134073325,360,178,0.039953038134073325
L,440AX67,0.03992327803755815,UNKNOWN,178,0.03992327803755815
M,310X180,0.03991979407126919,310,128,0.03991979407126919
N,420X124,0.03991230871805457,420,266,0.03991230871805457
N,312X3,-0.03990655454605356,312,266,0.03990655454605356
L,312X636,-0.039900080967481204,312,178,0.039900080967481204
L,440AX47,0.039866092907685786,UNKNOWN,178,0.039866092907685786
M,344X194,0.039856163253704044,344,128,0.039856163253704044
L,440AX66,0.03985057292965349,UNKNOWN,178,0.03985057292965349
O,400X87,0.03985046464804647,400,86,0.03985046464804647
N,420X192,0.03981543213224703,420,266,0.03981543213224703
L,360X635,0.039809457892884835,360,178,0.039809457892884835
L,440AX115,0.03980624142051064,UNKNOWN,178,0.03980624142051064
L,440AX29,0.039784885754959545,UNKNOWN,178,0.039784885754959545
M,520X238,-0.03978273356453051,520,128,0.03978273356453051
M,312X675,0.03975072957112445,312,128,0.03975072957112445
N,420X193,0.03974717016644935,420,266,0.03974717016644935
M,312X192,0.03973620825585942,312,128,0.03973620825585942
O,750X995,0.039734742831893814,750,86,0.039734742831893814
O,210X32,0.03973356262157508,210,86,0.03973356262157508
N,312X790,0.03973257389111888,312,266,0.03973257389111888
N,340X7,0.03973062533471176,340,266,0.03973062533471176
L,311X211,0.0397087001415167,311,178,0.0397087001415167
O,400X89,0.03970811877904334,400,86,0.03970811877904334
M,340X65,-0.03970653564825695,340,128,0.03970653564825695
J,312X55,-0.0397055214100538,312,142,0.0397055214100538
L,440AX12,0.03970331732516342,UNKNOWN,178,0.03970331732516342
M,360X685,0.039694220090818924,360,128,0.039694220090818924
M,520X230,-0.03968783469217487,520,128,0.03968783469217487
L,440AX46,0.03967807408737666,UNKNOWN,178,0.03967807408737666
N,520X263,-0.03966245979693612,520,266,0.03966245979693612
N,310X188,-0.03961765898425329,310,266,0.03961765898425329
O,750X23,-0.03961511781283008,750,86,0.03961511781283008
L,440AX28,0.039600401886767445,UNKNOWN,178,0.039600401886767445
M,344X190,0.03959397227229797,344,128,0.03959397227229797
M,ERROR:#N/A_9,0.039590123338794185,UNKNOWN,128,0.039590123338794185
N,310X117,0.039588446349709504,310,266,0.039588446349709504
L,312X263,-0.03956419427205305,312,178,0.03956419427205305
N,330X1003,0.039563104331908176,330,266,0.039563104331908176
M,ERROR:#N/A_8,0.03955279566753419,UNKNOWN,128,0.03955279566753419
M,312X725,-0.03954979345208525,312,128,0.03954979345208525
L,312X169,-0.03954938853112748,312,178,0.03954938853112748
L,300X1,-0.03953207256646522,300,178,0.03953207256646522
M,312X277,0.03951976776095403,312,128,0.03951976776095403
J,420X120,0.03951588305736556,420,142,0.03951588305736556
L,440AX101,0.03951581585661797,UNKNOWN,178,0.03951581585661797
N,330X508,-0.03951348938069121,330,266,0.03951348938069121
L,312X759,0.03951314926669348,312,178,0.03951314926669348
M,750X1383,-0.03949881279461732,750,128,0.03949881279461732
M,400X141,-0.039497246691613315,400,128,0.039497246691613315
M,520X392,0.039493988376638915,520,128,0.039493988376638915
O,520X176,-0.03948167344827288,520,86,0.03948167344827288
L,400X56,-0.039479907723347626,400,178,0.039479907723347626
L,330X341,0.039475457381779405,330,178,0.039475457381779405
L,440AX48,0.03946741413054077,UNKNOWN,178,0.03946741413054077
M,312X113,0.03946292652508531,312,128,0.03946292652508531
N,750X1329,-0.0394514174201735,750,266,0.0394514174201735
J,400X187,0.03944736754613373,400,142,0.03944736754613373
M,330X594,0.0394468716641901,330,128,0.0394468716641901
N,750X510,0.039425064841316464,750,266,0.039425064841316464
M,330X550,-0.0394220416744003,330,128,0.0394220416744003
L,440AX96,0.03941876338119431,UNKNOWN,178,0.03941876338119431
L,440AX30,0.03941611388597905,UNKNOWN,178,0.03941611388597905
N,344X241,-0.03941187265196218,344,266,0.03941187265196218
O,400X36,-0.039371424597307206,400,86,0.039371424597307206
N,340X83,-0.039352894392955196,340,266,0.039352894392955196
L,312X11,0.039352261791133124,312,178,0.039352261791133124
L,440AX41,0.03934625683753754,UNKNOWN,178,0.03934625683753754
L,750X318,-0.03934421973069976,750,178,0.03934421973069976
L,360X741,-0.03934413942604337,360,178,0.03934413942604337
M,312X129,0.03934203043395143,312,128,0.03934203043395143
L,311X18,0.03933901675967103,311,178,0.03933901675967103
O,360X335,-0.039338284921967163,360,86,0.039338284921967163
L,312X261,0.03933761068197442,312,178,0.03933761068197442
N,312X436,-0.03932679675325664,312,266,0.03932679675325664
L,520X244,0.03931323794868675,520,178,0.03931323794868675
O,400X132,-0.039308982759932436,400,86,0.039308982759932436
M,ERROR:#N/A_7,0.039293529977212735,UNKNOWN,128,0.039293529977212735
O,312X269,0.03929259361980419,312,86,0.03929259361980419
N,311X130,0.039273064196635794,311,266,0.039273064196635794
N,750X294,0.03926487809687059,750,266,0.03926487809687059
L,311X208,-0.03925324728488803,311,178,0.03925324728488803
M,520X235,-0.03924481259841376,520,128,0.03924481259841376
M,330X291,0.03923670318002285,330,128,0.03923670318002285
L,311X130,0.0391923891605933,311,178,0.0391923891605933
N,310X163,-0.03917706377500836,310,266,0.03917706377500836
L,440AX69,0.03917280210388459,UNKNOWN,178,0.03917280210388459
L,440AX86,0.03916709886327853,UNKNOWN,178,0.03916709886327853
L,520X261,-0.039155817607784034,520,178,0.039155817607784034
O,360X785,-0.0391545913751613,360,86,0.0391545913751613
M,312X388,-0.039099506379024866,312,128,0.039099506379024866
N,310X109,0.03908742153435651,310,266,0.03908742153435651
L,440AX88,0.03906576084321184,UNKNOWN,178,0.03906576084321184
N,312X263,-0.039057752010603415,312,266,0.039057752010603415
L,360X653,0.039029805454141954,360,178,0.039029805454141954
L,750X3,0.03902634686787737,750,178,0.03902634686787737
L,520X305,-0.03902493367729231,520,178,0.03902493367729231
M,360X1313,-0.0390179924262125,360,128,0.0390179924262125
N,311X142,-0.0390119587465785,311,266,0.0390119587465785
N,312X131,-0.039003571499253896,312,266,0.039003571499253896
N,344X243,-0.0389863877401853,344,266,0.0389863877401853
L,330X548,0.03898213342961413,330,178,0.03898213342961413
N,312X576,-0.038980463079890226,312,266,0.038980463079890226
L,360X381,0.038975379694686944,360,178,0.038975379694686944
O,520X409,0.038967718854227465,520,86,0.038967718854227465
L,440AX38,0.03896727246498298,UNKNOWN,178,0.03896727246498298
M,520X287,-0.0389330349225286,520,128,0.0389330349225286
L,440AX26,0.03893132248005409,UNKNOWN,178,0.03893132248005409
O,400X85,0.0389002565414323,400,86,0.0389002565414323
O,750X582,-0.038880046146830397,750,86,0.038880046146830397
M,520X234,-0.03887587350873422,520,128,0.03887587350873422
J,520X255,0.038860975809493194,520,142,0.038860975809493194
L,440AX40,0.03885141836663996,UNKNOWN,178,0.03885141836663996
J,400X78,0.038835592073178764,400,142,0.038835592073178764
L,440AX8,0.03877404387386843,UNKNOWN,178,0.03877404387386843
L,440AX25,0.03876206392936665,UNKNOWN,178,0.03876206392936665
L,440AX5,0.03871309442067218,UNKNOWN,178,0.03871309442067218
L,360X176,-0.03869581949183168,360,178,0.03869581949183168
O,750X1383,0.038664508875534714,750,86,0.038664508875534714
N,750X414,0.038645093030213615,750,266,0.038645093030213615
M,520X231,-0.038613347796842605,520,128,0.038613347796842605
N,440AX210,-0.03858043642201241,UNKNOWN,266,0.03858043642201241
M,440AX210,-0.03858043642201241,UNKNOWN,128,0.03858043642201241
O,440AX210,-0.03858043642201241,UNKNOWN,86,0.03858043642201241
L,440AX72,0.03857506201102973,UNKNOWN,178,0.03857506201102973
L,440AX42,0.03856039339864809,UNKNOWN,178,0.03856039339864809
N,312X341,0.03855932267205645,312,266,0.03855932267205645
J,330X71,0.038539475427571905,330,142,0.038539475427571905
M,344X69,0.038520370604211124,344,128,0.038520370604211124
J,520X253,0.03849592614153535,520,142,0.03849592614153535
J,360X211,0.03848814530524468,360,142,0.03848814530524468
O,520X393,-0.03848379298414591,520,86,0.03848379298414591
L,312X448,-0.03847571252066103,312,178,0.03847571252066103
O,750X455,0.03847328249597554,750,86,0.03847328249597554
J,360X1245,0.03846551546490922,360,142,0.03846551546490922
L,440AX100,0.03845087237671764,UNKNOWN,178,0.03845087237671764
N,330X365,0.03844548913049536,330,266,0.03844548913049536
J,344X113,0.038430749936204864,344,142,0.038430749936204864
O,220X143,-0.03841934704858044,220,86,0.03841934704858044
J,400X196,-0.03840378485917672,400,142,0.03840378485917672
J,750X659,-0.03839764242561197,750,142,0.03839764242561197
L,440AX37,0.038396434921507704,UNKNOWN,178,0.038396434921507704
J,340X46,-0.038387214687235875,340,142,0.038387214687235875
N,312X47,-0.03838547415823805,312,266,0.03838547415823805
M,420X194,-0.03838210965584395,420,128,0.03838210965584395
L,440AX27,0.03837979607063882,UNKNOWN,178,0.03837979607063882
L,520X48,-0.03837593887093892,520,178,0.03837593887093892
L,440AX7,0.03835575845073566,UNKNOWN,178,0.03835575845073566
L,312X718,0.03831199682879942,312,178,0.03831199682879942
N,520X62,0.03830788285823911,520,266,0.03830788285823911
L,440AX90,0.03826006740744075,UNKNOWN,178,0.03826006740744075
L,340X188,0.0382304013872803,340,178,0.0382304013872803
L,440AX50,0.03821735349740452,UNKNOWN,178,0.03821735349740452
N,312X269,0.03820415446869994,312,266,0.03820415446869994
N,310X121,0.03820075062190644,310,266,0.03820075062190644
N,312X143,-0.03817533454446929,312,266,0.03817533454446929
J,311X14,-0.038152182178480716,311,142,0.038152182178480716
J,312X355,0.03814705839172842,312,142,0.03814705839172842
L,440AX23,0.03813919922741084,UNKNOWN,178,0.03813919922741084
L,330X1,-0.03810072352049105,330,178,0.03810072352049105
N,330X482,-0.03805843235711818,330,266,0.03805843235711818
L,330X1006,-0.038056327487869676,330,178,0.038056327487869676
L,312X16,-0.03804729726692509,312,178,0.03804729726692509
N,420X189,-0.03804219519490145,420,266,0.03804219519490145
N,420X188,-0.03804219519490144,420,266,0.03804219519490144
M,312X638,-0.03803192294912996,312,128,0.03803192294912996
O,310X158,-0.03802789396492209,310,86,0.03802789396492209
L,330X422,-0.03801463271984006,330,178,0.03801463271984006
L,440AX82,0.038011207233705366,UNKNOWN,178,0.038011207233705366
L,440AX144,-0.03800509133788809,UNKNOWN,178,0.03800509133788809
L,440AX22,0.037994376529469444,UNKNOWN,178,0.037994376529469444
N,311X195,-0.03799071242661519,311,266,0.03799071242661519
L,400X4,-0.03797561569506304,400,178,0.03797561569506304
L,440AX56,0.037966524310870185,UNKNOWN,178,0.037966524310870185
J,400X120,-0.03795658407108331,400,142,0.03795658407108331
L,440AX4,0.03794444361273174,UNKNOWN,178,0.03794444361273174
N,330X19,0.03790855360855347,330,266,0.03790855360855347
L,330X162,-0.03790800965721661,330,178,0.03790800965721661
N,420X195,0.037900983978682544,420,266,0.037900983978682544
L,311X139,0.0378930712131617,311,178,0.0378930712131617
L,440AX85,0.037886826571314605,UNKNOWN,178,0.037886826571314605
J,340X175,-0.03787398172312918,340,142,0.03787398172312918
M,312X269,0.03786225847847856,312,128,0.03786225847847856
N,750X987,-0.037861252630870576,750,266,0.037861252630870576
L,312X428,0.037829594516451966,312,178,0.037829594516451966
L,440AX61,0.03782899441435537,UNKNOWN,178,0.03782899441435537
L,440AX9,0.03782679410068833,UNKNOWN,178,0.03782679410068833
N,400X94,0.037820499558082574,400,266,0.037820499558082574
N,311X192,-0.037812866282021684,311,266,0.037812866282021684
O,210X34,0.03780461754067223,210,86,0.03780461754067223
N,400X159,-0.03780306520220471,400,266,0.03780306520220471
L,340X133,-0.03775865308414877,340,178,0.03775865308414877
J,330X31,-0.03772239741489537,330,142,0.03772239741489537
O,400X88,0.03772042194464594,400,86,0.03772042194464594
N,312X137,-0.03771695361708299,312,266,0.03771695361708299
N,310X99,-0.03771133965630581,310,266,0.03771133965630581
L,220X177,-0.03770759924944148,220,178,0.03770759924944148
L,520X134,-0.0377048964267254,520,178,0.0377048964267254
N,420X141,-0.03769820183653379,420,266,0.03769820183653379
L,440AX127,0.03769744870029979,UNKNOWN,178,0.03769744870029979
N,330X492,-0.037687204360100146,330,266,0.037687204360100146
L,440AX102,0.03767148064048428,UNKNOWN,178,0.03767148064048428
L,312X447,0.037654388328490745,312,178,0.037654388328490745
J,311X80,0.037651453684442525,311,142,0.037651453684442525
M,330X328,-0.03764401364350021,330,128,0.03764401364350021
J,312X199,-0.037620510192802714,312,142,0.037620510192802714
N,360X635,-0.03760482890648489,360,266,0.03760482890648489
O,340X183,0.03759798946066042,340,86,0.03759798946066042
L,440AX35,0.03758582763444889,UNKNOWN,178,0.03758582763444889
M,312X38,-0.03755542064703829,312,128,0.03755542064703829
O,310X160,0.03754650650420155,310,86,0.03754650650420155
L,520X258,-0.037530408427426894,520,178,0.037530408427426894
M,520X233,-0.03752424127282289,520,128,0.03752424127282289
J,360X436,-0.037511614969139455,360,142,0.037511614969139455
L,440AX49,0.03750950393227314,UNKNOWN,178,0.03750950393227314
L,440AX21,0.037485262783310595,UNKNOWN,178,0.037485262783310595
L,440AX34,0.03741207479622636,UNKNOWN,178,0.03741207479622636
J,344X60,-0.03740983347290828,344,142,0.03740983347290828
L,330X211,0.03736119942497197,330,178,0.03736119942497197
L,440AX24,0.037354713568896525,UNKNOWN,178,0.037354713568896525
N,750X403,0.037345045719292674,750,266,0.037345045719292674
L,440AX36,0.037291210748952246,UNKNOWN,178,0.037291210748952246
O,400X90,0.037274193916537066,400,86,0.037274193916537066
N,750X3,0.03724849985975875,750,266,0.03724849985975875
N,344X257,-0.03724221778065827,344,266,0.03724221778065827
L,440AX51,0.037232178043439125,UNKNOWN,178,0.037232178043439125
N,400X109,-0.03721735554332988,400,266,0.03721735554332988
L,312X725,0.0371939111877524,312,178,0.0371939111877524
N,312X441,-0.03717704823733853,312,266,0.03717704823733853
N,750X436,0.03716624508648551,750,266,0.03716624508648551
M,344X174,-0.037158247777713316,344,128,0.037158247777713316
O,340X107,0.03714995680717085,340,86,0.03714995680717085
L,440AX39,0.03712331665908346,UNKNOWN,178,0.03712331665908346
M,311X94,0.03711750979221529,311,128,0.03711750979221529
L,312X740,-0.03710859797515802,312,178,0.03710859797515802
J,330X1042,-0.037103309796783196,330,142,0.037103309796783196
L,520X313,-0.037102810792901876,520,178,0.037102810792901876
N,420X118,-0.03709258917914325,420,266,0.03709258917914325
N,400X81,-0.03708665464002145,400,266,0.03708665464002145
M,312X81,-0.03706351019541007,312,128,0.03706351019541007
L,440AX19,0.0370561717241264,UNKNOWN,178,0.0370561717241264
N,310X103,-0.03704126364331731,310,266,0.03704126364331731
N,400X73,-0.03702506192181387,400,266,0.03702506192181387
L,440AX70,0.03702426759539,UNKNOWN,178,0.03702426759539
O,330X940,0.037016920974600194,330,86,0.037016920974600194
M,312X64,0.03700357127255261,312,128,0.03700357127255261
L,311X210,-0.0370025048196796,311,178,0.0370025048196796
N,400X214,0.036985170922043314,400,266,0.036985170922043314
J,520X389,0.036982896765945045,520,142,0.036982896765945045
L,340X101,0.03696325895224989,340,178,0.03696325895224989
M,312X199,-0.03693682519368382,312,128,0.03693682519368382
N,312X759,-0.0369363371204383,312,266,0.0369363371204383
N,520X283,-0.03692958935759235,520,266,0.03692958935759235
L,311X89,0.03691940460752224,311,178,0.03691940460752224
L,440AX6,0.03691855660155303,UNKNOWN,178,0.03691855660155303
M,360X1,-0.036916005911802954,360,128,0.036916005911802954
N,312X223,-0.0368944914362048,312,266,0.0368944914362048
M,360X763,-0.03688670865351265,360,128,0.03688670865351265
L,312X269,0.03688267348119074,312,178,0.03688267348119074
N,330X401,-0.036860257935133055,330,266,0.036860257935133055
O,400X92,0.0368479455275732,400,86,0.0368479455275732
O,344X245,-0.03684575523659132,344,86,0.03684575523659132
L,750X1083,0.036837639439251786,750,178,0.036837639439251786
J,340X145,0.03683511807281847,340,142,0.03683511807281847
M,330X218,0.03682986737069668,330,128,0.03682986737069668
N,312X361,-0.03680825740074387,312,266,0.03680825740074387
L,440AX20,0.0368053454905332,UNKNOWN,178,0.0368053454905332
N,420X133,-0.036793782786936104,420,266,0.036793782786936104
N,420X146,-0.03679378278691325,420,266,0.03679378278691325
M,344X51,-0.036785594638909486,344,128,0.036785594638909486
N,344X51,-0.03678559463889726,344,266,0.03678559463889726
O,344X51,-0.03678559463888504,344,86,0.03678559463888504
J,344X51,-0.03678559463888504,344,142,0.03678559463888504
N,312X516,-0.03676399192335923,312,266,0.03676399192335923
N,310X44,0.036746852611484235,310,266,0.036746852611484235
J,400X160,-0.03674378270819232,400,142,0.03674378270819232
M,420X16,0.03673571077266439,420,128,0.03673571077266439
L,440AX55,0.03671031508142713,UNKNOWN,178,0.03671031508142713
L,400X58,-0.03668267182616605,400,178,0.03668267182616605
M,312X111,-0.03667188413802512,312,128,0.03667188413802512
N,340X17,0.036666443297433314,340,266,0.036666443297433314
N,344X150,-0.03662507395468518,344,266,0.03662507395468518
M,312X259,-0.0365921460351346,312,128,0.0365921460351346
M,330X211,-0.036591740233685915,330,128,0.036591740233685915
J,330X1221,0.03657792667465905,330,142,0.03657792667465905
O,311X68,0.036573077711481765,311,86,0.036573077711481765
N,400X32,-0.036569583234977374,400,266,0.036569583234977374
N,344X104,0.03656059966331341,344,266,0.03656059966331341
M,750X896,0.03654487912712314,750,128,0.03654487912712314
M,750X3,0.03651710563812553,750,128,0.03651710563812553
L,344X195,-0.03650932566280322,344,178,0.03650932566280322
L,220X204,0.03647976973109167,220,178,0.03647976973109167
J,340X67,-0.036478496838553615,340,142,0.036478496838553615
L,440AX87,0.03647231224801306,UNKNOWN,178,0.03647231224801306
M,330X450,0.03646481205837157,330,128,0.03646481205837157
J,330X98,0.03645316704675403,330,142,0.03645316704675403
N,344X244,-0.03644245811608484,344,266,0.03644245811608484
M,400X123,-0.036426022226493084,400,128,0.036426022226493084
L,440AX74,0.03641827902215816,UNKNOWN,178,0.03641827902215816
M,344X212,-0.0364068711965735,344,128,0.0364068711965735
M,344X186,-0.036399105608772506,344,128,0.036399105608772506
L,312X171,0.03639322063157846,312,178,0.03639322063157846
O,220X54,-0.03638019645988227,220,86,0.03638019645988227
N,312X666,0.03638017371608734,312,266,0.03638017371608734
N,311X12,-0.0363624851961121,311,266,0.0363624851961121
J,312X380,0.03633225203425731,312,142,0.03633225203425731
L,420X148,0.03631225300915397,420,178,0.03631225300915397
O,330X302,-0.036253795898674834,330,86,0.036253795898674834
N,311X204,-0.03621579248083453,311,266,0.03621579248083453
M,312X694,-0.036197894212934574,312,128,0.036197894212934574
M,330X1196,0.0361770106610719,330,128,0.0361770106610719
N,312X678,0.03615963599766046,312,266,0.03615963599766046
L,520X432,-0.03612841451520829,520,178,0.03612841451520829
L,440AX32,0.03610022689090869,UNKNOWN,178,0.03610022689090869
J,400X193,-0.03605599982861786,400,142,0.03605599982861786
N,750X392,0.03605181796462488,750,266,0.03605181796462488
L,440AX84,0.036035307561327744,UNKNOWN,178,0.036035307561327744
L,440AX73,0.03603040669896583,UNKNOWN,178,0.03603040669896583
L,440AX33,0.03602179334897853,UNKNOWN,178,0.03602179334897853
L,420X99,0.036020750296861935,420,178,0.036020750296861935
L,750X763,-0.03601958323097158,750,178,0.03601958323097158
N,210X124,-0.03600932249506315,210,266,0.03600932249506315
L,311X133,-0.0359959317075411,311,178,0.0359959317075411
L,440AX212,-0.03593049224052158,UNKNOWN,178,0.03593049224052158
L,520X288,-0.03592651070796478,520,178,0.03592651070796478
N,312X476,-0.03592081173761517,312,266,0.03592081173761517
O,360X685,-0.03590960773778166,360,86,0.03590960773778166
N,360X621,-0.035890828865350693,360,266,0.035890828865350693
L,310X107,-0.035857801443454934,310,178,0.035857801443454934
L,340X7,0.035842809282428764,340,178,0.035842809282428764
L,210X6,-0.03584223802410551,210,178,0.03584223802410551
J,400X33,0.03583618412593056,400,142,0.03583618412593056
O,312X471,-0.035809847605522506,312,86,0.035809847605522506
L,360X403,0.03576808765553234,360,178,0.03576808765553234
L,440AX31,0.035730278218036614,UNKNOWN,178,0.035730278218036614
L,440AX80,0.035723684944348195,UNKNOWN,178,0.035723684944348195
N,330X502,-0.035713016345399036,330,266,0.035713016345399036
N,420X40,-0.03569637651522198,420,266,0.03569637651522198
M,312X691,0.03568728920079603,312,128,0.03568728920079603
L,220X21,-0.03567698914851834,220,178,0.03567698914851834
N,330X472,-0.03566530059433833,330,266,0.03566530059433833
J,520X68,0.03566290367263513,520,142,0.03566290367263513
J,311X84,0.03562167973796825,311,142,0.03562167973796825
N,330X351,0.03561401930893826,330,266,0.03561401930893826
L,310X151,-0.03559574931445374,310,178,0.03559574931445374
L,311X76,0.035580828213601944,311,178,0.035580828213601944
N,312X192,0.03557739261100841,312,266,0.03557739261100841
N,344X246,-0.03557704641228433,344,266,0.03557704641228433
L,520X182,0.03557306666798868,520,178,0.03557306666798868
M,360X554,-0.03553461006719241,360,128,0.03553461006719241
J,312X263,-0.03552953758917099,312,142,0.03552953758917099
J,420X40,0.035474911933844944,420,142,0.035474911933844944
O,420X95,-0.0354560625219224,420,86,0.0354560625219224
L,440AX93,0.03539540380621454,UNKNOWN,178,0.03539540380621454
N,312X698,-0.035389808728898686,312,266,0.035389808728898686
M,312X459,0.035377456888751956,312,128,0.035377456888751956
O,312X459,0.035377456888751956,312,86,0.035377456888751956
L,312X459,0.035377456888751956,312,178,0.035377456888751956
N,312X459,0.035377456888751956,312,266,0.035377456888751956
N,312X328,-0.035377456883861264,312,266,0.035377456883861264
J,312X328,-0.035377456883861264,312,142,0.035377456883861264
O,312X328,-0.035377456883861264,312,86,0.035377456883861264
L,312X328,-0.035377456883861264,312,178,0.035377456883861264
M,312X632,-0.03536816057600976,312,128,0.03536816057600976
O,330X1163,-0.03535533905948046,330,86,0.03535533905948046
J,330X1163,-0.03535533905948046,330,142,0.03535533905948046
M,330X1163,-0.03535533905940196,330,128,0.03535533905940196
M,220X155,-0.0353553390593329,220,128,0.0353553390593329
O,220X155,-0.0353553390593329,220,86,0.0353553390593329
N,220X155,-0.0353553390593329,220,266,0.0353553390593329
J,220X155,-0.0353553390593329,220,142,0.0353553390593329
M,310X139,-0.03535533905933289,310,128,0.03535533905933289
N,310X139,-0.03535533905933289,310,266,0.03535533905933289
J,310X139,-0.03535533905933289,310,142,0.03535533905933289
L,310X139,-0.03535533905933289,310,178,0.03535533905933289
L,520X375,0.03535533905932776,520,178,0.03535533905932776
M,520X375,0.03535533905932776,520,128,0.03535533905932776
N,520X375,0.03535533905932776,520,266,0.03535533905932776
J,520X375,0.03535533905932776,520,142,0.03535533905932776
L,330X1163,-0.035355339059323455,330,178,0.035355339059323455
N,310X140,-0.035355339059320326,310,266,0.035355339059320326
M,310X138,-0.035355339059320326,310,128,0.035355339059320326
L,310X138,-0.035355339059320326,310,178,0.035355339059320326
N,310X138,-0.035355339059320326,310,266,0.035355339059320326
M,310X140,-0.035355339059320326,310,128,0.035355339059320326
J,310X140,-0.035355339059320326,310,142,0.035355339059320326
J,310X138,-0.035355339059320326,310,142,0.035355339059320326
L,310X140,-0.035355339059320326,310,178,0.035355339059320326
L,440AX158,0.035355339059295214,UNKNOWN,178,0.035355339059295214
O,440AX158,0.035355339059295214,UNKNOWN,86,0.035355339059295214
J,440AX158,0.035355339059295214,UNKNOWN,142,0.035355339059295214
M,440AX158,0.035355339059295214,UNKNOWN,128,0.035355339059295214
L,520X72,-0.03532033761093052,520,178,0.03532033761093052
J,420X157,-0.035318065509972636,420,142,0.035318065509972636
L,312X266,0.03530842500047338,312,178,0.03530842500047338
N,312X197,0.035288786015307834,312,266,0.035288786015307834
O,220X31,-0.03524604213322416,220,86,0.03524604213322416
M,312X291,0.035238649336150084,312,128,0.035238649336150084
L,440AX57,0.035238222464305066,UNKNOWN,178,0.035238222464305066
O,312X167,0.0352188403865141,312,86,0.0352188403865141
J,520X174,-0.03519392790500024,520,142,0.03519392790500024
L,312X555,0.035181096726132066,312,178,0.035181096726132066
N,520X167,-0.03517953649776076,520,266,0.03517953649776076
L,440AX111,-0.03517944378796809,UNKNOWN,178,0.03517944378796809
O,312X561,0.03517374456985772,312,86,0.03517374456985772
O,360X637,-0.03515957570528113,360,86,0.03515957570528113
M,312X135,0.035156172638217936,312,128,0.035156172638217936
L,440AX81,0.035155258809613205,UNKNOWN,178,0.035155258809613205
L,440AX62,0.03509794262064234,UNKNOWN,178,0.03509794262064234
L,440AX75,0.035094076770979775,UNKNOWN,178,0.035094076770979775
N,312X355,-0.035092584277027106,312,266,0.035092584277027106
N,400X100,0.03507466036367053,400,266,0.03507466036367053
O,360X645,0.03505230808141595,360,86,0.03505230808141595
L,311X112,0.03505153002670184,311,178,0.03505153002670184
J,360X1152,-0.03504780257129044,360,142,0.03504780257129044
M,400X148,-0.03503608698668462,400,128,0.03503608698668462
L,340X177,0.03503215110996765,340,178,0.03503215110996765
L,440AX79,0.03502340670368326,UNKNOWN,178,0.03502340670368326
N,330X208,0.03502012109943415,330,266,0.03502012109943415
N,311X139,-0.035014899318544464,311,266,0.035014899318544464
M,312X141,0.03499642171238242,312,128,0.03499642171238242
L,ERROR:#N/A_14,-0.03497578142946786,UNKNOWN,178,0.03497578142946786
M,344X104,0.03496090755446506,344,128,0.03496090755446506
J,360X34,-0.0349562547249084,360,142,0.0349562547249084
M,210X155,0.03494682178903807,210,128,0.03494682178903807
L,340X4,0.03492930564245615,340,178,0.03492930564245615
L,420X72,-0.034925213707362394,420,178,0.034925213707362394
N,312X166,-0.034920911072168534,312,266,0.034920911072168534
L,440AX207,0.03490988269749984,UNKNOWN,178,0.03490988269749984
L,340X9,-0.03490682634165399,340,178,0.03490682634165399
N,330X581,0.034900420973506555,330,266,0.034900420973506555
N,ERROR:#N/A_21,-0.03489258062128677,UNKNOWN,266,0.03489258062128677
N,312X100,-0.03488983495615897,312,266,0.03488983495615897
N,312X672,0.034846316292855284,312,266,0.034846316292855284
L,312X735,-0.03484478312790998,312,178,0.03484478312790998
J,360X219,-0.034829686276539394,360,142,0.034829686276539394
L,400X110,-0.03482102546675683,400,178,0.03482102546675683
L,750X176,-0.03481725801136896,750,178,0.03481725801136896
N,330X588,0.03478833962566216,330,266,0.03478833962566216
L,330X1000,-0.03477222902770519,330,178,0.03477222902770519
N,520X46,-0.034758806137386584,520,266,0.034758806137386584
L,340X75,-0.03475597021463751,340,178,0.03475597021463751
N,330X574,0.034746670310856556,330,266,0.034746670310856556
O,400X86,0.034724502043222936,400,86,0.034724502043222936
L,520X312,-0.03469550141562459,520,178,0.03469550141562459
O,330X56,0.034670527999381695,330,86,0.034670527999381695
L,750X510,-0.034666743557347945,750,178,0.034666743557347945
M,312X520,0.03466611852480875,312,128,0.03466611852480875
M,312X478,-0.034666118524808325,312,128,0.034666118524808325
J,750X261,0.03464584560896109,750,142,0.03464584560896109
O,340X39,-0.03463811872830904,340,86,0.03463811872830904
M,344X160,0.03462112023240576,344,128,0.03462112023240576
M,312X713,-0.034607109762139876,312,128,0.034607109762139876
J,400X195,-0.03458315424312756,400,142,0.03458315424312756
M,400X88,0.03458157790910485,400,128,0.03458157790910485
L,220X193,0.034579775085776095,220,178,0.034579775085776095
L,312X91,0.034569691676800775,312,178,0.034569691676800775
N,420X12,-0.034549406319250575,420,266,0.034549406319250575
O,312X222,0.034531399619180204,312,86,0.034531399619180204
N,344X60,-0.03449804401775244,344,266,0.03449804401775244
L,311X118,0.034496671102987764,311,178,0.034496671102987764
N,520X293,0.034469630402311414,520,266,0.034469630402311414
J,330X51,0.03446535383291046,330,142,0.03446535383291046
N,750X25,0.03444327375235473,750,266,0.03444327375235473
M,310X147,0.03442071288754372,310,128,0.03442071288754372
L,340X175,0.034420414403503366,340,178,0.034420414403503366
O,220X107,0.034416685552199844,220,86,0.034416685552199844
O,340X42,-0.0344142402390456,340,86,0.0344142402390456
O,420X23,-0.034400786005160784,420,86,0.034400786005160784
L,312X121,0.03439753505397295,312,178,0.03439753505397295
N,330X155,-0.034363056430110915,330,266,0.034363056430110915
L,440AX71,0.03436159609729053,UNKNOWN,178,0.03436159609729053
L,312X115,0.034352668896712894,312,178,0.034352668896712894
J,400X192,-0.034337746599388305,400,142,0.034337746599388305
J,520X7,-0.03433076162566977,520,142,0.03433076162566977
N,440AX125,0.03430478685776396,UNKNOWN,266,0.03430478685776396
L,312X713,0.034299021470441754,312,178,0.034299021470441754
M,312X423,-0.034297244474840165,312,128,0.034297244474840165
O,360X573,0.034291296794486364,360,86,0.034291296794486364
L,312X211,0.03427734867417885,312,178,0.03427734867417885
M,360X785,-0.03426125600586495,360,128,0.03426125600586495
L,210X50,0.034249881594981525,210,178,0.034249881594981525
M,330X1194,0.034236971963090355,330,128,0.034236971963090355
M,344X213,-0.0341897043321682,344,128,0.0341897043321682
M,220X70,0.03417477786927105,220,128,0.03417477786927105
L,312X765,0.034155175396614015,312,178,0.034155175396614015
J,360X370,-0.03414877530416569,360,142,0.03414877530416569
L,330X123,0.03413845712533254,330,178,0.03413845712533254
L,420X141,-0.03412578541877402,420,178,0.03412578541877402
M,344X117,0.03412550059264814,344,128,0.03412550059264814
O,312X676,0.034113314217937056,312,86,0.034113314217937056
N,311X207,-0.03411280933567126,311,266,0.03411280933567126
N,400X189,-0.03406114651508755,400,266,0.03406114651508755
N,400X188,-0.03406114651507106,400,266,0.03406114651507106
L,520X325,0.034055063910585416,520,178,0.034055063910585416
L,340X189,0.0340444923233316,340,178,0.0340444923233316
M,312X436,-0.034034049221758254,312,128,0.034034049221758254
J,312X682,0.03400960284729577,312,142,0.03400960284729577
N,340X1,-0.0339878960687483,340,266,0.0339878960687483
N,420X70,-0.033983897498241225,420,266,0.033983897498241225
L,312X81,-0.0339781622028505,312,178,0.0339781622028505
N,420X66,-0.033922285663020524,420,266,0.033922285663020524
M,220X3,0.03392046197621544,220,128,0.03392046197621544
M,312X525,0.033918988840112296,312,128,0.033918988840112296
L,310X29,0.03388956348706845,310,178,0.03388956348706845
O,312X701,-0.033872586785379105,312,86,0.033872586785379105
M,344X60,-0.03386846791933856,344,128,0.03386846791933856
L,360X1116,-0.03386140053402126,360,178,0.03386140053402126
L,344X122,-0.03384911377297712,344,178,0.03384911377297712
L,440AX59,0.03384365563903943,UNKNOWN,178,0.03384365563903943
J,312X69,0.03381583779398776,312,142,0.03381583779398776
L,210X48,0.033787220825294416,210,178,0.033787220825294416
O,330X1168,0.03378288493189432,330,86,0.03378288493189432
M,330X1090,-0.033767734427122414,330,128,0.033767734427122414
N,400X216,-0.03376333805473631,400,266,0.03376333805473631
M,210X75,-0.03373807508829066,210,128,0.03373807508829066
O,400X14,-0.03371200235535514,400,86,0.03371200235535514
J,312X702,-0.03371184697171929,312,142,0.03371184697171929
N,312X427,0.033709361597532135,312,266,0.033709361597532135
N,344X69,0.03369953218418924,344,266,0.03369953218418924
N,210X97,0.0336979981353046,210,266,0.0336979981353046
J,312X197,-0.033695038686914355,312,142,0.033695038686914355
J,520X176,0.03368724103103275,520,142,0.03368724103103275
M,330X1087,-0.03366329630850617,330,128,0.03366329630850617
O,330X640,0.03365849637926522,330,86,0.03365849637926522
L,750X605,-0.03365007093828274,750,178,0.03365007093828274
L,750X1329,-0.033633678260990424,750,178,0.033633678260990424
N,420X67,-0.03362888542480849,420,266,0.03362888542480849
N,311X203,-0.03360371028902932,311,266,0.03360371028902932
L,440AX60,0.03360183592701301,UNKNOWN,178,0.03360183592701301
M,340X11,0.0335981499408604,340,128,0.0335981499408604
M,312X792,-0.03359777440863787,312,128,0.03359777440863787
J,400X13,-0.03359282072745718,400,142,0.03359282072745718
L,340X173,0.033584148064821566,340,178,0.033584148064821566
M,312X95,0.033557555707294774,312,128,0.033557555707294774
M,330X719,-0.03353944304509078,330,128,0.03353944304509078
N,400X156,0.03353822810213278,400,266,0.03353822810213278
M,330X749,0.033498563599004966,330,128,0.033498563599004966
L,340X36,-0.033488752999435566,340,178,0.033488752999435566
M,420X75,-0.03346099106550373,420,128,0.03346099106550373
M,330X729,-0.033441929124097866,330,128,0.033441929124097866
N,312X46,0.03341230754260886,312,266,0.03341230754260886
O,750X91,-0.033400872230059546,750,86,0.033400872230059546
M,330X759,0.033363265965197966,330,128,0.033363265965197966
M,330X828,-0.03336074944591831,330,128,0.03336074944591831
L,440AX58,0.0333580477149841,UNKNOWN,178,0.0333580477149841
L,340X35,-0.03332470373479258,340,178,0.03332470373479258
N,311X197,-0.03332294399524219,311,266,0.03332294399524219
N,420X121,0.033320178156061496,420,266,0.033320178156061496
N,330X717,-0.03331856070907777,330,266,0.03331856070907777
L,312X289,0.03331057019491329,312,178,0.03331057019491329
N,420X32,-0.03329658417306897,420,266,0.03329658417306897
L,312X127,0.03325497311894727,312,178,0.03325497311894727
O,340X11,-0.033241585535915004,340,86,0.033241585535915004
L,440AX124,0.03323645641090515,UNKNOWN,178,0.03323645641090515
M,330X858,0.033229955617439376,330,128,0.033229955617439376
L,440AX91,0.033215417860402593,UNKNOWN,178,0.033215417860402593
N,312X456,-0.03315012893348794,312,266,0.03315012893348794
N,330X552,0.03311845731325882,330,266,0.03311845731325882
L,340X190,0.03311429532655174,340,178,0.03311429532655174
M,360X100,-0.03310936066029931,360,128,0.03310936066029931
L,520X243,0.03309490231758127,520,178,0.03309490231758127
M,344X25,-0.033037459183826855,344,128,0.033037459183826855
N,312X522,-0.03301675819568244,312,266,0.03301675819568244
N,312X377,-0.03301426780457072,312,266,0.03301426780457072
M,330X548,-0.03299217130726241,330,128,0.03299217130726241
O,360X677,0.03298322980686278,360,86,0.03298322980686278
L,312X529,0.032982673158625575,312,178,0.032982673158625575
N,312X726,-0.032953863122739,312,266,0.032953863122739
M,400X58,0.03291726586902116,400,128,0.03291726586902116
N,312X765,-0.032860831231963525,312,266,0.032860831231963525
O,210X80,-0.03285846848497712,210,86,0.03285846848497712
N,312X474,-0.03283568746463904,312,266,0.03283568746463904
N,330X152,0.03282850071294041,330,266,0.03282850071294041
M,520X306,0.03279725169305752,520,128,0.03279725169305752
N,360X885,-0.03279404903465108,360,266,0.03279404903465108
N,750X425,0.032792925044217346,750,266,0.032792925044217346
J,312X67,-0.032792055296867864,312,142,0.032792055296867864
J,312X216,-0.03278887850508236,312,142,0.03278887850508236
L,420X110,0.03278731160695886,420,178,0.03278731160695886
N,330X633,-0.03278294970042879,330,266,0.03278294970042879
N,330X175,0.032781874599494595,330,266,0.032781874599494595
N,360X45,-0.03274646738608443,360,266,0.03274646738608443
N,420X68,-0.03273729676824497,420,266,0.03273729676824497
N,420X71,-0.03271169348236288,420,266,0.03271169348236288
N,312X725,-0.03270314760615769,312,266,0.03270314760615769
M,360X165,0.0326950844716463,360,128,0.0326950844716463
L,340X33,-0.03269251423357672,340,178,0.03269251423357672
O,440AX131,0.03268910797616223,UNKNOWN,86,0.03268910797616223
L,311X11,-0.03268680422550634,311,178,0.03268680422550634
L,312X518,0.0326473638716333,312,178,0.0326473638716333
L,344X159,0.03263891047910757,344,178,0.03263891047910757
L,340X187,0.03263857558244414,340,178,0.03263857558244414
N,312X564,0.03263835873511765,312,266,0.03263835873511765
L,312X642,-0.03263082389490062,312,178,0.03263082389490062
N,400X76,-0.032629734871706,400,266,0.032629734871706
L,340X57,-0.032601208966883864,340,178,0.032601208966883864
N,344X230,-0.03259752882329615,344,266,0.03259752882329615
M,344X113,0.0325801273594546,344,128,0.0325801273594546
M,330X1093,-0.03258007898986248,330,128,0.03258007898986248
M,344X37,0.03257970806354432,344,128,0.03257970806354432
N,400X91,0.03257712281881602,400,266,0.03257712281881602
M,420X1,0.03255854602555389,420,128,0.03255854602555389
N,312X670,-0.03252485841465965,312,266,0.03252485841465965
L,312X468,-0.0324792498314374,312,178,0.0324792498314374
M,400X86,0.032476938119805995,400,128,0.032476938119805995
N,440AX109,0.03247261360208042,UNKNOWN,266,0.03247261360208042
N,311X205,-0.03245788713896405,311,266,0.03245788713896405
L,340X34,-0.03241278271964362,340,178,0.03241278271964362
L,360X1006,-0.03240836807362867,360,178,0.03240836807362867
N,520X399,0.03238673981760541,520,266,0.03238673981760541
N,330X714,-0.0323682417491149,330,266,0.0323682417491149
L,520X400,-0.03236693759574369,520,178,0.03236693759574369
N,360X348,-0.032366747469513624,360,266,0.032366747469513624
M,312X125,0.03233213830457843,312,128,0.03233213830457843
M,330X410,0.03230449659477863,330,128,0.03230449659477863
N,210X33,0.032288337741259714,210,266,0.032288337741259714
N,360X34,0.03227511012267078,360,266,0.03227511012267078
L,360X554,0.03226448237285837,360,178,0.03226448237285837
N,312X112,-0.032261378056752596,312,266,0.032261378056752596
M,312X517,0.032227532732890675,312,128,0.032227532732890675
O,520X387,0.032224706980319505,520,86,0.032224706980319505
N,210X88,-0.032222476886376444,210,266,0.032222476886376444
M,312X37,-0.032217635380860504,312,128,0.032217635380860504
O,340X10,0.032211837066346914,340,86,0.032211837066346914
M,520X399,-0.032197734172178374,520,128,0.032197734172178374
N,360X1152,0.03211139427925667,360,266,0.03211139427925667
L,312X66,-0.032098702159232446,312,178,0.032098702159232446
L,310X19,0.032067065131103176,310,178,0.032067065131103176
N,440AX137,0.03205788770709327,UNKNOWN,266,0.03205788770709327
N,310X115,0.03204666660800743,310,266,0.03204666660800743
N,311X8,-0.03202588039275687,311,266,0.03202588039275687
N,420X50,-0.03201473601306655,420,266,0.03201473601306655
J,750X23,-0.03201373403110008,750,142,0.03201373403110008
N,420X48,-0.03201022748570181,420,266,0.03201022748570181
N,420X164,-0.0320102274857011,420,266,0.0320102274857011
N,420X8,-0.03200946641294682,420,266,0.03200946641294682
O,520X391,0.03200811581623563,520,86,0.03200811581623563
O,344X117,0.03200296477143227,344,86,0.03200296477143227
M,312X719,-0.03199933453362765,312,128,0.03199933453362765
J,312X694,0.03199139498728847,312,142,0.03199139498728847
M,420X160,0.031990933753345566,420,128,0.031990933753345566
N,312X81,-0.0319860721880691,312,266,0.0319860721880691
M,312X26,0.031939027549447836,312,128,0.031939027549447836
M,312X489,-0.03192428932607661,312,128,0.03192428932607661
L,340X132,-0.03191566143898635,340,178,0.03191566143898635
L,312X567,0.03190975015826897,312,178,0.03190975015826897
M,520X119,-0.03190885364384619,520,128,0.03190885364384619
O,344X145,0.03189879316847271,344,86,0.03189879316847271
J,340X5,0.031889829674613644,340,142,0.031889829674613644
N,311X131,0.031874801318317214,311,266,0.031874801318317214
L,220X189,0.03185006670743689,220,178,0.03185006670743689
L,312X338,-0.03180680621627181,312,178,0.03180680621627181
N,400X201,0.03178237693796421,400,266,0.03178237693796421
J,400X73,0.03177485274725196,400,142,0.03177485274725196
L,340X181,0.03175337137895978,340,178,0.03175337137895978
O,312X210,-0.03175217524979799,312,86,0.03175217524979799
M,330X1198,0.03174061334841457,330,128,0.03174061334841457
L,310X153,-0.031723636879962484,310,178,0.031723636879962484
L,312X732,0.031714737359836924,312,178,0.031714737359836924
J,520X404,-0.031711277021786465,520,142,0.031711277021786465
N,312X714,-0.03170812405036763,312,266,0.03170812405036763
J,311X145,0.031706598506209875,311,142,0.031706598506209875
N,344X95,-0.031700130588973766,344,266,0.031700130588973766
M,330X1253,0.03169804476471501,330,128,0.03169804476471501
L,312X564,-0.03169393890312086,312,178,0.03169393890312086
M,400X30,-0.03168445168518579,400,128,0.03168445168518579
L,312X341,0.031670487838215286,312,178,0.031670487838215286
N,312X713,-0.031670102110328266,312,266,0.031670102110328266
O,311X70,0.03166989896420831,311,86,0.03166989896420831
L,312X697,-0.03166229708541961,312,178,0.03166229708541961
M,340X140,0.031662247704674434,340,128,0.031662247704674434
J,312X254,0.03166031981313134,312,142,0.03166031981313134
N,310X23,-0.03164449561353875,310,266,0.03164449561353875
O,400X77,-0.03160943775184014,400,86,0.03160943775184014
N,312X339,-0.03160447784900957,312,266,0.03160447784900957
N,750X230,0.03160025607399524,750,266,0.03160025607399524
N,344X74,0.03158578536759909,344,266,0.03158578536759909
L,312X377,0.0315828515765402,312,178,0.0315828515765402
N,420X187,0.03148241776283148,420,266,0.03148241776283148
M,330X557,0.03147558389396252,330,128,0.03147558389396252
O,344X104,0.03146158106635928,344,86,0.03146158106635928
M,210X85,0.03144891786664956,210,128,0.03144891786664956
J,311X154,-0.031442307215761627,311,142,0.031442307215761627
N,311X153,0.03143950750152861,311,266,0.03143950750152861
N,330X204,0.03142993491697755,330,266,0.03142993491697755
M,312X94,0.031424519687619286,312,128,0.031424519687619286
L,750X1337,-0.031413504522953224,750,178,0.031413504522953224
L,312X630,-0.03135945138714924,312,178,0.03135945138714924
N,312X76,-0.03132496479176746,312,266,0.03132496479176746
L,520X290,-0.031311312580230115,520,178,0.031311312580230115
J,520X432,0.031293049142567496,520,142,0.031293049142567496
O,400X194,-0.03129211653069458,400,86,0.03129211653069458
M,344X56,0.031285172512335584,344,128,0.031285172512335584
M,750X58,-0.031272907123432905,750,128,0.031272907123432905
N,210X86,-0.031240913360977746,210,266,0.031240913360977746
M,520X92,-0.03120419814099848,520,128,0.03120419814099848
N,420X69,-0.031197921323644517,420,266,0.031197921323644517
L,220X122,0.031188477406530215,220,178,0.031188477406530215
J,520X232,0.03116466418873927,520,142,0.03116466418873927
O,400X72,-0.03115838153008806,400,86,0.03115838153008806
J,400X79,0.031148596283818632,400,142,0.031148596283818632
M,330X642,0.031133757790710363,330,128,0.031133757790710363
L,312X699,-0.03109453964589526,312,178,0.03109453964589526
L,312X1,0.031044442226421533,312,178,0.031044442226421533
J,220X29,0.031032508484470766,220,142,0.031032508484470766
J,360X1391,0.030998324118513228,360,142,0.030998324118513228
L,310X164,0.030992530200093106,310,178,0.030992530200093106
M,330X393,0.030990525808611908,330,128,0.030990525808611908
O,311X110,-0.030987504647097933,311,86,0.030987504647097933
J,311X105,-0.030983785981991457,311,142,0.030983785981991457
J,310X6,0.030948544767311004,310,142,0.030948544767311004
J,520X113,0.03094776202924055,520,142,0.03094776202924055
L,312X213,-0.030947063908929928,312,178,0.030947063908929928
N,344X245,-0.03093792269592039,344,266,0.03093792269592039
M,750X131,0.03091845894315336,750,128,0.03091845894315336
J,311X81,0.030908880459016838,311,142,0.030908880459016838
L,344X6,0.03088827917815711,344,178,0.03088827917815711
N,344X5,0.030857797737363402,344,266,0.030857797737363402
N,312X424,0.030852177781081232,312,266,0.030852177781081232
J,344X56,-0.03082060459393496,344,142,0.03082060459393496
M,344X210,-0.03081778003540171,344,128,0.03081778003540171
M,340X145,0.030808429907147928,340,128,0.030808429907147928
N,420X211,-0.030796439949166605,420,266,0.030796439949166605
L,330X1003,-0.030795899616969866,330,178,0.030795899616969866
M,330X420,0.030761280829169815,330,128,0.030761280829169815
J,420X194,0.030744536724195717,420,142,0.030744536724195717
J,400X80,0.030713057943150487,400,142,0.030713057943150487
M,420X30,-0.030706604377783803,420,128,0.030706604377783803
J,311X83,0.030705669051750886,311,142,0.030705669051750886
N,360X1321,0.030698521281520397,360,266,0.030698521281520397
M,344X241,0.030679917245794906,344,128,0.030679917245794906
N,312X694,-0.030673421548493267,312,266,0.030673421548493267
N,400X95,0.03067182150148328,400,266,0.03067182150148328
N,312X720,-0.03065067626962997,312,266,0.03065067626962997
N,440AX122,0.030635691090608378,UNKNOWN,266,0.030635691090608378
J,400X36,0.030634055806676684,400,142,0.030634055806676684
N,330X302,-0.030628166732561534,330,266,0.030628166732561534
N,440AX145,0.030610118655540326,UNKNOWN,266,0.030610118655540326
O,440AX115,-0.030582780110449494,UNKNOWN,86,0.030582780110449494
N,400X79,-0.030563570442684238,400,266,0.030563570442684238
L,520X377,-0.03054219477491803,520,178,0.03054219477491803
L,344X85,-0.030540826640942535,344,178,0.030540826640942535
L,330X401,0.030524157734497025,330,178,0.030524157734497025
N,312X69,0.03052147765739509,312,266,0.03052147765739509
J,311X90,-0.03047367643026104,311,142,0.03047367643026104
L,344X87,-0.030469794640473242,344,178,0.030469794640473242
L,330X175,-0.03045551485684558,330,178,0.03045551485684558
O,312X263,-0.030418972457520375,312,86,0.030418972457520375
L,420X151,-0.030411291045771893,420,178,0.030411291045771893
O,ERROR:#N/A_15,0.03040644415760517,UNKNOWN,86,0.03040644415760517
N,400X34,-0.03037480374291401,400,266,0.03037480374291401
L,312X719,0.030367219142938245,312,178,0.030367219142938245
M,520X313,0.030350815550260986,520,128,0.030350815550260986
J,520X234,0.030330316524944896,520,142,0.030330316524944896
L,440AX146,0.030313113388063626,UNKNOWN,178,0.030313113388063626
L,310X24,0.030299993110383554,310,178,0.030299993110383554
L,ERROR:#N/A_24,-0.03026817488525131,UNKNOWN,178,0.03026817488525131
J,520X231,0.030260251667072188,520,142,0.030260251667072188
M,312X256,0.030254416162852224,312,128,0.030254416162852224
N,312X719,-0.030250275216426165,312,266,0.030250275216426165
L,312X442,0.030238440696870716,312,178,0.030238440696870716
L,310X15,0.030226710441656965,310,178,0.030226710441656965
L,344X114,0.03019872887834735,344,178,0.03019872887834735
L,344X110,0.030198638343308985,344,178,0.030198638343308985
L,ERROR:#N/A_16,0.030198638343308895,UNKNOWN,178,0.030198638343308895
L,344X172,0.03019863834330877,344,178,0.03019863834330877
L,344X119,0.030198638343308628,344,178,0.030198638343308628
L,344X92,-0.030198638343308628,344,178,0.030198638343308628
L,344X154,-0.03019863834330845,344,178,0.03019863834330845
L,520X317,-0.03015836434435268,520,178,0.03015836434435268
N,311X89,0.030100215667554525,311,266,0.030100215667554525
N,360X47,0.03009792651820379,360,266,0.03009792651820379
M,360X829,-0.030097458014521596,360,128,0.030097458014521596
M,360X141,-0.030085737807108364,360,128,0.030085737807108364
L,344X25,-0.030058211548151827,344,178,0.030058211548151827
L,344X112,0.030052480235932506,344,178,0.030052480235932506
N,220X216,-0.030023052099155772,220,266,0.030023052099155772
M,400X90,0.03000543535248462,400,128,0.03000543535248462
N,310X119,0.03000259851233538,310,266,0.03000259851233538
L,312X456,-0.030002466745954474,312,178,0.030002466745954474
O,420X153,-0.030000502827502357,420,86,0.030000502827502357
N,311X148,0.029955111122599142,311,266,0.029955111122599142
N,360X359,-0.029944270600892685,360,266,0.029944270600892685
L,311X209,-0.029908416888229285,311,178,0.029908416888229285
J,520X47,0.029906011935573722,520,142,0.029906011935573722
J,340X134,0.029887666245677614,340,142,0.029887666245677614
L,220X31,0.029861309927146484,220,178,0.029861309927146484
L,310X155,-0.02984641940657276,310,178,0.02984641940657276
N,344X253,-0.029820393034074563,344,266,0.029820393034074563
N,340X143,-0.02981362689206948,340,266,0.02981362689206948
L,750X475,0.02979864491914329,750,178,0.02979864491914329
L,344X178,0.029794299072875473,344,178,0.029794299072875473
N,344X108,0.02975860608527107,344,266,0.02975860608527107
L,750X1391,-0.029758573830344904,750,178,0.029758573830344904
L,210X146,0.029757828897270446,210,178,0.029757828897270446
N,311X95,0.029753652925525623,311,266,0.029753652925525623
N,400X213,0.029733757968819934,400,266,0.029733757968819934
N,400X217,0.029730569131802533,400,266,0.029730569131802533
O,420X118,-0.02972469007562407,420,86,0.02972469007562407
L,440AX92,0.029723881587541464,UNKNOWN,178,0.029723881587541464
O,360X117,-0.029710369003561964,360,86,0.029710369003561964
M,311X223,-0.029687885049759406,311,128,0.029687885049759406
L,340X53,0.02968463725137261,340,178,0.02968463725137261
L,330X111,0.029674718591723773,330,178,0.029674718591723773
L,520X184,0.029671116373772545,520,178,0.029671116373772545
M,344X169,-0.029666908437234827,344,128,0.029666908437234827
L,344X103,0.02964917065231285,344,178,0.02964917065231285
L,312X744,0.029640760542981464,312,178,0.029640760542981464
N,312X426,-0.029602530545052793,312,266,0.029602530545052793
J,520X233,0.02953827556914842,520,142,0.02953827556914842
J,520X230,0.02952762436513803,520,142,0.02952762436513803
N,420X140,-0.029504459745524927,420,266,0.029504459745524927
M,420X76,-0.029500251130441222,420,128,0.029500251130441222
L,311X128,0.029499708645708535,311,178,0.029499708645708535
L,420X136,-0.029490010650294288,420,178,0.029490010650294288
O,360X896,-0.029473977933848816,360,86,0.029473977933848816
L,750X499,-0.029473841377510874,750,178,0.029473841377510874
N,311X11,-0.029469753546659875,311,266,0.029469753546659875
J,520X235,0.029454747155477818,520,142,0.029454747155477818
O,330X1039,-0.029393090674502898,330,86,0.029393090674502898
J,340X132,0.029371354038102898,340,142,0.029371354038102898
O,344X35,0.029326866424912886,344,86,0.029326866424912886
O,330X311,-0.029252999935598753,330,86,0.029252999935598753
N,420X37,0.029229324758583808,420,266,0.029229324758583808
M,330X373,-0.02922269801557016,330,128,0.02922269801557016
M,312X331,0.02921998662999041,312,128,0.02921998662999041
N,420X200,0.029210615767948686,420,266,0.029210615767948686
J,520X307,-0.029210116944597915,520,142,0.029210116944597915
L,520X412,0.029194897116429534,520,178,0.029194897116429534
M,330X383,-0.02918489482210065,330,128,0.02918489482210065
L,312X220,-0.029177887822491283,312,178,0.029177887822491283
O,210X57,-0.02916917372877496,210,86,0.02916917372877496
O,330X943,0.02916564826096012,330,86,0.02916564826096012
M,330X363,-0.02914385981089511,330,128,0.02914385981089511
O,330X1153,-0.029108234216967503,330,86,0.029108234216967503
N,440AX126,0.02907573449573751,UNKNOWN,266,0.02907573449573751
J,344X74,0.02906143453922627,344,142,0.02906143453922627
L,312X738,0.02905813418903709,312,178,0.02905813418903709
L,312X125,-0.029037787763169454,312,178,0.029037787763169454
J,210X195,-0.029034044128407925,210,142,0.029034044128407925
N,311X117,0.028976459577736587,311,266,0.028976459577736587
M,312X124,-0.02896727590358616,312,128,0.02896727590358616
L,344X105,0.028935596530295603,344,178,0.028935596530295603
N,312X693,-0.028930328162046572,312,266,0.028930328162046572
J,210X70,-0.028916163909902762,210,142,0.028916163909902762
L,420X138,0.02891200124261817,420,178,0.02891200124261817
O,330X1147,-0.02890113990526095,330,86,0.02890113990526095
L,312X481,-0.028882632634387624,312,178,0.028882632634387624
L,750X1321,-0.028881516489594503,750,178,0.028881516489594503
J,210X141,-0.02886149375063613,210,142,0.02886149375063613
L,210X141,-0.02886149375063488,210,178,0.02886149375063488
M,210X141,-0.02886149375063363,210,128,0.02886149375063363
O,344X255,0.028842500127228537,344,86,0.028842500127228537
N,312X102,-0.028841949519306388,312,266,0.028841949519306388
L,330X544,-0.02883628142562071,330,178,0.02883628142562071
O,344X113,0.028829010492066126,344,86,0.028829010492066126
O,360X510,-0.028769714471464355,360,86,0.028769714471464355
N,310X113,0.02875534690936052,310,266,0.02875534690936052
L,310X200,0.028754041206401015,310,178,0.028754041206401015
N,750X1313,-0.028704992973269675,750,266,0.028704992973269675
N,312X528,0.028695567231507676,312,266,0.028695567231507676
M,360X329,-0.02868079549733025,360,128,0.02868079549733025
N,400X160,0.028674131564150808,400,266,0.028674131564150808
M,344X36,-0.028667254889140386,344,128,0.028667254889140386
M,360X532,0.028656030726088872,360,128,0.028656030726088872
J,400X157,0.028643937816221016,400,142,0.028643937816221016
N,420X95,-0.028621524638514858,420,266,0.028621524638514858
L,750X337,-0.028584702774468545,750,178,0.028584702774468545
N,311X9,-0.028568941958902413,311,266,0.028568941958902413
N,440AX130,0.02850328979177356,UNKNOWN,266,0.02850328979177356
L,520X260,-0.0284985163374418,520,178,0.0284985163374418
O,520X390,0.028496939131314774,520,86,0.028496939131314774
L,340X115,-0.028483578570030994,340,178,0.028483578570030994
M,311X204,-0.02847000384557934,311,128,0.02847000384557934
J,520X130,0.02841090883290907,520,142,0.02841090883290907
N,311X145,0.028406505041998355,311,266,0.028406505041998355
O,400X69,-0.028388407042215215,400,86,0.028388407042215215
O,310X201,0.028388071027543222,310,86,0.028388071027543222
O,311X28,0.028383184080729214,311,86,0.028383184080729214
L,311X74,0.02838086014657025,311,178,0.02838086014657025
M,420X123,0.028371639906361993,420,128,0.028371639906361993
O,311X67,-0.02837095155212052,311,86,0.02837095155212052
J,400X100,0.02832921513209274,400,142,0.02832921513209274
O,312X334,0.028322167491878904,312,86,0.028322167491878904
L,210X187,0.02830539243686768,210,178,0.02830539243686768
J,344X69,0.028300938644226812,344,142,0.028300938644226812
O,400X81,-0.028282628837505083,400,86,0.028282628837505083
O,330X1150,-0.028273983358316164,330,86,0.028273983358316164
L,440AX170,-0.02825134821014032,UNKNOWN,178,0.02825134821014032
L,330X642,-0.02824316052687743,330,178,0.02824316052687743
N,310X101,0.028218144037830576,310,266,0.028218144037830576
L,312X165,-0.02821631142450035,312,178,0.02821631142450035
L,440AX168,-0.02818185152215317,UNKNOWN,178,0.02818185152215317
J,340X65,-0.028178198759967774,340,142,0.028178198759967774
N,312X580,-0.028167499539129576,312,266,0.028167499539129576
O,360X710,-0.028163530338572034,360,86,0.028163530338572034
N,440AX151,0.028154263532159694,UNKNOWN,266,0.028154263532159694
N,520X184,0.028147000973363864,520,266,0.028147000973363864
J,520X181,0.028146333766553795,520,142,0.028146333766553795
M,340X19,-0.02813975793038144,340,128,0.02813975793038144
L,340X134,-0.02812384916069909,340,178,0.02812384916069909
M,520X410,-0.028120535840752733,520,128,0.028120535840752733
J,310X12,0.028097083018419323,310,142,0.028097083018419323
L,440AX169,-0.028070438726687023,UNKNOWN,178,0.028070438726687023
L,312X113,-0.028064138695748145,312,178,0.028064138695748145
L,360X392,0.02799206875940565,360,178,0.02799206875940565
J,312X388,0.027946495952229405,312,142,0.027946495952229405
N,310X162,0.027945386751330212,310,266,0.027945386751330212
O,312X289,-0.02790719732168548,312,86,0.02790719732168548
M,312X682,-0.027883530624454495,312,128,0.027883530624454495
N,340X193,0.02788220925668164,340,266,0.02788220925668164
N,750X1,-0.02788045722572707,750,266,0.02788045722572707
N,520X296,0.027877353329809472,520,266,0.027877353329809472
O,400X31,0.02787237274629106,400,86,0.02787237274629106
L,360X499,-0.027862247638837132,360,178,0.027862247638837132
L,750X696,-0.027857977051381717,750,178,0.027857977051381717
N,400X111,-0.027784831263248693,400,266,0.027784831263248693
N,330X1133,0.02777568909737236,330,266,0.02777568909737236
L,312X531,0.027766284268513932,312,178,0.027766284268513932
L,400X134,-0.0277469400725847,400,178,0.0277469400725847
J,330X1191,-0.027736945449723716,330,142,0.027736945449723716
N,360X1061,-0.027736814699195592,360,266,0.027736814699195592
O,312X213,-0.0277245303541075,312,86,0.0277245303541075
L,440AX180,-0.027722331440284208,UNKNOWN,178,0.027722331440284208
N,330X1127,0.02770258335664066,330,266,0.02770258335664066
M,750X1278,-0.027695908462170446,750,128,0.027695908462170446
N,210X29,0.027690836272417273,210,266,0.027690836272417273
J,344X165,-0.02768029483814903,344,142,0.02768029483814903
N,330X1130,0.027670203090332503,330,266,0.027670203090332503
J,750X1288,-0.027668078495633314,750,142,0.027668078495633314
J,520X405,-0.027650571829404502,520,142,0.027650571829404502
N,311X119,-0.027622271815215076,311,266,0.027622271815215076
L,440AX181,-0.027600957318645834,UNKNOWN,178,0.027600957318645834
N,310X111,0.027587577089608357,310,266,0.027587577089608357
L,330X182,0.027569412045401337,330,178,0.027569412045401337
N,312X187,-0.027564520614575275,312,266,0.027564520614575275
J,440AX134,-0.027535269333831217,UNKNOWN,142,0.027535269333831217
L,311X116,-0.027523258486153515,311,178,0.027523258486153515
M,750X776,0.027515162415242,750,128,0.027515162415242
N,330X398,0.02750607020643983,330,266,0.02750607020643983
L,520X158,0.027465022313678096,520,178,0.027465022313678096
N,360X702,-0.02744758590801427,360,266,0.02744758590801427
M,312X386,-0.02743177239759715,312,128,0.02743177239759715
L,344X158,0.02741509656382119,344,178,0.02741509656382119
O,312X703,-0.02740168412059,312,86,0.02740168412059
N,330X146,-0.027364999381359466,330,266,0.027364999381359466
O,220X169,0.02734501951402046,220,86,0.02734501951402046
N,311X149,-0.027319650513065917,311,266,0.027319650513065917
M,312X523,0.027317740583436563,312,128,0.027317740583436563
L,310X44,-0.027287120340421127,310,178,0.027287120340421127
L,220X19,-0.02725939532055776,220,178,0.02725939532055776
N,310X11,-0.027237094217731336,310,266,0.027237094217731336
J,750X403,-0.027233633642451738,750,142,0.027233633642451738
L,440AX182,-0.027231164778411084,UNKNOWN,178,0.027231164778411084
M,344X243,0.027229029576903666,344,128,0.027229029576903666
M,344X187,0.02721048130740679,344,128,0.02721048130740679
J,312X2,0.02719516292342574,312,142,0.02719516292342574
O,344X232,-0.027193981878909094,344,86,0.027193981878909094
L,330X303,0.027168821300524528,330,178,0.027168821300524528
L,330X224,0.02715378151507122,330,178,0.02715378151507122
N,330X375,0.027143386093367347,330,266,0.027143386093367347
L,311X71,0.027140652496487953,311,178,0.027140652496487953
L,220X188,0.027091901788531426,220,178,0.027091901788531426
L,311X137,-0.027085866722241128,311,178,0.027085866722241128
N,330X642,-0.027080332261171926,330,266,0.027080332261171926
L,344X241,-0.027056970141089626,344,178,0.027056970141089626
O,330X808,-0.027045039833995733,330,86,0.027045039833995733
M,312X790,-0.027043087972456845,312,128,0.027043087972456845
L,360X294,0.027035441740918258,360,178,0.027035441740918258
J,220X26,0.026992159957107735,220,142,0.026992159957107735
L,520X238,0.026961266581882474,520,178,0.026961266581882474
J,311X1,-0.02696062677389132,311,142,0.02696062677389132
N,312X574,0.02693322371613572,312,266,0.02693322371613572
M,360X896,0.02693039073177264,360,128,0.02693039073177264
L,520X76,-0.02692800120639336,520,178,0.02692800120639336
N,420X72,0.026926682732137452,420,266,0.026926682732137452
N,ERROR:#N/A_23,0.02691447469296533,UNKNOWN,266,0.02691447469296533
J,360X230,0.02689580995579252,360,142,0.02689580995579252
L,750X381,-0.026890370659162444,750,178,0.026890370659162444
J,520X259,0.026887368988852047,520,142,0.026887368988852047
N,330X622,0.02685913346636432,330,266,0.02685913346636432
L,344X244,-0.026846568188102476,344,178,0.026846568188102476
M,210X95,-0.026811171754796494,210,128,0.026811171754796494
L,520X409,0.026808027852077188,520,178,0.026808027852077188
M,520X124,-0.026765910255860025,520,128,0.026765910255860025
L,520X129,-0.026726900106455787,520,178,0.026726900106455787
N,344X10,-0.026726852002432723,344,266,0.026726852002432723
N,344X163,0.02671580284838469,344,266,0.02671580284838469
M,420X157,0.026654359223685895,420,128,0.026654359223685895
N,520X72,0.026583181296155504,520,266,0.026583181296155504
M,312X83,0.026573495976488035,312,128,0.026573495976488035
J,520X46,0.02655590645820734,520,142,0.02655590645820734
O,312X333,0.026545031467195807,312,86,0.026545031467195807
L,344X229,0.026492151057206238,344,178,0.026492151057206238
N,360X230,-0.02645639155370949,360,266,0.02645639155370949
L,340X99,-0.026451242698883666,340,178,0.026451242698883666
L,360X211,0.02642328120106045,360,178,0.02642328120106045
N,310X32,0.026397027010402477,310,266,0.026397027010402477
L,220X175,-0.026366544571061842,220,178,0.026366544571061842
M,210X170,0.026316233381591638,210,128,0.026316233381591638
L,344X225,-0.026311240262192788,344,178,0.026311240262192788
J,520X407,-0.02630866275008768,520,142,0.02630866275008768
L,312X119,-0.02629744629525207,312,178,0.02629744629525207
N,312X480,-0.026273336036714206,312,266,0.026273336036714206
L,312X524,0.026272496706274167,312,178,0.026272496706274167
L,440AX172,-0.0262557544713262,UNKNOWN,178,0.0262557544713262
L,330X323,0.026253221273283257,330,178,0.026253221273283257
O,330X818,-0.026216994189751132,330,86,0.026216994189751132
M,400X87,0.026188599240421967,400,128,0.026188599240421967
M,400X85,0.02618837443509897,400,128,0.02618837443509897
M,210X174,-0.026181535203783236,210,128,0.026181535203783236
L,360X1201,-0.026165011076972212,360,178,0.026165011076972212
L,330X986,-0.026158723929080672,330,178,0.026158723929080672
L,340X1,-0.02614030001386756,340,178,0.02614030001386756
N,312X261,-0.0261329814328247,312,266,0.0261329814328247
L,440AX178,-0.026122802162340347,UNKNOWN,178,0.026122802162340347
L,440AX171,-0.026114931167404282,UNKNOWN,178,0.026114931167404282
N,340X109,0.02610541829591322,340,266,0.02610541829591322
M,312X645,0.02609992176941141,312,128,0.02609992176941141
N,210X113,-0.026083533853424035,210,266,0.026083533853424035
N,312X124,-0.026076599835862305,312,266,0.026076599835862305
M,312X567,-0.026065667961365977,312,128,0.026065667961365977
L,440AX203,-0.026062884678558995,UNKNOWN,178,0.026062884678558995
M,312X145,0.02601526930010538,312,128,0.02601526930010538
M,312X84,0.02601092961270722,312,128,0.02601092961270722
N,312X97,-0.025981251100570712,312,266,0.025981251100570712
O,330X440,0.02597970315424588,330,86,0.02597970315424588
L,312X702,0.025979654228454847,312,178,0.025979654228454847
M,400X89,0.02597919747483809,400,128,0.02597919747483809
L,220X185,0.025953572902521753,220,178,0.025953572902521753
N,312X53,-0.025942842915230982,312,266,0.025942842915230982
N,440AX143,0.025931591855432676,UNKNOWN,266,0.025931591855432676
M,360X796,0.025908286425631814,360,128,0.025908286425631814
L,440AX161,-0.02590671333783461,UNKNOWN,178,0.02590671333783461
N,344X145,-0.025895413971130425,344,266,0.025895413971130425
N,344X209,-0.025862726153393682,344,266,0.025862726153393682
J,520X124,-0.025860227617582107,520,142,0.025860227617582107
O,312X76,-0.02585005429549569,312,86,0.02585005429549569
M,312X82,0.025841055405622423,312,128,0.025841055405622423
N,ERROR:#N/A_14,0.02583339709794881,UNKNOWN,266,0.02583339709794881
O,312X285,0.025832078762190198,312,86,0.025832078762190198
O,340X22,-0.02580828408102102,340,86,0.02580828408102102
L,440AX175,-0.025801152743449126,UNKNOWN,178,0.025801152743449126
M,312X123,-0.02580082648170594,312,128,0.02580082648170594
N,400X74,-0.025793769465744406,400,266,0.025793769465744406
N,330X409,0.025737064572576615,330,266,0.025737064572576615
O,340X147,0.02571767117738161,340,86,0.02571767117738161
L,312X126,-0.025701781429021176,312,178,0.025701781429021176
J,400X12,0.025679942691637304,400,142,0.025679942691637304
L,440AX174,-0.025673124210281305,UNKNOWN,178,0.025673124210281305
M,340X34,0.025666986155492517,340,128,0.025666986155492517
J,400X114,-0.025654192978939283,400,142,0.025654192978939283
L,312X729,-0.02563693904073951,312,178,0.02563693904073951
O,ERROR:#N/A_17,0.025623923569824663,UNKNOWN,86,0.025623923569824663
L,312X99,0.02561099113776651,312,178,0.02561099113776651
M,330X566,0.025599748954575424,330,128,0.025599748954575424
L,440AX201,-0.025596884475425085,UNKNOWN,178,0.025596884475425085
M,312X223,0.02558122408981707,312,128,0.02558122408981707
N,750X629,0.025562745833655462,750,266,0.025562745833655462
L,344X149,-0.02555777991516942,344,178,0.02555777991516942
L,440AX173,-0.025542908950326165,UNKNOWN,178,0.025542908950326165
J,311X85,0.025508629718026702,311,142,0.025508629718026702
L,520X284,0.025501011287512632,520,178,0.025501011287512632
N,312X18,-0.025432029800236032,312,266,0.025432029800236032
J,520X306,0.025430535970315502,520,142,0.025430535970315502
M,344X149,0.025426947151292654,344,128,0.025426947151292654
L,344X29,-0.025422295503541404,344,178,0.025422295503541404
M,312X112,-0.025409943384823303,312,128,0.025409943384823303
M,420X72,-0.02537710075954037,420,128,0.02537710075954037
N,312X682,-0.025369837431858437,312,266,0.025369837431858437
L,440AX143,-0.025369378496830807,UNKNOWN,178,0.025369378496830807
O,330X709,-0.02536508056745853,330,86,0.02536508056745853
N,520X180,0.025364875321752745,520,266,0.025364875321752745
L,312X382,0.025353106266730797,312,178,0.025353106266730797
M,312X234,-0.0253356427911712,312,128,0.0253356427911712
M,344X245,0.025334102676557408,344,128,0.025334102676557408
O,400X59,0.0253332490335837,400,86,0.0253332490335837
O,400X70,-0.02533011110608141,400,86,0.02533011110608141
J,520X106,0.025325335286399117,520,142,0.025325335286399117
L,440AX202,-0.025321284380541875,UNKNOWN,178,0.025321284380541875
L,440AX177,-0.025321284276406772,UNKNOWN,178,0.025321284276406772
L,750X1313,-0.025306221198336754,750,178,0.025306221198336754
N,340X75,0.025303369623537256,340,266,0.025303369623537256
L,330X1258,0.025297221760367833,330,178,0.025297221760367833
L,311X152,0.025284729452194458,311,178,0.025284729452194458
L,330X539,-0.025274690454891877,330,178,0.025274690454891877
L,750X677,-0.025265312393980516,750,178,0.025265312393980516
L,440AX179,-0.025263645486587164,UNKNOWN,178,0.025263645486587164
M,340X97,-0.025243574591817277,340,128,0.025243574591817277
L,330X144,-0.025241535300379796,330,178,0.025241535300379796
N,330X196,-0.025234783711390957,330,266,0.025234783711390957
L,520X137,0.025213361654200715,520,178,0.025213361654200715
O,400X63,0.02520703634589659,400,86,0.02520703634589659
N,440AX106,-0.025203746919823317,UNKNOWN,266,0.025203746919823317
N,312X163,0.025185316610075847,312,266,0.025185316610075847
L,300X5,-0.025182425831228702,300,178,0.025182425831228702
L,440AX176,-0.025180235464964933,UNKNOWN,178,0.025180235464964933
L,312X754,0.02518015475481189,312,178,0.02518015475481189
M,360X704,0.025165377746489827,360,128,0.025165377746489827
L,520X291,0.025158756127779226,520,178,0.025158756127779226
L,340X18,0.025152965643480556,340,178,0.025152965643480556
O,312X81,-0.02514234700191425,312,86,0.02514234700191425
L,340X6,0.025133535487397395,340,178,0.025133535487397395
N,520X290,0.025117171902233695,520,266,0.025117171902233695
O,420X8,0.025113376766273444,420,86,0.025113376766273444
N,340X197,0.025111208356820777,340,266,0.025111208356820777
M,311X148,-0.025108605517274132,311,128,0.025108605517274132
N,330X167,-0.025099872361571622,330,266,0.025099872361571622
O,420X164,0.02509531984516833,420,86,0.02509531984516833
O,420X48,0.025095319845167618,420,86,0.025095319845167618
M,312X6,0.025092326718726066,312,128,0.025092326718726066
L,750X211,0.025088852642315265,750,178,0.025088852642315265
O,420X50,0.025087191661798826,420,86,0.025087191661798826
M,520X409,0.02507897126115744,520,128,0.02507897126115744
N,311X94,0.025070626639629976,311,266,0.025070626639629976
N,440AX123,0.025062766174234235,UNKNOWN,266,0.025062766174234235
L,520X314,0.025054196673406685,520,178,0.025054196673406685
L,310X159,-0.025050033595264296,310,178,0.025050033595264296
J,520X168,0.02502540628500624,520,142,0.02502540628500624
N,312X217,0.0249990559965283,312,266,0.0249990559965283
N,312X702,0.024998386206875955,312,266,0.024998386206875955
L,312X693,0.024998054699429163,312,178,0.024998054699429163
M,420X140,-0.024994079496331697,420,128,0.024994079496331697
L,750X995,-0.024977632832458886,750,178,0.024977632832458886
O,400X66,-0.024948582311719685,400,86,0.024948582311719685
N,312X266,-0.024927096470569298,312,266,0.024927096470569298
N,312X220,0.02490541946903616,312,266,0.02490541946903616
J,520X329,0.02488493056066598,520,142,0.02488493056066598
M,312X780,-0.024873669235806247,312,128,0.024873669235806247
L,440AX109,0.0248625150253242,UNKNOWN,178,0.0248625150253242
O,420X201,0.024831238683780236,420,86,0.024831238683780236
J,420X187,0.02482423746825343,420,142,0.02482423746825343
L,310X32,0.02478899370558474,310,178,0.02478899370558474
O,750X1278,0.02476633374862,750,86,0.02476633374862
N,312X221,0.024763865218104687,312,266,0.024763865218104687
N,520X259,-0.024757382323696498,520,266,0.024757382323696498
L,440AX114,-0.024755592878062695,UNKNOWN,178,0.024755592878062695
N,344X213,-0.02475188691116295,344,266,0.02475188691116295
J,520X267,0.02472886895140188,520,142,0.02472886895140188
L,440AX206,-0.024721875008646317,UNKNOWN,178,0.024721875008646317
J,330X1187,-0.024669258743114996,330,142,0.024669258743114996
L,440AX204,-0.02464297037774919,UNKNOWN,178,0.02464297037774919
M,312X253,-0.024642551308059056,312,128,0.024642551308059056
N,330X177,-0.02464140227872701,330,266,0.02464140227872701
M,340X101,-0.024630922556018967,340,128,0.024630922556018967
J,520X403,-0.02461216708037365,520,142,0.02461216708037365
L,220X196,0.024601313243952164,220,178,0.024601313243952164
N,520X325,0.024592402759928734,520,266,0.024592402759928734
N,520X323,0.024573502798739773,520,266,0.024573502798739773
N,520X288,0.024562782544678308,520,266,0.024562782544678308
N,340X85,-0.02455333554548901,340,266,0.02455333554548901
L,520X66,0.02454716511222493,520,178,0.02454716511222493
M,344X158,-0.02452231978806943,344,128,0.02452231978806943
L,440AX159,-0.024469028316025838,UNKNOWN,178,0.024469028316025838
L,311X25,0.024454772274690114,311,178,0.024454772274690114
M,312X670,-0.024453722415863723,312,128,0.024453722415863723
L,330X130,0.024408684907350167,330,178,0.024408684907350167
L,311X26,0.024408047185489896,311,178,0.024408047185489896
N,344X21,0.024395839294467876,344,266,0.024395839294467876
L,312X333,0.024382617297118696,312,178,0.024382617297118696
N,344X48,-0.024348833982811242,344,266,0.024348833982811242
L,210X69,0.024323982918973634,210,178,0.024323982918973634
N,440AX127,0.024303995440973995,UNKNOWN,266,0.024303995440973995
L,330X313,0.024299974705778337,330,178,0.024299974705778337
N,750X499,0.024255953072073313,750,266,0.024255953072073313
N,420X142,-0.02423848778273118,420,266,0.02423848778273118
N,310X4,-0.02423582872818206,310,266,0.02423582872818206
N,520X319,-0.024225825463049556,520,266,0.024225825463049556
N,312X696,-0.024212510725819383,312,266,0.024212510725819383
O,440AX133,-0.0241732268097245,UNKNOWN,86,0.0241732268097245
L,312X315,0.024171068782329382,312,178,0.024171068782329382
L,750X984,0.024163426346408893,750,178,0.024163426346408893
M,210X154,-0.024163210484648524,210,128,0.024163210484648524
N,420X216,0.024150186069926246,420,266,0.024150186069926246
O,311X200,0.02414711744797657,311,86,0.02414711744797657
N,340X59,-0.0241242038300298,340,266,0.0241242038300298
J,330X16,0.024118304418699436,330,142,0.024118304418699436
J,400X66,0.02411331051597201,400,142,0.02411331051597201
O,340X13,-0.024113183351707413,340,86,0.024113183351707413
J,750X1164,0.02407482245380001,750,142,0.02407482245380001
L,440AX160,-0.02407248415978844,UNKNOWN,178,0.02407248415978844
O,420X19,-0.024058930958470212,420,86,0.024058930958470212
M,210X125,0.024050649281852875,210,128,0.024050649281852875
N,360X1337,0.02404099537173883,360,266,0.02404099537173883
L,340X20,-0.024040762327762852,340,178,0.024040762327762852
J,312X171,-0.02402456043138713,312,142,0.02402456043138713
M,220X218,0.02397801163026824,220,128,0.02397801163026824
L,520X230,0.023970523534549988,520,178,0.023970523534549988
L,440AX191,-0.023961031408846235,UNKNOWN,178,0.023961031408846235
N,330X361,0.023952369620986264,330,266,0.023952369620986264
N,312X168,-0.02392564867696397,312,266,0.02392564867696397
O,750X510,0.023914519542170484,750,86,0.023914519542170484
J,330X13,0.023913505610207,330,142,0.023913505610207
L,400X197,-0.023905749909599386,400,178,0.023905749909599386
L,440AX205,-0.023872265140488656,UNKNOWN,178,0.023872265140488656
J,520X83,-0.02381705171146873,520,142,0.02381705171146873
N,330X535,-0.023806540413916447,330,266,0.023806540413916447
L,312X517,0.023797572849348116,312,178,0.023797572849348116
L,520X234,0.023785234758435938,520,178,0.023785234758435938
N,520X257,0.023781445117883226,520,266,0.023781445117883226
O,310X148,-0.02376063522751922,310,86,0.02376063522751922
N,440AX200,0.023748347457281008,UNKNOWN,266,0.023748347457281008
N,440AX114,0.023731839761172407,UNKNOWN,266,0.023731839761172407
L,520X235,0.023708241987929205,520,178,0.023708241987929205
M,330X224,0.023690146422721606,330,128,0.023690146422721606
O,750X1039,0.023684704777485185,750,86,0.023684704777485185
M,340X35,0.023668426070302857,340,128,0.023668426070302857
N,340X198,0.023665078173349702,340,266,0.023665078173349702
L,360X117,-0.023664166599694624,360,178,0.023664166599694624
N,311X129,0.023647527404064148,311,266,0.023647527404064148
N,520X255,0.02363671859705665,520,266,0.02363671859705665
L,360X1,-0.02362273545650655,360,178,0.02362273545650655
O,400X82,0.0236095445151112,400,86,0.0236095445151112
O,360X621,0.02358927434841453,360,86,0.02358927434841453
N,330X111,0.023567690579146573,330,266,0.023567690579146573
N,312X64,-0.023528801963420422,312,266,0.023528801963420422
O,340X149,0.023516717317968932,340,86,0.023516717317968932
M,344X151,0.023516662086183707,344,128,0.023516662086183707
J,400X71,0.023509883840886314,400,142,0.023509883840886314
J,360X984,0.023499731353515477,360,142,0.023499731353515477
L,312X222,0.023492755869457413,312,178,0.023492755869457413
L,210X71,0.02348196948606896,210,178,0.02348196948606896
M,340X138,0.023453918814548416,340,128,0.023453918814548416
L,520X307,-0.02344695097612712,520,178,0.02344695097612712
J,330X91,0.02341732479760527,330,142,0.02341732479760527
N,400X112,-0.02340816010767129,400,266,0.02340816010767129
M,330X1184,0.02340077143862264,330,128,0.02340077143862264
L,340X151,0.023393053364480804,340,178,0.023393053364480804
N,750X1061,0.023376592379926207,750,266,0.023376592379926207
N,340X145,-0.02337013730440018,340,266,0.02337013730440018
L,520X106,-0.023365263801838166,520,178,0.023365263801838166
M,420X32,0.02336436615568527,420,128,0.02336436615568527
J,220X143,-0.02335950867261314,220,142,0.02335950867261314
J,400X81,0.023357860190819958,400,142,0.023357860190819958
N,310X5,0.023352745350497382,310,266,0.023352745350497382
N,312X51,0.023340773496801404,312,266,0.023340773496801404
N,312X21,-0.023331129576355587,312,266,0.023331129576355587
O,400X5,0.0233170452567723,400,86,0.0233170452567723
L,210X74,0.02331653959682397,210,178,0.02331653959682397
M,312X240,0.02331287589903972,312,128,0.02331287589903972
O,420X32,0.023285368306496232,420,86,0.023285368306496232
O,344X160,0.023278837804662875,344,86,0.023278837804662875
O,344X16,0.023278236962390043,344,86,0.023278236962390043
M,420X150,-0.02327020953980481,420,128,0.02327020953980481
L,520X233,0.02324575069264223,520,178,0.02324575069264223
L,520X231,0.02324387212719399,520,178,0.02324387212719399
M,360X1391,0.023240241080100754,360,128,0.023240241080100754
O,400X212,0.02321967586867239,400,86,0.02321967586867239
L,360X133,-0.023216511873933345,360,178,0.023216511873933345
M,312X332,0.02321148466025998,312,128,0.02321148466025998
M,330X1182,0.023205146782902,330,128,0.023205146782902
M,312X435,0.02318303533715711,312,128,0.02318303533715711
J,520X400,0.02317078633041336,520,142,0.02317078633041336
L,440AX135,0.02313744000122458,UNKNOWN,178,0.02313744000122458
J,340X125,-0.02313363275485411,340,142,0.02313363275485411
O,Chamber,-0.023129765633039742,UNKNOWN,86,0.023129765633039742
M,520X243,-0.023125303906252306,520,128,0.023125303906252306
L,520X161,0.023123940459485876,520,178,0.023123940459485876
J,400X70,0.023122080282184834,400,142,0.023122080282184834
L,312X639,-0.023119751064642976,312,178,0.023119751064642976
M,312X238,0.023118794623646962,312,128,0.023118794623646962
L,360X595,0.023101298791605905,360,178,0.023101298791605905
J,400X123,-0.02309697515391022,400,142,0.02309697515391022
L,360X853,0.023094184507031355,360,178,0.023094184507031355
N,360X370,-0.02307412056953168,360,266,0.02307412056953168
O,330X450,0.02304633141540392,330,86,0.02304633141540392
O,360X532,0.0230417893081726,360,86,0.0230417893081726
L,440AX194,-0.023017418045761306,UNKNOWN,178,0.023017418045761306
N,330X1053,-0.023009119062489054,330,266,0.023009119062489054
L,520X232,0.022998342135847772,520,178,0.022998342135847772
N,750X1105,0.02294514402739879,750,266,0.02294514402739879
M,210X96,0.022944134596722603,210,128,0.022944134596722603
N,344X212,0.02294354652029023,344,266,0.02294354652029023
L,440AX189,-0.02293662228491329,UNKNOWN,178,0.02293662228491329
L,344X15,0.022923276689999984,344,178,0.022923276689999984
O,312X111,-0.0229227814462561,312,86,0.0229227814462561
M,330X608,-0.022919253267356644,330,128,0.022919253267356644
L,520X408,0.022918605278371033,520,178,0.022918605278371033
M,312X693,-0.022912785836826325,312,128,0.022912785836826325
N,312X93,0.022910098840434517,312,266,0.022910098840434517
M,420X151,0.02290495393700347,420,128,0.02290495393700347
J,330X19,0.02289196106989834,330,142,0.02289196106989834
M,340X85,-0.022879431775501634,340,128,0.022879431775501634
L,440AX162,-0.02287485450619452,UNKNOWN,178,0.02287485450619452
M,360X1329,0.022872161763677866,360,128,0.022872161763677866
M,340X33,0.022865491291063397,340,128,0.022865491291063397
M,312X245,0.02283550928423294,312,128,0.02283550928423294
N,440AX124,0.022825246716930293,UNKNOWN,266,0.022825246716930293
N,311X30,0.02282330074983907,311,266,0.02282330074983907
L,312X523,0.02282289980174139,312,178,0.02282289980174139
L,312X114,-0.02281720474696085,312,178,0.02281720474696085
M,340X182,-0.022792903136867933,340,128,0.022792903136867933
M,400X110,0.022787288724568387,400,128,0.022787288724568387
N,312X60,0.022767281374545863,312,266,0.022767281374545863
M,330X315,0.02275791784683117,330,128,0.02275791784683117
O,312X126,-0.02273410040977432,312,86,0.02273410040977432
L,520X159,0.022720976575423667,520,178,0.022720976575423667
O,330X694,-0.02267233976224386,330,86,0.02267233976224386
L,440AX123,-0.022668803275732164,UNKNOWN,178,0.022668803275732164
L,440AX164,-0.022651025134632533,UNKNOWN,178,0.022651025134632533
N,312X42,-0.022630725074142342,312,266,0.022630725074142342
L,440AX192,-0.022619167171641925,UNKNOWN,178,0.022619167171641925
J,360X3,0.022618787025358716,360,142,0.022618787025358716
L,750X785,-0.0226148955675884,750,178,0.0226148955675884
N,520X168,-0.022606627408246347,520,266,0.022606627408246347
M,344X105,-0.022596921196200694,344,128,0.022596921196200694
L,344X254,-0.022590189226225212,344,178,0.022590189226225212
O,400X209,0.0225882191396213,400,86,0.0225882191396213
M,344X112,-0.022580810295814477,344,128,0.022580810295814477
N,360X629,-0.02257751142583737,360,266,0.02257751142583737
L,330X139,-0.022576074891185044,330,178,0.022576074891185044
L,310X148,-0.02255173104787594,310,178,0.02255173104787594
M,340X26,0.022547094313944176,340,128,0.022547094313944176
M,420X144,-0.022526787849269994,420,128,0.022526787849269994
N,330X522,0.02250786405367922,330,266,0.02250786405367922
M,360X125,-0.022486043734861023,360,128,0.022486043734861023
N,400X30,-0.02246724228251349,400,266,0.02246724228251349
L,440AX190,-0.02245485694718883,UNKNOWN,178,0.02245485694718883
M,344X114,-0.022444497045256254,344,128,0.022444497045256254
O,330X1037,-0.022440023291921334,330,86,0.022440023291921334
L,520X241,0.02243325415223155,520,178,0.02243325415223155
J,400X75,0.022412176254207824,400,142,0.022412176254207824
M,344X41,-0.022408317705613065,344,128,0.022408317705613065
N,344X13,-0.022382580468973474,344,266,0.022382580468973474
O,400X71,-0.02236972434703894,400,86,0.02236972434703894
M,344X119,-0.022358098703386703,344,128,0.022358098703386703
M,344X92,0.022358098703386703,344,128,0.022358098703386703
M,344X172,-0.022358098703386703,344,128,0.022358098703386703
M,344X110,-0.022358098703386703,344,128,0.022358098703386703
M,ERROR:#N/A_16,-0.022358098703386436,UNKNOWN,128,0.022358098703386436
M,344X154,0.022358098703386436,344,128,0.022358098703386436
N,210X57,0.02234762279780443,210,266,0.02234762279780443
N,420X89,0.022347363616311632,420,266,0.022347363616311632
M,330X1180,0.02232003595640873,330,128,0.02232003595640873
N,440AX128,0.0223180195436208,UNKNOWN,266,0.0223180195436208
N,330X118,0.022282763495777177,330,266,0.022282763495777177
O,750X230,0.022278829073388996,750,86,0.022278829073388996
O,400X95,0.022268598459725317,400,86,0.022268598459725317
O,330X465,-0.022254092727792548,330,86,0.022254092727792548
M,344X87,0.02225065212183379,344,128,0.02225065212183379
N,360X984,-0.02223592649561901,360,266,0.02223592649561901
J,520X314,0.02221790037966266,520,142,0.02221790037966266
L,330X201,0.02220304591315948,330,178,0.02220304591315948
L,330X415,0.0221993517500951,330,178,0.0221993517500951
M,520X308,-0.022196388297488264,520,128,0.022196388297488264
L,340X51,0.0221943746351876,340,178,0.0221943746351876
L,312X600,0.022184195920957182,312,178,0.022184195920957182
N,210X115,0.02217697616133656,210,266,0.02217697616133656
M,344X85,0.022153787836954188,344,128,0.022153787836954188
O,400X210,0.02214594631752485,400,86,0.02214594631752485
N,360X1105,-0.022119881829272752,360,266,0.022119881829272752
O,520X7,-0.022115122884972912,520,86,0.022115122884972912
M,344X103,-0.022090488906833607,344,128,0.022090488906833607
L,440AX153,-0.022081037695622904,UNKNOWN,178,0.022081037695622904
N,220X8,-0.022080755614402696,220,266,0.022080755614402696
J,330X1189,-0.022067251041991646,330,142,0.022067251041991646
J,400X76,0.02206400883922727,400,142,0.02206400883922727
L,312X47,-0.02202721531673134,312,178,0.02202721531673134
L,520X92,-0.02197643676929991,520,178,0.02197643676929991
M,344X146,0.021975524355411925,344,128,0.021975524355411925
J,750X329,-0.02196205953224863,750,142,0.02196205953224863
L,312X553,0.021930160238698152,312,178,0.021930160238698152
J,312X290,-0.021866214266061015,312,142,0.021866214266061015
N,520X261,-0.021862275159223482,520,266,0.021862275159223482
N,750X115,-0.02183724578144919,750,266,0.02183724578144919
L,440AX193,-0.021832971341977557,UNKNOWN,178,0.021832971341977557
J,344X108,0.02181928766378152,344,142,0.02181928766378152
N,360X185,0.02180481435234298,360,266,0.02180481435234298
O,312X120,-0.021800132249790365,312,86,0.021800132249790365
L,310X38,-0.021800041054178924,310,178,0.021800041054178924
M,340X13,0.021793040762622024,340,128,0.021793040762622024
J,311X82,0.021784944427271594,311,142,0.021784944427271594
M,330X321,0.021781881373316343,330,128,0.021781881373316343
L,ERROR:#N/A_21,-0.0217753848555144,UNKNOWN,178,0.0217753848555144
M,400X38,0.021750689513667595,400,128,0.021750689513667595
O,400X218,0.021740414408260505,400,86,0.021740414408260505
L,310X37,-0.02173337699878685,310,178,0.02173337699878685
O,330X691,-0.021719245359007294,330,86,0.021719245359007294
L,310X36,-0.021704967001794827,310,178,0.021704967001794827
M,750X348,0.021691280612551024,750,128,0.021691280612551024
M,312X786,-0.021661265013332928,312,128,0.021661265013332928
M,ERROR:#N/A (#3),-0.02165876756174412,UNKNOWN,128,0.02165876756174412
O,420X187,0.021633007974595476,420,86,0.021633007974595476
L,360X230,0.021621761151536786,360,178,0.021621761151536786
M,311X51,0.02160531083439718,311,128,0.02160531083439718
J,360X348,-0.021588872539431234,360,142,0.021588872539431234
J,330X1053,0.021550794614866906,330,142,0.021550794614866906
J,360X1164,0.021550794614866906,360,142,0.021550794614866906
L,440AX137,0.02154896540048021,UNKNOWN,178,0.02154896540048021
N,750X165,-0.02151791623121129,750,266,0.02151791623121129
L,300X8,-0.0215013788531708,300,178,0.0215013788531708
J,312X554,0.021495323995244876,312,142,0.021495323995244876
L,312X576,0.02148410011911582,312,178,0.02148410011911582
L,440AX163,-0.021482904234654338,UNKNOWN,178,0.021482904234654338
N,312X123,-0.021473100007851454,312,266,0.021473100007851454
M,344X159,-0.02146779575205656,344,128,0.02146779575205656
L,312X480,-0.02143499939153175,312,178,0.02143499939153175
L,312X588,0.021418098639953222,312,178,0.021418098639953222
M,344X139,0.02141331267711783,344,128,0.02141331267711783
J,420X19,0.02140827264717718,420,142,0.02140827264717718
L,440AX130,0.021394360202996923,UNKNOWN,178,0.021394360202996923
N,312X257,0.021393147797946203,312,266,0.021393147797946203
M,312X66,0.021386436723184108,312,128,0.021386436723184108
L,400X19,0.021383378295682088,400,178,0.021383378295682088
N,344X36,0.021380292047176546,344,266,0.021380292047176546
O,330X430,0.021362382425318713,330,86,0.021362382425318713
N,440AX167,0.021347597451814103,UNKNOWN,266,0.021347597451814103
N,310X6,0.021334160404742494,310,266,0.021334160404742494
M,344X34,-0.021328741848834674,344,128,0.021328741848834674
N,330X539,0.021323374135701435,330,266,0.021323374135701435
L,340X73,-0.021309200718825413,340,178,0.021309200718825413
L,300X11,-0.021293884955586994,300,178,0.021293884955586994
N,750X1321,-0.021291218647181788,750,266,0.021291218647181788
N,400X151,-0.02127899627376794,400,266,0.02127899627376794
O,344X187,0.02127263137092122,344,86,0.02127263137092122
M,750X853,0.02127235659913869,750,128,0.02127235659913869
M,344X29,-0.021260046097368535,344,128,0.021260046097368535
L,312X672,0.021257775840626884,312,178,0.021257775840626884
O,400X141,-0.021255201653647953,400,86,0.021255201653647953
M,330X19,0.021249521261218624,330,128,0.021249521261218624
J,312X59,-0.02118936551133851,312,142,0.02118936551133851
M,750X185,0.021091886834976228,750,128,0.021091886834976228
L,312X383,0.021075250353701964,312,178,0.021075250353701964
M,750X335,-0.02106478404381113,750,128,0.02106478404381113
N,312X486,-0.021061400249403416,312,266,0.021061400249403416
N,344X199,-0.021058381620698795,344,266,0.021058381620698795
O,312X447,-0.021052952398383444,312,86,0.021052952398383444
M,344X6,-0.02103617500744906,344,128,0.02103617500744906
L,310X163,0.021033761033849255,310,178,0.021033761033849255
J,520X53,0.021027393151367025,520,142,0.021027393151367025
N,330X816,0.021008301338116833,330,266,0.021008301338116833
M,312X784,-0.020997651468024566,312,128,0.020997651468024566
N,420X85,0.020995782107485064,420,266,0.020995782107485064
N,312X430,0.020984825070685848,312,266,0.020984825070685848
L,312X471,0.020965917411042864,312,178,0.020965917411042864
N,420X4,-0.02096560354977905,420,266,0.02096560354977905
N,311X92,0.02095314507130691,311,266,0.02095314507130691
N,360X425,-0.02093815370675573,360,266,0.02093815370675573
N,330X810,0.02093498771804769,330,266,0.02093498771804769
L,440AX110,-0.020895711775608245,UNKNOWN,178,0.020895711775608245
N,210X112,-0.02089350120333974,210,266,0.02089350120333974
L,312X559,0.020875390077882718,312,178,0.020875390077882718
O,312X114,-0.020846572415189023,312,86,0.020846572415189023
L,344X48,-0.020842729384005717,344,178,0.020842729384005717
L,750X125,0.020827314708975253,750,178,0.020827314708975253
M,312X76,-0.020825865182263814,312,128,0.020825865182263814
N,344X252,-0.02079515077714083,344,266,0.02079515077714083
N,440AX198,0.020785799390212804,UNKNOWN,266,0.020785799390212804
O,ERROR:#N/A_21,-0.02077875226917736,UNKNOWN,86,0.02077875226917736
N,330X191,0.020778681866555737,330,266,0.020778681866555737
N,344X255,-0.020758396665152827,344,266,0.020758396665152827
N,330X813,0.020755386907241245,330,266,0.020755386907241245
N,440AX118,0.02073676788083407,UNKNOWN,266,0.02073676788083407
J,400X148,-0.020698898745175612,400,142,0.020698898745175612
O,330X697,-0.02068967493749892,330,86,0.02068967493749892
O,400X91,0.020689318118821406,400,86,0.020689318118821406
L,311X67,-0.020674977393261063,311,178,0.020674977393261063
L,750X436,-0.02066056528347043,750,178,0.02066056528347043
N,520X410,0.020647895448075618,520,266,0.020647895448075618
N,360X176,-0.02063546862456371,360,266,0.02063546862456371
J,750X45,-0.020603126281354123,750,142,0.020603126281354123
L,520X130,0.02058915696496366,520,178,0.02058915696496366
N,750X1146,-0.020556358295228755,750,266,0.020556358295228755
N,520X408,0.02053740841174217,520,266,0.02053740841174217
M,312X71,0.0205309519130052,312,128,0.0205309519130052
L,330X980,-0.02051071604313164,330,178,0.02051071604313164
N,750X1164,-0.020498802118772846,750,266,0.020498802118772846
M,400X211,-0.020481420426957744,400,128,0.020481420426957744
J,750X995,-0.020442059881852725,750,142,0.020442059881852725
O,344X185,0.020429874638483413,344,86,0.020429874638483413
L,360X368,-0.020417569399700748,360,178,0.020417569399700748
L,520X28,0.02041109695524785,520,178,0.02041109695524785
L,344X1,-0.02041035336491893,344,178,0.02041035336491893
N,311X105,0.020403191869377175,311,266,0.020403191869377175
N,440AX149,0.02037129284521494,UNKNOWN,266,0.02037129284521494
M,312X779,-0.02035155165503428,312,128,0.02035155165503428
L,330X418,-0.020349705257406123,330,178,0.020349705257406123
L,750X455,-0.020321300968478322,750,178,0.020321300968478322
L,360X995,-0.020315300505716446,360,178,0.020315300505716446
N,420X87,0.020298861114796764,420,266,0.020298861114796764
O,330X462,0.02028546354659928,330,86,0.02028546354659928
J,210X72,-0.02025193047737285,210,142,0.02025193047737285
N,400X114,-0.02022520726163984,400,266,0.02022520726163984
N,312X235,-0.02020811680221798,312,266,0.02020811680221798
N,340X43,0.02020267265419491,340,266,0.02020267265419491
J,400X77,0.02016913171299736,400,142,0.02016913171299736
O,400X67,-0.020141001046049593,400,86,0.020141001046049593
N,220X217,-0.02011856812943386,220,266,0.02011856812943386
N,330X425,-0.020111669054377425,330,266,0.020111669054377425
M,400X199,0.020053873495269787,400,128,0.020053873495269787
M,311X153,-0.02003292664543194,311,128,0.02003292664543194
N,520X256,0.02003122797607669,520,266,0.02003122797607669
L,210X112,0.020028704289039093,210,178,0.020028704289039093
N,440AX138,0.020027462699784733,UNKNOWN,266,0.020027462699784733
J,400X156,0.019988189252721496,400,142,0.019988189252721496
M,312X442,-0.019985196295514696,312,128,0.019985196295514696
N,344X210,0.019975927773603384,344,266,0.019975927773603384
M,312X72,0.01996186342997485,312,128,0.01996186342997485
L,520X324,0.019951989669928373,520,178,0.019951989669928373
M,312X529,0.019945392884083358,312,128,0.019945392884083358
N,520X233,-0.019916849334051353,520,266,0.019916849334051353
N,311X86,-0.019880302241221767,311,266,0.019880302241221767
N,312X167,-0.01987213625346095,312,266,0.01987213625346095
O,311X16,0.019871737694810907,311,86,0.019871737694810907
L,360X466,-0.019868984313409034,360,178,0.019868984313409034
L,360X543,0.019850445707569827,360,178,0.019850445707569827
N,330X385,0.01984500445241394,330,266,0.01984500445241394
J,420X23,-0.019829410093262643,420,142,0.019829410093262643
N,311X146,-0.01982700999695916,311,266,0.01982700999695916
O,360X1028,-0.019810940032976662,360,86,0.019810940032976662
N,210X151,-0.01980410607522863,210,266,0.01980410607522863
L,360X125,-0.01980328435463302,360,178,0.01980328435463302
N,210X149,-0.019796476800325053,210,266,0.019796476800325053
L,311X182,-0.019769201520756993,311,178,0.019769201520756993
L,310X173,-0.019733660550389293,310,178,0.019733660550389293
J,420X20,0.019729129410439965,420,142,0.019729129410439965
O,312X339,0.01967980328636051,312,86,0.01967980328636051
N,520X324,0.01967385018396387,520,266,0.01967385018396387
M,312X133,0.01965249442229551,312,128,0.01965249442229551
O,330X630,-0.01964152598863491,330,86,0.01964152598863491
J,311X88,0.01963440422474314,311,142,0.01963440422474314
N,440AX131,0.019624639914707063,UNKNOWN,266,0.019624639914707063
O,400X196,-0.01962322271749849,400,86,0.01962322271749849
N,210X32,0.01962230556403748,210,266,0.01962230556403748
L,520X326,0.01961919228960248,520,178,0.01961919228960248
N,520X231,-0.01956992533940517,520,266,0.01956992533940517
N,520X252,0.019544157702584414,520,266,0.019544157702584414
N,520X16,0.019543855926430244,520,266,0.019543855926430244
O,750X466,0.0195435296440462,750,86,0.0195435296440462
O,312X119,-0.019479939714701754,312,86,0.019479939714701754
M,520X317,0.019478061365957762,520,128,0.019478061365957762
L,420X189,-0.01947157352924645,420,178,0.01947157352924645
L,420X188,-0.019471573529246448,420,178,0.019471573529246448
M,312X789,-0.019456480479363922,312,128,0.019456480479363922
N,440AX129,0.019427325378862503,UNKNOWN,266,0.019427325378862503
O,330X195,-0.019427180207272465,330,86,0.019427180207272465
J,312X429,0.01941062010119663,312,142,0.01941062010119663
J,312X755,0.01941062010119663,312,142,0.01941062010119663
J,400X74,0.01940065855476698,400,142,0.01940065855476698
L,311X154,0.019398304790741335,311,178,0.019398304790741335
L,312X425,-0.019394467113628817,312,178,0.019394467113628817
O,312X125,-0.01939148448819207,312,86,0.01939148448819207
N,520X254,0.01935540941319034,520,266,0.01935540941319034
L,312X63,-0.01935133645675348,312,178,0.01935133645675348
M,312X139,0.019313440143878948,312,128,0.019313440143878948
N,420X90,0.019293976550720335,420,266,0.019293976550720335
O,330X318,-0.019290860709367103,330,86,0.019290860709367103
J,750X25,-0.01926922918949713,750,142,0.01926922918949713
L,420X95,0.019229208774354245,420,178,0.019229208774354245
L,210X124,-0.01922695750296314,210,178,0.01922695750296314
O,311X169,0.019223231651435097,311,86,0.019223231651435097
N,520X71,0.019223110627344622,520,266,0.019223110627344622
N,312X764,-0.0192059671785535,312,266,0.0192059671785535
O,312X239,-0.019203461226509327,312,86,0.019203461226509327
J,520X3,0.01920113365809365,520,142,0.01920113365809365
M,340X81,-0.01919741891430308,340,128,0.01919741891430308
N,520X235,-0.019195021010038442,520,266,0.019195021010038442
O,400X99,0.019185839106699413,400,86,0.019185839106699413
N,340X69,0.019169778570666186,340,266,0.019169778570666186
O,400X193,-0.019162153842984746,400,86,0.019162153842984746
N,440AX165,0.019156174670819388,UNKNOWN,266,0.019156174670819388
M,330X440,0.019154283354315033,330,128,0.019154283354315033
N,330X926,0.01913201683950285,330,266,0.01913201683950285
N,312X552,0.0190939153725109,312,266,0.0190939153725109
N,420X86,0.019083303392486196,420,266,0.019083303392486196
O,520X233,0.019077497951451795,520,86,0.019077497951451795
N,312X758,-0.019042003258247703,312,266,0.019042003258247703
M,210X214,0.019041564501204415,210,128,0.019041564501204415
L,210X214,0.019041564501204415,210,178,0.019041564501204415
J,210X214,0.019041564501204415,210,142,0.019041564501204415
N,440AX144,0.01901791373698083,UNKNOWN,266,0.01901791373698083
O,360X488,-0.01901192132106542,360,86,0.01901192132106542
N,440AX132,0.01900493228112514,UNKNOWN,266,0.01900493228112514
N,420X151,-0.018967624311846617,420,266,0.018967624311846617
N,420X150,-0.01896613741150326,420,266,0.01896613741150326
L,312X666,0.01896105870810151,312,178,0.01896105870810151
O,312X113,-0.01896045263533864,312,86,0.01896045263533864
L,440AX126,-0.01895116632776826,UNKNOWN,178,0.01895116632776826
J,400X68,0.018928064948761533,400,142,0.018928064948761533
J,312X53,-0.018924854193243305,312,142,0.018924854193243305
O,520X411,-0.018895847750471272,520,86,0.018895847750471272
L,312X565,0.018892907560468585,312,178,0.018892907560468585
M,210X113,0.01886253280569927,210,128,0.01886253280569927
O,330X628,-0.018826879927847647,330,86,0.018826879927847647
L,220X216,0.018823470737145617,220,178,0.018823470737145617
N,360X274,-0.018797642120175168,360,266,0.018797642120175168
J,344X90,-0.018784626242342478,344,142,0.018784626242342478
L,312X423,-0.018759952339197042,312,178,0.018759952339197042
L,520X287,0.01872082425202027,520,178,0.01872082425202027
M,312X778,-0.01871029577529963,312,128,0.01871029577529963
L,440AX185,-0.018662872155308416,UNKNOWN,178,0.018662872155308416
L,312X678,0.018637902168474274,312,178,0.018637902168474274
O,311X113,-0.01863640602813306,311,86,0.01863640602813306
L,312X221,0.018629601607283268,312,178,0.018629601607283268
O,520X235,0.018599095175274246,520,86,0.018599095175274246
L,344X252,-0.01859125863848861,344,178,0.01859125863848861
L,520X68,-0.018585007974613106,520,178,0.018585007974613106
L,420X15,0.018570015285977445,420,178,0.018570015285977445
M,520X329,0.018543363556829038,520,128,0.018543363556829038
N,440AX196,0.01850725346285262,UNKNOWN,266,0.01850725346285262
J,400X198,-0.018492183354825525,400,142,0.018492183354825525
L,312X120,-0.01845968661240574,312,178,0.01845968661240574
N,330X532,0.018457314100832903,330,266,0.018457314100832903
N,750X1297,-0.018452835508211543,750,266,0.018452835508211543
O,520X231,0.018432036103261395,520,86,0.018432036103261395
M,312X637,0.01840539063028886,312,128,0.01840539063028886
L,312X741,-0.018392099486863708,312,178,0.018392099486863708
M,360X47,0.018389134504715184,360,128,0.018389134504715184
L,360X488,-0.01838851487121666,360,178,0.01838851487121666
L,520X181,0.01837271282630262,520,178,0.01837271282630262
N,420X34,0.0183575222813054,420,266,0.0183575222813054
L,420X20,0.018357087910267095,420,178,0.018357087910267095
N,330X525,-0.01833331167013704,330,266,0.01833331167013704
L,400X57,-0.018326043139710986,400,178,0.018326043139710986
M,312X166,0.018313268424215764,312,128,0.018313268424215764
N,360X414,-0.01829601965603052,360,266,0.01829601965603052
M,360X131,0.018287450395181547,360,128,0.018287450395181547
L,360X425,0.01820843929528629,360,178,0.01820843929528629
N,420X139,-0.01819424306300769,420,266,0.01819424306300769
N,400X38,0.018173273475227493,400,266,0.018173273475227493
M,520X259,0.018151155867809098,520,128,0.018151155867809098
J,400X145,0.018141720738176548,400,142,0.018141720738176548
L,520X395,0.0181389985892037,520,178,0.0181389985892037
N,520X409,0.018126971312853134,520,266,0.018126971312853134
N,520X234,-0.018120042078647123,520,266,0.018120042078647123
N,220X54,0.018106536177916972,220,266,0.018106536177916972
N,312X446,-0.018105604418108958,312,266,0.018105604418108958
O,344X90,0.018064190691263117,344,86,0.018064190691263117
J,330X559,-0.01805109085889934,330,142,0.01805109085889934
N,440AX107,0.018036341159547404,UNKNOWN,266,0.018036341159547404
N,520X253,0.0180340141063263,520,266,0.0180340141063263
N,210X34,0.018028165962428833,210,266,0.018028165962428833
O,400X192,-0.018002477549692877,400,86,0.018002477549692877
L,520X186,-0.01798051158884061,520,178,0.01798051158884061
L,400X23,0.017965157877335887,400,178,0.017965157877335887
L,312X97,0.017935067752672527,312,178,0.017935067752672527
L,310X150,-0.017932855313679014,310,178,0.017932855313679014
N,340X44,0.017929821495258572,340,266,0.017929821495258572
N,440AX147,0.01792353526960567,UNKNOWN,266,0.01792353526960567
N,310X175,0.01786792718014494,310,266,0.01786792718014494
J,330X560,-0.017843657783454734,330,142,0.017843657783454734
N,360X337,-0.017820468992138395,360,266,0.017820468992138395
N,520X230,-0.017817863673227182,520,266,0.017817863673227182
N,420X116,-0.017751112041844493,420,266,0.017751112041844493
M,310X181,-0.01774308695761354,310,128,0.01774308695761354
L,312X516,0.01771808374980767,312,178,0.01771808374980767
L,750X392,-0.017715330408671206,750,178,0.017715330408671206
L,360X796,0.017688775003061426,360,178,0.017688775003061426
L,344X126,-0.017679219516256738,344,178,0.017679219516256738
L,750X14,-0.017645462038817547,750,178,0.017645462038817547
L,440AX152,-0.017644397294074656,UNKNOWN,178,0.017644397294074656
L,330X169,-0.017637655433550323,330,178,0.017637655433550323
L,520X98,-0.017596403654720066,520,178,0.017596403654720066
L,440AX184,-0.01757910918302374,UNKNOWN,178,0.01757910918302374
L,220X107,0.017566559484986883,220,178,0.017566559484986883
M,312X137,-0.017565253639404737,312,128,0.017565253639404737
N,311X29,0.0175439196624415,311,266,0.0175439196624415
L,210X94,0.017535346956685946,210,178,0.017535346956685946
N,330X343,-0.01752501549129772,330,266,0.01752501549129772
M,312X389,-0.01751938461724995,312,128,0.01751938461724995
O,360X1364,0.017485522252010947,360,86,0.017485522252010947
L,360X696,0.01746068305311557,360,178,0.01746068305311557
L,360X198,-0.017456557612564004,360,178,0.017456557612564004
N,440AX110,0.017454415063993436,UNKNOWN,266,0.017454415063993436
M,360X565,0.017429959942540492,360,128,0.017429959942540492
O,750X1116,0.017424727368515774,750,86,0.017424727368515774
N,440AX188,0.017412134681209,UNKNOWN,266,0.017412134681209
N,440AX195,0.01737761680527972,UNKNOWN,266,0.01737761680527972
N,210X50,0.017342930879630552,210,266,0.017342930879630552
J,312X435,-0.017327955027766496,312,142,0.017327955027766496
L,440AX183,-0.017322796743152794,UNKNOWN,178,0.017322796743152794
J,520X97,0.017300704490750794,520,142,0.017300704490750794
N,520X47,-0.017299326493054483,520,266,0.017299326493054483
M,312X448,0.01728401397927171,312,128,0.01728401397927171
O,400X195,-0.017276694793849412,400,86,0.017276694793849412
J,210X147,-0.017274557414038143,210,142,0.017274557414038143
J,750X414,0.017257509249591813,750,142,0.017257509249591813
O,311X69,0.017254894174346516,311,86,0.017254894174346516
N,420X96,0.01725220412609408,420,266,0.01725220412609408
N,440AX121,0.017252040504194273,UNKNOWN,266,0.017252040504194273
N,520X232,-0.017235448769388515,520,266,0.017235448769388515
L,312X669,-0.017225504295716856,312,178,0.017225504295716856
J,210X183,0.01722304944113291,210,142,0.01722304944113291
L,520X351,-0.01720760819297168,520,178,0.01720760819297168
M,312X555,-0.01720007942762045,312,128,0.01720007942762045
J,312X780,0.01719904323353313,312,142,0.01719904323353313
L,312X191,-0.017181548436469653,312,178,0.017181548436469653
L,312X681,-0.017169481464284517,312,178,0.017169481464284517
L,360X829,-0.017142620193161998,360,178,0.017142620193161998
L,210X87,-0.017141200256753086,210,178,0.017141200256753086
M,210X20,0.017122725453054773,210,128,0.017122725453054773
M,400X136,0.017121544596277176,400,128,0.017121544596277176
O,ERROR:#N/A_5,0.01712117582047517,UNKNOWN,86,0.01712117582047517
J,311X29,-0.017114959744650354,311,142,0.017114959744650354
M,344X48,0.0171074546015941,344,128,0.0171074546015941
L,330X208,0.017095014854859005,330,178,0.017095014854859005
J,312X6,0.01707691869082837,312,142,0.01707691869082837
L,440AX166,-0.017063932880338598,UNKNOWN,178,0.017063932880338598
N,330X353,-0.017052025104558072,330,266,0.017052025104558072
N,311X90,0.01705057641865838,311,266,0.01705057641865838
N,750X219,-0.017034443486723807,750,266,0.017034443486723807
J,520X77,0.017004193539833908,520,142,0.017004193539833908
J,400X67,0.01699600320001145,400,142,0.01699600320001145
O,400X12,0.01699418373257308,400,86,0.01699418373257308
J,360X155,-0.016980114863955006,360,142,0.016980114863955006
N,340X24,-0.016978115938109387,340,266,0.016978115938109387
L,312X522,0.016971831021813585,312,178,0.016971831021813585
O,311X140,-0.01695883381711209,311,86,0.01695883381711209
L,520X178,-0.016937037875536406,520,178,0.016937037875536406
L,420X94,0.016936754474542685,420,178,0.016936754474542685
N,520X387,0.016925699690016553,520,266,0.016925699690016553
N,210X48,0.01692319867959812,210,266,0.01692319867959812
L,520X73,0.016889405807383698,520,178,0.016889405807383698
M,520X255,-0.01688023393035683,520,128,0.01688023393035683
N,312X94,-0.016850651421167144,312,266,0.016850651421167144
L,312X675,-0.01684935682376811,312,178,0.01684935682376811
L,312X436,0.016838442730201266,312,178,0.016838442730201266
L,311X31,0.01680160756773866,311,178,0.01680160756773866
N,330X1251,0.016797217687337336,330,266,0.016797217687337336
N,312X111,-0.016786452815711766,312,266,0.016786452815711766
L,440AX188,-0.0167743728292194,UNKNOWN,178,0.0167743728292194
O,360X1017,-0.016754375612628453,360,86,0.016754375612628453
L,210X59,-0.016750555399578003,210,178,0.016750555399578003
J,520X61,0.016743631552078458,520,142,0.016743631552078458
N,440AX186,0.016743087813890337,UNKNOWN,266,0.016743087813890337
M,311X182,0.016724953068796497,311,128,0.016724953068796497
J,420X139,0.01669716301854056,420,142,0.01669716301854056
L,340X19,-0.01665757046595374,340,178,0.01665757046595374
M,360X987,0.01664277714171521,360,128,0.01664277714171521
L,340X194,0.016633173922389066,340,178,0.016633173922389066
L,440AX167,-0.016627636412674493,UNKNOWN,178,0.016627636412674493
L,440AX141,-0.016592017942224608,UNKNOWN,178,0.016592017942224608
N,330X333,-0.01659149277944903,330,266,0.01659149277944903
L,344X245,-0.016588272034461667,344,178,0.016588272034461667
J,750X149,0.016574624274216427,750,142,0.016574624274216427
L,300X12,-0.0165619401722183,300,178,0.0165619401722183
J,311X110,-0.016555361979428862,311,142,0.016555361979428862
M,312X788,-0.016550707051276068,312,128,0.016550707051276068
N,420X88,0.01654542678632702,420,266,0.01654542678632702
O,330X632,-0.01654258382291829,330,86,0.01654258382291829
N,400X12,0.0165172599968059,400,266,0.0165172599968059
L,312X695,0.016515995378499352,312,178,0.016515995378499352
J,311X206,-0.01650387158200568,311,142,0.01650387158200568
O,344X241,-0.016486331116719932,344,86,0.016486331116719932
N,400X145,0.016481632519053886,400,266,0.016481632519053886
N,311X31,0.016471814520107146,311,266,0.016471814520107146
O,400X94,0.01644941539724123,400,86,0.01644941539724123
J,311X131,0.01638587268225663,311,142,0.01638587268225663
L,420X200,0.01637401428091954,420,178,0.01637401428091954
J,420X132,-0.016347714172477948,420,142,0.016347714172477948
L,340X17,-0.01633654788797496,340,178,0.01633654788797496
O,311X137,-0.016324034941679128,311,86,0.016324034941679128
L,440AX165,-0.016315023114214507,UNKNOWN,178,0.016315023114214507
N,340X26,-0.016296562294145518,340,266,0.016296562294145518
O,400X208,0.016288018527227645,400,86,0.016288018527227645
N,750X659,-0.016278609486350647,750,266,0.016278609486350647
O,312X489,0.016269012853110398,312,86,0.016269012853110398
N,440AX197,0.016260819161403393,UNKNOWN,266,0.016260819161403393
L,311X84,0.016246335635738678,311,178,0.016246335635738678
M,520X333,0.016232159180854574,520,128,0.016232159180854574
M,344X15,-0.01622529676235763,344,128,0.01622529676235763
M,312X785,-0.016220950277647722,312,128,0.016220950277647722
N,312X216,-0.016185593284209484,312,266,0.016185593284209484
M,360X447,-0.016170266785559002,360,128,0.016170266785559002
L,330X56,0.016161858045907623,330,178,0.016161858045907623
O,312X440,0.016150408052184123,312,86,0.016150408052184123
L,360X984,0.016131119484113998,360,178,0.016131119484113998
L,312X640,-0.016112419867515795,312,178,0.016112419867515795
N,210X99,-0.016098405051268028,210,266,0.016098405051268028
M,312X257,0.01607714754871882,312,128,0.01607714754871882
L,440AX117,-0.016047043018665545,UNKNOWN,178,0.016047043018665545
L,420X132,0.016000440696271673,420,178,0.016000440696271673
L,520X22,0.015991626096075635,520,178,0.015991626096075635
L,440AX186,-0.015988771343464974,UNKNOWN,178,0.015988771343464974
N,312X327,0.015980337970471863,312,266,0.015980337970471863
O,360X1305,0.01597085869860385,360,86,0.01597085869860385
J,400X72,0.015968716388902366,400,142,0.015968716388902366
J,400X98,-0.015963367955386446,400,142,0.015963367955386446
N,520X177,-0.01595695027228146,520,266,0.01595695027228146
N,312X260,0.01595273502766858,312,266,0.01595273502766858
N,312X268,-0.01595014740263557,312,266,0.01595014740263557
O,400X15,0.015949422260495703,400,86,0.015949422260495703
N,420X23,-0.015890629080644727,420,266,0.015890629080644727
L,520X308,0.015890596167520008,520,178,0.015890596167520008
N,520X390,0.01588852710921777,520,266,0.01588852710921777
M,520X321,0.015869517657005967,520,128,0.015869517657005967
N,312X770,-0.015835741499929865,312,266,0.015835741499929865
N,360X896,0.01583209470349496,360,266,0.01583209470349496
N,330X963,-0.015831106382827087,330,266,0.015831106382827087
N,340X196,0.015809697560049813,340,266,0.015809697560049813
J,330X1006,-0.015808623127150735,330,142,0.015808623127150735
L,520X311,-0.015801089149525913,520,178,0.015801089149525913
J,330X615,-0.01579884187537068,330,142,0.01579884187537068
L,520X295,-0.01579517477794579,520,178,0.01579517477794579
L,330X100,-0.015793436898250347,330,178,0.015793436898250347
O,311X31,0.015793054410358987,311,86,0.015793054410358987
N,400X193,0.015753878139952004,400,266,0.015753878139952004
L,340X22,-0.015721998167505247,340,178,0.015721998167505247
M,340X8,-0.01568288970538047,340,128,0.01568288970538047
L,440AX196,-0.015679378610488758,UNKNOWN,178,0.015679378610488758
N,440AX112,0.015665591507079964,UNKNOWN,266,0.015665591507079964
L,310X188,-0.015655078135938652,310,178,0.015655078135938652
M,312X78,0.015648645990622496,312,128,0.015648645990622496
L,750X165,-0.015643422108186908,750,178,0.015643422108186908
L,340X5,-0.01561185198896687,340,178,0.01561185198896687
L,312X528,0.015608320334149323,312,178,0.015608320334149323
M,400X216,0.015592639855797587,400,128,0.015592639855797587
L,360X477,-0.01556946155049202,360,178,0.01556946155049202
O,360X466,-0.01556751468247439,360,86,0.01556751468247439
N,440AX142,0.015564748249734703,UNKNOWN,266,0.015564748249734703
L,330X118,0.015559838664156065,330,178,0.015559838664156065
J,344X163,-0.015551977549570304,344,142,0.015551977549570304
O,310X154,0.015527571267464901,310,86,0.015527571267464901
J,400X116,0.015513804566851948,400,142,0.015513804566851948
N,440AX116,0.015511318865713246,UNKNOWN,266,0.015511318865713246
N,340X126,0.015507413967333945,340,266,0.015507413967333945
M,750X1321,0.01549116408949485,750,128,0.01549116408949485
N,344X20,-0.015456071528597957,344,266,0.015456071528597957
L,340X163,0.015444207083156471,340,178,0.015444207083156471
N,360X1164,-0.015440329897196712,360,266,0.015440329897196712
O,400X68,-0.015440296196350359,400,86,0.015440296196350359
O,400X79,-0.015408598519460479,400,86,0.015408598519460479
L,750X488,-0.015406840760413022,750,178,0.015406840760413022
J,344X21,0.015401654017779431,344,142,0.015401654017779431
J,400X37,0.015351179276245165,400,142,0.015351179276245165
J,310X23,-0.01533351925784765,310,142,0.01533351925784765
L,311X85,0.01531246803577657,311,178,0.01531246803577657
L,312X634,-0.015290401991766938,312,178,0.015290401991766938
N,340X39,0.015242466716549672,340,266,0.015242466716549672
L,330X425,-0.015237330756613045,330,178,0.015237330756613045
L,312X758,0.015230593356884764,312,178,0.015230593356884764
N,520X297,0.015217729814000958,520,266,0.015217729814000958
N,330X125,0.015216266113213533,330,266,0.015216266113213533
J,360X69,-0.015210165020881291,360,142,0.015210165020881291
L,520X376,-0.015206223040799657,520,178,0.015206223040799657
L,520X281,-0.01518078542970386,520,178,0.01518078542970386
L,310X34,-0.015160574911706765,310,178,0.015160574911706765
J,420X22,-0.015150714000934163,420,142,0.015150714000934163
O,340X37,0.01514160018896799,340,86,0.01514160018896799
N,330X91,-0.015132762720415282,330,266,0.015132762720415282
L,360X414,0.015116783924605158,360,178,0.015116783924605158
L,520X140,0.015112500242269018,520,178,0.015112500242269018
N,440AX119,0.015107337625781179,UNKNOWN,266,0.015107337625781179
L,360X765,0.015094763524521595,360,178,0.015094763524521595
N,330X1249,0.015070729221028189,330,266,0.015070729221028189
O,311X154,0.015063058805690668,311,86,0.015063058805690668
L,520X410,0.015036823031635853,520,178,0.015036823031635853
N,312X332,-0.015022144249366936,312,266,0.015022144249366936
M,312X676,-0.015018330657675116,312,128,0.015018330657675116
O,360X1356,-0.015016649887322575,360,86,0.015016649887322575
J,344X194,0.015005894718079333,344,142,0.015005894718079333
L,330X189,-0.014985460866433117,330,178,0.014985460866433117
L,360X1278,0.014969287290659026,360,178,0.014969287290659026
N,400X69,0.0149351755648487,400,266,0.0149351755648487
N,400X148,-0.014922909637103535,400,266,0.014922909637103535
L,520X166,0.014900980249103931,520,178,0.014900980249103931
J,330X567,-0.01489347713651223,330,142,0.01489347713651223
O,360X211,0.014879791597974796,360,86,0.014879791597974796
M,330X16,-0.014876058420411134,330,128,0.014876058420411134
N,344X19,-0.014848307928259457,344,266,0.014848307928259457
J,520X180,-0.01484522104400264,520,142,0.01484522104400264
M,312X28,-0.014843352487578534,312,128,0.014843352487578534
M,520X257,-0.014816545169001953,520,128,0.014816545169001953
M,330X606,-0.014809463711898641,330,128,0.014809463711898641
M,330X1210,0.01480028552346764,330,128,0.01480028552346764
J,312X387,-0.014798125571513603,312,142,0.014798125571513603
N,312X91,0.01479041049755249,312,266,0.01479041049755249
L,400X124,-0.014776108071880716,400,178,0.014776108071880716
L,330X983,-0.014764168523658715,330,178,0.014764168523658715
N,440AX166,0.014733033644657681,UNKNOWN,266,0.014733033644657681
N,420X30,-0.014724213418370193,420,266,0.014724213418370193
N,344X195,0.014724091051611009,344,266,0.014724091051611009
M,330X1208,0.01471636308783525,330,128,0.01471636308783525
N,750X1127,-0.014700413924657891,750,266,0.014700413924657891
O,310X161,0.014677906622440024,310,86,0.014677906622440024
J,520X51,0.014677336880792313,520,142,0.014677336880792313
L,520X102,0.014656595480559215,520,178,0.014656595480559215
J,ERROR:#N/A_9,0.01457417621655774,UNKNOWN,142,0.01457417621655774
N,440AX120,0.01455595532074075,UNKNOWN,266,0.01455595532074075
L,440AX116,-0.014546013741912871,UNKNOWN,178,0.014546013741912871
J,311X86,-0.01454305038370066,311,142,0.01454305038370066
J,344X190,0.014538791305271814,344,142,0.014538791305271814
M,520X253,-0.014470495278508046,520,128,0.014470495278508046
N,330X920,0.014464850656137061,330,266,0.014464850656137061
L,312X673,-0.014464221889454856,312,178,0.014464221889454856
M,750X741,0.014457752804679948,750,128,0.014457752804679948
N,330X415,-0.014457659968000674,330,266,0.014457659968000674
N,312X67,0.014435259465440732,312,266,0.014435259465440732
O,520X230,0.014411567302038986,520,86,0.014411567302038986
O,311X105,0.014409201352960962,311,86,0.014409201352960962
L,400X198,-0.014387939580819084,400,178,0.014387939580819084
L,520X123,0.014376037952377626,520,178,0.014376037952377626
L,520X323,-0.014375058522442318,520,178,0.014375058522442318
N,420X136,0.014338691760946598,420,266,0.014338691760946598
L,330X626,-0.014337857962533328,330,178,0.014337857962533328
N,420X154,0.014302451032110763,420,266,0.014302451032110763
L,312X667,-0.014293745022401874,312,178,0.014293745022401874
M,420X19,-0.014269306943099325,420,128,0.014269306943099325
L,310X156,-0.014262311260058448,310,178,0.014262311260058448
N,520X391,0.014236907979794378,520,266,0.014236907979794378
M,312X131,-0.014236559748530346,312,128,0.014236559748530346
N,440AX199,0.014224480586408067,UNKNOWN,266,0.014224480586408067
N,344X22,0.014211504005632442,344,266,0.014211504005632442
L,310X20,0.014195871432883774,310,178,0.014195871432883774
L,520X88,-0.014191097878850319,520,178,0.014191097878850319
M,360X677,-0.014177617939028678,360,128,0.014177617939028678
J,360X80,-0.014167547086129753,360,142,0.014167547086129753
O,400X215,0.014150926984341353,400,86,0.014150926984341353
M,330X559,-0.01414768612879263,330,128,0.01414768612879263
O,400X13,0.014133577910206052,400,86,0.014133577910206052
O,400X74,-0.014124407873756758,400,86,0.014124407873756758
L,310X161,-0.014106780874219186,310,178,0.014106780874219186
N,220X175,-0.014093250347304884,220,266,0.014093250347304884
M,310X201,-0.014077019339968777,310,128,0.014077019339968777
L,312X585,-0.014072628745111015,312,178,0.014072628745111015
L,312X577,-0.014065579065887223,312,178,0.014065579065887223
L,312X470,-0.014065380482498255,312,178,0.014065380482498255
L,312X469,-0.014062540824277152,312,178,0.014062540824277152
L,312X584,-0.014053413087208198,312,178,0.014053413087208198
L,312X770,0.014050884399680254,312,178,0.014050884399680254
L,360X185,0.014047713707782832,360,178,0.014047713707782832
L,312X464,-0.014044904780536544,312,178,0.014044904780536544
L,312X578,-0.014044508291981183,312,178,0.014044508291981183
L,312X511,-0.014041107681556045,312,178,0.014041107681556045
L,312X457,-0.01404110768155581,312,178,0.01404110768155581
L,312X458,-0.014039931199064708,312,178,0.014039931199064708
M,311X68,0.014032484943839055,311,128,0.014032484943839055
L,312X583,-0.014031371209094475,312,178,0.014031371209094475
N,360X645,-0.014024774008963018,360,266,0.014024774008963018
L,312X463,-0.014021288530524006,312,178,0.014021288530524006
L,312X579,-0.014011983128741717,312,178,0.014011983128741717
M,330X1212,0.014002534612774075,330,128,0.014002534612774075
L,344X10,0.01400070423871344,344,178,0.01400070423871344
O,310X164,0.013990791669301303,310,86,0.013990791669301303
N,400X196,0.01398858323168379,400,266,0.01398858323168379
N,420X153,-0.013987565376973064,420,266,0.013987565376973064
M,344X81,0.013982207948434586,344,128,0.013982207948434586
N,330X216,-0.013979993152317476,330,266,0.013979993152317476
L,311X73,0.013914196211938073,311,178,0.013914196211938073
N,312X558,0.013910269244332536,312,266,0.013910269244332536
M,330X214,-0.01390372666080099,330,128,0.01390372666080099
M,340X24,0.013900871886295416,340,128,0.013900871886295416
M,312X639,-0.01387210915989811,312,128,0.01387210915989811
N,440AX111,0.013864463789102121,UNKNOWN,266,0.013864463789102121
M,520X332,-0.013855926876091577,520,128,0.013855926876091577
L,330X1160,0.013855437780454663,330,178,0.013855437780454663
N,312X17,-0.013854525374929328,312,266,0.013854525374929328
J,ERROR:#N/A_8,0.01385369138400901,UNKNOWN,142,0.01385369138400901
M,220X164,-0.013851447036798626,220,128,0.013851447036798626
M,312X239,0.013818091412239702,312,128,0.013818091412239702
L,520X246,-0.013801767683037995,520,178,0.013801767683037995
L,520X144,-0.013801603447526633,520,178,0.013801603447526633
L,520X353,-0.01380143922038557,520,178,0.01380143922038557
N,440AX164,0.01377319492439708,UNKNOWN,266,0.01377319492439708
L,330X53,0.01376767270179797,330,178,0.01376767270179797
O,340X40,0.013762472369944302,340,86,0.013762472369944302
M,400X32,0.013759809941711266,400,128,0.013759809941711266
O,400X217,-0.013730913371654354,400,86,0.013730913371654354
L,312X679,-0.013692574031861604,312,178,0.013692574031861604
N,440AX140,0.013691020555365885,UNKNOWN,266,0.013691020555365885
N,330X391,-0.013684616832072186,330,266,0.013684616832072186
M,312X144,-0.013676664635038133,312,128,0.013676664635038133
O,344X56,0.013663923437574289,344,86,0.013663923437574289
N,520X312,-0.013629342758029874,520,266,0.013629342758029874
O,330X1133,0.013611496270942727,330,86,0.013611496270942727
L,311X69,0.013596452496994725,311,178,0.013596452496994725
L,440AX118,-0.013570847546340876,UNKNOWN,178,0.013570847546340876
N,330X445,-0.013548183789490718,330,266,0.013548183789490718
N,750X984,-0.013547428020675104,750,266,0.013547428020675104
N,750X1383,-0.01354680949289362,750,266,0.01354680949289362
O,330X1127,0.013535585460300145,330,86,0.013535585460300145
L,360X521,0.013495609794739686,360,178,0.013495609794739686
N,440AX162,0.01349019644242515,UNKNOWN,266,0.01349019644242515
M,520X256,-0.013479844072671183,520,128,0.013479844072671183
M,750X1028,-0.01347628073217339,750,128,0.01347628073217339
L,310X28,-0.013474922005986614,310,178,0.013474922005986614
N,330X226,-0.013464212378792062,330,266,0.013464212378792062
L,440AX154,-0.013443448701336421,UNKNOWN,178,0.013443448701336421
O,330X1130,0.013421249916553251,330,86,0.013421249916553251
L,520X162,0.013416674357166198,520,178,0.013416674357166198
N,311X10,-0.013407836903409675,311,266,0.013407836903409675
N,520X92,-0.013399350878972408,520,266,0.013399350878972408
L,360X1245,-0.013390821221545942,360,178,0.013390821221545942
L,330X132,-0.01336597141580203,330,178,0.01336597141580203
N,420X94,0.013362339061128027,420,266,0.013362339061128027
L,330X933,0.013360463594249401,330,178,0.013360463594249401
N,440AX108,0.013337595277765872,UNKNOWN,266,0.013337595277765872
M,312X215,-0.013334185524104742,312,128,0.013334185524104742
L,330X936,0.01332824100315632,330,178,0.01332824100315632
L,344X221,-0.013326476773819651,344,178,0.013326476773819651
L,312X701,0.013321737988336467,312,178,0.013321737988336467
N,400X67,0.013321225131220799,400,266,0.013321225131220799
L,311X80,0.013308220681621016,311,178,0.013308220681621016
L,520X183,0.013301226479121341,520,178,0.013301226479121341
L,210X12,-0.013220734206597896,210,178,0.013220734206597896
N,400X135,-0.013211813581809995,400,266,0.013211813581809995
N,312X99,-0.01320232306501871,312,266,0.01320232306501871
L,330X926,-0.013200171854853147,330,178,0.013200171854853147
O,520X234,0.013192846285733655,520,86,0.013192846285733655
J,750X1138,-0.013178454518698039,750,142,0.013178454518698039
L,340X43,0.013175328463695957,340,178,0.013175328463695957
L,520X38,0.013174975133331386,520,178,0.013174975133331386
L,210X75,0.01317301246424802,210,178,0.01317301246424802
N,440AX154,0.01316914482788413,UNKNOWN,266,0.01316914482788413
O,330X1041,-0.013122088421196379,330,86,0.013122088421196379
L,330X930,0.013112892748605843,330,178,0.013112892748605843
L,400X148,0.013107943870950406,400,178,0.013107943870950406
M,750X613,0.013093571468041581,750,128,0.013093571468041581
N,330X206,-0.013085717415732058,330,266,0.013085717415732058
L,750X348,-0.013069693287034586,750,178,0.013069693287034586
J,400X117,0.01305563024858441,400,142,0.01305563024858441
M,312X574,-0.013051271134844339,312,128,0.013051271134844339
N,420X75,0.013043078988160404,420,266,0.013043078988160404
O,400X170,0.01304001157071775,400,86,0.01304001157071775
O,360X80,-0.013038559834502333,360,86,0.013038559834502333
L,344X246,-0.01303400013998707,344,178,0.01303400013998707
L,440AX147,-0.01298453620634388,UNKNOWN,178,0.01298453620634388
N,312X210,0.012951884670232597,312,266,0.012951884670232597
N,330X195,-0.012951447702160475,330,266,0.012951447702160475
L,440AX187,-0.012909387056057464,UNKNOWN,178,0.012909387056057464
L,312X488,-0.012898341192427595,312,178,0.012898341192427595
O,360X1297,0.012881004169658223,360,86,0.012881004169658223
L,440AX140,-0.012880851526632948,UNKNOWN,178,0.012880851526632948
J,312X189,-0.012878161691899807,312,142,0.012878161691899807
M,312X262,0.01287251086531789,312,128,0.01287251086531789
M,312X791,-0.012870618220435304,312,128,0.012870618220435304
J,420X134,0.012869405274676253,420,142,0.012869405274676253
L,420X73,-0.012842195798561922,420,178,0.012842195798561922
M,312X142,0.012838933782916196,312,128,0.012838933782916196
N,312X642,0.01282000876614272,312,266,0.01282000876614272
N,311X32,0.012808681433000667,311,266,0.012808681433000667
L,520X119,0.012779577040071129,520,178,0.012779577040071129
L,330X552,0.012776089653852624,330,178,0.012776089653852624
J,750X477,-0.012772203040398961,750,142,0.012772203040398961
O,340X15,-0.012760745140328543,340,86,0.012760745140328543
J,750X488,-0.012749103428292627,750,142,0.012749103428292627
O,520X232,0.01272724724543587,520,86,0.01272724724543587
M,520X254,-0.012705237056991565,520,128,0.012705237056991565
M,750X1329,0.01270288447550929,750,128,0.01270288447550929
M,520X252,-0.012699790406630782,520,128,0.012699790406630782
M,344X10,-0.012684010912250635,344,128,0.012684010912250635
N,310X201,-0.012681292705861649,310,266,0.012681292705861649
J,750X971,-0.012680439178541674,750,142,0.012680439178541674
N,312X85,-0.012647850673716302,312,266,0.012647850673716302
N,210X36,0.012638757041150783,210,266,0.012638757041150783
N,330X485,-0.012627556748876124,330,266,0.012627556748876124
M,312X777,-0.012614797191354237,312,128,0.012614797191354237
L,210X210,0.012604367492987597,210,178,0.012604367492987597
N,340X13,0.012591498067101463,340,266,0.012591498067101463
M,344X165,0.012578707447318281,344,128,0.012578707447318281
M,520X258,0.0125756847060221,520,128,0.0125756847060221
J,312X210,0.01255759889612102,312,142,0.01255759889612102
N,330X495,-0.012537176468404144,330,266,0.012537176468404144
N,440AX191,0.012535057348162702,UNKNOWN,266,0.012535057348162702
L,340X195,0.0125323936322515,340,178,0.0125323936322515
N,360X69,0.012521607387672289,360,266,0.012521607387672289
N,210X171,0.012514510172053931,210,266,0.012514510172053931
J,400X188,0.012499508943667947,400,142,0.012499508943667947
J,400X189,0.012499508943659704,400,142,0.012499508943659704
N,440AX152,0.012487508697294937,UNKNOWN,266,0.012487508697294937
L,311X82,0.012482642746637037,311,178,0.012482642746637037
N,400X204,-0.012477219849642812,400,266,0.012477219849642812
L,312X355,-0.012464735983484429,312,178,0.012464735983484429
M,750X115,-0.012456582445893857,750,128,0.012456582445893857
L,311X81,0.012440006847587313,311,178,0.012440006847587313
N,312X700,0.01243203975665002,312,266,0.01243203975665002
L,750X149,0.012428410643800042,750,178,0.012428410643800042
O,312X66,0.01242614429273601,312,86,0.01242614429273601
M,312X70,0.01242249377627266,312,128,0.01242249377627266
L,440AX121,0.012415331484696795,UNKNOWN,178,0.012415331484696795
M,420X23,0.01239654624918661,420,128,0.01239654624918661
N,344X158,0.012390517775281577,344,266,0.012390517775281577
L,312X124,0.012381794208162844,312,178,0.012381794208162844
M,311X92,0.012379620120969468,311,128,0.012379620120969468
L,520X67,0.012369094822148395,520,178,0.012369094822148395
O,310X21,0.01235252801470779,310,86,0.01235252801470779
L,312X552,-0.012346405963227234,312,178,0.012346405963227234
N,750X1305,-0.012288090490543229,750,266,0.012288090490543229
O,344X243,0.012286572790595094,344,86,0.012286572790595094
L,520X43,-0.012278808675283156,520,178,0.012278808675283156
N,340X36,-0.012277395735352931,340,266,0.012277395735352931
J,311X87,0.012272950775185608,311,142,0.012272950775185608
L,440AX108,-0.012249576008754134,UNKNOWN,178,0.012249576008754134
N,312X340,0.012245444994108992,312,266,0.012245444994108992
L,312X730,-0.012239526643278717,312,178,0.012239526643278717
O,360X69,-0.012235249023951036,360,86,0.012235249023951036
N,400X195,0.01223500375321663,400,266,0.01223500375321663
N,210X133,0.01223223353270047,210,266,0.01223223353270047
L,210X115,-0.012225664980100066,210,178,0.012225664980100066
J,520X48,0.012210770872786793,520,142,0.012210770872786793
N,311X88,-0.012187282453183802,311,266,0.012187282453183802
O,344X34,-0.012170481223384716,344,86,0.012170481223384716
M,312X138,-0.01215418166168204,312,128,0.01215418166168204
L,312X41,0.012148582960500243,312,178,0.012148582960500243
L,330X179,0.012135763739739118,330,178,0.012135763739739118
N,520X176,-0.01213398113129793,520,266,0.01213398113129793
N,311X51,0.012117281953975358,311,266,0.012117281953975358
N,520X406,0.012103841937560776,520,266,0.012103841937560776
O,344X36,-0.012077587340120733,344,86,0.012077587340120733
N,210X170,-0.01206992050735325,210,266,0.01206992050735325
N,311X191,0.012068667686715292,311,266,0.012068667686715292
N,311X187,0.012059450482210844,311,266,0.012059450482210844
N,420X35,0.012028307723056079,420,266,0.012028307723056079
N,440AX194,0.012027868025195114,UNKNOWN,266,0.012027868025195114
M,312X132,-0.01202304645792103,312,128,0.01202304645792103
N,520X403,-0.012007073618254092,520,266,0.012007073618254092
L,330X59,0.011991319325277403,330,178,0.011991319325277403
N,420X99,0.011968028817410306,420,266,0.011968028817410306
M,310X166,0.011965635358539858,310,128,0.011965635358539858
L,330X121,0.01196388065209633,330,178,0.01196388065209633
M,520X291,-0.011956730159145106,520,128,0.011956730159145106
N,312X570,-0.011956159274055479,312,266,0.011956159274055479
L,360X436,0.011942841270998447,360,178,0.011942841270998447
L,420X16,-0.011933936605045518,420,178,0.011933936605045518
L,311X106,0.011931750491184489,311,178,0.011931750491184489
M,312X77,0.01191354501279756,312,128,0.01191354501279756
N,400X68,0.011904335937367677,400,266,0.011904335937367677
L,520X58,-0.011902432935224335,520,178,0.011902432935224335
N,440AX153,0.011894281756964428,UNKNOWN,266,0.011894281756964428
N,344X178,-0.011893746644894326,344,266,0.011893746644894326
N,340X99,0.011882213616331802,340,266,0.011882213616331802
L,330X204,-0.011881879204613305,330,178,0.011881879204613305
L,340X8,0.011881739873095796,340,178,0.011881739873095796
L,440AX150,-0.011881702910903222,UNKNOWN,178,0.011881702910903222
L,311X135,-0.011880686159905918,311,178,0.011880686159905918
M,312X530,0.011872411600985549,312,128,0.011872411600985549
N,344X254,0.011869070769950136,344,266,0.011869070769950136
N,420X74,0.01183400384714978,420,266,0.01183400384714978
N,340X187,-0.011826029391347522,340,266,0.011826029391347522
M,520X319,0.011820501524364866,520,128,0.011820501524364866
N,360X80,0.01181743490814514,360,266,0.01181743490814514
N,520X82,0.011815621144833945,520,266,0.011815621144833945
N,312X208,0.011797098754613804,312,266,0.011797098754613804
N,520X380,-0.011790645942016313,520,266,0.011790645942016313
N,520X381,-0.011790645942016308,520,266,0.011790645942016308
N,440AX185,0.011788641180781009,UNKNOWN,266,0.011788641180781009
M,340X139,0.011780419444608555,340,128,0.011780419444608555
J,210X68,-0.011778563005089872,210,142,0.011778563005089872
L,210X68,-0.01177856300508783,210,178,0.01177856300508783
M,210X68,-0.011778563005085787,210,128,0.011778563005085787
J,ERROR:#N/A_7,-0.011772964181721671,UNKNOWN,142,0.011772964181721671
N,440AX150,0.01177264005510646,UNKNOWN,266,0.01177264005510646
L,360X111,0.011765074757005965,360,178,0.011765074757005965
M,340X36,0.011762436065514739,340,128,0.011762436065514739
O,311X139,0.011760280406930768,311,86,0.011760280406930768
M,520X266,0.011751253496887045,520,128,0.011751253496887045
N,360X381,-0.011750552957434827,360,266,0.011750552957434827
J,311X142,0.011745461370964438,311,142,0.011745461370964438
J,311X194,-0.011721282408068278,311,142,0.011721282408068278
L,360X532,0.011712243511952007,360,178,0.011712243511952007
N,520X93,-0.011711692552442818,520,266,0.011711692552442818
N,520X407,-0.011706746653265545,520,266,0.011706746653265545
N,312X716,0.011697325339462564,312,266,0.011697325339462564
L,310X27,-0.011693785925514654,310,178,0.011693785925514654
N,520X412,0.011689318765669945,520,266,0.011689318765669945
M,344X230,-0.011683932313852318,344,128,0.011683932313852318
N,440AX193,0.01168075524189821,UNKNOWN,266,0.01168075524189821
M,330X331,-0.011679956808032797,330,128,0.011679956808032797
J,330X553,-0.011674817402460269,330,142,0.011674817402460269
N,440AX192,0.011673901433772295,UNKNOWN,266,0.011673901433772295
N,400X192,0.011670060169543764,400,266,0.011670060169543764
N,340X185,-0.011668847930279308,340,266,0.011668847930279308
N,311X33,0.011652899429494039,311,266,0.011652899429494039
N,340X35,-0.011647050215570642,340,266,0.011647050215570642
O,310X172,0.011628059837225688,310,86,0.011628059837225688
J,400X69,0.011618791574909904,400,142,0.011618791574909904
M,750X971,0.011615480267360494,750,128,0.011615480267360494
M,340X121,0.011614256713621625,340,128,0.011614256713621625
N,312X79,-0.011601671150327331,312,266,0.011601671150327331
O,312X118,-0.011591347282913628,312,86,0.011591347282913628
M,750X296,0.01159002057997911,750,128,0.01159002057997911
J,344X88,0.011571110937779697,344,142,0.011571110937779697
L,312X427,0.011552406728683432,312,178,0.011552406728683432
L,750X133,0.011529570839926265,750,178,0.011529570839926265
O,311X133,-0.011519680236252001,311,86,0.011519680236252001
L,312X558,-0.011514642205903676,312,178,0.011514642205903676
J,330X1153,0.011498826260091305,330,142,0.011498826260091305
N,340X33,-0.011488005962834958,340,266,0.011488005962834958
O,330X537,0.011479201131581619,330,86,0.011479201131581619
J,520X184,-0.011468959568527688,520,142,0.011468959568527688
J,312X580,-0.011429596586742374,312,142,0.011429596586742374
N,330X529,-0.011419333336806944,330,266,0.011419333336806944
M,750X211,-0.011406422106624535,750,128,0.011406422106624535
L,312X18,-0.011405417022854367,312,178,0.011405417022854367
N,440AX163,0.011383615069121809,UNKNOWN,266,0.011383615069121809
M,330X604,0.011382731336084586,330,128,0.011382731336084586
J,360X359,-0.011351559095850014,360,142,0.011351559095850014
N,340X186,-0.011351151736991248,340,266,0.011351151736991248
M,420X110,0.011340885543938129,420,128,0.011340885543938129
N,400X66,0.011334001461987934,400,266,0.011334001461987934
N,360X23,-0.011332098199733739,360,266,0.011332098199733739
L,750X117,0.011288693099595947,750,178,0.011288693099595947
N,440AX183,0.011219696599331745,UNKNOWN,266,0.011219696599331745
M,360X149,0.011218202976482438,360,128,0.011218202976482438
N,312X630,0.011194284008506333,312,266,0.011194284008506333
O,312X519,0.011190765942900967,312,86,0.011190765942900967
L,420X156,0.011176728872960964,420,178,0.011176728872960964
O,312X523,0.011124351377501084,312,86,0.011124351377501084
L,340X3,-0.011099003048261948,340,178,0.011099003048261948
M,330X6,0.01109613551962615,330,128,0.01109613551962615
N,340X34,-0.01107994269226627,340,266,0.01107994269226627
L,312X197,-0.011079636085578156,312,178,0.011079636085578156
N,440AX117,0.011074456263996352,UNKNOWN,266,0.011074456263996352
N,440AX189,0.011068101554106886,UNKNOWN,266,0.011068101554106886
L,440AX120,-0.011064627228387776,UNKNOWN,178,0.011064627228387776
N,520X78,0.011001551577127783,520,266,0.011001551577127783
J,312X123,0.010999204513881741,312,142,0.010999204513881741
N,400X71,0.010995473652126714,400,266,0.010995473652126714
J,330X1147,0.010979444935020146,330,142,0.010979444935020146
N,520X388,0.01097935940515177,520,266,0.01097935940515177
N,312X334,-0.010977353404457053,312,266,0.010977353404457053
M,312X376,0.010945575317674459,312,128,0.010945575317674459
N,520X404,-0.010939752217217468,520,266,0.010939752217217468
M,420X4,0.01091264676610836,420,128,0.01091264676610836
L,311X12,-0.010911125704642614,311,178,0.010911125704642614
M,520X261,-0.01090353558067088,520,128,0.01090353558067088
J,750X274,0.01089741193829895,750,142,0.01089741193829895
L,420X139,0.010874346879819545,420,178,0.010874346879819545
J,330X201,-0.010827102896186469,330,142,0.010827102896186469
N,312X253,-0.010822938709088516,312,266,0.010822938709088516
L,311X184,-0.010790916711826547,311,178,0.010790916711826547
L,311X183,-0.010790916711826547,311,178,0.010790916711826547
L,520X345,-0.010787446245585001,520,178,0.010787446245585001
N,420X76,0.010787371974009561,420,266,0.010787371974009561
L,750X131,-0.010785875134926638,750,178,0.010785875134926638
N,440AX205,0.010781757236914574,UNKNOWN,266,0.010781757236914574
M,360X659,-0.010776300145910174,360,128,0.010776300145910174
O,344X229,-0.010772343672616098,344,86,0.010772343672616098
M,312X118,-0.010750353548982145,312,128,0.010750353548982145
L,400X108,-0.010748695362825628,400,178,0.010748695362825628
N,400X70,0.010746483758615505,400,266,0.010746483758615505
N,400X200,-0.010745733830517062,400,266,0.010745733830517062
M,330X325,-0.010732185246999109,330,128,0.010732185246999109
M,330X3,0.01072440257052508,330,128,0.01072440257052508
J,400X94,0.010721607894492736,400,142,0.010721607894492736
N,344X105,0.010710713861279593,344,266,0.010710713861279593
N,440AX161,0.010709895980562477,UNKNOWN,266,0.010709895980562477
L,330X135,-0.01069768518633536,330,178,0.01069768518633536
N,311X188,0.010678851813947444,311,266,0.010678851813947444
N,344X114,0.010656347613499081,344,266,0.010656347613499081
N,360X1391,-0.010629556607731183,360,266,0.010629556607731183
L,400X151,0.010599649829255679,400,178,0.010599649829255679
L,330X920,-0.010585799875088802,330,178,0.010585799875088802
N,440AX204,0.010583341718461068,UNKNOWN,266,0.010583341718461068
L,750X370,-0.010569404045408872,750,178,0.010569404045408872
J,360X1,0.010554628978191453,360,142,0.010554628978191453
J,400X92,-0.010554264197240102,400,142,0.010554264197240102
N,520X405,-0.010553661886267475,520,266,0.010553661886267475
M,340X15,0.010530724589306706,340,128,0.010530724589306706
M,340X110,0.010520317644128809,340,128,0.010520317644128809
N,330X505,-0.010486436087241566,330,266,0.010486436087241566
N,344X103,0.010468820406399248,344,266,0.010468820406399248
J,520X261,-0.010438709302768061,520,142,0.010438709302768061
M,360X669,0.010438301305628093,360,128,0.010438301305628093
N,312X11,-0.010417840654556653,312,266,0.010417840654556653
N,520X186,0.010417072603624199,520,266,0.010417072603624199
N,312X711,0.010406453549669818,312,266,0.010406453549669818
J,400X95,0.010398148547584739,400,142,0.010398148547584739
N,750X1083,-0.010392940764672174,750,266,0.010392940764672174
L,312X530,-0.010374275789078279,312,178,0.010374275789078279
L,340X21,0.010368575545901065,340,178,0.010368575545901065
M,420X78,-0.010350599595786967,420,128,0.010350599595786967
N,312X117,-0.010346734034033642,312,266,0.010346734034033642
N,400X36,-0.01032738886088056,400,266,0.01032738886088056
N,312X724,-0.010315967806266037,312,266,0.010315967806266037
N,330X214,-0.010306724804536174,330,266,0.010306724804536174
N,440AX184,0.010291738811175353,UNKNOWN,266,0.010291738811175353
L,440AX142,-0.010272137305107648,UNKNOWN,178,0.010272137305107648
N,440AX206,0.010271477858725762,UNKNOWN,266,0.010271477858725762
N,312X73,-0.010269100072320965,312,266,0.010269100072320965
J,750X1152,0.010264159585837549,750,142,0.010264159585837549
N,340X97,0.010231194571406064,340,266,0.010231194571406064
M,360X605,-0.010224345242823169,360,128,0.010224345242823169
L,520X306,0.010211570988559607,520,178,0.010211570988559607
L,750X1164,0.010211013789501363,750,178,0.010211013789501363
J,340X73,-0.01020684605600493,340,142,0.01020684605600493
J,520X43,0.010171527987567196,520,142,0.010171527987567196
L,520X282,0.01016040744699535,520,178,0.01016040744699535
O,330X719,-0.010158563927084875,330,86,0.010158563927084875
N,344X154,-0.010157141793229,344,266,0.010157141793229
N,ERROR:#N/A_16,0.010157141793228663,UNKNOWN,266,0.010157141793228663
N,344X172,0.010157141793228623,344,266,0.010157141793228623
N,344X119,0.010157141793228196,344,266,0.010157141793228196
N,344X92,-0.010157141793228196,344,266,0.010157141793228196
N,344X110,0.010157141793228196,344,266,0.010157141793228196
N,344X112,0.010148906405294256,344,266,0.010148906405294256
J,330X182,0.010137924359648031,330,142,0.010137924359648031
N,344X87,-0.010125263999403897,344,266,0.010125263999403897
N,440AX141,0.010117052270364288,UNKNOWN,266,0.010117052270364288
O,310X131,-0.010077624002459873,310,86,0.010077624002459873
L,360X187,-0.010076821359733073,360,178,0.010076821359733073
O,330X729,-0.010060620401373031,330,86,0.010060620401373031
J,750X637,0.010052621557823611,750,142,0.010052621557823611
M,312X338,-0.010052599648414763,312,128,0.010052599648414763
J,312X383,-0.01004928185486403,312,142,0.01004928185486403
N,311X87,0.010048736170571823,311,266,0.010048736170571823
N,440AX190,0.010041281881919202,UNKNOWN,266,0.010041281881919202
M,310X165,-0.0100128351342227,310,128,0.0100128351342227
M,400X19,0.010011842491117572,400,128,0.010011842491117572
J,330X1150,0.009983715874155726,330,142,0.009983715874155726
O,330X828,-0.009978336624878516,330,86,0.009978336624878516
N,330X132,0.009964344423550632,330,266,0.009964344423550632
J,312X327,0.009941100512933856,312,142,0.009941100512933856
M,330X470,0.009938135793244117,330,128,0.009938135793244117
M,330X318,-0.00993069262025486,330,128,0.00993069262025486
N,440AX187,0.009919108799529584,UNKNOWN,266,0.009919108799529584
L,520X53,-0.009900473952067508,520,178,0.009900473952067508
O,312X517,0.009899081337623183,312,86,0.009899081337623183
O,400X151,-0.009893973187635354,400,86,0.009893973187635354
N,420X117,0.009886549652491625,420,266,0.009886549652491625
N,311X190,0.009870160782762795,311,266,0.009870160782762795
N,344X149,-0.009869893617013029,344,266,0.009869893617013029
N,220X163,-0.009867429665282847,220,266,0.009867429665282847
L,312X764,0.00985272789642463,312,178,0.00985272789642463
J,312X268,-0.009847226645138794,312,142,0.009847226645138794
L,360X329,-0.009846920772955884,360,178,0.009846920772955884
M,311X53,-0.009844036735556928,311,128,0.009844036735556928
O,312X338,0.00980157625004088,312,86,0.00980157625004088
J,311X31,-0.009768796388237591,311,142,0.009768796388237591
N,440AX159,0.009752887165908842,UNKNOWN,266,0.009752887165908842
J,440AX112,0.009750648416278117,UNKNOWN,142,0.009750648416278117
O,420X135,-0.009727694089971269,420,86,0.009727694089971269
O,310X32,0.009715415432345659,310,86,0.009715415432345659
N,344X85,-0.009708110133584,344,266,0.009708110133584
L,330X137,0.009702644438871864,330,178,0.009702644438871864
J,312X43,-0.00969366742018534,312,142,0.00969366742018534
M,420X132,-0.009687629674178647,420,128,0.009687629674178647
M,400X132,-0.009677211404640108,400,128,0.009677211404640108
J,344X124,-0.009669055314767127,344,142,0.009669055314767127
N,344X34,0.009668155594989276,344,266,0.009668155594989276
L,330X126,0.009655829561582912,330,178,0.009655829561582912
J,750X34,0.009628033627819213,750,142,0.009628033627819213
M,330X308,0.009627671702090015,330,128,0.009627671702090015
L,330X119,0.009555037382901605,330,178,0.009555037382901605
N,440AX175,0.009535372519161417,UNKNOWN,266,0.009535372519161417
J,330X1003,0.009526010990997624,330,142,0.009526010990997624
N,440AX160,0.009521335728573424,UNKNOWN,266,0.009521335728573424
L,340X42,0.009518591493900727,340,178,0.009518591493900727
L,420X76,0.009504751999390255,420,178,0.009504751999390255
L,312X736,-0.009502722352989875,312,178,0.009502722352989875
L,330X133,0.009478093449114747,330,178,0.009478093449114747
L,311X70,-0.009446187980888258,311,178,0.009446187980888258
N,360X198,0.009411218691178691,360,266,0.009411218691178691
N,420X91,0.009406705975789131,420,266,0.009406705975789131
N,344X225,0.009401651603525787,344,266,0.009401651603525787
L,340X165,0.009388382696616085,340,178,0.009388382696616085
L,344X150,-0.00938518985472994,344,178,0.00938518985472994
J,400X91,0.00936653832910898,400,142,0.00936653832910898
N,340X195,-0.00936553443988472,340,266,0.00936553443988472
L,750X329,0.009342025387926821,750,178,0.009342025387926821
N,340X25,-0.009318332355799978,340,266,0.009318332355799978
L,311X83,0.009318203181111727,311,178,0.009318203181111727
L,750X403,-0.009308492032025602,750,178,0.009308492032025602
J,400X38,0.009305312591232212,400,142,0.009305312591232212
N,440AX92,0.009276730669832112,UNKNOWN,266,0.009276730669832112
N,340X123,0.00926646611039752,340,266,0.00926646611039752
M,330X639,-0.009258255227806971,330,128,0.009258255227806971
M,Chamber,0.009255181595539931,UNKNOWN,128,0.009255181595539931
M,330X635,-0.009254163779997196,330,128,0.009254163779997196
M,330X637,-0.00925385789512461,330,128,0.00925385789512461
L,340X77,0.009204645839663815,340,178,0.009204645839663815
J,520X330,-0.009198130587060331,520,142,0.009198130587060331
N,520X307,-0.009191292912265793,520,266,0.009191292912265793
M,750X359,0.0091704764622667,750,128,0.0091704764622667
L,360X704,0.009162964397274457,360,178,0.009162964397274457
M,520X267,0.009154394313364346,520,128,0.009154394313364346
N,311X199,-0.00913664995989069,311,266,0.00913664995989069
O,330X749,0.00911430341792999,330,86,0.00911430341792999
M,312X782,-0.009111654265607562,312,128,0.009111654265607562
L,312X192,0.009111347738575961,312,178,0.009111347738575961
N,312X189,0.009104475620020955,312,266,0.009104475620020955
L,520X96,0.009096739366353164,520,178,0.009096739366353164
N,440AX178,0.009091773412834672,UNKNOWN,266,0.009091773412834672
N,312X439,-0.009071025872700554,312,266,0.009071025872700554
M,520X331,-0.009050051987752572,520,128,0.009050051987752572
M,312X143,-0.009038092826222265,312,128,0.009038092826222265
M,340X113,-0.008993864064412016,340,128,0.008993864064412016
L,750X885,-0.0089891646772587,750,178,0.0089891646772587
O,330X759,0.008970591613589693,330,86,0.008970591613589693
O,312X702,-0.008967386908039925,312,86,0.008967386908039925
N,340X181,0.008952362195128152,340,266,0.008952362195128152
N,344X221,0.008938000987554925,344,266,0.008938000987554925
N,520X327,-0.008936201698898414,520,266,0.008936201698898414
M,312X339,0.008932729666048817,312,128,0.008932729666048817
N,360X653,0.00890427370087973,360,266,0.00890427370087973
M,330X480,0.008902090622036663,330,128,0.008902090622036663
N,420X147,-0.008878155061896828,420,266,0.008878155061896828
L,312X594,0.008852350352724683,312,178,0.008852350352724683
J,312X253,0.008846191157496663,312,142,0.008846191157496663
L,312X386,0.00883879871895306,312,178,0.00883879871895306
N,344X159,0.00883652454270497,344,266,0.00883652454270497
L,311X17,-0.008829037984935423,311,178,0.008829037984935423
L,312X118,-0.008820766544889001,312,178,0.008820766544889001
M,311X93,-0.008812570367687903,311,128,0.008812570367687903
J,400X201,0.00878654968801194,400,142,0.00878654968801194
L,312X670,0.008775822476176988,312,178,0.008775822476176988
L,750X401,-0.008764489488851357,750,178,0.008764489488851357
N,210X119,0.008754030854308916,210,266,0.008754030854308916
N,312X636,0.008749608460239625,312,266,0.008749608460239625
L,420X14,0.008747753367224852,420,178,0.008747753367224852
N,360X285,-0.008744539867465782,360,266,0.008744539867465782
M,750X1337,0.00874309569793299,750,128,0.00874309569793299
L,312X3,0.008738831206016597,312,178,0.008738831206016597
M,312X631,-0.008737635474867719,312,128,0.008737635474867719
M,311X15,0.008722004135928815,311,128,0.008722004135928815
M,360X573,0.008717132030258829,360,128,0.008717132030258829
L,312X680,-0.008700987025619444,312,178,0.008700987025619444
L,750X466,-0.008698763058507173,750,178,0.008698763058507173
L,344X199,0.008692217990489916,344,178,0.008692217990489916
L,440AX138,0.008690732578744044,UNKNOWN,178,0.008690732578744044
J,520X263,0.008685152948230457,520,142,0.008685152948230457
O,330X858,0.00867158582924492,330,86,0.00867158582924492
O,420X200,-0.008662641012906534,420,86,0.008662641012906534
L,750X621,-0.008649833774138374,750,178,0.008649833774138374
L,360X1152,0.008635870520186719,360,178,0.008635870520186719
N,312X717,0.008627470182554012,312,266,0.008627470182554012
M,312X375,0.008626089664962241,312,128,0.008626089664962241
L,312X742,-0.008583536432988313,312,178,0.008583536432988313
N,440AX62,0.008577602450320049,UNKNOWN,266,0.008577602450320049
N,311X189,0.008561662703909088,311,266,0.008561662703909088
N,440AX95,0.008560758236074776,UNKNOWN,266,0.008560758236074776
N,440AX203,0.008533646803831016,UNKNOWN,266,0.008533646803831016
N,440AX177,0.008532139830653748,UNKNOWN,266,0.008532139830653748
L,311X75,0.00852167322083381,311,178,0.00852167322083381
M,344X195,0.00851996888980198,344,128,0.00851996888980198
O,340X67,-0.008517028680635315,340,86,0.008517028680635315
L,340X2,-0.008485323933063605,340,178,0.008485323933063605
O,750X285,0.008469275497726062,750,86,0.008469275497726062
L,340X83,0.00845469040060481,340,178,0.00845469040060481
J,312X436,-0.008441203666356163,312,142,0.008441203666356163
O,310X173,-0.008439793156099275,310,86,0.008439793156099275
L,330X1157,0.008424742205396999,330,178,0.008424742205396999
N,520X241,0.00841579996945327,520,266,0.00841579996945327
J,312X222,-0.008414719501392678,312,142,0.008414719501392678
N,420X115,-0.008407587592738843,420,266,0.008407587592738843
J,344X123,-0.008399044702653674,344,142,0.008399044702653674
N,440AX174,0.00839341889374677,UNKNOWN,266,0.00839341889374677
J,360X1083,-0.008392193693861384,360,142,0.008392193693861384
L,360X34,0.008377309270283718,360,178,0.008377309270283718
L,312X483,0.008376467548574601,312,178,0.008376467548574601
N,520X287,0.008372695682169721,520,266,0.008372695682169721
N,520X166,-0.008369535032210303,520,266,0.008369535032210303
L,360X508,0.00836953125807703,360,178,0.00836953125807703
N,440AX179,0.008345780861253418,UNKNOWN,266,0.008345780861253418
L,440AX195,-0.00832148052370591,UNKNOWN,178,0.00832148052370591
L,360X785,-0.008302864393536807,360,178,0.008302864393536807
N,440AX182,0.008299729959515945,UNKNOWN,266,0.008299729959515945
N,420X114,-0.008283462776476213,420,266,0.008283462776476213
L,520X118,-0.008277486896854234,520,178,0.008277486896854234
M,330X460,0.008262135031440309,330,128,0.008262135031440309
L,311X141,0.008246000388316271,311,178,0.008246000388316271
O,400X167,0.008223589522384408,400,86,0.008223589522384408
L,344X13,0.008209495058629154,344,178,0.008209495058629154
N,440AX201,0.008208352739374232,UNKNOWN,266,0.008208352739374232
J,520X140,0.008191277817311349,520,142,0.008191277817311349
J,311X24,0.00818572901460456,311,142,0.00818572901460456
O,400X187,0.00818379321905327,400,86,0.00818379321905327
N,312X712,-0.008152018633012915,312,266,0.008152018633012915
N,360X335,-0.008139911237449653,360,266,0.008139911237449653
L,312X94,0.008126222740383958,312,178,0.008126222740383958
N,330X960,-0.008113697944999521,330,266,0.008113697944999521
N,440AX180,0.008110078344359145,UNKNOWN,266,0.008110078344359145
L,420X13,0.008108800272434649,420,178,0.008108800272434649
L,440AX199,-0.008108302139071672,UNKNOWN,178,0.008108302139071672
M,360X133,-0.008100630289512571,360,128,0.008100630289512571
N,312X57,0.008098148658756651,312,266,0.008098148658756651
L,312X668,-0.008095040790793555,312,178,0.008095040790793555
L,312X482,0.008088845463770372,312,178,0.008088845463770372
L,520X77,-0.008084481300315385,520,178,0.008084481300315385
N,440AX135,0.00807437142875356,UNKNOWN,266,0.00807437142875356
M,312X385,-0.008049472866419785,312,128,0.008049472866419785
M,360X661,0.008044366899733224,360,128,0.008044366899733224
N,311X206,-0.00798452525427094,311,266,0.00798452525427094
L,360X776,0.00797092005285033,360,178,0.00797092005285033
M,312X261,-0.007955162410258957,312,128,0.007955162410258957
L,520X143,0.007931436864685485,520,178,0.007931436864685485
N,330X923,0.007917786956471717,330,266,0.007917786956471717
L,340X123,0.00791468851904583,340,178,0.00791468851904583
M,344X13,-0.007885671468204451,344,128,0.007885671468204451
L,440AX200,-0.007860866008566132,UNKNOWN,178,0.007860866008566132
L,340X198,0.007848996364501468,340,178,0.007848996364501468
N,340X115,0.007833902440157034,340,266,0.007833902440157034
L,312X674,-0.007833377485275404,312,178,0.007833377485275404
O,340X38,0.007828395884015064,340,86,0.007828395884015064
J,520X76,0.007802819282677897,520,142,0.007802819282677897
N,440AX181,0.0078025292810957455,UNKNOWN,266,0.0078025292810957455
M,312X776,-0.007801133250827482,312,128,0.007801133250827482
M,420X81,0.007795816952585871,420,128,0.007795816952585871
N,440AX59,0.007780315502550811,UNKNOWN,266,0.007780315502550811
J,330X211,0.00774754337109215,330,142,0.00774754337109215
L,360X1164,0.007691250473135721,360,178,0.007691250473135721
L,330X1053,0.007691250473135721,330,178,0.007691250473135721
L,312X690,-0.007688864084177541,312,178,0.007688864084177541
N,440AX202,0.007682695389413823,UNKNOWN,266,0.007682695389413823
N,312X211,0.00768241488909929,312,266,0.00768241488909929
L,344X151,0.007664942563994624,344,178,0.007664942563994624
L,311X72,-0.0075864170683714,311,178,0.0075864170683714
N,440AX173,0.007584054208841371,UNKNOWN,266,0.007584054208841371
N,440AX170,0.0075797485163216355,UNKNOWN,266,0.0075797485163216355
N,440AX171,0.007572627731056105,UNKNOWN,266,0.007572627731056105
L,520X253,0.007559772849218711,520,178,0.007559772849218711
L,520X101,0.007549333748128089,520,178,0.007549333748128089
M,340X25,0.007549083396510829,340,128,0.007549083396510829
N,440AX172,0.0075382805971458775,UNKNOWN,266,0.0075382805971458775
L,420X157,-0.007526759220514167,420,178,0.007526759220514167
N,440AX168,0.00751514543289528,UNKNOWN,266,0.00751514543289528
M,400X157,-0.007513742308934668,400,128,0.007513742308934668
L,520X283,0.00748202789453023,520,178,0.00748202789453023
L,312X424,-0.007476205722119061,312,178,0.007476205722119061
M,420X20,-0.007466821794678269,420,128,0.007466821794678269
N,340X121,0.007456816013660006,340,266,0.007456816013660006
L,340X65,0.007451334897901304,340,178,0.007451334897901304
N,400X144,0.00744123257833156,400,266,0.00744123257833156
L,330X167,0.0074176208083643,330,178,0.0074176208083643
J,330X224,0.007363947243666951,330,142,0.007363947243666951
L,520X103,-0.007357963376614451,520,178,0.007357963376614451
L,311X28,-0.007356530444663174,311,178,0.007356530444663174
N,310X152,-0.007351670600544644,310,266,0.007351670600544644
O,312X254,-0.007334870330096902,312,86,0.007334870330096902
M,340X29,0.007296255554607981,340,128,0.007296255554607981
L,750X425,-0.00729190801299937,750,178,0.00729190801299937
L,330X541,-0.007283691865598464,330,178,0.007283691865598464
O,311X71,-0.007268114627683914,311,86,0.007268114627683914
N,750X1190,0.007253926250207677,750,266,0.007253926250207677
N,440AX176,0.007253388793295692,UNKNOWN,266,0.007253388793295692
M,311X4,0.00723793583502038,311,128,0.00723793583502038
M,311X27,0.007232094154594799,311,128,0.007232094154594799
N,420X148,0.007220974196339152,420,266,0.007220974196339152
L,520X108,-0.0072159195471341525,520,178,0.0072159195471341525
N,210X135,0.007213317627218695,210,266,0.007213317627218695
N,312X723,0.0071923688014522875,312,266,0.0071923688014522875
N,210X72,0.007182950711186935,210,266,0.007182950711186935
L,420X160,0.007182659789723587,420,178,0.007182659789723587
N,210X121,0.007180166792459806,210,266,0.007180166792459806
M,312X752,0.007167339955390305,312,128,0.007167339955390305
N,440AX169,0.0071636105158249894,UNKNOWN,266,0.0071636105158249894
O,340X21,0.007153513361021444,340,86,0.007153513361021444
L,360X669,0.007153152463096589,360,178,0.007153152463096589
N,420X228,0.0071483778211072855,420,266,0.0071483778211072855
L,340X161,0.0071463102399280665,340,178,0.0071463102399280665
J,210X181,-0.007142779313612521,210,142,0.007142779313612521
M,340X173,0.007117391976299072,340,128,0.007117391976299072
N,210X169,0.0071131176269619515,210,266,0.0071131176269619515
N,312X239,0.007063798076745868,312,266,0.007063798076745868
M,340X27,0.007062120997931267,340,128,0.007062120997931267
J,Chamber,0.00701364802478911,UNKNOWN,142,0.00701364802478911
L,520X255,0.007013136399794512,520,178,0.007013136399794512
N,520X239,-0.006944665034668803,520,266,0.006944665034668803
L,440AX149,-0.006928777830686397,UNKNOWN,178,0.006928777830686397
O,360X499,0.006925295760380399,360,86,0.006925295760380399
L,400X112,0.0069251198584662065,400,178,0.0069251198584662065
N,312X256,0.006913909317498635,312,266,0.006913909317498635
N,312X718,-0.006872930970434821,312,266,0.006872930970434821
J,312X385,-0.006848489208861296,312,142,0.006848489208861296
N,312X699,0.006844608823427262,312,266,0.006844608823427262
N,340X15,0.006833638839190764,340,266,0.006833638839190764
L,520X257,0.00682327088962138,520,178,0.00682327088962138
N,340X41,0.006805476675145141,340,266,0.006805476675145141
M,312X783,-0.006781683506769492,312,128,0.006781683506769492
O,210X102,0.006773665027244692,210,86,0.006773665027244692
M,520X263,0.006744003580743701,520,128,0.006744003580743701
M,420X80,-0.006721414741761685,420,128,0.006721414741761685
L,520X27,-0.006718952279608627,520,178,0.006718952279608627
N,340X40,0.0067135557835525566,340,266,0.0067135557835525566
M,420X120,-0.00667472166763326,420,128,0.00667472166763326
L,440AX198,-0.006609766957914931,UNKNOWN,178,0.006609766957914931
J,312X361,-0.006609729870214466,312,142,0.006609729870214466
L,312X198,0.006586491628583918,312,178,0.006586491628583918
L,520X12,0.006582957362597932,520,178,0.006582957362597932
L,360X447,0.006581482013477152,360,178,0.006581482013477152
N,400X198,-0.0065700986117623525,400,266,0.0065700986117623525
L,312X462,0.006562759125677891,312,178,0.006562759125677891
N,210X163,0.006554569453716573,210,266,0.006554569453716573
N,360X219,0.00654596173900714,360,266,0.00654596173900714
N,520X295,0.0065317527310041,520,266,0.0065317527310041
L,360X45,-0.006525610122275691,360,178,0.006525610122275691
L,750X1,0.006524554573881539,750,178,0.006524554573881539
J,311X151,-0.00651146781496098,311,142,0.00651146781496098
N,360X131,-0.006492445403996989,360,266,0.006492445403996989
L,330X196,0.006479791136893813,330,178,0.006479791136893813
O,344X168,0.006464119239192347,344,86,0.006464119239192347
O,420X110,-0.006446769811003817,420,86,0.006446769811003817
N,210X231,-0.006437756871034619,210,266,0.006437756871034619
L,750X157,-0.006423676931326395,750,178,0.006423676931326395
N,440AX61,0.006416205019338051,UNKNOWN,266,0.006416205019338051
L,340X10,-0.00639410997946578,340,178,0.00639410997946578
L,340X41,0.006365384415823127,340,178,0.006365384415823127
N,360X187,-0.006359574350932762,360,266,0.006359574350932762
N,750X1006,0.006335093567316657,750,266,0.006335093567316657
L,440AX129,-0.006328103551492286,UNKNOWN,178,0.006328103551492286
N,420X112,-0.0063257772515944305,420,266,0.0063257772515944305
N,330X371,0.006314662870071629,330,266,0.006314662870071629
N,330X298,0.006307240217440558,330,266,0.006307240217440558
O,360X1267,0.006300665952211044,360,86,0.006300665952211044
N,340X38,0.006287916195841207,340,266,0.006287916195841207
N,440AX41,0.006266029182086936,UNKNOWN,266,0.006266029182086936
L,360X743,-0.0062493681250642905,360,178,0.0062493681250642905
L,440AX112,0.006238076684728841,UNKNOWN,178,0.006238076684728841
M,420X142,-0.006211117991298332,420,128,0.006211117991298332
M,312X518,0.0061989385707602596,312,128,0.0061989385707602596
O,340X81,0.006198559932558929,340,86,0.006198559932558929
N,330X381,-0.006190164408205094,330,266,0.006190164408205094
N,340X37,0.006155422908447172,340,266,0.006155422908447172
M,360X475,0.006140822820336183,360,128,0.006140822820336183
N,310X43,-0.006136044861920038,310,266,0.006136044861920038
J,311X89,0.006133359440597657,311,142,0.006133359440597657
M,400X212,-0.0061295705165045535,400,128,0.0061295705165045535
N,360X1190,-0.006074797511325773,360,266,0.006074797511325773
N,311X140,-0.0060653623799443515,311,266,0.0060653623799443515
N,440AX63,0.006045307997644637,UNKNOWN,266,0.006045307997644637
N,330X519,-0.006044178899640005,330,266,0.006044178899640005
M,344X150,0.006043036232827804,344,128,0.006043036232827804
N,440AX74,0.006042103698398473,UNKNOWN,266,0.006042103698398473
J,520X264,0.006008945507534704,520,142,0.006008945507534704
N,330X455,-0.005977619928293899,330,266,0.005977619928293899
L,330X19,0.005963143264272134,330,178,0.005963143264272134
L,400X109,-0.005951086804332596,400,178,0.005951086804332596
L,360X228,-0.0059277233742031825,360,178,0.0059277233742031825
N,420X134,0.00592697849662483,420,266,0.00592697849662483
L,312X676,0.005924564997509915,312,178,0.005924564997509915
N,330X142,0.005890276589523673,330,266,0.005890276589523673
N,360X14,0.005884635843244455,360,266,0.005884635843244455
L,750X1152,-0.005870967822387422,750,178,0.005870967822387422
N,330X1253,0.0057977703486146,330,266,0.0057977703486146
N,340X47,0.0057355416742137216,340,266,0.0057355416742137216
J,400X111,-0.005734677393736814,400,142,0.005734677393736814
J,312X792,0.005734649640967133,312,142,0.005734649640967133
J,420X145,0.005724499769378996,420,142,0.005724499769378996
J,400X115,-0.005704414234164506,400,142,0.005704414234164506
J,520X118,0.005702494034898114,520,142,0.005702494034898114
J,520X137,0.005695420841321734,520,142,0.005695420841321734
N,440AX94,0.005691149380681934,UNKNOWN,266,0.005691149380681934
L,750X34,-0.005682064967560542,750,178,0.005682064967560542
N,420X38,0.005675330708442145,420,266,0.005675330708442145
N,210X147,0.005659662225294397,210,266,0.005659662225294397
J,312X596,0.005651695168667818,312,142,0.005651695168667818
N,312X26,-0.005640648000928138,312,266,0.005640648000928138
O,330X527,-0.005639485647103651,330,86,0.005639485647103651
L,310X147,0.005588439122510837,310,178,0.005588439122510837
N,420X31,0.00557592910216948,420,266,0.00557592910216948
L,420X22,-0.005572572682811225,420,178,0.005572572682811225
N,440AX91,0.005566121422065689,UNKNOWN,266,0.005566121422065689
M,ERROR:#N/A_24,-0.005565842075860532,UNKNOWN,128,0.005565842075860532
M,750X370,-0.005555551389629924,750,128,0.005555551389629924
O,520X395,-0.005554021610846211,520,86,0.005554021610846211
M,312X221,0.005542798696274598,312,128,0.005542798696274598
L,520X1,-0.005536597286052705,520,178,0.005536597286052705
L,330X125,-0.005516989499488865,330,178,0.005516989499488865
N,340X42,0.005507997569631303,340,266,0.005507997569631303
N,312X475,-0.005504539707373058,312,266,0.005504539707373058
M,312X387,0.005493189892267201,312,128,0.005493189892267201
N,440AX58,0.005485513186550757,UNKNOWN,266,0.005485513186550757
N,440AX40,0.005481525282597155,UNKNOWN,266,0.005481525282597155
M,330X208,-0.005469398917533271,330,128,0.005469398917533271
N,312X586,0.005456429769917147,312,266,0.005456429769917147
J,312X111,0.005452798900520727,312,142,0.005452798900520727
O,330X315,0.005415752801989074,330,86,0.005415752801989074
J,312X162,0.005407585095779582,312,142,0.005407585095779582
N,311X141,-0.0053739696905250114,311,266,0.0053739696905250114
O,311X82,0.0053718515935804265,311,86,0.0053718515935804265
O,311X83,0.0053647455851932565,311,86,0.0053647455851932565
N,440AX42,0.005355095769629934,UNKNOWN,266,0.005355095769629934
N,420X100,-0.005350912298668008,420,266,0.005350912298668008
L,ERROR:#N/A_23,-0.005349621305399912,UNKNOWN,178,0.005349621305399912
J,312X65,-0.005347059987720131,312,142,0.005347059987720131
O,360X995,-0.005342238062981453,360,86,0.005342238062981453
J,400X118,0.005334767717798047,400,142,0.005334767717798047
N,420X73,0.005325473977333685,420,266,0.005325473977333685
M,750X1313,0.005317303827261911,750,128,0.005317303827261911
L,440AX107,-0.0053139118652973626,UNKNOWN,178,0.0053139118652973626
L,311X145,0.005311007808391137,311,178,0.005311007808391137
J,330X620,0.005306615969474233,330,142,0.005306615969474233
J,400X153,0.005302217258712119,400,142,0.005302217258712119
M,312X130,0.0052912397480136455,312,128,0.0052912397480136455
O,520X397,-0.005288889791792482,520,86,0.005288889791792482
L,440AX197,-0.00528852832224087,UNKNOWN,178,0.00528852832224087
N,360X307,0.005283312698346629,360,266,0.005283312698346629
L,520X254,0.005281359904348154,520,178,0.005281359904348154
L,520X56,0.005279679815724462,520,178,0.005279679815724462
L,330X923,-0.005260949688331577,330,178,0.005260949688331577
L,312X753,0.005259850875342397,312,178,0.005259850875342397
M,312X643,-0.005243229048997711,312,128,0.005243229048997711
L,520X256,0.005239872312417214,520,178,0.005239872312417214
O,344X108,-0.0052355278094701144,344,86,0.0052355278094701144
N,420X138,0.005187220856610736,420,266,0.005187220856610736
O,750X296,0.005180665738444472,750,86,0.005180665738444472
O,311X89,-0.005165641288924097,311,86,0.005165641288924097
L,340X44,0.005155943777374459,340,178,0.005155943777374459
N,330X139,0.005119539082158776,330,266,0.005119539082158776
N,360X263,-0.005118717435614684,360,266,0.005118717435614684
N,400X133,0.005109395353451021,400,266,0.005109395353451021
L,400X216,0.0051092888784383195,400,178,0.0051092888784383195
O,312X117,-0.005107009312021452,312,86,0.005107009312021452
L,520X81,0.005100691186460499,520,178,0.005100691186460499
N,340X11,0.005100629568260365,340,266,0.005100629568260365
L,312X100,0.005092860257769413,312,178,0.005092860257769413
N,750X1050,0.005083021738619356,750,266,0.005083021738619356
N,360X241,-0.005066790476494761,360,266,0.005066790476494761
J,420X156,-0.00499718871302549,420,142,0.00499718871302549
N,440AX96,0.004997119426034391,UNKNOWN,266,0.004997119426034391
L,520X252,0.004978537649304778,520,178,0.004978537649304778
L,520X332,-0.004959792006782722,520,178,0.004959792006782722
O,400X21,-0.004956395398506819,400,86,0.004956395398506819
N,330X395,-0.004941893930554829,330,266,0.004941893930554829
L,750X359,-0.004938434343183392,750,178,0.004938434343183392
M,210X105,0.004916038523013275,210,128,0.004916038523013275
L,360X565,0.00490885971356517,360,178,0.00490885971356517
L,330X177,0.004906034433634784,330,178,0.004906034433634784
N,440AX60,0.00489610722620566,UNKNOWN,266,0.00489610722620566
J,750X434,-0.004884373294977601,750,142,0.004884373294977601
L,520X97,0.004873882112293342,520,178,0.004873882112293342
L,520X42,-0.004868942843438427,520,178,0.004868942843438427
O,400X16,0.004861582606512286,400,86,0.004861582606512286
L,340X108,-0.004854789810149503,340,178,0.004854789810149503
L,344X121,0.004837957314212336,344,178,0.004837957314212336
N,400X116,-0.004803732246358421,400,266,0.004803732246358421
L,311X148,0.0047919207836225304,311,178,0.0047919207836225304
N,312X722,-0.004785205649892398,312,266,0.004785205649892398
L,750X141,0.004753541447106452,750,178,0.004753541447106452
L,520X289,0.0047417896066024555,520,178,0.0047417896066024555
L,210X173,-0.004739457278125922,210,178,0.004739457278125922
M,360X434,0.004738402044063093,360,128,0.004738402044063093
L,420X79,-0.0047298597707487785,420,178,0.0047298597707487785
M,312X255,-0.004721873124940915,312,128,0.004721873124940915
N,750X741,-0.004714653098078275,750,266,0.004714653098078275
N,344X186,0.0046720448644182585,344,266,0.0046720448644182585
M,330X9,0.004651624857602773,330,128,0.004651624857602773
L,330X198,0.004635903272566599,330,178,0.004635903272566599
L,220X192,0.004621231836084691,220,178,0.004621231836084691
N,330X21,-0.0046058125424463065,330,266,0.0046058125424463065
N,311X115,0.004586068989609287,311,266,0.004586068989609287
L,344X66,-0.0045515964490061974,344,178,0.0045515964490061974
M,312X471,0.004531381181549547,312,128,0.004531381181549547
J,520X260,0.0045212294088001126,520,142,0.0045212294088001126
N,400X115,-0.004509999908925759,400,266,0.004509999908925759
N,750X896,-0.00449484565666753,750,266,0.00449484565666753
J,360X455,-0.004425462714388014,360,142,0.004425462714388014
O,344X201,-0.004424571917206061,344,86,0.004424571917206061
L,344X64,-0.00441279677988264,344,178,0.00441279677988264
L,340X197,-0.00436693936696596,340,178,0.00436693936696596
N,520X3,-0.004324903859069134,520,266,0.004324903859069134
N,220X70,-0.00431404823343789,220,266,0.00431404823343789
O,360X521,0.00429327197880486,360,86,0.00429327197880486
M,750X1288,-0.004256906568299629,750,128,0.004256906568299629
M,312X136,-0.004256530499096119,312,128,0.004256530499096119
N,400X123,0.004253193218789013,400,266,0.004253193218789013
N,312X238,-0.004253015728039886,312,266,0.004253015728039886
O,340X105,0.004243137340531787,340,86,0.004243137340531787
N,210X167,0.004233177957824198,210,266,0.004233177957824198
N,520X17,-0.0042293246760712385,520,266,0.0042293246760712385
J,420X124,0.0042101086810774095,420,142,0.0042101086810774095
J,360X1305,-0.004197579273008741,360,142,0.004197579273008741
L,340X196,0.004190074957944761,340,178,0.004190074957944761
L,344X62,-0.00413939102707372,344,178,0.00413939102707372
M,340X175,0.004127105104628285,340,128,0.004127105104628285
N,440AX77,0.004097889954215752,UNKNOWN,266,0.004097889954215752
L,520X113,-0.004089652014116331,520,178,0.004089652014116331
L,312X67,-0.00408290079456948,312,178,0.00408290079456948
L,312X26,-0.004052410792266416,312,178,0.004052410792266416
N,330X790,-0.004050093217353786,330,266,0.004050093217353786
N,344X169,-0.004017651469206251,344,266,0.004017651469206251
O,400X214,-0.004007990153905035,400,86,0.004007990153905035
L,360X685,-0.003997287547598271,360,178,0.003997287547598271
M,400X209,-0.003992322475879034,400,128,0.003992322475879034
N,400X120,0.003989310474639329,400,266,0.003989310474639329
L,312X163,0.003919512965569085,312,178,0.003919512965569085
L,420X69,0.0038988075885253983,420,178,0.0038988075885253983
M,420X145,-0.003886091800840808,420,128,0.003886091800840808
N,311X91,0.003840151608483541,311,266,0.003840151608483541
L,440AX132,-0.0038325761934043154,UNKNOWN,178,0.0038325761934043154
L,520X285,-0.0038203301081371805,520,178,0.0038203301081371805
J,330X1000,-0.0037894354760638913,330,142,0.0037894354760638913
N,440AX73,0.0037742041587839445,UNKNOWN,266,0.0037742041587839445
O,400X159,-0.0037717987035955666,400,86,0.0037717987035955666
N,440AX11,0.0037623148837900556,UNKNOWN,266,0.0037623148837900556
L,520X318,-0.003761991521112082,520,178,0.003761991521112082
N,520X244,0.003752705494594238,520,266,0.003752705494594238
J,400X110,-0.0037526195949462832,400,142,0.0037526195949462832
N,220X3,-0.0037489472251954798,220,266,0.0037489472251954798
N,312X710,0.0036716908223312634,312,266,0.0036716908223312634
L,520X71,0.003664201675205104,520,178,0.003664201675205104
L,750X100,-0.0036597098253967637,750,178,0.0036597098253967637
L,312X42,0.0036404054113083825,312,178,0.0036404054113083825
N,330X475,-0.0036314935101084966,330,266,0.0036314935101084966
N,311X18,-0.003613727365499872,311,266,0.003613727365499872
J,520X1,-0.003595196535501346,520,142,0.003595196535501346
L,750X45,0.003537767652880084,750,178,0.003537767652880084
L,210X29,0.003535033640784508,210,178,0.003535033640784508
J,520X345,0.0035304735823243243,520,142,0.0035304735823243243
L,360X661,0.0034877126440817567,360,178,0.0034877126440817567
J,520X351,0.0034744775034166384,520,142,0.0034744775034166384
L,330X185,-0.0034466818953856975,330,178,0.0034466818953856975
N,440AX93,0.0034311788426674996,UNKNOWN,266,0.0034311788426674996
N,312X444,-0.0034289419440448874,312,266,0.0034289419440448874
L,310X149,0.003410530186781101,310,178,0.003410530186781101
N,750X702,-0.0033957989299889,750,266,0.0033957989299889
L,440AX119,-0.003382043904351006,UNKNOWN,178,0.003382043904351006
N,440AX10,0.003373443048458816,UNKNOWN,266,0.003373443048458816
N,440AX8,0.0033689071517148984,UNKNOWN,266,0.0033689071517148984
N,330X793,-0.0033545481004843294,330,266,0.0033545481004843294
L,420X67,0.0033427242344060706,420,178,0.0033427242344060706
O,311X112,-0.0033423231598251686,311,86,0.0033423231598251686
N,440AX9,0.0033419319235761832,UNKNOWN,266,0.0033419319235761832
N,440AX76,0.0033336440076383337,UNKNOWN,266,0.0033336440076383337
N,400X37,-0.003312868476021469,400,266,0.003312868476021469
N,440AX80,0.0032912965096822742,UNKNOWN,266,0.0032912965096822742
M,520X265,-0.003272507939941367,520,128,0.003272507939941367
L,330X373,-0.0032492778952918017,330,178,0.0032492778952918017
O,340X115,0.003243445049857984,340,86,0.003243445049857984
J,400X197,0.003238217566582389,400,142,0.003238217566582389
O,420X91,-0.003229219652792499,420,86,0.003229219652792499
L,312X21,-0.0032266882792568005,312,178,0.0032266882792568005
N,360X392,-0.0032074322604883753,360,266,0.0032074322604883753
N,440AX12,0.0032064884345922935,UNKNOWN,266,0.0032064884345922935
L,344X53,0.003188968365009164,344,178,0.003188968365009164
N,310X174,0.0031685146893660364,310,266,0.0031685146893660364
L,330X383,-0.0031588182173822445,330,178,0.0031588182173822445
L,360X25,-0.003131890532304149,360,178,0.003131890532304149
N,440AX21,-0.0031101594576571846,UNKNOWN,266,0.0031101594576571846
N,520X311,-0.003106937699910929,520,266,0.003106937699910929
N,750X327,-0.0031063574245550002,750,266,0.0031063574245550002
L,520X41,0.003096626364003172,520,178,0.003096626364003172
M,330X56,0.0030849863052201036,330,128,0.0030849863052201036
N,420X152,0.003084324876916373,420,266,0.003084324876916373
L,330X363,-0.00308363273758124,330,178,0.00308363273758124
N,750X228,0.00308168128484593,750,266,0.00308168128484593
N,312X331,-0.0030757880663147634,312,266,0.0030757880663147634
M,400X210,-0.003068387659135269,400,128,0.003068387659135269
L,520X36,0.003040186635703576,520,178,0.003040186635703576
N,330X544,-0.0030206131437652494,330,266,0.0030206131437652494
L,344X71,0.003017361339348078,344,178,0.003017361339348078
N,440AX7,0.002991912646898551,UNKNOWN,266,0.002991912646898551
N,440AX44,0.0029706524529353865,UNKNOWN,266,0.0029706524529353865
N,340X48,-0.0029318122769254667,340,266,0.0029318122769254667
L,311X61,-0.002931565476431641,311,178,0.002931565476431641
J,340X69,0.002930632121337895,340,142,0.002930632121337895
M,340X151,-0.0029168486526973594,340,128,0.0029168486526973594
N,440AX98,0.0029062916631368237,UNKNOWN,266,0.0029062916631368237
M,340X177,0.002900581523732754,340,128,0.002900581523732754
L,750X80,-0.0028992973593772327,750,178,0.0028992973593772327
L,520X87,0.0028703325969018987,520,178,0.0028703325969018987
J,311X193,0.002868579818791495,311,142,0.002868579818791495
J,311X113,-0.0028424989166577885,311,142,0.0028424989166577885
M,360X712,0.0028317545378110866,360,128,0.0028317545378110866
L,520X107,0.002821483374144755,520,178,0.002821483374144755
N,330X149,-0.0028115847756799584,330,266,0.0028115847756799584
L,750X414,-0.0027979669919955793,750,178,0.0027979669919955793
N,360X403,-0.002791398368014442,360,266,0.002791398368014442
L,420X71,0.002784615264396266,420,178,0.002784615264396266
L,440AX151,-0.002777159593016672,UNKNOWN,178,0.002777159593016672
N,440AX207,-0.00277636747734588,UNKNOWN,266,0.00277636747734588
N,400X31,-0.002757237984264211,400,266,0.002757237984264211
M,312X633,-0.0027369750994013765,312,128,0.0027369750994013765
J,520X262,0.002732287170136411,520,142,0.002732287170136411
N,440AX133,0.002707555995092363,UNKNOWN,266,0.002707555995092363
L,340X124,0.0026969817976630526,340,178,0.0026969817976630526
N,440AX78,0.002690631861482734,UNKNOWN,266,0.002690631861482734
L,312X731,-0.0026773413761141214,312,178,0.0026773413761141214
N,311X200,-0.0026773257014046027,311,266,0.0026773257014046027
L,210X95,0.0026691319954026045,210,178,0.0026691319954026045
N,210X96,0.0026617510442039937,210,266,0.0026617510442039937
N,330X435,-0.0026392024419177426,330,266,0.0026392024419177426
L,312X682,-0.002631982333428833,312,178,0.002631982333428833
N,440AX43,0.0026299024806494516,UNKNOWN,266,0.0026299024806494516
N,440AX16,0.0026287865474834814,UNKNOWN,266,0.0026287865474834814
L,520X411,0.002625281149908855,520,178,0.002625281149908855
M,420X156,-0.002624388536714071,420,128,0.002624388536714071
L,330X412,0.002622091761468743,330,178,0.002622091761468743
N,440AX45,0.0026149592795398444,UNKNOWN,266,0.0026149592795398444
O,312X694,0.0026135476248829582,312,86,0.0026135476248829582
M,210X58,-0.0026114390584415143,210,128,0.0026114390584415143
N,440AX212,0.0026079999703698736,UNKNOWN,266,0.0026079999703698736
L,520X112,-0.002597808845204003,520,178,0.002597808845204003
N,440AX97,0.0025946152318832086,UNKNOWN,266,0.0025946152318832086
J,312X786,0.0025917215228301385,312,142,0.0025917215228301385
N,310X202,-0.002573850358879399,310,266,0.002573850358879399
L,360X677,0.0025653851765916054,360,178,0.0025653851765916054
O,400X211,-0.002559576149200959,400,86,0.002559576149200959
N,440AX66,0.0025425956306029097,UNKNOWN,266,0.0025425956306029097
N,440AX99,0.002542265820700742,UNKNOWN,266,0.002542265820700742
L,420X100,0.0025338418253068947,420,178,0.0025338418253068947
N,440AX71,0.002525350312414949,UNKNOWN,266,0.002525350312414949
L,750X613,-0.0025154297515241914,750,178,0.0025154297515241914
N,440AX34,-0.002505798139592882,UNKNOWN,266,0.002505798139592882
N,440AX23,0.002499606350498097,UNKNOWN,266,0.002499606350498097
N,440AX36,-0.0024811038537679328,UNKNOWN,266,0.0024811038537679328
N,440AX17,0.0024782138287121748,UNKNOWN,266,0.0024782138287121748
N,311X14,0.0024499687433932574,311,266,0.0024499687433932574
N,340X45,0.0024476077219968222,340,266,0.0024476077219968222
M,330X221,0.002445585618185601,330,128,0.002445585618185601
L,340X49,0.002422618892570824,340,178,0.002422618892570824
N,750X157,-0.002419945975356914,750,266,0.002419945975356914
N,340X46,-0.002416754617687255,340,266,0.002416754617687255
N,360X296,0.0024044576829931586,360,266,0.0024044576829931586
L,312X582,-0.0023997935919343556,312,178,0.0023997935919343556
J,312X117,0.002396794931885084,312,142,0.002396794931885084
M,220X169,0.0023905043983076272,220,128,0.0023905043983076272
L,340X193,-0.0023798957521244447,340,178,0.0023798957521244447
L,520X23,-0.0023650739571655336,520,178,0.0023650739571655336
M,312X377,0.002341303158876044,312,128,0.002341303158876044
O,310X188,0.0023378040607507514,310,86,0.0023378040607507514
L,311X65,-0.0023156696658530136,311,178,0.0023156696658530136
O,520X63,0.0023135807219471466,520,86,0.0023135807219471466
N,440AX18,0.0022838259050384177,UNKNOWN,266,0.0022838259050384177
N,440AX6,-0.0022829500888498964,UNKNOWN,266,0.0022829500888498964
O,312X12,-0.0022702647377761055,312,86,0.0022702647377761055
J,520X265,-0.0022670971167146783,520,142,0.0022670971167146783
O,312X112,-0.002251688651482427,312,86,0.002251688651482427
L,520X82,-0.0022466586469370915,520,178,0.0022466586469370915
N,440AX79,0.0022270783255216985,UNKNOWN,266,0.0022270783255216985
L,330X13,0.002223217074464082,330,178,0.002223217074464082
M,330X53,0.002221011277150356,330,128,0.002221011277150356
N,312X16,0.00222058863346909,312,266,0.00222058863346909
J,312X697,-0.0022138959085049436,312,142,0.0022138959085049436
M,750X621,0.0022131034158420462,750,128,0.0022131034158420462
L,311X52,0.0021897066542359714,311,178,0.0021897066542359714
L,420X28,0.0021624500924255375,420,178,0.0021624500924255375
M,420X152,-0.0021599058444481283,420,128,0.0021599058444481283
M,360X117,-0.002135384563111992,360,128,0.002135384563111992
N,330X677,-0.002127945382354017,330,266,0.002127945382354017
N,520X245,-0.0021124026422327464,520,266,0.0021124026422327464
O,330X546,0.0021104715838270874,330,86,0.0021104715838270874
L,340X97,0.0021070078310987113,340,178,0.0021070078310987113
L,420X68,0.002094332867472454,420,178,0.002094332867472454
L,440AX145,0.0020925376436131773,UNKNOWN,178,0.0020925376436131773
L,311X68,-0.0020840263999252883,311,178,0.0020840263999252883
L,520X86,0.0020594027238543203,520,178,0.0020594027238543203
L,520X59,0.002046297779624881,520,178,0.002046297779624881
L,520X89,0.002046297779624881,520,178,0.002046297779624881
L,520X74,0.002046297779624881,520,178,0.002046297779624881
L,520X69,0.002046297779624881,520,178,0.002046297779624881
L,520X79,-0.002046297779624881,520,178,0.002046297779624881
L,520X24,0.0020462977796056477,520,178,0.0020462977796056477
L,520X99,0.0020462977796056477,520,178,0.0020462977796056477
L,520X128,0.0020462977796056477,520,178,0.0020462977796056477
L,520X26,0.0020462977796056477,520,178,0.0020462977796056477
L,520X109,0.0020462977796056477,520,178,0.0020462977796056477
L,520X114,0.0020462977796056477,520,178,0.0020462977796056477
L,520X19,0.0020462977796001525,520,178,0.0020462977796001525
L,520X34,0.0020462977795960313,520,178,0.0020462977795960313
L,520X39,0.0020462977795960313,520,178,0.0020462977795960313
L,520X49,-0.0020462977795960313,520,178,0.0020462977795960313
L,520X104,0.0020462977795960313,520,178,0.0020462977795960313
L,520X11,0.0020462977795960313,520,178,0.0020462977795960313
L,520X84,0.002046297779567182,520,178,0.002046297779567182
L,520X44,0.002046297779567182,520,178,0.002046297779567182
L,520X117,-0.002046297779567182,520,178,0.002046297779567182
L,520X64,-0.002046297779567182,520,178,0.002046297779567182
L,520X94,0.002046297779567182,520,178,0.002046297779567182
N,440AX84,0.0020183715688566603,UNKNOWN,266,0.0020183715688566603
N,440AX35,-0.002016490642832403,UNKNOWN,266,0.002016490642832403
N,440AX64,0.00199528260863241,UNKNOWN,266,0.00199528260863241
J,520X282,0.0019949593760100926,520,142,0.0019949593760100926
L,310X168,0.001985481123294689,310,178,0.001985481123294689
M,312X211,-0.0019833175462914145,312,128,0.0019833175462914145
L,420X70,0.001977630898784023,420,178,0.001977630898784023
L,440AX122,-0.00196784777019367,UNKNOWN,178,0.00196784777019367
M,400X23,-0.0019647858356811082,400,128,0.0019647858356811082
M,420X205,-0.001963381907781415,420,128,0.001963381907781415
N,520X315,0.0019626806854297105,520,266,0.0019626806854297105
L,311X142,-0.0019554830577684073,311,178,0.0019554830577684073
L,312X737,-0.00194858268674189,312,178,0.00194858268674189
O,360X629,0.0019404738435140707,360,86,0.0019404738435140707
O,311X155,-0.0019403320442825177,311,86,0.0019403320442825177
M,330X13,0.0019388098820195467,330,128,0.0019388098820195467
N,440AX65,0.0019379590150806379,UNKNOWN,266,0.0019379590150806379
N,440AX4,-0.0019341849908439993,UNKNOWN,266,0.0019341849908439993
N,330X147,-0.0019294859465811974,330,266,0.0019294859465811974
M,400X160,-0.00191448769981537,400,128,0.00191448769981537
N,440AX211,0.001881074724501818,UNKNOWN,266,0.001881074724501818
L,344X73,0.0018737724892742588,344,178,0.0018737724892742588
L,520X91,-0.0018588537989258859,520,178,0.0018588537989258859
L,520X21,0.0018324908354935008,520,178,0.0018324908354935008
L,360X510,-0.001809464516624916,360,178,0.001809464516624916
N,344X229,-0.0018059859384673106,344,266,0.0018059859384673106
L,420X12,-0.0018038445899416246,420,178,0.0018038445899416246
N,210X157,0.0018015030277290292,210,266,0.0018015030277290292
M,310X188,-0.0017953416051819419,310,128,0.0017953416051819419
L,344X55,0.0017649726537189193,344,178,0.0017649726537189193
N,440AX32,0.0017544458403988856,UNKNOWN,266,0.0017544458403988856
N,440AX75,0.0017447553754460865,UNKNOWN,266,0.0017447553754460865
N,440AX72,-0.0017411795695874,UNKNOWN,266,0.0017411795695874
O,311X84,0.0017202688488332347,311,86,0.0017202688488332347
L,330X128,0.0017123725189815528,330,178,0.0017123725189815528
L,520X135,0.0017028634782399598,520,178,0.0017028634782399598
M,360X335,-0.0016850385166834363,360,128,0.0016850385166834363
N,330X553,-0.0016802004148599272,330,266,0.0016802004148599272
N,440AX57,-0.0016602709899021066,UNKNOWN,266,0.0016602709899021066
N,330X671,-0.0016229978462875994,330,266,0.0016229978462875994
N,311X182,-0.0016147578025892714,311,266,0.0016147578025892714
L,330X214,-0.0016126341171718598,330,178,0.0016126341171718598
N,440AX19,-0.0016003463819865905,UNKNOWN,266,0.0016003463819865905
M,312X374,0.0015829099098034491,312,128,0.0015829099098034491
L,420X205,-0.0015785232847867982,420,178,0.0015785232847867982
O,311X85,0.001578225769803838,311,86,0.001578225769803838
J,311X196,-0.0015763822195618117,311,142,0.0015763822195618117
M,360X696,-0.0015760657116909583,360,128,0.0015760657116909583
N,360X1305,0.001569981912109133,360,266,0.001569981912109133
N,312X1,-0.0015619156096748508,312,266,0.0015619156096748508
L,312X246,0.0015401313441029609,312,178,0.0015401313441029609
M,360X1127,-0.0015348903125788084,360,128,0.0015348903125788084
J,311X17,0.0015332778610347324,311,142,0.0015332778610347324
L,360X219,0.0015327205116962455,360,178,0.0015327205116962455
L,344X77,-0.0015237866210977618,344,178,0.0015237866210977618
L,311X66,0.0015213897677344242,311,178,0.0015213897677344242
N,440AX56,-0.0015138013930629632,UNKNOWN,266,0.0015138013930629632
N,440AX55,-0.0014955658081122329,UNKNOWN,266,0.0014955658081122329
N,311X93,0.0014843828544328932,311,266,0.0014843828544328932
N,312X240,0.0014724360316508314,312,266,0.0014724360316508314
N,360X1297,-0.0014694705909772821,360,266,0.0014694705909772821
N,340X81,-0.0014685178247619906,340,266,0.0014685178247619906
M,420X77,-0.0014545313315738793,420,128,0.0014545313315738793
L,440AX113,0.0014407721529258754,UNKNOWN,178,0.0014407721529258754
N,440AX39,-0.0014258641111081808,UNKNOWN,266,0.0014258641111081808
N,440AX5,-0.001418469846187185,UNKNOWN,266,0.001418469846187185
N,440AX37,-0.0014159258075622497,UNKNOWN,266,0.0014159258075622497
L,330X16,-0.0014114612235458619,330,178,0.0014114612235458619
N,520X289,-0.0014085146964364947,520,266,0.0014085146964364947
N,440AX82,0.0014077400967248983,UNKNOWN,266,0.0014077400967248983
N,330X157,-0.0013720466517903494,330,266,0.0013720466517903494
N,440AX24,-0.0013418049252033278,UNKNOWN,266,0.0013418049252033278
L,360X584,0.001336170953553436,360,178,0.001336170953553436
N,311X16,0.001334022931861594,311,266,0.001334022931861594
N,440AX81,0.0013151720234305746,UNKNOWN,266,0.0013151720234305746
L,420X75,-0.001302700255547084,420,178,0.001302700255547084
N,440AX38,-0.001288681199343181,UNKNOWN,266,0.001288681199343181
L,311X15,0.0012636671572021439,311,178,0.0012636671572021439
M,312X465,-0.0012403722530064344,312,128,0.0012403722530064344
N,440AX90,-0.001238311433000796,UNKNOWN,266,0.001238311433000796
L,311X62,0.0012343140993311113,311,178,0.0012343140993311113
L,750X477,-0.0012321385870355623,750,178,0.0012321385870355623
N,520X236,-0.001208494425313773,520,266,0.001208494425313773
N,440AX87,0.0012011095869337892,UNKNOWN,266,0.0012011095869337892
N,330X674,-0.0011924098043462053,330,266,0.0011924098043462053
L,520X111,0.0011863415211044743,520,178,0.0011863415211044743
N,360X637,-0.0011474887329335174,360,266,0.0011474887329335174
L,520X13,-0.0011035891367806997,520,178,0.0011035891367806997
L,344X83,-0.001064340373972391,344,178,0.001064340373972391
N,330X567,-0.0010572080983980098,330,266,0.0010572080983980098
O,344X244,0.0010532282111308218,344,86,0.0010532282111308218
J,330X412,-0.0010180106838903063,330,142,0.0010180106838903063
N,360X318,-0.0010170853735652122,360,266,0.0010170853735652122
N,330X966,-0.0009587861690493929,330,266,0.0009587861690493929
M,520X241,-0.0009447065880337669,520,128,0.0009447065880337669
N,440AX101,0.0009399625950632452,UNKNOWN,266,0.0009399625950632452
N,360X252,-0.0009386437594543844,360,266,0.0009386437594543844
N,330X140,-0.0009371014117171881,330,266,0.0009371014117171881
O,400X213,-0.0009315046757613745,400,86,0.0009315046757613745
L,420X66,0.0009017380185104438,420,178,0.0009017380185104438
N,440AX22,0.0008876403025123317,UNKNOWN,266,0.0008876403025123317
J,400X16,0.0008558498411497168,400,142,0.0008558498411497168
L,312X255,-0.0008368508546832397,312,178,0.0008368508546832397
N,312X175,-0.000832484141902177,312,266,0.000832484141902177
N,440AX83,0.0008290994645591851,UNKNOWN,266,0.0008290994645591851
N,750X853,0.0008277251877495412,750,266,0.0008277251877495412
L,312X743,-0.0008248674337790348,312,178,0.0008248674337790348
N,440AX27,-0.0008246812222963823,UNKNOWN,266,0.0008246812222963823
M,330X59,0.0008168266144090587,330,128,0.0008168266144090587
M,340X28,0.0008065766845624382,340,128,0.0008065766845624382
N,440AX88,-0.0007846401805302387,UNKNOWN,266,0.0007846401805302387
N,440AX20,-0.0007816883328896031,UNKNOWN,266,0.0007816883328896031
L,311X140,-0.0007724892522754757,311,178,0.0007724892522754757
L,750X685,-0.0007689987536505179,750,178,0.0007689987536505179
N,440AX25,-0.0007613944383965905,UNKNOWN,266,0.0007613944383965905
J,400X97,-0.0007557460846014098,400,142,0.0007557460846014098
L,330X172,0.0007540697790162295,330,178,0.0007540697790162295
N,312X752,0.0007481168639866937,312,266,0.0007481168639866937
N,312X695,-0.0007345523025321712,312,266,0.0007345523025321712
O,360X434,-0.0007296488908699665,360,86,0.0007296488908699665
N,330X165,0.000718183674612743,330,266,0.000718183674612743
N,520X240,-0.0007149681401865263,520,266,0.0007149681401865263
N,520X321,-0.000701019937089867,520,266,0.000701019937089867
L,440AX128,0.0007007600697535172,UNKNOWN,178,0.0007007600697535172
O,311X81,0.000698300319367358,311,86,0.000698300319367358
N,440AX100,0.000696714627870093,UNKNOWN,266,0.000696714627870093
M,312X561,-0.0006962639715052108,312,128,0.0006962639715052108
N,210X70,-0.0006913851866802939,210,266,0.0006913851866802939
J,360X1297,-0.0006709391372261993,360,142,0.0006709391372261993
N,440AX26,-0.0006627829553826662,UNKNOWN,266,0.0006627829553826662
O,360X696,-0.0006597484374520399,360,86,0.0006597484374520399
O,311X135,0.0006434765759841469,311,86,0.0006434765759841469
M,360X1050,-0.0006432200449790376,360,128,0.0006432200449790376
N,440AX29,0.0006239329275882153,UNKNOWN,266,0.0006239329275882153
N,330X560,-0.000620378707532651,330,266,0.000620378707532651
O,311X80,0.000620100489862545,311,86,0.000620100489862545
N,520X291,0.0006023180411831228,520,266,0.0006023180411831228
N,440AX50,0.0005589959128615064,UNKNOWN,266,0.0005589959128615064
N,440AX48,-0.0005563016754934659,UNKNOWN,266,0.0005563016754934659
N,420X1,0.0005548180707970027,420,266,0.0005548180707970027
L,312X53,-0.0005350564012831171,312,178,0.0005350564012831171
J,360X187,0.0005248153481692236,360,142,0.0005248153481692236
J,520X246,0.0005116713043179876,520,142,0.0005116713043179876
M,420X112,0.0005101156241443369,420,128,0.0005101156241443369
J,520X144,0.0005099067785912561,520,142,0.0005099067785912561
J,520X353,0.0005081423435275129,520,142,0.0005081423435275129
N,440AX86,0.00048728061046395075,UNKNOWN,266,0.00048728061046395075
N,440AX85,0.000483348920838828,UNKNOWN,266,0.000483348920838828
O,750X25,0.00046368449259536306,750,86,0.00046368449259536306
N,440AX69,-0.0004606745004247883,UNKNOWN,266,0.0004606745004247883
N,210X14,0.00044745416598985485,210,266,0.00044745416598985485
N,440AX49,0.0004431146961512155,UNKNOWN,266,0.0004431146961512155
N,440AX89,-0.00043837943307959896,UNKNOWN,266,0.00043837943307959896
L,311X63,-0.00043776239739928754,311,178,0.00043776239739928754
L,312X112,0.00043319851664451003,312,178,0.00043319851664451003
N,440AX51,0.00042621860173748944,UNKNOWN,266,0.00042621860173748944
N,440AX102,0.0004041135959831077,UNKNOWN,266,0.0004041135959831077
N,440AX31,0.0004028919365876703,UNKNOWN,266,0.0004028919365876703
L,344X123,0.0003909115719025035,344,178,0.0003909115719025035
L,440AX125,-0.00037801913522828614,UNKNOWN,178,0.00037801913522828614
M,344X5,0.0003613978124919643,344,128,0.0003613978124919643
N,400X146,-0.00034125834831616697,400,266,0.00034125834831616697
N,440AX70,0.0003299681271151767,UNKNOWN,266,0.0003299681271151767
O,330X455,0.0003117517199018633,330,86,0.0003117517199018633
J,340X53,-0.0003075233052462931,340,142,0.0003075233052462931
O,312X124,-0.00029807212505688713,312,86,0.00029807212505688713
L,310X14,0.00028356439487358683,310,178,0.00028356439487358683
L,344X86,-0.00026764681180899315,344,178,0.00026764681180899315
M,520X264,0.0002668537685694492,520,128,0.0002668537685694492
N,420X103,-0.00021773130443728306,420,266,0.00021773130443728306
M,400X200,-0.00021077128484135399,400,128,0.00021077128484135399
N,312X222,-0.0001916615809555643,312,266,0.0001916615809555643
N,750X100,-0.00018838298117999298,750,266,0.00018838298117999298
N,440AX46,-0.0001877824632932343,UNKNOWN,266,0.0001877824632932343
L,400X146,0.0001699901136129218,400,178,0.0001699901136129218
M,400X208,0.00016034450473576223,400,128,0.00016034450473576223
L,520X37,0.00015632990888688532,520,178,0.00015632990888688532
L,312X645,0.0001546381016596771,312,178,0.0001546381016596771
N,400X150,0.0001536692484029017,400,266,0.0001536692484029017
N,400X29,-0.00015366924840056782,400,266,0.00015366924840056782
M,312X373,0.00014890551045514358,312,128,0.00014890551045514358
N,312X186,-0.00013366966929174556,312,266,0.00013366966929174556
N,440AX33,-0.00011749103891553677,UNKNOWN,266,0.00011749103891553677
N,440AX15,-0.00011204755383825703,UNKNOWN,266,0.00011204755383825703
N,440AX68,-0.0001112114807154587,UNKNOWN,266,0.0001112114807154587
N,310X165,-0.0001048595485719048,310,266,0.0001048595485719048
L,360X455,0.00010483266522183237,360,178,0.00010483266522183237
L,311X195,9.231541352625215e-05,311,178,9.231541352625215e-05
N,312X434,-7.688281205298086e-05,312,266,7.688281205298086e-05
N,440AX14,-3.82078322306501e-05,UNKNOWN,266,3.82078322306501e-05
N,440AX67,-2.2863854097691363e-05,UNKNOWN,266,2.2863854097691363e-05
L,344X78,-1.6912690021095414e-05,344,178,1.6912690021095414e-05
N,440AX28,1.622201752032359e-05,UNKNOWN,266,1.622201752032359e-05
N,440AX13,1.5898923548656942e-05,UNKNOWN,266,1.5898923548656942e-05
N,440AX30,-1.5308297453081836e-05,UNKNOWN,266,1.5308297453081836e-05
N,440AX47,-1.397455376807835e-05,UNKNOWN,266,1.397455376807835e-05
